Applicationid,Underwriter,Amountfinanced,Term,Status,Dealername,Dealergroup,Dealerstate,Dealercity,Applicationdate Date,Approvaldate Date,Bookeddate Date,Collateralyear,Collateraltype,Collateralnewused,Coficoauto8,Dti,Pti,Dealerrepresentative,Timetobook,Timetodecision,Dealerminimumrate,Cashdown,Totaldown,Isbusinessapp,Timetolastfund,Timetolastdecisiontolastcontract,Apr,Programmanual,Programdefault,Ltv,Dealerreserveamount,Dealerreservepercent,Backend,Invoice,Primaryficoauto8,Lender,Primarystate,Applicationsubmitteduser,Wasapproved,Wasapprovednotbooked,Clientdealerid,Class
249660,,36687.21,180,Auto Decline,Ron Hoover - San Antonio - TX500,Ron Hoover,TX,San Antonio,2026-08-15,,,2018,Boat,Used,,41.2,4.26,gott,,0,16.24,4000,4000,false,,,17.24,Silver 2,Silver 2,1.09,0,,0,33770,638,Source One Financial Services,TX,,0,0,TX500,Silver
249802,eavila,41592,180,Decline,Rocky Ridge - Idabel - OK149,Rocky Ridge,OK,Idabel,2026-08-15,,,2026,RV,New,,6.83,4.63,jweller,,15,9.49,0,0,false,,,11.24,Core,Not Applicable,0.95,0,,0,43761,748,Connexus Credit Union,OK, michael white,0,0,OK149,Not Applicable
249850,sdelarosa,36782,180,Decline,GREAT AMERICAN RV SUPERSTORE-TUPELO - MS114,,MS,BELDEN,2026-08-15,,,2026,RV,New,,48.81,5.99,jsmith,,2286,9.99,4000,4000,false,,,11.49,Core,Core,1.2,0,,0,30624,708,Source One Financial Services,MS, dj miller,0,0,MS114,Core
249559,rsimmons,63932.95,240,Decline,Fun Town RV-Giddings -TX314,Fun Town,TX,Giddings,2026-08-15,,,2026,RV,New,,50.68,5.95,gott,,2,10.24,3100,3100,false,,,11.74,Core,Core,0.86,0,,0,74426,694,Source One Financial Services,TX, angela morrell,0,0,TX314,Core
249754,,30498.28,180,Auto Decline,Blue Compass RV - Surprise - AZ363,Blue Compass,AZ,Surprise,2026-08-15,,,2026,RV,New,,36.42,6.03,edominguez,,0,22.99,10000,4189.23,false,,,23.99,Bronze,Bronze,1.06,0,,0,28738.5,588,Source One Financial Services,AZ,,0,0,AZ363,Business First
249607,rsimmons,28641.42,180,Auto Approval,Bent's RV - LA117,,LA,Boutte,2026-08-15,2026-08-20,,2026,RV,New,,39.31,3.01,gott,,7700,12.49,3500,7500,false,,,13.49,Silver 1,Silver 1,0.89,0,,0,32037,661,Source One Financial Services,LA, louis lebreton,1,1,LA117,Silver
249612,mnava,45331.63,180,Decline,General Rv Center - Huntley IL - IL234,General RV,IL,Huntley,2026-08-15,,,2017,RV,Used,533,35.69,2.48,gcoulombe,,39,11.24,5000,5500,false,,,12.74,Core,Core,1.25,0,,0,36300,684,Source One Financial Services,IL, michael basso,0,0,IL234,Core
249840,ahunt,12471,84,Auto Approval,Midway Auto & RV - Billings - MT107,,MT,Billings,2026-08-15,2026-08-17,,2012,RV,Used,850,21.14,2.92,dzilberchtein,,2960,9.49,5000,5000,false,,,9.49,Core,Core,1.08,0,,0,11550,861,Source One Financial Services,MT,,1,1,MT107,Core
249652,sbaker,68259.56,204,Auto Approval,AIRSTREAM OF DFW - TX447,,TX,FORT WORTH,2026-08-15,2026-08-19,,2026,RV,New,,33.12,2.87,gott,,5953,10.24,7600,7600,false,,,11.74,Core,Core,0.98,0,,0,69937,697,Source One Financial Services,TX, chad pinson,1,1,TX447,Core
249557,,23527.16,144,Auto Decline,Williamson RV LLC-IN209,,IN,Seymour,2026-08-15,,,2026,RV,New,,29.77,4.03,jharrington1,,0,22.99,0,0,false,,,23.99,Bronze,Bronze,0.99,0,,0,23700,617,Source One Financial Services,IN,,0,0,IN209,Business First
249703,eavila,21318.44,180,Decline,"RV COUNTRY ARIZONA, LLC - FLAGSTAFF -AZ332",RV Country,AZ,FLAGSTAFF,2026-08-15,,,2022,RV,Used,718,31.14,1.45,edominguez,,33,14.49,5000,5000,false,,,15.49,Silver 1,Silver 1,1.02,0,,0,20845,646,Source One Financial Services,AZ, derek burdine,0,0,AZ332,Silver
249685,sbaker,48416.57,180,Decline,Bogue RV - NC131,,NC,newport,2026-08-15,,,2027,RV,New,719,42.88,4.92,jsmith,,4117,9.49,6500,0,false,,,10.99,Core,Core,1.16,0,,0,41858,745,Source One Financial Services,NC, brandon lattimore,0,0,NC131,Core
249837,pmeza,23059.04,180,Decline,St Louis RV - MO155,,MO,O'Fallon,2026-08-15,,,2019,RV,Used,,18.73,3.62,jweller,,12,11.24,1000,3500,false,,,12.74,Core,Core,1.19,0,,0,19450,683,Source One Financial Services,MO, jason miller,0,0,MO155,Core
249747,,50245,180,Auto Decline,ROTH RV - GRAND RAPIDS - MN164,,MN,GRAND RAPIDS,2026-08-15,,,2026,RV,New,,20.35,4.42,dzilberchtein,,0,14.99,3500,3500,false,,,15.99,Silver 2,Silver 2,1.13,0,,0,44605,628,Source One Financial Services,TN,,0,0,MN164,Silver
249773,sbaker,32933.57,144,Auto Approval,Rocky Ridge RV - Tyler - TX574,Rocky Ridge,TX,Tyler,2026-08-15,2026-08-24,,2026,RV,New,,35.58,5.92,gott,,13121,10.99,3380,3380,false,,,10.99,Silver 1,Not Applicable,0.75,0,,0,43932,676,Connexus Credit Union,TX, brandon barsh,1,1,TX574,Not Applicable
249604,jrubi,13891.99,120,Pending,HI-WAY CAMPERS INC - CT104,,CT,Plainfield,2026-08-15,2026-08-15,,2023,RV,Used,,45.16,1.87,gcoulombe,,124,10.74,1400,1400,false,,,12.24,Core,Core,0.92,0,,0,15150,689,Source One Financial Services,CT, john riding,0,0,CT104,Core
249597,sdelarosa,41465.7,180,Auto Approval,ANGLERS CHOICE - LEXINGTON - NC101,,NC,LEXINGTON,2026-08-15,2026-08-15,,2019,Boat,Used,,20.87,6.42,jsmith,,104,10.99,0,7185,false,,,12.49,Core,Core,1.09,0,,0,38000,714,Source One Financial Services,NC, lee parker,1,1,NC101,Core
249793,mnava,47858,240,Booked,Blue Compass RV - St. Louis - MO230,Blue Compass,MO,Eureka,2026-08-15,2026-08-22,2026-08-22,2027,RV,New,826,13.02,2.53,jweller,10175,10121,7.49,4500,4500,false,18,36,8.99,Core,Core,1.1,2871.48,6,0,43418.5,890,Source One Financial Services,MO, alex kennard,1,0,MO230,Core
249705,rsimmons,75000,240,Decline,CAMPERS INN RV OF MADISON - AL116,Campers Inn,AL,MADISON,2026-08-15,,,2026,RV,New,,41.79,7.3,jsmith,,56,13.74,10000,10000,false,,,14.74,Silver 1,Silver 1,0.75,0,,0,99901,648,Source One Financial Services,AL, robert orwat,0,0,AL116,Silver
249587,,50717,180,Auto Decline,"Holman Motors, Inc. -OH111",,OH,Batavia,2026-08-15,,,2026,RV,New,,19.14,5.05,jharrington1,,0,22.99,5000,5000,false,,,23.99,Bronze,Bronze,0.71,0,,0,71109,612,Source One Financial Services,OH,,0,0,OH111,Business First
249821,ahunt,47054.18,180,Auto Approval,Texas Marine - Clear Lake -TX354,OneWater,TX,SEABROOK,2026-08-15,2026-08-17,,2018,Boat,Used,,25.31,2.29,gott,,2488,8.99,0,0,false,,,10.49,Core,Core,0.85,0,,0,55245,788,Source One Financial Services,TX, seth franco,1,1,TX354,Core
249817,mnava,24885.58,168,Booked,Blue Compass RV - Macon - GA157,Blue Compass,GA,Byron,2026-08-15,2026-08-24,2026-08-24,2014,RV,Used,,11.69,3.18,jsmith,13013,12994,9.49,500,500,false,16,3,10.99,Core,Core,1.6,1493.13,6,0,15550,792,Source One Financial Services,GA, zach carmichael,1,0,GA157,Core
249822,pmeza,16718.39,180,Decline,Optimum RV Zephyr Hills - FL164,Optimum RV,FL,Zephyr Hills,2026-08-15,,,2019,RV,Used,,34.81,3.04,wstoutimore,,14,14.99,3000,3000,false,,,15.99,Silver 1,Silver 1,1.24,0,,0,13450,652,Source One Financial Services,FL, todd glenn,0,0,FL164,Silver
249798,rsimmons,45104,180,Decline,GARLANDS RV OF TENNESSEE - TN122,,TN,SPRINGVILLE,2026-08-15,,,2020,RV,Used,532,27.31,3.08,jsmith,,31,7.99,4500,4500,false,,,9.49,Core,Core,0.8,0,,0,56475,804,Source One Financial Services,TN, howard willis,0,0,TN122,Core
249800,sdelarosa,51997.67,240,Auto Approval,CAMPERS INN RV OF RALEIGH INC - NC109,Campers Inn,NC,SELMA,2026-08-15,2026-08-17,,2018,RV,Used,706,44.59,5.99,jsmith,,2700,10.74,0,6185.75,false,,,12.24,Core,Core,1.11,0,,0,46800,740,Source One Financial Services,NC, tressa row,1,1,NC109,Core
249755,sbaker,42600,180,Decline,BYRON POWERSPORTS LLC - GA140,,GA,BYRON,2026-08-15,,,2027,Boat,New,675,22.69,2.93,jsmith,,81,9.99,5000,5000,false,,,11.49,Core,Core,0.93,0,,0,45800,703,Source One Financial Services,SC, tom bulger,0,0,GA140,Core
249780,jrubi,50522.66,220,Auto Approval,Keystone RV Center  - PA110,Pete's RV,PA,Greencastle,2026-08-15,2026-08-17,,2026,RV,New,714,31.34,3.57,jharrington1,,2513,8.74,500,500,false,,,10.24,Core,Core,1,0,,0,50575,765,Source One Financial Services,PA, jen habina,1,1,PA110,Core
249750,eavila,53571.77,180,Auto Approval,Moix RV - Conway - AR134,,AR,Conway,2026-08-15,2026-08-15,,2026,RV,New,637,31.91,2.5,jweller,,125,10.24,4000,4000,false,,,11.74,Core,Core,0.92,0,,0,58322,693,Source One Financial Services,AR, blake moore,1,1,AR134,Core
249737,sbaker,19319.59,144,Booked,ACTION MARINE -AL142,,AL,DOTHAN,2026-08-15,2026-08-17,2026-08-19,2026,Boat,New,713,22.49,2.32,jsmith,5727,2880,9.99,0,0,false,1156,1691,10.74,Core,Core,1.18,579.59,3,0,16385,720,Source One Financial Services,AL, greg schroll,1,0,AL142,Core
249833,pmeza,11994,120,Decline,BRETZ RV & MARINE - BILLINGS - MT115,Bretz RV,MT,Billings,2026-08-15,,,2026,RV,New,663,38.13,1.84,dzilberchtein,,2490,12.49,1500,1500,false,,,13.49,Silver 1,Not Applicable,0.69,0,,0,17450,661,Connexus Credit Union,MT, nikolaus hinebauch,0,0,MT115,Not Applicable
249653,sdelarosa,69329.06,240,Decline,PETE'S RV CENTER - CONNECTICUT - CT102,Pete's RV,CT,SOUTH WINDSOR,2026-08-15,,,2026,RV,New,821,44.32,4.43,gcoulombe,,273,9.74,5000,7946.36,false,,,11.24,Core,Not Applicable,1.48,0,,0,46845,739,Connexus Credit Union,CT, samantha rice,0,0,CT102,Not Applicable
249553,rsimmons,99968.82,240,Decline,Fun Town RV-Waller -TX539,Fun Town,TX,Waller,2026-08-15,,,2026,RV,New,697,27.28,4.6,gott,,13587,9.99,14110,31342.94,false,,,11.49,Core,Not Applicable,0.95,0,,0,105047,706,Connexus Credit Union,TX, meddie nieto,0,0,TX539,Not Applicable
249591,,17643,180,Auto Decline,Wana RV Center - IN218,,IN,Shipshewana,2026-08-15,,,2026,RV,New,,51,1.4,jharrington1,,30,12.49,10000,10000,false,,,13.49,Silver 1,Silver 1,0.67,0,,0,26429,662,Source One Financial Services,FL, derek roe,0,0,IN218,Silver
249592,sbaker,21123.58,180,Approved,Campers Inn RV of Knoxville E - TN160,Campers Inn,TN,Knoxville,2026-08-15,2026-08-15,,2021,RV,Used,640,24.28,1.93,jsmith,,17,13.24,2000,2000,false,,,14.24,Silver 1,Silver 1,1.15,0,,0,18400,679,Source One Financial Services,TN, radu puraci,1,1,TN160,Silver
249805,eavila,26184,144,Decline,"Vantage Recreational Finance, Inc. -FL291",VRF,FL,FORT LAUDERDALE,2026-08-15,,,2023,Boat,Used,,41.68,3.37,S1House,,35,14.49,2500,2500,false,,,15.49,Silver 1,Silver 1,0.69,0,,0,37715,646,Source One Financial Services,IL, sean mccomas,0,0,FL291,Silver
249790,,18254.12,120,Auto Decline,HOWDY RANCH RV - TX315,,TX,Mathis,2026-08-15,,,2021,RV,Used,,15.18,7.91,gott,,0,15.74,5000,5000,false,,,16.74,Silver 2,Silver 2,0.59,0,,0,31020,632,Source One Financial Services,TX,,0,0,TX315,Silver
249561,,59286.45,240,Auto Decline,Bradford Marine & ATV-Rogers - AR145,Bradford Marine,AR,Rogers,2026-08-15,,,2026,Boat,New,,53.5,9.66,jweller,,0,14.99,6500,6500,false,,,15.99,Silver 2,Silver 2,1.54,0,,0,38445,638,Source One Financial Services,AR,,0,0,AR145,Silver
249762,mnava,19898.87,144,Booked,"Colonia Del Rey RV Sales, LLC -TX294",,TX,Corpus Christi,2026-08-15,2026-08-27,2026-08-27,2026,RV,New,,14.35,1.49,gott,17182,16965,13.74,1700,1700,false,217,0,14.74,Silver 1,Silver 1,0.86,795.95,4,0,23271,651,Source One Financial Services,TX, jesse nuncio,1,0,TX294,Silver
249801,eavila,27479.43,180,Booked,Demontrond Automotive Group-TX397,,TX,Houston,2026-08-15,2026-08-20,2026-08-25,2015,RV,Used,,32.56,8.22,gott,14271,6976,10.74,2000,2000,false,7289,6,12.24,Core,Core,0.98,1648.77,6,0,28100,732,Source One Financial Services,TX, tegan summer,1,0,TX397,Core
249662,sdelarosa,14722.28,120,Auto Approval,Campers Inn RV - Wilmington - OH231,Campers Inn,OH,Wilmington,2026-08-15,2026-08-15,,2020,RV,Used,,27.11,2.67,jharrington1,,8,7.99,2000,2000,false,,,9.49,Core,Core,1.05,0,,0,14000,821,Source One Financial Services,OH, zachary blevins,1,1,OH231,Core
249620,pmeza,0,60,Decline,T & R Sales - IL260,,IL,SUBLETTE,2026-08-15,,,2027,RV,New,,30.52,0,gcoulombe,,73,8.49,0,0,false,,,8.99,Core,Core,0,0,,0,75000,783,Source One Financial Services,IL,,0,0,IL260,Core
249777,rsimmons,72841.41,240,Booked,Hanner RV Supercenter -TX165,,TX,Baird,2026-08-15,2026-08-18,2026-08-18,2026,RV,New,,31.53,3.53,gott,4555,3996,9.49,2500,8700,false,15,544,7.39,Core,Core,1.34,728.41,1,0,54342,755,Source One Financial Services,TX, lance finley,1,0,TX165,Core
249823,eavila,37240.91,180,Approved,Bish's RV of Fairfield - SCA178,Bish's RV,CA,Fairfield,2026-08-15,2026-08-15,,2016,RV,Used,729,18.33,2.19,jrubi,,16,10.74,11759,11759,false,,,12.24,Core,Core,0.97,0,,0,38225,737,Source One Financial Services,CA, david mcclanahan,1,1,SCA178,Core
249811,mnava,11790.6,120,Conditional Approval,Campers Inn RV of Knoxville E - TN160,Campers Inn,TN,Knoxville,2026-08-15,2026-08-17,,2019,RV,Used,661,37.59,2.47,jsmith,,2539,12.74,1200,1200,false,,,12.74,Silver 1,Not Applicable,0.97,0,,0,12200,671,Connexus Credit Union,TN, radu puraci,1,1,TN160,Not Applicable
249836,eavila,38083.87,204,Auto Approval,Ron Hoover - Amarillo - TX513,Ron Hoover,TX,Amarillo,2026-08-15,2026-08-17,,2025,RV,Used,,48.85,8.05,gott,,2567,8.99,2000,2000,false,,,10.49,Core,Core,0.92,0,,0,41450,751,Source One Financial Services,TX, travis newsom,1,1,TX513,Core
249573,rsimmons,44362.04,180,Decline,The Sportsman -TX285,,TX,San Benito,2026-08-15,,,2026,Boat,New,,46.01,10.41,gott,,19,9.99,4550,4550,false,,,11.49,Core,Core,1.11,0,,0,39860,715,Source One Financial Services,TX,,0,0,TX285,Core
249555,rsimmons,39604.71,180,Auto Approval,Phil Dill Boats -TX104,OneWater,TX,Lewisville,2026-08-15,2026-08-15,,2014,Boat,Used,,29.71,4.48,gott,,70,11.49,0,5000,false,,,12.99,Core,Core,1.04,0,,0,37965,719,Source One Financial Services,TX, cory dill,1,1,TX104,Core
249661,lgrace,68198.44,240,Auto Approval,Optimum RV Bushnell - FL163,Optimum RV,FL,Bushnell,2026-08-15,2026-08-17,,2018,RV,Used,720,24.02,1.98,wstoutimore,,3078,8.74,19200,28700,false,,,10.24,Core,Core,1.17,0,,0,58428,799,Source One Financial Services,FL, bari barlow,1,1,FL163,Core
249702,lgrace,18139.96,180,Auto Approval,United Recreation Financing LLC-GA152,,GA,Chatsworth,2026-08-15,2026-08-15,,2022,RV,Used,,16.66,1.06,jsmith,,27,9.99,2000,2000,false,,,11.49,Core,Core,0.66,0,,0,27300,755,Source One Financial Services,FL, ryan lasuer,1,1,GA152,Core
249642,mnava,36950.7,204,Booked,Blue Compass RV - Gassville - AR137,Blue Compass,AR,Gassville,2026-08-15,2026-08-20,2026-08-20,2020,RV,Used,,8.4,2.62,jweller,7327,7140,10.24,8000,8000,false,186,1,11.74,Core,Core,1.33,2217.04,6,0,27850,721,Source One Financial Services,AR, nathaniel bowling,1,0,AR137,Core
249656,rsimmons,29803.67,204,Booked,Blue Compass - Mobile - AL170,Blue Compass,AL,Theodore,2026-08-15,2026-08-20,2026-08-25,2021,RV,Used,,14.52,3.12,jsmith,14518,7092,10.49,5000,5000,false,7426,0,11.99,Core,Core,1.27,1788.22,6,0,23500,717,Source One Financial Services,LA, dylan howard,1,0,AL170,Core
249556,,18120.91,144,Auto Decline,REINEKE RV - TOLEDO - OH168,,OH,TOLEDO,2026-08-15,,,2026,RV,New,668,23.18,2.98,jharrington1,,0,14.99,0,5257,false,,,15.99,Silver 2,Silver 2,0.63,0,,0,28845,629,Source One Financial Services,OH,,0,0,OH168,Silver
249552,sdelarosa,134594.22,240,Decline,DAY BROS AUTO and RV SALES - KY121,,KY,LONDON,2026-08-15,,,2026,RV,New,713,37.6,7.41,jharrington1,,177,8.74,0,16296.72,false,,,10.24,Core,Not Applicable,1.09,0,,0,123365,762,Connexus Credit Union,KY, faith day,0,0,KY121,Not Applicable
249554,sdelarosa,35619.78,204,Booked,BLUE COMPASS RV - SOUTH HOUSTON  - TX421,Blue Compass,TX,Alvin,2026-08-15,2026-08-17,2026-08-24,2022,RV,Used,,30.33,3.05,gott,13340,3549,14.49,3300,3300,false,9790,1,15.49,Silver 1,Silver 1,0.85,1424.79,4,0,42000,653,Source One Financial Services,TX, eddie johnson,1,0,TX421,Silver
249678,jrubi,57364.44,180,Booked,"Campers Inn RV of South Louisville, Inc. - KY147",Campers Inn,KY,Lebanon Junction,2026-08-15,2026-08-22,2026-08-22,2017,RV,Used,,13.29,2.64,jharrington1,10148,10060,9.74,5200,5200,false,87,1,11.24,Core,Core,1.02,3441.87,6,0,56049,762,Source One Financial Services,KY, bruce brown,1,0,KY147,Core
249566,sbaker,44184.09,180,Conditional Approval,VOGT RV CENTER 5301 - TX448,,TX,FORT WORTH,2026-08-15,2026-08-15,,2022,RV,Used,,28.12,3.37,gott,,50,10.74,4626,4626,false,,,12.24,Core,Core,0.76,0,,0,58100,694,Source One Financial Services,OK, ty davidson,1,1,TX448,Core
249638,sdelarosa,64893.73,240,Decline,BLUE COMPASS RV CONNECTICUT-CT106,Blue Compass,CT,NEWTON,2026-08-15,,,2026,RV,New,663,33.35,6.12,gcoulombe,,101,12.49,6500,6500,false,,,13.49,Core,Core,0.92,0,,0,70430,792,Source One Financial Services,RI, alexander graziano,0,0,CT106,Core
249667,pmeza,16933.89,144,Auto Approval,"AMERICAN DREAM VACATIONS-BOERNE, TX - TX408",,TX,BOERNE,2026-08-15,2026-08-17,,2022,RV,Used,,9.7,1.26,gott,,2798,7.99,5000,5000,false,,,7.99,Core,Core,1.02,0,,0,16650,832,Source One Financial Services,TX,,1,1,TX408,Core
249589,,26379,180,Auto Decline,Optimum RV Oklahoma City - OK147,Optimum RV,OK,Moore,2026-08-15,,,2022,RV,Used,,77.14,11.09,jweller,,0,15.74,3000,3000,false,,,16.74,Silver 2,Silver 2,0.92,0,,0,28717,626,Source One Financial Services,OK,,0,0,OK147,Silver
249609,mnava,25234,180,Auto Approval,Heartland Marine -MO131,,MO,Sunrise Beach,2026-08-15,2026-08-18,,2008,Boat,Used,,25.86,3.69,jweller,,4351,9.24,5000,5000,false,,,10.74,Core,Core,1.04,0,,0,24238.5,866,Source One Financial Services,MO, ashley maass,1,1,MO131,Core
249782,,77999.25,240,Auto Decline,Tri AM RV Center of East TN Inc - TN145,,TN,Bulls Gap,2026-08-15,,,2026,RV,New,596,37.9,2.08,jsmith,,0,14.99,14000,14000,false,,,15.99,Silver 2,Silver 2,0.85,0,,0,91376,621,Source One Financial Services,TN,,0,0,TN145,Silver
249729,sdelarosa,90013.63,240,Booked,CAMPERS INN OF KINGSTON - NH100,Campers Inn,NH,KINGSTON,2026-08-15,2026-08-19,2026-08-19,2027,RV,New,707,41.7,3.95,gcoulombe,5762,5724,9.74,6489.84,9296.77,false,25,13,11.24,Core,Core,1.42,5400.82,6,0,63574,729,Source One Financial Services,NH, kenneth unger,1,0,NH100,Core
249682,lgrace,11012.94,144,Verifications Incomplete,Wolfe Camper Sales - WV112,,WV,Washington,2026-08-15,2026-08-26,,2019,RV,Used,,28.88,4.12,jharrington1,,15761,13.74,1100,1100,false,,1740,14.49,Silver 1,Silver 1,1.2,330.39,3,0,9200,673,Source One Financial Services,WV, scott trew,1,1,WV112,Silver
249679,,37985.63,180,Auto Decline,Blue Compass RV - Jacksonville - FL336,Blue Compass,FL,Jacksonville,2026-08-15,,,2026,RV,New,,28.36,4.01,pcarter,,0,14.99,0,0,false,,,15.99,Silver 2,Silver 2,0.97,0,,0,39025,632,Source One Financial Services,FL,,0,0,FL336,Silver
249646,eavila,27400,180,Decline,Optimum RV Inman - SC112,Optimum RV,SC,Inman,2026-08-15,,,2023,RV,Used,664,45.56,4.02,jsmith,,112,15.74,2850,2850,false,,,16.74,Silver 1,Not Applicable,0.92,0,,0,29900,640,Connexus Credit Union,SC, haven smith,0,0,SC112,Not Applicable
249594,,27464.4,240,Auto Decline,OPTIMUM RV TX LLC - Robstown - TX481,Optimum RV,TX,ROBSTOWN,2026-08-15,,,2019,RV,Used,,33.92,6.32,gott,,0,16.24,3000,3000,false,,,17.24,Silver 2,Silver 2,1.1,0,,0,25080,631,Source One Financial Services,TX,,0,0,TX481,Silver
249776,mlomedico,50776,240,Decline,Royal Coach Sales - OR148,,OR,Eugene,2026-08-15,,,2016,RV,Used,794,74.39,7.06,ljablonoski,,4390,8.99,0,6000,false,,,10.49,Core,Core,1.92,0,,0,26455,800,Source One Financial Services,OR, jeremy orlando,0,0,OR148,Core
249701,lgrace,25399.52,180,Approved,Chesaco RV - Hamburg - PA142,,PA,Hamburg,2026-08-15,2026-08-15,,2026,RV,New,,27.6,3.31,jharrington1,,67,9.99,5000,5000,false,,,11.49,Core,Core,0.81,0,,0,31351,716,Source One Financial Services,TX, dave conard,1,1,PA142,Core
249692,sbaker,63660.75,204,Auto Approval,CAMPERS RV CENTER - LA103,,LA,SHREVEPORT,2026-08-15,2026-08-19,,2026,RV,New,654,49.4,4.57,gott,,5576,9.74,6320,6320,false,,,9.99,Core,Core,0.83,0,,0,76539,774,Source One Financial Services,LA, dustin pinkston,1,1,LA103,Core
249789,rsimmons,72806.09,240,Approved,T and S RV and SPORT LLC -TX377,,TX,NAVASOTA,2026-08-15,2026-08-15,,2026,RV,New,,15.2,6.64,gott,,61,8.74,10000,10000,false,,,10.24,Core,Core,1.01,0,,0,71880,778,Source One Financial Services,TX, anthony wiese,1,1,TX377,Core
249753,mnava,123956.84,240,Decline,General RV - Tampa - FL238,General RV,FL,Dover,2026-08-15,,,2026,RV,New,738,25.4,6.62,wstoutimore,,2624,7.99,5000,40000,false,,,9.49,Core,Core,0.83,0,,0,148800,792,Source One Financial Services,FL, tommy miranda,0,0,FL238,Core
249687,rsimmons,75893.83,240,Booked,GIBBS OUTDOOR and RECREATION - TX454,,TX,WACO,2026-08-15,2026-08-19,2026-08-19,2026,RV,New,,23.41,7.23,gott,5916,5891,9.74,5000,5000,false,24,1,11.24,Core,Core,1.06,4553.63,6,0,71685,730,Source One Financial Services,AZ, colby longenbaugh,1,0,TX454,Core
249791,jrubi,55863,240,Auto Approval,Blue Compass RV - Palm Desert - SCA166,Blue Compass,CA,Palm Desert,2026-08-15,2026-08-15,,2024,RV,Used,,32.73,4.05,jrubi,,15,10.24,5500,5500,false,,,11.74,Core,Core,0.9,0,,0,62150,688,Source One Financial Services,CA, chayse pauser,1,1,SCA166,Core
249732,,11083.2,144,Auto Decline,BLUE COMPASS RV - SOUTH HOUSTON  - TX421,Blue Compass,TX,Alvin,2026-08-15,,,2026,RV,New,,54.86,1.58,gott,,0,22.99,1000,1000,false,,,23.99,Bronze,Bronze,0.67,0,,0,16490,578,Source One Financial Services,TX,,0,0,TX421,Business First
249681,sdelarosa,22101.5,180,Conditional Approval,FACTORY DIRECT RV and MARINE - GA142,,GA,AMERICUS,2026-08-15,2026-08-15,,2026,RV,New,708,34.47,2.63,jsmith,,88,10.24,2500,2500,false,,,11.74,Core,Core,0.95,0,,0,23232,696,Source One Financial Services,GA, gina harris,1,1,GA142,Core
249627,pmeza,12242.72,60,Booked,Top Notch RV LLC - NC149,,NC,Benson,2026-08-15,2026-08-15,2026-08-15,2017,RV,Used,633,15.35,1.74,jsmith,315,185,15.24,10000,10000,false,129,1,15.74,Silver 1,Silver 1,1.03,244.85,2,0,11850,678,Source One Financial Services,MS, david hall,1,0,NC149,Silver
249820,eavila,22964.48,168,Booked,Ron Hoover - Amarillo - TX513,Ron Hoover,TX,Amarillo,2026-08-15,2026-08-21,2026-08-22,2026,RV,New,,20.4,3.19,gott,9892,8572,9.99,800,800,false,820,500,10.99,Core,Core,0.97,918.58,4,0,23741,719,Source One Financial Services,TX, travis newsom,1,0,TX513,Core
249796,rsimmons,17705.77,180,Decline,Blue Compass RV - San Antonio - TX572,Blue Compass,TX,San Antonio,2026-08-15,,,2027,RV,New,686,90.6,1.63,gott,,37,9.49,1800,1800,false,,,10.99,Core,Core,0.77,0,,0,22913,748,Source One Financial Services,TX, qyn loza,0,0,TX572,Core
249691,lgrace,30715.94,180,Decline,Campers Inn - Ocala - FL158,Campers Inn,FL,Ocala,2026-08-15,,,2023,RV,Used,,43.89,8.04,pcarter,,105,10.74,3500,3500,false,,,12.24,Core,Not Applicable,0.9,0,,0,34250,684,Connexus Credit Union,FL, scott mckeever,0,0,FL158,Not Applicable
249741,ahunt,48575,120,Auto Approval,Roughrider RVs - Dickinson - ND109,,ND,Dickinson,2026-08-15,2026-08-17,,2026,RV,New,,22.72,3.11,dzilberchtein,,2981,7.49,25000,25000,false,,,8.99,Core,Core,0.61,0,,0,79384,843,Source One Financial Services,ND,,1,1,ND109,Core
249827,pmeza,65929.33,240,Booked,Blue Compass RV - Bowling Green - KY152,Blue Compass,KY,Bowling Green,2026-08-15,2026-08-17,2026-08-21,2027,RV,New,,44.27,7.87,jharrington1,8328,2822,9.99,5000,10000,false,5505,1,11.49,Core,Core,0.95,3955.76,6,0,69505,701,Source One Financial Services,TN, michael gaboury,1,0,KY152,Core
249803,Jhill,147430.71,240,Decline,Boaters World - Islamorada - FL303,,FL,Islamorada,2026-08-15,,,2019,Boat,Used,,55.42,16.79,wstoutimore,,2460,22.99,35000,35000,false,,,23.99,Core,Core,0.8,0,,0,184165,697,Source One Financial Services,MS, dawson oesch,0,0,FL303,Core
249826,sbaker,27359.7,180,Decline,ADVENTURE MOTORHOMES - SC118,,SC,GREEER,2026-08-15,,,2027,RV,New,,46.81,4.01,jsmith,,13,9.99,3041,3041,false,,,11.49,Core,Core,0.79,0,,0,34550,714,Source One Financial Services,GA, keith palmer,0,0,SC118,Core
249728,rsimmons,64115.89,240,Decline,GIBBS OUTDOOR and RECREATION - TX454,,TX,WACO,2026-08-15,,,2021,RV,Used,,25,6.73,gott,,96,13.24,0,0,false,,,14.24,Silver 1,Silver 1,0.79,0,,0,81050,665,Source One Financial Services,TX, colby longenbaugh,0,0,TX454,Silver
249853,sbaker,149177.95,240,Auto Approval,Ugly Johns Custom Boats LLC - OK136,,OK,Afton,2026-08-15,2026-08-17,,2027,Boat,New,719,32.39,6.23,jweller,,2764,7.74,15000,20000,false,,,9.24,Core,Core,1.18,0,,0,126000,785,Source One Financial Services,KS, eric fatkin,1,1,OK136,Core
249795,mnava,42406.68,204,Decline,BLUE COMPASS RV - CORPUS CHRISTI - TX459,Blue Compass,TX,CORPUS CHRISTI,2026-08-15,,,2026,RV,New,,43.86,3.97,gott,,4091,9.99,2000,2000,false,,,11.49,Core,Core,1.08,0,,0,39279.5,713,Source One Financial Services,TX, elisa escamilla,0,0,TX459,Core
249735,sdelarosa,33161.05,180,Decline,Ashley Marine LLC - Pensacola - FL325,,FL,Pensacola,2026-08-15,,,2026,Boat,New,,25.89,1.75,wstoutimore,,72,10.24,5000,5000,false,,,11.74,Core,Core,1.02,0,,0,32525,698,Source One Financial Services,MS, joey hawkins,0,0,FL325,Core
249668,avera,149910.34,204,Auto Approval,General RV - Tampa - FL238,General RV,FL,Dover,2026-08-15,2026-08-21,,2018,RV,Used,,29.85,13.25,wstoutimore,,8525,10.49,87700,112700.65,false,,,11.99,Core,Core,0.65,0,,0,232250,707,Source One Financial Services,FL, angel cordero,1,1,FL238,Core
249799,sbaker,19516,144,Verifications Incomplete,Blue Compass - Mobile - AL170,Blue Compass,AL,Theodore,2026-08-15,2026-08-24,,2026,RV,New,,21.23,6.26,jsmith,,13268,9.99,3000,3000,false,,0,11.49,Core,Core,0.95,0,,0,20584,720,Source One Financial Services,AL, dylan howard,1,1,AL170,Core
249688,pmeza,50568.49,240,Auto Approval,Blue Compass RV - Tucson - AZ364,Blue Compass,AZ,Tucson,2026-08-15,2026-08-19,,2026,RV,New,,33.82,5.83,edominguez,,5650,7.49,20135,16135,false,,,8.99,Core,Core,1.3,0,,0,38900,803,Source One Financial Services,AZ, ambez miran,1,1,AZ364,Core
249706,sdelarosa,17132.72,180,Decline,Top Notch RV LLC - NC149,,NC,Benson,2026-08-15,,,2022,RV,Used,,24.04,3.29,jsmith,,63,14.49,1800,1800,false,,,15.49,Silver 1,Silver 1,0.8,0,,0,21300,644,Source One Financial Services,NC, david hall,0,0,NC149,Silver
249742,mnava,33447.28,180,Auto Approval,Fun Town RV - Las Vegas - NV116,Fun Town,NV,Las Vegas,2026-08-15,2026-08-19,,2026,RV,New,,16.09,5.13,ljablonoski,,5540,7.99,3500,3500,false,,,9.49,Core,Core,0.95,0,,0,35318,787,Source One Financial Services,NV, julie ronquillo,1,1,NV116,Core
249564,,44996,180,Auto Decline,CAMPERS INN OF KINGSTON - NH100,Campers Inn,NH,KINGSTON,2026-08-15,,,2026,RV,New,607,31.16,2.1,gcoulombe,,0,14.99,4950,4950,false,,,15.99,Silver 2,Silver 2,0.98,0,,0,45752,630,Source One Financial Services,ME,,0,0,NH100,Silver
249854,,26145,180,Auto Decline,RV SUPERCENTER - SCA145,,CA,MENIFEE,2026-08-15,,,2026,RV,New,,33.69,4.12,jrubi,,0,12.49,3000,3000,false,,,13.49,Silver 1,Silver 1,0.87,0,,0,30166,666,Source One Financial Services,CA,,0,0,SCA145,Silver
249641,ahunt,22156.66,144,Booked,Ideal RVs INC - FL228,,FL,Lakeland,2026-08-15,2026-08-15,2026-08-17,2025,RV,Used,,31.02,1.83,wstoutimore,3050,126,9.99,0,0,false,2843,81,11.49,Core,Core,1.11,1329.4,6,0,20050,709,Source One Financial Services,FL, john yanis,1,0,FL228,Core
249856,jrubi,26643,120,Conditional Approval,BEAUMONT RV - SCA108,,CA,BEAUMONT,2026-08-15,2026-08-17,,2014,RV,Used,,25.55,5.26,jrubi,,2277,9.49,34000,34000,false,,,10.99,Core,Core,0.4,0,,0,66750,788,Source One Financial Services,CA,,1,1,SCA108,Core
249834,,67242.96,240,Auto Decline,BOBBY COMBS RV LLC - AZ338,,AZ,YUMA,2026-08-15,,,2025,RV,New,,66.3,15.18,edominguez,,5,22.99,3000,3000,false,,,23.99,Bronze,Silver 1,0.82,0,,0,81898,648,Source One Financial Services,UT, andy ostiguin,0,0,AZ338,Business First
249611,mnava,18437.83,144,Approved,Nice Campers.com-AR129,,AR,Russellville,2026-08-15,2026-08-15,,2020,RV,Used,,20.71,5.62,jweller,,31,10.24,1000,1000,false,,,11.74,Core,Core,1.04,0,,0,17650,728,Source One Financial Services,AR, mike dolente,1,1,AR129,Core
249794,,24435.13,144,Auto Decline,AMERICA GO RV (Seguin) -TX419,,TX,SEGUIN,2026-08-15,,,2020,RV,Used,,51.99,13.29,gott,,0,22.99,2500,2500,false,,,23.99,Bronze,Bronze,1.16,0,,0,21120,587,Source One Financial Services,TX,,0,0,TX419,Business First
249766,mnava,47988.94,180,Decline,Blue Compass RV - Anderson - Sales - NCA144,Blue Compass,CA,Anderson,2026-08-15,,,2027,RV,New,,40.83,9.63,jrubi,,31,12.49,5000,5000,false,,,13.49,Silver 1,Silver 1,1.01,0,,0,47562,666,Source One Financial Services,CA, april myers,0,0,NCA144,Silver
249849,jrubi,10507.95,120,Decline,Blue Compass RV - Santee - SCA168,Blue Compass,CA,Santee,2026-08-15,,,2018,RV,Used,628,30.72,1.43,jrubi,,141,13.74,4400,4400,false,,,14.74,Silver 1,Silver 1,0.57,0,,0,18300,664,Source One Financial Services,TX, matthew donath,0,0,SCA168,Silver
249832,pmeza,27809,144,Decline,NOHRS RV CENTER - NCA109,,CA,TRACY,2026-08-15,,,2026,RV,New,516,16.43,2.13,jrubi,,4,13.74,5000,5000,false,,,14.74,Silver 1,Silver 1,0.99,0,,0,28095,645,Source One Financial Services,CA,,0,0,NCA109,Silver
249787,,94444.21,240,Auto Decline,Blue Compass RV - Wheat Ridge - CO162,Blue Compass,CO,Wheat Ridge,2026-08-15,,,2027,RV,New,722,63.27,10.96,dzilberchtein,,0,22.99,1000,23000,false,,,23.99,Bronze,Bronze,0.89,0,,0,106140,602,Source One Financial Services,CO,,0,0,CO162,Business First
249586,,116021,240,Cancelled,REEDER TRAUSCH MARINES - IN187,,IN,ROCKVILLE,2026-08-15,,,2026,Boat,New,,0,0,jharrington1,,,22.99,15000,15000,false,,,23.99,Bronze,Bronze,1.13,0,,0,102508,,Source One Financial Services,GA,,0,0,IN187,Business First
249544,sdelarosa,34515.79,180,Booked,Campers Inn RV of Knoxville E - TN160,Campers Inn,TN,Knoxville,2026-08-15,2026-08-22,2026-08-22,2024,RV,Used,676,48.7,3.34,jsmith,10463,9668,9.74,0,8317.74,false,795,0,11.24,Core,Core,0.85,2070.95,6,0,40400,721,Source One Financial Services,TN, radu puraci,1,0,TN160,Core
249725,pmeza,16075,144,Decline,BISH'S RV OF LINCOLN - NE101,Bish's RV,NE,ROCA,2026-08-15,,,2016,RV,Used,,24.63,3.29,dzilberchtein,,62,11.24,1000,1000,false,,,12.74,Core,Core,1.1,0,,0,14650,698,Source One Financial Services,NE, chad knight,0,0,NE101,Core
249720,lgrace,54567.57,240,Decline,Fun-N-Sun Sports Center - Hurst - ETX111,EPIC,TX,Hurst,2026-08-15,,,2026,Boat,New,569,24.63,4.05,S1House,,12,10.24,0,0,false,,,11.74,Core,Core,1.3,0,,0,42116,692,Source One Financial Services,TX, sierra whitmire,0,0,ETX111,Core
249636,sbaker,39263.58,180,Decline,Blue Compass RV - Knoxville - TN159,Blue Compass,TN,Louisville,2026-08-15,,,2011,RV,Used,759,33.31,5,jsmith,,91,8.99,5000,5000,false,,,10.49,Core,Core,0.87,0,,0,45155,844,Source One Financial Services,TN, david smith jr.,0,0,TN159,Core
249748,mnava,66164.8,180,Conditional Approval,ANGLERS MARINE - SCA119,,CA,ANAHEIM,2026-08-15,2026-08-15,,2027,Boat,New,,43.57,3.58,jrubi,,159,11.74,10000,10000,false,,,11.74,Silver 1,Not Applicable,1.05,0,,0,63000,673,Connexus Credit Union,CA, mark hamann,1,1,SCA119,Not Applicable
249848,rsimmons,77577.87,240,Auto Approval,Blue Compass RV - Tyler - TX552,Blue Compass,TX,Tyler,2026-08-15,2026-08-17,,2021,RV,Used,,33.66,7.51,gott,,2485,8.49,7000,8500,false,,,9.99,Core,Core,1.06,0,,0,73182,767,Source One Financial Services,TX, clay coleman,1,1,TX552,Core
249744,rsimmons,65240.77,240,Auto Approval,BLUE COMPASS RV INDIANAPOLIS-IN206,Blue Compass,IN,INDIANAPOLIS,2026-08-15,2026-08-17,,2024,RV,Used,643,20.11,4.93,jharrington1,,2687,8.74,6600,6600,false,,,10.24,Core,Core,0.86,0,,0,75602,765,Source One Financial Services,IN, ron hamilton,1,1,IN206,Core
249690,jrubi,77953,240,Decline,La Mesa RV Center - West Sacramento - SCA162,La Mesa,CA,West Sacramento,2026-08-15,,,2027,RV,New,,27.05,14.96,jrubi,,3,13.74,10000,10000,false,,,14.74,Silver 1,Silver 1,0.84,0,,0,92930,655,Source One Financial Services,CA,,0,0,SCA162,Silver
249676,,9854.7,120,Auto Decline,Uwharrie RV  (740 Motors) - NC125,,NC,Albemarle,2026-08-15,,,2024,RV,Used,,44.68,2.59,jsmith,,0,14.99,1000,1000,false,,,15.49,Silver 2,Silver 2,0.41,0,,0,24250,637,Source One Financial Services,VA,,0,0,NC125,Silver
249643,pmeza,13269.92,120,Booked,Bradford Marine & ATV-North Little Rock-AR141,Bradford Marine,AR,N. Little Rock,2026-08-15,2026-08-20,2026-08-20,2027,Boat,New,,4.11,3.5,jweller,7334,7104,7.49,15000,15000,false,230,0,6.99,Core,Core,0.58,132.7,1,0,22917,809,Source One Financial Services,AR, robby voss,1,0,AR141,Core
249716,pmeza,59961.29,144,Auto Approval,BLUE COMPASS RV - LUBBOCK - TX117,Blue Compass,TX,Lubbock,2026-08-15,2026-08-15,,2015,RV,Used,,23.63,10.12,gott,,251,10.99,4200,4200,false,,,12.49,Core,Core,0.85,0,,0,70800,710,Source One Financial Services,TX, walker hale,1,1,TX117,Core
249694,rsimmons,61077.12,240,Conditional Approval,FUN TOWN RV - JACKSON - MI455,Fun Town,MI,Jackson,2026-08-15,2026-08-15,,2026,RV,New,733,36.94,4.84,dzilberchtein,,48,9.99,3000,3000,false,,,11.49,Core,Core,1.03,0,,0,59537,709,Source One Financial Services,MI, dan shew,1,1,MI455,Core
249761,pmeza,16894,144,Conditional Approval,"Holman Motors, Inc. -OH111",,OH,Batavia,2026-08-15,2026-08-15,,2026,RV,New,,23.67,2.54,jharrington1,,81,10.24,1780,1780,false,,,11.74,Core,Core,0.66,0,,0,25426,691,Source One Financial Services,OH,,1,1,OH111,Core
249818,pmeza,18749,144,Auto Approval,Rocky Ridge RV of Van Buren - AR115,Rocky Ridge,AR,Van Buren,2026-08-15,2026-08-17,,2026,RV,New,759,35.15,2.47,jweller,,2927,7.99,0,0,false,,,9.74,Core,Core,1.01,0,,0,18616,788,Source One Financial Services,TX,,1,1,AR115,Core
249625,mnava,73701.41,180,Decline,ROTH RV - GRAND RAPIDS - MN164,,MN,GRAND RAPIDS,2026-08-15,,,2027,RV,New,,51.83,12.65,dzilberchtein,,26,9.99,0,-462.38,false,,,11.49,Core,Core,1.05,0,,0,70111,718,Source One Financial Services,MN, nick dulong,0,0,MN164,Core
249857,jrubi,48119,180,Decline,Giant RV - Colton - SCA157,Giant RV,CA,Colton,2026-08-15,,,2026,RV,New,,36.11,11.42,jrubi,,2386,12.49,10000,10000,false,,,13.49,Silver 1,Silver 1,0.75,0,,0,64294,671,Source One Financial Services,CA, lynn johnson,0,0,SCA157,Silver
249816,eavila,77895.75,240,Auto Approval,TRIPLE H RVS - AL119,,AL,HALEYVILLE,2026-08-15,2026-08-15,,2026,RV,New,,39.01,5.56,jsmith,,22,9.99,0,8560,false,,,11.49,Core,Core,1.17,0,,0,66600,704,Source One Financial Services,TN, tyler spann,1,1,AL119,Core
249695,sdelarosa,37923.79,180,Decline,Blue Compass RV - Hickory - NC156,Blue Compass,NC,Claremont,2026-08-15,,,2017,RV,Used,654,70.02,6.35,jsmith,,74,10.74,4000,4000,false,,,12.24,Core,Core,1.02,0,,0,37000,730,Source One Financial Services,NC, anthony juedeman,0,0,NC156,Core
249640,mnava,26422.47,180,Auto Approval,Bama RV - Opelika - AL151,,AL,Opelika,2026-08-15,2026-08-15,,2024,RV,Used,,21.03,3.49,jsmith,,111,9.99,2400,2400,false,,,11.49,Core,Core,1.02,0,,0,25800,708,Source One Financial Services,AL, kevin horne,1,1,AL151,Core
249633,mnava,45157.86,204,Booked,Titan Auto & Rv Sales - AR117,,AR,Searcy,2026-08-15,2026-08-15,2026-08-18,2020,RV,Used,721,9.08,3.88,jweller,4573,125,10.24,5000,5000,false,209,4239,11.74,Core,Core,0.97,2709.47,6,0,46750,737,Source One Financial Services,AR, dylan melton,1,0,AR117,Core
249593,sbaker,123214.32,204,Conditional Approval,Blue Compass RV - Austin - TX522,Blue Compass,TX,Buda,2026-08-15,2026-08-15,,2026,RV,New,707,33.12,4.56,gott,,84,9.74,30500,40500,false,,,11.24,Core,Core,0.85,0,,0,144785,721,Source One Financial Services,TX, nicolas paez,1,1,TX522,Core
249760,rsimmons,28678.94,180,Auto Approval,Collier RV - IL131,,IL,Rockford,2026-08-15,2026-08-17,,2021,RV,Used,788,14.73,2.88,gcoulombe,,3171,9.99,500,8500,false,,,11.49,Core,Core,1.07,0,,0,26730,752,Source One Financial Services,IL, tabatha jones,1,1,IL131,Core
249847,mnava,36979.8,180,Auto Approval,La Mesa RV Center - Albuquerque - NM109,La Mesa,NM,Albuquerque,2026-08-15,2026-08-17,,2026,RV,New,,24.12,3.58,edominguez,,2757,7.49,12000,12000,false,,,8.99,Core,Core,0.76,0,,0,48834,824,Source One Financial Services,NM, erika davidson,1,1,NM109,Core
249819,pmeza,36114.34,180,Decline,BLUE COMPASS RV - SOUTH HOUSTON  - TX421,Blue Compass,TX,Alvin,2026-08-15,,,2027,RV,New,,12.96,5.37,gott,,13,10.24,500,500,false,,,11.74,Core,Core,0.9,0,,0,39982,695,Source One Financial Services,TX, eddie johnson,0,0,TX421,Core
249710,,20532.62,180,Cancelled,Blue Compass RV - Prescott Valley - AZ362,Blue Compass,AZ,PRESCOTT VALLEY,2026-08-15,,,2021,RV,Used,,0,0,edominguez,,,22.99,5000,5000,false,,,23.99,Bronze,Bronze,0.78,0,,0,26345,,Source One Financial Services,AZ, michael bennett,0,0,AZ362,Business First
249632,pmeza,48397.25,144,Conditional Approval,Gregg Orr Marine - Hot Springs - AR123,,AR,Hot Springs,2026-08-15,2026-08-15,,2026,Boat,New,,40.21,4.24,jweller,,267,11.74,5000,5000,false,,,11.74,Silver 1,Not Applicable,0.94,0,,0,51307,665,Connexus Credit Union,AR, alistair cook,1,1,AR123,Not Applicable
249677,,32772.27,144,Auto Decline,Liberty Trail RV - Sulphur Springs - TX580,,TX,Sulphur Springs,2026-08-15,,,2027,RV,New,,43.45,11.21,gott,,0,22.99,15000,15000,false,,,23.99,Bronze,Bronze,0.69,0,,0,47251,613,Source One Financial Services,TX,,0,0,TX580,Business First
249700,pmeza,55005.5,180,Booked,Toons Grand Lake LLC - OK144,Easy Care,OK,Grove,2026-08-15,2026-08-17,2026-08-17,2026,Boat,New,,7.54,7.04,jweller,2923,2761,7.49,0,0,false,160,2,8.99,Core,Core,1.14,3300.33,6,0,48096,860,Source One Financial Services,MO, bradley taylor,1,0,OK144,Core
249585,eavila,99651.98,180,Approved,Driftwood RV Center inc-NJ106,,NJ,Clermont,2026-08-15,2026-08-15,,2027,RV,New,762,37.78,10.68,gcoulombe,,111,9.74,23000,23000,false,,,10.24,Core,Core,1.03,0,,0,96948,778,Source One Financial Services,DE, craig miller,1,1,NJ106,Core
249657,pmeza,34807.89,180,Booked,Parkland RV-MO220,Canopy Financial,MO,Leadington,2026-08-15,2026-08-24,2026-08-24,2026,RV,New,,6.28,6.28,jweller,13226,13042,9.99,8000,10331.4,false,183,1,11.49,Core,Core,1.23,2088.47,6,0,28298,712,Source One Financial Services,MO, mac mclelland,1,0,MO220,Core
249680,sdelarosa,61854.24,240,Decline,Ashley Marine - Panama City -  FL255,,FL,Panama City,2026-08-15,,,2026,Boat,New,670,13.2,0.77,wstoutimore,,60,13.74,25000,25000,false,,,14.74,Silver 1,Silver 1,0.93,0,,0,66288,658,Source One Financial Services,FL, shirley ashley,0,0,FL255,Silver
249602,eavila,30340.19,180,Booked,CAMPERS INN RV OF CONWAY - SC111,Campers Inn,SC,CONWAY,2026-08-15,2026-08-21,2026-08-21,2021,RV,Used,,42.82,2.27,jsmith,8972,8937,9.24,2500,2500,false,26,9,10.74,Core,Core,1.3,1820.41,6,0,23300,765,Source One Financial Services,NC, mike napier,1,0,SC111,Core
249583,eavila,12162.07,144,Auto Approval,Hufnagel and Majors Inc - PA109,,PA,Harmony,2026-08-15,2026-08-17,,2027,RV,New,,34.73,3.93,jharrington1,,2797,10.24,1900,4900,false,,,11.74,Core,Core,0.74,0,,0,16358,690,Source One Financial Services,PA, anthony talerico,1,1,PA109,Core
249675,mnava,14936,144,Decline,LEOS VACATION CENTER INC - MD102,,MD,GAMBRILLS,2026-08-15,,,2022,RV,Used,,19.63,5.24,gcoulombe,,74,13.24,2000,2000,false,,,14.24,Silver 1,Silver 1,0,0,,0,0,663,Source One Financial Services,MD,,0,0,MD102,Silver
249567,rsimmons,9629.34,120,Decline,RV Station LTD - Donna -TX289,,TX,Donna,2026-08-15,,,2018,RV,Used,,24.95,1.72,gott,,20,12.74,1500,1500,false,,,13.24,Core,Core,0.88,0,,0,10900,700,Source One Financial Services,TX, manny gomez,0,0,TX289,Core
249807,jrubi,52597.45,180,Decline,BLUE COMPASS RV INDIANAPOLIS-IN206,Blue Compass,IN,INDIANAPOLIS,2026-08-15,,,2027,RV,New,635,57.2,6.86,jharrington1,,25,12.49,2000,7500,false,,,13.49,Silver 1,Silver 1,1.15,0,,0,45590,675,Source One Financial Services,IN, ron hamilton,0,0,IN206,Silver
249841,eavila,21837.56,168,Booked,SANTA PAULA RV - SCA173,,CA,Santa Paula,2026-08-15,2026-08-19,2026-08-21,2024,RV,Used,,39.66,2.04,jrubi,8431,5564,8.74,2000,2000,false,1294,1573,10.24,Core,Core,0.95,1310.25,6,0,22900,778,Source One Financial Services,CA, justin simas,1,0,SCA173,Core
249600,rsimmons,39604.71,180,Auto Approval,Phil Dill Boats -TX104,OneWater,TX,Lewisville,2026-08-15,2026-08-15,,2014,Boat,Used,719,29.2,3.91,gott,,21,8.99,0,5000,false,,,10.49,Core,Core,1.04,0,,0,37965,836,Source One Financial Services,TX, cory dill,1,1,TX104,Core
249852,,27772.46,180,Auto Decline,Blue Compass RV - Austin - TX522,Blue Compass,TX,Buda,2026-08-15,,,2023,RV,Used,,20.68,3.54,gott,,0,15.74,0,4500,false,,,16.74,Silver 2,Silver 2,0.94,0,,0,29425,636,Source One Financial Services,KY,,0,0,TX522,Silver
249655,,36827.86,240,Auto Decline,RCD RV - Medina - OH206,,OH,medina,2026-08-15,,,2026,RV,New,,51.65,6.51,jharrington1,,0,14.99,11000,11000,false,,,15.99,Silver 2,Silver 2,0.93,0,,0,39595,625,Source One Financial Services,OH,,0,0,OH206,Silver
249718,,40564.1,180,Auto Decline,Campers Inn RV - Johnstown - CO163,Campers Inn,CO,Johnstown,2026-08-15,,,2026,RV,New,,42.75,12.4,dzilberchtein,,0,22.99,3000,3000,false,,,23.99,Bronze,Bronze,1.03,0,,0,39246,584,Source One Financial Services,CO,,0,0,CO163,Business First
249843,mnava,99429.02,240,Decline,Airstream of New Mexico - NM111,Blue Compass,NM,Albuquerque,2026-08-15,,,2026,RV,New,,27.66,18.85,edominguez,,10,12.49,12000,12000,false,,,13.49,Silver 1,Silver 1,0.94,0,,0,105515,678,Source One Financial Services,NM, william martin,0,0,NM111,Silver
249759,jrubi,17638,144,Booked,Fretz RV -PA126,,PA,Souderton,2026-08-15,2026-08-21,2026-08-21,2027,RV,New,,17.8,2.16,jharrington1,8794,8780,13.74,2000,2000,false,14,0,14.49,Silver 1,Silver 1,0.99,529.14,3,0,17795,655,Source One Financial Services,PA, tony eidle,1,0,PA126,Silver
249613,pmeza,15216.8,144,Auto Approval,Coachlight RV Sales Inc. -MO106,,MO,Carthage,2026-08-15,2026-08-17,,2026,RV,New,672,30.66,2.77,jweller,,3054,7.49,1600,1600,false,,,8.99,Core,Core,0,0,,0,0,898,Source One Financial Services,MO, doug lown,1,1,MO106,Core
249684,pmeza,86923.37,240,Ready to Book,Blue Compass RV - Katy - TX571,Blue Compass,TX,Katy,2026-08-15,2026-08-19,,2027,RV,New,,17.68,10.99,gott,,5626,8.99,6500,13510.17,false,,3334,9.74,Core,Not Applicable,1.41,2607.7,3,0,61762.75,715,Connexus Credit Union,TX, adam barragan,1,1,TX571,Not Applicable
249629,mnava,12245.41,120,Booked,Bullyan Trailer Sales -MN326,,MN,Duluth,2026-08-15,2026-08-24,2026-08-24,2020,RV,Used,,39.19,1.72,dzilberchtein,13340,13323,9.99,0,0,false,15,2,11.49,Core,Core,0.57,734.72,6,0,21450,752,Source One Financial Services,MN, david joyal,1,0,MN326,Core
249610,rsimmons,42893.63,240,Booked,Blue Compass RV - Tyler - TX552,Blue Compass,TX,Tyler,2026-08-15,2026-08-17,2026-08-18,2026,RV,New,,22.09,10.33,gott,4496,3315,10.24,8333,8333,false,1150,31,11.74,Core,Core,1.4,2573.62,6,0,30710,699,Source One Financial Services,TX, clay coleman,1,0,TX552,Core
249626,,14473,144,Auto Decline,COUNTY LINE CAMPERS - MS108,,MS,GULFPORT,2026-08-15,,,2019,RV,Used,,12.29,7.99,jsmith,,0,22.99,1500,1500,false,,,23.99,Bronze,Bronze,0,0,,0,0,571,Source One Financial Services,MS,,0,0,MS108,Business First
249786,sdelarosa,42409.96,180,Conditional Approval,General RV - West Chester - PA113,General RV,PA,West Chester,2026-08-15,2026-08-15,,2027,RV,New,,34.75,7.16,jharrington1,,65,9.99,7500,8681.24,false,,,11.49,Core,Core,1.22,0,,0,34803,711,Source One Financial Services,NJ, michael quigley,1,1,PA113,Core
249743,rsimmons,44177.61,180,Approved,Fun Town RV-Denton -TX322,Fun Town,TX,Denton,2026-08-15,2026-08-15,,2027,RV,New,,46.57,4.44,gott,,83,7.49,4000,4000,false,,,8.99,Core,Core,0.98,0,,0,44986,839,Source One Financial Services,TX, douglas santos,1,1,TX322,Core
249588,rsimmons,55355.77,240,Booked,Blue Compass RV - South Beumont - TX551,Blue Compass,TX,Vidor,2026-08-15,2026-08-17,2026-08-21,2026,RV,Used,,35.9,5,gott,8872,3015,7.49,2000,2000,false,5856,1,8.99,Core,Core,1.52,3321.35,6,0,36350,824,Source One Financial Services,LA, brett massey,1,0,TX551,Core
249635,sdelarosa,13368.98,180,Decline,General RV - Tampa - FL238,General RV,FL,Dover,2026-08-15,,,2022,RV,Used,,1.61,0.4,wstoutimore,,82,13.24,1500,1500,false,,,14.24,Silver 1,Silver 1,0.99,0,,0,13530,676,Source One Financial Services,FL, sofiane yahiaoui,0,0,FL238,Silver
249547,ahunt,36258.52,180,Booked,Fun Town RV - Little Rock - AR126,Fun Town,AR,Bryant,2026-08-15,2026-08-25,2026-08-26,2026,RV,New,,32.17,4.13,jweller,16284,14867,9.74,0,8494.74,false,552,865,11.24,Core,Core,1.34,2175.51,6,0,26992,732,Source One Financial Services,AR, brenden boggs,1,0,AR126,Core
249812,pmeza,16174.78,144,Approved,FUN TOWN RV ANNA LLC - IL251,Fun Town,IL,ANNA,2026-08-15,2026-08-15,,2026,RV,New,,2.9,2.59,gcoulombe,,7,9.99,1500,1500,false,,,11.49,Core,Core,0.98,0,,0,16566,709,Source One Financial Services,IL, brenden boggs,1,1,IL251,Core
249788,pmeza,22531.59,180,Auto Approval,Mid America RV -MO104,,MO,Carthage,2026-08-15,2026-08-17,,2022,RV,Used,,24.14,4.99,jweller,,3301,10.24,4343,3343,false,,,11.74,Core,Core,1.18,0,,0,19050,732,Source One Financial Services,MO, jeremy nelson,1,1,MO104,Core
249771,sbaker,62428,180,Decline,JOHNNY'S RV SUPERSTORE LLC - AL124,,AL,THEODORE,2026-08-15,,,2026,RV,New,,49.98,15.7,jsmith,,60,9.74,6500,6500,false,,,11.24,Core,Core,1.05,0,,0,59610,728,Source One Financial Services,AL,,0,0,AL124,Core
249563,sdelarosa,17452.17,144,Booked,ADVENTURE MOTORHOMES - SC118,,SC,GREEER,2026-08-15,2026-08-18,2026-08-26,2026,RV,New,,17.74,3.72,jsmith,15804,4620,8.49,0,0,false,2463,8721,9.24,Core,Not Applicable,0.76,523.57,3,0,23110,711,Connexus Credit Union,NC, keith palmer,1,0,SC118,Not Applicable
249674,mnava,25494,180,Auto Approval,BRETZ RV & MARINE - BILLINGS - MT115,Bretz RV,MT,Billings,2026-08-15,2026-08-15,,2015,RV,Used,712,43.39,4.92,dzilberchtein,,350,8.99,15000,15000,false,,,10.49,Core,Core,0.93,0,,0,27400,788,Source One Financial Services,MT, scott grasse,1,1,MT115,Core
249650,rsimmons,12585.61,120,Approved,Blue Compass RV - South Beumont - TX551,Blue Compass,TX,Vidor,2026-08-15,2026-08-15,,2026,RV,New,,16.68,2.22,gott,,70,9.99,1600,1600,false,,,11.49,Core,Core,0.78,0,,0,16047,710,Source One Financial Services,TX, leah sligar,1,1,TX551,Core
249763,,50642.02,240,Auto Decline,CAMPERS INN RV OF MADISON - AL116,Campers Inn,AL,MADISON,2026-08-15,,,2027,RV,New,,29.22,2.36,jsmith,,0,14.99,2000,6000,false,,,15.99,Silver 2,Silver 2,1.35,0,,0,37405,639,Source One Financial Services,AL,,0,0,AL116,Silver
249842,eavila,27704.32,180,Approved,Fun Town RV-Denton -TX322,Fun Town,TX,Denton,2026-08-15,2026-08-15,,2025,RV,Used,,42.81,1.92,gott,,30,9.74,3000,3000,false,,,11.24,Core,Core,0.85,0,,0,32490,727,Source One Financial Services,TX, jacob redante,1,1,TX322,Core
249835,eavila,49932.56,180,Decline,BLUE COMPASS RV - DENTON - TX148,Blue Compass,TX,Denton,2026-08-15,,,2027,RV,New,,35.46,4.49,gott,,11,12.49,1000,5500,false,,,13.49,Silver 1,Silver 1,1.19,0,,0,42057,674,Source One Financial Services,AZ, steven lawrence,0,0,TX148,Silver
249783,,13016.41,120,Auto Decline,RV's of Sacramento - NCA136,,CA,Elk Grove,2026-08-15,,,2026,RV,New,,32.23,1.93,jrubi,,5,22.99,5000,5000,false,,,23.99,Bronze,Bronze,0.76,0,,0,17221,537,Source One Financial Services,CA, branda morgan,0,0,NCA136,Business First
249769,pmeza,118511.92,144,Auto Approval,Blue Compass RV - St. Augustine - FL339,Blue Compass,FL,ST. AUGUSTINE,2026-08-15,2026-08-17,,2013,RV,Used,,26.18,9.27,pcarter,,2865,10.99,12000,12000,false,,,12.49,Core,Core,0.57,0,,0,209000,749,Source One Financial Services,GA, matthew braziel,1,1,FL339,Core
249545,sdelarosa,64277.43,180,Decline,General RV - Fort Pierce - FL235,General RV,FL,Fort Pierce,2026-08-15,,,2015,RV,Used,,24.56,4.4,pcarter,,16,11.24,15000,15000,false,,,12.74,Core,Core,0.76,0,,0,84040,689,Source One Financial Services,NC, conner horton,0,0,FL235,Core
249806,eavila,42600,180,Approved,BYRON POWERSPORTS LLC - GA140,,GA,BYRON,2026-08-15,2026-08-15,,2027,Boat,New,,34.58,4.94,jsmith,,61,9.99,5000,5000,false,,,11.49,Core,Core,0.93,0,,0,45800,703,Source One Financial Services,SC, tom bulger,1,1,GA140,Core
249704,sdelarosa,84758.24,240,Decline,Buckeye RV LLC -OH225,,OH,Jefferson,2026-08-15,,,2026,RV,New,633,31.39,5.03,jharrington1,,62,10.24,8600,8600,false,,,11.74,Core,Core,0.86,0,,0,98984,684,Source One Financial Services,OH, tim christner,0,0,OH225,Core
249659,lgrace,18581,144,Decline,Irwin Marine - NH116,,NH,Laconia,2026-08-15,,,2016,Boat,Used,624,57.6,3.38,gcoulombe,,87,11.24,2000,2000,false,,,12.74,Core,Core,0.95,0,,0,19460,694,Source One Financial Services,NH, scott laurent,0,0,NH116,Core
249584,sdelarosa,37323.96,180,Auto Approval,General RV - Tampa - FL238,General RV,FL,Dover,2026-08-15,2026-08-21,,2026,RV,New,809,31.18,4.67,wstoutimore,,8650,9.49,3765,3765,true,,,11.49,Business First,Business First,0.87,0,,0,42885,,Source One Financial Services,FL, sebastian beltran,1,1,FL238,Business First
249714,ahunt,70989,240,Auto Approval,Candlewood East Marina - ECT101,EPIC,CT,Brookfield,2026-08-15,2026-08-15,,2017,Boat,Used,,30.65,4.88,S1House,,12,8.99,7500,7500,false,,,10.49,Core,Core,0.9,0,,0,79244,786,Source One Financial Services,RI, sierra whitmire,1,1,ECT101,Core
249617,,64893.73,240,Auto Decline,BLUE COMPASS RV CONNECTICUT-CT106,Blue Compass,CT,NEWTON,2026-08-15,,,2026,RV,New,,49.33,11.58,gcoulombe,,0,12.49,6500,6500,false,,,13.49,Silver 1,Silver 1,0.92,0,,0,70430,663,Source One Financial Services,RI,,0,0,CT106,Silver
249666,pmeza,46969.77,180,Approved,Fun Town RV - Cleburne -TX108,Fun Town,TX,Cleburne,2026-08-15,2026-08-15,,2026,RV,New,,15.14,3.66,S1House,,89,9.74,2112,2112,false,,,11.24,Core,Core,0.98,0,,0,48023,737,Source One Financial Services,TX, brenden boggs,1,1,TX108,Core
249576,,21026.78,180,Auto Decline,BLUE COMPASS RV - SOUTH HOUSTON  - TX421,Blue Compass,TX,Alvin,2026-08-15,,,2022,RV,Used,,54.79,7,gott,,0,14.49,2200,2200,false,,,15.49,Silver 1,Silver 1,0.71,0,,0,29820,658,Source One Financial Services,TX,,0,0,TX421,Silver
249618,rsimmons,38363.15,180,Approved,AMERICA GO RV (Seguin) -TX419,,TX,SEGUIN,2026-08-15,2026-08-15,,2026,RV,Used,,29.79,3.8,gott,,121,10.24,4000,4000,false,,,11.74,Core,Core,0.81,0,,0,47575,694,Source One Financial Services,TX, tanner towsend,1,1,TX419,Core
249767,rsimmons,43740.75,180,Auto Approval,CAMPERS RV CENTER - LA103,,LA,SHREVEPORT,2026-08-15,2026-08-22,,2024,RV,Used,676,25.64,3.04,gott,,9705,9.99,3900,3900,false,,,10.99,Core,Core,0.98,0,,0,44650,715,Source One Financial Services,LA, dustin pinkston,1,1,LA103,Core
249673,,128164,240,Auto Decline,"Holman Motors, Inc. -OH111",,OH,Batavia,2026-08-15,,,2026,RV,New,663,45.02,8.47,jharrington1,,0,14.99,7000,7000,false,,,15.99,Silver 2,Silver 2,1.02,0,,0,125844,637,Source One Financial Services,KY,,0,0,OH111,Silver
249723,pmeza,59879.6,144,Conditional Approval,RV Country-Klamath Falls-OR132,RV Country,OR,Klamath Falls,2026-08-15,2026-08-15,,2014,RV,Used,870,21.63,6.29,ljablonoski,,41,8.99,6000,6000,false,,,10.49,Core,Core,1.05,0,,0,57000,858,Source One Financial Services,OR, susanne phillips,1,1,OR132,Core
249603,sbaker,27357.75,204,Auto Approval,CAMPERS RV CENTER - LA103,,LA,SHREVEPORT,2026-08-15,2026-08-15,,2026,RV,New,665,44.81,2.13,gott,,125,9.99,6000,6000,false,,,10.99,Core,Core,0.83,0,,0,32939,714,Source One Financial Services,LA, dustin pinkston,1,1,LA103,Core
249596,,54029.47,180,Auto Decline,PPL MOTORHOMES - NEW BRAUNFELS - TX441,,TX,NEW BRAUNFELS,2026-08-15,,,2021,RV,Used,,29.23,3.97,gott,,0,15.74,12300,12300,false,,,16.74,Silver 2,Silver 2,0.73,0,,0,74140,629,Source One Financial Services,TX,,0,0,TX441,Silver
249733,rsimmons,22977.39,180,Decline,Blue Compass RV - South Beumont - TX551,Blue Compass,TX,Vidor,2026-08-15,,,2020,RV,Used,,24.17,0.94,gott,,96,10.74,5000,5000,false,,,12.24,Core,Core,1.05,0,,0,21800,691,Source One Financial Services,SC, leah sligar,0,0,TX551,Core
249683,sbaker,18712.19,180,Decline,Georgia Campers - GA145,,GA,Newman,2026-08-15,,,2027,RV,New,623,36.64,2.05,jsmith,,66,12.49,2500,2500,false,,,13.49,Silver 1,Silver 1,0.85,0,,0,22137,674,Source One Financial Services,GA, anne huntsinger,0,0,GA145,Silver
249831,ahunt,33820.82,180,Decline,Blue Compass RV - Albuquerque - NM112,Blue Compass,NM,Albuquerque,2026-08-15,,,2027,RV,New,,31.09,2.94,edominguez,,15,12.49,4000,4000,false,,,13.49,Silver 1,Silver 1,0.84,0,,0,40152,665,Source One Financial Services,TX, raymond ruiz,0,0,NM112,Silver
249739,pmeza,26004.4,144,Booked,Campers Inn - Collinsville - IL257,Campers Inn,IL,Collinsville,2026-08-15,2026-08-17,2026-08-19,2021,RV,Used,,26.92,5.28,gcoulombe,5715,2702,10.49,2000,2000,false,3012,1,11.99,Core,Core,1.27,1560.26,6,0,20500,719,Source One Financial Services,IL, robb best,1,0,IL257,Core
249551,rsimmons,48565.02,180,Approved,Gil Cherry Family RV Center LLC -TX130,,TX,Sweetwater,2026-08-15,2026-08-15,,2019,RV,Used,,44.99,4.95,gott,,13,9.74,5000,5000,false,,,11.24,Core,Core,0.96,0,,0,50600,775,Source One Financial Services,TX, zach burwick,1,1,TX130,Core
249738,rsimmons,29739.38,180,Approved,Rocky Ridge RV - Tyler - TX574,Rocky Ridge,TX,Tyler,2026-08-15,2026-08-15,,2024,RV,Used,,27.85,8.31,gott,,14,9.74,2000,2000,false,,,11.49,Core,Core,1.05,0,,0,28450,733,Source One Financial Services,TX, brandon barsh,1,1,TX574,Core
249707,pmeza,22193,180,Decline,VERN EIDE MARINE - SD111,,SD,Sioux Falls,2026-08-15,,,2019,Boat,Used,,53.08,6.19,dzilberchtein,,68,11.24,2000,2000,false,,,12.74,Core,Core,1.27,0,,0,17500,689,Source One Financial Services,SD, john morel,0,0,SD111,Core
249775,rsimmons,22638.34,180,Decline,OPTIMUM RV TX LLC - Robstown - TX481,Optimum RV,TX,ROBSTOWN,2026-08-15,,,2026,RV,New,,8.25,2.21,gott,,73,9.99,2500,2500,false,,,11.49,Core,Core,0.78,0,,0,28965,709,Source One Financial Services,TX, cade hall,0,0,TX481,Core
249719,eavila,125109.75,144,Conditional Approval,Gulf Coast Marine -TX266,,TX,Corpus Christi,2026-08-15,2026-08-17,,2026,Boat,New,,23.65,2.54,gott,,2721,11.5,20000,20000,false,,,12,Not Applicable,Not Applicable,1,0,,0,125167,660,Ideal Credit Union,TX, melisa dlabaja,1,1,TX266,Not Applicable
249571,sdelarosa,46502.75,240,Decline,Blue Compass RV - Charlotte - NC153,Blue Compass,NC,Concord,2026-08-15,,,2026,RV,New,494,26.04,3.14,jsmith,,21,9.99,5000,12706,false,,,11.49,Core,Core,0.99,0,,0,47132,715,Source One Financial Services,SC, alex kottenstette,0,0,NC153,Core
249809,pmeza,34822.75,180,Booked,MCKEEVER RV and MARINE - TN132,,TN,SWEETWATER,2026-08-15,2026-08-20,2026-08-21,2026,RV,New,,23.72,7.06,jsmith,8372,7258,7.49,2500,2500,false,1114,0,8.99,Core,Core,1.12,2089.36,6,0,31001,855,Source One Financial Services,TN, jamie goebel,1,0,TN132,Core
249810,rsimmons,71847.8,204,Auto Approval,Fun Town Rv/Angelo RV LLC -TX247,Fun Town,TX,San Angelo,2026-08-15,2026-08-25,,2027,RV,New,628,36.4,4.3,gott,,14011,10.24,4000,11832,false,,,11.74,Core,Core,1.25,0,,0,57478,699,Source One Financial Services,TX, brenden boggs,1,1,TX247,Core
249578,sdelarosa,50319.13,206,Decline,CAMPERS INN OF MOCKSVILLE - NC107,Campers Inn,NC,MOCKSVILLE,2026-08-15,,,2014,RV,Used,707,38.81,6.26,jsmith,,29,11.49,2500,2500,false,,,12.99,Core,Core,1.15,0,,0,43774,718,Source One Financial Services,NC, troy egebrecht,0,0,NC107,Core
249637,lgrace,11397.5,144,Booked,FACTORY DIRECT RV and MARINE - GA142,,GA,AMERICUS,2026-08-15,2026-08-17,2026-08-18,2018,RV,Used,,22.1,1.97,jsmith,4652,2962,13.74,2000,2000,false,1690,0,14.74,Silver 1,Silver 1,0.62,455.9,4,0,18450,666,Source One Financial Services,GA, gina harris,1,0,GA142,Silver
249549,sdelarosa,52658.85,144,Conditional Approval,BLUE COMPASS RV - FT WORTH - TX420,Blue Compass,TX,Fort Worth,2026-08-15,2026-08-15,,2022,RV,Used,,37.12,7.72,gott,,209,11.99,5450,5450,false,,,11.99,Core,Not Applicable,0.82,0,,0,64350,681,Connexus Credit Union,TX, rj norman,1,1,TX420,Not Applicable
249601,rsimmons,63664.79,240,Conditional Approval,BLUE COMPASS RV - FT WORTH - TX420,Blue Compass,TX,Fort Worth,2026-08-15,2026-08-15,,2026,RV,New,,32.45,14.61,gott,,37,7.99,7000,7000,false,,,9.49,Core,Core,0.98,0,,0,64869,784,Source One Financial Services,TX, rj norman,1,1,TX420,Core
249693,ahunt,67098.8,240,Booked,CAMPERS INN OF KINGSTON - NH100,Campers Inn,NH,KINGSTON,2026-08-15,2026-08-17,2026-08-17,2026,RV,New,,39.65,4.33,gcoulombe,2937,2817,7.49,4000,4100,false,120,0,8.99,Core,Core,1.4,4025.93,6,0,47781,851,Source One Financial Services,ME, kenneth unger,1,0,NH100,Core
249623,lgrace,28135,180,Booked,American RVs and Auto Sales - OH183 LLC,,OH,Belpre,2026-08-15,2026-08-15,2026-08-23,2020,RV,Used,,48.89,5.3,jharrington1,11841,102,10.49,0,0,false,258,11481,11.99,Core,Core,0.9,1688.1,6,0,31250,720,Source One Financial Services,OH,,1,0,OH183,Core
249814,eavila,34079.75,180,Auto Approval,Casita Travel Trailers - TX563,RDS,TX,Rice,2026-08-15,2026-08-15,,2026,RV,New,,47.77,7.71,gott,,20,7.49,10000,10000,false,,,8.99,Core,Core,0.88,0,,0,38778,835,Source One Financial Services,MI, andy krier,1,1,TX563,Core
249846,sbaker,53069.22,180,Auto Approval,HOWDY RANCH RV - TX315,,TX,Mathis,2026-08-15,2026-08-17,,2021,RV,Used,,18.5,10.66,gott,,2523,10.99,12200,12200,false,,,11.99,Core,Core,0.94,0,,0,56250,751,Source One Financial Services,TX, aj marino,1,1,TX315,Core
249628,,98295,180,Auto Decline,CAMPERS INN OF MOCKSVILLE - NC107,Campers Inn,NC,MOCKSVILLE,2026-08-15,,,2023,RV,Used,707,53.33,20.77,jsmith,,74,22.99,5000,5000,false,,,23.99,Bronze,Core,0.75,0,,0,130284,718,Source One Financial Services,NC, scott hayes,0,0,NC107,Business First
249608,sbaker,22743.75,180,Booked,RV Sales - TX554,,TX,Ponder,2026-08-15,2026-08-20,2026-08-20,2024,RV,Used,673,13.44,1.64,gott,7394,7288,9.99,2500,2500,false,104,2,11.49,Core,Core,0.73,1364.63,6,0,31250,710,Source One Financial Services,TX,,1,0,TX554,Core
249577,eavila,19888.42,120,Booked,Blue Compass RV - South Raleigh - NC158,Blue Compass,NC,Benson,2026-08-15,2026-08-18,2026-08-18,2026,RV,New,,26.88,9.95,jsmith,4533,4522,12.49,1450,1450,false,7,4,13.49,Silver 1,Silver 1,1.1,795.54,4,0,18055,665,Source One Financial Services,NC, kyle cecala,1,0,NC158,Silver
249686,lgrace,19370.12,120,Booked,Ashley Marine LLC - GA147,,GA,Columbus,2026-08-15,2026-08-25,2026-08-27,2025,Boat,New,,23.21,4.71,jsmith,17036,14514,11.74,3000,3000,false,2424,98,11.74,Silver 1,Not Applicable,1.2,193.7,1,0,16203,675,Connexus Credit Union,GA, shirley ashley,1,0,GA147,Not Applicable
249621,sbaker,16837.79,144,Decline,Fun Town RV Ottawa LLC - KS125,Fun Town,KS,Ottawa,2026-08-15,,,2027,RV,New,640,28.65,2.38,jweller,,270,12.24,1640,1640,false,,,13.49,Silver 1,Not Applicable,0.82,0,,0,20521,675,Connexus Credit Union,MO, john lucas,0,0,KS125,Not Applicable
249721,sdelarosa,19597.06,180,Decline,Beckley's Camping Center - MD111,,MD,Thurmont,2026-08-15,,,2027,RV,New,,28.4,4.09,gcoulombe,,61,13.74,4000,4000,false,,,14.74,Silver 1,Silver 1,0.71,0,,0,27680,659,Source One Financial Services,PA, tony mills,0,0,MD111,Silver
249808,,16278.7,144,Auto Decline,Blue Compass RV - South Beumont - TX551,Blue Compass,TX,Vidor,2026-08-15,,,2017,RV,Used,,63.09,5.69,gott,,0,22.99,1000,1000,false,,,23.99,Bronze,Bronze,1.48,0,,0,11000,594,Source One Financial Services,TX,,0,0,TX551,Business First
249828,eavila,80537.3,204,Conditional Approval,Blue Compass RV - Bowling Green - KY152,Blue Compass,KY,Bowling Green,2026-08-15,2026-08-15,,2027,RV,New,,37.51,8.91,jharrington1,,17,9.74,18000,32000,false,,,11.24,Core,Core,1.01,0,,0,79399,726,Source One Financial Services,TX, michael gaboury,1,1,KY152,Core
249651,rsimmons,33003.84,180,Conditional Approval,DeMontrond RV - Texas City - TX514,,TX,Texas city,2026-08-15,2026-08-15,,2020,RV,Used,683,29.14,3.4,gott,,110,10.74,1610,1610,false,,,12.24,Core,Core,0.83,0,,0,39950,708,Source One Financial Services,TX, shedrick donnette,1,1,TX514,Core
249765,eavila,29208.62,144,Auto Approval,AMERICA GO RV (Seguin) -TX419,,TX,SEGUIN,2026-08-15,2026-08-15,,2015,RV,Used,,23.29,8.24,gott,,84,14.99,3000,3000,false,,,15.99,Silver 1,Silver 1,0.81,0,,0,36100,656,Source One Financial Services,TX, tanner towsend,1,1,TX419,Silver
249726,rsimmons,82316.16,204,Conditional Approval,Rocky Ridge RV - Nacogdoches - TX525,Rocky Ridge,TX,Nacogdoches,2026-08-15,2026-08-15,,2026,RV,New,704,38.39,3.58,gott,,90,9.74,6200,6200,false,,,9.74,Core,Core,0.99,0,,0,82799,727,Source One Financial Services,TX, troy ansley,1,1,TX525,Core
249568,,20992.79,180,Auto Decline,Rock Solid Funding LLC - TX536,RSF,TX,BEDFORD,2026-08-15,,,2017,RV,Used,,20.62,4.68,S1House,,0,16.24,4000,4000,false,,,17.24,Silver 2,Silver 2,0.9,0,,0,23250,638,Source One Financial Services,NJ,,0,0,TX536,Silver
249550,,28349.58,180,Auto Decline,Blue Compass RV - Knoxville - TN159,Blue Compass,TN,Louisville,2026-08-15,,,2022,RV,Used,,51.65,7.35,jsmith,,10,22.99,5000,5000,false,,,23.99,Bronze,Silver 1,0.99,0,,0,28545,652,Source One Financial Services,TN, david smith jr.,0,0,TN159,Business First
249781,pmeza,20573.96,204,Auto Approval,Blue Compass RV - St. Louis - MO230,Blue Compass,MO,Eureka,2026-08-15,2026-08-22,,2026,RV,New,,32.59,2.95,jweller,,10118,9.99,1000,1000,false,,,11.49,Core,Core,0.75,0,,0,27265,703,Source One Financial Services,MO, alex kennard,1,1,MO230,Core
249797,rsimmons,19061.27,144,Decline,RV Station LTD - Donna -TX289,,TX,Donna,2026-08-15,,,2018,RV,Used,,24.2,3.65,gott,,35,13.74,2500,2500,false,,,14.74,Silver 1,Silver 1,1.37,0,,0,13915,661,Source One Financial Services,TX, manny gomez,0,0,TX289,Silver
249715,mnava,75825.88,240,Approved,Texoma Boat House - OK146,,OK,Calera,2026-08-15,2026-08-15,,2023,Boat,Used,760,22.78,1.31,jweller,,92,8.24,0,27000,false,,,9.74,Core,Core,0.94,0,,0,80420,799,Source One Financial Services,TX, kristen thorn,1,1,OK146,Core
249574,rsimmons,12052,120,Decline,COUNTY LINE CAMPERS - MS108,,MS,GULFPORT,2026-08-15,,,2019,RV,Used,,8.35,2.42,jsmith,,21,13.74,4000,4000,false,,,14.74,Silver 1,Silver 1,0,0,,0,0,661,Source One Financial Services,LA,,0,0,MS108,Silver
249654,mnava,38973.07,180,Booked,HASKELL RV CENTER - TX434,,TX,HASKELL,2026-08-15,2026-08-21,2026-08-21,2021,RV,Used,819,33.7,3.88,gott,8498,8460,7.99,4000,4000,false,16,22,9.49,Core,Core,1.1,2338.38,6,0,35300,821,Source One Financial Services,TX, samantha pelz,1,0,TX434,Core
249825,pmeza,42031.45,120,Decline,BLUE COMPASS RV - FT WORTH - TX420,Blue Compass,TX,Fort Worth,2026-08-15,2026-08-17,,2020,RV,Used,,25.98,15.63,gott,,3006,8.55,0,11000,false,,,9.55,Core,Not Applicable,0.98,0,,0,42700,681,Ideal Credit Union,TX, rj norman,0,0,TX420,Not Applicable
249699,,18417.49,180,Auto Decline,BLUE COMPASS RV - LUBBOCK - TX117,Blue Compass,TX,Lubbock,2026-08-15,,,2027,RV,Used,,21.92,2.72,gott,,0,14.99,0,0,false,,,15.99,Silver 2,Silver 2,1.03,0,,0,17923.08,634,Source One Financial Services,TX,,0,0,TX117,Silver
249606,pmeza,47368.69,204,Booked,Nice Campers.com-AR129,,AR,Russellville,2026-08-15,2026-08-24,2026-08-24,2022,RV,Used,,21.55,3.63,jweller,13228,12932,10.49,5000,25000,false,296,0,11.99,Core,Core,0.85,2842.12,6,0,55850,710,Source One Financial Services,AR, mike dolente,1,0,AR129,Core
249580,sdelarosa,15981.16,144,Decline,RCD Sales Co. LTD -OH127,,OH,Pataskala,2026-08-15,,,2026,RV,New,630,28.31,2.44,jharrington1,,39,12.49,0,15000,false,,,13.49,Silver 1,Silver 1,0.6,0,,0,26841,675,Source One Financial Services,OH, joseph gallo,0,0,OH127,Silver
249756,rsimmons,69912.57,240,Approved,RGV RV SALES - TX569,,TX,Mission,2026-08-15,2026-08-15,,2027,RV,New,,12.52,8.38,gott,,72,10.24,7130,7130,false,,,10.74,Core,Core,1.07,0,,0,65249,721,Source One Financial Services,TX, aldo camarillo,1,1,TX569,Core
249727,rsimmons,20181.8,180,Conditional Approval,CampNorth RV  - MI462,,MI,Schoolcraft,2026-08-15,2026-08-15,,2026,RV,New,690,14.01,1.29,dzilberchtein,,94,10.24,1000,1000,false,,,11.74,Core,Core,0.9,0,,0,22320,705,Source One Financial Services,MI, calvin helmuth,1,1,MI462,Core
249734,mnava,29187.36,180,Conditional Approval,RV Station LTD - Bryan/College Station -TX193,,TX,College Station,2026-08-15,2026-08-15,,2025,RV,Used,650,22.93,2.64,gott,,130,10.24,3000,3000,false,,,11.74,Core,Core,0.6,0,,0,48250,684,Source One Financial Services,TX, curtis hunsinger,1,1,TX193,Core
249598,eavila,20470.21,144,Approved,RV Value Mart-Willow ST-PA124,,PA,Willow Street,2026-08-15,2026-08-15,,2026,RV,New,,33.85,2.01,jharrington1,,116,9.74,2500,2500,false,,,11.24,Core,Core,0.75,0,,0,27114,729,Source One Financial Services,PA, tyler ashley,1,1,PA124,Core
249622,,37263.57,144,Auto Decline,SUNRISE MARINE CENTER - AR109,,AR,SEARCY,2026-08-15,,,2027,Boat,New,630,51.84,4.96,jweller,,0,14.99,4150,4150,false,,,15.99,Silver 2,Silver 2,1.25,0,,0,29897.79,629,Source One Financial Services,AR,,0,0,AR109,Silver
249639,ahunt,129407.2,240,Auto Approval,Action Water Sports Texas-ETX125,EPIC,TX,Lewisville,2026-08-15,2026-08-15,,2026,Boat,New,,40.97,10.26,S1House,,67,9.99,15000,15000,false,,,11.49,Core,Core,1.11,0,,0,116298,720,Source One Financial Services,TX, sierra whitmire,1,1,ETX125,Core
249672,sbaker,18975.65,144,Conditional Approval,DADS CAMPER OUTLET - LAMAR - MS105,,MS,SUMRALL,2026-08-15,2026-08-15,,2025,RV,New,,21.56,5.32,jsmith,,70,9.99,2000,2000,false,,,11.49,Core,Core,0.75,0,,0,25343,712,Source One Financial Services,MS, norman sipe,1,1,MS105,Core
249784,pmeza,52395.99,204,Booked,Blue Compass RV - Tyler - TX552,Blue Compass,TX,Tyler,2026-08-15,2026-08-18,2026-08-18,2021,RV,Used,,3.23,2.38,gott,4279,4203,10.24,5000,5000,false,75,1,11.74,Core,Core,1.34,3143.76,6,0,39150,736,Source One Financial Services,TX, taylor mahan,1,0,TX552,Core
249689,lgrace,14555.4,120,Auto Approval,Setzer's World of Camping Inc - WV106,,WV,Huntington,2026-08-15,2026-08-18,,2025,RV,New,818,31.75,4,jharrington1,,4036,7.49,0,0,false,,,8.99,Core,Core,0.87,0,,0,16799,815,Source One Financial Services,WV, eric collinsworth,1,1,WV106,Core
249815,pmeza,45312.24,180,Decline,Blue Compass RV - Gassville - AR137,Blue Compass,AR,Gassville,2026-08-15,,,2026,RV,New,,42.42,7.48,jweller,,20,12.49,1800,7250,false,,,13.49,Silver 1,Silver 1,1.12,0,,0,40601,677,Source One Financial Services,AR, nathaniel bowling,0,0,AR137,Silver
249779,rsimmons,40031.38,180,Decline,Ron Hoover - Odessa - TX495,Ron Hoover,TX,Odessa,2026-08-15,,,2027,RV,New,,18.24,6.71,gott,,64,9.99,4000,4000,false,,,11.49,Core,Core,1.17,0,,0,34304,712,Source One Financial Services,AZ, leo correa,0,0,TX495,Core
249698,eavila,20532.62,180,Auto Approval,Blue Compass RV - Prescott Valley - AZ362,Blue Compass,AZ,PRESCOTT VALLEY,2026-08-15,2026-08-24,,2021,RV,Used,,29.22,6.6,edominguez,,13100,10.24,5000,5000,false,,,11.74,Core,Core,0.86,0,,0,23950,690,Source One Financial Services,AZ, michael bennett,1,1,AZ362,Core
249614,sdelarosa,11169.86,120,Approved,Keystone RV Center  - PA110,Pete's RV,PA,Greencastle,2026-08-15,2026-08-15,,2019,RV,Used,,2.33,1.83,jharrington1,,39,8.49,3500,3500,false,,,9.99,Core,Core,1.05,0,,0,10650,842,Source One Financial Services,MI, jen habina,1,1,PA110,Core
249746,eavila,31832.28,144,Approved,FUN TOWN RV CONROE -TX400,Fun Town,TX,CONROE,2026-08-15,2026-08-15,,2026,RV,New,,19.31,6.95,gott,,82,9.74,3100,3100,false,,,11.24,Core,Core,0.95,0,,0,33640,737,Source One Financial Services,TX, michal procek,1,1,TX400,Core
249590,pmeza,95301,240,Decline,BRETZ RV & MARINE - BILLINGS - MT115,Bretz RV,MT,Billings,2026-08-15,,,2026,RV,New,628,16.84,4.03,dzilberchtein,,26,10.24,10000,45022,false,,,11.74,Core,Core,0.92,0,,0,103088,682,Source One Financial Services,ID, nikolaus hinebauch,0,0,MT115,Core
249722,eavila,67647.9,240,Decline,BLUE COMPASS RV - DALLAS - TX147,Blue Compass,TX,Mesquite,2026-08-15,,,2023,RV,Used,,21.78,12.12,gott,,95,14.49,7000,7000,false,,,15.49,Silver 1,Silver 1,0.79,0,,0,85910,654,Source One Financial Services,TX, kevin logan,0,0,TX147,Silver
249717,lgrace,34100.4,204,Auto Approval,SKAGGS RV OUTLET - KY113,,KY,ELIZABETHTOWN,2026-08-15,2026-08-15,,2026,RV,New,778,31.08,4.55,jharrington1,,58,7.99,0,4400,false,,,9.49,Core,Core,0.96,0,,0,35365,786,Source One Financial Services,KY, donnie simoneit,1,1,KY113,Core
249757,eavila,102161.34,204,Conditional Approval,Fretz RV -PA126,,PA,Souderton,2026-08-15,2026-08-15,,2022,RV,Used,770,41.76,5.48,jharrington1,,79,7.99,7500,7500,false,,,9.49,Core,Core,0.98,0,,0,104200,841,Source One Financial Services,CT, tony eidle,1,1,PA126,Core
249712,eavila,30075.66,144,Conditional Approval,RGV RV SALES - TX569,,TX,Mission,2026-08-15,2026-08-15,,2027,RV,New,,26.39,5.19,gott,,128,12.99,3000,3000,false,,,12.99,Silver 1,Not Applicable,0.85,0,,0,35586,641,Connexus Credit Union,TX, rudy youngblood,1,1,TX569,Not Applicable
249664,sbaker,40817.13,180,Approved,BLUE COMPASS RV - CANTON - TX226,Blue Compass,TX,Wills Point,2026-08-15,2026-08-15,,2026,RV,New,,33.21,4.02,gott,,73,14.99,4200,4200,false,,,15.99,Silver 1,Silver 1,0.95,0,,0,43120,640,Source One Financial Services,TX, dave leflore,1,1,TX226,Silver
249575,,31689.62,180,Auto Decline,Henderson Implement and Marine- LA116,,LA,Lake Charles,2026-08-15,,,2026,Boat,New,,24.83,3.85,gott,,0,22.99,3500,3500,false,,,23.99,Bronze,Bronze,1.08,0,,0,29469,576,Source One Financial Services,LA,,0,0,LA116,Business First
249778,sbaker,56384.13,204,Conditional Approval,Blue Compass RV - Austin - TX522,Blue Compass,TX,Buda,2026-08-15,2026-08-15,,2021,RV,Used,753,42.71,3.17,gott,,67,7.99,5000,6257,false,,,9.49,Core,Core,1.04,0,,0,54300,820,Source One Financial Services,TX, abel lopez,1,1,TX522,Core
249758,eavila,15404.43,60,Verifications Incomplete,Blue Compass RV - Danville - VA125,Blue Compass,VA,Ringgold,2026-08-15,2026-08-21,,2016,RV,Used,,20.32,9.95,jsmith,,8611,12.99,1500,1500,false,,7,13.49,Core,Core,1.96,0,,0,7850,686,Source One Financial Services,NC, joshua kelley,1,1,VA125,Core
249565,sbaker,48834,204,Approved,Fun Town RV - Little Rock - AR126,Fun Town,AR,Bryant,2026-08-15,2026-08-15,,2026,RV,New,716,41.52,3.16,jweller,,25,8.49,0,0,false,,,9.99,Core,Core,1.09,0,,0,44799,766,Source One Financial Services,AR, wade meeks,1,1,AR126,Core
249582,pmeza,32501.32,144,Booked,Thomas RV and Auto Sales - AR118,,AR,Searcy,2026-08-15,2026-08-15,2026-08-15,2026,RV,New,,13.82,5.35,jweller,386,153,7.49,0,8000,false,226,7,8.99,Core,Core,1.06,1950.08,6,0,30750,809,Source One Financial Services,AR, annette domingo,1,0,AR118,Core
249770,pmeza,12109.1,120,Auto Approval,Blue Compass RV - Jacksonville - FL336,Blue Compass,FL,Jacksonville,2026-08-15,2026-08-17,,2025,RV,New,,31.8,4.27,pcarter,,2861,9.99,1100,1100,false,,,11.49,Core,Core,0.78,0,,0,15585,705,Source One Financial Services,FL, koby johnson,1,1,FL336,Core
249730,sdelarosa,63807.11,240,Decline,General RV - Richmond - VA117,General RV,VA,Ashland,2026-08-15,,,2022,RV,Used,,10.68,10.67,jsmith,,74,9.99,15000,15000,false,,,11.49,Core,Core,0.79,0,,0,80355,758,Source One Financial Services,VA, joey gormus,0,0,VA117,Core
249768,sdelarosa,49672.33,180,Booked,CAMPERS INN RV OF RALEIGH INC - NC109,Campers Inn,NC,SELMA,2026-08-15,2026-08-21,2026-08-24,2026,RV,New,,44.22,10.25,jsmith,12978,8430,10.24,0,5043.04,false,4547,1,11.49,Core,Core,1.09,2483.62,5,0,45376.5,698,Source One Financial Services,NC, tressa row,1,0,NC109,Core
249764,,93537.41,240,Auto Decline,Blue Compass RV - Greensboro - NC155,Blue Compass,NC,Colfax,2026-08-15,,,2026,RV,Used,,65.66,20.7,jsmith,,0,8.74,0,20899.53,false,,,10.24,Core,Core,0.61,0,,0,153877,775,Source One Financial Services,VA,,0,0,NC155,Core
249824,,20988,180,Auto Decline,I-15 RV - SCA114,,CA,HESPERIA,2026-08-15,,,2026,RV,New,,30.21,3.45,jrubi,,0,14.99,2500,2500,false,,,15.99,Silver 2,Silver 2,0.85,0,,0,24829,635,Source One Financial Services,CA,,0,0,SCA114,Silver
249647,mnava,14318,120,Auto Approval,River Valley Power and Sport Inc. Rochester-MN671,,MN,Rochester,2026-08-15,2026-08-15,,2011,Boat,Used,,32.47,1.82,dzilberchtein,,55,8.99,3300,3300,false,,,10.49,Core,Core,1.05,0,,0,13664,858,Source One Financial Services,MN,,1,1,MN671,Core
249671,sdelarosa,49297.93,240,Booked,Williamson RV LLC-IN209,,IN,Seymour,2026-08-15,2026-08-21,2026-08-21,2026,RV,New,733,26.82,8.34,jharrington1,8854,8830,9.74,500,500,false,23,1,11.24,Core,Core,1.13,2957.88,6,0,43685,736,Source One Financial Services,IN, jerry hale,1,0,IN209,Core
249630,,25949.75,180,Auto Decline,ANGLERS CHOICE - SPINDALE - NC102,,NC,SPINDALE,2026-08-15,,,2026,Boat,New,584,14.93,3.51,jsmith,,0,22.99,2800,2800,false,,,23.99,Bronze,Bronze,0.93,0,,0,27971,579,Source One Financial Services,SC,,0,0,NC102,Business First
249751,eavila,43768.61,204,Booked,Blue Compass RV - North Atlanta - GA158,Blue Compass,GA,Buford,2026-08-15,2026-08-18,2026-08-18,2026,RV,New,705,21.15,3.79,jsmith,4383,4346,8.74,0,0,false,37,0,10.24,Core,Core,1.24,2626.12,6,0,35245,769,Source One Financial Services,GA, roland boughton,1,0,GA158,Core
249713,eavila,65026.77,204,Decline,Blue Compass RV - San Antonio - TX572,Blue Compass,TX,San Antonio,2026-08-15,,,2026,RV,New,704,47.02,8.63,gott,,53,10.24,6700,6700,false,,,11.74,Core,Core,0.93,0,,0,70160,698,Source One Financial Services,TX, qyn loza,0,0,TX572,Core
249670,lgrace,74990.11,204,Auto Approval,Blue Compass RV - Gainesville - FL335,Blue Compass,FL,Alachua,2026-08-15,2026-08-17,,2026,RV,New,,28.52,6.74,pcarter,,2998,12.49,5700,8700,false,,,13.49,Silver 1,Silver 1,1.05,0,,0,71245,666,Source One Financial Services,LA, mandi watt,1,1,FL335,Silver
249658,eavila,42990.19,120,Conditional Approval,Fun Town RV - Cleburne -TX108,Fun Town,TX,Cleburne,2026-08-15,2026-08-15,,2020,RV,Used,,21.87,10.01,S1House,,80,10.74,4450,4450,false,,,12.24,Core,Core,0.98,0,,0,43750,686,Source One Financial Services,TX, jonathan riley,1,1,TX108,Core
249619,,33539,180,Cancelled,Blue Compass RV - Tyler - TX552,Blue Compass,TX,Tyler,2026-08-15,,,2026,RV,New,,0,0,gott,,,22.99,9600,-2400,false,,,23.99,Bronze,Bronze,1.09,0,,0,30710,,Source One Financial Services,TX, clay coleman,0,0,TX552,Business First
249829,pmeza,20810.57,144,Booked,RV COUNTRY - FRESNO - NCA115,RV Country,CA,FRESNO,2026-08-15,2026-08-24,2026-08-25,2026,RV,New,,20.04,1.71,jrubi,14292,12794,10.24,3000,3000,false,1497,1,11.74,Core,Core,1.4,1248.63,6,0,14907.72,684,Source One Financial Services,CA, travis jury,1,0,NCA115,Core
249624,pmeza,22626.88,144,Approved,Fun Town RV- Waco-TX212,Fun Town,TX,Hewitt,2026-08-15,2026-08-15,,2026,RV,New,,24.95,3.84,gott,,112,10.24,3000,3000,false,,,11.74,Core,Core,0.84,0,,0,26955,683,Source One Financial Services,TX, matt peacock,1,1,TX212,Core
249740,mnava,75825.88,240,Auto Approval,Texoma Boat House - OK146,,OK,Calera,2026-08-15,2026-08-15,,2023,Boat,Used,760,22.78,1.31,jweller,,79,8.24,0,27000,false,,,9.74,Core,Core,0.94,0,,0,80420,799,Source One Financial Services,TX, kristen thorn,1,1,OK146,Core
249830,mnava,32683.26,180,Decline,RV COUNTRY - FRESNO - NCA115,RV Country,CA,FRESNO,2026-08-15,,,2017,RV,Used,,16.19,10.12,jrubi,,16,10.99,7000,7000,false,,,12.49,Core,Core,0.98,0,,0,33350,703,Source One Financial Services,CA, ryan davis,0,0,NCA115,Core
249804,pmeza,75000,180,Conditional Approval,"Water World Marine Services, Inc. - ENC121",EPIC,NC,Durham,2026-08-15,2026-08-15,,2027,Boat,New,,19.45,4.24,S1House,,35,13.74,25273.85,25273.85,false,,,14.74,Silver 1,Silver 1,0.87,0,,0,86200,657,Source One Financial Services,NC, sierra whitmire,1,1,ENC121,Silver
249696,eavila,22143,144,Pending,WEHR FORD OF MTN. GROVE - 2ND LOCATION- MO186,,MO,MTN. GROVE,2026-08-15,2026-08-15,,2024,RV,New,,3.4,0.19,jweller,,36,9.49,0,0,false,,,10.99,Core,Core,0.62,0,,0,35982.25,756,Source One Financial Services,MO, chase barnes,0,0,MO186,Core
249615,eavila,61349,240,Contract Received,"Vantage Recreational Finance, Inc. -FL291",VRF,FL,FORT LAUDERDALE,2026-08-15,2026-08-27,,2024,Boat,Used,,38.9,9.04,S1House,,17497,9.49,6750,6750,false,,184,10.99,Core,Core,0.77,0,,0,80185,747,Source One Financial Services,DE, trenton cott,1,1,FL291,Core
249572,sdelarosa,11680.81,168,Auto Approval,General RV Center - North Canton - OH200,General RV,OH,North Canton,2026-08-15,2026-08-15,,2018,RV,Used,,20.18,1.11,jharrington1,,46,11.24,2600,2600,false,,,12.74,Core,Core,1.07,0,,0,10900,682,Source One Financial Services,OH, martin jay,1,1,OH200,Core
249570,sdelarosa,83866.25,240,Decline,General RV - Jacksonville - FL236,General RV,FL,Orange Park,2026-08-15,,,2016,RV,Used,714,24.46,5.31,pcarter,,4328,10.74,0,0,false,,,12.24,Core,Core,0.92,0,,0,90860,733,Source One Financial Services,PA, lou marino,0,0,FL236,Core
249838,mnava,88658.43,180,Auto Approval,Sky River RV - Paso Robles - SCA146,SkyRiver,CA,Paso Robles,2026-08-15,2026-08-15,,2016,RV,Used,,49.76,6.37,jrubi,,37,8.49,14000,16500,false,,,9.99,Core,Core,0.94,0,,0,94300,844,Source One Financial Services,CA, andy shellcross,1,1,SCA146,Core
249645,pmeza,12100,120,Booked,Colaw RV Sales -MO110,,MO,Carthage,2026-08-15,2026-08-22,2026-08-24,2020,RV,Used,,13.01,1.63,jweller,13153,10806,10.49,500,500,false,2347,0,11.99,Core,Core,1.21,726,6,0,10000,709,Source One Financial Services,KS, hailey coss,1,0,MO110,Core
249851,lgrace,10445.6,120,Booked,Auction Direct RV - FL319,,FL,Ocala,2026-08-15,2026-08-17,2026-08-18,2022,RV,Used,,44.37,3.74,pcarter,4112,2957,10.49,2000,2000,false,1155,0,11.99,Core,Core,0.62,626.74,6,0,16800,701,Source One Financial Services,FL, geoff cohen,1,0,FL319,Core
249708,jrubi,21797.35,180,Booked,Liberty RV-MO107,,MO,Liberty,2026-08-15,2026-08-26,2026-08-26,2021,RV,Used,,27.97,2.63,jweller,16139,15945,10.49,1000,1000,false,186,8,11.99,Core,Core,0.95,1307.84,6,0,23050,703,Source One Financial Services,MS, shawn wiegers,1,0,MO107,Core
249648,ahunt,26224.7,180,Decline,"Lone Star RV Sales, INC -TX206",,TX,Houston,2026-08-15,,,2026,RV,New,713,51.44,2.3,gott,,50,9.74,5000,5000,false,,,11.24,Core,Core,0.85,0,,0,30778,722,Source One Financial Services,TX, bob russo,0,0,TX206,Core
249774,rsimmons,55865.97,180,Booked,Clear Creek Camping LLC-TX396,,TX,Abilene,2026-08-15,2026-08-22,2026-08-22,2023,RV,Used,,15.12,5.18,gott,10007,9920,10.49,3000,4200,false,75,12,11.99,Core,Core,1,3351.96,6,0,56000,700,Source One Financial Services,TX, mark connally,1,0,TX396,Core
249616,eavila,8810.09,60,Booked,Ashley Marine - Panama City -  FL255,,FL,Panama City,2026-08-15,2026-08-21,2026-08-25,2022,Boat,Used,,44.16,1.08,wstoutimore,14646,9409,8.99,0,0,false,5237,0,9.49,Core,Core,1.16,176.2,2,0,7580,787,Source One Financial Services,FL, amy silas,1,0,FL255,Core
249569,ahunt,75246.85,240,Booked,OCEAN MARINE GROUP - DAPHNE - AL120,,AL,DAPHNE,2026-08-15,2026-08-22,2026-08-25,2021,Boat,Used,,7.41,7.01,jsmith,14791,10284,7.99,10000,10000,false,4507,0,9.49,Core,Core,1.28,4514.81,6,0,58995,807,Source One Financial Services,LA, roger harrison,1,0,AL120,Core
249649,rsimmons,99547.9,240,Approved,General RV - Richmond - VA117,General RV,VA,Ashland,2026-08-15,2026-08-15,,2026,RV,New,,38.02,9.14,jsmith,,82,9.99,14000,14000,false,,,11.49,Core,Core,1.05,0,,0,95004,700,Source One Financial Services,OH, dj daenzer,1,1,VA117,Core
249581,sdelarosa,11352.63,120,Conditional Approval,Blue Compass RV - Jacksonville - FL336,Blue Compass,FL,Jacksonville,2026-08-15,2026-08-19,,2019,RV,Used,,32.5,1.54,pcarter,,5629,11.24,1000,1000,false,,,12.74,Core,Core,0.73,0,,0,15600,684,Source One Financial Services,TN, koby johnson,1,1,FL336,Core
249560,sdelarosa,40643.48,180,Decline,Fun Town RV - Nature Coast -FL302,Fun Town,FL,Crystal River,2026-08-15,,,2026,RV,New,,27.62,11.24,wstoutimore,,6,12.49,20000,34000,false,,,13.49,Silver 1,Silver 1,0.55,0,,0,74461,674,Source One Financial Services,FL, bill uttech,0,0,FL302,Silver
249736,sdelarosa,35859.14,180,Decline,Maxie Price RV - GA161,,GA,Loganville,2026-08-15,,,2026,RV,New,,30.29,9,jsmith,,73,12.49,3500,3500,false,,,13.49,Silver 1,Silver 1,0.83,0,,0,43000,672,Source One Financial Services,GA, matt eaton,0,0,GA161,Silver
249855,,32937.47,180,Auto Decline,Premier Watersports - Gallatin - ETN132,EPIC,TN,Gallatin,2026-08-15,,,2015,Boat,Used,,30.59,8.47,S1House,,0,16.24,3500,3500,false,,,17.24,Silver 2,Silver 2,0.84,0,,0,38995,629,Source One Financial Services,TN,,0,0,ETN132,Silver
249839,ahunt,11410.31,120,Decline,General RV - Tampa - FL238,General RV,FL,Dover,2026-08-15,,,2023,RV,Used,471,38.7,1.69,wstoutimore,,7,7.99,8409,8409,false,,,9.49,Core,Core,0.56,0,,0,20515,850,Source One Financial Services,FL, tommy miranda,0,0,FL238,Core
249724,lgrace,50600,180,Conditional Approval,Palmetto State RV LLC - SC128,,SC,Greer,2026-08-15,2026-08-15,,2019,RV,Used,,14.47,10.45,jsmith,,186,8.24,5400,5400,false,,,9.24,Core,Not Applicable,0.85,0,,0,59492,804,Connexus Credit Union,NC, will scoggins,1,1,SC128,Not Applicable
249595,sdelarosa,40812,180,Auto Approval,Blue Compass RV - Spartanburg - SC144,Blue Compass,SC,Duncan,2026-08-15,2026-08-15,,2022,RV,Used,782,17.37,3.42,jsmith,,62,7.99,0,200,false,,,9.49,Core,Core,1.05,0,,0,38750,820,Source One Financial Services,SC, john balma,1,1,SC144,Core
249745,sdelarosa,16858,180,Decline,LEOS VACATION CENTER INC - MD102,,MD,GAMBRILLS,2026-08-15,,,2026,RV,New,,38.57,2.45,gcoulombe,,60,13.74,500,500,false,,,14.74,Silver 1,Silver 1,1.19,0,,0,14195,658,Source One Financial Services,MD,,0,0,MD102,Silver
249731,eavila,25463.44,204,Booked,"RV COUNTRY ARIZONA, LLC - FLAGSTAFF -AZ332",RV Country,AZ,FLAGSTAFF,2026-08-15,2026-08-23,2026-08-24,2022,RV,Used,646,31.03,1.34,edominguez,13022,11635,9.99,5000,5000,false,1386,1,11.49,Core,Core,1.43,1527.81,6,0,17750,718,Source One Financial Services,AZ, derek burdine,1,0,AZ332,Core
249669,,27883.61,144,Auto Decline,Camperland Trailer Sales Inc -TX167,,TX,Conroe,2026-08-15,,,2022,RV,Used,,47.19,9.07,gott,,0,15.74,3000,3000,false,,,16.74,Silver 2,Silver 2,0.94,0,,0,29590,624,Source One Financial Services,TX,,0,0,TX167,Silver
249599,sbaker,37496.02,180,Approved,Ron Hoover Companies of Texarkana - TX557,Ron Hoover,TX,Texarkana,2026-08-15,2026-08-15,,2022,RV,Used,,22.2,9.44,gott,,112,8.24,2000,2000,false,,,9.24,Core,Not Applicable,0.97,0,,0,38800,772,Connexus Credit Union,AR, bryce sowell,1,1,TX557,Not Applicable
249844,eavila,86180.37,204,Booked,RGV RV SALES - TX569,,TX,Mission,2026-08-15,2026-08-17,2026-08-19,2027,RV,New,,41.89,9.82,gott,5469,2864,10.24,8350,8350,false,2580,25,11.74,Core,Core,1,5170.82,6,0,85961,691,Source One Financial Services,TX, cesar pena,1,0,TX569,Core
249752,rsimmons,30309.38,180,Approved,Gregg Orr Marine -TX365,,TX,TEXARKANA,2026-08-15,2026-08-15,,2026,Boat,New,712,26.33,1.9,jweller,,83,9.74,3000,3000,false,,,11.24,Core,Core,1.15,0,,0,26275,733,Source One Financial Services,LA, adam henderson,1,1,TX365,Core
249631,sbaker,37723,180,Booked,Liberty Trail RV - Sulphur Springs - TX580,,TX,Sulphur Springs,2026-08-15,2026-08-24,2026-08-25,2027,RV,New,819,14.56,1.69,gott,14736,12879,7.49,0,0,false,1857,0,6.99,Core,Core,0.88,377.23,1,0,42766,822,Source One Financial Services,TX, shaun woodruff,1,0,TX580,Core
249749,pmeza,61743.63,240,Booked,"Root's RV Sales,Inc-IN208",Canopy Financial,IN,Mitchell,2026-08-15,2026-08-22,2026-08-22,2026,RV,New,691,18.22,4.29,jharrington1,10242,10191,8.74,1250,6613.87,false,50,1,10.24,Core,Core,1.41,3704.62,6,0,43701,761,Source One Financial Services,IN, mac mclelland,1,0,IN208,Core
249562,rsimmons,31565.53,180,Decline,Crowder RV Center- TN109,Canopy Financial,TN,Johnson City,2026-08-15,,,2026,RV,New,,42.26,5.88,jsmith,,3,12.49,3500,3500,false,,,13.49,Silver 1,Silver 1,0.79,0,,0,39903,673,Source One Financial Services,TN, mac mclelland,0,0,TN109,Silver
249558,sdelarosa,69454.95,240,Decline,La Mesa RV Center - Davie - FL316,La Mesa,FL,Davie,2026-08-15,,,2026,RV,New,,26.74,12.41,pcarter,,16,14.99,1000,52952,false,,,15.99,Silver 2,Silver 2,0.51,0,,0,134985,625,Source One Financial Services,FL, joel orrison,0,0,FL316,Silver
249644,jrubi,20036.95,180,Decline,HAPPY CAMPERS RV SALES and SERVICE - IN182,,IN,LAFAYETTE,2026-08-15,,,2025,RV,Used,,38,5.35,jharrington1,,84,9.74,6000,6000,false,,,11.24,Core,Core,0.88,0,,0,22759.14,746,Source One Financial Services,FL, jacob lebeau,0,0,IN182,Core
249813,mnava,54587.7,180,Booked,GREAT AMERICAN RV SUPERSTORE-TUPELO - MS114,,MS,BELDEN,2026-08-15,2026-08-18,2026-08-18,2027,RV,New,667,31.15,3.79,jsmith,4498,4390,9.49,1000,1000,false,103,5,9.74,Core,Core,1.44,545.88,1,0,38035,730,Source One Financial Services,MS, dj miller,1,0,MS114,Core
249792,eavila,41968.73,204,Booked,Blue Compass RV - Katy - TX571,Blue Compass,TX,Katy,2026-08-15,2026-08-24,2026-08-25,2017,RV,Used,,26.15,5.16,gott,14393,13226,11.24,4000,4000,false,1166,1,12.74,Core,Core,1.16,2518.12,6,0,36100,682,Source One Financial Services,TX, jakob cunningham,1,0,TX571,Core
249772,eavila,21885,144,Booked,BRETZ RV & MARINE - MISSOULA - MT116,Bretz RV,MT,Missoula,2026-08-15,2026-08-20,2026-08-21,2022,RV,Used,754,21.29,5.09,dzilberchtein,8591,7130,10.24,10000,10000,false,1450,11,11.74,Core,Core,1.28,1313.1,6,0,17150,739,Source One Financial Services,AZ, julia mills,1,0,MT116,Core
249711,rsimmons,34226.69,180,Booked,Willis and Co RV - TX566,Easy Care,TX,Granbury,2026-08-15,2026-08-17,2026-08-17,2027,RV,New,837,33.5,2.33,gott,3020,2985,7.49,5000,5000,false,20,15,8.99,Core,Core,1.22,2053.6,6,0,27969,841,Source One Financial Services,TX, bradley taylor,1,0,TX566,Core
249634,jrubi,228336.1,240,Booked,Campers Inn of Davenport - IA216,Campers Inn,IA,Davenport,2026-08-15,2026-08-25,2026-08-25,2022,RV,Used,755,31.6,6.38,gcoulombe,14655,14247,8.24,6000,36953.9,false,408,0,9.49,Core,Core,1.12,11416.81,5,0,204000,777,Source One Financial Services,IL, thomas greer,1,0,IA216,Core
249579,rsimmons,28740.8,180,Decline,Blue Compass RV - South Beumont - TX551,Blue Compass,TX,Vidor,2026-08-15,,,2024,RV,Used,,26.93,6.66,gott,,4379,13.74,3000,3000,false,,,14.74,Silver 1,Not Applicable,0.97,0,,0,29550,657,Connexus Credit Union,LA, leah sligar,0,0,TX551,Not Applicable
249697,jrubi,29832.83,144,Conditional Approval,SOUTHERN RV INC - GA128,,GA,MCDONOUGH,2026-08-15,2026-08-15,,2026,RV,New,,41.08,3.12,jsmith,,113,12.49,2970,2970,false,,,12.49,Silver 1,Not Applicable,0.8,0,,0,37252,642,Connexus Credit Union,GA, chris cassidy,1,1,GA128,Not Applicable
249663,jrubi,99916.45,180,Decline,Blue Compass RV - Spartanburg - SC144,Blue Compass,SC,Duncan,2026-08-15,,,2026,RV,New,644,30.03,3.96,jsmith,,8560,12.49,15900,21395,false,,,13.49,Silver 1,Not Applicable,1.1,0,,0,91040,667,Connexus Credit Union,NC, john balma,0,0,SC144,Not Applicable
249665,sdelarosa,23939.01,144,Decline,LDRV of Tampa - FL340,Campers Inn,FL,Seffner,2026-08-15,,,2025,RV,New,,32.91,11.27,wstoutimore,,72,12.49,2000,2000,false,,,13.49,Silver 1,Silver 1,0.71,0,,0,33495,663,Source One Financial Services,FL, craig haselbush,0,0,FL340,Silver
249605,sbaker,68653.79,180,Conditional Approval,Gil Cherry Family RV Center LLC -TX130,,TX,Sweetwater,2026-08-15,2026-08-15,,2025,RV,New,784,15.4,4.78,gott,,291,7.49,8000,8000,false,,,8.74,Core,Not Applicable,0.91,0,,0,75104,760,Connexus Credit Union,LA, rodney rodgers,1,1,TX130,Not Applicable
249785,eavila,79099.5,180,Conditional Approval,Sun and Fun Inc - IA124,,IA,TIFFIN,2026-08-15,2026-08-15,,2026,RV,New,,19.18,10.98,gcoulombe,,8,9.74,5500,-6500,false,,,11.24,Core,Core,1.3,0,,0,60934,729,Source One Financial Services,IA, michael cripps,1,1,IA124,Core
249709,sdelarosa,65240.77,240,Decline,BLUE COMPASS RV INDIANAPOLIS-IN206,Blue Compass,IN,INDIANAPOLIS,2026-08-15,,,2024,RV,Used,,29.96,9.26,jharrington1,,67,13.74,6600,6600,false,,,14.74,Silver 1,Silver 1,0.77,0,,0,84975,643,Source One Financial Services,IN, ron hamilton,0,0,IN206,Silver
249845,,15025.8,168,Auto Decline,FACTORY DIRECT RV and MARINE - GA142,,GA,AMERICUS,2026-08-15,,,2021,RV,Used,,67.38,3.73,jsmith,,0,14.49,1500,1500,false,,,15.49,Silver 1,Silver 1,0.95,0,,0,15900,649,Source One Financial Services,GA,,0,0,GA142,Silver
249548,sdelarosa,41210.86,180,Booked,Mountaineer RV & Outdoor Center - MT. Nebo - WV105,,WV,Mt Nebo,2026-08-15,2026-08-18,2026-08-18,2026,RV,New,,6.78,1.66,jharrington1,4671,4381,9.99,3500,3500,false,289,1,11.49,Core,Core,1.06,2472.65,6,0,38778,719,Source One Financial Services,WV, tim smith,1,0,WV105,Core
249546,sdelarosa,27948,180,Auto Approval,Intercoastal Financial Group LLC - 17401746,IFG,FL,Vero Beach,2026-08-15,2026-08-17,,2025,RV,Used,,13.65,3.07,S1House,,3196,9.74,10000,10000,false,,,10.99,Core,Core,0.77,0,,0,36250,745,Source One Financial Services,ND, stephen jolles,1,1,17401746,Core
249885,sbaker,17230.66,144,Decline,ROCKY MOUNTAIN RV and MARINE - NM101,,NM,ALBUQUERQUE,2026-08-16,,,2022,RV,Used,,82.42,3.83,edominguez,,996,10.74,2000,2000,false,,,12.24,Core,Core,1.32,0,,0,13050,684,Source One Financial Services,NM, roy hacker,0,0,NM101,Core
249880,sbaker,16174.91,144,Auto Approval,"RV COUNTRY NEVADA, LLC - LAUGHLIN -NV103",RV Country,NV,LAUGHLIN,2026-08-16,2026-08-18,,2026,RV,New,750,31.5,1.68,ljablonoski,,2761,8.74,3000,3000,false,,,10.24,Core,Core,0.83,0,,0,19535,764,Source One Financial Services,AZ, stephanie corona,1,1,NV103,Core
249892,,17127,144,Auto Decline,VENTURA RV CONNECTION - SCA116,,CA,OXNARD,2026-08-16,,,2026,RV,New,,24.46,0.99,jrubi,,0,22.99,3000,3000,false,,,23.99,Bronze,Bronze,1.04,0,,0,16532,617,Source One Financial Services,CA,,0,0,SCA116,Business First
249862,sbaker,90727.49,240,Decline,RV Country-Klamath Falls-OR132,RV Country,OR,Klamath Falls,2026-08-16,,,2023,RV,New,646,56.06,5.37,ljablonoski,,1210,7.99,19000,4702.42,false,,,9.49,Core,Core,1.2,0,,0,75868,830,Source One Financial Services,OR, susanne phillips,0,0,OR132,Core
249858,lgrace,21064.79,180,Decline,Optimum RV Zephyr Hills - FL164,Optimum RV,FL,Zephyr Hills,2026-08-16,,,2022,RV,Used,,5.04,4.29,wstoutimore,,123,10.74,2500,2500,false,,,12.24,Core,Core,0.78,0,,0,27000,683,Source One Financial Services,FL, todd glenn,0,0,FL164,Core
249882,thovey,30612.89,144,Booked,Blue Compass RV - Surprise - AZ363,Blue Compass,AZ,Surprise,2026-08-16,2026-08-23,2026-08-23,2026,RV,New,,29.49,6.36,edominguez,10111,9229,10.24,3000,3000,false,881,1,11.74,Core,Core,0.85,1836.77,6,0,36040,683,Source One Financial Services,AZ, zachary lauer,1,0,AZ363,Core
249889,jrubi,32200.11,180,Decline,RV's of Sacramento - NCA136,,CA,Elk Grove,2026-08-16,,,2020,RV,Used,649,40.16,5.8,jrubi,,66,14.49,700,700,false,,,15.49,Silver 1,Silver 1,1.07,0,,0,30100,659,Source One Financial Services,CA, branda morgan,0,0,NCA136,Silver
249868,,32260.48,180,Auto Decline,BLUE COMPASS RV - ROCKPORT - TX460,Blue Compass,TX,ROCKPORT,2026-08-16,,,2027,RV,New,674,44.21,3.25,gott,,0,14.99,0,0,false,,,15.99,Silver 2,Silver 2,1.02,0,,0,31596,625,Source One Financial Services,TX,,0,0,TX460,Silver
249893,jrubi,33158,180,Decline,MY RV SD - SCA112,,CA,EL CAJON,2026-08-16,,,2026,RV,New,,29.75,2.45,jrubi,,7,13.74,3000,3000,false,,,14.74,Silver 1,Silver 1,0.93,0,,0,35502,641,Source One Financial Services,CA,,0,0,SCA112,Silver
249883,sbaker,34805.79,144,Decline,Johnnie Walker RV - NV117,,NV,Las Vegas,2026-08-16,,,2027,RV,New,697,68.65,4.4,ljablonoski,,1031,9.74,0,0,false,,,11.24,Core,Core,1.04,0,,0,33371.68,732,Source One Financial Services,NV, jay jones,0,0,NV117,Core
249877,sdelarosa,41590.85,180,Approved,General RV - Fort Myers - FL240,General RV,FL,Fort Myers,2026-08-16,2026-08-17,,2020,RV,Used,,17.8,1.15,wstoutimore,,1213,9.74,10000,10000,false,,,10.49,Core,Not Applicable,0.59,0,,0,70345,707,Connexus Credit Union,FL, michael smith,1,1,FL240,Not Applicable
249879,jrubi,43933.75,180,Booked,WeRV - SCA160,,CA,Hemet,2026-08-16,2026-08-26,2026-08-27,2012,RV,Used,,49.88,2.97,jrubi,15691,14495,8.99,5000,5000,false,224,972,8.99,Core,Core,1.15,0,0,0,38300,879,Source One Financial Services,CA, danial cooper,1,0,SCA160,Core
249859,lgrace,15151.38,144,Auto Approval,Optimum RV Bushnell - FL163,Optimum RV,FL,Bushnell,2026-08-16,2026-08-17,,2018,RV,Used,,18.02,4.24,wstoutimore,,1652,9.74,4100,4100,false,,,11.24,Core,Core,1.34,0,,0,11300,772,Source One Financial Services,FL, bari barlow,1,1,FL163,Core
249867,rsimmons,14882.44,144,Approved,Alabama Campers Tuscaloosa-AL161,,AL,Tuscaloosa,2026-08-16,2026-08-27,,2025,RV,Used,,26.13,3.41,jsmith,,15549,9.99,1500,1500,false,,,11.49,Core,Core,1.04,0,,0,14250,714,Source One Financial Services,AL, anne huntsinger,1,1,AL161,Core
249863,lgrace,61707.78,240,Decline,Blue Compass - Fort Myers - FL300,Blue Compass,FL,Fort Myers,2026-08-16,,,2026,RV,New,,55.95,9.59,wstoutimore,,77,10.24,9900,9900,false,,,11.74,Core,Core,0.9,0,,0,68845,687,Source One Financial Services,FL, cory grambart,0,0,FL300,Core
249869,jrubi,85185.33,216,Conditional Approval,Fun Town RV - Cleburne -TX108,Fun Town,TX,Cleburne,2026-08-16,2026-08-17,,2026,RV,New,,26.05,6.83,S1House,,1161,9.49,10800,11644.46,false,,,10.99,Core,Core,1.2,0,,0,71050,749,Source One Financial Services,TX, cody kirkman,1,1,TX108,Core
249887,jrubi,46183.75,240,Auto Approval,Giant RV - Colton - SCA157,Giant RV,CA,Colton,2026-08-16,2026-08-17,,2026,RV,New,,39.94,5.15,jrubi,,1320,9.99,4000,4000,false,,,11.49,Core,Core,0.97,0,,0,47807,718,Source One Financial Services,CA, c.c. lafrades,1,1,SCA157,Core
249875,,152288.72,240,Cancelled,La Mesa RV Center - Albuquerque - NM109,La Mesa,NM,Albuquerque,2026-08-16,,,2023,RV,Used,,0,0,edominguez,,,22.99,6000,16000,false,,,23.99,Bronze,Bronze,0.81,0,,0,187110.72,,Source One Financial Services,NM, erika davidson,0,0,NM109,Business First
249886,jrubi,28842.85,180,Booked,Giant RV - Montclair - SCA155,Giant RV,CA,Montclair,2026-08-16,2026-08-24,2026-08-25,2022,RV,Used,,5.65,3.56,jrubi,12851,11349,8.49,4000,4000,false,1490,12,9.99,Core,Core,1.2,1730.57,6,0,24000,782,Source One Financial Services,CA, christina marris,1,0,SCA155,Core
249891,jrubi,27313.8,204,Booked,SANTA PAULA RV - SCA173,,CA,Santa Paula,2026-08-16,2026-08-19,2026-08-21,2026,RV,New,733,34.42,3.43,jrubi,6955,4385,9.74,2400,2400,false,2561,9,11.24,Core,Core,0.95,1638.83,6,0,28662,721,Source One Financial Services,CA, lisa abbott,1,0,SCA173,Core
249874,pmeza,152288.72,240,Decline,La Mesa RV Center - Albuquerque - NM109,La Mesa,NM,Albuquerque,2026-08-16,,,2023,RV,Used,,38.55,18.38,edominguez,,211,9.24,6000,16000,false,,,10.74,Core,Core,0.81,0,,0,187110.72,772,Source One Financial Services,NM, erika davidson,0,0,NM109,Core
249864,ahunt,27384.79,180,Decline,LDRV of Tampa - FL340,Campers Inn,FL,Seffner,2026-08-16,,,2018,RV,Used,,40.95,6.4,wstoutimore,,1385,22.99,2800,2800,false,,,23.99,Not Applicable,Not Applicable,0.98,0,,0,27950,599,Ideal Credit Union,FL, cesar rodriguez,0,0,FL340,Not Applicable
249895,thovey,60395,180,Decline,MY RV SD - SCA112,,CA,EL CAJON,2026-08-16,,,2026,RV,New,,45.92,19.99,jrubi,,843,12.49,8800,5800,false,,,13.49,Silver 1,Not Applicable,1.13,0,,0,53503,665,Connexus Credit Union,CA,,0,0,SCA112,Not Applicable
249870,Jhill,139927.99,240,Auto Approval,"RV COUNTRY NEVADA, LLC - LAUGHLIN -NV103",RV Country,NV,LAUGHLIN,2026-08-16,2026-08-18,,2025,RV,New,842,14.43,12.63,ljablonoski,,2863,7.49,20000,20000,false,,,8.99,Core,Core,0.88,0,,0,159694,853,Source One Financial Services,TX, stephanie corona,1,1,NV103,Core
249860,lgrace,44708.23,204,Approved,Blue Compass RV - North Atlanta - GA158,Blue Compass,GA,Buford,2026-08-16,2026-08-16,,2026,RV,New,,40.85,7.73,jsmith,,136,9.74,1000,1000,false,,,11.24,Core,Core,1.01,0,,0,44289.77,721,Source One Financial Services,GA, roland boughton,1,1,GA158,Core
249881,,62268.04,240,Auto Decline,BLUE COMPASS RV - SOUTH HOUSTON  - TX421,Blue Compass,TX,Alvin,2026-08-16,,,2025,RV,New,,23.94,6.45,gott,,0,14.99,0,0,false,,,15.99,Silver 2,Silver 2,0.74,0,,0,84345,633,Source One Financial Services,TX,,0,0,TX421,Silver
249873,avera,14923.7,120,Decline,Blue Compass RV - Jacksonville - FL336,Blue Compass,FL,Jacksonville,2026-08-16,,,2026,RV,New,681,46.5,1.86,pcarter,,1054,9.99,500,500,false,,,11.49,Core,Core,0.94,0,,0,15845,702,Source One Financial Services,FL, koby johnson,0,0,FL336,Core
249878,rsimmons,16031,144,Booked,TRAVELERS WHOLESALE TRAILER SALES - TN138,,TN,MANCHESTER,2026-08-16,2026-08-18,2026-08-18,2021,RV,Used,,23.64,5.16,jsmith,2875,2649,9.99,0,0,false,225,1,11.49,Core,Core,1.08,961.86,6,0,14850,755,Source One Financial Services,TN,,1,0,TN138,Core
249866,,72957,180,Auto Decline,BEAUMONT RV - SCA108,,CA,BEAUMONT,2026-08-16,,,2019,RV,Used,,34.07,21.63,jrubi,,0,22.99,7300,7300,false,,,23.99,Bronze,Bronze,0,0,,0,0,610,Source One Financial Services,CA,,0,0,SCA108,Business First
249884,rsimmons,85558.04,240,Auto Approval,Blue Compass RV - Austin - TX522,Blue Compass,TX,Buda,2026-08-16,2026-08-17,,2026,RV,New,,8.35,5.27,gott,,1170,8.74,0,0,false,,,10.24,Core,Core,1.09,0,,0,78188,776,Source One Financial Services,TX, nicolas paez,1,1,TX522,Core
249861,sbaker,16451,144,Conditional Approval,TRAVELERS WHOLESALE TRAILER SALES - TN138,,TN,MANCHESTER,2026-08-16,2026-08-17,,2025,RV,Used,,15.75,3.38,jsmith,,1205,9.74,1720,1720,false,,,11.24,Core,Core,1.19,0,,0,13800,733,Source One Financial Services,TN,,1,1,TN138,Core
249876,avera,99709.68,240,Auto Approval,Blue Compass - Fort Myers - FL300,Blue Compass,FL,Fort Myers,2026-08-16,2026-08-21,,2027,RV,New,,19.93,7.23,wstoutimore,,6989,10.24,57700,73200,false,,,11.74,Core,Core,0.78,0,,0,127241.25,698,Source One Financial Services,TX, cory grambart,1,1,FL300,Core
249871,rsimmons,9492.69,180,Decline,OPTIMUM RV TX LLC - Robstown - TX481,Optimum RV,TX,ROBSTOWN,2026-08-16,,,2021,RV,Used,,34.34,0.9,gott,,1139,14.74,0,0,false,,,15.24,Silver 1,Silver 1,1.22,0,,0,7755,661,Source One Financial Services,TX, nicholas cicala,0,0,TX481,Silver
249890,,44520.22,180,Auto Decline,Fun Town RV Amarillo - TX508,Fun Town,TX,Amarillo,2026-08-16,,,2027,RV,New,,42.95,8.43,gott,,0,14.99,7500,7500,false,,,15.99,Silver 2,Silver 2,0.94,0,,0,47371,637,Source One Financial Services,TX,,0,0,TX508,Silver
249894,,78350,240,Auto Decline,La Mesa RV Center - San Diego - SCA161,La Mesa,CA,San Diego,2026-08-16,,,2022,RV,Used,,46.8,11.17,jrubi,,0,22.99,8000,8000,false,,,23.99,Bronze,Bronze,0.8,0,,0,98120,610,Source One Financial Services,AZ,,0,0,SCA161,Business First
249872,lgrace,21400,180,Auto Approval,ET Quality RV - NCA131,,CA,Yuba City,2026-08-16,2026-08-17,,2017,RV,Used,694,24.84,0.82,jrubi,,1560,10.99,1100,1100,false,,,12.49,Core,Core,1.04,0,,0,20500,717,Source One Financial Services,CA, corey huskey,1,1,NCA131,Core
249865,sbaker,125000.43,180,Auto Approval,RV COUNTRY HOLDING CO - NV102,RV Country,NV,SPARKS,2026-08-16,2026-08-19,,2024,RV,Used,,24.03,5.79,ljablonoski,,4154,9.74,25000,6450,false,,,11.24,Core,Core,1.02,0,,0,122350,735,Source One Financial Services,AZ, mike ransohoff,1,1,NV102,Core
249888,rsimmons,79226.31,240,Approved,Fun Town RV - Cleburne -TX108,Fun Town,TX,Cleburne,2026-08-16,2026-08-17,,2026,RV,New,,35.38,4.41,S1House,,912,8.74,8400,9515.28,false,,,10.24,Core,Core,1.1,0,,0,72175,761,Source One Financial Services,TX, jonathan riley,1,1,TX108,Core
249914,,24468.85,180,Auto Decline,General RV Center - Salisbury - NC137,General RV,NC,Salisbury,2026-08-17,,,2026,RV,New,,15.05,5.16,jsmith,,0,14.99,7000,7000,false,,,15.99,Silver 2,Silver 2,0.72,0,,0,33883.72,622,Source One Financial Services,NC,,0,0,NC137,Silver
250027,pmeza,71813.64,240,Decline,Blue Compass RV - St. George - UT136,Blue Compass,UT,Hurrican,2026-08-17,,,2026,RV,New,,24.21,5.71,ljablonoski,,42,9.49,1500,1500,false,,,10.99,Core,Core,1.09,0,,0,65892,755,Source One Financial Services,NV, patricia loster,0,0,UT136,Core
250053,edominguez,41318.61,144,Conditional Approval,Blue Compass RV - St. Louis - MO230,Blue Compass,MO,Eureka,2026-08-17,2026-08-17,,2026,RV,New,,41.52,8.62,jweller,,92,11.49,4000,4000,false,,,11.74,Silver 1,Not Applicable,0.89,0,,0,46392,670,Connexus Credit Union,MO, alex kennard,1,1,MO230,Not Applicable
250129,,25299.91,180,Auto Decline,RV Station LTD - Nacogdoches -TX367,,TX,NACOGDOCHES,2026-08-17,,,2026,RV,New,,18.19,4.83,gott,,0,22.99,25000,25000,false,,,23.99,Bronze,Bronze,0.53,0,,0,47324,608,Source One Financial Services,TX,,0,0,TX367,Business First
250219,,45872.1,180,Auto Decline,"Ron Hoover Companies of Donna, Inc -Tx277",Ron Hoover,TX,Donna,2026-08-17,,,2025,RV,New,572,19.27,3.82,gott,,0,22.99,5000,5000,false,,,23.99,Bronze,Bronze,1.02,0,,0,44951,480,Source One Financial Services,TX,,0,0,TX277,Business First
250107,,28295.12,120,Auto Decline,Ron Hoover - Lubbock - TX499,Ron Hoover,TX,Slaton,2026-08-17,,,2025,RV,New,,24.69,4.89,gott,,0,22.99,2800,2800,false,,,23.99,Bronze,Bronze,0.71,0,,0,39704,606,Source One Financial Services,TX,,0,0,TX499,Business First
250172,eavila,34703,180,Decline,Smith RV & Marine - ID112,,ID,Idaho Falls,2026-08-17,,,2017,RV,Used,,14.54,9.5,ljablonoski,,18,11.24,13000,13000,false,,,12.74,Core,Core,0,0,,0,0,697,Source One Financial Services,WY,,0,0,ID112,Core
250155,pmeza,105341.69,240,Auto Approval,Blue Compass RV - Gassville - AR137,Blue Compass,AR,Gassville,2026-08-17,2026-08-19,,2027,RV,New,664,37.57,3.59,jweller,,3070,10.24,12000,12000,false,,,11.74,Core,Core,0.98,0,,0,107160,681,Source One Financial Services,IL, nathaniel bowling,1,1,AR137,Core
250054,sdelarosa,41503.12,180,Conditional Approval,OPTIMUM RV OCALA - FL162,Optimum RV,FL,OCALA,2026-08-17,2026-08-17,,2019,RV,Used,716,9.52,5.45,pcarter,,265,8.24,13000,13000,false,,,9.24,Core,Not Applicable,1,0,,0,41570,796,Connexus Credit Union,FL, michael buskey,1,1,FL162,Not Applicable
250057,rsimmons,58787,240,Auto Approval,Casita Travel Trailers - TX563,RDS,TX,Rice,2026-08-17,2026-08-20,,2026,RV,New,,43.97,7.09,gott,,4321,7.99,2000,2000,false,,,9.49,Core,Core,1.21,0,,0,48568,783,Source One Financial Services,CA, andy krier,1,1,TX563,Core
250095,thovey,18290,144,Auto Approval,Cheyenne Camping Center - IA184,,IA,Walcott,2026-08-17,2026-08-17,,2027,RV,New,813,25.5,2.3,gcoulombe,,20,7.49,2100,2100,false,,,8.99,Core,Core,0.94,0,,0,19461,874,Source One Financial Services,IA, isabella craig,1,1,IA184,Core
249994,sdelarosa,38523.9,180,Approved,CAMPERS INN ATLANTA -GA122,Campers Inn,GA,TUCKER,2026-08-17,2026-08-18,,2023,RV,Used,,47.94,7.64,jsmith,,1761,10.24,5289,4552.44,false,,,11.74,Core,Core,1.02,0,,0,37895,726,Source One Financial Services,GA, dave hunter,1,1,GA122,Core
250011,edominguez,38550,240,Decline,Wilder RV -MO108,,MO,Clinton,2026-08-17,,,2023,RV,Used,,50.79,2.25,jweller,,52,9.99,1850,1850,false,,,11.49,Core,Core,1,0,,0,38700,703,Source One Financial Services,MO, clinton bales,0,0,MO108,Core
250121,mnava,25029.66,204,Booked,Georgia Campers - GA145,,GA,Newman,2026-08-17,2026-08-25,2026-08-26,2022,RV,Used,,12.78,3.3,jsmith,12944,11801,9.49,1000,1000,false,1142,1,9.49,Core,Core,1.33,0,0,0,18800,728,Source One Financial Services,GA, gustavo egidi,1,0,GA145,Core
249917,,124247.79,240,Auto Decline,Rock Solid Funding LLC - TX536,RSF,TX,BEDFORD,2026-08-17,,,2026,RV,New,,56.42,21.06,S1House,,0,22.99,12500,12500,false,,,23.99,Bronze,Bronze,1.19,0,,0,104166,578,Source One Financial Services,OH,,0,0,TX536,Business First
250239,jrubi,32462.24,204,Decline,RV Wholesalers -OH118,,OH,Lakeview,2026-08-17,,,2022,RV,Used,,36.43,6.08,jharrington1,,906,13.24,0,0,false,,,14.24,Silver 1,Silver 1,0.87,0,,0,37235,676,Source One Financial Services,OH, kelly tussing,0,0,OH118,Silver
250192,thovey,106173.99,240,Booked,American RV Center - IN219,,IN,Evansville,2026-08-17,2026-08-20,2026-08-20,2024,RV,Used,728,24.96,13.46,jharrington1,4224,4205,8.99,21562.41,36213.01,false,18,1,10.74,Core,Core,1.06,7432.18,7,0,100168,753,Source One Financial Services,IN, chad s. bruce,1,0,IN219,Core
250253,mnava,61327.59,204,Booked,ROYAL COACH RECREATIONAL SALES - SCA120,,CA,BAKERSFIELD,2026-08-17,2026-08-23,2026-08-25,2026,RV,New,682,33.47,2.65,jrubi,11399,7649,9.74,0,0,false,3749,1,9.99,Core,Core,1.1,613.28,1,0,55644,732,Source One Financial Services,CA, darlene carter,1,0,SCA120,Core
250189,Jhill,29239.25,144,Conditional Approval,GREAT AMERICAN RV SUPERSTORE-GRAND BAY - AL144,,AL,GRAND BAY,2026-08-17,2026-08-17,,2027,RV,New,,16.03,3.18,jsmith,,113,11.74,2800,2800,false,,,11.74,Silver 1,Not Applicable,0.95,0,,0,30755,668,Connexus Credit Union,TX, molly ritzel,1,1,AL144,Not Applicable
250068,,14324.58,180,Auto Decline,DADS CAMPER OUTLET - GULFPORT - MS100,,MS,GULFPORT,2026-08-17,,,2018,RV,Used,,23.13,4.49,jsmith,,0,16.24,1300,1300,false,,,17.24,Silver 2,Silver 2,1.05,0,,0,13680,630,Source One Financial Services,MS,,0,0,MS100,Silver
250136,avera,104371.36,240,Auto Approval,General RV-West Palm Beach-FL266,General RV,FL,West Palm Beach,2026-08-17,2026-08-17,,2026,RV,Used,,21.08,5.96,pcarter,,97,8.99,13350,13350,false,,,9.74,Core,Not Applicable,1,0,,0,104400,714,Connexus Credit Union,TX, sofiane yahiaoui,1,1,FL266,Not Applicable
249993,jharrington1,20053,144,Decline,"Holman Motors, Inc. -OH111",,OH,Batavia,2026-08-17,,,2024,RV,Used,,19.84,7.14,jharrington1,,75,12.49,5000,5000,false,,,13.49,Silver 1,Silver 1,0.59,0,,0,33900,668,Source One Financial Services,OH,,0,0,OH111,Silver
250216,rsimmons,45370.01,180,Auto Approval,National RV Detroit -MI147,Selvius RV,MI,Belleville,2026-08-17,2026-08-18,,2021,RV,Used,696,27.01,2.27,dzilberchtein,,976,7.99,14125,14125,false,,,8.99,Core,Not Applicable,0.7,0,,0,64896,770,Connexus Credit Union,MI, kyler rilett,1,1,MI147,Not Applicable
250010,,44823.99,240,Auto Decline,NewCoast - Boatzon - FL356,Marine Max,FL,Oldsmar,2026-08-17,,,2018,Boat,Used,,36.88,3.06,S1House,,0,16.24,5000,5000,false,,,17.24,Silver 2,Silver 2,1.04,0,,0,43218,622,Source One Financial Services,TX,,0,0,FL356,Silver
249961,eavila,113343,204,Booked,"Vantage Recreational Finance, Inc. -FL291",VRF,FL,FORT LAUDERDALE,2026-08-17,2026-08-25,2026-08-25,2020,Boat,Used,,24.42,3.94,S1House,11841,11789,10.74,20000,20000,false,51,1,12.24,Core,Core,0.81,6800.58,6,0,139625,688,Source One Financial Services,NH, alphonzo bowe,1,0,FL291,Core
250112,sbaker,49778.28,240,Auto Approval,"EPIC FINANCE, LLC. - 17401748",EPIC,NC,WILMINGTON,2026-08-17,2026-08-20,,2026,Boat,New,726,46.88,1.64,S1House,,4364,9.49,6000,6000,false,,,7.39,Core,Core,1.11,0,,0,44840,759,Source One Financial Services,CA, sierra whitmire,1,1,17401748,Core
250145,,32417,120,Auto Decline,NewCoast - Boatzon - FL356,Marine Max,FL,Oldsmar,2026-08-17,,,2021,Boat,Used,,41.62,4.21,S1House,,0,15.74,3200,3200,false,,,16.74,Silver 2,Silver 2,1.23,0,,0,26316,638,Source One Financial Services,TX,,0,0,FL356,Silver
250092,sdelarosa,46021.08,180,Decline,Fretz RV -PA126,,PA,Souderton,2026-08-17,,,2014,RV,Used,,20.68,13.13,jharrington1,,4,9.49,1000,1000,false,,,10.99,Core,Core,0.87,0,,0,53187,785,Source One Financial Services,PA, tony eidle,0,0,PA126,Core
250110,,43853.77,240,Auto Decline,Alabama Campers Tuscaloosa-AL161,,AL,Tuscaloosa,2026-08-17,,,2026,RV,New,,53.01,8.41,jsmith,,0,13.74,5000,5000,false,,,14.74,Silver 1,Silver 1,1.03,0,,0,42594,650,Source One Financial Services,AL,,0,0,AL161,Silver
250210,mnava,96630,240,Decline,BOBBY WAYNES RV - SCA111,,CA,LANCASTER,2026-08-17,,,2026,RV,New,,35.92,6.23,jrubi,,26,7.49,0,10000,false,,,8.99,Core,Core,0.93,0,,0,103487,805,Source One Financial Services,CA,,0,0,SCA111,Core
250099,thovey,105242.92,240,Decline,Liberty RV-MO107,,MO,Liberty,2026-08-17,,,2027,RV,New,696,47.21,5.03,jweller,,38,9.49,6500,27500,false,,,10.99,Core,Not Applicable,1.18,0,,0,89138,719,Connexus Credit Union,MO, shawn wiegers,0,0,MO107,Not Applicable
249910,Jhill,62625.59,240,Booked,Rocky Ridge RV of McAlester - OK145,Rocky Ridge,OK,McAlester,2026-08-17,2026-08-18,2026-08-25,2027,RV,New,667,14.22,1.66,jweller,11823,1497,8.74,6600,6600,false,10195,131,9.99,Core,Core,0.98,3131.28,5,0,64213,765,Source One Financial Services,OK, doug menees,1,0,OK145,Core
250160,rsimmons,52432.71,180,Booked,Liberty Trail RV - TX407,,TX,VALLEY VIEW,2026-08-17,2026-08-20,2026-08-21,2026,RV,New,,23.33,3.88,gott,5700,4302,9.99,5500,13724.11,false,1396,2,11.49,Core,Core,1.16,3145.96,6,0,45082,715,Source One Financial Services,TX, stanley mccracken,1,0,TX407,Core
249926,sdelarosa,129934.19,240,Approved,GIANT RECREATION WORLD DAYTONA - FL176,,FL,Ormond Beach,2026-08-17,2026-08-17,,2025,RV,New,,18.18,8.58,pcarter,,117,7.24,0,20000,false,,,8.49,Core,Not Applicable,0.78,0,,0,167590,848,Connexus Credit Union,FL, peter feldmann,1,1,FL176,Not Applicable
250042,thovey,216032,240,Decline,Ugly Johns Custom Boats LLC - OK136,,OK,Afton,2026-08-17,,,2026,Boat,New,663,63.99,3.71,jweller,,23,10.24,24000,24000,false,,,11.74,Core,Core,1.24,0,,0,174534,683,Source One Financial Services,CA, eric fatkin,0,0,OK136,Core
250188,sdelarosa,73614.73,180,Conditional Approval,General RV - Ocala - FL237,General RV,FL,Ocala,2026-08-17,2026-08-17,,2026,RV,New,,26.97,4.2,pcarter,,105,10.99,25000,25000,false,,,10.99,Silver 1,Not Applicable,0.82,0,,0,89890,675,Connexus Credit Union,FL, trey hill,1,1,FL237,Not Applicable
249943,thovey,111062.06,240,Approved,Moix RV - Hot Springs Landing LLC - AR135,,AR,Hot Springs,2026-08-17,2026-08-17,,2026,RV,New,690,37.89,10.58,jweller,,47,9.24,19000,19000,false,,,9.99,Core,Core,0.98,0,,0,113448,766,Source One Financial Services,AR, brayden fisher,1,1,AR135,Core
250059,jharrington1,50826.98,240,Decline,LEXINGTON RV LLC - KY135,,KY,LEXINGTON,2026-08-17,,,2026,RV,New,606,63.58,5.31,jharrington1,,19,13.74,5000,6500,false,,,14.74,Silver 1,Silver 1,1.24,0,,0,41039.79,648,Source One Financial Services,KY, travis goodpaster,0,0,KY135,Silver
250156,jharrington1,70844.72,220,Conditional Approval,CAMPERS INN MACON - GA121,Campers Inn,GA,BYRON,2026-08-17,2026-08-17,,2026,RV,New,,24.91,8.18,jsmith,,16,9.99,7200,7200,false,,,11.49,Core,Core,0.89,0,,0,79534,684,Source One Financial Services,GA, brandon tarleton,1,1,GA121,Core
250019,rsimmons,36661.7,180,Decline,Fun Town RV Amarillo - TX508,Fun Town,TX,Amarillo,2026-08-17,2026-08-17,,2027,RV,New,,47.34,7.54,gott,,177,10.24,3777,3777,false,,,11.74,Core,Core,0.97,0,,0,37937,683,Source One Financial Services,TX, eric adams,0,0,TX508,Core
250222,Jhill,76606.46,204,Conditional Approval,JEFF COUCHS CAMPERS -OH107,Jeff Couchs,OH,Trenton,2026-08-17,2026-08-17,,2027,RV,New,693,19.45,3.44,jharrington1,,49,7.49,8700,8700,false,,,8.99,Core,Core,0.89,0,,0,85730,827,Source One Financial Services,TX, charles thomas,1,1,OH107,Core
250040,rsimmons,161278.4,240,Decline,Airstream of Austin - TX570,Blue Compass,TX,Buda,2026-08-17,,,2026,RV,Used,628,19.2,8.82,gott,,51,10.24,20000,20000,false,,,11.74,Core,Core,0.78,0,,0,206000,686,Source One Financial Services,TX, holly mendez,0,0,TX570,Core
250247,eavila,42869.24,180,Decline,Unreel Marine - EFL129,EPIC,FL,Port Richey,2026-08-17,,,2019,Boat,Used,,43.77,3.45,S1House,,978,14.99,11100,11100,false,,,15.99,Silver 1,Not Applicable,1,0,,0,42955,654,Ideal Credit Union,FL, donavon evenson,0,0,EFL129,Not Applicable
250119,,58613.46,180,Auto Decline,CRABTREE RV CENTER INC - AR101,,AR,ALMA,2026-08-17,,,2026,RV,New,,47.56,10.2,jweller,,0,12.49,7000,7000,false,,,13.49,Silver 1,Silver 1,1.14,0,,0,51203,673,Source One Financial Services,OK,,0,0,AR101,Silver
250211,Jhill,123474.73,240,Decline,General RV - Ocala - FL237,General RV,FL,Ocala,2026-08-17,,,2025,RV,New,,40.73,13.41,pcarter,,27,12.49,15000,18137.55,false,,,13.49,Silver 1,Silver 1,1.29,0,,0,95470,678,Source One Financial Services,FL, chris coleman,0,0,FL237,Silver
250162,rsimmons,90882,240,Decline,Klines Auto World Inc -MI223,,MI,Warren,2026-08-17,,,2026,RV,New,,34.76,18.26,dzilberchtein,,19,10.24,10500,10500,false,,,11.74,Core,Core,1,0,,0,91249,687,Source One Financial Services,NY,,0,0,MI223,Core
250144,mlomedico,25500,180,Booked,INLAND BOAT CENTER INC - SCA106,,CA,PERRIS,2026-08-17,2026-08-19,2026-08-19,2021,Boat,Used,802,31.4,1.77,jrubi,3087,3037,7.99,3000,3000,false,49,1,8.99,Core,Core,0.91,1020,4,0,27870,841,Source One Financial Services,CA, taylor nissen,1,0,SCA106,Core
250118,,25586.78,144,Auto Decline,McClain's Longhorn RV Inc - TX520,,TX,Sanger,2026-08-17,,,2023,RV,Used,552,51.2,4.36,gott,,0,22.99,4000,4000,false,,,23.99,Bronze,Bronze,0.89,0,,0,28900,618,Source One Financial Services,TX,,0,0,TX520,Business First
250254,mlomedico,66089.39,180,Booked,Gil Cherry Family RV Center LLC -TX130,,TX,Sweetwater,2026-08-17,2026-08-21,2026-08-25,2025,RV,New,,43.43,6.55,gott,11377,5616,9.99,9000,9000,false,1856,3905,9.99,Core,Core,1,0,0,0,66059,686,Source One Financial Services,TX, brad walker,1,0,TX130,Core
250043,jharrington1,53315.11,204,Conditional Approval,Country Roads RV Center INC.- NC139,,NC,Lexington,2026-08-17,2026-08-17,,2027,RV,New,,39.44,1.5,jsmith,,15,9.99,5300,5400.08,false,,,11.49,Core,Core,1.08,0,,0,49286,692,Source One Financial Services,WV, scott champion,1,1,NC139,Core
250233,pmeza,18105,144,Auto Approval,RANGE RV - SCA118,,CA,HESPERIA,2026-08-17,2026-08-17,,2026,RV,New,,6.06,0.47,jrubi,,37,10.74,10000,10000,false,,,11.49,Core,Core,0.6,0,,0,30274,738,Source One Financial Services,TX,,1,1,SCA118,Core
250001,,57789.54,240,Auto Decline,Airstream of Austin - TX570,Blue Compass,TX,Buda,2026-08-17,,,2016,RV,Used,591,56.46,4.31,gott,,0,22.99,1000,6000,false,,,23.99,Bronze,Bronze,0.91,0,,0,63550,602,Source One Financial Services,TX,,0,0,TX570,Business First
250209,Jhill,34453.2,120,Decline,"Ron Hoover Companies of Donna, Inc -Tx277",Ron Hoover,TX,Donna,2026-08-17,,,2026,RV,New,,12.77,6.02,gott,,21,9.74,4000,4000,false,,,11.24,Core,Core,1.03,0,,0,33430,733,Source One Financial Services,TX, julio pena,0,0,TX277,Core
250238,,80766.35,240,Auto Decline,Ron Hoover - San Antonio - TX500,Ron Hoover,TX,San Antonio,2026-08-17,,,2026,Boat,New,613,31.04,4.32,gott,,0,22.99,10000,10000,false,,,23.99,Bronze,Bronze,1.08,0,,0,74879,,Source One Financial Services,TX,,0,0,TX500,Business First
249942,,43579.69,180,Auto Decline,Campers Unlimited - Gadsden-AL152,,AL,Gadsden,2026-08-17,,,2026,RV,New,,65.58,7.75,jsmith,,0,22.99,500,5621,false,,,23.99,Bronze,Bronze,1.22,0,,0,35752,619,Source One Financial Services,TX,,0,0,AL152,Business First
249989,mlomedico,44187,180,Decline,"Vantage Recreational Finance, Inc. -FL291",VRF,FL,FORT LAUDERDALE,2026-08-17,,,2014,RV,Used,,8.17,2.62,S1House,,100,14.24,0,0,false,,,15.24,Silver 1,Silver 1,1.01,0,,0,43905,671,Source One Financial Services,TX, richard cosentino,0,0,FL291,Silver
250194,eavila,250699.1,240,Decline,NewCoast - Boatzon - FL356,Marine Max,FL,Oldsmar,2026-08-17,,,2014,Boat,Used,,41.99,8.74,S1House,,27,8.99,106500,106500,false,,,10.49,Core,Core,0.96,0,,0,260118,802,Source One Financial Services,FL, michael mclamb,0,0,FL356,Core
249984,,48044.23,240,Auto Decline,Ashley Marine LLC - GA147,,GA,Columbus,2026-08-17,,,2026,Boat,New,,56.58,6.3,jsmith,,37,22.99,10000,10000,false,,,23.99,Bronze,Silver 1,1.48,0,,0,32438,676,Source One Financial Services,GA, tim holloway,0,0,GA147,Business First
250126,edominguez,71657.99,180,Decline,Freedom RV-AZ252,,AZ,Tucson,2026-08-17,,,2022,RV,Used,,32.17,7.29,edominguez,,70,13.24,0,0,false,,,14.24,Silver 1,Silver 1,1.41,0,,0,51000,672,Source One Financial Services,AZ, tyler temple,0,0,AZ252,Silver
250159,mnava,11650,120,Decline,Optimum RV Oklahoma City - OK147,Optimum RV,OK,Moore,2026-08-17,2026-08-17,,2015,RV,Used,,34.12,2.72,jweller,,121,10.99,2000,7000,false,,,12.49,Core,Core,0.64,0,,0,18250,720,Source One Financial Services,OK, paula showalter,0,0,OK147,Core
249929,avera,14263.81,120,Contract Received,"RTR Performance Fishing, LLC - TX510",,TX,Orange,2026-08-17,2026-08-26,,2027,Boat,New,,15.88,0.73,gott,,12986,9.49,20000,20000,false,,317,7.39,Core,Core,0.48,0,,0,29942.33,754,Source One Financial Services,TX,,1,1,TX510,Core
250067,eavila,164410.89,240,Auto Approval,Blue Compass RV - Myrtle Beach - SC143,Blue Compass,SC,29575,2026-08-17,2026-08-19,,2027,RV,New,657,32.82,12.66,jsmith,,2936,7.24,20000,35000,false,,,8.74,Core,Core,0.88,0,,0,186795,843,Source One Financial Services,VA, peter beckingham,1,1,SC143,Core
250072,,31786.4,180,Cancelled,The Great Outdoors Marine - WV111,,WV,Lavalette,2026-08-17,,,2026,Boat,New,,0,0,jharrington1,,,22.99,0,0,false,,,23.99,Bronze,Bronze,1.21,0,,0,26249,,Source One Financial Services,WV, bradlee matzdorff,0,0,WV111,Business First
250009,sdelarosa,10713.46,84,Conditional Approval,CAMPERS INN RV OF ACWORTH - GA123,Campers Inn,GA,ACWORTH,2026-08-17,2026-08-17,,2018,RV,Used,,4.41,3.51,jsmith,,90,8.99,10000,20000,false,,,9.49,Core,Core,0.48,0,,0,22200,803,Source One Financial Services,GA, steven goins,1,1,GA123,Core
250055,Jhill,44842.76,180,Auto Approval,Fays Marina - IN117,,IN,La Porte,2026-08-17,2026-08-17,,2022,Boat,New,,4.71,4.34,jharrington1,,31,7.99,5000,5000,false,,,9.49,Core,Core,1.03,0,,0,43455,842,Source One Financial Services,IN, krissy vaughn,1,1,IN117,Core
250024,mlomedico,13678,144,Decline,Northern Michigan RV -MI149,,MI,Gaylord,2026-08-17,,,2026,RV,New,576,38.52,1.13,dzilberchtein,,74,9.74,1000,1000,false,,,11.24,Core,Core,1.18,0,,0,11635,728,Source One Financial Services,MI,,0,0,MI149,Core
249920,Jhill,20544.29,180,Approved,Rock Solid Funding LLC - TX536,RSF,TX,BEDFORD,2026-08-17,2026-08-17,,2021,RV,Used,,33.6,2.41,S1House,,149,9.99,0,0,false,,,11.49,Core,Core,0.96,0,,0,21500,755,Source One Financial Services,FL, caleb grassi,1,1,TX536,Core
250170,pmeza,10714.68,120,Auto Approval,Moix RV - Hot Springs Landing LLC - AR135,,AR,Hot Springs,2026-08-17,2026-08-17,,2018,RV,Used,,16.59,1.15,jweller,,20,10.74,1124,1124,false,,,12.24,Core,Core,1.09,0,,0,9800,740,Source One Financial Services,AR, brayden fisher,1,1,AR135,Core
249940,mlomedico,119962,240,Decline,Intercoastal Financial Group LLC - 17401746,IFG,FL,Vero Beach,2026-08-17,,,2021,RV,Used,,41.96,11.55,S1House,,55,10.74,30000,30000,false,,,11.99,Core,Core,1.05,0,,0,114345,688,Source One Financial Services,PA, joe burton,0,0,17401746,Core
249955,,30434,180,Auto Decline,Bell Camper Sales of Tulsa-OK152,,OK,Catoosa,2026-08-17,,,2024,RV,Used,,30.03,7.48,jweller,,0,22.99,3400,3400,false,,,23.99,Bronze,Bronze,0.79,0,,0,38720,577,Source One Financial Services,OK,,0,0,OK152,Business First
250005,pmeza,27494.17,180,Decline,Ron Hoover - Odessa - TX495,Ron Hoover,TX,Odessa,2026-08-17,,,2026,RV,New,,29.65,4.09,gott,,172,10.24,2709,2709,false,,,11.74,Core,Not Applicable,1.22,0,,0,22535.6,685,Connexus Credit Union,NM, dexter traylor,0,0,TX495,Not Applicable
250220,sflynn,94282.62,180,,Royal RV & Auto Center Inc - IN203,,IN,Middleberry,2026-08-17,2026-08-27,,2026,RV,New,,35.5,10.33,jharrington1,,14029,7.24,5000,5044,false,,475,7.99,Core,Core,1.27,2828.48,3,0,74263,855,Source One Financial Services,AZ, jason flick,0,0,IN203,Core
250184,,162001.85,240,Auto Decline,Fun Town RV Amarillo - TX508,Fun Town,TX,Amarillo,2026-08-17,,,2026,RV,New,,18.74,2.1,gott,,0,22.99,20000,19229.31,false,,,23.99,Bronze,Bronze,1.17,0,,0,138068,563,Source One Financial Services,TX,,0,0,TX508,Business First
250166,pmeza,39508,180,Auto Approval,SIMI RECREATIONAL VEHICLE SALES - SCA144,,CA,SIMI VALLEY,2026-08-17,2026-08-18,,2026,RV,Used,,16.46,1.94,jrubi,,1251,8.99,5000,5000,false,,,9.74,Core,Not Applicable,0.93,0,,0,42700,704,Connexus Credit Union,CA,,1,1,SCA144,Not Applicable
249957,,49324.18,216,Auto Decline,Mountaineer RV & Outdoor Center - MT. Nebo - WV105,,WV,Mt Nebo,2026-08-17,,,2024,RV,Used,,57.55,7.02,jharrington1,,0,14.99,0,8137,false,,,15.99,Silver 2,Silver 2,0.74,0,,0,67100,636,Source One Financial Services,WV,,0,0,WV105,Silver
250201,sdelarosa,25750.74,180,Decline,Chesaco RV - Joppa -MD108,,MD,Joppa,2026-08-17,,,2025,RV,Used,,36.13,3.24,gcoulombe,,24,13.74,0,0,false,,,14.74,Silver 1,Silver 1,1.12,0,,0,22980,649,Source One Financial Services,MD, bert landes,0,0,MD108,Silver
249987,mlomedico,24221.43,144,Decline,SMITH MOTOR CO OF HATTIESBURG INC - MS107,,MS,HATTIESBURG,2026-08-17,,,2026,Boat,New,,27.76,4.56,jsmith,,101,12.49,0,0,false,,,13.49,Silver 1,Silver 1,2.55,0,,0,9483.38,676,Source One Financial Services,MS, elizabeth aycox,0,0,MS107,Silver
250149,mlomedico,31873.9,180,Auto Approval,Gregg Orr Marine - Hot Springs - AR123,,AR,Hot Springs,2026-08-17,2026-08-18,,2027,Boat,New,,33.86,2.89,jweller,,1522,13.74,3200,3200,false,,,14.74,Silver 1,Silver 1,1.11,0,,0,28807.84,646,Source One Financial Services,MO, alistair cook,1,1,AR123,Silver
250091,,13703.9,144,Auto Decline,Blue Compass RV - Albuquerque - NM112,Blue Compass,NM,Albuquerque,2026-08-17,,,2019,RV,Used,583,60.22,3.26,edominguez,,0,22.99,2000,2000,false,,,23.99,Bronze,Bronze,1.26,0,,0,10900,600,Source One Financial Services,AZ,,0,0,NM112,Business First
250103,mnava,14217.13,120,Conditional Approval,BLUE COMPASS RV - DALLAS - TX147,Blue Compass,TX,Mesquite,2026-08-17,2026-08-17,,2015,RV,Used,,42.58,1.57,gott,,74,10.74,2000,2000,false,,,12.24,Core,Core,0.89,0,,0,15900,730,Source One Financial Services,TX, shane smith,1,1,TX147,Core
250205,rsimmons,27514.58,180,Decline,Blue Compass - Mobile - AL170,Blue Compass,AL,Theodore,2026-08-17,,,2019,RV,Used,,23.23,5.31,jsmith,,20,13.74,2700,2700,false,,,14.74,Silver 1,Silver 1,0.98,0,,0,28050,672,Source One Financial Services,MS, dylan howard,0,0,AL170,Silver
249983,jharrington1,38135,144,Auto Approval,Woodland Airstream of Kentucky - KY151,,KY,Georgetown,2026-08-17,2026-08-17,,2022,RV,Used,830,22.61,3.18,jharrington1,,48,7.99,0,0,false,,,9.49,Core,Core,0.91,0,,0,41700,842,Source One Financial Services,IN,,1,1,KY151,Core
249932,rsimmons,28437.84,180,Auto Approval,Fun Town RV-Waller -TX539,Fun Town,TX,Waller,2026-08-17,2026-08-17,,2023,RV,Used,,44.65,3.2,gott,,139,9.99,0,0,false,,,11.49,Core,Core,1,0,,0,28450,753,Source One Financial Services,TX, meddie nieto,1,1,TX539,Core
249921,Jhill,34711,204,Decline,Casita Travel Trailers - TX563,RDS,TX,Rice,2026-08-17,,,2026,RV,New,,48.3,4.59,gott,,1452,7.99,3500,3500,false,,,8.74,Core,Core,1.01,0,,0,34407,794,Source One Financial Services,TX, andy krier,0,0,TX563,Core
250223,,97799,240,Auto Decline,"Vantage Recreational Finance, Inc. -FL291",VRF,FL,FORT LAUDERDALE,2026-08-17,,,2018,RV,Used,,15.67,5.71,S1House,,14,22.99,7000,7000,false,,,23.99,Bronze,Bronze,0.8,0,,0,122265,614,Source One Financial Services,AZ, samantha ary,0,0,FL291,Business First
250181,,83186,240,Auto Decline,La Mesa RV Center - West Sacramento - SCA162,La Mesa,CA,West Sacramento,2026-08-17,,,2023,RV,Used,,45.37,13.32,jrubi,,0,14.49,0,0,false,,,15.49,Silver 1,Silver 1,0,0,,0,0,653,Source One Financial Services,CA,,0,0,SCA162,Silver
250079,mlomedico,60072.38,240,Decline,Lichtsinn Motors - IA137,,IA,Forest City,2026-08-17,,,2022,RV,Used,,10.22,9.31,gcoulombe,,54,8.49,50000,50000,false,,,9.99,Core,Not Applicable,0.62,0,,0,96350,793,Connexus Credit Union,MN, jamie hansen,0,0,IA137,Not Applicable
250032,mnava,14271.75,144,Booked,Easy Camping RV - IA141,,IA,Nevada,2026-08-17,2026-08-22,2026-08-22,2026,RV,New,,32.66,1.33,gcoulombe,7511,7432,9.99,700,700,false,78,1,11.49,Core,Core,0.63,856.3,6,0,22501,718,Source One Financial Services,IA, ryan jensen,1,0,IA141,Core
249950,mnava,61936.32,180,Decline,BAILEY TOLIVER RV - BROWNFIELD - TX430,,TX,BROWNFIELD,2026-08-17,,,2025,RV,Used,,24.62,8.08,gott,,70,12.49,6900,6900,false,,,13.49,Silver 1,Silver 1,0.87,0,,0,71335,665,Source One Financial Services,NM, victor quintanilla,0,0,TX430,Silver
250008,sbaker,40428.03,180,Auto Approval,Premier Yamaha Boating Center/Aransas -TX209,,TX,Aransas,2026-08-17,2026-08-19,,2022,Boat,Used,762,44.51,2.61,gott,,3041,7.99,1000,1000,false,,,9.49,Core,Core,1.09,0,,0,37140,833,Source One Financial Services,TX, paul mcminn,1,1,TX209,Core
249954,thovey,28093.43,180,Auto Approval,Coachlight RV Sales Inc. -MO106,,MO,Carthage,2026-08-17,2026-08-17,,2026,RV,New,672,32.45,4.55,jweller,,223,7.49,2735,2735,false,,,8.99,Core,Core,1.03,0,,0,27347,898,Source One Financial Services,MO, doug lown,1,1,MO106,Core
250245,mlomedico,62528,240,Booked,Mid America RV -MO104,,MO,Carthage,2026-08-17,2026-08-19,2026-08-25,2025,RV,New,681,13.61,9.51,jweller,11022,2457,7.74,1000,1000,false,5645,2920,8.74,Core,Not Applicable,0.97,2501.12,4,0,64421,752,Connexus Credit Union,MO, jeremy nelson,1,0,MO104,Not Applicable
250217,ahunt,49972.66,180,Auto Approval,Fun Town RV-Denton -TX322,Fun Town,TX,Denton,2026-08-17,2026-08-17,,2027,RV,New,,42.8,5.03,gott,,112,9.49,0,0,false,,,10.99,Core,Core,1.12,0,,0,44543,748,Source One Financial Services,TX, douglas santos,1,1,TX322,Core
250006,sdelarosa,40237.67,180,Decline,ANGLERS CHOICE - LEXINGTON - NC101,,NC,LEXINGTON,2026-08-17,,,2014,Boat,Used,,48.44,5.68,jsmith,,64,11.49,0,7017,false,,,12.99,Core,Core,1.01,0,,0,40000,709,Source One Financial Services,NC, lee parker,0,0,NC101,Core
249952,jharrington1,39400.4,240,Auto Approval,SKAGGS RV OUTLET - KY113,,KY,ELIZABETHTOWN,2026-08-17,2026-08-17,,2026,RV,New,778,30.77,4.24,jharrington1,,57,7.74,0,3400,false,,,7.39,Core,Core,0.98,0,,0,40241,786,Source One Financial Services,KY, donnie simoneit,1,1,KY113,Core
250125,jharrington1,21406.82,180,Approved,BLUE COMPASS RV - CINCINNATI - OH114,Blue Compass,OH,Cincinnati,2026-08-17,2026-08-17,,2026,RV,New,,40.92,2.13,jharrington1,,11,13.74,2400,2400,false,,,14.74,Silver 1,Silver 1,0.85,0,,0,25333,644,Source One Financial Services,OH, mattew farrell,1,1,OH114,Silver
250097,Jhill,24000.57,144,Conditional Approval,Southaven RV & Marine - MS115,,MS,Southaven,2026-08-17,2026-08-17,,2024,RV,Used,,50.87,6.78,jsmith,,33,9.5,2500,2500,false,,,10,Core,Not Applicable,0.94,0,,0,25400,712,Ideal Credit Union,MS, havanna klamm,1,1,MS115,Not Applicable
249969,sbaker,23348.92,144,Decline,A and L RV - Kodak -TN104,,TN,Kodak,2026-08-17,,,2027,RV,New,693,59.82,3.24,jsmith,,109,10.24,1000,1000,false,,,11.74,Core,Core,1.01,0,,0,23197,689,Source One Financial Services,GA, eric seehafer,0,0,TN104,Core
249928,thovey,29628,180,Booked,Autorama RV Center -IA129,,IA,Des Moines,2026-08-17,2026-08-22,2026-08-24,2022,RV,Used,,27,10.5,gcoulombe,10426,7249,9.24,1000,1000,false,2959,218,9.75,Core,Core,1.05,592.56,2,0,28350,777,Source One Financial Services,IA, missy simpson,1,0,IA129,Core
250202,,65980,240,Auto Decline,AMERICA GO RV (Seguin) -TX419,,TX,SEGUIN,2026-08-17,,,2020,RV,Used,,58.55,28.97,gott,,0,14.49,2500,2500,false,,,15.49,Silver 1,Silver 1,0.92,0,,0,71500,654,Source One Financial Services,TX,,0,0,TX419,Silver
250077,mlomedico,36908.22,180,Approved,Southern Mud Sports of Huntsville - AL167,,AL,Athens,2026-08-17,2026-08-17,,2027,Boat,New,,34.58,3.83,jsmith,,42,9.49,3715,3715,false,,,10.99,Core,Core,1.21,0,,0,30535.13,745,Source One Financial Services,MS, jeff cantey,1,1,AL167,Core
249975,,24255,180,Auto Decline,Blue Compass RV - Springfield - MO229,Blue Compass,MO,Strafford,2026-08-17,,,2026,RV,New,,16.24,5.03,jweller,,0,22.99,0,17000,false,,,23.99,Bronze,Bronze,0.56,0,,0,43045,617,Source One Financial Services,MO,,0,0,MO229,Business First
249935,,29944,180,Auto Decline,"Vantage Recreational Finance, Inc. -FL291",VRF,FL,FORT LAUDERDALE,2026-08-17,,,2025,RV,Used,,47.59,3.04,S1House,,0,12.49,2500,2500,false,,,13.49,Silver 1,Silver 1,0.85,0,,0,35200,677,Source One Financial Services,TN,,0,0,FL291,Silver
250035,,10272.18,120,Auto Decline,ET Quality RV - NCA131,,CA,Yuba City,2026-08-17,,,2016,RV,Used,,2.86,2.86,jrubi,,0,22.99,5000,5000,false,,,23.99,Bronze,Bronze,0.8,0,,0,12815,,Source One Financial Services,CA,,0,0,NCA131,Business First
249998,Jhill,42973.07,180,Decline,HASKELL RV CENTER - TX434,,TX,HASKELL,2026-08-17,,,2021,RV,Used,,65.37,7.36,gott,,97,8.49,0,0,false,,,9.99,Core,Core,1.13,0,,0,38100,798,Source One Financial Services,TX, jason pelz,0,0,TX434,Core
250050,,12127.58,144,Auto Decline,"Hemlock Hill RV Sales, Inc-CT107",,CT,Southington,2026-08-17,,,2025,RV,Used,,62.46,4.28,gcoulombe,,0,12.49,500,1500,false,,,13.49,Silver 1,Silver 1,0.69,0,,0,17700,672,Source One Financial Services,CT,,0,0,CT107,Silver
250182,rsimmons,46170.1,240,Decline,Blue Compass RV - Austin - TX522,Blue Compass,TX,Buda,2026-08-17,,,2027,RV,New,569,47.34,2.06,gott,,29,9.99,0,0,false,,,11.49,Core,Core,1.05,0,,0,43938,707,Source One Financial Services,TX, nicolas paez,0,0,TX522,Core
250066,sdelarosa,38775.26,180,Approved,JEFF COUCHS CAMPERS -OH107,Jeff Couchs,OH,Trenton,2026-08-17,2026-08-17,,2027,RV,New,,24.8,4.06,jharrington1,,33,7.99,5000,5000,false,,,9.49,Core,Core,0.86,0,,0,45286,789,Source One Financial Services,TX, bryon spencer,1,1,OH107,Core
250206,thovey,32494.22,144,Conditional Approval,JOHNNY'S RV SUPERSTORE LLC - AL124,,AL,THEODORE,2026-08-17,2026-08-17,,2027,RV,New,,18.2,3.91,jsmith,,128,11.49,3500,3500,false,,,11.74,Silver 1,Not Applicable,1.08,0,,0,30035,675,Connexus Credit Union,AR, jamie zimmerman,1,1,AL124,Not Applicable
250135,thovey,14191,144,Decline,Rocky Ridge RV of McAlester - OK145,Rocky Ridge,OK,McAlester,2026-08-17,,,2026,RV,New,,49.25,4.71,jweller,,25,10.24,0,0,false,,,11.99,Core,Core,0.69,0,,0,20687,698,Source One Financial Services,OK, doug menees,0,0,OK145,Core
250132,ahunt,100394.75,240,Auto Approval,ADVENTURE MOTORHOMES - SC118,,SC,GREEER,2026-08-17,2026-08-17,,2025,RV,New,,4.17,3.16,jsmith,,204,7.74,11254.9,11254.9,false,,,9.24,Core,Core,0.8,0,,0,125379,797,Source One Financial Services,GA, kelly patterson,1,1,SC118,Core
249922,sbaker,167091.95,180,Auto Approval,Fun Town RV-Denton -TX322,Fun Town,TX,Denton,2026-08-17,2026-08-18,,2026,RV,New,,34.19,11.53,gott,,1526,10.49,17000,17000,false,,,11.49,Core,Core,0.99,0,,0,168519,743,Source One Financial Services,TX, jacob redante,1,1,TX322,Core
250046,,62548,240,Auto Decline,BEAUMONT RV - SCA108,,CA,BEAUMONT,2026-08-17,,,2026,RV,New,641,25.63,5.83,jrubi,,0,14.99,0,12000,false,,,15.99,Silver 2,Silver 2,0.85,0,,0,73205,629,Source One Financial Services,CA,,0,0,SCA108,Silver
250179,jharrington1,63428.96,240,Decline,Keystone RV Center  - PA110,Pete's RV,PA,Greencastle,2026-08-17,,,2026,RV,New,,25.93,9.7,jharrington1,,15,9.99,3000,3000,false,,,11.49,Core,Core,0.93,0,,0,68363,706,Source One Financial Services,VA, jen habina,0,0,PA110,Core
250020,jharrington1,46663,180,Decline,JEFF COUCHS CAMPERS -OH107,Jeff Couchs,OH,Trenton,2026-08-17,,,2027,RV,New,,53.54,12.81,jharrington1,,144,10.24,2000,-12000,false,,,11.74,Core,Core,1.24,0,,0,37508,693,Source One Financial Services,WV, charles thomas,0,0,OH107,Core
250138,avera,70974,240,Booked,"Vantage Recreational Finance, Inc. -FL291",VRF,FL,FORT LAUDERDALE,2026-08-17,2026-08-19,2026-08-20,2020,Boat,Used,,29.04,3.45,S1House,4253,2578,7.99,50000,50000,false,1651,24,8.99,Core,Core,1.17,2838.96,4,0,60490,859,Source One Financial Services,CA, linda lemire,1,0,FL291,Core
250196,mlomedico,10738.68,120,Auto Approval,Titan Auto & Rv Sales - AR117,,AR,Searcy,2026-08-17,2026-08-17,,2018,RV,Used,,7.85,3.45,jweller,,46,13.74,1100,1100,false,,,14.74,Silver 1,Silver 1,0.93,0,,0,11550,679,Source One Financial Services,AR, dylan melton,1,1,AR117,Silver
249903,sbaker,22122.92,180,Approved,Freedom RV LLC - TX490,Canopy Financial,TX,Dodd City,2026-08-17,2026-08-17,,2021,RV,Used,,16.58,2.6,gott,,6,9.24,2000,2000,false,,,10.74,Core,Core,0.92,0,,0,24100,761,Source One Financial Services,AR, mac mclelland,1,1,TX490,Core
250143,,32902,180,Auto Decline,BOBBY WAYNES RV - SCA111,,CA,LANCASTER,2026-08-17,,,2026,RV,New,,53.46,4.93,jrubi,,0,22.99,3200,3200,false,,,23.99,Bronze,Bronze,0.78,0,,0,42163,612,Source One Financial Services,CA,,0,0,SCA111,Business First
250128,eavila,248331.59,180,Decline,BISH'S RV OF GREAT FALLS - MT104,Bish's RV,MT,GREAT FALLS,2026-08-17,,,2023,RV,Used,682,25.5,12.33,dzilberchtein,,21,10.74,55000,55000,false,,,12.24,Core,Core,1,0,,0,248850,686,Source One Financial Services,TX, dylan higgins,0,0,MT104,Core
250026,,15652.88,180,Auto Decline,Mountaineer RV & Outdoor Center - MT. Nebo - WV105,,WV,Mt Nebo,2026-08-17,,,2027,RV,New,,50.83,3.89,jharrington1,,0,13.74,1500,1500,false,,,14.74,Silver 1,Silver 1,1,0,,0,15645,659,Source One Financial Services,WV,,0,0,WV105,Silver
249945,,79133.35,240,Auto Decline,Coastal Culture Marine - FL342,,FL,Gulf Breeze,2026-08-17,,,2027,Boat,New,602,38.89,2.96,wstoutimore,,0,14.99,40000,54000,false,,,15.99,Silver 2,Silver 2,0.79,0,,0,100583,629,Source One Financial Services,FL,,0,0,FL342,Silver
249900,,31047.23,180,Auto Decline,GIANT RECREATION WORLD DAYTONA - FL176,,FL,Ormond Beach,2026-08-17,,,2023,RV,Used,,46.89,3.31,pcarter,,0,13.24,2000,2000,false,,,14.24,Silver 1,Silver 1,0.75,0,,0,41195,675,Source One Financial Services,FL,,0,0,FL176,Silver
250130,mnava,30883,180,Decline,RV TRUCK SALES LLC - MT100,,MT,MISSOULA,2026-08-17,,,2022,RV,Used,702,27.24,4.61,dzilberchtein,,56,10.24,0,0,false,,,11.74,Core,Core,0.97,0,,0,31800,723,Source One Financial Services,MT, brian giffin,0,0,MT100,Core
250085,,35471,144,Auto Decline,RNR RV CENTER - SPOKANE - WA150,,WA,Spokane,2026-08-17,,,2027,RV,New,,34.53,14.07,ljablonoski,,0,22.99,3000,3000,false,,,23.99,Bronze,Bronze,1.18,0,,0,30072,591,Source One Financial Services,WA,,0,0,WA150,Business First
249918,rsimmons,131430.93,240,Decline,Gil Cherry Family RV Center LLC -TX130,,TX,Sweetwater,2026-08-17,,,2026,RV,New,637,36.47,9.98,gott,,62,13.74,14000,14000,false,,,14.74,Silver 1,Silver 1,1.34,0,,0,97728,654,Source One Financial Services,TX, brad walker,0,0,TX130,Silver
250004,thovey,38942.07,180,Contract Received,GREAT AMERICAN RV SUPERSTORE-TUPELO - MS114,,MS,BELDEN,2026-08-17,2026-08-26,,2027,RV,New,832,45.77,3.05,jsmith,,12944,9.49,15000,15000,true,,6,11.49,Business First,Business First,1.09,0,,0,35725,,Source One Financial Services,MS, dj miller,1,1,MS114,Business First
250002,,19927.42,180,Auto Decline,Blue Compass RV - Albuquerque - NM112,Blue Compass,NM,Albuquerque,2026-08-17,,,2017,RV,Used,,19.94,7.94,edominguez,,0,22.99,1900,1900,false,,,23.99,Bronze,Bronze,1.05,0,,0,18950,619,Source One Financial Services,TX,,0,0,NM112,Business First
250229,mlomedico,22524.39,180,Decline,Blue Compass RV - Surprise - AZ363,Blue Compass,AZ,Surprise,2026-08-17,,,2026,RV,New,,21.36,9.8,edominguez,,8,12.49,1000,1000,false,,,13.49,Silver 1,Silver 1,0.92,0,,0,24594,668,Source One Financial Services,AZ, zachary lauer,0,0,AZ363,Silver
250137,pmeza,43484.16,180,Auto Approval,ROTH RV - GRAND RAPIDS - MN164,,MN,GRAND RAPIDS,2026-08-17,2026-08-17,,2027,RV,New,761,42.45,4.83,dzilberchtein,,21,7.49,1000,-15260.75,false,,,8.99,Core,Core,1.3,0,,0,33474,857,Source One Financial Services,MN, nick dulong,1,1,MN164,Core
249911,sdelarosa,34918.59,240,Decline,Old Salt Marine - FL234,,FL,Lakeland,2026-08-17,,,2026,Boat,New,747,64.27,4.93,wstoutimore,,14,9.99,5000,5000,false,,,11.49,Core,Core,1.11,0,,0,31600,718,Source One Financial Services,FL, dean old salt,0,0,FL234,Core
250044,,29782.36,180,Auto Decline,"Kunes RV of Frankfort, Inc. - IL262",KunesRV,IL,Fronkfort,2026-08-17,,,2025,RV,New,602,29.62,3.53,gcoulombe,,0,22.99,9000,9000,false,,,23.99,Bronze,Bronze,0.71,0,,0,41885,592,Source One Financial Services,IL,,0,0,IL262,Business First
250007,mnava,84912.75,240,Auto Approval,Lake Region RV -ND103,,ND,Devels Lake,2026-08-17,2026-08-26,,2024,RV,New,748,44.24,4.68,dzilberchtein,,12878,7.74,2000,21367,false,,,7.39,Core,Core,1.38,0,,0,61750,799,Source One Financial Services,ND,,1,1,ND103,Core
250105,jharrington1,48933.96,180,Conditional Approval,General RV Center - North Canton - OH200,General RV,OH,North Canton,2026-08-17,2026-08-19,,2023,RV,Used,633,39.55,4.1,jharrington1,,2767,7.74,3000,3000,false,,,8.74,Core,Not Applicable,0.97,0,,0,50400,861,Connexus Credit Union,PA, jarod swinehart,1,1,OH200,Not Applicable
250231,mlomedico,19940,180,Decline,Blue Compass RV - Park City-KS117,Blue Compass,KS,Park City,2026-08-17,,,2014,RV,Used,637,41.05,4.11,jweller,,17,14.24,2500,2500,false,,,15.24,Silver 1,Silver 1,0.71,0,,0,28270,667,Source One Financial Services,KS, hailli barnes,0,0,KS117,Silver
250255,,9384,96,Auto Decline,Midway Auto & RV - Billings - MT107,,MT,Billings,2026-08-17,,,2002,Boat,New,,0,0,dzilberchtein,,0,22.99,1000,11000,false,,,23.99,Bronze,Bronze,0,0,,0,0,,Source One Financial Services,MT,,0,0,MT107,Business First
250139,Jhill,73831,180,Conditional Approval,"Vantage Recreational Finance, Inc. -FL291",VRF,FL,FORT LAUDERDALE,2026-08-17,2026-08-17,,2011,RV,Used,,9.3,4.82,S1House,,61,8.99,3000,3000,false,,,10.49,Core,Core,0.78,0,,0,94450,831,Source One Financial Services,AZ, jenica carpentier,1,1,FL291,Core
249939,,22585.44,144,Auto Decline,Uwharrie RV  (740 Motors) - NC125,,NC,Albemarle,2026-08-17,,,2027,RV,New,586,39.18,3.18,jsmith,,0,22.99,2500,2500,false,,,23.99,Bronze,Bronze,0.87,0,,0,25895,599,Source One Financial Services,NC,,0,0,NC125,Business First
249947,,15498,120,Auto Decline,"Vantage Recreational Finance, Inc. -FL291",VRF,FL,FORT LAUDERDALE,2026-08-17,,,2015,RV,Used,,24.1,2.21,S1House,,0,16.24,1500,1500,false,,,17.24,Silver 2,Silver 2,0.57,0,,0,27225,626,Source One Financial Services,TX,,0,0,FL291,Silver
249897,mlomedico,66655.25,240,Decline,Intercoastal Financial Group LLC - 17401746,IFG,FL,Vero Beach,2026-08-17,,,2019,Boat,Used,617,39.02,6.91,S1House,,249,13.74,10000,10000,false,,,14.74,Silver 1,Silver 1,1.11,0,,0,60000,674,Source One Financial Services,AL, taylor beckford,0,0,17401746,Silver
249997,sdelarosa,91877.5,240,Decline,SR1 Companies-Turner-ME108,,ME,Turner,2026-08-17,,,2025,RV,Used,695,53.75,9.37,gcoulombe,,76,10.24,3000,3000,false,,,11.74,Core,Core,1.09,0,,0,84600,690,Source One Financial Services,ME, shawn martin,0,0,ME108,Core
250102,rsimmons,17138.16,144,Booked,Campers Unlimited - Gadsden-AL152,,AL,Gadsden,2026-08-17,2026-08-24,2026-08-26,2021,RV,Used,,35.5,3.33,jsmith,12977,9896,10.74,1600,1600,false,3067,14,12.24,Core,Core,1.11,1028.29,6,0,15450,692,Source One Financial Services,AL, david tyler,1,0,AL152,Core
250037,jharrington1,23822.38,168,Booked,The Great Outdoors Marine - WV111,,WV,Lavalette,2026-08-17,2026-08-24,2026-08-24,2026,Boat,New,,7.61,2.56,jharrington1,10356,10334,9.74,2000,2000,false,21,1,11.24,Core,Core,1.42,1429.34,6,0,16790,721,Source One Financial Services,WV, bradlee matzdorff,1,0,WV111,Core
250175,,211299,240,Auto Decline,"Vantage Recreational Finance, Inc. -FL291",VRF,FL,FORT LAUDERDALE,2026-08-17,,,2019,RV,Used,765,60.85,10.8,S1House,,0,22.99,25000,25000,false,,,23.99,Bronze,Bronze,0.69,0,,0,307395,608,Source One Financial Services,CA,,0,0,FL291,Business First
250063,Jhill,31346.13,204,Auto Approval,Rocky Ridge RV - Tyler - TX574,Rocky Ridge,TX,Tyler,2026-08-17,2026-08-17,,2026,RV,New,,21,6.58,gott,,97,11.24,3300,3300,false,,,12.99,Core,Core,0.84,0,,0,37120,686,Source One Financial Services,TX, brandon barsh,1,1,TX574,Core
250093,mnava,46720.34,180,Conditional Approval,SKYRIVER RV - FRESNO - NCA138,SkyRiver,CA,Fresno,2026-08-17,2026-08-17,,2026,RV,New,,17.76,10.65,jrubi,,60,7.49,17367,17367,false,,,8.74,Core,Not Applicable,1.24,0,,0,37631,807,Connexus Credit Union,CA, julien castillo,1,1,NCA138,Not Applicable
250075,jharrington1,49709.53,180,Decline,RCD Sales Co. LTD -OH127,,OH,Pataskala,2026-08-17,,,2017,RV,Used,569,60.32,4.84,jharrington1,,24,11.24,3600,3600,false,,,12.74,Core,Core,1.19,0,,0,41900,687,Source One Financial Services,OH, joseph gallo,0,0,OH127,Core
250033,mnava,52395.82,240,Auto Approval,"Campers Inn RV of Myrtle Beach, Inc - SC109",Campers Inn,SC,Myrtle Beach,2026-08-17,2026-08-17,,2026,RV,New,711,40.91,3.01,jsmith,,134,9.74,8000,8000,false,,,11.24,Core,Core,1.05,0,,0,50050.84,727,Source One Financial Services,NC, dion sexton,1,1,SC109,Core
249898,avera,10000,120,Booked,Country Roads RV Center INC.- NC139,,NC,Lexington,2026-08-17,2026-08-20,2026-08-20,2025,RV,Used,794,8.8,1.92,jsmith,4879,4868,7.49,4183.55,4183.55,false,11,0,8.99,Core,Core,0.61,600,6,0,16350,802,Source One Financial Services,NC, scott champion,1,0,NC139,Core
250065,rsimmons,17092.69,144,Decline,A and L RV Sales - Johnson City - TN123,,TN,Johnson City,2026-08-17,,,2018,RV,Used,526,9.06,3.08,jsmith,,35,10.74,1700,1700,false,,,12.24,Core,Core,1.06,0,,0,16060,731,Source One Financial Services,TN, amber bailey,0,0,TN123,Core
250251,pmeza,57932.98,204,Auto Approval,Fun Town RV Ottawa LLC - KS125,Fun Town,KS,Ottawa,2026-08-17,2026-08-26,,2026,RV,New,629,36.18,5.87,jweller,,12887,9.99,2755,2855,false,,,11.49,Core,Core,1.25,0,,0,46400,711,Source One Financial Services,KS, john lucas,1,1,KS125,Core
250049,thovey,38539.96,180,Approved,San Antonio Rvs -TX265,,TX,Seguin,2026-08-17,2026-08-17,,2019,RV,Used,,18.66,3.16,gott,,51,14.99,3800,3800,false,,,15.99,Silver 1,Silver 1,0.9,0,,0,42750,649,Source One Financial Services,LA, cody flores,1,1,TX265,Silver
250034,sbaker,39885.51,180,Auto Approval,Blue Compass RV - San Antonio - TX572,Blue Compass,TX,San Antonio,2026-08-17,2026-08-17,,2026,RV,New,648,27.43,2.16,gott,,119,10.24,4100,4100,false,,,11.74,Core,Core,0.98,0,,0,40500,691,Source One Financial Services,TX, ryan johnson,1,1,TX572,Core
250221,Jhill,19670.84,120,Decline,RV STATION-INEZ TX443,,TX,INEZ,2026-08-17,,,2015,RV,Used,,18.78,3.73,gott,,34,10.49,3000,3000,false,,,11.99,Core,Core,1.03,0,,0,19050,759,Source One Financial Services,TX, alan marquez,0,0,TX443,Core
250203,eavila,14551.18,120,Auto Approval,Fun Town RV - Surprise - AZ353,Fun Town,AZ,Surprise,2026-08-17,2026-08-17,,2018,RV,Used,707,29.77,1.14,edominguez,,123,8.99,1000,1000,false,,,10.49,Core,Core,0.92,0,,0,15900,793,Source One Financial Services,AZ, brenden boggs,1,1,AZ353,Core
250173,mlomedico,88454.89,240,Decline,RV Country-Klamath Falls-OR132,RV Country,OR,Klamath Falls,2026-08-17,,,2022,RV,Used,691,46.17,5.82,ljablonoski,,22,9.99,19246.39,17092.39,false,,,11.49,Core,Core,1.11,0,,0,79991,749,Source One Financial Services,OR, susanne phillips,0,0,OR132,Core
250058,jharrington1,21129.16,168,Verifications Incomplete,BLUE COMPASS RV  COLUMBUS-OH210,Blue Compass,OH,DELAWARE,2026-08-17,2026-08-26,,2026,RV,New,,32.82,2.8,jharrington1,,13230,12.49,1600,1600,false,,4,13.49,Silver 1,Silver 1,1,0,,0,21224,661,Source One Financial Services,OH, anja merchant,1,1,OH210,Silver
250018,mlomedico,29015.08,180,Booked,Cedar City RV  - ETN103,EPIC,TN,Lebanon,2026-08-17,2026-08-20,2026-08-20,2026,RV,New,799,2.62,2.38,S1House,4467,4412,7.49,0,15000,false,55,0,8.99,Core,Core,0.56,1740.9,6,0,51530,814,Source One Financial Services,TN, mia williams,1,0,ETN103,Core
249965,,470719.85,240,Auto Decline,Legendary Marine - Destin - FL142,OneWater,FL,Destin,2026-08-17,,,2022,Boat,Used,,0,0,wstoutimore,,0,22.99,112000,112000,false,,,23.99,Bronze,Bronze,0.99,0,,0,476568,,Source One Financial Services,OK,,0,0,FL142,Business First
250081,pmeza,29212.18,180,Decline,Blue Compass RV - South Beumont - TX551,Blue Compass,TX,Vidor,2026-08-17,,,2027,RV,New,684,9.34,2.17,gott,,41,10.24,3500,3500,false,,,11.74,Core,Not Applicable,0.95,0,,0,30853,681,Connexus Credit Union,TX, leah sligar,0,0,TX551,Not Applicable
250214,pmeza,149337.97,180,Decline,Bretz RV & Marine - Liberty Lake - WA138,Bretz RV,WA,Liberty lake,2026-08-17,,,2016,RV,Used,688,59.04,10.24,ljablonoski,,17,10.99,25000,20295.07,false,,,12.49,Core,Core,0.97,0,,0,154100,720,Source One Financial Services,ID, angel villanueva,0,0,WA138,Core
249956,jharrington1,22224.1,169,Booked,Campers Inn Louisville -IN138,Campers Inn,IN,Clarksville,2026-08-17,2026-08-17,2026-08-17,2021,RV,Used,,43.21,3.41,jharrington1,213,184,7.99,3600,3600,false,29,0,9.49,Core,Core,1.5,1333.45,6,0,14850,864,Source One Financial Services,KY, mark unger,1,0,IN138,Core
250235,mlomedico,77532.5,240,Decline,"Campers Inn RV of Myrtle Beach, Inc - SC109",Campers Inn,SC,Myrtle Beach,2026-08-17,,,2026,RV,New,659,100.78,9.96,jsmith,,15,9.99,3000,8000,false,,,11.49,Core,Core,1.18,0,,0,65895,715,Source One Financial Services,NY, dion sexton,0,0,SC109,Core
250224,sflynn,31773.27,180,Conditional Approval,Fun Town RV - Cleburne -TX108,Fun Town,TX,Cleburne,2026-08-17,2026-08-17,,2026,RV,New,,32.54,8.95,S1House,,12,9.99,1200,1200,false,,,11.49,Core,Core,0.8,0,,0,39656,717,Source One Financial Services,TX, brenden boggs,1,1,TX108,Core
250061,sdelarosa,43373.85,204,Auto Approval,Warrior Financial - OH236,Warrior Performance,OH,Columbus,2026-08-17,2026-08-17,,2026,Boat,New,,42.16,5.16,jharrington1,,38,7.49,5000,5500,false,,,8.99,Core,Core,1.19,0,,0,36466.64,842,Source One Financial Services,PA, bob rose iii,1,1,OH236,Core
250029,eavila,64219.07,180,Conditional Approval,FUN TOWN RV ANNA LLC - IL251,Fun Town,IL,ANNA,2026-08-17,2026-08-17,,2026,RV,New,,13.07,1.58,gcoulombe,,44,13.74,13500,13500,false,,,14.74,Silver 1,Silver 1,0.79,0,,0,81716,653,Source One Financial Services,MO, brenden boggs,1,1,IL251,Silver
250003,mnava,72571.68,240,Approved,Fun Town RV Ottawa LLC - KS125,Fun Town,KS,Ottawa,2026-08-17,2026-08-17,,2025,RV,New,668,29.68,4.01,jweller,,68,9.49,1000,1000,false,,,10.99,Core,Core,0.92,0,,0,78721,758,Source One Financial Services,KS, john lucas,1,1,KS125,Core
249901,rsimmons,26638.35,180,Decline,Campers Inn RV of Knoxville E - TN160,Campers Inn,TN,Knoxville,2026-08-17,,,2023,RV,Used,669,20.84,4.09,jsmith,,98,13.24,2677,2677,false,,,14.24,Silver 1,Silver 1,0.79,0,,0,33600,664,Source One Financial Services,TN, radu puraci,0,0,TN160,Silver
250016,rsimmons,65313,240,Decline,Courvelle's RV - LA113,,LA,Opelousas,2026-08-17,,,2018,RV,Used,,54.73,15.16,gott,,84,22.99,12000,12000,false,,,23.99,Core,Core,1.24,0,,0,52825,752,Source One Financial Services,LA, craig guidry,0,0,LA113,Core
249958,mlomedico,38745,180,Approved,Rocky Ridge RV of Van Buren - AR115,Rocky Ridge,AR,Van Buren,2026-08-17,2026-08-17,,2026,RV,Used,811,28.06,2.11,jweller,,17,7.49,3244.97,27244.97,false,,,9.24,Core,Core,0.6,0,,0,64850,828,Source One Financial Services,AR,,1,1,AR115,Core
250000,sbaker,31338.86,180,Auto Approval,Premier Yamaha Boating Center/Aransas -TX209,,TX,Aransas,2026-08-17,2026-08-17,,2023,Boat,Used,642,33.56,4.81,gott,,152,13.24,3200,3200,false,,,14.24,Silver 1,Silver 1,0.98,0,,0,31969,672,Source One Financial Services,TX, charles ferguson,1,1,TX209,Silver
249972,,35316.68,144,Auto Decline,Fun Town RV Ottawa LLC - KS125,Fun Town,KS,Ottawa,2026-08-17,,,2023,RV,Used,,36.82,16.21,jweller,,0,22.99,3500,3500,false,,,23.99,Bronze,Bronze,1.07,0,,0,33055,610,Source One Financial Services,KS,,0,0,KS125,Business First
250015,mlomedico,50495.92,240,Auto Approval,Rocky Ridge - Idabel - OK149,Rocky Ridge,OK,Idabel,2026-08-17,2026-08-17,,2026,RV,New,744,44.25,2.83,jweller,,49,7.74,5000,6688.08,false,,,9.49,Core,Core,0.84,0,,0,60329,800,Source One Financial Services,LA, david farren,1,1,OK149,Core
249964,avera,14632.39,120,Auto Approval,The Outpost RV Inc -IN144,,IN,Middlebury,2026-08-17,2026-08-17,,2026,RV,New,,25.74,1.04,jharrington1,,69,7.24,1383,1383,false,,,8.24,Core,Not Applicable,0.83,0,,0,17734,748,Connexus Credit Union,AZ,,1,1,IN144,Not Applicable
250038,,19000,144,Auto Decline,Vallely Sport and Marine -ND110,,ND,Bismarck,2026-08-17,,,2018,Boat,Used,,54.81,6.26,dzilberchtein,,0,22.99,6611.95,6611.95,false,,,23.99,Bronze,Bronze,0.99,0,,0,19180,613,Source One Financial Services,ND,,0,0,ND110,Business First
250225,thovey,18878.44,180,,The Boat Dock LTD - IL214,,IL,Springfield,2026-08-17,2026-08-27,,2022,RV,Used,,26.38,2.16,gcoulombe,,14152,10.24,2000,2000,false,,3,11.74,Core,Core,0.95,1132.71,6,0,19800,723,Source One Financial Services,IL, sue gardner,0,0,IL214,Core
250147,,17370.41,144,Auto Decline,SMITH MOTOR CO OF HATTIESBURG INC - MS107,,MS,HATTIESBURG,2026-08-17,,,2026,Boat,New,,25.63,6.07,jsmith,,0,22.99,0,0,false,,,23.99,Bronze,Bronze,2.48,0,,0,7005.48,619,Source One Financial Services,MO,,0,0,MS107,Business First
250106,,33165.58,180,Auto Decline,Ron Hoover - Odessa - TX495,Ron Hoover,TX,Odessa,2026-08-17,,,2024,RV,Used,,47.22,12.06,gott,,0,22.99,3300,3300,false,,,23.99,Bronze,Bronze,1.37,0,,0,24270,609,Source One Financial Services,TX,,0,0,TX495,Business First
250074,jrubi,106187.2,240,Auto Approval,RV's of Sacramento - NCA136,,CA,Elk Grove,2026-08-17,2026-08-18,,2026,RV,New,,14.4,6.6,jrubi,,1456,9.49,0,0,false,,,10.99,Core,Core,1.02,0,,0,104219,732,Source One Financial Services,CA, branda morgan,1,1,NCA136,Core
249979,mlomedico,58738,240,Auto Approval,Mid America RV -MO104,,MO,Carthage,2026-08-17,2026-08-17,,2026,RV,Used,,12.29,4.34,jweller,,546,7.49,5800,5800,false,,,8.74,Core,Not Applicable,0.88,0,,0,66800,787,Connexus Credit Union,TX, jeremy nelson,1,1,MO104,Not Applicable
250193,thovey,31483.71,180,Decline,"Ron Hoover Companies of Donna, Inc -Tx277",Ron Hoover,TX,Donna,2026-08-17,,,2026,RV,New,,34.6,4.61,gott,,39,13.74,5500,5500,false,,,14.74,Silver 1,Silver 1,1.2,0,,0,26250.1,655,Source One Financial Services,TX, julio pena,0,0,TX277,Silver
250084,mlomedico,58278.7,204,Booked,"Vantage Recreational Finance, Inc. -FL291",VRF,FL,FORT LAUDERDALE,2026-08-17,2026-08-24,2026-08-25,2021,RV,Used,,26.58,8.18,S1House,11636,10276,9.49,15000,15000,false,1341,19,10.49,Core,Core,0.8,2331.15,4,0,73050,747,Source One Financial Services,FL, megan fitzkee,1,0,FL291,Core
250086,pmeza,59012.01,204,Booked,Rocky Ridge RV of Van Buren - AR115,Rocky Ridge,AR,Van Buren,2026-08-17,2026-08-25,2026-08-25,2026,RV,New,,42.86,7.1,jweller,11548,11511,7.74,763.48,763.48,false,37,0,8.49,Core,Core,1.1,1770.36,3,0,53612,795,Source One Financial Services,AR,,1,0,AR115,Core
249948,rsimmons,14346.74,120,Approved,Cookeville RV and Marine - TN154,Easy Care,TN,Cookeville,2026-08-17,2026-08-17,,2018,RV,Used,,16.71,5.89,jsmith,,84,10.49,6000,6000,false,,,11.99,Core,Core,0.88,0,,0,16225,747,Source One Financial Services,TN, bradley taylor,1,1,TN154,Core
250265,jrubi,63104.97,180,Auto Approval,ROYAL COACH RECREATIONAL SALES - SCA120,,CA,BAKERSFIELD,2026-08-17,2026-08-18,,2014,RV,Used,,24.18,13.2,jrubi,,1162,11.24,7000,7000,false,,,12.74,Core,Core,0.81,0,,0,78050,723,Source One Financial Services,CA, darlene carter,1,1,SCA120,Core
250226,thovey,17449,180,Decline,"Vantage Recreational Finance, Inc. -FL291",VRF,FL,FORT LAUDERDALE,2026-08-17,,,2018,RV,Used,,45.37,4.96,S1House,,37,11.24,1500,1500,false,,,12.74,Core,Core,0.44,0,,0,39430,681,Source One Financial Services,MO, emily stratton,0,0,FL291,Core
250117,jharrington1,85560.75,240,Decline,General RV Center - Salisbury - NC137,General RV,NC,Salisbury,2026-08-17,,,2026,RV,New,,27.28,9.93,jsmith,,36,13.74,10000,10000,false,,,14.74,Silver 1,Silver 1,0.77,0,,0,111110,660,Source One Financial Services,NC, justin clearfield,0,0,NC137,Silver
249927,sdelarosa,19929.5,144,Decline,NewCoast - Boatzon - FL356,Marine Max,FL,Oldsmar,2026-08-17,,,2025,Boat,New,,41.46,1.02,S1House,,1596,13.74,4000,4000,false,,,14.74,Silver 1,Not Applicable,1.03,0,,0,19340,645,Connexus Credit Union,TX, christopher rogers,0,0,FL356,Not Applicable
250260,eavila,22000,144,Decline,CAMPERS INN RV OF MADISON - AL116,Campers Inn,AL,MADISON,2026-08-17,,,2022,RV,Used,,23.27,4.07,jsmith,,10,14.49,10000,10000,false,,,15.49,Silver 1,Silver 1,0.65,0,,0,33990,656,Source One Financial Services,AL, robert orwat,0,0,AL116,Silver
249951,thovey,107616.39,180,Decline,Sonny's RV - WY104,,WY,Evansville,2026-08-17,,,2025,RV,New,713,34.1,12.68,dzilberchtein,,15,13.74,1000,1000,false,,,14.74,Silver 1,Silver 1,1.04,0,,0,103950,647,Source One Financial Services,WY, caleb peters,0,0,WY104,Silver
249913,,21664.95,180,Auto Decline,"Cunningham Campers, Inc. -IN139",,IN,CLARKSVILLE,2026-08-17,,,2020,RV,Used,,28.5,2.43,jharrington1,,0,15.74,2500,2500,false,,,16.74,Silver 2,Silver 2,0.86,0,,0,25135,631,Source One Financial Services,KY,,0,0,IN139,Silver
250123,Jhill,31515.58,180,Approved,Ultimate RV Center - LA112,,LA,Carencro,2026-08-17,2026-08-17,,2021,RV,Used,788,18.63,2.33,gott,,54,7.99,2500,2500,false,,,9.49,Core,Core,1.14,0,,0,27600,811,Source One Financial Services,AR, lee ashy,1,1,LA112,Core
250041,pmeza,78743.81,240,Auto Approval,Blue Compass RV - Gainesville - FL335,Blue Compass,FL,Alachua,2026-08-17,2026-08-17,,2026,RV,New,666,18.93,3.67,pcarter,,149,8.99,5000,8000,false,,,10.49,Core,Core,1.11,0,,0,71245,747,Source One Financial Services,LA, mandi watt,1,1,FL335,Core
250078,rsimmons,12533,120,Decline,Jeff England Motor Co Inc -TX328,,TX,Cleburne,2026-08-17,,,2025,RV,Used,,18.53,1.34,gott,,32,13.74,1500,1500,false,,,14.74,Silver 1,Silver 1,0,0,,0,0,657,Source One Financial Services,TX,,0,0,TX328,Silver
249904,,42872.39,180,Auto Decline,FUN TOWN RV CONROE -TX400,Fun Town,TX,CONROE,2026-08-17,,,2026,RV,New,,29.93,10.13,gott,,0,14.99,4100,4100,false,,,15.99,Silver 2,Silver 2,0.97,0,,0,44213,631,Source One Financial Services,TX,,0,0,TX400,Silver
250178,eavila,124714.09,180,Auto Approval,La Mesa RV Center - Mesa - AZ356,La Mesa,AZ,Mesa,2026-08-17,2026-08-20,,2015,RV,Used,730,37.22,11.85,edominguez,,4278,8.49,7000,13000,false,,,9.99,Core,Core,0.99,0,,0,125400,802,Source One Financial Services,AZ, seamus hennessey,1,1,AZ356,Core
250012,thovey,71162,240,Booked,SR1 Companies-Turner-ME108,,ME,Turner,2026-08-17,2026-08-21,2026-08-26,2024,RV,Used,,15.27,3,gcoulombe,13276,5848,9.49,10000,10000,false,7427,1,10.99,Core,Core,0.63,4269.72,6,0,113197,711,Source One Financial Services,ME, shawn martin,1,0,ME108,Core
249988,mlomedico,37220.7,180,Decline,Cedar City RV  - ETN103,EPIC,TN,Lebanon,2026-08-17,,,2027,RV,New,,22.82,6.39,S1House,,47,13.74,0,6500,false,,,14.74,Silver 1,Silver 1,0.84,0,,0,44241,648,Source One Financial Services,TN, mia williams,0,0,ETN103,Silver
249899,avera,61704.05,180,Decline,RV Select-FL270,,FL,Seffner,2026-08-17,,,2017,RV,Used,,29.38,14.03,wstoutimore,,35,14.99,13000,133000,false,,,15.99,Silver 1,Silver 1,0.32,0,,0,191510,656,Source One Financial Services,IN, bradley mitchell,0,0,FL270,Silver
250134,sbaker,45693.43,180,Auto Approval,Southern Mud Sports of Huntsville - AL167,,AL,Athens,2026-08-17,2026-08-26,,2027,Boat,New,,14.87,9.69,jsmith,,12718,7.49,4400,4400,false,,,8.99,Core,Core,1.3,0,,0,35174.81,840,Source One Financial Services,AR, jeff cantey,1,1,AL167,Core
249916,jharrington1,62460.53,240,Approved,Petes RV Center - Schererville - IN114,Pete's RV,IN,Schererville,2026-08-17,2026-08-17,,2026,RV,New,795,30.75,2.71,jharrington1,,11,7.49,3000,3000,false,,,8.99,Core,Core,0.92,0,,0,67558,803,Source One Financial Services,IN, neville weer,1,1,IN114,Core
250177,sdelarosa,25130.05,180,Auto Approval,BOAT AND MOTOR SUPERSTORES PALM HARBOUR - FL155,,FL,PALM HARBOUR,2026-08-17,2026-08-26,,2011,Boat,Used,,43.74,2.85,wstoutimore,,12817,11.74,2200,2200,false,,,13.24,Core,Core,1.06,0,,0,23755,689,Source One Financial Services,FL, diandra cannon,1,1,FL155,Core
249923,,38925.98,180,Auto Decline,Gil Cherry Family RV Center LLC -TX130,,TX,Sweetwater,2026-08-17,,,2027,RV,New,,45.72,3.92,gott,,0,14.99,4000,4000,false,,,15.99,Silver 2,Silver 2,1.01,0,,0,38646,628,Source One Financial Services,TX,,0,0,TX130,Silver
249936,thovey,30045.29,240,Decline,Rock Solid Funding LLC - TX536,RSF,TX,BEDFORD,2026-08-17,,,2020,RV,Used,667,51.72,2.25,S1House,,163,10.24,2000,2000,false,,,11.74,Core,Core,0.85,0,,0,35300,738,Source One Financial Services,GA, caleb grassi,0,0,TX536,Core
250195,,34628.86,180,Cancelled,Ron Hoover - San Antonio - TX500,Ron Hoover,TX,San Antonio,2026-08-17,,,2021,Boat,Used,,0,0,gott,,,22.99,4000,4000,false,,,23.99,Bronze,Bronze,1.13,0,,0,30553,,Source One Financial Services,TX, trevor lemasters,0,0,TX500,Business First
250140,rsimmons,53506.18,204,Booked,Blue Compass RV - South Beumont - TX551,Blue Compass,TX,Vidor,2026-08-17,2026-08-22,2026-08-26,2021,RV,Used,,31.16,4.74,gott,13065,7024,10.49,1000,5750,false,6040,1,11.99,Core,Core,1.08,3210.37,6,0,49550,700,Source One Financial Services,LA, leah sligar,1,0,TX551,Core
250200,Jhill,62643.23,240,Booked,Blue Compass RV - Macon - GA157,Blue Compass,GA,Byron,2026-08-17,2026-08-23,2026-08-26,2027,RV,New,,46.43,8.59,jsmith,12987,7743,9.49,0,12000,false,5244,0,10.49,Core,Core,1.23,2505.73,4,0,50930,690,Source One Financial Services,GA, zach carmichael,1,0,GA157,Core
249967,rsimmons,27354.25,204,Approved,Campers Inn RV of Knoxville E - TN160,Campers Inn,TN,Knoxville,2026-08-17,2026-08-17,,2025,RV,Used,,26.42,3.5,jsmith,,127,9.99,2000,2000,false,,,9.99,Core,Core,0.77,0,,0,35700,710,Source One Financial Services,TN, radu puraci,1,1,TN160,Core
250025,pmeza,26000.34,180,Decline,BLUE COMPASS RV NEW HAMPSHIRE-NH109,Blue Compass,NH,EPSOM,2026-08-17,,,2026,RV,New,656,65.6,2.06,gcoulombe,,76,7.49,15000,15000,false,,,8.99,Core,Core,0.72,0,,0,35940,838,Source One Financial Services,NH, xan peterson,0,0,NH109,Core
250101,avera,47603.24,240,Booked,JEFF COUCHS CAMPERS -OH107,Jeff Couchs,OH,Trenton,2026-08-17,2026-08-24,2026-08-26,2027,RV,New,,48.2,7.45,jharrington1,13014,9851,10.24,2000,-11596.96,false,1709,1454,11.74,Core,Core,1.27,2856.19,6,0,37508,693,Source One Financial Services,WV, charles thomas,1,0,OH107,Core
250257,mlomedico,82630,180,Auto Approval,BOBBY WAYNES RV - SCA111,,CA,LANCASTER,2026-08-17,2026-08-18,,2026,RV,New,,35.98,12.28,jrubi,,1137,10.24,14000,24000,false,,,11.74,Core,Core,0.8,0,,0,103487,693,Source One Financial Services,CA,,1,1,SCA111,Core
249995,sdelarosa,40017.5,180,Approved,SR1 Companies-Turner-ME108,,ME,Turner,2026-08-17,2026-08-17,,2023,RV,Used,,48.86,8.24,gcoulombe,,57,8.49,0,0,false,,,9.99,Core,Core,0.78,0,,0,51450,787,Source One Financial Services,ME, shawn martin,1,1,ME108,Core
249963,ahunt,31730.49,180,Auto Approval,Blue Compass RV - Gassville - AR137,Blue Compass,AR,Gassville,2026-08-17,2026-08-18,,2026,RV,New,,43.92,4.41,jweller,,1696,9.74,0,3762,false,,,11.24,Core,Core,0.93,0,,0,34064,736,Source One Financial Services,MO, sheldon doty,1,1,AR137,Core
250246,,223057.5,240,Auto Decline,Intercoastal Financial Group LLC - 17401746,IFG,FL,Vero Beach,2026-08-17,,,2026,Boat,Used,659,46.97,7.97,S1House,,0,14.99,23000,23000,false,,,15.99,Silver 2,Silver 2,0.94,0,,0,236258,639,Source One Financial Services,CA,,0,0,17401746,Silver
249973,avera,48299.63,204,Auto Approval,Best Choice Trailers & RV-PA123,Canopy Financial,PA,Irwin,2026-08-17,2026-08-17,,2022,RV,Used,,47.5,6.87,jharrington1,,61,8.49,15200,21082.56,false,,,9.99,Core,Core,1.24,0,,0,39050,797,Source One Financial Services,OH, mac mclelland,1,1,PA123,Core
249960,thovey,91296.81,240,Auto Approval,Bish's RV of Fairfield - SCA178,Bish's RV,CA,Fairfield,2026-08-17,2026-08-27,,2026,RV,New,701,19.64,5.49,jrubi,,14813,7.74,7074,7074,false,,,8.74,Core,Not Applicable,1.13,0,,0,80770,723,Connexus Credit Union,CA, david mcclanahan,1,1,SCA178,Not Applicable
249906,sbaker,40081.1,180,Decline,Bent's RV - LA117,,LA,Boutte,2026-08-17,,,2026,RV,New,702,41.35,4.02,gott,,64,9.99,5000,5200,false,,,11.49,Core,Core,1.13,0,,0,35455,713,Source One Financial Services,LA, louis lebreton,0,0,LA117,Core
249999,mlomedico,177575.33,240,Auto Approval,Sonny's RV - WY104,,WY,Evansville,2026-08-17,2026-08-17,,2027,RV,New,787,17.41,11.83,dzilberchtein,,490,7.24,4000,58585.67,false,,,8.74,Core,Core,1.16,0,,0,153536,853,Source One Financial Services,WY, caleb peters,1,1,WY104,Core
249907,sbaker,68999.57,216,Auto Approval,FUN TOWN RV CORSICANA LP- TX451,Fun Town,TX,CORSICANA,2026-08-17,2026-08-20,,2026,RV,New,,33.24,9.17,gott,,4833,9.24,3000,3000,false,,,10.74,Core,Core,1.12,0,,0,61723,739,Source One Financial Services,TX, brenden boggs,1,1,TX451,Core
250031,Jhill,60299.7,204,Verifications Incomplete,Blue Compass RV - Charleston - SC138,Blue Compass,SC,Ladson,2026-08-17,2026-08-25,,2020,RV,Used,,25.09,6.23,jsmith,,11589,10.49,1000,5253,false,,0,10.99,Core,Core,1.36,0,,0,44400,703,Source One Financial Services,TN, houston mcdaniel,1,1,SC138,Core
249978,rsimmons,33133.5,180,Auto Approval,LA Boat Dealer - LA111,,LA,Metairie,2026-08-17,2026-08-20,,2021,Boat,Used,,36.86,3.56,gott,,4531,13.24,6500,6500,false,,,13.24,Silver 1,Silver 1,0.92,0,,0,35832,672,Source One Financial Services,OH, hank helmer,1,1,LA111,Silver
249896,,64080,144,Auto Decline,Intercoastal Financial Group LLC - 17401746,IFG,FL,Vero Beach,2026-08-17,,,1999,Boat,Used,,0,0,S1House,,0,22.99,10200,10200,false,,,23.99,Bronze,Bronze,0.99,0,,0,65000,,Source One Financial Services,CT,,0,0,17401746,Business First
250262,mnava,37589.51,204,Auto Approval,ROYAL COACH RECREATIONAL SALES - SCA120,,CA,BAKERSFIELD,2026-08-17,2026-08-18,,2027,RV,New,,37.11,12.78,jrubi,,1210,10.24,3700,3700,false,,,11.74,Core,Core,0.94,0,,0,39816,682,Source One Financial Services,CA, darlene carter,1,1,SCA120,Core
250141,eavila,67230.09,180,Conditional Approval,Campers Inn of Naperville - IL249,Campers Inn,IL,Naperville,2026-08-17,2026-08-17,,2026,RV,New,,29.74,5.71,gcoulombe,,22,9.99,7500,7500,false,,,11.49,Core,Core,1.04,0,,0,64670,717,Source One Financial Services,IL, lynn dees,1,1,IL249,Core
249966,sdelarosa,68581.07,240,Auto Approval,"Campers Inn RV of Myrtle Beach, Inc - SC109",Campers Inn,SC,Myrtle Beach,2026-08-17,2026-08-20,,2026,RV,Used,793,41.35,5.36,jsmith,,4597,8.74,2500,7279,false,,,10.24,Core,Core,1.05,0,,0,65550,773,Source One Financial Services,NC, sean kwant,1,1,SC109,Core
250198,jharrington1,28070.12,204,Approved,CAMPERS INN MACON - GA121,Campers Inn,GA,BYRON,2026-08-17,2026-08-17,,2018,RV,Used,,9.3,3.2,jsmith,,23,10.24,3000,3000,false,,,11.74,Core,Core,1.02,0,,0,27450,731,Source One Financial Services,GA, brandon tarleton,1,1,GA121,Core
250232,,7877.75,60,Auto Decline,Forest Lake Auto Truck and Trailer Sales- MN3023,,MN,Forest Lake,2026-08-17,,,2008,RV,Used,,0,0,dzilberchtein,,0,22.99,1000,1000,false,,,23.99,Bronze,Bronze,1.09,0,,,7200,,Source One Financial Services,MN,,0,0,MN3023,Business First
250152,edominguez,35427.45,180,Decline,Freedom RV-AZ252,,AZ,Tucson,2026-08-17,,,2022,RV,Used,654,25.64,2.33,edominguez,,167,14.49,200,200,false,,,15.49,Silver 1,Not Applicable,1.31,0,,0,26950,654,Connexus Credit Union,AZ, keith hausmann,0,0,AZ252,Not Applicable
250151,,43043,180,Auto Decline,Three Way Campers - GA155,,GA,Marietta,2026-08-17,,,2022,RV,Used,,51.47,5.9,jsmith,,0,14.49,5000,5000,false,,,15.49,Silver 1,Silver 1,0.88,0,,0,48840,655,Source One Financial Services,GA,,0,0,GA155,Silver
250062,rsimmons,83751.3,240,Auto Approval,BANKSTON MOTORHOMES INC - AL111,,AL,HUNTSVILLE,2026-08-17,2026-08-20,,2026,RV,New,645,34.9,4.08,jsmith,,4230,10.24,9000,9500,false,,,11.74,Core,Core,0.83,0,,0,101029,686,Source One Financial Services,AL, frank loar,1,1,AL111,Core
249930,rsimmons,32782.54,180,Booked,Campers Inn RV of Knoxville E - TN160,Campers Inn,TN,Knoxville,2026-08-17,2026-08-23,2026-08-23,2025,RV,Used,,27.7,4.78,jsmith,9072,8722,9.99,2000,2000,false,349,1,11.49,Core,Core,0.92,1966.95,6,0,35700,710,Source One Financial Services,TN, radu puraci,1,0,TN160,Core
250014,mlomedico,55895,240,Conditional Approval,Intercoastal Financial Group LLC - 17401746,IFG,FL,Vero Beach,2026-08-17,2026-08-17,,2019,Boat,Used,663,24.84,4.69,S1House,,41,10.74,55000,55000,false,,,11.99,Core,Core,0.66,0,,0,84310,726,Source One Financial Services,TN, colton smith,1,1,17401746,Core
250158,rsimmons,54512.62,180,Booked,United RV -TX228,,TX,Fort Worth,2026-08-17,2026-08-25,2026-08-25,2026,RV,New,,28.55,6.97,gott,11530,11314,9.99,2311,2311,false,33,183,11.74,Core,Core,1.13,3815.88,7,0,48075.75,707,Source One Financial Services,TX, brent sullivan,1,0,TX228,Core
250241,jrubi,34867.94,180,Decline,Campers Unlimited - Gadsden-AL152,,AL,Gadsden,2026-08-17,,,2026,RV,New,609,26.13,5.25,jsmith,,18,12.49,1000,3938,false,,,13.49,Silver 1,Silver 1,1.1,0,,0,31569,666,Source One Financial Services,AL, david tyler,0,0,AL152,Silver
250183,pmeza,42046.71,96,Conditional Approval,Unlimited RV - Eldon - MO223,,MO,Eldon,2026-08-17,2026-08-17,,2022,RV,Used,,24.05,7.37,jweller,,77,13.85,8275,15775,false,,,14.1,Silver 2,Not Applicable,1,0,,0,42050,626,Ideal Credit Union,MO,,1,1,MO223,Not Applicable
249992,mlomedico,76474,180,Auto Approval,Rock Solid Funding LLC - TX536,RSF,TX,BEDFORD,2026-08-17,2026-08-26,,2027,RV,New,,28.01,4.01,S1House,,13055,7.49,0,0,false,,,8.99,Core,Core,1.27,0,,0,60089,846,Source One Financial Services,CO, serena pulliam,1,1,TX536,Core
249962,jharrington1,27820.66,204,Booked,Williamson RV LLC-IN209,,IN,Seymour,2026-08-17,2026-08-19,2026-08-19,2026,RV,New,,45.15,2.97,jharrington1,3084,2813,9.24,3500,12500,false,269,2,10.74,Core,Core,0.79,1669.24,6,0,35115,739,Source One Financial Services,IN, jerry hale,1,0,IN209,Core
249934,rsimmons,71553.93,240,Decline,Fun Town RV Houston LLC -TX244,Fun Town,TX,Wharton,2026-08-17,,,2026,RV,New,677,49.34,9.72,gott,,71,7.99,1000,1000,false,,,9.49,Core,Core,0.99,0,,0,71995,797,Source One Financial Services,TX, ryan engibous,0,0,TX244,Core
249981,,134394,240,Auto Decline,"Vantage Recreational Finance, Inc. -FL291",VRF,FL,FORT LAUDERDALE,2026-08-17,,,2014,RV,Used,544,43.86,21.56,S1House,,0,22.99,31000,31000,false,,,23.99,Bronze,Bronze,0.68,0,,0,198120,545,Source One Financial Services,MD,,0,0,FL291,Business First
250071,rsimmons,20489.08,180,Decline,DADS CAMPER OUTLET - GULFPORT - MS100,,MS,GULFPORT,2026-08-17,,,2021,RV,Used,,25.97,7.12,jsmith,,31,13.24,3000,3000,false,,,14.24,Silver 1,Silver 1,0.92,0,,0,22155,667,Source One Financial Services,MS, ricky arnaud,0,0,MS100,Silver
249937,,42511.95,180,Auto Decline,RV STATION LLC - COLBERT - OK125,,OK,COLBERT,2026-08-17,,,2024,RV,New,594,38.41,5.91,jweller,,0,13.74,0,4800,false,,,14.74,Silver 1,Silver 1,1.18,0,,0,35885,642,Source One Financial Services,OK,,0,0,OK125,Silver
250028,edominguez,20473.95,180,Decline,Rowley White RV- McDowell -AZ288,,AZ,Phoenix,2026-08-17,,,2019,RV,Used,582,26.69,2.63,edominguez,,30,8.49,2100,2100,false,,,9.99,Core,Core,1.28,0,,0,15990,821,Source One Financial Services,AZ, taylor geohagan,0,0,AZ288,Core
250191,sbaker,42667,120,Booked,PRIMEAUX RV SUPERSTORE - ALEXANDRIA - LA101,,LA,ALEXANDRIA,2026-08-17,2026-08-22,2026-08-27,2026,RV,New,,26.08,8.74,gott,13975,7040,9.99,4000,4000,false,2891,4044,10.49,Core,Not Applicable,1.02,853.34,2,0,41883,696,Connexus Credit Union,LA, vaughn mcbride,1,0,LA101,Not Applicable
250120,rsimmons,65949.37,240,Auto Approval,Premier Yamaha Boating Center/Aransas -TX209,,TX,Aransas,2026-08-17,2026-08-18,,2022,Boat,Used,,28.09,4.4,gott,,1332,7.99,10000,10000,false,,,9.49,Core,Core,1.15,0,,0,57110,833,Source One Financial Services,TX, paul mcminn,1,1,TX209,Core
250154,thovey,101452.79,240,Auto Approval,Rock Solid Funding LLC - TX536,RSF,TX,BEDFORD,2026-08-17,2026-08-17,,2021,RV,Used,744,13.34,7.68,S1House,,26,7.74,6000,6000,false,,,9.24,Core,Core,1.21,0,,0,84000,827,Source One Financial Services,CO, caleb grassi,1,1,TX536,Core
250087,mlomedico,34419,144,Decline,RNR RV CENTER - SPOKANE - WA150,,WA,Spokane,2026-08-17,,,2019,RV,Used,665,29.3,3.66,ljablonoski,,4,14.99,3500,3500,false,,,15.99,Silver 1,Silver 1,0,0,,0,0,658,Source One Financial Services,ND,,0,0,WA150,Silver
250227,,45489.04,180,Auto Decline,A and L RV Sales - Columbia -TN142,,TN,Columbia,2026-08-17,,,2026,RV,Used,,40.85,7.47,jsmith,,0,14.99,5000,5000,false,,,15.99,Silver 2,Silver 2,0.97,0,,0,46700,635,Source One Financial Services,TN,,0,0,TN142,Silver
250122,jharrington1,76741.95,240,Decline,Chesaco RV - Joppa -MD108,,MD,Joppa,2026-08-17,,,2025,RV,Used,727,65.55,7.08,gcoulombe,,24,9.99,8000,8000,false,,,11.49,Core,Core,1,0,,0,77000,708,Source One Financial Services,MD, bert landes,0,0,MD108,Core
250252,mlomedico,24784.17,156,Decline,Liberty Trail RV - Sulphur Springs - TX580,,TX,Sulphur Springs,2026-08-17,,,2023,RV,Used,,8.36,3.16,gott,,31,10.49,2000,2000,false,,,11.99,Core,Core,0.98,0,,0,25350,705,Source One Financial Services,TX, shaun woodruff,0,0,TX580,Core
250096,sbaker,32562.52,144,Verifications Incomplete,Bent's RV - LA117,,LA,Boutte,2026-08-17,2026-08-27,,2026,RV,New,,27.85,3.48,gott,,14531,9.99,1000,1000,false,,9,11.49,Core,Core,1.21,0,,0,26931,708,Source One Financial Services,LA, louis lebreton,1,1,LA117,Core
250240,eavila,43750.29,180,Decline,Gil Cherry Family RV Center LLC -TX130,,TX,Sweetwater,2026-08-17,,,2026,RV,New,519,15.3,2.35,gott,,45,12.49,4500,4500,false,,,13.49,Silver 1,Silver 1,0.93,0,,0,47166,673,Source One Financial Services,TX, brad walker,0,0,TX130,Silver
250039,,34017.76,180,Auto Decline,RV STATION-INEZ TX443,,TX,INEZ,2026-08-17,,,2023,RV,Used,,55.55,5.15,gott,,0,22.99,3500,3500,false,,,23.99,Bronze,Bronze,0.97,0,,0,34925,593,Source One Financial Services,TX,,0,0,TX443,Business First
250199,pmeza,96117.88,204,Conditional Approval,Paradise Marine Center - AL148,,AL,Gulf Shores,2026-08-17,2026-08-17,,2026,Boat,New,,34.84,6.32,jsmith,,31,9.99,4770,4770,false,,,11.49,Core,Core,1.14,0,,0,83991,712,Source One Financial Services,AL, jon lizana,1,1,AL148,Core
250083,thovey,36801.34,180,Auto Approval,ANGLERS CHOICE - MARTINSVILLE - VA100,,VA,MARTINSVILLE,2026-08-17,2026-08-17,,2018,Boat,Used,,12.67,12.67,jsmith,,53,10.49,4000,4000,false,,,11.99,Core,Core,0.91,0,,0,40250,759,Source One Financial Services,VA, brian shuler,1,1,VA100,Core
250021,jharrington1,20763.64,180,Decline,Blue Compass RV - Bowling Green - KY152,Blue Compass,KY,Bowling Green,2026-08-17,,,2021,RV,Used,,14.57,3.24,jharrington1,,34,13.24,1000,1000,false,,,14.24,Silver 1,Silver 1,1.04,0,,0,20050,679,Source One Financial Services,FL, cheyenne waterman,0,0,KY152,Silver
250113,,28637.45,180,Auto Decline,Blue Compass RV - North Myrtle Beach - SC137,Blue Compass,SC,North Myrtle Beach,2026-08-17,,,2026,RV,New,,64.67,6.63,jsmith,,0,13.74,3500,3500,false,,,14.74,Silver 1,Silver 1,0.81,0,,0,35353,646,Source One Financial Services,NC,,0,0,SC137,Silver
249938,rsimmons,13006.93,84,Decline,JOHNNY'S RV SUPERSTORE LLC - AL124,,AL,THEODORE,2026-08-17,,,2019,RV,Used,,19.33,5.78,jsmith,,67,13.74,2500,2500,false,,,14.74,Silver 1,Silver 1,1.15,0,,0,11330,673,Source One Financial Services,AL, jamie zimmerman,0,0,AL124,Silver
250207,,36939.86,180,Auto Decline,Alabama Campers Tuscaloosa-AL161,,AL,Tuscaloosa,2026-08-17,,,2026,RV,New,,36.98,9.96,jsmith,,0,14.99,3500,3500,false,,,15.99,Silver 2,Silver 2,0.98,0,,0,37598,631,Source One Financial Services,AL,,0,0,AL161,Silver
250174,avera,195297.94,240,Booked,Port Harbor Marine - South Portland- ME103,,ME,South Portland,2026-08-17,2026-08-25,2026-08-25,2026,Boat,New,762,44.96,7.34,gcoulombe,11561,11551,8.99,21150,27622.06,false,10,0,7.39,Core,Core,1.17,1952.98,1,0,166767,742,Source One Financial Services,VT, ethan scripture,1,0,ME103,Core
249970,,50495.69,240,Auto Decline,General RV Center- Draper - UT126,General RV,UT,Draper,2026-08-17,,,2020,RV,Used,,29.97,8.65,ljablonoski,,0,15.74,2000,8000,false,,,16.74,Silver 2,Silver 2,1.19,0,,0,42600,639,Source One Financial Services,NV,,0,0,UT126,Silver
250168,,47670.61,180,Auto Decline,FUN TOWN RV CONROE -TX400,Fun Town,TX,CONROE,2026-08-17,,,2026,RV,New,,40.57,7.74,gott,,0,22.99,0,17500,false,,,23.99,Bronze,Bronze,0.6,0,,0,79010,608,Source One Financial Services,TX,,0,0,TX400,Business First
250098,thovey,47315,120,Auto Approval,McDowell South Inc - MO203,,MO,Jackson,2026-08-17,2026-08-18,,2026,RV,New,811,28.7,5.34,jweller,,1262,9.49,5000,5000,true,,,11.49,Business First,Business First,0.77,0,,0,61241,,Source One Financial Services,MO, alan sellers,1,1,MO203,Business First
249974,sdelarosa,12500.65,180,Decline,General RV - Tampa - FL238,General RV,FL,Dover,2026-08-17,,,2027,RV,New,,32.28,1.77,wstoutimore,,48,10.24,1300,1300,false,,,11.74,Core,Core,0.67,0,,0,18555,686,Source One Financial Services,FL, toni zamorano,0,0,FL238,Core
249986,pmeza,27722.02,180,Verifications Incomplete,Ron Hoover - San Antonio - TX500,Ron Hoover,TX,San Antonio,2026-08-17,2026-08-26,,2018,RV,Used,,38.27,4.76,gott,,13264,8.49,2000,2000,false,,1146,9.99,Core,Core,1.35,1663.32,6,0,20550,836,Source One Financial Services,TX, trevor lemasters,1,1,TX500,Core
250187,jharrington1,91201.19,240,Decline,Blue Compass RV - Columbia - SC136,Blue Compass,SC,Lexington,2026-08-17,2026-08-17,,2026,RV,New,,46.76,7.01,jsmith,,61,9.99,5000,15500,false,,,11.49,Core,Core,1.01,0,,0,90640,682,Source One Financial Services,TX, taylor graziano,0,0,SC136,Core
250073,rsimmons,41813.07,180,Booked,GREAT AMERICAN RV SUPERSTORE-TUPELO - MS114,,MS,BELDEN,2026-08-17,2026-08-18,2026-08-19,2026,RV,New,622,30.74,4.61,jsmith,2897,1620,9.74,1000,1000,false,1271,6,11.24,Core,Core,1.4,2508.78,6,0,29929,723,Source One Financial Services,MS, dj miller,1,0,MS114,Core
250047,mlomedico,21848,180,Decline,"Vantage Recreational Finance, Inc. -FL291",VRF,FL,FORT LAUDERDALE,2026-08-17,,,2018,RV,Used,,89.89,3.46,S1House,,33,8.99,0,0,false,,,10.49,Core,Core,0.84,0,,0,26100,782,Source One Financial Services,CA, alphonzo bowe,0,0,FL291,Core
249915,avera,76889.12,180,Decline,OneWater Sundance - FL125,OneWater,FL,Pompano Beach,2026-08-17,,,2022,Boat,Used,,9.85,3.18,pcarter,,59,10.49,10000,20000,false,,,11.99,Core,Not Applicable,0.85,0,,0,90810,717,Connexus Credit Union,FL, greg santos,0,0,FL125,Not Applicable
249953,,167941.44,240,Auto Decline,General RV - Ocala - FL237,General RV,FL,Ocala,2026-08-17,,,2019,RV,Used,,105.28,40.57,pcarter,,0,10.74,7000,27000,false,,,12.24,Core,Core,1.03,0,,0,162325,732,Source One Financial Services,ME,,0,0,FL237,Core
250165,rsimmons,116727.63,240,Decline,Coastline Marine- TX541,,TX,Seabrook,2026-08-17,2026-08-18,,2025,Boat,Used,,57.12,11.69,gott,,14020,8.99,12000,12000,false,,,10.49,Core,Core,0.91,0,,0,127850,756,Source One Financial Services,TX, sarah harris,0,0,TX541,Core
250060,sbaker,37928.2,204,Auto Approval,Premier Yamaha Boating Center/Aransas -TX209,,TX,Aransas,2026-08-17,2026-08-26,,2027,Boat,New,,25.69,2.61,gott,,12867,10.24,3500,3500,false,,,11.74,Core,Core,1.19,0,,0,31890,683,Source One Financial Services,LA, ashton janise,1,1,TX209,Core
250163,rsimmons,25951.36,180,Verifications Incomplete,HOPPERS RV LLC - TX546,,TX,Cypress,2026-08-17,2026-08-19,,2019,RV,Used,,42.69,4.1,gott,,3056,10.49,0,0,false,,13,11.99,Core,Core,1.43,1557.08,6,0,18150,756,Source One Financial Services,TX, tony marino,1,1,TX546,Core
249941,avera,44203.1,144,Auto Approval,The Great Outdoors Marine - WV111,,WV,Lavalette,2026-08-17,2026-08-17,,2026,Boat,New,,31.37,6.07,jharrington1,,279,11.49,2000,2000,false,,,11.74,Silver 1,Not Applicable,1.09,0,,0,40506,653,Connexus Credit Union,WV, bradlee matzdorff,1,1,WV111,Not Applicable
250148,avera,17257,144,Decline,NewCoast - Boatzon - FL356,Marine Max,FL,Oldsmar,2026-08-17,,,2018,Boat,Used,,74.42,4.48,S1House,,29,10.74,4500,4500,false,,,12.24,Core,Core,0.75,0,,0,22901,725,Source One Financial Services,PA, john womble,0,0,FL356,Core
249946,thovey,31287,180,Conditional Approval,Shoeders RV Marine and Sport Center -WI625,,WI,Rhinelander,2026-08-17,2026-08-17,,2025,RV,New,700,12.91,6.79,dzilberchtein,,258,8.99,5000,5000,false,,,9.74,Core,Not Applicable,1,0,,0,31133,692,Connexus Credit Union,WY,,1,1,WI625,Not Applicable
250090,ahunt,40660.81,180,Auto Approval,Premier Yamaha Boating Center/Aransas -TX209,,TX,Aransas,2026-08-17,2026-08-19,,2022,Boat,Used,,39.94,3.16,gott,,2884,9.99,2100,2100,false,,,11.49,Core,Core,1.05,0,,0,38735,744,Source One Financial Services,TX, paul mcminn,1,1,TX209,Core
250082,,17047,144,Auto Decline,Giant RV - Downey - SCA159,Giant RV,CA,Downey,2026-08-17,,,2026,RV,New,,28.44,2.15,jrubi,,0,14.99,2000,2000,false,,,15.99,Silver 2,Silver 2,0.71,0,,0,24015,630,Source One Financial Services,CA,,0,0,SCA159,Silver
249909,sbaker,49032.79,180,Conditional Approval,Rock Solid Funding LLC - TX536,RSF,TX,BEDFORD,2026-08-17,2026-08-17,,2027,Boat,New,665,42.25,3.49,S1House,,72,9.74,2000,2000,false,,,11.24,Core,Core,1.28,0,,0,38333,723,Source One Financial Services,NC, serena pulliam,1,1,TX536,Core
249991,rsimmons,43949,180,Decline,GARLANDS RV OF TENNESSEE - TN122,,TN,SPRINGVILLE,2026-08-17,,,2027,RV,New,596,31.82,3.46,jsmith,,115,7.49,4300,4300,false,,,8.99,Core,Core,0.94,0,,0,46993,804,Source One Financial Services,TN, howard willis,0,0,TN122,Core
250142,,23575.95,144,Auto Decline,GREAT AMERICAN RV SUPERSTORE-HAMMOND - LA105,,LA,HAMMOND,2026-08-17,,,2021,RV,Used,,19.12,2.52,gott,,0,22.99,4000,4000,false,,,23.99,Bronze,Bronze,1.22,0,,0,19350,601,Source One Financial Services,LA,,0,0,LA105,Business First
249902,mlomedico,97822.65,180,Auto Approval,Intercoastal Financial Group LLC - 17401746,IFG,FL,Vero Beach,2026-08-17,2026-08-20,,2008,Boat,Used,,16.8,5.33,S1House,,4658,12.24,11000,11000,false,,,13.49,Core,Core,0.85,0,,0,115110,683,Source One Financial Services,GA, joe burton,1,1,17401746,Core
250234,thovey,67206,240,Auto Approval,Trailside RV Center - Grain Valley - MO207,,MO,Grain Valley,2026-08-17,2026-08-18,,2026,RV,New,,12.49,3.95,jweller,,1087,7.74,0,0,false,,,7.74,Core,Core,1.03,0,,0,65236,794,Source One Financial Services,NC, anthony gibbs,1,1,MO207,Core
250215,edominguez,33730.62,204,Auto Approval,Blue Compass RV - Avondale - AZ360,Blue Compass,AZ,Avondale,2026-08-17,2026-08-17,,2026,RV,New,,41.39,2.91,edominguez,,46,9.74,1500,1500,false,,,11.24,Core,Core,0.97,0,,0,34892,731,Source One Financial Services,AZ, marshall adams,1,1,AZ360,Core
250204,sbaker,78221.45,240,Decline,Bent's RV - LA117,,LA,Boutte,2026-08-17,,,2026,RV,New,,34.16,7.85,gott,,25,13.74,0,0,false,,,14.74,Silver 1,Silver 1,0.99,0,,0,78876,648,Source One Financial Services,LA, louis lebreton,0,0,LA117,Silver
250248,eavila,21944.5,180,Conditional Approval,Blue Compass - Mobile - AL170,Blue Compass,AL,Theodore,2026-08-17,2026-08-18,,2017,RV,Used,,35.62,8.32,jsmith,,1094,10.99,33000,33000,false,,,12.49,Core,Core,0.5,0,,0,43650,716,Source One Financial Services,AL, dylan howard,1,1,AL170,Core
250108,avera,20134,144,Booked,"Youngs Mobile Homes and Travel Center, Inc. -OH129",,OH,FREMONT,2026-08-17,2026-08-21,2026-08-24,2021,RV,Used,,37.61,2.41,jharrington1,10154,5918,9.24,0,0,false,4236,0,9.99,Core,Core,1.15,604.02,3,0,17550,772,Source One Financial Services,OH,,1,0,OH129,Core
250176,Jhill,71818.8,240,Decline,Fun-N-Sun Sports Center - Hurst - ETX111,EPIC,TX,Hurst,2026-08-17,,,2024,Boat,Used,683,51.45,6.07,S1House,,49,9.49,5000,9000,false,,,10.99,Core,Core,1.02,0,,0,70532,756,Source One Financial Services,AZ, brett light,0,0,ETX111,Core
249925,sbaker,76300,180,Decline,Jims Motors Trailers - MO174,,MO,Cuba,2026-08-17,,,2027,RV,New,,56.84,11,jweller,,10688,7.99,5000,-1305,false,,,9.49,Core,Core,1.18,0,,0,64730,794,Source One Financial Services,MO, scott cape,0,0,MO174,Core
250114,ahunt,30376,180,Auto Approval,"Southeastern Marine, Inc- EVA112",EPIC,VA,Henrico,2026-08-17,2026-08-17,,2025,Boat,Used,,41.48,4.66,S1House,,16,9.74,7200,7200,false,,,11.24,Core,Core,1.05,0,,0,28974,729,Source One Financial Services,NC, david bounphasaysonh,1,1,EVA112,Core
250036,,30287.3,180,Auto Decline,Southaven RV & Marine - MS115,,MS,Southaven,2026-08-17,,,2024,RV,Used,,63.08,10.53,jsmith,,0,13.74,0,0,false,,,14.74,Silver 1,Silver 1,1.08,0,,0,27940,650,Source One Financial Services,MS,,0,0,MS115,Silver
250030,avera,60854.8,240,Conditional Approval,Fun Town RV - Indianapolis - IN215,Fun Town,IN,Edinburgh,2026-08-17,2026-08-17,,2026,RV,New,,25.07,3.5,jharrington1,,118,7.49,6300,6300,false,,,8.74,Core,Not Applicable,0.87,0,,0,70296,809,Connexus Credit Union,GA, chase ackeret,1,1,IN215,Not Applicable
250230,eavila,48603,180,Decline,Bell Camper Sales - OK127,,OK,Bartlesville,2026-08-17,,,2022,RV,Used,,19.77,8.89,jweller,,3,10.24,8500,8500,false,,,11.74,Core,Core,0,0,,0,0,722,Source One Financial Services,OK,,0,0,OK127,Core
250228,,7384,84,Auto Decline,Midway Auto & RV - Billings - MT107,,MT,Billings,2026-08-17,,,2002,Boat,New,,0,0,dzilberchtein,,0,22.99,3000,13000,false,,,23.99,Bronze,Bronze,0,0,,0,0,,Source One Financial Services,MT,,0,0,MT107,Business First
250171,sdelarosa,16595.6,144,Booked,Uwharrie RV  (740 Motors) - NC125,,NC,Albemarle,2026-08-17,2026-08-26,2026-08-27,2025,RV,New,,32.25,6.72,jsmith,14423,13034,8.74,4000,4000,false,35,1354,10.24,Core,Core,0.92,995.74,6,0,18002,770,Source One Financial Services,NC, brian bailey,1,0,NC125,Core
249919,rsimmons,65313,240,Auto Approval,Courvelle's RV - LA113,,LA,Opelousas,2026-08-17,2026-08-17,,2018,RV,Used,764,23.29,4.44,gott,,173,10.49,12000,12000,false,,,11.99,Core,Core,1.22,0,,0,53603,752,Source One Financial Services,LA, craig guidry,1,1,LA113,Core
250146,sbaker,14372.65,120,Decline,Southern Mud Sports of Lower Alabama - AL166,,AL,Loxley,2026-08-17,,,2027,Boat,New,,51.54,2.51,jsmith,,20,9.74,8000,8000,false,,,11.24,Core,Core,0.84,0,,0,17117.45,722,Source One Financial Services,AL, jeff cantey,0,0,AL166,Core
250104,ahunt,18380.77,144,Auto Approval,Ron Hoover - San Antonio - TX500,Ron Hoover,TX,San Antonio,2026-08-17,2026-08-17,,2026,RV,New,,16.79,1.25,gott,,30,9.49,1000,1000,false,,,10.99,Core,Core,1.19,0,,0,15478,742,Source One Financial Services,TX, trevor lemasters,1,1,TX500,Core
250218,thovey,41171.48,180,Auto Approval,Roy's RV Adventures LLC - FL327,,FL,Tallahassee,2026-08-17,2026-08-17,,2027,RV,New,,22.21,6.29,wstoutimore,,17,7.99,1500,1500,false,,,9.49,Core,Core,1.08,0,,0,38216,793,Source One Financial Services,FL, aliya purtee,1,1,FL327,Core
250213,jharrington1,13833,144,Conditional Approval,4Zs RVs -IN163,Easy Care,IN,PERU,2026-08-17,2026-08-17,,2023,RV,Used,634,15.6,2.96,jharrington1,,12,13.24,1400,1400,false,,,14.24,Silver 1,Silver 1,0.73,0,,0,19050,662,Source One Financial Services,IN, bradley taylor,1,1,IN163,Silver
250180,mlomedico,44453,180,Auto Approval,Colmans Country Campers - IL155,,IL,Hartford,2026-08-17,2026-08-17,,2026,RV,New,,16.8,2.42,gcoulombe,,64,12.49,4580,4580,false,,,13.49,Silver 1,Silver 1,1.04,0,,0,42668,678,Source One Financial Services,TX, david sanders,1,1,IL155,Silver
249931,,53670.27,240,Auto Decline,FUN TOWN RV CONROE -TX400,Fun Town,TX,CONROE,2026-08-17,,,2026,RV,New,643,49.86,5.7,gott,,0,14.99,5400,5400,false,,,15.99,Silver 2,Silver 2,0.97,0,,0,55603,627,Source One Financial Services,TX,,0,0,TX400,Silver
250190,rsimmons,54325.63,240,Booked,CAMP EZ RV - TX528,,TX,LIVINGSTON,2026-08-17,2026-08-24,2026-08-26,2026,RV,New,,42.18,4.18,gott,12936,9818,10.24,5100,5100,false,3105,13,11.74,Core,Core,0.98,3259.54,6,0,55353,686,Source One Financial Services,TX, tony eppler,1,0,TX528,Core
250263,eavila,112098.93,240,Decline,Blue Compass RV - Tyler - TX552,Blue Compass,TX,Tyler,2026-08-17,,,2027,RV,New,,36.44,7.62,gott,,15,10.24,0,0,false,,,11.74,Core,Core,0.97,0,,0,115490,688,Source One Financial Services,TX, clay coleman,0,0,TX552,Core
250116,pmeza,35531.81,180,Approved,GIBBS OUTDOOR and RECREATION - TX454,,TX,WACO,2026-08-17,2026-08-17,,2026,RV,New,,12.1,2.38,gott,,42,7.74,3000,3000,false,,,8.74,Core,Not Applicable,0.93,0,,0,38094,764,Connexus Credit Union,TX, colby longenbaugh,1,1,TX454,Not Applicable
250256,mnava,20431.5,180,Decline,"RV COUNTRY ARIZONA, LLC - FLAGSTAFF -AZ332",RV Country,AZ,FLAGSTAFF,2026-08-17,,,2021,RV,Used,605,25.91,1.62,edominguez,,14,10.24,7000,7000,false,,,11.74,Core,Core,0.79,0,,0,25850,737,Source One Financial Services,AZ, derek burdine,0,0,AZ332,Core
250150,thovey,58713.7,204,Verifications Incomplete,Blue Compass RV - Longmont - CO161,Blue Compass,CO,Longmont,2026-08-17,2026-08-25,,2027,RV,New,,17.56,6.94,dzilberchtein,,11782,9.99,5200,5200,false,,0,11.49,Core,Core,1.35,0,,0,43340,694,Source One Financial Services,NM, anthony bova,1,1,CO161,Core
250023,jharrington1,54011.5,204,Booked,Erie Marine Sales - OH234,,OH,Sheffield Lake,2026-08-17,2026-08-18,2026-08-20,2023,Boat,Used,,18.44,8.2,jharrington1,4633,1578,10.24,10000,10000,false,3054,1,11.24,Core,Core,0.99,2160.46,4,0,54825,728,Source One Financial Services,MO, shirley hetrick,1,0,OH234,Core
250242,mlomedico,72476,180,Decline,Bob Hurley RV-Tulsa OK137,,OK,Tulsa,2026-08-17,,,2019,RV,Used,599,43.56,6.03,jweller,,20,11.24,0,3900,false,,,12.74,Core,Core,0.97,0,,0,74415,684,Source One Financial Services,OK, ryan hurley,0,0,OK137,Core
250100,sbaker,46651.24,180,Auto Approval,"Ron Hoover Co of Boerne, Inc -TX246",Ron Hoover,TX,Boerne,2026-08-17,2026-08-17,,2026,RV,Used,,23.32,1.46,gott,,28,8.74,1000,1000,false,,,10.24,Core,Core,0.63,0,,0,74500,766,Source One Financial Services,TX, jordan juarez,1,1,TX246,Core
250236,mlomedico,65980,240,Decline,AMERICA GO RV (Seguin) -TX419,,TX,SEGUIN,2026-08-17,,,2020,RV,Used,654,38.37,9.19,gott,,33,13.24,2500,2500,false,,,14.24,Silver 1,Silver 1,0.92,0,,0,71550,662,Source One Financial Services,TX, gavin coleman,0,0,TX419,Silver
250197,rsimmons,49872.52,180,Decline,CAMPERS INN RV OF MADISON - AL116,Campers Inn,AL,MADISON,2026-08-17,,,2026,RV,New,574,36.95,5.09,jsmith,,23,9.99,58000,11174.36,false,,,11.49,Core,Core,1.19,0,,0,42063,705,Source One Financial Services,VA, dave hunter,0,0,AL116,Core
250212,mlomedico,59843.94,180,Auto Approval,Blue Compass RV - Bakersfield - Sales - NCA145,Blue Compass,CA,Bakersfield,2026-08-17,2026-08-22,,2026,RV,New,,34.27,3.7,jrubi,,7062,12.49,2400,11465,false,,,13.49,Silver 1,Silver 1,1.2,0,,0,49934,671,Source One Financial Services,CA, matthew siemens,1,1,NCA145,Silver
250045,rsimmons,156751.18,240,Booked,Ron Hoover Companies Katy -TX275,Ron Hoover,TX,Katy,2026-08-17,2026-08-25,2026-08-25,2027,RV,New,,45.55,6.26,gott,11766,11614,7.49,10000,10000,false,11,141,8.99,Core,Core,1.22,9405.07,6,0,128334,831,Source One Financial Services,TX, greg woods,1,0,TX275,Core
250157,thovey,98745.24,204,Auto Approval,NewCoast - Boatzon - FL356,Marine Max,FL,Oldsmar,2026-08-17,2026-08-18,,2021,Boat,Used,,36.51,11.06,S1House,,1327,8.74,24100,28600,false,,,10.24,Core,Core,1,0,,0,98840,774,Source One Financial Services,FL, christopher rogers,1,1,FL356,Core
249996,,19567.79,180,Auto Decline,Rock Solid Funding LLC - TX536,RSF,TX,BEDFORD,2026-08-17,,,2015,RV,Used,,46.53,7.56,S1House,,0,13.74,0,0,false,,,14.74,Silver 1,Silver 1,0.91,0,,0,21600,673,Source One Financial Services,MI,,0,0,TX536,Silver
250064,pmeza,68397.92,204,Booked,Blue Compass RV - Tyler - TX552,Blue Compass,TX,Tyler,2026-08-17,2026-08-18,2026-08-21,2024,RV,Used,,24.82,8.45,gott,5705,1702,9.99,1000,1000,false,4002,1,11.49,Core,Core,1.24,4103.88,6,0,55000,719,Source One Financial Services,TX, taylor mahan,1,0,TX552,Core
250169,rsimmons,35641.9,204,Auto Approval,GREAT AMERICAN RV SUPERSTORE-GRAND BAY - AL144,,AL,GRAND BAY,2026-08-17,2026-08-21,,2024,RV,Used,,33.08,6.18,jsmith,,5334,8.74,0,0,false,,,10.24,Core,Core,1.09,0,,0,32750,772,Source One Financial Services,AL, molly ritzel,1,1,AL144,Core
250069,mnava,50199,180,Decline,"Vantage Recreational Finance, Inc. -FL291",VRF,FL,FORT LAUDERDALE,2026-08-17,,,2020,RV,Used,,12.37,4.34,S1House,,50,14.49,5000,5000,false,,,15.49,Silver 1,Silver 1,0.89,0,,0,56656,650,Source One Financial Services,TX, brian decastro,0,0,FL291,Silver
250076,Jhill,95873,180,Decline,Rocky Ridge RV of Van Buren - AR115,Rocky Ridge,AR,Van Buren,2026-08-17,,,2026,RV,New,643,30.1,6.39,jweller,,21,9.74,5000,16000,false,,,11.49,Core,Core,1.17,0,,0,81784,721,Source One Financial Services,MS,,0,0,AR115,Core
249905,avera,15459.19,144,Approved,Chesaco RV - Joppa -MD108,,MD,Joppa,2026-08-17,2026-08-17,,2019,RV,Used,,12.75,1.1,gcoulombe,,16,8.49,2500,2500,false,,,9.99,Core,Core,1.25,0,,0,12350,829,Source One Financial Services,MD, bert landes,1,1,MD108,Core
250056,,45297.38,180,Auto Decline,Blue Compass RV - Tyler - TX552,Blue Compass,TX,Tyler,2026-08-17,,,2026,RV,New,611,42.06,4.55,gott,,0,22.99,0,0,false,,,23.99,Bronze,Bronze,1.09,0,,0,41502,605,Source One Financial Services,TX,,0,0,TX552,Business First
250264,eavila,125670.38,240,Auto Approval,Blue Compass RV - Tyler - TX552,Blue Compass,TX,Tyler,2026-08-17,2026-08-18,,2027,RV,New,,33.57,8.27,gott,,1073,9.74,490,13490,false,,,11.24,Core,Core,1.09,0,,0,115490,688,Source One Financial Services,TX, clay coleman,1,1,TX552,Core
249959,mlomedico,21984.69,180,Booked,Mid-State Camper Sales - IL232,,IL,Vandalia,2026-08-17,2026-08-25,2026-08-26,2022,RV,Used,,32.17,4.28,gcoulombe,13188,11617,10.74,2250,2250,false,10,1561,11.49,Core,Core,1.1,659.54,3,0,20000,689,Source One Financial Services,IL,,1,0,IL232,Core
250185,mnava,64931.95,240,Auto Approval,BISH'S RV OF LINCOLN - NE101,Bish's RV,NE,ROCA,2026-08-17,2026-08-17,,2026,RV,New,,30.81,5.79,dzilberchtein,,172,9.99,3000,3000,false,,,11.49,Core,Core,0.96,0,,0,67434,711,Source One Financial Services,TX, chad knight,1,1,NE101,Core
250131,eavila,44044.78,180,Decline,Blue Compass RV - Albuquerque - NM112,Blue Compass,NM,Albuquerque,2026-08-17,,,2015,RV,Used,650,5.72,4.35,edominguez,,21,9.74,4000,4000,false,,,11.24,Core,Core,1.34,0,,0,32850,762,Source One Financial Services,OR, scott rodriguez,0,0,NM112,Core
250161,Jhill,127004.39,240,Auto Approval,MarineMax - Rogers - MN844,Marine Max,MN,Rogers,2026-08-17,2026-08-17,,2025,Boat,New,824,6.78,1.16,S1House,,65,9.49,15000,15000,true,,,12.49,Business First,Business First,0.94,0,,0,135220,,Source One Financial Services,MN, phil rodriguez,1,1,MN844,Business First
249980,ahunt,22175.78,144,Auto Approval,Texas Marine - Clear Lake -TX354,OneWater,TX,SEABROOK,2026-08-17,2026-08-18,,2013,Boat,Used,,9.95,4.6,gott,,1385,8.99,2500,2500,false,,,10.49,Core,Core,0.93,0,,0,23830,857,Source One Financial Services,TX, seth franco,1,1,TX354,Core
250208,sbaker,26960.81,180,Booked,Uwharrie RV  (740 Motors) - NC125,,NC,Albemarle,2026-08-17,2026-08-21,2026-08-22,2026,RV,New,,31.73,2.92,jsmith,7040,5726,9.99,2500,2500,false,828,486,11.49,Core,Core,0.9,1617.65,6,0,29997,708,Source One Financial Services,NC, brian bailey,1,0,NC125,Core
250013,,34238.12,180,Auto Decline,Blue Compass RV - Prescott Valley - AZ362,Blue Compass,AZ,PRESCOTT VALLEY,2026-08-17,,,2026,RV,New,700,18.58,4.48,edominguez,,0,14.99,0,35000,false,,,15.99,Silver 2,Silver 2,0.52,0,,0,65776,637,Source One Financial Services,AZ,,0,0,AZ362,Silver
249985,mlomedico,65453.97,240,Decline,Rock Solid Funding LLC - TX536,RSF,TX,BEDFORD,2026-08-17,,,2026,RV,New,,76,7.38,S1House,,103,9.99,10000,10000,false,,,11.49,Core,Core,1.15,0,,0,57090,707,Source One Financial Services,CO, serena pulliam,0,0,TX536,Core
249908,rsimmons,90251.96,240,Conditional Approval,FUN TOWN RV CONROE -TX400,Fun Town,TX,CONROE,2026-08-17,2026-08-17,,2027,RV,New,,30.02,5.76,gott,,399,9.74,28000,30500,false,,,11.24,Core,Core,0.99,0,,0,90882,724,Source One Financial Services,TX, michal procek,1,1,TX400,Core
250017,avera,74592.49,240,Decline,General RV - Winter Garden - FL239,General RV,FL,Winter Garden,2026-08-17,,,2026,RV,New,,36.89,8.85,pcarter,,31,13.74,69500,112500,false,,,14.74,Silver 1,Silver 1,0.41,0,,0,180198,652,Source One Financial Services,FL, christopher coleman,0,0,FL239,Silver
250164,rsimmons,39517.08,180,Decline,SMITH MOTOR CO OF HATTIESBURG INC - MS107,,MS,HATTIESBURG,2026-08-17,,,2027,Boat,New,,52.09,6.6,jsmith,,42,8.74,0,0,false,,,10.24,Core,Core,2.04,0,,0,19389.04,777,Source One Financial Services,MS, elizabeth aycox,0,0,MS107,Core
250249,pmeza,15152.52,144,Decline,General RV Center - Longmont - CO156,General RV,CO,Longmont,2026-08-17,,,2025,RV,New,592,45.28,2.37,dzilberchtein,,16,12.49,11000,11000,false,,,13.49,Silver 1,Silver 1,0.54,0,,0,28101,663,Source One Financial Services,CO, kevin morris,0,0,CO156,Silver
250111,,28425.38,180,Auto Decline,LDRV of Tampa - FL340,Campers Inn,FL,Seffner,2026-08-17,,,2026,RV,New,,61.71,4.57,wstoutimore,,0,22.99,4000,4000,false,,,23.99,Bronze,Bronze,0.91,0,,0,31156,567,Source One Financial Services,FL,,0,0,FL340,Business First
250080,rsimmons,31196.84,180,Decline,Rocky Ridge RV - Tyler - TX574,Rocky Ridge,TX,Tyler,2026-08-17,,,2026,RV,New,,23.41,8.67,gott,,5,13.74,3200,3200,false,,,14.74,Silver 1,Silver 1,0.84,0,,0,37120,652,Source One Financial Services,TX, blaize ice,0,0,TX574,Silver
250051,eavila,53418,204,Auto Approval,Fun Town RV - Little Rock - AR126,Fun Town,AR,Bryant,2026-08-17,2026-08-18,,2026,RV,New,684,44.91,5.04,jweller,,1546,9.74,10000,10000,false,,,11.24,Core,Core,0.79,0,,0,67400,700,Source One Financial Services,AR, wade meeks,1,1,AR126,Core
250127,thovey,37075.29,180,Auto Approval,Rock Solid Funding LLC - TX536,RSF,TX,BEDFORD,2026-08-17,2026-08-18,,2021,RV,Used,,23.43,3.92,S1House,,1593,13.24,3650,3650,false,,,14.24,Silver 1,Silver 1,0.95,0,,0,38900,678,Source One Financial Services,TN, alicia mondragon,1,1,TX536,Silver
250259,jrubi,23707,144,Auto Approval,Giant RV - Montclair - SCA155,Giant RV,CA,Montclair,2026-08-17,2026-08-18,,2019,RV,Used,,35.57,3.2,jrubi,,1153,10.99,4000,4000,false,,,12.49,Core,Core,0.92,0,,0,25800,709,Source One Financial Services,CA, christina marris,1,1,SCA155,Core
249977,sbaker,21367,144,Decline,COUNTY LINE CAMPERS - MS108,,MS,GULFPORT,2026-08-17,,,2027,RV,New,,29.61,4.67,jsmith,,107,13.74,2000,2000,false,,,14.74,Silver 1,Silver 1,0.88,0,,0,24261,647,Source One Financial Services,MS,,0,0,MS108,Silver
250133,rsimmons,22126.45,144,Booked,Clear Creek Camping LLC-TX396,,TX,Abilene,2026-08-17,2026-08-21,2026-08-21,2022,RV,Used,,40.9,2.52,gott,5711,5426,10.74,1900,1900,false,284,1,12.24,Core,Core,1.18,1327.59,6,0,18800,689,Source One Financial Services,TX, mark connally,1,0,TX396,Core
250124,thovey,10136.87,144,Booked,All Stars RV - ECO103,EPIC,CO,Littleton,2026-08-17,2026-08-18,2026-08-22,2025,RV,New,,15.26,3,S1House,7164,1437,14.99,1000,1000,false,125,5602,15.99,Silver 1,Silver 1,0.63,405.47,4,0,15967,640,Source One Financial Services,CO, mark roberts,1,0,ECO103,Silver
250109,thovey,47292.23,204,Decline,Blue Compass RV - Hickory - NC156,Blue Compass,NC,Claremont,2026-08-17,,,2026,RV,New,,46.11,11.71,jsmith,,34,10.24,10000,10000,false,,,11.74,Core,Core,0.74,0,,0,64289,687,Source One Financial Services,GA, anthony juedeman,0,0,NC156,Core
249912,jharrington1,45997.23,180,Decline,"Sizzle Marine, Inc. -OH157",,OH,Columbus,2026-08-17,,,2026,Boat,New,,34.12,7.83,jharrington1,,6,13.74,3000,3000,false,,,14.74,Silver 1,Silver 1,1.12,0,,0,41236,652,Source One Financial Services,OH, jerry rutherford,0,0,OH157,Silver
250088,rsimmons,23290.54,180,Auto Approval,Ron Hoover - Lubbock - TX499,Ron Hoover,TX,Slaton,2026-08-17,2026-08-20,,2019,RV,Used,,20.09,1.78,gott,,4067,10.74,2000,2000,false,,,12.24,Core,Core,0.88,0,,0,26470,732,Source One Financial Services,TX, jon vidaure,1,1,TX499,Core
250186,ahunt,27700,180,Auto Approval,Legendary Marine - AL105,OneWater,AL,Gulf Shores,2026-08-17,2026-08-18,,2023,Boat,Used,,24.56,1.97,jsmith,,1086,6.99,800,800,false,,,8.49,Core,Not Applicable,1,0,,0,27810,859,Connexus Credit Union,AL, daulton tullis,1,1,AL105,Not Applicable
250243,thovey,21423.44,180,Approved,ZOOMERS RV OF ILLINOIS - IL255,,IL,INA,2026-08-17,2026-08-17,,2026,RV,New,665,33.6,2.66,gcoulombe,,24,10.24,5000,5000,false,,,11.74,Core,Core,0.72,0,,0,29720,687,Source One Financial Services,IL, austin sluder,1,1,IL255,Core
250070,mlomedico,56569,240,Decline,"Vantage Recreational Finance, Inc. -FL291",VRF,FL,FORT LAUDERDALE,2026-08-17,,,2021,RV,Used,,95.84,10.59,S1House,,35,10.74,0,0,false,,,12.24,Core,Core,0.92,0,,0,61265,695,Source One Financial Services,CA, alphonzo bowe,0,0,FL291,Core
250153,sbaker,19477.04,144,Decline,McClain's Longhorn RV Inc - TX520,,TX,Sanger,2026-08-17,,,2021,RV,Used,653,32.47,1.61,gott,,2819,10.49,0,0,false,,,11.99,Core,Core,0.83,0,,0,23350,705,Source One Financial Services,TX, ricky broxton,0,0,TX520,Core
250250,mlomedico,36663.66,180,Auto Approval,A and L RV Sales - Johnson City - TN123,,TN,Johnson City,2026-08-17,2026-08-17,,2020,RV,Used,,38.27,6.97,jsmith,,31,9.24,500,500,false,,,10.74,Core,Core,1.08,0,,0,33950,763,Source One Financial Services,TN, amber bailey,1,1,TN123,Core
250115,sbaker,317031.85,240,Decline,Paradise Marine Center - AL148,,AL,Gulf Shores,2026-08-17,,,2026,Boat,New,,54.67,10.31,jsmith,,12,9.49,0,-7900,false,,,10.99,Core,Core,1.11,0,,0,285146,745,Source One Financial Services,AL, jon lizana,0,0,AL148,Core
250261,mnava,40020.68,204,Conditional Approval,Blue Compass RV - Wheat Ridge - CO162,Blue Compass,CO,Wheat Ridge,2026-08-17,2026-08-17,,2027,RV,New,866,29.74,4.28,dzilberchtein,,12,7.49,27000,1000,false,,,8.99,Core,Core,1.29,0,,0,31000,862,Source One Financial Services,CO, shawn nelson,1,1,CO162,Core
249968,eavila,37590.74,180,Decline,Fun Town RV Houston LLC -TX244,Fun Town,TX,Wharton,2026-08-17,,,2027,RV,New,703,22.25,2.79,gott,,104,10.24,4000,4000,false,,,11.74,Core,Core,0.99,0,,0,38140,685,Source One Financial Services,NC, ryan engibous,0,0,TX244,Core
250052,mnava,52215.29,240,Auto Approval,WEHR RVS - MO195,,MO,SPRINGFIELD,2026-08-17,2026-08-17,,2022,RV,Used,858,32.16,3.53,jweller,,414,7.49,0,0,false,,,8.99,Core,Core,0.86,0,,0,60700,855,Source One Financial Services,MO, brian johnson,1,1,MO195,Core
249971,mlomedico,48478.35,180,Booked,Hallberg Marine -MN352,,MN,Wyoming,2026-08-17,2026-08-24,2026-08-25,2027,Boat,New,677,25.39,2.7,dzilberchtein,11843,10387,9.74,1469.79,39469.79,false,352,1104,7.39,Core,Core,0.75,484.78,1,0,64797.8,740,Source One Financial Services,MN, wally lund,1,0,MN352,Core
249982,sbaker,64173.18,240,Booked,T and S RV and SPORT LLC -TX377,,TX,NAVASOTA,2026-08-17,2026-08-25,2026-08-25,2026,RV,New,603,27.43,3.53,gott,11836,11542,9.99,1500,9077.15,false,294,0,11.49,Core,Core,0.91,3850.39,6,0,70430,703,Source One Financial Services,TX, anthony weise,1,0,TX377,Core
249990,sdelarosa,164410.89,240,Decline,Blue Compass RV - Myrtle Beach - SC143,Blue Compass,SC,29575,2026-08-17,,,2027,RV,New,657,39.6,12.9,jsmith,,188,7.49,20000,35000,false,,,8.99,Core,Core,0.88,0,,0,186795,843,Source One Financial Services,VA, peter beckingham,0,0,SC143,Core
249976,Jhill,24912.36,180,Auto Approval,RV Station LTD - Bryan/College Station -TX193,,TX,College Station,2026-08-17,2026-08-17,,2022,RV,Used,,29.4,2.99,gott,,196,14.49,5100,5100,false,,,15.49,Silver 1,Silver 1,1,0,,0,24900,646,Source One Financial Services,TX, curtis hunsinger,1,1,TX193,Silver
250237,Jhill,95087,240,Verifications Incomplete,Ugly Johns Custom Boats LLC - OK136,,OK,Afton,2026-08-17,2026-08-25,,2019,Boat,Used,,39,16.01,jweller,,11889,9.24,45000,45000,false,,0,10.49,Core,Core,0.7,4754.35,5,0,135470,780,Source One Financial Services,OK, eric fatkin,1,1,OK136,Core
249924,Jhill,19008.29,180,Auto Approval,Old Salt Marine - FL234,,FL,Lakeland,2026-08-17,2026-08-24,,2025,Boat,New,,24.32,1.56,wstoutimore,,10499,7.49,20000,20300,false,,,6.99,Core,Core,0.54,0,,0,34998,869,Source One Financial Services,FL, dean old salt,1,1,FL234,Core
250167,jharrington1,36458.97,204,Auto Approval,Blue Compass RV - North Myrtle Beach - SC137,Blue Compass,SC,North Myrtle Beach,2026-08-17,2026-08-18,,2022,RV,Used,,23.21,5.19,jsmith,,1085,10.24,1840,1840,false,,,11.74,Core,Core,1.03,0,,0,35300,700,Source One Financial Services,SC, adam dix,1,1,SC137,Core
250094,eavila,34550,204,Auto Approval,Blue Compass RV - Park City-KS117,Blue Compass,KS,Park City,2026-08-17,2026-08-17,,2026,RV,New,694,34.07,3.36,jweller,,164,9.24,3300,3300,false,,,10.74,Core,Core,0.88,0,,0,39165,683,Source One Financial Services,KS, hailli barnes,1,1,KS117,Core
250048,eavila,55699,240,Conditional Approval,"Vantage Recreational Finance, Inc. -FL291",VRF,FL,FORT LAUDERDALE,2026-08-17,2026-08-21,,2023,RV,Used,,45.01,6.18,S1House,,5849,9.74,6000,6000,false,,,11.24,Core,Core,1.16,0,,0,48200,739,Source One Financial Services,CA, brian decastro,1,1,FL291,Core
249933,sdelarosa,17434.8,144,Decline,Hufnagel and Majors Inc - PA109,,PA,Harmony,2026-08-17,,,2027,RV,New,656,26.95,2.92,jharrington1,,5,13.74,1800,1800,false,,,14.74,Silver 1,Silver 1,0.95,0,,0,18423,642,Source One Financial Services,PA, brian hooker,0,0,PA109,Silver
250022,jharrington1,15034,144,Auto Approval,Harvey RV and Marine - ME112,,ME,Glenburn,2026-08-17,2026-08-24,,2018,RV,Used,826,37.49,1.53,gcoulombe,,10228,8.49,100,100,false,,,9.99,Core,Core,1.04,0,,0,14400,809,Source One Financial Services,TN, tony shorey,1,1,ME112,Core
249949,,26113,180,Auto Decline,Shoeders RV Marine and Sport Center -WI625,,WI,Rhinelander,2026-08-17,,,2026,RV,New,585,33.18,6.41,dzilberchtein,,0,22.99,0,0,false,,,23.99,Bronze,Bronze,1.17,0,,0,22245,582,Source One Financial Services,WI,,0,0,WI625,Business First
250089,mlomedico,26503.75,180,Contract Received,Intercoastal Financial Group LLC - 17401746,IFG,FL,Vero Beach,2026-08-17,2026-08-27,,2023,RV,Used,,35.58,3.07,S1House,,14389,10.24,2650,2650,false,,42,11.24,Core,Core,1.05,0,,0,25350,721,Source One Financial Services,TX, stephen jolles,1,1,17401746,Core
250244,mlomedico,245453.22,240,Decline,T and S RV and SPORT LLC -TX377,,TX,NAVASOTA,2026-08-17,,,2027,RV,New,669,56.34,19.48,gott,,44,9.74,20000,27000,false,,,11.24,Core,Core,1.06,0,,0,231631,723,Source One Financial Services,TX, anthony wiese,0,0,TX377,Core
249944,ahunt,39238.25,204,Auto Approval,Grand Pointe Marina of Lansing - MI464,,MI,Dimondale,2026-08-17,2026-08-21,,2024,Boat,Used,,20.98,4.3,dzilberchtein,,6103,7.99,0,0,false,,,8.74,Core,Core,1.02,0,,0,38560,791,Source One Financial Services,IL, patrick crowley,1,1,MI464,Core
250258,mnava,54723.99,204,Booked,BLUE COMPASS RV - FT WORTH - TX420,Blue Compass,TX,Fort Worth,2026-08-17,2026-08-25,2026-08-25,2026,RV,New,,37.32,6.12,gott,11484,11467,9.99,0,0,false,14,3,11.49,Core,Core,1.27,3283.44,6,0,42921.75,708,Source One Financial Services,TX, rj norman,1,0,TX420,Core
250513,,41451.75,180,Auto Decline,ROYS RV SUPERCENTER LLC - WV101,,WV,ELKINS,2026-08-18,,,2026,RV,New,,80.25,22.31,jharrington1,,38,22.99,0,-1720.79,false,,,23.99,Bronze,Core,0.98,0,,0,42374,798,Source One Financial Services,WV, lisa riggs,0,0,WV101,Business First
250547,,199287.59,240,Auto Decline,NXTLVL Marine LLC - TX502,,TX,New Braunfels,2026-08-18,,,2025,Boat,New,711,35.39,9.01,gott,,0,22.99,14000,23682.27,false,,,23.99,Bronze,Bronze,1.25,0,,0,159714,617,Source One Financial Services,TX,,0,0,TX502,Business First
250485,hhisek,30228.71,180,Decline,Fun Town RV-Giddings -TX314,Fun Town,TX,Giddings,2026-08-18,,,2025,RV,New,,24.88,8.4,gott,,19,13.74,5000,5000,false,,,14.74,Silver 1,Silver 1,0.64,0,,0,47581,643,Source One Financial Services,TX, angela morrell,0,0,TX314,Silver
250467,hhisek,21515.7,180,Approved,ANGLERS CHOICE - SPINDALE - NC102,,NC,SPINDALE,2026-08-18,2026-08-18,,2026,Boat,New,,31.83,4.98,jsmith,,29,13.74,2200,2200,false,,,14.74,Silver 1,Silver 1,0.96,0,,0,22350,653,Source One Financial Services,NC, lee parker,1,1,NC102,Silver
250277,sbaker,26065.29,180,Decline,ANGLERS CHOICE - MARTINSVILLE - VA100,,VA,MARTINSVILLE,2026-08-18,,,2026,Boat,New,720,56.84,2.48,jsmith,,10,10.24,15000,15000,false,,,11.74,Core,Core,0.89,0,,0,29368,696,Source One Financial Services,VA, brian shuler,0,0,VA100,Core
250267,sdelarosa,29360,180,Decline,ADVENTURE MOTORHOMES - SC118,,SC,GREEER,2026-08-18,,,2026,RV,New,,50.44,4.41,jsmith,,62,10.24,0,0,false,,,11.74,Core,Core,0.77,0,,0,37925,693,Source One Financial Services,SC, keith palmer,0,0,SC118,Core
250377,,30778.5,180,Auto Decline,"Ron Hoover Companies of Donna, Inc -Tx277",Ron Hoover,TX,Donna,2026-08-18,,,2026,RV,New,,39.13,7.68,gott,,0,22.99,3000,3000,false,,,23.99,Bronze,Bronze,0.91,0,,0,33646,605,Source One Financial Services,TX,,0,0,TX277,Business First
250359,rsimmons,27776,180,Booked,Kaylor's Marine Service - KY156,Easy Care,KY,Richmond,2026-08-18,2026-08-21,2026-08-25,2020,Boat,Used,,40.71,8.77,jharrington1,10311,4514,10.24,2300,2300,false,5797,0,11.74,Core,Core,1.48,1666.56,6,0,18766,738,Source One Financial Services,KY, jim lakes,1,0,KY156,Core
250389,mnava,64855.47,204,Conditional Approval,Recreation USA LLC - Myrtle Beach - SC134,,SC,Myrtle Beach,2026-08-18,2026-08-18,,2025,RV,New,,32.56,10.19,jsmith,,31,10.24,15000,8093.99,false,,,11.74,Core,Core,0.9,0,,0,72370,687,Source One Financial Services,NC, stan johnson,1,1,SC134,Core
250351,sbaker,38919,180,Auto Approval,"Vantage Recreational Finance, Inc. -FL291",VRF,FL,FORT LAUDERDALE,2026-08-18,2026-08-18,,2019,Boat,Used,,39.29,6.44,S1House,,42,10.49,0,0,false,,,11.99,Core,Core,0.76,0,,0,51205,747,Source One Financial Services,OK, brian decastro,1,1,FL291,Core
250346,hhisek,24815.4,180,Approved,PALMETTO BOAT CENTER INC - SC101,,SC,PIEDMONT,2026-08-18,2026-08-18,,2025,Boat,New,720,3.96,2.5,jsmith,,42,7.49,2800,2800,false,,,8.99,Core,Core,1.05,0,,0,23700,820,Source One Financial Services,SC, zach whitehead,1,1,SC101,Core
250552,eavila,30920.77,204,Conditional Approval,Blue Compass RV - Hickory - NC156,Blue Compass,NC,Claremont,2026-08-18,2026-08-18,,2013,RV,Used,,49.38,5.85,jsmith,,48,8.74,5200,5200,false,,,10.24,Core,Core,1.2,0,,0,25700,805,Source One Financial Services,NC, nathan mcpherson,1,1,NC156,Core
250515,,117064.79,240,Auto Decline,Intercoastal Financial Group LLC - 17401746,IFG,FL,Vero Beach,2026-08-18,,,2014,RV,Used,,36.72,25.8,S1House,,0,11.74,0,50000,false,,,12.99,Core,Core,0.79,0,,0,148200,693,Source One Financial Services,FL,,0,0,17401746,Core
250383,,20045.72,180,Auto Decline,GIANT RECREATION WORLD WINTER GARDEN - FL172,,FL,WINTER GARDEN,2026-08-18,,,2016,RV,Used,,23.59,5.06,pcarter,,0,16.24,5000,5000,false,,,17.24,Silver 2,Silver 2,0.71,0,,0,28205,633,Source One Financial Services,SC,,0,0,FL172,Silver
250573,eavila,26384.42,180,Decline,General RV Center - Mesa - AZ357,General RV,AZ,Mesa,2026-08-18,,,2027,RV,New,591,44.44,1.88,edominguez,,14,13.74,1000,10000,false,,,14.74,Silver 1,Silver 1,0.71,0,,0,37129,653,Source One Financial Services,AZ, gary watts,0,0,AZ357,Silver
250334,rsimmons,38232.38,204,Auto Approval,CAMPERS INN RV OF MADISON - AL116,Campers Inn,AL,MADISON,2026-08-18,2026-08-18,,2025,RV,Used,,13.54,7.57,jsmith,,349,9.74,23300,12584.12,false,,,11.24,Core,Core,1.14,0,,0,33600,722,Source One Financial Services,AL, robert orwat,1,1,AL116,Core
250360,sdelarosa,22180.11,180,Booked,Georgia Campers - GA145,,GA,Newman,2026-08-18,2026-08-26,2026-08-26,2026,RV,New,,38.74,3.33,jsmith,11740,11374,11.99,0,18000,false,344,22,11.99,Silver 1,Silver 1,0.76,0,0,0,29054,663,Source One Financial Services,GA, gustavo egidi,1,0,GA145,Silver
250408,mlomedico,31104,180,Auto Approval,PALMETTO BOAT CENTER INC - SC101,,SC,PIEDMONT,2026-08-18,2026-08-18,,2027,Boat,New,744,15.02,1.7,jsmith,,41,7.49,5000,5000,false,,,8.99,Core,Core,1.11,0,,0,28021,862,Source One Financial Services,SC, zach whitehead,1,1,SC101,Core
250465,pmeza,120058.74,180,Auto Approval,Hughes Marine LLC - MO226,,MO,Branson,2026-08-18,2026-08-18,,2020,Boat,Used,840,42.85,7.3,jweller,,40,7.99,11500,0,false,,,9.49,Core,Core,1,0,,0,120058.74,865,Source One Financial Services,MO, hailey hilton,1,1,MO226,Core
250366,ccampos,23188.66,180,Verifications Incomplete,General RV Center - North Canton - OH200,General RV,OH,North Canton,2026-08-18,2026-08-26,,2023,RV,Used,707,41.26,1.61,jharrington1,,11509,7.99,5000,5000,false,,1,9.49,Core,Core,1.39,1391.32,6,0,16700,838,Source One Financial Services,OH, patsy santone,1,1,OH200,Core
250354,sdelarosa,10090.29,120,Booked,Ashley Marine - Panama City -  FL255,,FL,Panama City,2026-08-18,2026-08-25,2026-08-25,2026,RV,New,,16.77,3.74,wstoutimore,10498,10484,9.49,1000,1000,false,13,1,7.39,Core,Core,0.93,100.9,1,0,10895,744,Source One Financial Services,FL, amy silas,1,0,FL255,Core
250503,mlomedico,71066,240,Auto Approval,Blue Compass RV - Santee - SCA168,Blue Compass,CA,Santee,2026-08-18,2026-08-18,,2026,RV,New,809,18.42,1.92,jrubi,,36,7.49,5000,5000,false,,,8.99,Core,Core,0.94,0,,0,75751,851,Source One Financial Services,NV, matthew donath,1,1,SCA168,Core
250339,sdelarosa,20867,144,Approved,Lerch RV- PA121,,PA,Milroy,2026-08-18,2026-08-18,,2017,RV,Used,711,34.03,3.21,jharrington1,,20,10.74,6000,6000,false,,,12.24,Core,Core,0.78,0,,0,26750,735,Source One Financial Services,PA,,1,1,PA121,Core
250394,hhisek,60972.63,204,Conditional Approval,BLUE COMPASS RV - SOUTH HOUSTON  - TX421,Blue Compass,TX,Alvin,2026-08-18,2026-08-18,,2021,RV,Used,706,38.89,7.21,gott,,132,12.49,65000,65000,true,,,14.49,Business First,Business First,0.43,0,,0,141650,,Source One Financial Services,TX, frank carranza,1,1,TX421,Business First
250385,,53418,180,Cancelled,Fun Town RV - Little Rock - AR126,Fun Town,AR,Bryant,2026-08-18,,,2026,RV,New,,0,0,jweller,,,22.99,10000,10000,false,,,23.99,Bronze,Bronze,0.79,0,,0,67400,,Source One Financial Services,AR, wade meeks,0,0,AR126,Business First
250269,avera,24699.34,180,Decline,Optimum RV Zephyr Hills - FL164,Optimum RV,FL,Zephyr Hills,2026-08-18,,,2022,RV,Used,603,34.61,2.67,wstoutimore,,5,14.49,2500,2500,false,,,15.49,Silver 1,Silver 1,1.12,0,,0,22050,644,Source One Financial Services,FL, todd glenn,0,0,FL164,Silver
250295,thovey,12786.43,120,Auto Approval,Network Automotive Inc - AZ311,,AZ,Mesa,2026-08-18,2026-08-18,,2025,RV,Used,,45.48,2.05,edominguez,,181,9.74,1500,1500,false,,,11.24,Core,Core,0.9,0,,0,14250,740,Source One Financial Services,AZ,,1,1,AZ311,Core
250481,mnava,41915.6,240,Decline,Noteboom RV LLC- Harrisburg -SD106,,SD,Harrisburg,2026-08-18,,,2021,RV,Used,682,83.36,4.9,dzilberchtein,,16,7.99,1000,1000,false,,,9.49,Core,Core,1.07,0,,0,39270,805,Source One Financial Services,SD, finance noteboom rv,0,0,SD106,Core
250310,jharrington1,64136.55,180,Decline,Huggy Bear RV Sales -OH162,Canopy Financial,OH,Middle Point,2026-08-18,,,2026,RV,New,,14.94,6.15,jharrington1,,54,12.49,12500,12500,false,,,13.49,Silver 1,Not Applicable,0.92,0,,0,70093,661,Connexus Credit Union,KY, mac mclelland,0,0,OH162,Not Applicable
250559,pmeza,46019,180,Auto Approval,Rocky Ridge RV - Tyler - TX574,Rocky Ridge,TX,Tyler,2026-08-18,2026-08-18,,2026,RV,New,802,26.09,3.46,gott,,38,7.49,3909,-16091,false,,,9.24,Core,Core,1.3,0,,0,35399.88,806,Source One Financial Services,TX, brandon barsh,1,1,TX574,Core
250367,eavila,29399,180,Auto Approval,JOLLEY'S MARINE AND RV CENTER - OR130,,OR,SALEM,2026-08-18,2026-08-18,,2021,RV,Used,668,40.2,7.18,ljablonoski,,129,10.74,20000,30000,false,,,12.24,Core,Core,0.8,0,,0,36800,695,Source One Financial Services,OR,,1,1,OR130,Core
250535,mnava,18834.24,120,Booked,Fretz RV -PA126,,PA,Souderton,2026-08-18,2026-08-27,2026-08-27,2020,RV,Used,,27.78,4.7,jharrington1,12975,12917,13.24,4000,4000,false,56,2,14.24,Silver 1,Silver 1,1.2,753.37,4,0,15750,665,Source One Financial Services,MD, tony eidle,1,0,PA126,Silver
250476,hhisek,65691.63,180,Approved,Nisswa Marine -MN237,Marine Max,MN,Nisswa,2026-08-18,2026-08-18,,2021,Boat,Used,,11.15,3.56,S1House,,6,13.24,7300,7300,false,,,14.24,Silver 1,Silver 1,1,0,,0,65692,671,Source One Financial Services,MN, leah wiczek,1,1,MN237,Silver
250539,ccampos,41870.1,240,Decline,Blue Compass RV - Austin - TX522,Blue Compass,TX,Buda,2026-08-18,,,2027,RV,New,,35.74,4.48,gott,,31,9.99,4300,4300,false,,,11.49,Core,Core,0.95,0,,0,43938,707,Source One Financial Services,TX, angel gonzalez,0,0,TX522,Core
250349,,10993,180,Auto Decline,GEORGIA RV OUTLET LLC - GA107,,GA,CARTERSVILLE,2026-08-18,,,2016,RV,Used,,12.07,3.65,jsmith,,0,22.99,1500,1500,false,,,23.99,Bronze,Bronze,0.87,0,,0,12700,606,Source One Financial Services,SC,,0,0,GA107,Business First
250306,avera,25549.57,180,Approved,Chesapeake RV Solutions - VA112,,VA,Chesapeake,2026-08-18,2026-08-18,,2026,RV,New,729,49.13,1.84,jsmith,,59,9.74,2500,2500,false,,,11.24,Core,Core,0.96,0,,0,26625,733,Source One Financial Services,VA, frank smith,1,1,VA112,Core
250393,sbaker,27967,144,Auto Approval,"Vantage Recreational Finance, Inc. -FL291",VRF,FL,FORT LAUDERDALE,2026-08-18,2026-08-18,,2016,Boat,Used,,37.99,1.99,S1House,,50,10.99,7200,7200,false,,,12.49,Core,Core,0.87,0,,0,32000,689,Source One Financial Services,FL, joe lary,1,1,FL291,Core
250529,,12352.78,144,Auto Decline,Campers Inn - Prescott Valley- AZ329,Campers Inn,AZ,PRESCOTT VALLEY,2026-08-18,,,2021,RV,Used,,6.56,0.75,edominguez,,0,22.99,6000,6000,false,,,23.99,Bronze,Bronze,0.56,0,,0,22000,600,Source One Financial Services,AZ,,0,0,AZ329,Business First
250324,pmeza,73488.75,240,Auto Approval,The RV Store - Logan - UT140,,UT,Logan,2026-08-18,2026-08-19,,2027,RV,New,747,28.71,4.55,ljablonoski,,1429,7.24,8100,8100,false,,,8.24,Core,Not Applicable,0.82,0,,0,90105,747,Connexus Credit Union,MT, michael hodson,1,1,UT140,Not Applicable
250357,ccampos,91953.5,240,Conditional Approval,"Campers Inn RV of South Louisville, Inc. - KY147",Campers Inn,KY,Lebanon Junction,2026-08-18,2026-08-18,,2025,RV,New,685,47.95,4.98,jharrington1,,18,9.74,9300,9300,false,,,11.24,Core,Core,0.83,0,,0,111161,739,Source One Financial Services,TN, bruce brown,1,1,KY147,Core
250533,pmeza,27276.05,180,Booked,TKJ Motor Sports Marine - WI755,,WI,Pearson,2026-08-18,2026-08-23,2026-08-25,2025,Boat,New,,28.39,2.37,dzilberchtein,9949,6918,7.49,350,350,false,3031,0,8.99,Core,Core,1.3,1636.56,6,0,20995,809,Source One Financial Services,WI,,1,0,WI755,Core
250447,mlomedico,190099.3,240,Conditional Approval,Intercoastal Financial Group LLC - 17401746,IFG,FL,Vero Beach,2026-08-18,2026-08-19,,2026,Boat,New,,13.21,4.35,S1House,,1223,7.24,23300,51649.26,false,,,8.49,Core,Core,0.95,0,,0,199930,855,Source One Financial Services,FL, joe burton,1,1,17401746,Core
250336,mlomedico,57290.65,180,Contract Received,Rock Solid Funding LLC - TX536,RSF,TX,BEDFORD,2026-08-18,2026-08-26,,2021,RV,Used,,17.14,4,S1House,,11873,10.49,2830,2830,false,,47,11.99,Core,Core,0.84,0,,0,68585,716,Source One Financial Services,NC, serena pulliam,1,1,TX536,Core
250500,ccampos,30374,180,Auto Approval,BLUE STAR RV - MI437,,MI,HOLLAND,2026-08-18,2026-08-19,,2022,RV,Used,,39.79,4.24,dzilberchtein,,1139,7.99,0,0,false,,,9.49,Core,Core,1.04,0,,0,29100,811,Source One Financial Services,OH,,1,1,MI437,Core
250430,,49399,180,Auto Decline,"Vantage Recreational Finance, Inc. -FL291",VRF,FL,FORT LAUDERDALE,2026-08-18,,,2023,RV,Used,626,25.58,2.42,S1House,,0,15.74,5400,5400,false,,,16.74,Silver 2,Silver 2,1.15,0,,0,43000,629,Source One Financial Services,AZ,,0,0,FL291,Silver
250353,mnava,27206.18,180,Decline,B and L RV - NCA119,,CA,SACRAMENTO,2026-08-18,,,2018,RV,Used,559,28.49,2.01,jrubi,,6,14.99,3000,3000,false,,,15.99,Silver 1,Silver 1,0.82,0,,0,33110,652,Source One Financial Services,CA, wahhaj khan,0,0,NCA119,Silver
250381,rsimmons,31462.23,204,Verifications Incomplete,Blue Compass - Mobile - AL170,Blue Compass,AL,Theodore,2026-08-18,2026-08-20,,2020,RV,Used,778,15.54,3.28,jsmith,,3109,7.99,500,500,false,,0,9.49,Core,Core,1.31,1887.73,6,0,24050,876,Source One Financial Services,MS, dylan howard,1,1,AL170,Core
250401,rsimmons,50972.53,180,Booked,"Ron Hoover Companies of Donna, Inc -Tx277",Ron Hoover,TX,Donna,2026-08-18,2026-08-26,2026-08-26,2027,RV,New,,27.56,5.17,gott,11756,11468,7.49,3000,7436,false,286,2,8.99,Core,Core,1.48,3058.35,6,0,34366.7,829,Source One Financial Services,TX, julio pena,1,0,TX277,Core
250416,pmeza,56953.36,204,Auto Approval,General RV - Fort Myers - FL240,General RV,FL,Fort Myers,2026-08-18,2026-08-21,,2026,RV,New,,11.85,5.9,wstoutimore,,4147,10.24,7000,7000,false,,,11.74,Core,Core,1.07,0,,0,53395,698,Source One Financial Services,FL, michael smith,1,1,FL240,Core
250318,ccampos,29170.82,180,Auto Approval,Ron Hoover Companies Katy -TX275,Ron Hoover,TX,Katy,2026-08-18,2026-08-18,,2025,RV,New,710,20.27,2.44,gott,,86,8.74,3000,3000,false,,,10.24,Core,Core,0.88,0,,0,33248,770,Source One Financial Services,TX, greg woods,1,1,TX275,Core
250271,avera,42029.8,180,Auto Approval,Campers Inn Louisville -IN138,Campers Inn,IN,Clarksville,2026-08-18,2026-08-20,,2020,RV,Used,,26.66,5.68,jharrington1,,2927,9.99,8000,8000,false,,,10.74,Core,Not Applicable,0.98,0,,0,43000,712,Connexus Credit Union,IN, mark unger,1,1,IN138,Not Applicable
250560,,23080.29,120,Auto Decline,"A to Z Supercenter, LLC - FL242",,FL,Ocala,2026-08-18,,,2016,RV,Used,,40.01,8.15,pcarter,,0,16.24,10000,10000,false,,,17.24,Silver 2,Silver 2,0.86,0,,0,26785,626,Source One Financial Services,FL,,0,0,FL242,Silver
250404,mnava,42352.79,204,Auto Approval,Rock Solid Funding LLC - TX536,RSF,TX,BEDFORD,2026-08-18,2026-08-18,,2025,RV,Used,808,34.63,4.53,S1House,,195,7.49,0,0,false,,,8.99,Core,Core,0.91,0,,0,46700,855,Source One Financial Services,MS, ashley rogers,1,1,TX536,Core
250452,rsimmons,50058.9,180,Conditional Approval,OPTIMUM RV TX LLC - Robstown - TX481,Optimum RV,TX,ROBSTOWN,2026-08-18,2026-08-18,,2018,RV,Used,,13.71,5.25,gott,,45,8.49,10400,2500,false,,,9.49,Core,Not Applicable,0.87,0,,0,57596,722,Connexus Credit Union,TX, cade hall,1,1,TX481,Not Applicable
250352,,26077.23,180,Auto Decline,IRVINES CAMPER SALES - OH186,,OH,LITTLE HOCKING,2026-08-18,,,2023,RV,Used,,63.55,5.7,jharrington1,,0,15.74,0,0,false,,,16.74,Silver 2,Silver 2,0.93,0,,0,28105,621,Source One Financial Services,OH,,0,0,OH186,Silver
250520,Jhill,101307.78,240,Decline,General RV-Wayland -MI339,General RV,MI,MOUNT VERNON,2026-08-18,,,2027,RV,New,664,15.04,8.9,dzilberchtein,,15,9.74,2000,36000,false,,,11.24,Core,Core,1.02,0,,0,99245,725,Source One Financial Services,MI, sofiane yahiaoui,0,0,MI339,Core
250488,thovey,30406.74,144,Booked,Roy's RV Adventures LLC - FL327,,FL,Tallahassee,2026-08-18,2026-08-18,2026-08-18,2027,RV,New,,20.57,4.65,wstoutimore,212,44,7.99,1500,1500,false,165,3,7.39,Core,Core,1.31,304.07,1,0,23284,793,Source One Financial Services,FL, aliya purtee,1,0,FL327,Core
250348,Jhill,160747.2,240,Decline,NewCoast - Boatzon - FL356,Marine Max,FL,Oldsmar,2026-08-18,,,2026,RV,New,,32.96,16.45,S1House,,17,9.49,30000,30000,false,,,10.99,Core,Core,0.98,0,,0,163480,753,Source One Financial Services,FL, chris liseo,0,0,FL356,Core
250326,,12668.93,120,Auto Decline,The Outpost RV Inc -IN144,,IN,Middlebury,2026-08-18,,,2021,RV,Used,,40.84,3.61,jharrington1,,0,22.99,500,500,false,,,23.99,Bronze,Bronze,0,0,,,0,594,Source One Financial Services,IL,,0,0,IN144,Business First
250576,sbaker,64528.91,180,Decline,McCord's Vancouver RV Center- WA142,,WA,Vancouver,2026-08-18,,,2025,RV,New,,11.66,7.06,ljablonoski,,761,8.74,20000,20000,false,,,10.24,Core,Core,0.92,0,,0,69853,780,Source One Financial Services,WA, mike roll,0,0,WA142,Core
250444,hhisek,147859,240,Decline,"Vantage Recreational Finance, Inc. -FL291",VRF,FL,FORT LAUDERDALE,2026-08-18,,,2021,RV,Used,,43.73,17.06,S1House,,4,14.49,15000,15000,false,,,15.49,Silver 1,Silver 1,1.19,0,,0,124080,642,Source One Financial Services,CA, jenica carpentier,0,0,FL291,Silver
250534,hhisek,62072.75,180,Decline,Campers Inn RV - Wilmington - OH231,Campers Inn,OH,Wilmington,2026-08-18,,,2018,RV,Used,,45,8.63,jharrington1,,919,13.74,5100,8600,false,,,14.74,Silver 1,Not Applicable,1,0,,0,62114,670,Connexus Credit Union,OH, zachary blevins,0,0,OH231,Not Applicable
250333,pmeza,16731.2,144,Auto Approval,Capital RV - Minot - ND118,Campers Inn,ND,Minot,2026-08-18,2026-08-18,,2022,RV,Used,741,40.67,3.09,dzilberchtein,,29,9.99,7000,7000,false,,,11.49,Core,Core,0.72,0,,0,23400,759,Source One Financial Services,ND, michelle barber,1,1,ND118,Core
250299,ccampos,25615.96,180,Auto Approval,Crowder RV Center- TN109,Canopy Financial,TN,Johnson City,2026-08-18,2026-08-18,,2026,RV,New,,43.29,9.25,jsmith,,26,7.99,0,0,false,,,9.49,Core,Core,0.89,0,,0,28893,783,Source One Financial Services,TN, matt kurtz,1,1,TN109,Core
250368,,39146.96,180,Auto Decline,Family Fun RV Inc-OR134,,OR,St Helens,2026-08-18,,,2027,RV,New,,45.17,10.37,ljablonoski,,0,13.74,1000,1000,false,,,14.74,Silver 1,Silver 1,1.05,0,,0,37187,656,Source One Financial Services,WA,,0,0,OR134,Silver
250403,avera,58466.98,204,Conditional Approval,LEXINGTON RV LLC - KY135,,KY,LEXINGTON,2026-08-18,2026-08-18,,2027,RV,New,637,39.93,3.38,jharrington1,,21,11.99,87000,87000,false,,,12.99,Silver 1,Silver 1,0.4,0,,0,147657,663,Source One Financial Services,KY, travis goodpaster,1,1,KY135,Silver
250450,jharrington1,12552.1,144,Auto Approval,Meyer's RV Sales - Ellwood City - PA147,,PA,Ellwood City,2026-08-18,2026-08-18,,2026,RV,New,,12.67,3.58,jharrington1,,19,12.49,1400,1400,false,,,13.49,Silver 1,Silver 1,0.7,0,,0,18055,678,Source One Financial Services,PA, scott nail,1,1,PA147,Silver
250390,mlomedico,8467.8,84,Auto Approval,Little Guy Trailers - SCA171,,CA,San Diego,2026-08-18,2026-08-19,,2026,RV,New,,24.67,4.54,jrubi,,1507,12.99,400,400,false,,,12.99,Core,Core,1.09,0,,0,7765,704,Source One Financial Services,CA,,1,1,SCA171,Core
250342,mnava,70631.21,240,Auto Approval,XGRiD Campers - NV120,,NV,Las Vegas,2026-08-18,2026-08-19,,2026,RV,New,,5.89,3.75,ljablonoski,,1384,7.49,10000,10000,false,,,8.99,Core,Core,1.11,0,,0,63645,837,Source One Financial Services,AZ, ann walker,1,1,NV120,Core
250307,ccampos,36999.45,180,Decline,Intercoastal Financial Group LLC - 17401746,IFG,FL,Vero Beach,2026-08-18,,,2026,RV,New,633,63.09,1.68,S1House,,14,13.74,4000,4000,false,,,14.74,Silver 1,Silver 1,1.03,0,,0,36025,651,Source One Financial Services,TX, hal jolles,0,0,17401746,Silver
250289,avera,244726.39,240,Booked,LEONARD TRUCK and TRAILER INC. -OH164,,OH,NORTH JACKSON,2026-08-18,2026-08-27,2026-08-27,2025,RV,New,,33.82,9.78,jharrington1,13292,13135,7.74,56500,25500,false,157,0,9.24,Core,Core,1.17,14683.58,6,0,209362,794,Source One Financial Services,OH,,1,0,OH164,Core
250278,Jhill,86088,180,Auto Approval,GREAT AMERICAN RV SUPERSTORE-HUNTSVILLE - AL146,,AL,TANNER,2026-08-18,2026-08-20,,2022,RV,Used,,48.2,13.41,jsmith,,3249,9.74,10000,10000,false,,,10.49,Core,Not Applicable,0.81,0,,0,106838,712,Connexus Credit Union,AL, joey wright,1,1,AL146,Not Applicable
250473,sbaker,35783.02,180,Approved,Southern Mud Sports LLC - AL165,,AL,Waverly,2026-08-18,2026-08-18,,2027,Boat,New,,35.71,6.68,jsmith,,7,10.24,3599,3599,false,,,11.74,Core,Core,1.22,0,,0,29432.62,696,Source One Financial Services,MS, jeff cantey,1,1,AL165,Core
250380,sbaker,81924.5,240,Auto Approval,Best Choice Trailers & RV-PA123,Canopy Financial,PA,Irwin,2026-08-18,2026-08-19,,2027,RV,New,,18.07,7.4,jharrington1,,1485,8.24,0,64000,false,,,9.24,Core,Core,0.63,0,,0,129428,811,Source One Financial Services,TX, matt kurtz,1,1,PA123,Core
250463,rsimmons,22765.49,180,Auto Approval,AMERICA GO RV - COMFORT - TX471,,TX,COMFORT,2026-08-18,2026-08-20,,2024,RV,Used,,19.62,5.73,gott,,2519,9.74,3000,3000,false,,,11.24,Core,Core,1.01,0,,0,22500,723,Source One Financial Services,TX, robert pritchett,1,1,TX471,Core
250392,,16592,120,Cancelled,NewCoast - Boatzon - FL356,Marine Max,FL,Oldsmar,2026-08-18,,,2011,Boat,Used,,0,0,S1House,,,22.99,1550,1550,false,,,23.99,Bronze,Bronze,1.51,0,,0,10980,,Source One Financial Services,TX, john womble,0,0,FL356,Business First
250419,hhisek,13252.1,144,Booked,Uwharrie RV  (740 Motors) - NC125,,NC,Albemarle,2026-08-18,2026-08-20,2026-08-24,2026,RV,New,,31.75,1.8,jsmith,8766,3014,12.49,2000,2000,false,5752,0,13.49,Silver 1,Silver 1,0.88,530.08,4,0,15037,676,Source One Financial Services,PA, brian bailey,1,0,NC125,Silver
250429,,17000,144,Auto Decline,Giant RV - Montclair - SCA155,Giant RV,CA,Montclair,2026-08-18,,,2013,RV,Used,,33.33,8,jrubi,,0,16.74,13500,13500,false,,,17.74,Silver 2,Silver 2,1.05,0,,0,16250,626,Source One Financial Services,CA,,0,0,SCA155,Silver
250356,eavila,54381.25,204,Conditional Approval,Blue Compass RV - Winston-Salem - NC159,Blue Compass,NC,Rural Hall,2026-08-18,2026-08-18,,2022,RV,Used,,42.91,4.72,jsmith,,14,10.74,0,6000,false,,,12.24,Core,Core,0.89,0,,0,60940,692,Source One Financial Services,SC, jamal bailey,1,1,NC159,Core
250530,hhisek,21498.5,180,Approved,Aloha Marine Florida LLC - FL286,,FL,Holly Hill,2026-08-18,2026-08-18,,2020,Boat,Used,,32.53,3.86,pcarter,,3,8.49,2500,2500,false,,,9.99,Core,Core,0.71,0,,0,30455,789,Source One Financial Services,FL, tim schmoker,1,1,FL286,Core
250454,Jhill,25525.87,180,Decline,Johnston RV Center - AL134,,AL,Decatur,2026-08-18,,,2024,RV,Used,,23.33,2.96,jsmith,,3,13.74,3000,3000,false,,,14.74,Silver 1,Silver 1,0.78,0,,0,32600,641,Source One Financial Services,AL, marcus clarke,0,0,AL134,Silver
250554,thovey,57448.54,180,Decline,Fun Town RV-Giddings -TX314,Fun Town,TX,Giddings,2026-08-18,,,2020,RV,Used,698,21.36,2.59,gott,,75,9.24,10000,10000,false,,,10.74,Core,Core,0.88,0,,0,65065,778,Source One Financial Services,TX, angela morrell,0,0,TX314,Core
250370,jharrington1,129000,240,Decline,KY Boats LLC - KY149,,KY,Richmond,2026-08-18,2026-08-18,,2026,Boat,New,,26.54,6.98,jharrington1,,299,7.49,8500,-6500,false,,,8.99,Core,Core,1.09,0,,0,118068,804,Source One Financial Services,KY, christan wilson,0,0,KY149,Core
250443,pmeza,47113,180,Decline,Blue Compass RV - Gassville - AR137,Blue Compass,AR,Gassville,2026-08-18,,,2026,RV,New,685,86.9,8.35,jweller,,13,12.49,0,5450,false,,,13.49,Silver 1,Silver 1,1.16,0,,0,40601,677,Source One Financial Services,AR, sheldon doty,0,0,AR137,Silver
250504,hhisek,38098.21,144,Booked,Hanner RV Supercenter -TX165,,TX,Baird,2026-08-18,2026-08-27,2026-08-27,2026,RV,New,676,34.55,2.65,gott,12909,12893,10.24,1600,1600,false,15,1,10.99,Core,Core,0.92,1142.95,3,0,41277,696,Source One Financial Services,TX, lance finley,1,0,TX165,Core
250493,,128321.44,240,Auto Decline,Campers Inn - Prescott Valley- AZ329,Campers Inn,AZ,PRESCOTT VALLEY,2026-08-18,,,2026,RV,New,,58.15,21.98,edominguez,,0,8.99,0,14000,false,,,10.49,Core,Core,1.05,0,,0,122755,751,Source One Financial Services,AZ,,0,0,AZ329,Core
250497,pmeza,158116.55,96,Conditional Approval,Legendary Marine - Destin - FL142,OneWater,FL,Destin,2026-08-18,2026-08-18,,2021,Boat,Used,,2.76,1.88,wstoutimore,,58,14.35,250000,250000,false,,,14.6,Silver 1,Not Applicable,0.4,0,,0,398950,670,Ideal Credit Union,TN, nolon saucier,1,1,FL142,Not Applicable
250338,jharrington1,14477.32,168,Booked,Campers Inn Of Troy Inc-OH199,Campers Inn,OH,Troy,2026-08-18,2026-08-18,2026-08-18,2024,RV,Used,,20.24,0.84,jharrington1,251,179,10.24,3000,3000,false,50,22,11.74,Core,Core,0.77,868.64,6,0,18800,697,Source One Financial Services,AL, zach kimrey,1,0,OH199,Core
250302,,27105,180,Auto Decline,WEHR RVS - MO195,,MO,SPRINGFIELD,2026-08-18,,,2027,RV,New,,54.34,12.27,jweller,,0,22.99,2000,2000,false,,,23.99,Bronze,Bronze,1.04,0,,0,25970,608,Source One Financial Services,MO,,0,0,MO195,Business First
250570,eavila,29368.66,180,Decline,Clear Creek Camping LLC-TX396,,TX,Abilene,2026-08-18,,,2022,RV,Used,,19.08,2.15,gott,,26,10.74,5000,5000,false,,,12.24,Core,Core,0.75,0,,0,39200,697,Source One Financial Services,TX, clay anderson,0,0,TX396,Core
250375,Jhill,50843.03,180,Auto Approval,CAMPERLAND OF OKLAHOMA - OK129,,OK,TULSA,2026-08-18,2026-08-18,,2026,RV,New,796,27.86,1.2,jweller,,298,7.49,0,2700,false,,,9.24,Core,Core,0.92,0,,0,55217,816,Source One Financial Services,AR, joe sexson,1,1,OK129,Core
250507,Jhill,65525,240,Booked,Boating Atlanta - GA133,,GA,Gainesville,2026-08-18,2026-08-26,2026-08-26,2024,Boat,Used,,16.5,2.52,jsmith,11498,11233,7.49,11255,11255,false,265,0,8.99,Core,Core,0.86,3931.5,6,0,76230,858,Source One Financial Services,SC, josh haynes,1,0,GA133,Core
250340,,211813.96,240,Auto Decline,La Mesa RV Center - Sanford - FL315,La Mesa,FL,Sanford,2026-08-18,,,2018,RV,Used,,63.95,33.57,pcarter,,0,10.99,30000,9851.49,false,,,12.49,Core,Core,1.05,0,,0,202125,707,Source One Financial Services,FL,,0,0,FL315,Core
250524,,36810.15,180,Auto Decline,NewCoast - Boatzon - FL356,Marine Max,FL,Oldsmar,2026-08-18,,,2018,Boat,Used,,31.34,4.36,S1House,,0,22.99,3890,3890,false,,,23.99,Bronze,Bronze,0.92,0,,0,40015,598,Source One Financial Services,FL,,0,0,FL356,Business First
250549,edominguez,22219.38,120,Booked,BOBBY COMBS RV LLC - AZ338,,AZ,YUMA,2026-08-18,2026-08-24,2026-08-25,2026,RV,New,,30.69,6.3,edominguez,9994,8188,12.49,1900,1900,false,1805,1,13.49,Silver 1,Silver 1,0.88,888.78,4,0,25212,665,Source One Financial Services,CA,,1,0,AZ338,Silver
250556,ccampos,43604.15,168,Auto Approval,General RV - Tampa - FL238,General RV,FL,Dover,2026-08-18,2026-08-18,,2015,RV,Used,,34.64,4.01,wstoutimore,,80,10.99,2000,2000,false,,,12.49,Core,Core,1.05,0,,0,41580,709,Source One Financial Services,FL, sofiane yahiaoui,1,1,FL238,Core
250564,,30213.29,216,Auto Decline,Blue Compass RV - Park City-KS117,Blue Compass,KS,Park City,2026-08-18,,,2027,RV,New,,98.44,13.4,jweller,,0,13.74,5000,5000,false,,,14.74,Silver 1,Silver 1,1,0,,0,30218,644,Source One Financial Services,KS,,0,0,KS117,Silver
250432,rsimmons,14113,144,Decline,Blue Compass RV - Gassville - AR137,Blue Compass,AR,Gassville,2026-08-18,,,2016,RV,Used,,42.35,3.37,jweller,,30,13.74,1569,1569,false,,,14.74,Silver 1,Silver 1,0.69,0,,0,20350,665,Source One Financial Services,AR, sheldon doty,0,0,AR137,Silver
250344,Jhill,77794.81,240,Auto Approval,Crestview RV 2 - Buda -TX180,Campers Inn,TX,Buda,2026-08-18,2026-08-18,,2026,RV,New,694,47.79,5.37,gott,,20,9.99,20000,18109.53,false,,,11.49,Core,Core,0.78,0,,0,99241,709,Source One Financial Services,TX, luckett lowry,1,1,TX180,Core
250361,hhisek,36493.3,180,Approved,Adventure Campers USA - MS116,,MS,Sherman,2026-08-18,2026-08-18,,2026,RV,New,674,38.07,2.91,jsmith,,6,9.99,3900,3900,false,,,11.49,Core,Core,1.05,0,,0,34875,701,Source One Financial Services,TX, josh brown,1,1,MS116,Core
250397,,49399,180,Auto Decline,"Vantage Recreational Finance, Inc. -FL291",VRF,FL,FORT LAUDERDALE,2026-08-18,,,2023,RV,Used,,15.35,2.78,S1House,,0,15.74,5400,5400,false,,,16.74,Silver 2,Silver 2,1.15,0,,0,43000,626,Source One Financial Services,AZ,,0,0,FL291,Silver
250270,sdelarosa,16833,144,Decline,MID-GA RV - GA151,,GA,Byron,2026-08-18,,,2019,RV,Used,650,20.36,0.7,jsmith,,20,10.99,3000,3000,false,,,12.49,Core,Core,1.21,0,,0,13950,707,Source One Financial Services,GA, mark mcdonald,0,0,GA151,Core
250274,avera,65367.9,240,Decline,"Vantage Recreational Finance, Inc. -FL291",VRF,FL,FORT LAUDERDALE,2026-08-18,,,2022,Boat,Used,,19.78,8.27,S1House,,9,10.24,7000,7000,false,,,11.74,Core,Core,1.01,0,,0,65000,732,Source One Financial Services,FL, sean mccomas,0,0,FL291,Core
250428,eavila,25089,144,Conditional Approval,MY RV SD - SCA112,,CA,EL CAJON,2026-08-18,2026-08-18,,2023,RV,Used,,16.43,5.8,jrubi,,39,12.99,3000,3000,false,,,12.99,Silver 1,Not Applicable,0.95,0,,0,26400,642,Connexus Credit Union,CA,,1,1,SCA112,Not Applicable
250553,mlomedico,41566.45,180,Decline,Blue Compass RV - Katy - TX571,Blue Compass,TX,Katy,2026-08-18,,,2027,RV,New,,6.93,6.46,gott,,39,9.74,4500,4500,false,,,11.24,Core,Core,0.9,0,,0,46407.75,733,Source One Financial Services,TX, adam barragan,0,0,TX571,Core
250511,,56666.52,240,Auto Decline,Campers Inn - Prescott Valley- AZ329,Campers Inn,AZ,PRESCOTT VALLEY,2026-08-18,,,2019,RV,Used,,0,0,edominguez,,0,22.99,6000,6000,false,,,23.99,Bronze,Bronze,0.75,0,,0,75240,,Source One Financial Services,HI,,0,0,AZ329,Business First
250345,ahunt,44802.55,240,Booked,Ashley Marine LLC - Stapleton - AL168,,AL,Stapleton,2026-08-18,2026-08-24,2026-08-24,2026,Boat,New,,26.84,3.72,jsmith,8851,8497,7.49,0,2697.85,false,353,1,8.99,Core,Core,1.31,2688.15,6,0,34327.48,839,Source One Financial Services,LA, joey hawkins,1,0,AL168,Core
250457,sbaker,29534.58,180,Decline,DADS CAMPER OUTLET - GULFPORT - MS100,,MS,GULFPORT,2026-08-18,,,2025,RV,New,755,55.67,3.44,jsmith,,9,9.49,0,0,false,,,10.99,Core,Core,0.84,0,,0,34975,752,Source One Financial Services,MS, ricky arnaud,0,0,MS100,Core
250382,ccampos,54948.55,204,Auto Approval,TAC RV - NC121,,NC,Moyock,2026-08-18,2026-08-18,,2026,RV,New,,35.76,5.35,jsmith,,59,7.49,4300,4300,false,,,8.99,Core,Core,1.3,0,,0,42383,818,Source One Financial Services,NC, dana overman,1,1,NC121,Core
250434,pmeza,15994,144,Auto Approval,BRETZ RV & MARINE - BILLINGS - MT115,Bretz RV,MT,Billings,2026-08-18,2026-08-18,,2027,RV,New,,19.6,2.34,dzilberchtein,,132,7.49,1000,1000,false,,,8.99,Core,Core,0.88,0,,0,18179,827,Source One Financial Services,MT, nikolaus hinebauch,1,1,MT115,Core
250409,ccampos,44571.09,180,Decline,Blue Compass RV - Jacksonville - FL336,Blue Compass,FL,Jacksonville,2026-08-18,,,2025,RV,Used,610,46.31,3.16,pcarter,,10,13.74,0,0,false,,,14.74,Silver 1,Silver 1,0.75,0,,0,59510,646,Source One Financial Services,VA, hannah self,0,0,FL336,Silver
250410,,34135.71,180,Auto Decline,OASIS RV - IL256,,IL,MARION,2026-08-18,,,2024,RV,New,622,49.25,6.56,gcoulombe,,0,22.99,0,3400,false,,,23.99,Bronze,Bronze,0.89,0,,0,38190,539,Source One Financial Services,IN,,0,0,IL256,Business First
250287,jharrington1,149797.53,216,Decline,CAMPERS INN RV OF JACKSONVILLE NORTH - FL159,Campers Inn,FL,JACKSONVILLE,2026-08-18,2026-08-18,,2020,RV,Used,,38.2,6.81,pcarter,,311,10.49,30000,77000,false,,,11.99,Core,Core,0.59,0,,0,255650,684,Source One Financial Services,GA, jeff crane,0,0,FL159,Core
250543,mlomedico,120690.23,144,Conditional Approval,Fun Town RV Tyler-TX387,Fun Town,TX,Mineola,2026-08-18,2026-08-19,,2025,RV,New,,45.68,11.53,gott,,1080,11.25,0,23289.33,false,,,11.5,Core,Not Applicable,0.97,0,,0,124011,688,Ideal Credit Union,TX, travon reveile,1,1,TX387,Not Applicable
250316,rsimmons,43113.23,180,Conditional Approval,Budget RVs of Texas -TX109,,TX,Royse City,2026-08-18,2026-08-18,,2019,RV,Used,876,21.81,3.43,gott,,79,7.99,5000,5000,false,,,8.99,Core,Not Applicable,0.79,0,,0,54692,857,Connexus Credit Union,FL, benny nordin,1,1,TX109,Not Applicable
250568,hhisek,99994.4,240,Decline,Blue Compass RV - Anderson - Sales - NCA144,Blue Compass,CA,Anderson,2026-08-18,,,2026,RV,New,,18.42,18.26,jrubi,,1131,7.49,1630,28630,false,,,8.99,Core,Core,0.73,0,,0,136640,807,Source One Financial Services,CA, april myers,0,0,NCA144,Core
250451,hhisek,52689,204,Conditional Approval,Blue Compass RV - Knoxville - TN159,Blue Compass,TN,Louisville,2026-08-18,2026-08-18,,2026,RV,New,,39.9,9.71,jsmith,,7,9.74,29000,29000,false,,,11.24,Core,Core,0.49,0,,0,106915,722,Source One Financial Services,NH, joseph ward,1,1,TN159,Core
250425,jharrington1,36066.17,180,Approved,Homestead RV Center - OH211,Canopy Financial,OH,Girard,2026-08-18,2026-08-18,,2026,RV,New,,33.06,7.66,jharrington1,,25,10.99,0,5695.06,false,,,12.49,Core,Core,0.98,0,,0,36854,706,Source One Financial Services,OH, mac mclelland,1,1,OH211,Core
250436,Jhill,44061.98,240,Auto Approval,RGV RV SALES - TX569,,TX,Mission,2026-08-18,2026-08-18,,2027,RV,New,,21.46,4.34,gott,,32,8.74,4450,4450,false,,,10.24,Core,Core,1.05,0,,0,42133,773,Source One Financial Services,AZ, aldo camarillo,1,1,TX569,Core
250294,Jhill,70634.07,240,Booked,RV STATION-WACO TX402,,TX,LORENA,2026-08-18,2026-08-26,2026-08-26,2026,RV,New,714,41.61,3.52,gott,11837,11747,9.74,10000,10000,false,81,9,7.39,Core,Core,1.18,706.34,1,0,60085,740,Source One Financial Services,TX, chuck keller,1,0,TX402,Core
250577,hhisek,72789.33,204,Verifications Incomplete,Blue Compass RV - Nashville - TN158,Blue Compass,TN,Lebanon,2026-08-18,2026-08-26,,2012,RV,Used,,38.43,6.67,jsmith,,11023,14.24,5000,17000,false,,1,15.24,Silver 1,Silver 1,0.57,0,,0,128600,674,Source One Financial Services,TN, karrie haynes,1,1,TN158,Silver
250439,sdelarosa,25805.84,180,Auto Decline,FACTORY DIRECT RV and MARINE - GA142,,GA,AMERICUS,2026-08-18,,,2027,RV,New,,38.82,8.67,jsmith,,82,14.99,2500,2500,false,,,15.99,Silver 2,Not Applicable,1.07,0,,0,24022,623,Ideal Credit Union,IN, gina harris,0,0,GA142,Not Applicable
250512,mlomedico,125218.05,240,Cancelled,Blue Compass RV - St. Augustine - FL339,Blue Compass,FL,ST. AUGUSTINE,2026-08-18,,,2026,RV,Used,,0,0,pcarter,,,22.99,30000,46000,false,,,23.99,Bronze,Bronze,0.98,0,,0,128315,,Source One Financial Services,NH, matthew braziel,0,0,FL339,Business First
250305,,60975.98,180,Auto Decline,Fun Town RV Orange LP - TX468,Fun Town,TX,Orange,2026-08-18,,,2026,RV,New,,17.77,4.85,gott,,0,14.99,0,0,false,,,15.99,Silver 2,Silver 2,1.1,0,,0,55647,638,Source One Financial Services,LA,,0,0,TX468,Silver
250284,sbaker,74150,204,Conditional Approval,Blue Compass RV - Spartanburg - SC144,Blue Compass,SC,Duncan,2026-08-18,2026-08-18,,2022,RV,Used,736,42.34,8.64,jsmith,,19,9.24,15000,15100,false,,,10.74,Core,Core,1.06,0,,0,69731,776,Source One Financial Services,SC, john balma,1,1,SC144,Core
250358,hhisek,14747.38,120,Decline,Bish's RV of Birmingham - AL172,Bish's RV,AL,calera,2026-08-18,,,2026,RV,New,,25.56,4.31,jsmith,,21,13.74,3000,3000,false,,,14.74,Silver 1,Not Applicable,0.98,0,,0,15035,652,Connexus Credit Union,AL, chad knight,0,0,AL172,Not Applicable
250537,mlomedico,96858.61,180,Decline,General RV - Fort Pierce - FL235,General RV,FL,Fort Pierce,2026-08-18,,,2026,RV,New,,0,0,pcarter,,13,22.99,10000,10000,true,,,24.99,Business First,Business First,1.09,0,,0,89174,,Source One Financial Services,FL, conner horton,0,0,FL235,Business First
250528,Jhill,58145.95,180,Decline,RV Station LTD - Donna -TX289,,TX,Donna,2026-08-18,,,2026,RV,New,,39.73,3.63,gott,,10,9.99,6000,6000,false,,,11.49,Core,Core,0.89,0,,0,65490,701,Source One Financial Services,TX, sonia leal,0,0,TX289,Core
250365,,34585.85,180,Auto Decline,"PANAMA CITY CYCLES, INC. - FL290",,FL,Panama City,2026-08-18,,,2026,Boat,New,,55.37,12.77,wstoutimore,,0,14.99,0,0,false,,,15.99,Silver 2,Silver 2,2.31,0,,0,14948.25,623,Source One Financial Services,FL,,0,0,FL290,Silver
250362,ahunt,55114.52,180,Auto Approval,Gulf Coast Marine -TX266,,TX,Corpus Christi,2026-08-18,2026-08-18,,2025,Boat,New,,37.47,2.37,gott,,22,7.49,14000,14000,false,,,8.99,Core,Core,0.92,0,,0,59832.2,832,Source One Financial Services,TX, melisa dlabaja,1,1,TX266,Core
250431,rsimmons,26442.5,204,Auto Approval,"RV COUNTRY ARIZONA, LLC - FLAGSTAFF -AZ332",RV Country,AZ,FLAGSTAFF,2026-08-18,2026-08-18,,2021,RV,Used,,38.99,3.24,edominguez,,65,10.24,2500,2500,false,,,10.24,Core,Core,1.13,0,,0,23500,737,Source One Financial Services,AZ, derek burdine,1,1,AZ332,Core
250522,thovey,90094,204,Auto Approval,Grandpas Marine - ENC108,EPIC,NC,Greensboro,2026-08-18,2026-08-18,,2021,Boat,Used,,33.91,6.07,S1House,,40,9.99,20000,20000,false,,,11.49,Core,Core,0.74,0,,0,122056,712,Source One Financial Services,NC, brett light,1,1,ENC108,Core
250551,thovey,23338,144,Auto Approval,WAGNERS OUTDOOR EXPRESS RV LLC - WV103,Easy Care,WV,FALLING WATERS,2026-08-18,2026-08-18,,2025,RV,New,768,18.45,1.56,jharrington1,,22,7.49,500,500,false,,,8.99,Core,Core,0.61,0,,0,38327,814,Source One Financial Services,WV, bradley taylor,1,1,WV103,Core
250424,rsimmons,64398.04,240,Decline,Texas Marine Conroe - TX355,OneWater,TX,Conroe,2026-08-18,,,2025,Boat,New,,15.58,6.57,gott,,12,9.99,7200,7200,false,,,11.49,Core,Core,1.13,0,,0,56868,705,Source One Financial Services,TX, jason collier,0,0,TX355,Core
250281,Jhill,18431.65,120,Conditional Approval,Optimum RV - Bonne Terre - MO215,Optimum RV,MO,Bonne Terre,2026-08-18,2026-08-18,,2025,RV,New,,23.79,4.11,jweller,,40,12.49,1800,1800,false,,,12.49,Silver 1,Not Applicable,0.85,0,,0,21781,653,Connexus Credit Union,MO, justin biancardi,1,1,MO215,Not Applicable
250502,,48908.87,180,Auto Decline,Gil Cherry Family RV Center LLC -TX130,,TX,Sweetwater,2026-08-18,,,2016,RV,Used,,51.49,13.11,gott,,0,13.74,6000,6000,false,,,14.74,Silver 1,Silver 1,0.94,0,,0,51950,666,Source One Financial Services,TX,,0,0,TX130,Silver
250363,,27206.18,180,Cancelled,B and L RV - NCA119,,CA,SACRAMENTO,2026-08-18,,,2018,RV,Used,,0,0,jrubi,,,22.99,3000,3000,false,,,23.99,Bronze,Bronze,0.82,0,,0,33110,,Source One Financial Services,CA, wahhaj khan,0,0,NCA119,Business First
250498,,27627,180,Auto Decline,Blue Compass RV - Oklahoma City - OK158,Blue Compass,OK,Norman,2026-08-18,,,2025,RV,Used,,28.18,8.87,jweller,,0,14.99,1000,1000,false,,,15.99,Silver 2,Silver 2,1.32,0,,0,20900,624,Source One Financial Services,OK,,0,0,OK158,Silver
250464,hhisek,111892.92,240,Booked,BLUE COMPASS RV - CORPUS CHRISTI - TX459,Blue Compass,TX,CORPUS CHRISTI,2026-08-18,2026-08-21,2026-08-27,2026,RV,New,654,29.83,7.28,gott,13163,4514,9.74,8000,11955,false,8614,35,11.24,Core,Core,1.58,6713.58,6,0,70719,736,Source One Financial Services,TX, elisa escamilla,1,0,TX459,Core
250323,ahunt,27732.75,180,Booked,I-70 RV CENTER - MO200,,MO,WILLIAMSBURG,2026-08-18,2026-08-21,2026-08-26,2025,RV,New,,14.98,3.56,jweller,11825,5064,7.49,3000,3000,false,6760,1,8.99,Core,Core,1.02,1663.96,6,0,27195,843,Source One Financial Services,MO, gina meyer,1,0,MO200,Core
250291,sbaker,45319.8,180,Auto Approval,Niemeyers-North -MN338,,MN,Albertville,2026-08-18,2026-08-26,,2026,RV,New,868,47.09,7.58,dzilberchtein,,11894,7.49,8700,-4726.95,false,,,8.99,Core,Core,1.28,0,,0,35380,877,Source One Financial Services,MN, calvin richards,1,1,MN338,Core
250296,Jhill,87709.56,240,Decline,PPL MOTORHOMES - CLEBURNE - TX440,,TX,CLEBURNE,2026-08-18,,,2023,RV,Used,750,19.61,4.03,gott,,140,8.49,8000,8000.14,false,,,9.99,Core,Core,0.89,0,,0,98450,784,Source One Financial Services,TX, bryce mcmakin,0,0,TX440,Core
250471,Jhill,38122.75,180,Auto Approval,Casita Travel Trailers - TX563,RDS,TX,Rice,2026-08-18,2026-08-18,,2026,RV,New,,23.08,7.26,gott,,14,7.99,2000,2000,false,,,9.49,Core,Core,1.08,0,,0,35357,799,Source One Financial Services,OK, andy krier,1,1,TX563,Core
250343,pmeza,125402.36,240,Auto Approval,Minneapolis Trailer Sales - MN824,,MN,Rogers,2026-08-18,2026-08-18,,2027,RV,New,808,28.19,5.8,dzilberchtein,,33,8.49,21575,21575,false,,,9.24,Core,Core,1.25,0,,0,100325,848,Source One Financial Services,MN, ricky carlson,1,1,MN824,Core
250438,Jhill,44700.47,180,Booked,Ashley Marine - Salem - AL157,,AL,Salem,2026-08-18,2026-08-21,2026-08-21,2027,Boat,New,,44.76,4.07,jsmith,4334,4223,7.49,500,800,false,111,0,6.99,Core,Core,1.25,447,1,0,35684.94,844,Source One Financial Services,AL, shirley ashley,1,0,AL157,Core
250433,jharrington1,105348,240,Conditional Approval,Meyer's RV Sales - Ellwood City - PA147,,PA,Ellwood City,2026-08-18,2026-08-18,,2026,RV,New,802,34.97,13.1,jharrington1,,168,7.74,11000,11000,false,,,8.74,Core,Not Applicable,0.86,0,,0,122770,804,Connexus Credit Union,PA, scott nail,1,1,PA147,Not Applicable
250386,mlomedico,15350.91,120,Decline,ROTH RV - BEMIDJI - MN168,,MN,BEMIDJI,2026-08-18,,,2021,RV,Used,,20.2,5.32,dzilberchtein,,3,15.74,1000,1000,false,,,16.74,Silver 1,Silver 1,1.23,0,,0,12500,640,Source One Financial Services,MN, tracy perpich,0,0,MN168,Silver
250426,avera,123712.8,240,Auto Approval,Blue Compass RV - St. Augustine - FL339,Blue Compass,FL,ST. AUGUSTINE,2026-08-18,2026-08-22,,2026,RV,Used,,43.14,14.05,pcarter,,5718,9.74,42500,42500,false,,,10.74,Core,Core,0.82,0,,0,150700,700,Source One Financial Services,NH, matthew braziel,1,1,FL339,Core
250421,thovey,106571.58,240,Decline,Optimum RV - Bonne Terre - MO215,Optimum RV,MO,Bonne Terre,2026-08-18,,,2026,RV,New,693,14.91,9.64,jweller,,9948,9.99,5000,16000,false,,,11.49,Core,Core,1.09,0,,0,98000,701,Source One Financial Services,IL, justin biancardi,0,0,MO215,Core
250371,mlomedico,103497.25,240,Decline,Intercoastal Financial Group LLC - 17401746,IFG,FL,Vero Beach,2026-08-18,,,2021,Boat,Used,715,28.95,5.83,S1House,,23,10.24,26000,26000,false,,,11.49,Core,Core,1.03,0,,0,100125,724,Source One Financial Services,FL, joe burton,0,0,17401746,Core
250335,hhisek,23764.59,120,Decline,Blue Compass RV - South Beumont - TX551,Blue Compass,TX,Vidor,2026-08-18,,,2027,RV,New,,11.96,2.98,gott,,47,13.74,2300,2300,false,,,14.74,Silver 1,Not Applicable,0.97,0,,0,24603,644,Connexus Credit Union,LA, brett massey,0,0,TX551,Not Applicable
250538,eavila,15244,120,Auto Decline,GARLANDS RV OF TENNESSEE - TN122,,TN,SPRINGVILLE,2026-08-18,,,2026,RV,Used,,9.42,9.42,jsmith,,8,22.99,3000,3000,false,,,23.99,Bronze,Bronze,1.25,0,,0,12150,,Source One Financial Services,TN, pat hayes,0,0,TN122,Business First
250312,hhisek,25524.65,180,Decline,SMITH MOTOR CO OF HATTIESBURG INC - MS107,,MS,HATTIESBURG,2026-08-18,,,2027,Boat,New,,48.58,2.89,jsmith,,13042,10.24,48000,48000,false,,,11.74,Core,Core,0.39,0,,0,65530,697,Source One Financial Services,TN, elizabeth aycox,0,0,MS107,Core
250523,,14521.22,144,Auto Decline,Blue Compass RV - Palm Desert - SCA166,Blue Compass,CA,Palm Desert,2026-08-18,,,2014,RV,Used,,38.46,2.87,jrubi,,0,22.99,2000,2000,false,,,23.99,Bronze,Bronze,1.43,0,,0,10150,591,Source One Financial Services,CA,,0,0,SCA166,Business First
250276,avera,33877,180,Booked,"Vantage Recreational Finance, Inc. -FL291",VRF,FL,FORT LAUDERDALE,2026-08-18,2026-08-18,2026-08-19,2026,Boat,New,786,35.79,2.03,S1House,1743,367,7.99,0,0,false,1360,16,9.49,Core,Core,1.43,2032.62,6,0,23720,800,Source One Financial Services,TX, sean fitzpatrick,1,0,FL291,Core
250510,hhisek,35847,180,Approved,"Holman Motors, Inc. -OH111",,OH,Batavia,2026-08-18,2026-08-18,,2026,RV,New,674,38.03,3.15,jharrington1,,39,12.49,3900,3900,false,,,13.49,Core,Core,1.04,0,,0,34383,701,Source One Financial Services,TX,,1,1,OH111,Core
250422,mlomedico,21940.87,216,Decline,Robert Crist and Company RV -AZ219,,AZ,Mesa,2026-08-18,,,2026,RV,New,,13.1,3.72,edominguez,,13,9.74,2200,2200,false,,,11.24,Core,Core,1.08,0,,0,20240,732,Source One Financial Services,AZ, steve skadra,0,0,AZ219,Core
250578,avera,119431.54,240,Auto Approval,General RV - Tampa - FL238,General RV,FL,Dover,2026-08-18,2026-08-20,,2026,RV,New,683,35.93,7.1,wstoutimore,,2262,7.49,45100,50050.8,false,,,8.99,Core,Core,1.25,0,,0,95640,802,Source One Financial Services,FL, sofiane yahiaoui,1,1,FL238,Core
250293,jharrington1,105183.35,240,Decline,TOP NOTCH MARINE - FL183,,FL,Melboure,2026-08-18,,,2026,Boat,New,,54.89,6.44,pcarter,,10,9.99,4000,8500,false,,,11.49,Core,Core,1.17,0,,0,89962,715,Source One Financial Services,FL, greg silvers,0,0,FL183,Core
250494,,26713.8,180,Auto Decline,WALNUT RIDGE FAMILY RV SALES- Memphis-IN207,,IN,MEMPHIS,2026-08-18,,,2026,RV,New,,11.55,11.55,jharrington1,,0,22.99,3000,3000,false,,,23.99,Bronze,Bronze,0.91,0,,0,29436,,Source One Financial Services,IN,,0,0,IN207,Business First
250282,,13686.55,180,Auto Decline,BLUE COMPASS RV INDIANAPOLIS-IN206,Blue Compass,IN,INDIANAPOLIS,2026-08-18,,,2024,RV,Used,,18.5,4.57,jharrington1,,0,22.99,3000,3000,false,,,23.99,Bronze,Bronze,0.83,0,,0,16555,612,Source One Financial Services,IN,,0,0,IN206,Business First
250580,thovey,16050.95,120,Auto Decline,Beaver Marine - WI740,,WI,Waupaca,2026-08-18,,,2019,Boat,Used,664,38.82,2.76,dzilberchtein,,1238,22.99,3000,3000,false,,,23.99,Bronze,Bronze,0.94,0,,0,17000,522,Source One Financial Services,IL, michael amos,0,0,WI740,Business First
250309,thovey,17026.05,144,Approved,Imperial RV Center - IA128,,IA,Ankeny,2026-08-18,2026-08-18,,2018,RV,Used,,24.28,2.57,gcoulombe,,21,14.99,2000,2000,false,,,15.99,Silver 1,Silver 1,0.93,0,,0,18250,656,Source One Financial Services,NE, william thomas,1,1,IA128,Silver
250496,hhisek,49175.29,180,Booked,CRESTVIEW RV SUPERSTORE - SELMA - TX484,Campers Inn,TX,SELMA,2026-08-18,2026-08-26,2026-08-26,2019,RV,Used,,14.74,7.25,gott,11430,11197,10.74,4000,4000,false,233,0,12.24,Core,Core,0.84,2950.52,6,0,58600,734,Source One Financial Services,TX, rob galvan,1,0,TX484,Core
250462,,36165,240,Auto Decline,Phil Dill Boats -TX104,OneWater,TX,Lewisville,2026-08-18,,,2014,Boat,Used,,54.9,2.37,gott,,0,22.99,8000,8000,false,,,23.99,Bronze,Bronze,0.95,0,,0,38105,619,Source One Financial Services,TX,,0,0,TX104,Business First
250441,mnava,83442.59,240,Booked,Blue Compass RV - Colorado Springs - CO160,Blue Compass,CO,COLORADO SPRINGS,2026-08-18,2026-08-24,2026-08-26,2024,RV,Used,,23.95,9.77,dzilberchtein,11481,8754,11.99,0,10000,false,2727,0,12.99,Silver 1,Silver 1,1.11,3337.7,4,0,75250,675,Source One Financial Services,MO, brandan montera,1,0,CO160,Silver
250480,hhisek,46168.51,180,Decline,FUN TOWN RV CORSICANA LP- TX451,Fun Town,TX,CORSICANA,2026-08-18,,,2025,RV,New,,18.28,2.89,gott,,18,12.49,4500,4500,false,,,13.49,Silver 1,Silver 1,0.87,0,,0,52785,678,Source One Financial Services,LA, brenden boggs,0,0,TX451,Silver
250548,ccampos,46832.61,180,Auto Approval,CRESTVIEW RV SUPERSTORE - SELMA - TX484,Campers Inn,TX,SELMA,2026-08-18,2026-08-20,,2026,RV,New,,46.44,12.72,gott,,2398,10.49,2500,2500,false,,,10.99,Core,Core,0.98,0,,0,47930,752,Source One Financial Services,TX, rob galvan,1,1,TX484,Core
250486,Jhill,40383.07,180,Conditional Approval,Ron Hoover - Amarillo - TX513,Ron Hoover,TX,Amarillo,2026-08-18,2026-08-18,,2022,RV,Used,,32.09,3.79,gott,,56,9.99,4000,7854.1,false,,,11.49,Core,Core,1.01,0,,0,39850,753,Source One Financial Services,MO, travis newsom,1,1,TX513,Core
250286,,53231,180,Auto Decline,Intercoastal Financial Group LLC - 17401746,IFG,FL,Vero Beach,2026-08-18,,,2016,Boat,Used,,45.61,21.68,S1House,,0,10.99,12000,12000,false,,,12.24,Core,Core,1.06,0,,0,50000,710,Source One Financial Services,ID,,0,0,17401746,Core
250435,eavila,52201.52,180,Booked,Fun Town RV - Little Rock - AR126,Fun Town,AR,Bryant,2026-08-18,2026-08-27,2026-08-27,2026,RV,New,684,45.02,5.16,jweller,13176,13136,9.74,10000,10000,false,35,5,11.24,Core,Core,0.77,3132.09,6,0,67400,700,Source One Financial Services,AR, wade meeks,1,0,AR126,Core
250290,sdelarosa,50083.35,180,Conditional Approval,General RV - Jacksonville - FL236,General RV,FL,Orange Park,2026-08-18,2026-08-18,,2025,RV,Used,,40.06,8.88,pcarter,,50,9.24,5000,5000,false,,,9.74,Core,Not Applicable,0.88,0,,0,56650,709,Connexus Credit Union,FL, greg tanner,1,1,FL236,Not Applicable
250331,sdelarosa,21347.26,180,Approved,PKB RVs- WV108,Canopy Financial,WV,Parkersburg,2026-08-18,2026-08-18,,2020,RV,Used,,20.04,7.55,jharrington1,,24,13.24,2200,2200,false,,,14.24,Silver 1,Silver 1,0.95,0,,0,22550,666,Source One Financial Services,OH, matt kurtz,1,1,WV108,Silver
250325,mlomedico,36994,180,Booked,"Vantage Recreational Finance, Inc. -FL291",VRF,FL,FORT LAUDERDALE,2026-08-18,2026-08-20,2026-08-25,2021,RV,Used,,31.33,4.97,S1House,10515,2718,14.49,5000,5000,false,7243,554,15.49,Silver 1,Silver 1,0.94,1479.76,4,0,39400,642,Source One Financial Services,NH, jenica carpentier,1,0,FL291,Silver
250350,thovey,44254.43,180,Decline,Optimum RV - Bonne Terre - MO215,Optimum RV,MO,Bonne Terre,2026-08-18,,,2026,RV,New,569,28.7,2.94,jweller,,8,9.99,40250,40250,false,,,11.49,Core,Core,0.69,0,,0,64032,703,Source One Financial Services,IL, joshua brewer,0,0,MO215,Core
250373,,58474,180,Auto Decline,"Vantage Recreational Finance, Inc. -FL291",VRF,FL,FORT LAUDERDALE,2026-08-18,,,2015,RV,Used,,43.03,23.35,S1House,,0,10.99,6500,6500,false,,,12.49,Core,Core,0.94,0,,0,62200,708,Source One Financial Services,TX,,0,0,FL291,Core
250301,,61860.58,240,Auto Decline,JEFF COUCHS CAMPERS -OH107,Jeff Couchs,OH,Trenton,2026-08-18,,,2027,RV,New,,62.83,14.02,jharrington1,,0,12.49,6420,6420,false,,,13.49,Silver 1,Silver 1,0.87,0,,0,70934,677,Source One Financial Services,MD,,0,0,OH107,Silver
250541,,45689.66,180,Auto Decline,Fun Town RV - Kansas City - MO231,Fun Town,MO,Buckner,2026-08-18,,,2026,RV,New,550,28.21,5.55,jweller,,0,22.99,3000,3000,false,,,23.99,Bronze,Bronze,1.05,0,,0,43538,616,Source One Financial Services,AR,,0,0,MO231,Business First
250423,jharrington1,40618,180,Decline,"Midwest RV and Vans, Inc. -IN137",Canopy Financial,IN,Terre Haute,2026-08-18,,,2026,RV,New,,27.73,17.67,jharrington1,,10,12.49,4200,4200,false,,,13.49,Silver 1,Silver 1,0.81,0,,0,50139,667,Source One Financial Services,IN, mac mclelland,0,0,IN137,Silver
250311,mlomedico,36416,144,Conditional Approval,McDowell South Inc - MO203,,MO,Jackson,2026-08-18,2026-08-18,,2025,RV,Used,,38.15,6.33,jweller,,158,11.49,4000,4000,false,,,11.74,Silver 1,Not Applicable,0.99,0,,0,36600,675,Connexus Credit Union,MO, alan sellers,1,1,MO203,Not Applicable
250355,,44383.07,180,Auto Decline,"Hemlock Hill RV Sales, Inc-CT107",,CT,Southington,2026-08-18,,,2026,RV,New,684,30.15,3,gcoulombe,,0,22.99,2000,6550,false,,,23.99,Bronze,Bronze,0.99,0,,0,44810,611,Source One Financial Services,CT,,0,0,CT107,Business First
250388,ccampos,14717.05,120,Auto Approval,RV Station LTD - Bryan/College Station -TX193,,TX,College Station,2026-08-18,2026-08-18,,2016,RV,Used,,8.2,2.25,gott,,64,8.24,4000,4000,false,,,9.74,Core,Core,1.17,0,,0,12600,864,Source One Financial Services,TX, curtis hunsinger,1,1,TX193,Core
250319,sdelarosa,115579,240,Auto Approval,Blue Compass RV - Columbia NE - SC149,Blue Compass,SC,Mcbee,2026-08-18,2026-08-18,,2026,RV,New,,23.78,8.55,jsmith,,85,9.49,20000,36211,false,,,10.99,Core,Core,1.16,0,,0,99690,750,Source One Financial Services,SC, josh ball,1,1,SC149,Core
250508,mlomedico,24935,180,Decline,BEAUMONT RV - SCA108,,CA,BEAUMONT,2026-08-18,2026-08-18,,2021,RV,Used,,38.16,2.25,jrubi,,1206,13.24,2500,2500,false,,,14.24,Silver 1,Silver 1,0.92,0,,0,27000,666,Source One Financial Services,CA,,0,0,SCA108,Silver
250399,mlomedico,45063,240,Auto Approval,Team Winnebagoland LCC - WI742,,WI,Sheboygan,2026-08-18,2026-08-18,,2026,Boat,New,836,20.37,2.64,dzilberchtein,,20,7.49,15000,15000,false,,,8.99,Core,Core,1.29,0,,0,34835,850,Source One Financial Services,WI,,1,1,WI742,Core
250479,hhisek,71185.03,240,Conditional Approval,Princess Craft RV -TX191,,TX,Round Rock,2026-08-18,2026-08-18,,2027,RV,New,698,40.89,2.65,gott,,15,9.74,3500,3500,false,,,11.24,Core,Core,1.17,0,,0,60714,739,Source One Financial Services,TX, lane lambright-reed,1,1,TX191,Core
250561,mlomedico,20576.1,180,Decline,"Vantage Recreational Finance, Inc. -FL291",VRF,FL,FORT LAUDERDALE,2026-08-18,,,2021,Boat,Used,613,51.19,1.17,S1House,,23,10.74,2000,2000,false,,,12.24,Core,Core,0.94,0,,0,21921,695,Source One Financial Services,FL, brian decastro,0,0,FL291,Core
250569,,19255,180,Auto Decline,Blue Compass RV - Springfield - MO229,Blue Compass,MO,Strafford,2026-08-18,,,2020,RV,Used,,46.55,7.99,jweller,,0,22.99,2000,2000,false,,,23.99,Bronze,Bronze,1.08,0,,0,17900,608,Source One Financial Services,MO,,0,0,MO229,Business First
250532,,23920.6,180,Auto Decline,Foothills Marine of Lake Norman- NC144,,NC,Mooresville,2026-08-18,,,2026,Boat,New,,48.88,6.64,jsmith,,0,22.99,2500,2500,false,,,23.99,Bronze,Bronze,1.08,0,,0,22050,608,Source One Financial Services,NC,,0,0,NC144,Business First
250455,eavila,12649,120,Booked,"Kris Willis RV, LLC -MO127",,MO,Dexter,2026-08-18,2026-08-19,2026-08-19,2021,RV,Used,,20.1,4.29,jweller,1467,1142,9.24,1600,1600,false,36,289,10.74,Core,Core,1.17,758.94,6,0,10850,769,Source One Financial Services,MO, mikayla hall,1,0,MO127,Core
250572,,63965.25,180,Auto Decline,Fun Town RV - Little Rock - AR126,Fun Town,AR,Bryant,2026-08-18,,,2026,RV,New,,55.41,28.55,jweller,,0,22.99,3800,3800,false,,,23.99,Bronze,Bronze,0.9,0,,0,70710,593,Source One Financial Services,AR,,0,0,AR126,Business First
250411,ccampos,190749,240,Decline,Woodland Airstream of Kentucky - KY151,,KY,Georgetown,2026-08-18,,,2027,RV,New,,34.49,19.26,jharrington1,,32,10.24,30000,30000,false,,,11.74,Core,Core,0.97,0,,0,195700,697,Source One Financial Services,KY,,0,0,KY151,Core
250453,mlomedico,41675.14,240,Booked,Webb's RV Center - ME100,,ME,Bangor,2026-08-18,2026-08-25,2026-08-25,2025,RV,New,,24.93,11.1,gcoulombe,10332,10303,9.99,6200,6200,false,29,0,11.49,Core,Core,0.72,2500.51,6,0,57853,704,Source One Financial Services,ME, haley romano,1,0,ME100,Core
250461,hhisek,42185.43,120,Auto Approval,Gil Cherry Family RV Center LLC -TX130,,TX,Sweetwater,2026-08-18,2026-08-19,,2025,RV,New,,43.91,9.53,gott,,1112,9.99,5000,5000,false,,,11.49,Core,Core,0.94,0,,0,44848,716,Source One Financial Services,TX, brad walker,1,1,TX130,Core
250327,hhisek,46182.58,204,Approved,Blue Compass RV - Knoxville - TN159,Blue Compass,TN,Louisville,2026-08-18,2026-08-18,,2019,RV,Used,,35.74,6.69,jsmith,,18,11.24,1500,6500,false,,,12.74,Core,Core,1.08,0,,0,42800,686,Source One Financial Services,TN, joseph ward,1,1,TN159,Core
250396,eavila,32456.52,180,Conditional Approval,Rock Solid Funding LLC - TX536,RSF,TX,BEDFORD,2026-08-18,2026-08-18,,2026,RV,New,,34.42,5.34,S1House,,20,7.49,1200,1200,false,,,8.99,Core,Core,1.3,0,,0,24988,820,Source One Financial Services,MN, ashley rogers,1,1,TX536,Core
250379,,19773,180,Auto Decline,"Vantage Recreational Finance, Inc. -FL291",VRF,FL,FORT LAUDERDALE,2026-08-18,,,2023,RV,Used,,22.32,9.82,S1House,,0,22.99,0,0,false,,,23.99,Bronze,Bronze,0.88,0,,0,22570,,Source One Financial Services,MI,,0,0,FL291,Business First
250332,jharrington1,9019.23,84,Auto Decline,Starr's Trailer Sales - PA141,,PA,Brockway,2026-08-18,,,2018,RV,Used,,0,0,jharrington1,,43,22.99,0,0,false,,,23.99,Bronze,Bronze,0.85,0,,,10600,,Source One Financial Services,PA,,0,0,PA141,Business First
250545,mlomedico,15033.79,120,Booked,CRESTVIEW RV SUPERSTORE - SELMA - TX484,Campers Inn,TX,SELMA,2026-08-18,2026-08-25,2026-08-25,2025,RV,Used,,38.33,4.7,gott,9881,9747,12.24,1850,1850,false,133,1,13.74,Core,Core,1.3,902.03,6,0,11600,680,Source One Financial Services,TX, rob galvan,1,0,TX484,Core
250273,sbaker,39513.46,180,Auto Approval,CRABTREE RV CENTER INC - AR101,,AR,ALMA,2026-08-18,2026-08-24,,2026,RV,New,663,33.48,6.5,jweller,,9258,12.49,3900,3900,false,,,13.49,Silver 1,Silver 1,1.09,0,,0,36363,668,Source One Financial Services,OK, taylor joyce,1,1,AR101,Silver
250579,Jhill,39851.77,144,Auto Approval,General RV Center - Mesa - AZ357,General RV,AZ,Mesa,2026-08-18,2026-08-19,,2026,RV,Used,,32.68,6.04,edominguez,,1074,11.74,9200,9200,false,,,11.74,Silver 1,Not Applicable,1,0,,0,39950,675,Connexus Credit Union,AZ, gary watts,1,1,AZ357,Not Applicable
250374,hhisek,39739.33,180,Approved,Casita Travel Trailers - TX563,RDS,TX,Rice,2026-08-18,2026-08-18,,2026,RV,New,731,29.93,8.87,gott,,9,8.74,2000,2000,false,,,10.24,Core,Core,1.14,0,,0,34999,763,Source One Financial Services,LA, andy krier,1,1,TX563,Core
250483,,19971.51,180,Auto Decline,BLUE COMPASS RV  DES MOINES-IA222,Blue Compass,IA,ALTOONA,2026-08-18,,,2022,RV,Used,,36.97,0,gcoulombe,,0,15.74,2000,2000,false,,,16.74,Silver 2,Silver 2,0.96,0,,0,20850,626,Source One Financial Services,CO,,0,0,IA222,Silver
250378,pmeza,91203.85,204,Auto Approval,"Water World Marine Services, Inc. - ENC121",EPIC,NC,Durham,2026-08-18,2026-08-18,,2027,Boat,New,657,29.29,2.77,S1House,,230,7.49,9000,9000,false,,,8.99,Core,Core,1.06,0,,0,86200,826,Source One Financial Services,NC, sierra whitmire,1,1,ENC121,Core
250440,mlomedico,171384.9,240,Decline,Intercoastal Financial Group LLC - 17401746,IFG,FL,Vero Beach,2026-08-18,,,2020,Boat,Used,,37.49,10.41,S1House,,2818,10.49,27000,27000,false,,,11.74,Core,Not Applicable,1,0,,0,171104,715,Ideal Credit Union,FL, julie gaines,0,0,17401746,Not Applicable
250555,mlomedico,39111.41,204,Booked,Hanner RV Supercenter -TX165,,TX,Baird,2026-08-18,2026-08-21,2026-08-21,2026,RV,New,681,23.21,3.27,gott,4284,4261,9.99,300,3300,false,19,4,9.99,Core,Core,1,0,0,0,38935,710,Source One Financial Services,TX, lance finley,1,0,TX165,Core
250292,ccampos,28731.96,180,Decline,Texas Trader RV - TX267,Ron Hoover,TX,La Feria,2026-08-18,,,2025,RV,New,,17.23,3.33,gott,,30,13.74,3000,3000,false,,,14.74,Silver 1,Not Applicable,0.92,0,,0,31295,657,Connexus Credit Union,TX, aaron aboytes,0,0,TX267,Not Applicable
250442,sbaker,24408.33,180,Auto Approval,PELICAN MARINE CENTER - FL120,,FL,HUDSON,2026-08-18,2026-08-18,,2015,Boat,Used,,31.91,4.05,wstoutimore,,69,8.49,0,0,false,,,9.99,Core,Core,0.72,0,,0,33820,846,Source One Financial Services,FL, richie bernett,1,1,FL120,Core
250314,mnava,59206.4,240,Decline,T & R Sales - IL260,,IL,SUBLETTE,2026-08-18,,,2026,RV,New,,47.76,9.2,gcoulombe,,11,10.24,14801.6,14801.6,false,,,11.74,Core,Core,0.85,0,,0,69500,686,Source One Financial Services,IL,,0,0,IL260,Core
250557,thovey,57294,240,Decline,Gull Boats & RV - Missoula - MT118,Bretz RV,MT,Missoula,2026-08-18,,,2026,Boat,New,683,54.97,4.5,dzilberchtein,,16,9.49,3200,4700,false,,,10.99,Core,Core,1.04,0,,0,55144,712,Source One Financial Services,MT, nathan deuter,0,0,MT118,Core
250445,rsimmons,60910,204,Decline,BANKSTON MOTORHOMES INC - AL111,,AL,HUNTSVILLE,2026-08-18,,,2026,RV,New,,40.31,7.08,jsmith,,9,12.49,6500,6500,false,,,13.49,Silver 1,Silver 1,0.95,0,,0,64105,668,Source One Financial Services,MS, frank loar,0,0,AL111,Silver
250575,hhisek,109160,240,Decline,La Mesa RV Center - Phoenix - AZ354,La Mesa,AZ,Phoenix,2026-08-18,,,2026,RV,New,,38.24,2.92,edominguez,,771,9.99,12000,12000,false,,,11.49,Core,Core,0.86,0,,0,127630,703,Source One Financial Services,TX, ethan hussey,0,0,AZ354,Core
250472,sdelarosa,112950,240,Ready to Book,Sportsmans Choice Marine - SC150,,SC,Longs,2026-08-18,2026-08-27,,2026,Boat,New,,23,6.44,jsmith,,12591,7.49,12550,12550,false,,132,8.24,Core,Not Applicable,0.98,3388.5,3,0,114925.64,808,Connexus Credit Union,FL, traci stanley,1,1,SC150,Not Applicable
250328,mnava,26963.92,180,Auto Approval,Hufnagel and Majors Inc - PA109,,PA,Harmony,2026-08-18,2026-08-18,,2026,RV,New,733,24.64,4.72,jharrington1,,36,9.74,5000,5000,false,,,11.24,Core,Core,0.73,0,,0,36854,727,Source One Financial Services,PA, anthony talerico,1,1,PA109,Core
250506,,33163.25,180,Auto Decline,TRIPLE H RVS - AL119,,AL,HALEYVILLE,2026-08-18,,,2022,RV,Used,651,30.11,2.67,jsmith,,0,15.74,2000,9000,false,,,16.74,Silver 2,Silver 2,1.09,0,,0,30360,633,Source One Financial Services,TX,,0,0,AL119,Silver
250402,Jhill,23136.54,180,Approved,Cookeville RV and Marine - TN154,Easy Care,TN,Cookeville,2026-08-18,2026-08-18,,2019,RV,Used,,18.54,2.83,jsmith,,29,10.74,2200,2200,false,,,12.24,Core,Core,1.05,0,,0,22000,729,Source One Financial Services,TN, bradley taylor,1,1,TN154,Core
250525,,96436.94,240,Auto Decline,Fun-N-Sun Sports Center - Hurst - ETX111,EPIC,TX,Hurst,2026-08-18,,,2027,Boat,New,,62.81,15.1,S1House,,0,13.74,15000,-571,false,,,14.74,Silver 1,Silver 1,1.2,0,,0,80071,658,Source One Financial Services,TX,,0,0,ETX111,Silver
250400,,68526.15,240,Auto Decline,NewCoast - Boatzon - FL356,Marine Max,FL,Oldsmar,2026-08-18,,,2019,Boat,New,,78.8,7.42,S1House,,0,14.99,10950,10950,false,,,15.99,Silver 1,Silver 1,1.31,0,,0,52250,649,Source One Financial Services,FL,,0,0,FL356,Silver
250550,ccampos,15086.05,144,Auto Approval,Blue Compass RV - South Beumont - TX551,Blue Compass,TX,Vidor,2026-08-18,2026-08-18,,2025,RV,Used,637,10.92,3.37,gott,,47,9.74,1500,1500,false,,,11.24,Core,Core,0.73,0,,0,20800,725,Source One Financial Services,LA, brett massey,1,1,TX551,Core
250448,ccampos,69343.04,144,Conditional Approval,General RV - Richmond - VA117,General RV,VA,Ashland,2026-08-18,2026-08-18,,2022,RV,Used,,20.74,14.41,jsmith,,112,11.99,15000,15000,false,,,12.49,Core,Not Applicable,0.89,0,,0,78164,681,Connexus Credit Union,FL, blake cartin,1,1,VA117,Not Applicable
250468,jharrington1,86418,180,Auto Approval,Woodland Airstream of Indiana - IN216,,IN,Lebanon,2026-08-18,2026-08-19,,2023,RV,Used,781,5.22,4.7,jharrington1,,1133,7.99,8800,8800,false,,,9.49,Core,Core,0.81,0,,0,106350,870,Source One Financial Services,IL,,1,1,IN216,Core
250407,Jhill,22610.95,144,Booked,PPL MOTORHOMES - CLEBURNE - TX440,,TX,CLEBURNE,2026-08-18,2026-08-24,2026-08-24,2022,RV,Used,,33.74,3.59,gott,8853,8676,14.49,2000,2000,false,177,0,15.49,Silver 1,Silver 1,0.88,904.44,4,0,25600,646,Source One Financial Services,TX, bryce mcmakin,1,0,TX440,Silver
250574,hhisek,25494,180,Auto Approval,BRETZ RV & MARINE - MISSOULA - MT116,Bretz RV,MT,Missoula,2026-08-18,2026-08-21,,2026,RV,New,694,45.58,3.4,dzilberchtein,,4250,9.74,3000,3000,false,,,11.24,Core,Core,0.86,0,,0,29490,739,Source One Financial Services,MT, keyla vallejos,1,1,MT116,Core
250279,sbaker,54627,240,Booked,"Vantage Recreational Finance, Inc. -FL291",VRF,FL,FORT LAUDERDALE,2026-08-18,2026-08-25,2026-08-25,2019,Boat,Used,,40.35,3.3,S1House,10562,10540,8.49,0,0,false,22,0,9.49,Core,Core,1.32,2185.08,4,0,41415,789,Source One Financial Services,LA, jennifer richter,1,0,FL291,Core
250540,Jhill,20524.4,180,Booked,Ashley Marine - Salem - AL157,,AL,Salem,2026-08-18,2026-08-22,2026-08-22,2026,Boat,New,,31.33,2.21,jsmith,5781,5737,9.99,0,0,false,41,3,10.99,Core,Core,1.24,820.98,4,0,16490,717,Source One Financial Services,FL, tim holloway,1,0,AL157,Core
250275,jharrington1,60000,240,Approved,Spend-A-Day Marina -OH125,OneWater,OH,Russels Point,2026-08-18,2026-08-18,,2026,Boat,New,759,47.84,5.16,jharrington1,,24,7.49,60000,60000,false,,,8.99,Core,Core,0.58,0,,0,102874,843,Source One Financial Services,OH, brittany daniel,1,1,OH125,Core
250427,eavila,20012.42,204,Auto Approval,Blue Compass RV - Raleigh - NC157,Blue Compass,NC,Raleigh,2026-08-18,2026-08-20,,2021,RV,Used,,26.56,4.67,jsmith,,2623,14.49,2000,2000,false,,,15.49,Silver 1,Silver 1,1.11,0,,0,18100,646,Source One Financial Services,NC, kayla bays,1,1,NC157,Silver
250566,mlomedico,38708,144,Decline,VENTURA RV CONNECTION - SCA116,,CA,OXNARD,2026-08-18,,,2027,RV,New,,49.19,12.62,jrubi,,6,10.24,20000,20000,false,,,11.74,Core,Core,0.95,0,,0,40712,683,Source One Financial Services,CA,,0,0,SCA116,Core
250490,mnava,33069,204,Auto Approval,"Vantage Recreational Finance, Inc. -FL291",VRF,FL,FORT LAUDERDALE,2026-08-18,2026-08-18,,2026,Boat,New,736,33.13,2.26,S1House,,29,7.99,4000,4000,false,,,9.49,Core,Core,1.3,0,,0,25470,787,Source One Financial Services,TX, megan fitzkee,1,1,FL291,Core
250364,rsimmons,89273.35,180,Conditional Approval,Ron Hoover - Odessa - TX495,Ron Hoover,TX,Odessa,2026-08-18,2026-08-18,,2020,RV,Used,,45.76,9.22,gott,,69,8.24,9100,9100,false,,,9.24,Core,Not Applicable,0.98,0,,0,91000,819,Connexus Credit Union,TX, dexter traylor,1,1,TX495,Not Applicable
250376,hhisek,60001.57,180,Decline,Fun Town RV Tyler-TX387,Fun Town,TX,Mineola,2026-08-18,,,2023,RV,Used,,9.76,6.78,gott,,66,13.24,0,6000,false,,,14.24,Silver 1,Not Applicable,0.78,0,,0,77300,664,Connexus Credit Union,TX, travon reveile,0,0,TX387,Not Applicable
250303,sbaker,74922.79,240,Auto Approval,Rock Solid Funding LLC - TX536,RSF,TX,BEDFORD,2026-08-18,2026-08-18,,2027,RV,New,774,37.2,2.92,S1House,,27,7.99,13000,13000,false,,,9.49,Core,Core,1.12,0,,0,66667,789,Source One Financial Services,LA, alicia mondragon,1,1,TX536,Core
250495,jharrington1,39428.79,180,Booked,Homestead RV Center - OH211,Canopy Financial,OH,Girard,2026-08-18,2026-08-24,2026-08-24,2026,RV,New,,33.77,8.37,jharrington1,8619,8604,10.99,0,2545.06,false,15,0,12.49,Core,Core,1.07,2365.73,6,0,36854,706,Source One Financial Services,OH, chris wisman,1,0,OH211,Core
250321,rsimmons,26526.1,204,Auto Approval,TRIPLE H RVS - AL119,,AL,HALEYVILLE,2026-08-18,2026-08-21,,2024,RV,Used,,15.83,0.72,jsmith,,4680,9.49,0,4500,false,,,10.99,Core,Core,0.76,0,,0,34800,712,Source One Financial Services,AL, jake rogers,1,1,AL119,Core
250387,Jhill,37711.96,144,Booked,Texoma Boat House - OK146,,OK,Calera,2026-08-18,2026-08-23,2026-08-27,2008,Boat,Used,,28.9,3.96,jweller,12999,7452,11.49,4000,4000,false,5545,2,11.99,Core,Core,0.95,754.24,2,0,39520,747,Source One Financial Services,OK, kristen thorn,1,0,OK146,Core
250527,,28248.77,240,Auto Decline,General RV Center - North Canton - OH200,General RV,OH,North Canton,2026-08-18,,,2020,RV,Used,571,0.97,0.32,jharrington1,,0,22.99,10000,10000,false,,,23.99,Bronze,Bronze,0.93,0,,0,30360,588,Source One Financial Services,OH,,0,0,OH200,Business First
250563,mnava,26027,204,Booked,Gavins Point Recreational Center LLC - SD109,,SD,Yankton,2026-08-18,2026-08-24,2026-08-24,2018,RV,Used,759,42.78,2.15,dzilberchtein,8453,8396,9.74,2000,2000,false,54,3,10.74,Core,Core,1.17,1041.08,4,0,22200,774,Source One Financial Services,SD, mitchell pomrenke,1,0,SD109,Core
250369,thovey,47415.9,204,Verifications Incomplete,Blue Compass RV - Oklahoma City - OK158,Blue Compass,OK,Norman,2026-08-18,2026-08-25,,2026,RV,Used,,31.57,9.96,jweller,,10299,10.24,0,0,false,,1,11.74,Core,Core,1.1,2844.95,6,0,43100,696,Source One Financial Services,OK, jacqueline armendariz,1,1,OK158,Core
250526,hhisek,49189,180,Decline,"Vantage Recreational Finance, Inc. -FL291",VRF,FL,FORT LAUDERDALE,2026-08-18,,,2020,Boat,Used,,39.31,11.11,S1House,,12,13.24,6000,6000,false,,,14.24,Silver 1,Silver 1,0.91,0,,0,54241,666,Source One Financial Services,CO, joe lary,0,0,FL291,Silver
250418,pmeza,250039.37,180,Conditional Approval,General RV - Winter Garden - FL239,General RV,FL,Winter Garden,2026-08-18,2026-08-18,,2026,RV,New,,19.28,4.27,pcarter,,152,7.64,36000,76000,false,,,8.64,Silver 1,Not Applicable,0.87,0,,0,289002,676,Ideal Credit Union,FL, sebastian beltran,1,1,FL239,Not Applicable
250521,jharrington1,33076.4,180,Decline,Blue Compass RV - Bowling Green - KY152,Blue Compass,KY,Bowling Green,2026-08-18,,,2020,RV,Used,,7.14,2.46,jharrington1,,29,10.24,6700,10200,false,,,11.74,Core,Core,0.86,0,,0,38350,730,Source One Financial Services,KY, karrie haynes,0,0,KY152,Core
250456,avera,51987.51,240,Booked,V Force Marine Orlando - FL292,,FL,Longwood,2026-08-18,2026-08-21,2026-08-25,2025,Boat,Used,708,27.58,1.87,pcarter,10172,4313,7.49,23700,23700,false,5856,3,8.74,Core,Core,0.65,2599.38,5,0,79815,870,Source One Financial Services,FL, cheryl johnson,1,0,FL292,Core
250546,eavila,36901.45,180,Decline,"COLORADO MOUNTAIN RV, LLC -CO100",,CO,FORT COLLINS,2026-08-18,,,2026,RV,New,713,25.75,4.35,dzilberchtein,,12,13.74,2000,2000,false,,,14.74,Silver 1,Silver 1,0.98,0,,0,37680,647,Source One Financial Services,WY, jeremy shores,0,0,CO100,Silver
250478,jharrington1,35000,180,Decline,Petes RV Center - Schererville - IN114,Pete's RV,IN,Schererville,2026-08-18,,,2026,RV,New,,61.11,3.89,jharrington1,,26,7.49,1819.15,10319.15,false,,,8.99,Core,Core,0.74,0,,0,47445,869,Source One Financial Services,MI, luis castresana,0,0,IN114,Core
250395,rsimmons,29687,204,Decline,Blue Compass - Mobile - AL170,Blue Compass,AL,Theodore,2026-08-18,,,2022,RV,Used,,17.81,7.74,jsmith,,3,10.74,3000,3000,false,,,12.24,Core,Core,0.88,0,,0,33770,697,Source One Financial Services,AL, dylan howard,0,0,AL170,Core
250322,ahunt,25030.3,180,Auto Approval,Bradford Marine & ATV-Rogers - AR145,Bradford Marine,AR,Rogers,2026-08-18,2026-08-18,,2025,Boat,New,,16.98,2.48,jweller,,493,9.74,40000,40000,false,,,11.24,Core,Core,0.65,0,,0,38723,726,Source One Financial Services,AR, david sturgis,1,1,AR145,Core
250501,mnava,66812.5,240,Booked,Paradise RV LLC - SC148,,SC,N Charleston,2026-08-18,2026-08-19,2026-08-19,2024,RV,Used,,19.3,7.59,jsmith,1474,1161,7.99,10000,10000,false,299,14,8.99,Core,Core,0.96,2672.5,4,0,69750,799,Source One Financial Services,SC, nathaniel dunworth,1,0,SC148,Core
250544,Jhill,20281,180,Auto Approval,MY RV SD - SCA112,,CA,EL CAJON,2026-08-18,2026-08-19,,2024,RV,New,,29.56,1.52,jrubi,,986,7.49,2500,2500,false,,,8.99,Core,Core,1.19,0,,0,16995,806,Source One Financial Services,CA,,1,1,SCA112,Core
250482,Jhill,35652.6,144,Booked,"Ron Hoover Companies of Donna, Inc -Tx277",Ron Hoover,TX,Donna,2026-08-18,2026-08-25,2026-08-25,2017,Boat,Used,,19.8,5.81,gott,10286,10007,8.49,5000,5000,false,276,3,8.99,Core,Core,0.95,713.05,2,0,37440,830,Source One Financial Services,TX,,1,0,TX277,Core
250466,jharrington1,20753.54,204,Approved,"Campers Inn RV of South Louisville, Inc. - KY147",Campers Inn,KY,Lebanon Junction,2026-08-18,2026-08-18,,2025,RV,New,725,24.09,1.89,jharrington1,,27,9.49,3000,3000,false,,,10.99,Core,Core,0.71,0,,0,29090,745,Source One Financial Services,KY, david williams,1,1,KY147,Core
250320,sbaker,51535.89,144,Auto Approval,Gage Marine -WI583,,WI,Williams Bay,2026-08-18,2026-08-21,,2017,Boat,Used,668,24.21,1.15,dzilberchtein,,4305,8.49,24000,24000,false,,,9.99,Core,Core,0.73,0,,0,70540,820,Source One Financial Services,WI, tim lindquist,1,1,WI583,Core
250459,Jhill,65067.08,180,Conditional Approval,Hanner RV Supercenter -TX165,,TX,Baird,2026-08-18,2026-08-18,,2026,RV,New,,18.37,8.15,gott,,130,11.49,3000,7000,false,,,11.74,Silver 1,Not Applicable,1.2,0,,0,54342,674,Connexus Credit Union,AZ, lance finley,1,1,TX165,Not Applicable
250330,eavila,78942.21,240,Booked,H&W Marine/Powersports - LA107,,LA,Shreveport,2026-08-18,2026-08-25,2026-08-26,2025,Boat,New,,39.01,8.01,gott,11905,10460,9.49,0,8500,false,1444,1,9.99,Core,Core,1.1,1578.84,2,0,72046,742,Source One Financial Services,LA, mark glenn,1,0,LA107,Core
250516,hhisek,91645.6,240,Booked,Fun Town RV Win LLC - OK109,Fun Town,OK,Thackerville,2026-08-18,2026-08-24,2026-08-25,2025,RV,Used,,32.43,5.63,jweller,9970,8546,9.99,14000,14000,false,1403,21,11.49,Core,Core,0.83,5498.74,6,0,110650,706,Source One Financial Services,MO, rob miller,1,0,OK109,Core
250298,hhisek,23537.88,204,Booked,Fun Town RV - Texarkana - AR120,Fun Town,AR,Texarkana,2026-08-18,2026-08-18,2026-08-25,2026,RV,New,,23.19,2.99,jweller,10434,441,9.49,1000,1000,false,9991,2,10.99,Core,Core,1.09,1412.27,6,0,21532.3,751,Source One Financial Services,TX, henry reyna,1,0,AR120,Core
250489,,60583.42,240,Auto Decline,GREAT AMERICAN RV SUPERSTORE-HATTIESBURG - MS113,,MS,HATTIESBURG,2026-08-18,,,2026,RV,New,,24.71,24.71,jsmith,,0,13.74,0,0,false,,,14.74,Silver 1,Silver 1,1.28,0,,0,47265,645,Source One Financial Services,MS,,0,0,MS113,Silver
250460,thovey,39313.13,204,Pending,Blue Compass RV - Hickory - NC156,Blue Compass,NC,Claremont,2026-08-18,2026-08-18,,2022,RV,Used,,47.96,10.7,jsmith,,49,10.49,5000,5000,false,,,11.99,Core,Core,0.86,0,,0,45950,687,Source One Financial Services,GA, anthony juedeman,0,0,NC156,Core
250449,pmeza,14163.68,120,Auto Approval,Titan Auto & Rv Sales - AR117,,AR,Searcy,2026-08-18,2026-08-18,,2013,RV,Used,,37.22,3.88,jweller,,38,11.24,3000,3000,false,,,12.74,Core,Core,1.16,0,,0,12250,731,Source One Financial Services,AR, dylan melton,1,1,AR117,Core
250285,avera,22704,204,Conditional Approval,General RV Center - North Canton - OH200,General RV,OH,North Canton,2026-08-18,2026-08-18,,2016,RV,Used,,31.83,3.43,jharrington1,,18,11.24,2260,2260,false,,,12.74,Core,Core,1.12,0,,0,20350,696,Source One Financial Services,OH, jon williams,1,1,OH200,Core
250491,avera,42029.8,180,Approved,Campers Inn Louisville -IN138,Campers Inn,IN,Clarksville,2026-08-18,2026-08-18,,2020,RV,Used,756,25.56,1.86,jharrington1,,57,8.24,8000,8000,false,,,9.24,Core,Not Applicable,0.98,0,,0,43000,712,Connexus Credit Union,IN, mark unger,1,1,IN138,Not Applicable
250266,avera,14820.17,120,Booked,ADVENTURE MOTORHOMES - SC118,,SC,GREEER,2026-08-18,2026-08-24,2026-08-26,2025,RV,New,,36.42,1.53,jsmith,12074,9375,9.74,500,500,false,2690,9,11.24,Core,Core,1.01,889.21,6,0,14694,727,Source One Financial Services,NC, keith palmer,1,0,SC118,Core
250509,mlomedico,169961,240,Decline,General RV Center - Salisbury - NC137,General RV,NC,Salisbury,2026-08-18,,,2026,RV,New,,22.39,10.74,jsmith,,38,9.74,19000,19000,false,,,11.24,Core,Core,0.9,0,,0,189448,733,Source One Financial Services,NC, sofiane yahiaoui,0,0,NC137,Core
250499,Jhill,27612.61,180,Auto Approval,Princess Craft RV -TX191,,TX,Round Rock,2026-08-18,2026-08-18,,2026,RV,New,,26.83,2.18,gott,,75,7.49,3000,3000,false,,,8.99,Core,Core,1.23,0,,0,22450,814,Source One Financial Services,TX, lane lambright-reed,1,1,TX191,Core
250518,,33620.3,180,Auto Decline,Ron Hoover - Amarillo - TX513,Ron Hoover,TX,Amarillo,2026-08-18,,,2027,RV,New,,25.15,3.3,gott,,0,22.99,10000,10000,false,,,23.99,Bronze,Bronze,1,0,,0,33789,,Source One Financial Services,TX,,0,0,TX513,Business First
250531,pmeza,28203.91,204,Decline,McCord's Vancouver RV Center- WA142,,WA,Vancouver,2026-08-18,,,2026,RV,New,655,42.56,1.41,ljablonoski,,10,12.49,10000,10000,false,,,13.49,Silver 1,Silver 1,0.83,0,,0,34072,671,Source One Financial Services,WA, mike roll,0,0,WA142,Silver
250413,avera,147481.75,240,Decline,General RV Center - Salisbury - NC137,General RV,NC,Salisbury,2026-08-18,,,2026,RV,New,,36.26,9.98,jsmith,,1181,9.99,16000,35629,false,,,11.49,Core,Not Applicable,1.3,0,,0,113670,711,Connexus Credit Union,NC, sebastian beltran,0,0,NC137,Not Applicable
250372,rsimmons,70811.16,204,Auto Approval,Airstream of Austin - TX570,Blue Compass,TX,Buda,2026-08-18,2026-08-18,,2021,RV,Used,,21.27,6.29,gott,,84,10.74,20000,20000,false,,,10.74,Core,Core,0.73,0,,0,96400,686,Source One Financial Services,TX, holly mendez,1,1,TX570,Core
250474,eavila,38651.08,144,Auto Approval,Open Road RV Center - Monroe - WA156,,WA,Monroe,2026-08-18,2026-08-19,,2015,RV,Used,,27.08,8.13,ljablonoski,,1166,8.49,3000,3000,false,,,9.99,Core,Core,1.03,0,,0,37400,824,Source One Financial Services,WA, nichole stephenson,1,1,WA156,Core
250347,hhisek,30982.01,180,Auto Approval,Crowder RV Center- TN109,Canopy Financial,TN,Johnson City,2026-08-18,2026-08-26,,2026,RV,New,,43.72,10.82,jsmith,,11760,7.99,0,0,false,,,9.49,Core,Core,1.02,0,,0,30259,783,Source One Financial Services,TN, matt kurtz,1,1,TN109,Core
250391,avera,15848,120,Decline,Cove 2 Coast Marine - SC147,,SC,Columbia,2026-08-18,,,2026,Boat,New,,19.49,8.49,jsmith,,15,13.74,1800,1800,false,,,14.74,Silver 1,Silver 1,1.24,0,,0,12830.75,647,Source One Financial Services,SC, anthony fortelney,0,0,SC147,Silver
250536,thovey,22547,180,Decline,NewCoast - Boatzon - FL356,Marine Max,FL,Oldsmar,2026-08-18,,,2022,Boat,Used,,84.6,1.34,S1House,,2547,8.49,3450,3450,false,,,9.99,Core,Core,1.02,0,,0,22088,788,Source One Financial Services,TN, john womble,0,0,FL356,Core
250565,,83831.94,180,Auto Decline,PARRIS RV - PAYSON - UT109,,UT,PAYSON,2026-08-18,,,2026,RV,New,652,38.49,14.86,ljablonoski,,0,14.99,8500,8500,false,,,15.99,Silver 2,Silver 2,0.95,0,,0,87968.7,638,Source One Financial Services,UT,,0,0,UT109,Silver
250398,rsimmons,27364.32,144,Conditional Approval,Blue Compass RV - Katy - TX571,Blue Compass,TX,Katy,2026-08-18,2026-08-20,,2027,RV,New,,4.58,2.54,gott,,2743,11.5,2800,2800,false,,,11.5,Silver 1,Not Applicable,0.87,0,,0,31599,654,Ideal Credit Union,TX, kevin miranda,1,1,TX571,Not Applicable
250517,hhisek,221334,240,Decline,Central Marine - Tyrone - FL134,OneWater,FL,St. Petersburg,2026-08-18,,,2025,Boat,New,,33.28,13.13,wstoutimore,,18,13.74,40000,40000,false,,,14.74,Silver 1,Silver 1,0.97,0,,0,229062,642,Source One Financial Services,FL, robert cummins,0,0,FL134,Silver
250412,eavila,36069,204,Auto Decline,"Vantage Recreational Finance, Inc. -FL291",VRF,FL,FORT LAUDERDALE,2026-08-18,,,2026,Boat,New,,49.98,4.65,S1House,,18,13.74,45000,45000,false,,,14.74,Silver 1,Silver 1,0.37,0,,0,96575,650,Source One Financial Services,MS, alphonzo bowe,0,0,FL291,Silver
250475,avera,249998.05,144,Conditional Approval,Sportsmans Choice Marine - SC150,,SC,Longs,2026-08-18,2026-08-18,,2026,Boat,New,646,49.28,12.98,jsmith,,212,11.5,53455,73192.95,false,,,12,Core,Not Applicable,0.83,0,,0,300745,719,Ideal Credit Union,SC, traci stanley,1,1,SC150,Not Applicable
250505,hhisek,60355.75,180,Conditional Approval,PERFORMANCE EAST - NC113,,NC,GOLDSBORO,2026-08-18,2026-08-18,,2027,Boat,New,,34.85,8.83,jsmith,,37,12.49,10000,10000,false,,,13.49,Silver 1,Silver 1,1.15,0,,0,52262,679,Source One Financial Services,NC, dalton pearce,1,1,NC113,Silver
250571,eavila,37333.31,144,Conditional Approval,Fun Town RV Amarillo - TX508,Fun Town,TX,Amarillo,2026-08-18,2026-08-19,,2026,RV,New,,36.4,2.87,gott,,902,9.99,3850,4014.08,false,,,10.49,Core,Not Applicable,1.11,0,,0,33731,685,Connexus Credit Union,TX, eric adams,1,1,TX508,Not Applicable
250458,,56703.91,240,Auto Decline,Crestview RV 2 - Buda -TX180,Campers Inn,TX,Buda,2026-08-18,,,2024,RV,Used,,63.85,15.72,gott,,0,13.74,100,100,false,,,14.74,Silver 1,Silver 1,1.03,0,,0,55100,659,Source One Financial Services,TX,,0,0,TX180,Silver
250268,avera,118775,240,Decline,Indian Valley Camping Center Inc- PA119,,PA,Souderton,2026-08-18,,,2026,RV,New,644,31.58,6.9,jharrington1,,138,9.99,3000,5000,false,,,11.49,Core,Not Applicable,1.03,0,,0,114858,700,Connexus Credit Union,PA,,0,0,PA119,Not Applicable
250420,jharrington1,30587.5,180,Decline,Paradise RV LLC - SC148,,SC,N Charleston,2026-08-18,,,2012,RV,Used,,33,3.67,jsmith,,16,8.99,6000,6000,false,,,10.49,Core,Core,1.32,0,,0,23100,846,Source One Financial Services,SC, nathaniel dunworth,0,0,SC148,Core
250308,,51918.83,180,Auto Decline,Fish and Ski Marine -TX215,,TX,Sanger,2026-08-18,,,2013,Boat,Used,,52.72,8.25,gott,,0,14.24,0,1000,false,,,15.24,Silver 1,Silver 1,1.32,0,,0,39200,663,Source One Financial Services,TX,,0,0,TX215,Silver
250519,hhisek,26060.8,180,Decline,CampNorth RV  - MI462,,MI,Schoolcraft,2026-08-18,,,2026,RV,New,,14.79,6.11,dzilberchtein,,7,9.99,3000,3000,false,,,11.49,Core,Core,0.96,0,,0,27225,707,Source One Financial Services,TN, calvin helmuth,0,0,MI462,Core
250406,,32309,180,Auto Decline,SOUTHERN IDAHO RV and MARINE LLC - ID104,,ID,JEROME,2026-08-18,,,2026,RV,New,604,46.81,5.08,ljablonoski,,0,14.99,2000,2000,false,,,15.99,Silver 2,Silver 2,1.07,0,,0,30221,623,Source One Financial Services,ID,,0,0,ID104,Silver
250313,,108907.1,240,Auto Decline,Bonita Boat Center - FL320,,FL,Bonita Springs,2026-08-18,,,2027,Boat,New,,75.36,40.81,wstoutimore,,0,22.99,10000,10000,false,,,23.99,Bronze,Bronze,1.2,0,,0,90786.5,607,Source One Financial Services,FL,,0,0,FL320,Business First
250492,,51526.99,240,Auto Decline,"EPIC FINANCE, LLC. - 17401748",EPIC,NC,WILMINGTON,2026-08-18,,,2019,RV,Used,,31.63,13.1,S1House,,0,16.24,1000,1000,false,,,17.24,Silver 2,Silver 2,0.82,0,,0,62750,628,Source One Financial Services,NC,,0,0,17401748,Silver
250487,ccampos,30091.35,180,Decline,FISH AND SKI MARINE -NEW BRAUNFELS - TX412,,TX,NEW BRAUNFELS,2026-08-18,,,2026,Boat,New,617,38.98,1.6,gott,,23,9.99,0,5000,false,,,11.49,Core,Core,1.24,0,,0,24230,709,Source One Financial Services,TX, lee hicks,0,0,TX412,Core
250469,mlomedico,34897.65,180,Auto Approval,General RV - Fort Pierce - FL235,General RV,FL,Fort Pierce,2026-08-18,2026-08-18,,2026,RV,New,,43.22,2.49,pcarter,,47,10.24,3230,3652.66,false,,,11.74,Core,Core,1.22,0,,0,28587,683,Source One Financial Services,FL, tim mccorkle,1,1,FL235,Core
250337,,52277,180,Auto Decline,Erie Marine Sales - OH234,,OH,Sheffield Lake,2026-08-18,,,2026,Boat,New,651,81.67,19.03,jharrington1,,0,22.99,5000,70000,false,,,23.99,Bronze,Bronze,0.43,0,,0,120618,610,Source One Financial Services,KY,,0,0,OH234,Business First
250329,,19660.03,144,Auto Decline,EMPIRE RV and MARINE - TX463,,TX,LIBERTY,2026-08-18,,,2020,RV,Used,,7.29,2.13,gott,,0,15.74,2000,2000,false,,,16.74,Silver 2,Silver 2,0.98,0,,0,20000,625,Source One Financial Services,TX,,0,0,TX463,Silver
250437,,27000,240,Auto Decline,Campers Inn RV - Wilmington - OH231,Campers Inn,OH,Wilmington,2026-08-18,,,2026,RV,New,,51.39,7.31,jharrington1,,0,22.99,3000,3000,false,,,23.99,Bronze,Bronze,0.86,0,,0,31421,619,Source One Financial Services,TX,,0,0,OH231,Business First
250304,jharrington1,52643,240,Decline,JEFF COUCHS CAMPERS -OH107,Jeff Couchs,OH,Trenton,2026-08-18,,,2027,RV,New,639,22.38,2.37,jharrington1,,6,12.49,5800,5800,false,,,13.49,Silver 1,Silver 1,0.71,0,,0,73823,670,Source One Financial Services,NY, derek hensley,0,0,OH107,Silver
250558,mlomedico,113011.25,240,Auto Approval,Rock Solid Funding LLC - TX536,RSF,TX,BEDFORD,2026-08-18,2026-08-27,,2018,RV,Used,865,37.02,9.26,S1House,,12622,7.99,11800,11800,false,,,8.99,Core,Not Applicable,0.82,0,,0,137200,853,Connexus Credit Union,IA, alicia mondragon,1,1,TX536,Not Applicable
250384,eavila,29504.43,180,Decline,Optimum RV - Bonne Terre - MO215,Optimum RV,MO,Bonne Terre,2026-08-18,,,2026,RV,New,,25.27,8.47,jweller,,18,9.99,55000,55000,false,,,11.49,Core,Core,0.46,0,,0,64032,703,Source One Financial Services,IL, joshua brewer,0,0,MO215,Core
250317,sbaker,27439.43,180,Booked,Alabama Campers Tuscaloosa-AL161,,AL,Tuscaloosa,2026-08-18,2026-08-18,2026-08-19,2021,RV,Used,664,14.3,2.08,jsmith,1630,548,10.49,3700,3700,false,200,882,11.99,Core,Core,1.4,1646.37,6,0,19665,685,Source One Financial Services,AL, anne huntsinger,1,0,AL161,Core
250562,mnava,30604.06,180,Approved,Rocky Ridge RV - Texarkana - TX526,Rocky Ridge,TX,Texarkana,2026-08-18,2026-08-19,,2026,RV,New,,11.05,5.11,jweller,,971,7.74,1500,1500,false,,,8.74,Core,Not Applicable,0.89,0,,0,34254,743,Connexus Credit Union,TX, nash archuleta,1,1,TX526,Not Applicable
250315,hhisek,75394.34,180,Decline,Fun Town RV - Cleburne -TX108,Fun Town,TX,Cleburne,2026-08-18,,,2026,RV,New,,32.75,10.87,S1House,,8,9.49,5000,9218.19,false,,,10.99,Core,Core,0.92,0,,0,82129,759,Source One Financial Services,TX, brenden boggs,0,0,TX108,Core
250581,sbaker,43994.1,204,Booked,Premier Yamaha Boating Center/Aransas -TX209,,TX,Aransas,2026-08-18,2026-08-24,2026-08-24,2027,Boat,New,,28.67,1.76,gott,8124,7793,9.99,5000,5000,false,331,0,11.49,Core,Core,1.43,2639.65,6,0,30662,717,Source One Financial Services,LA, ashton janise,1,0,TX209,Core
250272,avera,40852.6,180,Booked,Cedar City RV  - ETN103,EPIC,TN,Lebanon,2026-08-18,2026-08-24,2026-08-26,2027,RV,New,648,17.09,4.86,S1House,11854,8749,12.49,0,6500,false,132,2973,13.49,Silver 1,Silver 1,0.92,1634.1,4,0,44241,672,Source One Financial Services,TN, mia williams,1,0,ETN103,Silver
250297,hhisek,60037.56,234,Auto Approval,Olathe Ford Sales INC-KS127,,KS,Gardner,2026-08-18,2026-08-20,,2026,RV,New,673,26.02,2.88,jweller,,3152,9.99,3000,3000,false,,,11.49,Core,Core,1.12,0,,0,53663,713,Source One Financial Services,KS, dan hill,1,1,KS127,Core
250446,sdelarosa,33011,180,Auto Approval,RV South LLC - GA160,,GA,Sylvester,2026-08-18,2026-08-18,,2026,RV,New,653,9.35,6.75,jsmith,,37,13.74,10750,10750,false,,,14.74,Silver 1,Silver 1,1.2,0,,0,27560,653,Source One Financial Services,GA, dan crumpler,1,1,GA160,Silver
250417,ahunt,20761.12,180,Decline,Mountaineer RV & Outdoor Center - MT. Nebo - WV105,,WV,Mt Nebo,2026-08-18,,,2027,RV,New,,7.75,5.52,jharrington1,,28,9.74,0,0,false,,,11.24,Core,Core,0.96,0,,0,21533,724,Source One Financial Services,WV, tim smith,0,0,WV105,Core
250477,eavila,165102,204,Booked,CAMPING NATION RVS LLC - AZ322,,AZ,MESA,2026-08-18,2026-08-20,2026-08-24,2021,RV,Used,,49.23,10.15,edominguez,8770,2959,7.74,31000,31000,false,4600,1211,9.24,Core,Core,0.97,9906.12,6,0,170650,816,Source One Financial Services,NV, zachary booth,1,0,AZ322,Core
250514,mlomedico,44286.13,120,Auto Approval,Trailer Source Inc - Wheat Ridge - CO164,,CO,Wheat Ridge,2026-08-18,2026-08-25,,2011,RV,Used,,17.98,3.4,dzilberchtein,,9812,11.74,5000,5000,false,,,13.24,Core,Core,0.69,0,,0,63950,688,Source One Financial Services,CO, ray rivera,1,1,CO164,Core
250300,ahunt,75915.2,240,Auto Approval,Millican RV America - AL103,,AL,Hanceville,2026-08-18,2026-08-18,,2025,RV,New,,18.84,5.06,jsmith,,74,7.24,8500,8500,false,,,8.74,Core,Core,1.06,0,,0,71433,836,Source One Financial Services,AL, tim hopkins,1,1,AL103,Core
250280,avera,66614,240,Approved,WAGNERS OUTDOOR EXPRESS RV LLC - WV103,Easy Care,WV,FALLING WATERS,2026-08-18,2026-08-18,,2025,RV,New,736,25.7,4.76,jharrington1,,46,7.24,10000,10000,false,,,8.24,Core,Not Applicable,0.76,0,,0,87278,762,Connexus Credit Union,IA, jim lakes,1,1,WV103,Not Applicable
250341,,76509.38,240,Auto Decline,Fun Town RV Tyler-TX387,Fun Town,TX,Mineola,2026-08-18,,,2026,RV,New,,40.97,6.53,gott,,0,14.99,9000,16500,false,,,15.99,Silver 2,Silver 2,1.02,0,,0,74691,633,Source One Financial Services,TX,,0,0,TX387,Silver
250542,eavila,31700,180,Approved,RTE 125 RV & Marine - NH106,,NH,Rochester,2026-08-18,2026-08-18,,2022,RV,Used,,13.37,3.29,gcoulombe,,15,9.24,3035,3035,false,,,10.74,Core,Core,0.9,0,,0,35300,777,Source One Financial Services,NH, christopher wuelper,1,1,NH106,Core
250283,,74150,240,Auto Decline,Blue Compass RV - Spartanburg - SC144,Blue Compass,SC,Duncan,2026-08-18,,,0,RV,New,,0,0,jsmith,,0,22.99,15000,15100,false,,,23.99,Bronze,Bronze,0,0,,0,0,,Source One Financial Services,SC,,0,0,SC144,Business First
250288,sbaker,16737.79,120,Decline,Rock Solid Funding LLC - TX536,RSF,TX,BEDFORD,2026-08-18,,,2018,RV,Used,,58.65,4.53,S1House,,6,8.99,5000,5000,false,,,10.49,Core,Core,0.95,0,,0,17650,792,Source One Financial Services,FL, serena pulliam,0,0,TX536,Core
250470,,6440.34,120,Auto Decline,ROYS RV SUPERCENTER LLC - WV101,,WV,ELKINS,2026-08-18,,,2016,RV,Used,,18.37,2.87,jharrington1,,0,22.99,0,0,false,,,23.99,Bronze,Bronze,0.95,0,,0,6800,599,Source One Financial Services,WV,,0,0,WV101,Business First
250415,hhisek,21820.88,144,Booked,FUN TOWN RV ANNA LLC - IL251,Fun Town,IL,ANNA,2026-08-18,2026-08-21,2026-08-21,2026,RV,New,,35.77,1.87,gcoulombe,4444,4432,9.99,0,30000,false,11,1,11.49,Core,Core,0.38,1309.25,6,0,57698,717,Source One Financial Services,IL, brenden boggs,1,0,IL251,Core
250405,rsimmons,35959.76,180,Decline,RV Station LTD - Donna -TX289,,TX,Donna,2026-08-18,,,2027,RV,New,,22.94,5.86,gott,,11,12.49,3700,3700,false,,,13.49,Silver 1,Silver 1,0.98,0,,0,36830,676,Source One Financial Services,TX, sonia leal,0,0,TX289,Silver
250414,mnava,17253.5,144,Decline,"Hemlock Hill RV Sales, Inc-CT107",,CT,Southington,2026-08-18,,,2026,RV,New,597,54.92,3.67,gcoulombe,,34,8.74,1000,3000,false,,,10.24,Core,Core,1.11,0,,0,15590,764,Source One Financial Services,CT, brandon brown,0,0,CT107,Core
250567,pmeza,69433.14,240,Decline,BLUE COMPASS RV - DENTON - TX148,Blue Compass,TX,Denton,2026-08-18,,,2026,RV,New,586,7.61,0.9,gott,,7,13.74,10000,19300,false,,,14.74,Silver 1,Silver 1,0.75,0,,0,92337.25,651,Source One Financial Services,NM, chad pickens,0,0,TX148,Silver
250484,edominguez,21604.35,120,Decline,CAMPERS INN - MESA - AZ330,Campers Inn,AZ,MESA,2026-08-18,2026-08-18,,2027,RV,New,,110.86,35.15,edominguez,,5695,11.49,0,0,false,,,11.74,Silver 1,Not Applicable,0.98,0,,0,21978,664,Connexus Credit Union,AZ, brandon ward,0,0,AZ330,Not Applicable
250758,,16724.52,144,Auto Decline,"COLORADO MOUNTAIN RV, LLC -CO100",,CO,FORT COLLINS,2026-08-19,,,2022,RV,Used,619,6.39,5.11,dzilberchtein,,0,15.74,0,0,false,,,16.74,Silver 2,Silver 2,1.11,0,,0,15070,631,Source One Financial Services,CO,,0,0,CO100,Silver
250740,,98477.3,240,Auto Decline,Blue Compass RV - Austin - TX522,Blue Compass,TX,Buda,2026-08-19,,,2025,RV,Used,,115.08,53.59,gott,,6,22.99,17500,-5500,false,,,23.99,Bronze,Silver 1,1.1,0,,0,89650,651,Source One Financial Services,TX, caleb munoz,0,0,TX522,Business First
250689,mnava,62352.22,240,Booked,RV Dynasty - IN177,,IN,Bunker Hill,2026-08-19,2026-08-25,2026-08-25,2026,RV,New,,25.61,4.13,jharrington1,8763,8559,9.74,6600,6600,false,200,4,11.24,Core,Core,1.04,3741.13,6,0,60145,737,Source One Financial Services,OH, jeff gunnell,1,0,IN177,Core
250769,mlomedico,64184.7,120,Decline,Intercoastal Financial Group LLC - 17401746,IFG,FL,Vero Beach,2026-08-19,,,2025,Boat,Used,713,61.58,7.25,S1House,,1152,8.74,7075,7075,false,,,9.99,Core,Core,64184.7,0,,0,1,777,Source One Financial Services,FL, julie gaines,0,0,17401746,Core
250829,,73404.47,240,Auto Decline,BLUE COMPASS RV - SOUTH HOUSTON  - TX421,Blue Compass,TX,Alvin,2026-08-19,,,2026,RV,New,534,61.51,4.5,gott,,0,14.99,10000,10000,false,,,15.99,Silver 2,Silver 2,0.98,0,,0,75140,639,Source One Financial Services,TX,,0,0,TX421,Silver
250826,pmeza,37715.25,180,Auto Approval,American Truck and RV -TX337,,TX,SAN ANGELO,2026-08-19,2026-08-21,,2020,RV,Used,,37.33,2.21,gott,,2470,9.99,2500,2500,false,,,11.49,Core,Core,1.11,0,,0,33950,750,Source One Financial Services,TX, hector martinez,1,1,TX337,Core
250763,,14786.89,144,Auto Decline,San Antonio Rvs -TX265,,TX,Seguin,2026-08-19,,,2021,RV,Used,,9.78,2.32,gott,,0,22.99,13000,13000,false,,,23.99,Bronze,Bronze,0.64,0,,0,22990,531,Source One Financial Services,TX,,0,0,TX265,Business First
250682,Jhill,34001.5,180,Booked,East Coast Campers & More - DE103,,DE,Frankford,2026-08-19,2026-08-24,2026-08-24,2026,RV,New,,6.58,1.25,gcoulombe,7386,7320,7.99,2000,2000,false,66,0,7.39,Core,Core,1.21,340.01,1,0,28162,786,Source One Financial Services,DE, terry spencer,1,0,DE103,Core
250705,ahunt,31055.27,180,Decline,BGS Marine Yacht Sales & Brokerage LLC - FL262,,FL,Pensacola,2026-08-19,,,2026,RV,New,720,28.69,1.54,wstoutimore,,25,12.49,5000,5000,false,,,13.49,Silver 1,Silver 1,1.06,0,,0,29300,668,Source One Financial Services,FL, scott roberts,0,0,FL262,Silver
250666,,15257.27,120,Auto Decline,Gil Cherry Family RV Center LLC -TX130,,TX,Sweetwater,2026-08-19,,,2022,RV,Used,,6.83,1.69,gott,,0,22.99,0,12000,false,,,23.99,Bronze,Bronze,0.47,0,,0,32340,,Source One Financial Services,TX,,0,0,TX130,Business First
250772,,75674.8,240,Auto Decline,"Sizzle Marine, Inc. -OH157",,OH,Columbus,2026-08-19,,,2026,Boat,New,,48.59,7.47,jharrington1,,0,14.99,15000,15000,false,,,15.99,Silver 2,Silver 2,1.07,0,,0,70899,638,Source One Financial Services,OH,,0,0,OH157,Silver
250716,hhisek,81158.91,240,Decline,Coastline Marine- TX541,,TX,Seabrook,2026-08-19,,,2017,Boat,Used,,17.46,9.08,gott,,3,14.99,5000,5000,false,,,15.99,Silver 1,Silver 1,1.14,0,,0,71503,644,Source One Financial Services,TX, sarah harris,0,0,TX541,Silver
250612,,41526.5,180,Auto Decline,UNITED RV CENTERS INC - GA150,,GA,CHATSWORTH,2026-08-19,,,2024,RV,Used,,47.66,7.22,jsmith,,0,12.49,3000,3000,false,,,13.49,Silver 1,Silver 1,1.07,0,,0,38775,665,Source One Financial Services,GA,,0,0,GA150,Silver
250708,,10510.52,144,Auto Decline,Blue Compass RV - Redmond - OR146,Blue Compass,OR,Rendmond,2026-08-19,,,2016,RV,Used,,7.42,0.83,ljablonoski,,0,16.24,1250,1250,false,,,17.24,Silver 2,Silver 2,1.14,0,,0,9250,625,Source One Financial Services,OR,,0,0,OR146,Silver
250751,pmeza,41204,180,Booked,Mid America RV -MO104,,MO,Carthage,2026-08-19,2026-08-27,2026-08-27,2026,RV,New,626,38.48,2.41,jweller,11639,11535,7.49,5640,5640,false,25,79,8.99,Core,Core,0.98,2472.24,6,0,42019,804,Source One Financial Services,MO, jeremy nelson,1,0,MO104,Core
250775,,37986.07,204,Auto Decline,BLUE COMPASS RV - CORPUS CHRISTI - TX459,Blue Compass,TX,CORPUS CHRISTI,2026-08-19,,,2027,RV,New,,23.89,8.86,gott,,0,22.99,2000,2000,false,,,23.99,Bronze,Bronze,1.29,0,,0,29463,589,Source One Financial Services,TX,,0,0,TX459,Business First
250833,pmeza,35418.05,204,Decline,General RV Center - Mesa - AZ357,General RV,AZ,Mesa,2026-08-19,,,2026,RV,New,,45.09,1.94,edominguez,,15,9.49,3500,3500,false,,,10.99,Core,Core,0.99,0,,0,35937,686,Source One Financial Services,AZ, gary watts,0,0,AZ357,Core
250667,pmeza,27650.6,204,Auto Approval,Rex and Sons RVs Inc - NC127,,NC,CASTLE HAYNE,2026-08-19,2026-08-19,,2026,RV,New,,29.62,1.57,jsmith,,30,8.99,0,4000,false,,,10.24,Core,Core,0.81,0,,0,34181,707,Source One Financial Services,NC, jonathan creech,1,1,NC127,Core
250736,hhisek,23786.4,144,Auto Decline,Ron Hoover - Laredo - TX498,Ron Hoover,TX,Laredo,2026-08-19,2026-08-19,,2025,RV,New,,48.11,8.78,gott,,134,12.49,20000,20000,false,,,13.49,Silver 1,Silver 1,0.51,0,,0,46274,662,Source One Financial Services,TX, geno quintanilla,0,0,TX498,Silver
250815,thovey,54188.25,240,Auto Approval,Gone Fishin Marine - NCA139,,CA,Dixon,2026-08-19,2026-08-19,,2027,Boat,New,,15.76,3.16,jrubi,,17,8.24,13600,13600,false,,,9.74,Core,Core,1,0,,0,54397,763,Source One Financial Services,CA, jamie otero,1,1,NCA139,Core
250697,pmeza,7674,60,Auto Approval,Bobby Combs RV AZ - AZ312,,AZ,Mesa,2026-08-19,2026-08-19,,2016,RV,Used,,17.96,1.98,edominguez,,130,11.24,3000,3000,false,,,11.74,Core,Core,1.22,0,,0,6300,736,Source One Financial Services,AZ,,1,1,AZ312,Core
250640,mlomedico,13716.27,120,Auto Approval,LDRV of Tampa - FL340,Campers Inn,FL,Seffner,2026-08-19,2026-08-21,,2020,RV,Used,,26.4,1.94,wstoutimore,,2873,9.99,0,4100,false,,,11.49,Core,Core,0.62,0,,0,22100,748,Source One Financial Services,FL, maria amatangelo,1,1,FL340,Core
250822,,85743.39,240,Auto Decline,Blue Compass RV - Colorado Springs - CO160,Blue Compass,CO,COLORADO SPRINGS,2026-08-19,,,2027,RV,New,566,38.7,12.78,dzilberchtein,,0,22.99,0,8277,false,,,23.99,Bronze,Bronze,1.32,0,,0,65163,613,Source One Financial Services,TX,,0,0,CO160,Business First
250599,jharrington1,37575,180,Decline,"Campers Inn RV of South Louisville, Inc. - KY147",Campers Inn,KY,Lebanon Junction,2026-08-19,,,2021,RV,Used,761,54.88,2.05,jharrington1,,381,7.99,10000,10000,false,,,9.49,Core,Core,1.09,0,,0,34450,822,Source One Financial Services,KY, bruce brown,0,0,KY147,Core
250712,,37934.36,180,Cancelled,"Destination RV, LLC - AZ309",,AZ,Phoenix,2026-08-19,,,2018,RV,Used,,0,0,edominguez,,,22.99,5000,5000,false,,,23.99,Bronze,Bronze,0.88,0,,0,43050,,Source One Financial Services,AZ, chris coates,0,0,AZ309,Business First
250676,,26139.29,180,Auto Decline,San Antonio Rvs -TX265,,TX,Seguin,2026-08-19,,,2017,RV,Used,,12.91,4.22,gott,,0,16.24,2700,2700,false,,,17.24,Silver 2,Silver 2,0.58,0,,0,44770,633,Source One Financial Services,TX,,0,0,TX265,Silver
250695,ccampos,38321,204,Decline,"Vantage Recreational Finance, Inc. -FL291",VRF,FL,FORT LAUDERDALE,2026-08-19,2026-08-19,,2025,RV,Used,,140.41,16.45,S1House,,261,9.99,1800,1800,false,,,11.49,Core,Core,0.9,0,,0,42450,712,Source One Financial Services,CA, joe lary,0,0,FL291,Core
250788,sbaker,18779.08,180,Decline,Hanner RV Supercenter -TX165,,TX,Baird,2026-08-19,,,2019,RV,Used,,17.78,1.24,gott,,9,13.74,5000,5000,false,,,14.74,Silver 1,Silver 1,1.06,0,,0,17685,671,Source One Financial Services,TX, lance finley,0,0,TX165,Silver
250584,avera,25920.83,144,Conditional Approval,Cookeville RV and Marine - TN154,Easy Care,TN,Cookeville,2026-08-19,2026-08-19,,2026,RV,New,,22.3,3.38,jsmith,,90,11.49,2618,2618,false,,,11.74,Silver 1,Not Applicable,0.88,0,,0,29611,679,Connexus Credit Union,OH, bradley taylor,1,1,TN154,Not Applicable
250755,hhisek,96133.64,240,Decline,VOGT RV CENTER 5301 - TX448,,TX,FORT WORTH,2026-08-19,,,2026,RV,New,675,32.2,5.8,gott,,17,7.99,7000,7000,false,,,9.49,Core,Core,0.89,0,,0,107535,787,Source One Financial Services,TX, ty davidson,0,0,TX448,Core
250793,thovey,46587.73,240,Booked,"APACHE CAMPING CENTER, INC - EVERETT - WA113",,WA,EVERETT,2026-08-19,2026-08-23,2026-08-23,2026,RV,New,818,27.9,2.88,ljablonoski,5768,5613,7.24,2000,2000,false,155,0,7.99,Core,Core,1.16,1397.63,3,0,40231,866,Source One Financial Services,CA, jenna mansfield,1,0,WA113,Core
250717,thovey,76138.04,180,Decline,Open Road RV Center - Monroe - WA156,,WA,Monroe,2026-08-19,,,2026,RV,New,,83.76,15.12,ljablonoski,,26,10.24,5000,5000,false,,,11.74,Core,Core,1.02,0,,0,74426,685,Source One Financial Services,WA, nichole stephenson,0,0,WA156,Core
250743,sbaker,28090.67,180,Auto Approval,Golden Triangle Homes and RV Inc -TX179,,TX,Vidor,2026-08-19,2026-08-19,,2027,RV,New,676,19.94,3.86,gott,,7,9.49,10000,10000,false,,,10.99,Core,Core,0.7,0,,0,39910,758,Source One Financial Services,TX, jeremiah harrington,1,1,TX179,Core
250701,hhisek,101150.38,180,Decline,Gerzeny's RV World - Lakeland - FL256,,FL,Lakeland,2026-08-19,,,2025,RV,New,,46.31,9.23,wstoutimore,,48,10.24,10200,10200,false,,,11.74,Core,Not Applicable,0.9,0,,0,112037,685,Connexus Credit Union,FL, tonya raimondi,0,0,FL256,Not Applicable
250636,jharrington1,17366.98,144,Booked,Homestead RV Center - OH211,Canopy Financial,OH,Girard,2026-08-19,2026-08-21,2026-08-25,2021,RV,Used,809,34.14,1.21,jharrington1,8838,3330,7.99,0,0,false,5506,2,9.49,Core,Core,1.12,1042.02,6,0,15500,835,Source One Financial Services,PA, mac mclelland,1,0,OH211,Core
250691,avera,96858.61,180,Approved,General RV - Fort Pierce - FL235,General RV,FL,Fort Pierce,2026-08-19,2026-08-19,,2026,RV,New,760,27.61,3.78,pcarter,,62,11.24,10000,10000,true,,,13.24,Business First,Business First,1.09,0,,0,89174,,Source One Financial Services,FL, conner horton,1,1,FL235,Business First
250761,jharrington1,28573.4,204,Auto Approval,Keystone RV Center  - PA110,Pete's RV,PA,Greencastle,2026-08-19,2026-08-21,,2026,RV,New,,35.89,2.65,jharrington1,,2687,12.49,3000,3000,false,,,13.49,Silver 1,Silver 1,0.75,0,,0,38148,668,Source One Financial Services,PA, jennifer vance,1,1,PA110,Silver
250593,Jhill,95603.08,204,Auto Approval,Blue Compass RV - St. Louis - MO230,Blue Compass,MO,Eureka,2026-08-19,2026-08-19,,2026,RV,New,,36,8.11,jweller,,30,7.49,2500,2500,false,,,8.99,Core,Core,0.96,0,,0,99095,851,Source One Financial Services,IL, alex kennard,1,1,MO230,Core
250790,hhisek,54615.75,240,Approved,Premier Yamaha Boating Center/Aransas -TX209,,TX,Aransas,2026-08-19,2026-08-19,,2023,Boat,Used,,16.81,3.43,gott,,9,10.24,7500,7500,false,,,11.74,Core,Core,1,0,,0,54616,739,Source One Financial Services,TX, paul mcminn,1,1,TX209,Core
250609,jharrington1,29210.19,180,Booked,Ashley Marine - Panama City -  FL255,,FL,Panama City,2026-08-19,2026-08-19,2026-08-19,2026,Boat,New,,23.98,1.73,wstoutimore,400,362,12.49,5000,5000,false,38,0,13.49,Silver 1,Silver 1,1.13,1168.41,4,0,25894.32,674,Source One Financial Services,FL, amy silas,1,0,FL255,Silver
250725,,18271,120,Auto Decline,Bobby Combs RV AZ - AZ312,,AZ,Mesa,2026-08-19,,,2019,RV,Used,,58.23,5.19,edominguez,,0,22.99,2000,2000,false,,,23.99,Bronze,Bronze,0,0,,0,0,608,Source One Financial Services,AZ,,0,0,AZ312,Business First
250639,pmeza,20299.12,144,Booked,All American Coach Co -OH102,,OH,SYLVANIA,2026-08-19,2026-08-25,2026-08-25,2021,RV,Used,,29.76,2.37,jharrington1,8918,8612,7.99,1000,1000,false,305,1,9.49,Core,Core,1.22,1217.95,6,0,16600,802,Source One Financial Services,MI, kyle tonjes,1,0,OH102,Core
250783,hhisek,24843.35,144,Decline,"Ron Hoover Companies of Donna, Inc -Tx277",Ron Hoover,TX,Donna,2026-08-19,,,2023,RV,Used,,20.21,3.73,gott,,3,10.74,10000,10000,false,,,12.24,Core,Core,0.6,0,,0,41065,694,Source One Financial Services,TX, julio pena,0,0,TX277,Core
250638,mlomedico,53236,240,Auto Approval,Blue Compass RV - Columbia NE - SC149,Blue Compass,SC,Mcbee,2026-08-19,2026-08-19,,2025,RV,Used,,22.03,9.93,jsmith,,150,13.74,6000,46000,false,,,14.74,Silver 1,Silver 1,0.52,0,,0,102150,652,Source One Financial Services,VA, josh ball,1,1,SC149,Silver
250688,ccampos,16126.36,144,Auto Approval,RV Station LTD - Nacogdoches -TX367,,TX,NACOGDOCHES,2026-08-19,2026-08-19,,2025,RV,New,,30.52,2.37,gott,,86,12.49,1700,1700,false,,,13.49,Silver 1,Silver 1,0.74,0,,0,21648,679,Source One Financial Services,TX, ryan reynolds,1,1,TX367,Silver
250813,jrubi,29892.44,180,Booked,All American Coach Co -OH102,,OH,SYLVANIA,2026-08-19,2026-08-24,2026-08-24,2017,RV,Used,719,34.84,2.04,jharrington1,7039,6893,9.74,2000,2000,false,146,0,10.49,Core,Core,0.93,896.77,3,0,32200,762,Source One Financial Services,OH, kyle tonjes,1,0,OH102,Core
250723,hhisek,13179.07,180,Decline,Rocky Ridge RV - Tyler - TX574,Rocky Ridge,TX,Tyler,2026-08-19,,,2025,RV,Used,,10.58,3.66,gott,,11,13.74,1000,1000,false,,,14.74,Silver 1,Silver 1,1.21,0,,0,10900,647,Source One Financial Services,TX, blaize ice,0,0,TX574,Silver
250800,thovey,70021,240,Auto Approval,I-15 RV - SCA114,,CA,HESPERIA,2026-08-19,2026-08-19,,2027,RV,New,,15.16,6.02,jrubi,,25,8.24,10000,10000,false,,,8.99,Core,Core,0.84,0,,0,83520,804,Source One Financial Services,NV,,1,1,SCA114,Core
250819,pmeza,54873.65,240,Decline,Blue Compass RV - Austin - TX522,Blue Compass,TX,Buda,2026-08-19,,,2026,RV,New,,41.14,9.24,gott,,55,13.74,6200,6200,false,,,14.74,Silver 1,Silver 1,0.87,0,,0,63415,646,Source One Financial Services,TX, nicolas paez,0,0,TX522,Silver
250633,ahunt,40837.89,180,Decline,SR1 Companies-Manchester-ME109,,ME,Manchester,2026-08-19,,,2023,RV,Used,654,51.23,3.64,gcoulombe,,37,9.99,0,195.11,false,,,11.49,Core,Core,1.6,0,,0,25500,746,Source One Financial Services,NH, des best,0,0,ME109,Core
250605,ccampos,45842,240,Auto Approval,KY Boats LLC - KY149,,KY,Richmond,2026-08-19,2026-08-19,,2026,Boat,New,850,18.49,0.54,jharrington1,,45,7.49,20000,20000,false,,,8.99,Core,Core,1.23,0,,0,37186,852,Source One Financial Services,TN, christan wilson,1,1,KY149,Core
250768,hhisek,80602.81,240,Auto Approval,PPL MOTORHOMES - SUMMERFIELD - FL194,,FL,SUMMERFIELD,2026-08-19,2026-08-20,,2024,RV,Used,,25.41,3.4,pcarter,,1340,9.24,10500,10500,false,,,10.24,Core,Core,0.73,0,,0,109850,730,Source One Financial Services,CT, connor cockfield,1,1,FL194,Core
250801,hhisek,45177.3,180,Decline,Texas Marine - Clear Lake -TX354,OneWater,TX,SEABROOK,2026-08-19,,,2018,Boat,Used,,10.54,3.54,gott,,7,11.24,4000,4000,false,,,12.74,Core,Core,0.82,0,,0,55245,694,Source One Financial Services,TX, seth franco,0,0,TX354,Core
250623,mnava,33762.83,180,Decline,General RV - Fort Myers - FL240,General RV,FL,Fort Myers,2026-08-19,,,2017,RV,Used,,36.13,4.51,wstoutimore,,79,13.74,7000,7000,false,,,14.74,Silver 1,Silver 1,0.74,0,,0,45900,672,Source One Financial Services,FL, dustin knaggs,0,0,FL240,Silver
250654,sflynn,53184.8,240,Approved,Boat Connection Sales and Service Inc - EFL122,EPIC,FL,West Palm Beach,2026-08-19,2026-08-19,,2022,Boat,Used,,39.21,4.71,S1House,,16,7.74,5000,5000,false,,,8.74,Core,Core,0.85,0,,0,62730,860,Source One Financial Services,FL, jp lixie,1,1,EFL122,Core
250835,avera,34028.18,180,Decline,Campers Inn - Prescott Valley- AZ329,Campers Inn,AZ,PRESCOTT VALLEY,2026-08-19,,,2013,RV,Used,,13.73,3.33,edominguez,,683,11.49,30000,30000,false,,,12.99,Core,Core,0.46,0,,0,74548.1,720,Source One Financial Services,AZ, anthony brigante,0,0,AZ329,Core
250764,hhisek,27311.58,180,Decline,Bish's RV of Birmingham - AL172,Bish's RV,AL,calera,2026-08-19,,,2025,RV,Used,,30.6,3.04,jsmith,,5,13.74,3000,3000,false,,,14.74,Silver 1,Silver 1,0.63,0,,0,43250,641,Source One Financial Services,AL, dylan higgins,0,0,AL172,Silver
250610,sbaker,145123,240,Decline,Taylor Marine Center - DE100,OneWater,DE,Milford,2026-08-19,,,2025,Boat,Used,,41.02,18.37,gcoulombe,,29,7.24,16000,16000,false,,,8.74,Core,Core,1.14,0,,0,126900,825,Source One Financial Services,NC, natasha bitner,0,0,DE100,Core
250770,,42927.87,180,Auto Decline,Ron Hoover - Odessa - TX495,Ron Hoover,TX,Odessa,2026-08-19,,,2026,RV,New,,23.27,11.6,gott,,0,22.99,4300,4300,false,,,23.99,Bronze,Bronze,0.98,0,,0,43865,,Source One Financial Services,TX,,0,0,TX495,Business First
250591,sbaker,19300.82,144,Booked,Starr's Trailer Sales - PA141,,PA,Brockway,2026-08-19,2026-08-19,2026-08-21,2022,RV,Used,840,19.4,1.81,jharrington1,3176,296,7.99,3500,3500,false,200,2680,8.49,Core,Core,0.88,386.02,2,0,22050,809,Source One Financial Services,PA,,1,0,PA141,Core
250630,hhisek,9170.21,84,Approved,"Ron Hoover Companies of Donna, Inc -Tx277",Ron Hoover,TX,Donna,2026-08-19,2026-08-19,,2021,RV,Used,,35.55,2.68,gott,,33,12.24,6500,6500,false,,,12.74,Core,Core,0.55,0,,0,16600,700,Source One Financial Services,TX, julio pena,1,1,TX277,Core
250679,,26139.29,180,Auto Decline,San Antonio Rvs -TX265,,TX,Seguin,2026-08-19,,,2017,RV,Used,,12.91,4.22,gott,,0,16.24,2700,2700,false,,,17.24,Silver 2,Silver 2,0.58,0,,0,44770,633,Source One Financial Services,TX,,0,0,TX265,Silver
250602,Jhill,120202.99,180,Verifications Incomplete,Ron Hoover - Odessa - TX495,Ron Hoover,TX,Odessa,2026-08-19,2026-08-22,,2020,RV,Used,,20.51,5.32,gott,,4779,9.24,0,0,false,,1430,9.74,Core,Core,1.32,2404.06,2,0,91000,772,Source One Financial Services,TX, dexter traylor,1,1,TX495,Core
250616,mlomedico,36058.68,168,Auto Approval,NewCoast - Boatzon - FL356,Marine Max,FL,Oldsmar,2026-08-19,2026-08-20,,2012,Boat,Used,,21.56,1.98,S1House,,1741,8.99,0,0,false,,,10.49,Core,Core,0.87,0,,0,41540,807,Source One Financial Services,WY, justin veghte,1,1,FL356,Core
250795,thovey,11506.18,120,Conditional Approval,Titan Auto & Rv Sales - AR117,,AR,Searcy,2026-08-19,2026-08-19,,2018,RV,Used,,16.38,3.45,jweller,,150,13.99,700,2800,false,,,13.99,Silver 1,Not Applicable,1,0,,0,11550,652,Connexus Credit Union,AR, toby wallace,1,1,AR117,Not Applicable
250644,,26415.61,240,Auto Decline,Cliff Jones RV and Tractors -TX194,,TX,Sealy,2026-08-19,,,2027,RV,New,,50.61,4,gott,,0,14.99,15000,15000,false,,,15.99,Silver 2,Silver 2,0.6,0,,0,44217,636,Source One Financial Services,TX,,0,0,TX194,Silver
250757,sbaker,41171.87,240,Decline,Texas Trader RV - TX267,Ron Hoover,TX,La Feria,2026-08-19,,,2015,RV,Used,,16.9,7.16,gott,,27,13.74,10000,10000,false,,,14.74,Silver 1,Silver 1,1.17,0,,0,35200,677,Source One Financial Services,TX, trey flores,0,0,TX267,Silver
250621,jharrington1,17364.22,144,Booked,Keystone RV Center  - PA110,Pete's RV,PA,Greencastle,2026-08-19,2026-08-23,2026-08-26,2018,RV,Used,696,28.36,6.59,jharrington1,10301,5819,10.74,850,850,false,4482,0,12.24,Core,Core,1.21,1041.85,6,0,14400,738,Source One Financial Services,PA, jennifer vance,1,0,PA110,Core
250825,,48268.78,180,Auto Decline,CRESTVIEW RV SUPERSTORE - SELMA - TX484,Campers Inn,TX,SELMA,2026-08-19,,,2025,RV,New,,25.22,5.46,gott,,0,22.99,0,0,false,,,23.99,Bronze,Bronze,1.07,0,,0,44935,614,Source One Financial Services,TX,,0,0,TX484,Business First
250713,,110457.37,240,Auto Decline,Texoma Boat House - OK146,,OK,Calera,2026-08-19,,,2021,Boat,Used,,52.52,8.93,jweller,,0,13.24,7000,7000,false,,,14.24,Silver 1,Silver 1,0.96,0,,0,114790,669,Source One Financial Services,TX,,0,0,OK146,Silver
250834,,39013,180,Auto Decline,CAMPERS INN RV OF MADISON - AL116,Campers Inn,AL,MADISON,2026-08-19,,,2027,RV,New,,17.79,4.94,jsmith,,0,14.99,5000,5000,false,,,15.99,Silver 2,Silver 2,0.98,0,,0,39755,637,Source One Financial Services,ND,,0,0,AL116,Silver
250634,mlomedico,64328.05,180,Decline,Macks Sportcenter Inc - IL224,,IL,Marion,2026-08-19,,,2027,Boat,New,,40.36,18.86,gcoulombe,,17,9.99,6500,6500,false,,,11.49,Core,Core,1.07,0,,0,60000,701,Source One Financial Services,MO,,0,0,IL224,Core
250660,ccampos,51051.77,180,Auto Approval,OPTIMUM RV OCALA - FL162,Optimum RV,FL,OCALA,2026-08-19,2026-08-19,,2018,RV,Used,,25.78,9.21,pcarter,,109,9.99,2200,11200,false,,,11.49,Core,Core,1.09,0,,0,46980,750,Source One Financial Services,FL, lauren freeland,1,1,FL162,Core
250828,jrubi,29090.97,180,Decline,Blue Compass RV - Winston-Salem - NC159,Blue Compass,NC,Rural Hall,2026-08-19,,,2024,RV,Used,,44.72,8.76,jsmith,,17,12.49,3000,3000,false,,,13.49,Silver 1,Silver 1,0.6,0,,0,48730,673,Source One Financial Services,NC, ryan wall,0,0,NC159,Silver
250750,ccampos,69915,240,Auto Approval,"Youngs Mobile Homes and Travel Center, Inc. -OH129",,OH,FREMONT,2026-08-19,2026-08-19,,2027,RV,New,,31.66,5.48,jharrington1,,124,9.24,0,5000,false,,,10.74,Core,Core,1.07,0,,0,65303,725,Source One Financial Services,OH,,1,1,OH129,Core
250791,mnava,15642.94,180,Auto Approval,Trader Bills Outdoor Sports - AR124,,AR,Hot Springs,2026-08-19,2026-08-19,,2026,Boat,New,,29.69,1.74,jweller,,133,7.49,1500,1500,false,,,8.99,Core,Core,1.17,0,,0,13413.67,828,Source One Financial Services,AR, mandy short,1,1,AR124,Core
250789,hhisek,63454.69,240,Decline,"Ron Hoover Companies of Corpus Christi, Inc -TX278",Ron Hoover,TX,Corpus Christi,2026-08-19,,,2027,Boat,New,,24.17,7.81,gott,,5,12.24,6500,6500,false,,,13.74,Core,Core,1.05,0,,0,60424,680,Source One Financial Services,TX, david carrillo,0,0,TX278,Core
250703,hhisek,54651.75,240,Auto Approval,NewCoast - Boatzon - FL356,Marine Max,FL,Oldsmar,2026-08-19,2026-08-25,,2023,Boat,Used,,33.61,4.14,S1House,,8736,10.49,0,38000,false,,,11.99,Core,Core,0.65,0,,0,84260,714,Source One Financial Services,MN, john womble,1,1,FL356,Core
250804,hhisek,112884.34,240,Decline,Demontrond Automotive Group-TX397,,TX,Houston,2026-08-19,,,2027,RV,New,,12.27,6.36,gott,,7,9.99,12000,12000,false,,,11.49,Core,Core,0.95,0,,0,119240,717,Source One Financial Services,TX, joshua moore,0,0,TX397,Core
250780,mnava,66650.19,240,Auto Approval,Blue Compass RV - Springfield - MO229,Blue Compass,MO,Strafford,2026-08-19,2026-08-19,,2026,RV,New,,27.48,3.93,jweller,,12,8.74,5000,5000,false,,,10.24,Core,Core,1.02,0,,0,65030,769,Source One Financial Services,TX, nathaniel bowling,1,1,MO229,Core
250727,avera,51836.29,180,Booked,Ashley Marine - Panama City -  FL255,,FL,Panama City,2026-08-19,2026-08-24,2026-08-26,2027,Boat,New,,16.34,3.03,wstoutimore,10062,6959,7.49,20000,20000,false,3099,4,6.99,Core,Core,0.94,518.36,1,0,55064.56,892,Source One Financial Services,FL, amy silas,1,0,FL255,Core
250696,avera,43839.73,180,Conditional Approval,Georgia Campers - GA145,,GA,Newman,2026-08-19,2026-08-19,,2022,RV,Used,,25.16,11.89,jsmith,,70,10.74,4350,4350,false,,,12.24,Core,Core,0.97,0,,0,45150,699,Source One Financial Services,GA, gustavo egidi,1,1,GA145,Core
250693,sbaker,136561,240,Decline,TAYLORS BOATS INC - UT112,,UT,DRAPER,2026-08-19,,,2023,Boat,New,,36.38,8.05,ljablonoski,,7594,10.49,14000,14000,false,,,11.99,Core,Core,0,0,,0,0,703,Source One Financial Services,UT,,0,0,UT112,Core
250797,sbaker,14303.32,144,Auto Approval,Fretz RV -PA126,,PA,Souderton,2026-08-19,2026-08-19,,2025,RV,Used,,37.01,2.57,jharrington1,,26,9.49,1770,1770,false,,,10.99,Core,Core,1.23,0,,0,11600,760,Source One Financial Services,PA, tony eidle,1,1,PA126,Core
250673,mnava,70454.85,180,Auto Approval,Johnnie Walker RV - NV117,,NV,Las Vegas,2026-08-19,2026-08-19,,2026,RV,New,,37.56,7.82,ljablonoski,,203,9.74,15000,15000,false,,,10.49,Core,Core,0.83,0,,0,85296,796,Source One Financial Services,NV, thomas jensen,1,1,NV117,Core
250824,thovey,51529.9,180,Decline,Fun Town RV Dallas -TX327,Fun Town,TX,Fate,2026-08-19,,,2026,RV,New,,27.83,8.97,gott,,956,12.49,3875,7172.84,false,,,13.49,Silver 1,Not Applicable,1.21,0,,0,42413,672,Connexus Credit Union,TX, brenden boggs,0,0,TX327,Not Applicable
250709,thovey,38314,180,Booked,Macks Sportcenter Inc - IL224,,IL,Marion,2026-08-19,2026-08-24,2026-08-26,2024,Boat,New,701,43.09,4.49,gcoulombe,10294,7048,9.99,18500,18500,false,3246,0,11.49,Core,Core,0.78,2298.84,6,0,49000,716,Source One Financial Services,MO,,1,0,IL224,Core
250805,sbaker,15770.29,144,Auto Approval,Rock Solid Funding LLC - TX536,RSF,TX,BEDFORD,2026-08-19,2026-08-19,,2018,RV,Used,,13.72,2.98,S1House,,9,8.99,0,0,false,,,10.49,Core,Core,0.91,0,,0,17250,786,Source One Financial Services,FL, caleb grassi,1,1,TX536,Core
250786,,24579.02,180,Auto Decline,Ashley Marine - Salem - AL157,,AL,Salem,2026-08-19,,,2026,Boat,New,,38.14,3.16,jsmith,,0,14.99,1000,1000,false,,,15.99,Silver 2,Silver 2,2.37,0,,0,10356,631,Source One Financial Services,AL,,0,0,AL157,Silver
250662,mlomedico,42032.36,180,Approved,Intercoastal Financial Group LLC - 17401746,IFG,FL,Vero Beach,2026-08-19,2026-08-19,,2018,RV,Used,644,27.35,3.41,S1House,,59,8.99,10000,10000,false,,,10.24,Core,Core,0.96,0,,0,43900,794,Source One Financial Services,CA, stephen jolles,1,1,17401746,Core
250635,jharrington1,49239,216,Auto Approval,Erie Marine Sales - OH234,,OH,Sheffield Lake,2026-08-19,2026-08-19,,2025,Boat,New,,42.96,3.63,jharrington1,,12,7.49,1000,5500,false,,,8.99,Core,Core,1.13,0,,0,43547,881,Source One Financial Services,NJ, kal zarembski,1,1,OH234,Core
250728,sbaker,74125.38,180,Decline,NewCoast - Boatzon - FL356,Marine Max,FL,Oldsmar,2026-08-19,,,2025,Boat,New,679,66.69,4.25,S1House,,29,8.74,8000,8000,false,,,10.24,Core,Core,0.84,0,,0,88030,762,Source One Financial Services,TX, ian woodward,0,0,FL356,Core
250625,,46244.93,180,Auto Decline,SMITH MOTOR CO OF HATTIESBURG INC - MS107,,MS,HATTIESBURG,2026-08-19,,,2027,Boat,New,,45.61,5.14,jsmith,,0,13.74,500,500,false,,,14.74,Silver 1,Silver 1,1.7,0,,0,27172.12,649,Source One Financial Services,MS,,0,0,MS107,Silver
250810,ahunt,41770,180,Auto Approval,Montana Wake - MT119,Easy Care,MT,Billings,2026-08-19,2026-08-19,,2013,Boat,Used,,25.9,1.8,dzilberchtein,,14,11.24,5000,5000,false,,,12.74,Core,Core,0.85,0,,0,49104,733,Source One Financial Services,MT, bradley taylor,1,1,MT119,Core
250820,thovey,54020.5,144,Auto Approval,Camper's Choice RV- WA144,,WA,Napavine,2026-08-19,2026-08-19,,2026,RV,New,,24,12.28,ljablonoski,,41,8.49,5000,5000,false,,,9.24,Core,Core,1.03,0,,0,52562,805,Source One Financial Services,WA, john mcleod,1,1,WA144,Core
250661,Jhill,62039.8,204,Auto Approval,JEFF COUCHS CAMPERS -OH107,Jeff Couchs,OH,Trenton,2026-08-19,2026-08-26,,2026,RV,New,,28.03,2.63,jharrington1,,10141,13.74,6900,6900,false,,,14.74,Silver 1,Silver 1,0.78,0,,0,79443,648,Source One Financial Services,OH, derek hensley,1,1,OH107,Silver
250598,jharrington1,60879.21,240,Decline,Longview RV Inc-CT108,,CT,Windor Locks,2026-08-19,,,2023,RV,Used,,54.45,8.18,gcoulombe,,39,10.74,8000,8000,false,,,12.24,Core,Core,0.95,0,,0,63965,688,Source One Financial Services,MA, dustin anders,0,0,CT108,Core
250816,ccampos,22445.1,180,Approved,Fun Town RV- Waco-TX212,Fun Town,TX,Hewitt,2026-08-19,2026-08-19,,2021,RV,Used,,21.87,3.22,gott,,49,7.99,2549,6203.57,false,,,9.49,Core,Core,0.97,0,,0,23200,874,Source One Financial Services,TX, eric cuffee,1,1,TX212,Core
250724,avera,36485.55,204,Conditional Approval,TOP NOTCH MARINE - FL183,,FL,Melboure,2026-08-19,2026-08-19,,2027,Boat,New,,39.15,4.12,pcarter,,8,9.99,1066,3666,false,,,11.49,Core,Core,1.22,0,,0,29860,682,Source One Financial Services,FL, greg silvers,1,1,FL183,Core
250674,,61889.98,240,Auto Decline,"Ron Hoover Companies of Donna, Inc -Tx277",Ron Hoover,TX,Donna,2026-08-19,,,2025,Boat,Used,,25.71,6.63,gott,,0,22.99,30000,30000,false,,,23.99,Bronze,Bronze,0.56,0,,,111068,617,Source One Financial Services,TX,,0,0,TX277,Business First
250646,hhisek,46592.06,180,Booked,TRIPLE H RVS - AL119,,AL,HALEYVILLE,2026-08-19,2026-08-19,2026-08-21,2019,RV,Used,,22.38,1.19,jsmith,3028,316,8.99,500,500,false,2698,14,7.39,Core,Core,1.1,465.92,1,0,42250,787,Source One Financial Services,MS, tyler spann,1,0,AL119,Core
250799,edominguez,18656.28,120,Booked,Beilsteins RV and Auto Inc. -MO101,,MO,Palmyra,2026-08-19,2026-08-25,2026-08-25,2026,RV,New,665,36.03,3.64,jweller,8693,8672,9.99,0,0,false,20,1,10.99,Core,Core,0.96,746.25,4,0,19345.86,755,Source One Financial Services,MO,,1,0,MO101,Core
250726,hhisek,55024.5,180,Decline,GREAT AMERICAN RV SUPERSTORE-BREAUX BRIDGE - LA104,,LA,BREAUX BRIDGE,2026-08-19,,,2027,RV,New,,29.31,8.13,gott,,68,14.99,2000,8400,false,,,15.99,Silver 1,Not Applicable,1.15,0,,0,47720,640,Connexus Credit Union,LA, james duos,0,0,LA104,Not Applicable
250785,hhisek,22523.33,144,Decline,Gil Cherry Family RV Center LLC -TX130,,TX,Sweetwater,2026-08-19,,,2017,RV,Used,,32.13,5.36,gott,,4,13.74,2300,2300,false,,,14.74,Silver 1,Silver 1,0.79,0,,0,28560,670,Source One Financial Services,TX, brad walker,0,0,TX130,Silver
250737,jharrington1,35811,180,Conditional Approval,SKAGGS RV OUTLET - KY113,,KY,ELIZABETHTOWN,2026-08-19,2026-08-19,,2023,RV,Used,,29.87,5.11,jharrington1,,18,10.49,1750,1750,false,,,11.99,Core,Core,0.71,0,,0,50500,700,Source One Financial Services,KY, donnie simoneit,1,1,KY113,Core
250830,mnava,17739.29,180,Decline,Blue Compass RV - Park City-KS117,Blue Compass,KS,Park City,2026-08-19,,,2022,RV,Used,796,9.02,1.59,jweller,,11,8.49,0,5320,false,,,9.99,Core,Core,0.81,0,,0,22020,796,Source One Financial Services,KS, kurt bull,0,0,KS117,Core
250778,ahunt,18951.28,120,Booked,Western Skies RV - NV111,,NV,Reno,2026-08-19,2026-08-24,2026-08-24,2025,RV,New,,16.77,1.71,ljablonoski,7142,7011,7.49,1600,1600,false,124,7,8.99,Core,Core,1.24,1137.08,6,0,15224,817,Source One Financial Services,NV, scott bailey,1,0,NV111,Core
250690,jharrington1,89760,240,Auto Approval,Buds Marine -OH149,,OH,Huntsville,2026-08-19,2026-08-21,,2027,Boat,New,809,23.69,5.81,jharrington1,,2941,7.24,9200,9200,false,,,6.99,Core,Core,1,0,,0,90046,828,Source One Financial Services,OH, peggy christman,1,1,OH149,Core
250700,sbaker,141819,204,Auto Approval,Mid Carolina Marine - ESC105,EPIC,SC,West Columbia,2026-08-19,2026-08-19,,2025,Boat,New,719,27.39,4.96,S1House,,67,9.99,15000,15000,false,,,11.49,Core,Core,0.92,0,,0,154233,711,Source One Financial Services,AL, david bounphasaysonh,1,1,ESC105,Core
250752,mnava,68793.49,240,Auto Approval,Campers Inn RV - Tucson - AZ365,Campers Inn,AZ,TUCSON,2026-08-19,2026-08-19,,2024,RV,Used,,30.07,6.43,edominguez,,64,7.99,0,0,false,,,9.49,Core,Core,0.87,0,,0,79150,782,Source One Financial Services,AZ, rob rhein,1,1,AZ365,Core
250658,jharrington1,173532.48,120,Auto Approval,"The RV Factory, LLC -IN158",,IN,Elkhart,2026-08-19,2026-08-21,,2026,RV,New,821,23.3,6.47,jharrington1,,2996,7.49,60000,60000,false,,,8.99,Core,Core,0.76,0,,0,229406,847,Source One Financial Services,GA, brienne ropp,1,1,IN158,Core
250685,ccampos,96858.61,180,Decline,General RV - Fort Pierce - FL235,General RV,FL,Fort Pierce,2026-08-19,,,2026,RV,New,,0,0,pcarter,,4,22.99,10000,10000,true,,,24.99,Business First,Business First,1.09,0,,0,89174,,Source One Financial Services,FL, conner horton,0,0,FL235,Business First
250652,,63181.3,240,Auto Decline,Airstream of Virginia - VA124,Blue Compass,VA,Woodford,2026-08-19,,,2026,RV,New,,39.93,7.19,jsmith,,0,14.99,8000,8000,false,,,15.99,Silver 2,Silver 2,1.06,0,,0,59434,626,Source One Financial Services,NC,,0,0,VA124,Silver
250735,,28090.67,180,Cancelled,Golden Triangle Homes and RV Inc -TX179,,TX,Vidor,2026-08-19,,,2027,RV,New,,0,0,gott,,,22.99,10000,10000,false,,,23.99,Bronze,Bronze,0.7,0,,0,39910,,Source One Financial Services,TX, jeremiah harrington,0,0,TX179,Business First
250787,,115154.52,240,Auto Decline,Airstream of Austin - TX570,Blue Compass,TX,Buda,2026-08-19,,,2026,RV,New,,55.3,12.19,gott,,0,13.74,12000,12000,false,,,14.74,Silver 1,Silver 1,1.02,0,,0,112642,654,Source One Financial Services,TX,,0,0,TX570,Silver
250837,avera,24706.32,180,Auto Approval,Premier Yamaha Boating Center/Aransas -TX209,,TX,Aransas,2026-08-19,2026-08-20,,2019,Boat,Used,,25.25,7.45,gott,,716,10.49,4000,4000,false,,,11.99,Core,Core,0.86,0,,0,28785,742,Source One Financial Services,TX, mauri haygood,1,1,TX209,Core
250744,ccampos,34276.46,180,Auto Approval,MARIETTA MARINE - GA102,,GA,ACWORTH,2026-08-19,2026-08-19,,2025,Boat,New,,25.74,3.32,jsmith,,66,7.49,4000,4000,false,,,8.99,Core,Core,1.06,0,,0,32200,821,Source One Financial Services,WV, danielle evans,1,1,GA102,Core
250741,sbaker,136560.35,240,Booked,TAYLORS BOATS INC - UT112,,UT,DRAPER,2026-08-19,2026-08-22,2026-08-27,2023,Boat,Used,703,43.17,8,ljablonoski,11398,4107,10.24,14000,14000,false,7290,1,11.74,Core,Core,1.14,8193.62,6,0,120140,724,Source One Financial Services,UT,,1,0,UT112,Core
250746,jrubi,72397,180,Conditional Approval,Miles RV Center - NC165,,NC,Hendersonville,2026-08-19,2026-08-19,,2026,RV,New,644,32.29,3.2,jsmith,,19,12.49,10000,10000,false,,,13.49,Silver 1,Silver 1,0.88,0,,0,81981,667,Source One Financial Services,NC, jevon bryant,1,1,NC165,Silver
250687,pmeza,39300,180,Decline,Palmetto State RV LLC - SC128,,SC,Greer,2026-08-19,2026-08-19,,2026,RV,New,767,35.73,3.56,jsmith,,1585,7.99,5000,5000,false,,,9.49,Core,Core,0.95,0,,0,41240,797,Source One Financial Services,NC, will scoggins,0,0,SC128,Core
250836,,107189.44,240,Cancelled,Blue Compass RV - Liberty Lake - WA154,Blue Compass,WA,Liberty Lake,2026-08-19,,,2026,RV,New,,0,0,ljablonoski,,,22.99,31500,171995,true,,,24.99,Business First,Business First,0.36,0,,0,298075,,Source One Financial Services,MT, joshua guerra,0,0,WA154,Business First
250807,sbaker,46303.52,180,Booked,Ron Hoover - Breckenridge - TX496,Ron Hoover,TX,Beckenridge,2026-08-19,2026-08-21,2026-08-21,2025,RV,New,,33.35,6.96,gott,2879,2855,8.74,0,0,false,21,3,9.74,Core,Core,1.17,1852.14,4,0,39716,762,Source One Financial Services,TX, cris stoker,1,0,TX496,Core
250627,ccampos,60359.45,204,Auto Approval,Cedar City RV  - ETN103,EPIC,TN,Lebanon,2026-08-19,2026-08-19,,2026,RV,New,,48.78,8.77,S1House,,80,9.49,0,0,false,,,10.99,Core,Core,0.93,0,,0,64571,753,Source One Financial Services,TN, mia williams,1,1,ETN103,Core
250655,jharrington1,41684.84,180,Decline,General RV - West Chester - PA113,General RV,PA,West Chester,2026-08-19,,,2027,RV,New,,31.33,10.68,jharrington1,,11,10.24,5000,5000,false,,,11.74,Core,Core,0.95,0,,0,43879,699,Source One Financial Services,MI, dj daenzer,0,0,PA113,Core
250802,,66851.89,240,Auto Decline,OPEN ROADS COMPLETE RV SERVICE - GA104,,GA,ACWORTH,2026-08-19,,,2026,RV,New,,4.99,4.68,jsmith,,0,14.99,0,23500,false,,,15.99,Silver 2,Silver 2,0.87,0,,0,77144,637,Source One Financial Services,AR,,0,0,GA104,Silver
250601,sbaker,14317.88,120,Auto Approval,Blue Compass RV - Park City-KS117,Blue Compass,KS,Park City,2026-08-19,2026-08-21,,2021,RV,Used,,3.35,2.49,jweller,,3159,8.74,1600,1600,false,,,8.99,Core,Core,0.97,0,,0,14700,777,Source One Financial Services,KS, kurt bull,1,1,KS117,Core
250600,thovey,15174,120,Auto Approval,"Vantage Recreational Finance, Inc. -FL291",VRF,FL,FORT LAUDERDALE,2026-08-19,2026-08-19,,2002,Boat,Used,,40.34,2.92,S1House,,73,11.99,5000,5000,false,,,13.49,Core,Core,1.01,0,,0,15050,707,Source One Financial Services,MD, alphonzo bowe,1,1,FL291,Core
250650,mlomedico,17956.41,168,Auto Approval,Ozawkie Boats - KS131,,KS,Ozawkie,2026-08-19,2026-08-21,,2017,Boat,Used,,34.04,2.35,jweller,,3052,9.99,0,0,false,,,10.49,Core,Core,0.84,0,,0,21270,732,Source One Financial Services,MO, matt seiber,1,1,KS131,Core
250648,thovey,119824.65,240,Approved,Blue Compass RV - Oklahoma City - OK158,Blue Compass,OK,Norman,2026-08-19,2026-08-19,,2022,RV,Used,,16.83,8.47,jweller,,32,7.74,15000,30500,false,,,9.24,Core,Core,1.18,0,,0,101500,843,Source One Financial Services,GA, jacqueline armendariz,1,1,OK158,Core
250767,sbaker,123613.87,180,Booked,Main Street RV - AZ279,,AZ,Apache Junction,2026-08-19,2026-08-22,2026-08-26,2024,RV,Used,880,28.7,5.16,edominguez,10151,4130,7.99,5000,5000,false,5993,28,8.99,Core,Core,0.93,4944.55,4,0,132350,782,Source One Financial Services,MN, pete leighton,1,0,AZ279,Core
250715,mnava,75000,204,Conditional Approval,La Mesa RV Center - West Sacramento - SCA162,La Mesa,CA,West Sacramento,2026-08-19,2026-08-19,,2022,RV,Used,,25.35,8.59,jrubi,,35,9.99,34345,34345,false,,,11.49,Core,Core,0.82,0,,0,91400,750,Source One Financial Services,NV,,1,1,SCA162,Core
250714,,34319,180,Auto Decline,SYLACAUGA MARINE AND ATV INC - AL101,,AL,SYLACAUGA,2026-08-19,,,2023,Boat,Used,,39.26,11.79,jsmith,,0,22.99,25000,25000,false,,,23.99,Bronze,Bronze,0.76,0,,0,45000,608,Source One Financial Services,MS,,0,0,AL101,Business First
250671,hhisek,27824.19,180,Auto Approval,CRESTVIEW RV SUPERSTORE - SELMA - TX484,Campers Inn,TX,SELMA,2026-08-19,2026-08-19,,2023,RV,Used,,28.85,6.97,gott,,355,7.74,3000,3000,false,,,8.74,Core,Not Applicable,1,0,,0,27850,740,Connexus Credit Union,TX, rob galvan,1,1,TX484,Not Applicable
250653,mlomedico,13855,120,Auto Approval,WEHR RVS - MO195,,MO,SPRINGFIELD,2026-08-19,2026-08-19,,2018,RV,Used,,38.65,3.39,jweller,,31,8.49,1500,1500,false,,,9.99,Core,Core,1.03,0,,0,13450,821,Source One Financial Services,MO, brian johnson,1,1,MO195,Core
250603,,28299.12,180,Auto Decline,LEISURE KRAFT PONTUNES - TN105,,TN,Crossville,2026-08-19,,,2027,Boat,New,,71.99,8.73,jsmith,,0,22.99,8000,8000,false,,,23.99,Bronze,Bronze,0.98,0,,,28741.22,524,Source One Financial Services,TN,,0,0,TN105,Business First
250582,avera,17415,120,Conditional Approval,ADVENTURE MOTORHOMES - SC118,,SC,GREEER,2026-08-19,2026-08-19,,2018,RV,Used,,21.45,6.01,jsmith,,161,13.74,1850,1850,false,,,13.74,Silver 1,Not Applicable,0.58,0,,0,29900,644,Connexus Credit Union,SC, keith palmer,1,1,SC118,Not Applicable
250620,mlomedico,41619.14,180,Auto Approval,Moix RV - Conway - AR134,,AR,Conway,2026-08-19,2026-08-20,,2025,RV,New,714,31.96,5.7,jweller,,1492,8.99,0,0,false,,,9.74,Core,Core,1.11,0,,0,37504,797,Source One Financial Services,AR, blake moore,1,1,AR134,Core
250587,hhisek,37590.74,180,Decline,Fun Town RV Houston LLC -TX244,Fun Town,TX,Wharton,2026-08-19,,,2027,RV,New,,17.23,4.69,gott,,7,22.99,4000,4000,false,,,23.99,Core,Core,0.99,0,,0,38140,703,Source One Financial Services,NC, ryan engibous,0,0,TX244,Core
250607,ccampos,187817.42,240,Booked,Intercoastal Financial Group LLC - 17401746,IFG,FL,Vero Beach,2026-08-19,2026-08-27,2026-08-27,2025,Boat,New,722,28,1.39,S1House,11758,11630,7.49,0,9355,false,128,0,6.99,Core,Core,1.1,1878.17,1,0,170640,808,Source One Financial Services,IL, dalton stokes,1,0,17401746,Core
250668,hhisek,28486.07,240,Approved,BLUE COMPASS RV  COLUMBUS-OH210,Blue Compass,OH,DELAWARE,2026-08-19,2026-08-19,,2027,RV,New,,31.93,3.29,jharrington1,,22,12.49,5000,5000,false,,,13.49,Silver 1,Silver 1,0.9,0,,0,31695,668,Source One Financial Services,WA, karrie haynes,1,1,OH210,Silver
250738,mnava,48959.68,204,Auto Approval,FACTORY DIRECT RV and MARINE - GA142,,GA,AMERICUS,2026-08-19,2026-08-19,,2027,RV,New,,29.2,5.53,jsmith,,47,9.99,5000,5000,false,,,11.49,Core,Core,1.2,0,,0,40956,703,Source One Financial Services,TX, gina harris,1,1,GA142,Core
250629,ccampos,43599.99,240,Decline,"EPIC FINANCE, LLC. - 17401748",EPIC,NC,WILMINGTON,2026-08-19,,,2019,RV,Used,628,20.87,4.78,S1House,,88,14.99,8000,8000,false,,,15.99,Silver 1,Silver 1,0.58,0,,0,75600,655,Source One Financial Services,NC, mia williams,0,0,17401748,Silver
250694,hhisek,29244.17,96,Decline,Blue Compass RV - Katy - TX571,Blue Compass,TX,Katy,2026-08-19,2026-08-20,,2018,RV,Used,,42.35,21.17,gott,,1605,14.1,3000,3000,false,,,14.1,Silver 1,Not Applicable,1,0,,0,29325,666,Ideal Credit Union,TX, jakob cunningham,0,0,TX571,Not Applicable
250792,sbaker,24622.55,180,Auto Approval,General RV - Tampa - FL238,General RV,FL,Dover,2026-08-19,2026-08-21,,2022,RV,Used,858,20.17,2.33,wstoutimore,,2521,7.99,500,500,false,,,9.49,Core,Core,1.18,0,,0,20950,848,Source One Financial Services,FL, sebastian beltran,1,1,FL238,Core
250683,pmeza,17866.66,180,Auto Decline,Johnston RV Center - AL134,,AL,Decatur,2026-08-19,,,2025,RV,Used,,46.43,1.86,jsmith,,29,12.49,2000,2000,false,,,13.49,Silver 1,Silver 1,0.73,0,,0,24350,667,Source One Financial Services,AL, marcus clarke,0,0,AL134,Silver
250699,,22721.7,204,Cancelled,Barton Lake RV Sales -IN104,,IN,Fremont,2026-08-19,,,2024,RV,New,,0,0,jharrington1,,,22.99,0,2375,false,,,23.99,Bronze,Bronze,0.8,0,,0,28520,,Source One Financial Services,IN, shane housholder,0,0,IN104,Business First
250664,ahunt,16305.27,144,Decline,NXTLVL Marine LLC - TX502,,TX,New Braunfels,2026-08-19,,,2013,Boat,Used,,48.69,2.34,gott,,31,11.24,0,0,false,,,12.74,Core,Core,0.63,0,,0,26025,728,Source One Financial Services,TX, jessica parnell,0,0,TX502,Core
250686,ccampos,53043.25,240,Auto Approval,PALMETTO BOAT CENTER INC - SC101,,SC,PIEDMONT,2026-08-19,2026-08-19,,2020,Boat,Used,,38.49,5.21,jsmith,,30,10.49,6000,6000,false,,,11.99,Core,Core,0.98,0,,0,54165,717,Source One Financial Services,OH, zach whitehead,1,1,SC101,Core
250619,Jhill,11331.6,120,Auto Approval,Fun Town RV - Grand Rapids - MI451,Fun Town,MI,Rockford,2026-08-19,2026-08-19,,2022,RV,Used,798,18.08,0.91,dzilberchtein,,90,9.24,4000,4000,false,,,10.74,Core,Core,0.61,0,,0,18500,778,Source One Financial Services,MI, tyler stolicker,1,1,MI451,Core
250613,,16129,144,Auto Decline,Moix RV - Hot Springs Landing LLC - AR135,,AR,Hot Springs,2026-08-19,,,2018,RV,Used,,6.57,4.77,jweller,,0,22.99,500,500,false,,,23.99,Bronze,Bronze,1.16,0,,0,13860,,Source One Financial Services,AR,,0,0,AR135,Business First
250753,,54028.18,180,Auto Decline,Campers Inn - Prescott Valley- AZ329,Campers Inn,AZ,PRESCOTT VALLEY,2026-08-19,,,2013,RV,Used,,24.66,22.9,edominguez,,0,11.49,10000,10000,false,,,12.99,Core,Core,0.72,0,,0,74548.1,720,Source One Financial Services,AZ,,0,0,AZ329,Core
250806,pmeza,45471.77,204,Approved,Bob Hurley RV-Tulsa OK137,,OK,Tulsa,2026-08-19,2026-08-19,,2015,RV,Used,,43.46,9.86,jweller,,80,8.74,0,0,false,,,10.24,Core,Core,1.15,0,,0,39500,797,Source One Financial Services,OK, otis buttress,1,1,OK137,Core
250589,ccampos,26197.79,180,Conditional Approval,Rock Solid Funding LLC - TX536,RSF,TX,BEDFORD,2026-08-19,2026-08-19,,2020,RV,Used,646,29.87,1.28,S1House,,32,9.99,12900,12900,false,,,11.49,Core,Core,1.3,0,,0,20150,754,Source One Financial Services,TX, caleb grassi,1,1,TX536,Core
250614,ahunt,63382.65,240,Decline,Long Lake Marina - ME114,,ME,Naples,2026-08-19,,,2026,Boat,New,649,73.64,5.27,gcoulombe,,59,9.74,1000,17500,false,,,11.24,Core,Core,1.06,0,,0,59997,725,Source One Financial Services,ME, emily poulin,0,0,ME114,Core
250730,pmeza,44984.09,240,Decline,Blue Compass RV - Bend - OR144,Blue Compass,OR,Bend,2026-08-19,,,2026,RV,New,,43.04,10.51,ljablonoski,,16,14.99,5000,5000,false,,,15.99,Silver 1,Silver 1,0.83,0,,0,54030,640,Source One Financial Services,OR, matthew siemens,0,0,OR144,Silver
250817,ccampos,37268.5,180,Decline,"Whittle Boats, Inc -TX114",,TX,Lewisville,2026-08-19,,,2022,Boat,Used,,42.66,12.63,gott,,58,13.24,10000,10000,false,,,14.24,Silver 1,Silver 1,0.91,0,,0,41088,676,Source One Financial Services,TX, cory whittle,0,0,TX114,Silver
250626,ccampos,15352.04,144,Auto Approval,Cedar City RV  - ETN103,EPIC,TN,Lebanon,2026-08-19,2026-08-27,,2018,RV,Used,730,47.1,1.18,S1House,,11698,8.49,0,0,false,,,9.99,Core,Core,0.84,0,,0,18200,802,Source One Financial Services,TN, mia williams,1,1,ETN103,Core
250776,sbaker,30098.53,180,Conditional Approval,RGV RV SALES - TX569,,TX,Mission,2026-08-19,2026-08-19,,2022,RV,Used,,27.99,3.5,gott,,128,8.49,8300,8300,false,,,9.49,Core,Not Applicable,1,0,,0,30200,732,Connexus Credit Union,TX, aldo camarillo,1,1,TX569,Not Applicable
250659,thovey,20192.35,204,Booked,Capital RV - Minot - ND118,Campers Inn,ND,Minot,2026-08-19,2026-08-25,2026-08-25,2025,RV,Used,,43.79,5.79,dzilberchtein,8873,8624,9.99,2000,2000,false,249,0,11.49,Core,Core,1.26,1211.54,6,0,16050,717,Source One Financial Services,ND, michelle barber,1,0,ND118,Core
250784,hhisek,96329,180,Decline,Gillettes Interstate RV Inc -MI341,Selvius RV,MI,East Lansing,2026-08-19,,,2026,RV,New,647,45.92,11.71,dzilberchtein,,9,13.74,0,0,false,,,14.74,Silver 1,Silver 1,0.87,0,,0,111089,644,Source One Financial Services,MI,,0,0,MI341,Silver
250669,mnava,75123.72,240,Decline,BRETZ RV & MARINE - NAMPA - ID119,Bretz RV,ID,Nampa,2026-08-19,,,2014,RV,Used,630,40.53,6.65,ljablonoski,,11,11.49,6000,6000,false,,,12.99,Core,Core,0.97,0,,0,77440,707,Source One Financial Services,ID, taylor roby,0,0,ID119,Core
250794,sbaker,25367.56,180,Booked,Erie Marine Sales - OH234,,OH,Sheffield Lake,2026-08-19,2026-08-27,2026-08-27,2027,Boat,New,,14.03,1.8,jharrington1,11410,11365,9.74,2600,2600,false,44,1,10.99,Core,Core,1.2,1268.38,5,0,21075,723,Source One Financial Services,MS, shirley hetrick,1,0,OH234,Core
250765,mnava,32018.6,180,Decline,ROBBINS AUTO AND RV - MO187,,MO,AURORA,2026-08-19,,,2015,RV,Used,761,36.09,4.88,jweller,,14,9.74,3400,3400,false,,,11.24,Core,Core,1.08,0,,0,29598,762,Source One Financial Services,MO, justin sims,0,0,MO187,Core
250812,pmeza,105120.12,180,Decline,RV CONNECTIONS SUPER CENTER OF DOTHAN - AL133,,AL,DOTHAN,2026-08-19,,,2026,RV,New,675,43.36,5.15,jsmith,,1052,12.49,13000,15141.57,false,,,13.49,Silver 1,Not Applicable,1.18,0,,0,89159,670,Ideal Credit Union,FL, cory klein,0,0,AL133,Not Applicable
250721,jharrington1,18777.5,168,Booked,BUDS RV WORLD - KY101,,KY,Madisonville,2026-08-19,2026-08-24,2026-08-24,2019,RV,Used,,39.18,2.46,jharrington1,7386,7362,10.74,1400,1400,false,23,1,12.24,Core,Core,1.23,1126.65,6,0,15300,724,Source One Financial Services,IN, tom kimmel,1,0,KY101,Core
250749,jharrington1,9000,120,Decline,KY Boats LLC - KY149,,KY,Richmond,2026-08-19,,,2010,Boat,Used,,50.24,1.54,jharrington1,,13,10.24,1000,1000,false,,,10.74,Core,Core,0,0,,0,0,859,Source One Financial Services,OH, christan wilson,0,0,KY149,Core
250771,,12584.46,120,Auto Decline,Blue Compass RV - South Beumont - TX551,Blue Compass,TX,Vidor,2026-08-19,,,2017,RV,Used,,53.19,2.99,gott,,0,22.99,1500,1500,false,,,23.99,Bronze,Bronze,1.14,0,,0,11000,593,Source One Financial Services,TX,,0,0,TX551,Business First
250798,mnava,47007.34,180,Verifications Incomplete,Apache Village RV-Hazelwood -MO113,,MO,Hazelwood,2026-08-19,2026-08-25,,2017,RV,Used,,32.64,3.67,jweller,,8330,12.49,4800,4800,false,,3322,13.49,Silver 1,Silver 1,0.94,1880.29,4,0,50100,646,Source One Financial Services,MO,,1,1,MO113,Silver
250756,hhisek,86314.79,240,Decline,Miles RV Center - NC165,,NC,Hendersonville,2026-08-19,,,2026,RV,New,,26.16,8.73,jsmith,,85,12.49,30000,34619,false,,,13.49,Silver 1,Silver 1,0.91,0,,0,95110,665,Source One Financial Services,VA, jevon bryant,0,0,NC165,Silver
250766,ccampos,150069.85,204,Auto Approval,BLUE COMPASS RV  DES MOINES-IA222,Blue Compass,IA,ALTOONA,2026-08-19,2026-08-20,,2022,RV,Used,864,22.29,8.68,gcoulombe,,1337,9.99,95000,152400,true,,,11.99,Business First,Business First,0.41,0,,0,362050,,Source One Financial Services,TX, roscoe vacco,1,1,IA222,Business First
250624,thovey,160744,240,Conditional Approval,BRETZ RV & MARINE - BUTTE - MT117,Bretz RV,MT,Butte,2026-08-19,2026-08-19,,2026,RV,New,,22.58,8.83,dzilberchtein,,30,8.99,36000,34750,false,,,10.49,Core,Core,1.24,0,,0,129227,744,Source One Financial Services,MT, taylor lovell,1,1,MT117,Core
250706,,7569,75,Auto Decline,Hayward Power Sports -WI206,,WI,Hayward,2026-08-19,,,2000,Boat,New,,0,0,dzilberchtein,,0,22.99,0,0,false,,,23.99,Bronze,Bronze,0,0,,0,0,,Source One Financial Services,IL,,0,0,WI206,Business First
250742,,164845.74,240,Auto Decline,BLUE COMPASS RV - SOUTH HOUSTON  - TX421,Blue Compass,TX,Alvin,2026-08-19,,,2027,RV,New,,29.09,6.57,gott,,0,22.99,35000,35000,false,,,23.99,Bronze,Bronze,1.03,0,,0,159610,575,Source One Financial Services,LA,,0,0,TX421,Business First
250707,edominguez,62482.96,204,Contract Received,"RV COUNTRY ARIZONA, LLC - FLAGSTAFF -AZ332",RV Country,AZ,FLAGSTAFF,2026-08-19,2026-08-19,,2026,RV,New,,10.56,8.51,edominguez,,75,9.49,5500,6897,false,,6910,10.99,Core,Core,1.3,0,,0,48072,751,Source One Financial Services,AZ, kevin mccoy,1,1,AZ332,Core
250645,Jhill,40068.66,180,Booked,Premier Yamaha Boating Center/Aransas -TX209,,TX,Aransas,2026-08-19,2026-08-23,2026-08-23,2022,Boat,Used,,28.12,7.76,gott,6076,5749,12.49,3700,3700,false,326,1,13.49,Silver 1,Silver 1,1.03,1602.75,4,0,38745,668,Source One Financial Services,TX, paul mcminn,1,0,TX209,Silver
250606,,128955.39,240,Auto Decline,SPECIALTY OUTDOORS - OH189,,OH,LANCASTER,2026-08-19,,,2025,RV,New,,37.63,8.73,jharrington1,,0,22.99,13300,13300,false,,,23.99,Bronze,Bronze,0.88,0,,0,146941,601,Source One Financial Services,TN,,0,0,OH189,Business First
250684,pmeza,59117.05,204,Auto Approval,Blue Compass - Fort Myers - FL300,Blue Compass,FL,Fort Myers,2026-08-19,2026-08-21,,2020,RV,Used,720,17.03,3.38,wstoutimore,,2760,10.24,6600,6600,false,,,11.74,Core,Core,1.15,0,,0,51425,739,Source One Financial Services,FL, anthony gagliardi,1,1,FL300,Core
250583,avera,22721.7,204,Auto Approval,Barton Lake RV Sales -IN104,,IN,Fremont,2026-08-19,2026-08-19,,2026,RV,New,,39.29,3.87,jharrington1,,355,9.49,0,2375,false,,,10.99,Core,Core,0.8,0,,0,28520,719,Source One Financial Services,IN, shane housholder,1,1,IN104,Core
250692,ccampos,27680,180,Decline,"Vantage Recreational Finance, Inc. -FL291",VRF,FL,FORT LAUDERDALE,2026-08-19,,,2008,Boat,Used,,31.1,6.76,S1House,,37,9.99,3000,3000,false,,,11.49,Core,Core,1,0,,0,27790,782,Source One Financial Services,TX, jennifer richter,0,0,FL291,Core
250631,sflynn,20152.79,120,Auto Approval,Rock Solid Funding LLC - TX536,RSF,TX,BEDFORD,2026-08-19,2026-08-19,,2026,RV,New,,19.59,5.18,S1House,,20,9.49,500,500,false,,,10.99,Core,Core,1.29,0,,0,15652,749,Source One Financial Services,NC, trevor bescherer,1,1,TX536,Core
250596,Jhill,19152.79,120,Decline,Rock Solid Funding LLC - TX536,RSF,TX,BEDFORD,2026-08-19,,,2015,RV,Used,,35.49,1.9,S1House,,29,11.24,1500,1500,false,,,12.74,Core,Core,0.77,0,,0,24950,685,Source One Financial Services,TX, ashley rogers,0,0,TX536,Core
250827,pmeza,153960.8,204,Auto Approval,Motor Home Specialist - TX567,Blue Compass,TX,Alvarado,2026-08-19,2026-08-24,,2011,RV,Used,749,44.26,5.59,gott,,6873,8.74,30000,30000,false,,,10.24,Core,Core,0.7,0,,0,220850,811,Source One Financial Services,CA, michael briers,1,1,TX567,Core
250622,mlomedico,72397,240,Decline,Miles RV Center - NC165,,NC,Hendersonville,2026-08-19,,,2026,RV,New,,24.03,3.51,jsmith,,60,12.49,10000,10000,false,,,13.49,Silver 1,Silver 1,0.88,0,,0,81981,667,Source One Financial Services,NC, jevon bryant,0,0,NC165,Silver
250803,thovey,22726.99,180,Verifications Incomplete,Pleasureland - Sioux Falls - SD107,Pleasureland,SD,Sioux Falls,2026-08-19,2026-08-26,,2020,RV,Used,,24.05,2.07,dzilberchtein,,9605,10.49,1000,3159.12,false,,1,11.99,Core,Core,0.88,1363.62,6,0,25850,709,Source One Financial Services,MN, robert gleason,1,1,SD107,Core
250760,jharrington1,65378.28,180,Conditional Approval,RCD RV - Medina - OH206,,OH,medina,2026-08-19,2026-08-19,,2026,RV,Used,,27.03,9.75,jharrington1,,22,12.49,6700,6700,false,,,13.49,Silver 1,Silver 1,0.76,0,,0,85500,673,Source One Financial Services,OH, amber hastings,1,1,OH206,Silver
250734,edominguez,43975.32,180,Approved,Chesapeake RV Solutions - VA112,,VA,Chesapeake,2026-08-19,2026-08-19,,2026,RV,New,,9.19,9.17,jsmith,,126,8.49,10000,10000,false,,,9.24,Core,Not Applicable,0.8,0,,0,54665,711,Connexus Credit Union,VA, frank smith,1,1,VA112,Not Applicable
250637,,112782.28,240,Auto Decline,Sunrise Marine - Orange Beach - AL159,OneWater,AL,Orange Beach,2026-08-19,,,2022,Boat,Used,,59.89,13.01,jsmith,,0,14.49,11500,11500,false,,,15.49,Silver 1,Silver 1,1,0,,0,113075,645,Source One Financial Services,FL,,0,0,AL159,Silver
250720,hhisek,37628.75,120,Approved,Casita Travel Trailers - TX563,RDS,TX,Rice,2026-08-19,2026-08-19,,2026,RV,New,,37.05,0.48,gott,,124,7.74,4000,4000,false,,,8.74,Core,Not Applicable,1.05,0,,0,35843,736,Connexus Credit Union,NY, andy krier,1,1,TX563,Not Applicable
250809,edominguez,70275.74,240,Booked,Dune Sport -AZ267,,AZ,Mesa,2026-08-19,2026-08-25,2026-08-25,2026,RV,New,,48.9,4.43,edominguez,8586,8572,7.24,7000,7000,false,13,1,7.99,Core,Core,1.21,2108.27,3,0,58286.94,815,Source One Financial Services,WI,,1,0,AZ267,Core
250747,jrubi,43144,144,Decline,MY RV SD - SCA112,,CA,EL CAJON,2026-08-19,,,2022,RV,Used,,14.81,5.91,jrubi,,74,10.74,18900,18900,false,,,12.24,Core,Not Applicable,1,0,,0,43228,695,Connexus Credit Union,CA,,0,0,SCA112,Not Applicable
250672,hhisek,88295.22,240,Auto Approval,Cookeville RV and Marine - TN154,Easy Care,TN,Cookeville,2026-08-19,2026-08-19,,2026,RV,New,747,39.31,7.64,jsmith,,343,8.24,8000,15070.24,false,,,9.74,Core,Core,1.24,0,,0,70944,772,Source One Financial Services,TN, bradley taylor,1,1,TN154,Core
250590,avera,43750.08,180,Decline,"Hemlock Hill RV Sales, Inc-CT107",,CT,Southington,2026-08-19,,,2017,RV,Used,668,58.2,9.28,gcoulombe,,10,10.99,6000,6000,false,,,12.49,Core,Core,0.92,0,,0,47400,708,Source One Financial Services,CT, brandon brown,0,0,CT107,Core
250665,ahunt,15583.52,144,Decline,Memory Lane RV - GA164,,GA,Commerce,2026-08-19,,,2027,RV,New,,54.86,2.57,jsmith,,24,9.99,0,0,false,,,11.49,Core,Core,0.97,0,,0,16103.2,707,Source One Financial Services,GA, shawn shaw,0,0,GA164,Core
250586,avera,30417,180,Decline,NewCoast - Boatzon - FL356,Marine Max,FL,Oldsmar,2026-08-19,,,2013,Boat,Used,,40.72,3.13,S1House,,7,11.74,3000,3000,false,,,13.24,Core,Core,1.26,0,,0,24050,689,Source One Financial Services,NY, justin veghte,0,0,FL356,Core
250647,mlomedico,15711.93,144,Auto Approval,Olathe Ford Sales INC-KS127,,KS,Gardner,2026-08-19,2026-08-24,,2025,RV,Used,705,36.48,2.14,jweller,,7172,7.99,1800,1800,false,,,9.49,Core,Core,0.62,0,,0,25250,802,Source One Financial Services,KS, megan wolf,1,1,KS127,Core
250745,,68647.79,180,Auto Decline,Rock Solid Funding LLC - TX536,RSF,TX,BEDFORD,2026-08-19,,,2026,RV,New,,48.07,11.15,S1House,,0,14.99,3000,3000,false,,,15.99,Silver 2,Silver 2,1.27,0,,0,54167,632,Source One Financial Services,WI,,0,0,TX536,Silver
250649,hhisek,15520.85,144,Approved,Campers Unlimited - Gadsden-AL152,,AL,Gadsden,2026-08-19,2026-08-19,,2022,RV,Used,,24.6,3.51,jsmith,,21,10.49,1600,1600,false,,,11.99,Core,Core,0.8,0,,0,19500,715,Source One Financial Services,MS, david tyler,1,1,AL152,Core
250618,mlomedico,34404,204,Decline,Trailside RV Center - Grain Valley - MO207,,MO,Grain Valley,2026-08-19,,,2021,RV,Used,,17.67,7.64,jweller,,3015,9.99,3500,3500,false,,,11.74,Core,Core,0.95,0,,0,36405,753,Source One Financial Services,MO, anthony gibbs,0,0,MO207,Core
250641,hhisek,70029,180,Auto Approval,Gillettes Interstate RV Inc -MI341,Selvius RV,MI,East Lansing,2026-08-19,2026-08-20,,2026,RV,New,,26.58,4.79,dzilberchtein,,1492,10.24,500,5500,false,,,11.74,Core,Core,0.68,0,,0,103140,690,Source One Financial Services,MI,,1,1,MI341,Core
250821,pmeza,84778.3,180,Decline,TRIPLE H RVS - AL119,,AL,HALEYVILLE,2026-08-19,,,2027,RV,New,,44.37,5.89,jsmith,,53,13.74,2500,9700,false,,,14.74,Silver 1,Silver 1,0.99,0,,0,85250,656,Source One Financial Services,TX, jake rogers,0,0,AL119,Silver
250814,thovey,38264.62,180,Pending,Rock Solid Funding LLC - TX536,RSF,TX,BEDFORD,2026-08-19,2026-08-19,,2016,RV,Used,641,35.74,4.92,S1House,,78,10.74,4000,4000,false,,,12.24,Core,Core,0.88,0,,0,43432,736,Source One Financial Services,NC, ashley rogers,0,0,TX536,Core
250702,,39738.03,180,Auto Decline,GIANT RECREATION WORLD PALM BAY - FL175,,FL,Palm Bay,2026-08-19,,,2017,RV,Used,,36.56,7.78,pcarter,,0,16.24,4000,4000,false,,,17.24,Silver 2,Silver 2,0.71,0,,0,56320,628,Source One Financial Services,FL,,0,0,FL175,Silver
250823,mnava,32092.34,204,Booked,BOBBY COMBS RV LLC - AZ338,,AZ,YUMA,2026-08-19,2026-08-25,2026-08-26,2026,RV,New,,20.68,8.3,edominguez,10108,8700,9.74,500,8500,false,1404,4,10.94,Core,Core,0.73,1604.62,5,0,43922,728,Source One Financial Services,AZ,,1,0,AZ338,Core
250818,edominguez,96215.72,240,Decline,La Mesa RV Center - Albuquerque - NM109,La Mesa,NM,Albuquerque,2026-08-19,,,2022,RV,Used,,38.06,7.87,edominguez,,1010,13.24,10000,10000,false,,,14.24,Silver 1,Not Applicable,0.96,0,,0,99850,668,Connexus Credit Union,TX, leon garcia,0,0,NM109,Not Applicable
250594,Jhill,116430.11,240,Decline,North Texas Marine -TX140,,TX,Gainesville,2026-08-19,,,2026,Boat,New,,19.59,5.03,gott,,14,12.49,0,12000,false,,,13.49,Silver 1,Silver 1,0.97,0,,0,120625,674,Source One Financial Services,TX, trella mcdaniel,0,0,TX140,Silver
250733,avera,12842.52,120,Conditional Approval,Blue Compass RV - Macon - GA157,Blue Compass,GA,Byron,2026-08-19,2026-08-19,,2018,RV,Used,,10.19,1.87,jsmith,,58,14.99,6730,6730,false,,,15.99,Silver 1,Silver 1,1,0,,0,12850,659,Source One Financial Services,GA, zach carmichael,1,1,GA157,Silver
250642,avera,140519.04,240,Auto Approval,LDRV of Tampa - FL340,Campers Inn,FL,Seffner,2026-08-19,2026-08-21,,2025,RV,Used,861,42.65,8.44,wstoutimore,,2873,7.24,6000,15544,false,,,8.74,Core,Core,1.03,0,,0,136800,848,Source One Financial Services,FL, maria amatangelo,1,1,FL340,Core
250748,avera,35255.31,144,Conditional Approval,BYRON POWERSPORTS LLC - GA140,,GA,BYRON,2026-08-19,2026-08-19,,2026,RV,New,618,27.75,3.8,jsmith,,89,9.99,3500,3500,false,,,10.49,Core,Not Applicable,1.17,0,,0,30250,690,Connexus Credit Union,GA, tom bulger,1,1,GA140,Not Applicable
250704,hhisek,60340.59,240,Decline,Ron Hoover Companies Katy -TX275,Ron Hoover,TX,Katy,2026-08-19,,,2026,RV,New,558,27.59,2.94,gott,,8,9.74,7000,7000,false,,,11.24,Core,Core,0.95,0,,0,63260,737,Source One Financial Services,TX, greg woods,0,0,TX275,Core
250710,,18917,144,Auto Decline,Lookout Marine - EKY106,EPIC,KY,Somerset,2026-08-19,,,2021,Boat,Used,,33.88,9,S1House,,0,22.99,3000,3000,false,,,23.99,Bronze,Bronze,0.82,0,,0,23100,583,Source One Financial Services,KY,,0,0,EKY106,Business First
250595,avera,21141,180,Conditional Approval,CAMPERS INN OF KINGSTON - NH100,Campers Inn,NH,KINGSTON,2026-08-19,2026-08-19,,2025,RV,Used,692,31.6,1.4,gcoulombe,,27,9.99,1085,1085,false,,,11.49,Core,Core,0.89,0,,0,23650,715,Source One Financial Services,NH, kenneth unger,1,1,NH100,Core
250759,pmeza,97040.93,240,Auto Approval,Blue Compass RV - Seguin - TX573,Blue Compass,TX,Sequin,2026-08-19,2026-08-19,,2026,RV,New,710,10.56,9.72,gott,,147,8.99,10000,40000,false,,,10.49,Core,Core,0.69,0,,0,140745,737,Source One Financial Services,TX, ryan campos,1,1,TX573,Core
250718,,26574.53,180,Auto Decline,"72 West Motors, LLC - MO142",Canopy Financial,MO,FREDERICKTOWN,2026-08-19,,,2022,RV,Used,,67.54,8.86,jweller,,0,13.24,0,0,false,,,14.24,Silver 1,Silver 1,0.95,0,,0,28050,675,Source One Financial Services,MO,,0,0,MO142,Silver
250675,,25198,144,Auto Decline,RV VALUE MART- PA101,,PA,MANHEIM,2026-08-19,,,2021,RV,Used,574,59.38,6.31,jharrington1,,0,22.99,4000,4000,false,,,23.99,Bronze,Bronze,0,0,,0,0,568,Source One Financial Services,MD,,0,0,PA101,Business First
250585,,48378.8,180,Auto Decline,Chesaco RV - Hamburg - PA142,,PA,Hamburg,2026-08-19,,,2021,RV,Used,568,47.17,7.59,jharrington1,,0,22.99,7000,22000,false,,,23.99,Bronze,Bronze,0.67,0,,0,71800,582,Source One Financial Services,NJ,,0,0,PA142,Business First
250651,mnava,33801.92,180,Verifications Incomplete,Ashley Marine LLC - GA147,,GA,Columbus,2026-08-19,2026-08-24,,2026,Boat,New,,30.76,5.31,jsmith,,7088,7.24,5000,5300,false,,330,8.49,Core,Not Applicable,0.94,1690.1,5,0,36065,806,Connexus Credit Union,GA, tim holloway,1,1,GA147,Not Applicable
250592,sbaker,12276,144,Decline,Klines Auto World Inc -MI223,,MI,Warren,2026-08-19,,,2026,RV,New,,38.49,2.18,dzilberchtein,,1390,9.74,1500,1500,false,,,11.24,Core,Core,0.85,0,,0,14498,733,Source One Financial Services,MI,,0,0,MI223,Core
250722,,25769,180,Auto Decline,RV ROADWAY - OPELIKA - AL131,,AL,OPELIKA,2026-08-19,,,2026,RV,New,,17.01,2.97,jsmith,,0,14.99,2700,2700,false,,,15.99,Silver 2,Silver 2,0.99,0,,0,26095,639,Source One Financial Services,FL,,0,0,AL131,Silver
250811,ccampos,65436.42,180,Decline,Fun Town RV-Giddings -TX314,Fun Town,TX,Giddings,2026-08-19,,,2026,RV,New,652,49.57,4.55,gott,,1013,10.24,3300,10300,false,,,11.74,Core,Not Applicable,0.88,0,,0,74426,694,Connexus Credit Union,TX, angela morrell,0,0,TX314,Not Applicable
250670,hhisek,87168.89,180,Conditional Approval,Gator Trax - LA110,,LA,Springfeild,2026-08-19,2026-08-20,,2026,Boat,New,,28.99,10.94,gott,,1424,10.24,8760,8760,false,,,11.74,Core,Core,1.03,0,,0,85000,697,Source One Financial Services,AR, finance office,1,1,LA110,Core
250617,ccampos,32520,180,Decline,"Vantage Recreational Finance, Inc. -FL291",VRF,FL,FORT LAUDERDALE,2026-08-19,,,2019,Boat,Used,,56.44,4.24,S1House,,53,8.99,9339,9339,false,,,10.49,Core,Core,1.02,0,,0,31795,797,Source One Financial Services,TX, richard cosentino,0,0,FL291,Core
250611,,67367.38,180,Auto Decline,BISH'S RV OF COLDWATER - MI427,Bish's RV,MI,COLDWATER,2026-08-19,,,2026,RV,New,663,96.16,9.07,dzilberchtein,,0,12.49,5000,5000,true,,,14.49,Business First,Business First,1.14,0,,0,59154,,Source One Financial Services,MA,,0,0,MI427,Business First
250729,pmeza,78734,204,Decline,Ugly Johns Custom Boats LLC - OK136,,OK,Afton,2026-08-19,,,2016,Boat,Used,,26.06,14.78,jweller,,39,10.74,22000,22000,false,,,12.24,Core,Core,0.78,0,,0,100350,729,Source One Financial Services,KS, eric fatkin,0,0,OK136,Core
250597,jrubi,34776.23,120,Auto Approval,Blue Compass RV - Macon - GA157,Blue Compass,GA,Byron,2026-08-19,2026-08-20,,2027,RV,New,835,13.67,3.52,jsmith,,1385,7.49,60000,88500,false,,,8.99,Core,Core,0.28,0,,0,125390,816,Source One Financial Services,GA, zach carmichael,1,1,GA157,Core
250754,mnava,54028.18,180,Decline,Campers Inn - Prescott Valley- AZ329,Campers Inn,AZ,PRESCOTT VALLEY,2026-08-19,,,2013,RV,Used,,9.03,8.63,edominguez,,37,22.99,10000,10000,false,,,23.99,Core,Core,0.72,0,,0,74548.1,720,Source One Financial Services,AZ, anthony brigante,0,0,AZ329,Core
250678,hhisek,10185.47,120,Auto Approval,Blue Compass RV - Surprise - AZ363,Blue Compass,AZ,Surprise,2026-08-19,2026-08-19,,2014,RV,Used,,29.51,1.51,edominguez,,55,11.24,0,0,false,,,12.74,Core,Core,0.76,0,,0,13420,731,Source One Financial Services,AZ, zachary lauer,1,1,AZ363,Core
250832,pmeza,17739.29,168,Conditional Approval,Blue Compass RV - Park City-KS117,Blue Compass,KS,Park City,2026-08-19,2026-08-19,,2022,RV,Used,796,11.22,1.6,jweller,,6,7.99,0,5320,false,,,9.49,Core,Core,0.71,0,,0,25050,827,Source One Financial Services,KS, kurt bull,1,1,KS117,Core
250698,mlomedico,31137.63,180,Booked,River Valley Power and Sport Inc. Rochester-MN671,,MN,Rochester,2026-08-19,2026-08-20,2026-08-20,2024,Boat,New,,18.52,3.96,dzilberchtein,1467,1202,7.99,4000,4000,false,265,0,8.99,Core,Core,1.04,1245.51,4,0,30016,783,Source One Financial Services,MN, jason redalen,1,0,MN671,Core
250588,hhisek,30996.94,180,Auto Approval,BANKSTON MOTORHOMES INC - AL111,,AL,HUNTSVILLE,2026-08-19,2026-08-19,,2024,RV,Used,,36.53,5.46,jsmith,,559,13.74,3200,3200,false,,,14.74,Silver 1,Silver 1,0.77,0,,0,40400,660,Source One Financial Services,AL, barry humphries,1,1,AL111,Silver
250632,pmeza,51753.89,240,Approved,H&W Marine/Powersports - LA107,,LA,Shreveport,2026-08-19,2026-08-19,,2026,Boat,New,,37.35,6.26,gott,,94,7.24,0,47000,false,,,8.49,Core,Not Applicable,0.6,0,,0,86805,724,Connexus Credit Union,LA, mark glenn,1,1,LA107,Not Applicable
250656,Jhill,45878.47,180,Decline,CAMPERS INN RV OF MADISON - AL116,Campers Inn,AL,MADISON,2026-08-19,,,2026,RV,New,609,24.87,6.18,jsmith,,32,12.49,1000,6100,false,,,13.49,Silver 1,Silver 1,1.2,0,,0,38258,666,Source One Financial Services,AL, robert orwat,0,0,AL116,Silver
250719,ahunt,17118.4,144,Conditional Approval,CAMPERS INN RV OF ACWORTH - GA123,Campers Inn,GA,ACWORTH,2026-08-19,2026-08-19,,2027,RV,New,,31.69,1.79,jsmith,,31,10.24,5000,5000,false,,,11.74,Core,Core,0.83,0,,0,20646.76,694,Source One Financial Services,GA, steven goins,1,1,GA123,Core
250628,sbaker,45671.95,180,Auto Approval,SkipperBud's - Sequoit Harbor - IL267,Marine Max,IL,Antioch,2026-08-19,2026-08-19,,2026,Boat,New,,33.83,3.72,S1House,,34,7.49,13000,13000,false,,,8.99,Core,Core,0.93,0,,0,48943,861,Source One Financial Services,WI, alex dingee,1,1,IL267,Core
250773,hhisek,108284.58,240,Conditional Approval,Blue Compass RV - Macon - GA157,Blue Compass,GA,Byron,2026-08-19,2026-08-19,,2027,RV,Used,648,30.87,5.19,jsmith,,58,7.49,11000,11000,false,,,8.99,Core,Core,1.05,0,,0,103350,816,Source One Financial Services,GA, zach carmichael,1,1,GA157,Core
250608,avera,220048,240,Booked,Texas Tige - TX562,,TX,Conroe,2026-08-19,2026-08-27,2026-08-27,2025,Boat,New,739,14.59,3.52,gott,12070,12047,7.24,13000,25000,false,23,0,8.74,Core,Core,1.17,13202.88,6,0,187850,842,Source One Financial Services,TX, eric jones,1,0,TX562,Core
250796,thovey,20684.25,144,Booked,Liberty RV-MO107,,MO,Liberty,2026-08-19,2026-08-26,2026-08-26,2018,RV,Used,,23.68,3.99,jweller,9901,9836,10.99,900,900,false,63,2,12.49,Core,Core,1.13,1241.06,6,0,18250,707,Source One Financial Services,MO, shawn wiegers,1,0,MO107,Core
250677,mlomedico,18120.09,144,Decline,General RV Center - South Weber - UT132,General RV,UT,South Weber,2026-08-19,,,2027,RV,New,,52.93,4.73,ljablonoski,,13,10.24,8000,8000,false,,,11.74,Core,Core,0.77,0,,0,23525,684,Source One Financial Services,UT, troy tebbs,0,0,UT132,Core
250681,mlomedico,31594.51,180,Auto Approval,Moix RV - Hot Springs Landing LLC - AR135,,AR,Hot Springs,2026-08-19,2026-08-20,,2027,RV,New,684,39.98,2,jweller,,1389,10.74,18300,18300,false,,,11.74,Silver 1,Core,0.69,0,,0,46025,699,Source One Financial Services,LA, brayden fisher,1,1,AR135,Silver
250774,,42927.87,180,Auto Decline,Ron Hoover - Odessa - TX495,Ron Hoover,TX,Odessa,2026-08-19,,,2026,RV,New,,23.27,11.6,gott,,9,22.99,4300,4300,false,,,23.99,Bronze,Bronze,0.98,0,,0,43865,,Source One Financial Services,TX, leo correa,0,0,TX495,Business First
250643,mnava,46692.79,180,Decline,Rock Solid Funding LLC - TX536,RSF,TX,BEDFORD,2026-08-19,,,2017,RV,Used,,62.23,6.04,S1House,,38,8.49,0,0,false,,,9.99,Core,Core,0.82,0,,0,56950,805,Source One Financial Services,AZ, ashley rogers,0,0,TX536,Core
250777,,53720.57,240,Auto Decline,Bish's RV of Birmingham - AL172,Bish's RV,AL,calera,2026-08-19,,,2026,RV,New,623,34.99,4.32,jsmith,,0,9.99,200,6724,false,,,11.49,Core,Core,1.24,0,,0,43456.85,708,Source One Financial Services,AL,,0,0,AL172,Core
250782,hhisek,10481.24,120,Auto Approval,AC Nelsen RV World -MN5005,,MN,SHAKOPEE,2026-08-19,2026-08-19,,2026,RV,New,,20.24,2.21,dzilberchtein,,179,9.99,2200,2200,false,,,11.49,Core,Core,0.49,0,,0,21220,708,Source One Financial Services,MN, eric scott,1,1,MN5005,Core
250762,hhisek,12155,120,Conditional Approval,Wana RV Center - IN218,,IN,Shipshewana,2026-08-19,2026-08-19,,2026,RV,New,,5.75,5.21,jharrington1,,184,12.99,1250,1250,false,,,12.99,Silver 1,Not Applicable,0.92,0,,0,13188,642,Connexus Credit Union,IN, derek roe,1,1,IN218,Not Applicable
250739,pmeza,32455,120,Decline,BLUE COMPASS RV  DES MOINES-IA222,Blue Compass,IA,ALTOONA,2026-08-19,,,2017,RV,Used,,45.14,10.71,gcoulombe,,15,11.24,500,500,false,,,12.74,Core,Core,0.89,0,,0,36500,687,Source One Financial Services,IA, roscoe vacco,0,0,IA222,Core
250779,,35923.32,180,Auto Decline,General RV - Ocala - FL237,General RV,FL,Ocala,2026-08-19,,,2025,RV,Used,,34.03,2.65,pcarter,,0,14.99,0,0,false,,,15.99,Silver 2,Silver 2,1,0,,0,35850,637,Source One Financial Services,FL,,0,0,FL237,Silver
250711,mlomedico,106593.49,240,Conditional Approval,Blue Compass RV - Colorado Springs - CO160,Blue Compass,CO,COLORADO SPRINGS,2026-08-19,2026-08-19,,2025,RV,Used,765,42.24,3.4,dzilberchtein,,45,9.49,10000,24020,false,,,10.99,Core,Core,1.14,0,,0,93799,753,Source One Financial Services,CO, chris manaois,1,1,CO160,Core
250657,hhisek,34767.18,180,Booked,Fun Town RV Amarillo - TX508,Fun Town,TX,Amarillo,2026-08-19,2026-08-21,2026-08-21,2027,RV,New,,26.06,4.31,gott,3189,2917,9.99,1500,1500,false,24,248,10.99,Core,Core,1.46,1390.69,4,0,23833,710,Source One Financial Services,TX, brenden boggs,1,0,TX508,Core
250604,thovey,57823,240,Approved,CAMPERLAND OF OKLAHOMA - OK129,,OK,TULSA,2026-08-19,2026-08-19,,2022,RV,Used,,38.68,6.84,jweller,,50,7.74,0,0,false,,,9.49,Core,Core,0.9,0,,0,63900,808,Source One Financial Services,OK, joe sexson,1,1,OK129,Core
250615,hhisek,129681.5,240,Decline,GREAT AMERICAN RV SUPERSTORE-CALERA - AL143,,AL,CALERA,2026-08-19,,,2026,RV,New,,41.72,10.58,jsmith,,58,13.74,0,0,false,,,14.74,Silver 1,Silver 1,1.08,0,,0,119596,652,Source One Financial Services,AL, mike lindemood,0,0,AL143,Silver
250680,,62587.77,240,Cancelled,SKAGGS RV OUTLET - KY113,,KY,ELIZABETHTOWN,2026-08-19,,,2027,RV,New,,0,0,jharrington1,,,22.99,2000,-5490.22,false,,,23.99,Bronze,Bronze,1.54,0,,0,40718,,Source One Financial Services,KY, donnie simoneit,0,0,KY113,Business First
250731,hhisek,81029.16,240,Decline,Texas Boat World -TX378,,TX,Harker Heights,2026-08-19,,,2026,Boat,New,,49.08,15.49,gott,,3,9.99,10000,10000,false,,,11.49,Core,Core,1.21,0,,0,67103.14,711,Source One Financial Services,TX,,0,0,TX378,Core
250732,hhisek,62784.59,144,Decline,RV Station LTD - Tyler -TX324,,TX,Tyler,2026-08-19,,,2026,RV,Used,,13.44,4.55,gott,,9,10.24,0,7905,false,,,11.74,Core,Core,0.65,0,,0,96100,689,Source One Financial Services,TX, evan whitaker,0,0,TX324,Core
250831,pmeza,17739.29,168,Auto Approval,Blue Compass RV - Park City-KS117,Blue Compass,KS,Park City,2026-08-19,2026-08-19,,2022,RV,Used,796,11.22,1.6,jweller,,12,7.99,0,5320,false,,,9.49,Core,Core,0.71,0,,0,25050,827,Source One Financial Services,KS, kurt bull,1,1,KS117,Core
250663,ccampos,81358,168,Auto Approval,General RV Center - Salisbury - NC137,General RV,NC,Salisbury,2026-08-19,2026-08-21,,2014,RV,Used,,44.79,12.91,jsmith,,3175,10.99,20000,18500,false,,,12.49,Core,Core,0.74,0,,0,109700,760,Source One Financial Services,NC, justin clearfield,1,1,NC137,Core
250781,edominguez,56044.6,204,Auto Approval,RV Country - Show Low - AZ366,RV Country,AZ,Lakeside,2026-08-19,2026-08-19,,2021,RV,Used,,48.11,7.52,edominguez,,63,9.24,8400,8400,false,,,10.74,Core,Core,1.15,0,,0,48900,769,Source One Financial Services,AZ, matthew ellison,1,1,AZ366,Core
250905,mnava,13680.26,144,Auto Approval,Fun Town RV - Little Rock - AR126,Fun Town,AR,Bryant,2026-08-20,2026-08-20,,2026,RV,New,793,5.24,1.56,jweller,,26,7.49,4000,4000,false,,,8.99,Core,Core,0.67,0,,0,20450.5,853,Source One Financial Services,AR, wade meeks,1,1,AR126,Core
250947,mlomedico,21428,180,Decline,4Zs RVs -IN163,Easy Care,IN,PERU,2026-08-20,,,2018,RV,Used,584,19.48,3.18,jharrington1,,51,8.49,2200,2200,false,,,9.99,Core,Core,1.01,0,,0,21300,807,Source One Financial Services,IN, jim lakes,0,0,IN163,Core
251001,,64500,180,Auto Decline,All N One Marine and Powersports LLC-OK153,,OK,Oklahoma City,2026-08-20,,,2024,Boat,Used,,33.55,3.81,jweller,,0,14.99,20000,20000,false,,,15.99,Silver 2,Silver 2,0.89,0,,0,72120,626,Source One Financial Services,TX,,0,0,OK153,Silver
251110,,71794.59,240,Auto Decline,HAVA STYLE RECREATION - AZ304,,AZ,LAKE HAVASU CITY,2026-08-20,,,2024,RV,New,678,37.44,7.11,edominguez,,0,14.99,2000,2000,false,,,15.99,Silver 2,Silver 2,0.88,0,,0,81972,631,Source One Financial Services,AZ,,0,0,AZ304,Silver
251002,hhisek,36486.48,180,Auto Approval,Princess Craft RV -TX191,,TX,Round Rock,2026-08-20,2026-08-20,,2026,RV,New,674,37.87,2.89,gott,,24,9.99,3700,3700,false,,,11.49,Core,Core,1,0,,0,36530,701,Source One Financial Services,TX, lane lambright-reed,1,1,TX191,Core
250971,,113117.7,180,Auto Decline,Fun Town RV - Kansas City - MO231,Fun Town,MO,Buckner,2026-08-20,,,2026,RV,New,642,23.72,4.46,jweller,,0,14.99,31000,-24770.26,false,,,15.99,Silver 2,Silver 2,1.19,0,,0,94663,629,Source One Financial Services,MN,,0,0,MO231,Silver
250919,jrubi,61076.57,240,Contract Received,BOBBY WAYNES RV - SCA111,,CA,LANCASTER,2026-08-20,2026-08-27,,2026,RV,New,,43.06,4.52,jrubi,,10528,9.49,5300,5300,false,,4,10.99,Core,Core,0.97,0,,0,62844,709,Source One Financial Services,CA,,1,1,SCA111,Core
251033,rsimmons,50428.68,204,Decline,EMPIRE RV and MARINE - TX463,,TX,LIBERTY,2026-08-20,,,2023,RV,Used,,33.19,12.03,gott,,7,13.24,0,8500,false,,,14.24,Silver 1,Silver 1,0.68,0,,0,74305,670,Source One Financial Services,TX, john zolfaghari,0,0,TX463,Silver
250871,rsimmons,49764.25,180,Verifications Incomplete,Bish's RV of Birmingham - AL172,Bish's RV,AL,calera,2026-08-20,2026-08-27,,2021,RV,Used,,32.66,3.72,jsmith,,10256,9.24,2500,2500,false,,2,10.74,Core,Core,1.3,2985.86,6,0,38350,761,Source One Financial Services,AL, todd miillsap,1,1,AL172,Core
250926,,73404.47,240,Auto Decline,BLUE COMPASS RV - SOUTH HOUSTON  - TX421,Blue Compass,TX,Alvin,2026-08-20,,,2026,RV,New,534,61.51,4.5,gott,,0,14.99,10000,10000,false,,,15.99,Silver 2,Silver 2,0.98,0,,0,75140,639,Source One Financial Services,TX,,0,0,TX421,Silver
250944,mnava,38918.94,204,Booked,ROYS RV SUPERCENTER LLC - WV101,,WV,ELKINS,2026-08-20,2026-08-21,2026-08-21,2027,RV,New,,30.63,8.83,jharrington1,1667,1657,10.24,4000,4000,false,9,1,11.74,Core,Core,0.96,2335.14,6,0,40655,694,Source One Financial Services,WV, aaron harlan,1,0,WV101,Core
250882,eavila,74965.72,180,Conditional Approval,La Mesa RV Center - Albuquerque - NM109,La Mesa,NM,Albuquerque,2026-08-20,2026-08-20,,2022,RV,Used,,36.74,6.56,edominguez,,36,13.24,31250,31250,false,,,14.24,Silver 1,Silver 1,0.75,0,,0,99850,668,Source One Financial Services,TX, erika davidson,1,1,NM109,Silver
251009,,95678.99,240,Auto Decline,Big D Marine and Powersports -TX205,,TX,Huntsville,2026-08-20,,,2026,Boat,New,,29.2,9.18,gott,,0,14.99,2000,11675,false,,,15.99,Silver 2,Silver 2,1.18,0,,0,80854,634,Source One Financial Services,TX,,0,0,TX205,Silver
250865,sbaker,46244.93,180,Auto Approval,SMITH MOTOR CO OF HATTIESBURG INC - MS107,,MS,HATTIESBURG,2026-08-20,2026-08-20,,2027,Boat,New,649,37.77,2.42,jsmith,,332,7.99,500,500,false,,,9.49,Core,Core,1.09,0,,0,42579.45,781,Source One Financial Services,MS, lisa hartfield,1,1,MS107,Core
250966,mlomedico,85092.74,204,Booked,BLUE COMPASS RV - DENTON - TX148,Blue Compass,TX,Denton,2026-08-20,2026-08-21,2026-08-26,2026,RV,New,726,38.55,5.6,gott,8691,1370,8.99,5000,5000,false,7318,3,10.49,Core,Core,0.99,5105.56,6,0,86090,756,Source One Financial Services,TX, chad pickens,1,0,TX148,Core
250878,avera,28010,180,Approved,Hometown RV LLC- PA138,Warrior Performance,PA,Brockway,2026-08-20,2026-08-20,,2026,RV,New,656,34.91,2.91,jharrington1,,24,7.99,10000,10000,false,,,9.49,Core,Core,0.72,0,,0,38728,785,Source One Financial Services,PA, jimmy orapello,1,1,PA138,Core
251055,Jhill,22287.5,204,Auto Approval,Your RV Broker - TX380,,TX,JUSTIN,2026-08-20,2026-08-21,,2021,RV,Used,826,27.99,1.22,gott,,1332,7.99,500,500,false,,,9.49,Core,Core,1.03,0,,0,21700,841,Source One Financial Services,TX,,1,1,TX380,Core
251037,,19322.64,180,Auto Decline,ROYS RV SUPERCENTER LLC - WV101,,WV,ELKINS,2026-08-20,,,2025,RV,New,,109.53,13.37,jharrington1,,0,22.99,8000,8000,false,,,23.99,Bronze,Bronze,0.69,0,,0,28115,596,Source One Financial Services,WV,,0,0,WV101,Business First
250934,hhisek,35228.76,204,Pending,Fun Town RV - Cleburne -TX108,Fun Town,TX,Cleburne,2026-08-20,2026-08-23,,2017,RV,Used,,33.8,6.67,S1House,,4398,11.74,500,5800,false,,,13.24,Core,Core,0.72,0,,0,48750,740,Source One Financial Services,TX, laci boulware,0,0,TX108,Core
251091,sflynn,69303,240,Approved,Fun Town RV Houston LLC -TX244,Fun Town,TX,Wharton,2026-08-20,2026-08-20,,2027,RV,New,,25.54,4.71,gott,,30,8.74,5000,5000,false,,,10.24,Core,Core,1.09,0,,0,63399,761,Source One Financial Services,TX, ryan engibous,1,1,TX244,Core
251111,eavila,67244.59,180,Decline,HAVA STYLE RECREATION - AZ304,,AZ,LAKE HAVASU CITY,2026-08-20,,,2024,RV,New,631,36.54,6.21,edominguez,,1000,12.49,6550,6550,false,,,13.49,Silver 1,Not Applicable,0.82,0,,0,81972,678,Ideal Credit Union,AZ, jaimie paterson,0,0,AZ304,Not Applicable
251079,hhisek,69919.13,180,Decline,Blue Compass RV - South Beumont - TX551,Blue Compass,TX,Vidor,2026-08-20,,,2025,RV,Used,,19.41,2.81,gott,,62,12.49,65000,65000,false,,,13.49,Silver 1,Not Applicable,0.41,0,,0,172300,677,Connexus Credit Union,CA, brett massey,0,0,TX551,Not Applicable
250896,ahunt,43156,180,Decline,Colmans Country Campers - IL155,,IL,Hartford,2026-08-20,,,2026,RV,New,549,2.77,0.89,gcoulombe,,7,13.74,0,0,false,,,14.74,Silver 1,Silver 1,1.33,0,,0,32399,656,Source One Financial Services,IL, david sanders,0,0,IL155,Silver
251089,mnava,23387.7,180,Auto Approval,SMITH MOTOR CO OF HATTIESBURG INC - MS107,,MS,HATTIESBURG,2026-08-20,2026-08-21,,2027,Boat,New,668,49.75,2.63,jsmith,,1101,7.49,6000,6000,false,,,8.99,Core,Core,0.81,0,,0,28710.1,811,Source One Financial Services,KY, elizabeth aycox,1,1,MS107,Core
250903,ccampos,24675.72,180,Decline,Top Notch RV LLC - NC149,,NC,Benson,2026-08-20,,,2021,RV,Used,523,23,2.26,jsmith,,9,13.24,2600,2600,false,,,14.24,Silver 1,Silver 1,0.94,0,,0,26150,673,Source One Financial Services,AL, david hall,0,0,NC149,Silver
250849,avera,78934.08,216,Auto Approval,La Mesa RV Center - Davie - FL316,La Mesa,FL,Davie,2026-08-20,2026-08-24,,2019,RV,Used,,34.53,9.02,pcarter,,6204,10.24,1000,10817,false,,,11.74,Core,Core,0.94,0,,0,83650,730,Source One Financial Services,FL, justin blackmon,1,1,FL316,Core
250845,,33031.58,180,Auto Decline,REINEKE RV - LIMA - OH182,,OH,LIMA,2026-08-20,,,2027,RV,New,,11.48,7.95,jharrington1,,0,22.99,3300,3300,false,,,23.99,Bronze,Bronze,0.91,0,,0,36315,609,Source One Financial Services,FL,,0,0,OH182,Business First
250951,hhisek,68862.86,240,Decline,Fun Town RV Orange LP - TX468,Fun Town,TX,Orange,2026-08-20,,,2025,RV,Used,732,54.13,6.49,gott,,4,10.24,2500,2500,false,,,11.74,Core,Core,0.84,0,,0,81550,691,Source One Financial Services,TX, nicholas quicksell,0,0,TX468,Core
251084,,168259.46,240,Auto Decline,La Mesa RV Center - Sanford - FL315,La Mesa,FL,Sanford,2026-08-20,,,2018,RV,Used,,73.48,43.11,pcarter,,32,22.99,20000,20851.49,false,,,23.99,Bronze,Core,1,0,,0,168575,707,Source One Financial Services,FL, thomas mihok,0,0,FL315,Business First
250967,pmeza,12880.91,120,Booked,Midwest RV Center -MO114,,MO,St Louis,2026-08-20,2026-08-21,2026-08-26,2025,RV,New,,19.83,1.33,jweller,8959,1677,12.24,5000,5000,false,4574,2708,13.99,Core,Core,0.81,901.66,7,0,15939,680,Source One Financial Services,MO, jake meyer,1,0,MO114,Core
250900,,46709.25,180,Cancelled,Premier Financial Service - TX548,,TX,Los Fresnos,2026-08-20,,,2021,Boat,Used,,0,0,gott,,,22.99,16000,16000,false,,,23.99,Bronze,Bronze,0.99,0,,0,47000,,Source One Financial Services,TX, oscar salinas,0,0,TX548,Business First
250973,thovey,114638.74,240,Conditional Approval,Blue Compass RV - Wheat Ridge - CO162,Blue Compass,CO,Wheat Ridge,2026-08-20,2026-08-20,,2027,RV,New,853,26.68,5.52,dzilberchtein,,65,7.24,35000,22000,false,,,8.74,Core,Core,1.24,0,,0,92374,831,Source One Financial Services,CO, shawn nelson,1,1,CO162,Core
250880,rsimmons,17453.43,204,Auto Approval,"Ron Hoover Companies of Lake Conroe, Inc -TX280",Ron Hoover,TX,Willis,2026-08-20,2026-08-20,,2026,RV,New,663,20.91,2.02,gott,,360,9.99,3000,3000,false,,,11.49,Core,Core,0.73,0,,0,23875.88,711,Source One Financial Services,TX, gilbert salazar,1,1,TX280,Core
251028,thovey,71761.16,204,Decline,Blue Compass RV - Charlotte - NC153,Blue Compass,NC,Concord,2026-08-20,,,2027,RV,New,,39.43,5.39,jsmith,,36,11.99,4500,13948.76,false,,,12.99,Silver 1,Silver 1,1.01,0,,0,70933,663,Source One Financial Services,NC, josh ball,0,0,NC153,Silver
251048,rsimmons,68966.89,240,Auto Approval,BLUE COMPASS RV - CORPUS CHRISTI - TX459,Blue Compass,TX,CORPUS CHRISTI,2026-08-20,2026-08-21,,2026,RV,New,,21.82,3.67,gott,,1098,7.99,5000,5000,false,,,9.49,Core,Core,0.96,0,,0,71494,793,Source One Financial Services,TX, elisa escamilla,1,1,TX459,Core
250857,sflynn,249449.92,240,Decline,Dockside Marine LLC - ETX118,EPIC,TX,Montgomery,2026-08-20,,,2025,Boat,Used,,50.74,19.39,S1House,,10,9.49,49000,49000,false,,,10.99,Core,Core,0.96,0,,0,260000,751,Source One Financial Services,TX, jp lixie,0,0,ETX118,Core
251044,,23020.58,180,Auto Decline,Blue Compass RV - Tampa - FL301,Blue Compass,FL,Dover,2026-08-20,,,2026,RV,New,,32.42,8.3,wstoutimore,,0,14.99,3000,3000,false,,,15.99,Silver 2,Silver 2,1,0,,0,23004,637,Source One Financial Services,FL,,0,0,FL301,Silver
251093,sflynn,45510.99,180,Auto Approval,Fun Town RV - Cleburne -TX108,Fun Town,TX,Cleburne,2026-08-20,2026-08-21,,2026,RV,New,,33.54,2.64,S1House,,1088,7.49,0,0,false,,,8.99,Core,Core,1.04,0,,0,43847,822,Source One Financial Services,TX, brenden boggs,1,1,TX108,Core
250847,sbaker,20591.43,144,Conditional Approval,H2O SPORTZ and MARINE LLC - AR102,,AR,North Little Rock,2026-08-20,2026-08-20,,2027,Boat,New,,29.31,3.06,jweller,,87,7.74,3100,3100,false,,,8.49,Core,Not Applicable,1.25,0,,0,16480,720,Connexus Credit Union,OK, herb skiles,1,1,AR102,Not Applicable
250913,pmeza,68209.86,240,Booked,Blue Compass RV - Surprise - AZ363,Blue Compass,AZ,Surprise,2026-08-20,2026-08-27,2026-08-27,2026,RV,New,,28.64,6.69,edominguez,10357,10255,7.24,1000,6000,false,102,0,8.74,Core,Core,0.96,4092.59,6,0,70862,827,Source One Financial Services,AZ, zachary lauer,1,0,AZ363,Core
250884,ccampos,12101.57,120,Auto Approval,Blue Compass RV - Charlotte - NC153,Blue Compass,NC,Concord,2026-08-20,2026-08-20,,2020,RV,Used,,13.35,3.18,jsmith,,53,13.24,2500,2500,false,,,14.24,Silver 1,Silver 1,0.6,0,,0,20150,663,Source One Financial Services,NC, rylie seda,1,1,NC153,Silver
251078,ccampos,45969.79,180,Decline,Blue Compass RV - Tyler - TX552,Blue Compass,TX,Tyler,2026-08-20,,,2026,RV,New,,31.65,5.39,gott,,10,9.99,2250,2250,false,,,11.49,Core,Core,0.84,0,,0,54904,707,Source One Financial Services,TX, clay coleman,0,0,TX552,Core
250943,hhisek,30023.59,180,Decline,Fun Town RV-Giddings -TX314,Fun Town,TX,Giddings,2026-08-20,,,2026,RV,New,,24.72,7.23,gott,,12,12.49,1500,1500,false,,,13.49,Silver 1,Silver 1,0.77,0,,0,38777,664,Source One Financial Services,TX, angela morrell,0,0,TX314,Silver
250876,thovey,18682.85,144,Booked,LakeWood RV Sales -MO135,,MO,Downing,2026-08-20,2026-08-21,2026-08-24,2022,RV,Used,696,23.36,1.98,jweller,6196,1547,9.99,0,0,false,4639,10,9.99,Core,Core,0.94,0,0,0,19900,731,Source One Financial Services,IA,,1,0,MO135,Core
251082,thovey,22281.54,144,Decline,Susquehanna Valley RV - Bloomsburg - PA116,,PA,Bloomsburg,2026-08-20,,,2014,RV,Used,,34.48,6.16,jharrington1,,37,11.49,5000,5000,false,,,12.99,Core,Core,0.8,0,,0,27810,715,Source One Financial Services,PA, udele bingaman,0,0,PA116,Core
250986,jharrington1,129000,144,Auto Approval,KY Boats LLC - KY149,,KY,Richmond,2026-08-20,2026-08-27,,2026,Boat,New,,42.6,5.45,jharrington1,,9735,7.49,8845.5,8845.5,false,,,8.99,Core,Core,1.09,0,,0,118068,849,Source One Financial Services,KY, christan wilson,1,1,KY149,Core
251056,rsimmons,41649.81,204,Decline,GREAT AMERICAN RV SUPERSTORE-TUPELO - MS114,,MS,BELDEN,2026-08-20,,,2026,RV,New,,10.25,3.39,jsmith,,9,9.49,5000,5000,false,,,10.99,Core,Core,1.18,0,,0,35308.5,748,Source One Financial Services,SD, dj miller,0,0,MS114,Core
250964,,54570,180,Auto Decline,"Brownies Marine Sales, Inc. -IN124",,IN,Fairland,2026-08-20,,,2022,Boat,Used,729,33.83,8.35,jharrington1,,0,15.74,0,8000,false,,,16.74,Silver 2,Silver 2,0.91,0,,,59835,627,Source One Financial Services,IN,,0,0,IN124,Silver
250879,ccampos,167478.34,204,Auto Approval,South Florida Marine - EFL125,EPIC,FL,Boynton Beach,2026-08-20,2026-08-27,,2022,Boat,Used,,46.32,9.5,S1House,,10110,10.24,15000,15000,false,,,11.74,Core,Core,0.72,0,,0,232000,727,Source One Financial Services,FL, jp lixie,1,1,EFL125,Core
250808,pmeza,91176.51,216,Auto Approval,Family RV LLC - OR129,,OR,Salem,2026-08-20,2026-08-26,,2020,RV,Used,863,22.58,5.41,ljablonoski,,8624,7.74,20000,20000,false,,,8.99,Core,Core,0.87,0,,0,104325,897,Source One Financial Services,WA,,1,1,OR129,Core
250925,,40874.1,180,Auto Decline,Blue Compass RV - Albuquerque - NM112,Blue Compass,NM,Albuquerque,2026-08-20,,,2027,RV,New,,35.17,10.6,edominguez,,0,22.99,4000,4000,false,,,23.99,Bronze,Bronze,1.03,0,,0,39813,596,Source One Financial Services,NM,,0,0,NM112,Business First
251004,mlomedico,28135,180,Pending,Tim's Toys-NM106,,NM,Albuquerque,2026-08-20,2026-08-26,,2018,RV,Used,816,8.62,1.98,edominguez,,8651,7.74,15000,29000,false,,,8.99,Core,Not Applicable,0.51,0,,0,55680,850,Connexus Credit Union,NM, randy chavez,0,0,NM106,Not Applicable
250863,thovey,56282.79,180,Decline,Rock Solid Funding LLC - TX536,RSF,TX,BEDFORD,2026-08-20,,,2025,RV,Used,752,52.83,10.65,S1House,,34,9.99,5600,5600,false,,,11.49,Core,Core,0.81,0,,0,69410,701,Source One Financial Services,TN, serena pulliam,0,0,TX536,Core
251090,jrubi,49576.57,240,Decline,Sky River RV - Paso Robles - SCA146,SkyRiver,CA,Paso Robles,2026-08-20,,,2026,RV,New,565,16.33,8.26,jrubi,,30,13.74,30000,30000,false,,,14.74,Silver 1,Silver 1,0.65,0,,0,76620,649,Source One Financial Services,CA, austin harding,0,0,SCA146,Silver
250920,mnava,13699.43,144,Booked,Fun Town RV - Little Rock - AR126,Fun Town,AR,Bryant,2026-08-20,2026-08-26,2026-08-26,2026,RV,New,793,5.24,1.56,jweller,8838,8816,7.49,4000,4000,false,22,0,8.99,Core,Core,0.67,821.97,6,0,20450.5,853,Source One Financial Services,AR, wade meeks,1,0,AR126,Core
251025,,86922.65,240,Auto Decline,MURPHY RV LLC - FL184,,FL,MELBOURNE,2026-08-20,,,2022,RV,Used,,71.64,26.04,pcarter,,0,10.74,1000,1000,false,,,12.24,Core,Core,0.92,0,,0,94400,699,Source One Financial Services,MI,,0,0,FL184,Core
250894,eavila,30128,180,Booked,Rock Solid Funding LLC - TX536,RSF,TX,BEDFORD,2026-08-20,2026-08-21,2026-08-26,2014,RV,Used,,36.26,5.9,S1House,8811,1587,9.49,1000,1000,false,7210,14,10.99,Core,Core,0.98,1807.68,6,0,30600,787,Source One Financial Services,TX, ashley rogers,1,0,TX536,Core
250890,hhisek,46232.75,180,Decline,Fun Town RV Houston LLC -TX244,Fun Town,TX,Wharton,2026-08-20,,,2026,RV,New,617,39.14,2.15,gott,,66,7.99,0,0,false,,,9.49,Core,Core,1,0,,0,46385,786,Source One Financial Services,TX, ryan engibous,0,0,TX244,Core
250924,pmeza,12115.96,216,Decline,Four Seasons RV - Andover - KS130,,KS,Andover,2026-08-20,,,2026,RV,New,,25.66,2.83,jweller,,43,13.74,2500,2500,false,,,14.74,Silver 1,Silver 1,0.83,0,,0,14664,645,Source One Financial Services,KS, billy james,0,0,KS130,Silver
251086,mlomedico,14751.45,120,Auto Approval,AMERICA GO RV - COMFORT - TX471,,TX,COMFORT,2026-08-20,2026-08-20,,2020,RV,Used,,28.26,2.34,gott,,55,10.24,1600,1600,false,,,11.74,Core,Core,0.9,0,,0,16450,723,Source One Financial Services,TX, eric sprague,1,1,TX471,Core
251108,mlomedico,16636.11,144,Decline,Campers Inn - Ocala - FL158,Campers Inn,FL,Ocala,2026-08-20,,,2026,RV,New,598,46.07,2.26,pcarter,,12,13.74,1000,1000,false,,,14.74,Silver 1,Silver 1,0.96,0,,0,17288,641,Source One Financial Services,FL, aaron brown,0,0,FL158,Silver
251047,hhisek,16097,144,Conditional Approval,General RV Center - North Canton - OH200,General RV,OH,North Canton,2026-08-20,2026-08-20,,2018,RV,Used,,23.28,2.58,jharrington1,,24,11.24,1500,1500,false,,,12.74,Core,Core,1.21,0,,0,13250,696,Source One Financial Services,PA, jon williams,1,1,OH200,Core
250969,sbaker,160895.12,180,Decline,AIRSTREAM OF DFW - TX447,,TX,FORT WORTH,2026-08-20,,,2025,RV,Used,,38.68,8.18,gott,,133,7.49,15000,15000,false,,,8.99,Core,Not Applicable,0.92,0,,0,174850,828,Ideal Credit Union,TX, chad pinson,0,0,TX447,Not Applicable
250916,Jhill,76439.21,240,Auto Decline,Pete's RV Center - Chesapeake - VA113,Pete's RV,VA,Chesapeake,2026-08-20,,,2026,RV,New,687,29.36,3.81,jsmith,,81,9.99,5000,9467,false,,,11.49,Core,Core,1,0,,0,76453,704,Source One Financial Services,VA, jason loper,0,0,VA113,Core
251045,hhisek,27439.8,180,Decline,ADVENTURE MOTORHOMES - SC118,,SC,GREEER,2026-08-20,,,2027,RV,New,,43.07,2.61,jsmith,,22,12.49,3050,3050,false,,,13.49,Silver 1,Silver 1,0.79,0,,0,34550,670,Source One Financial Services,GA, keith palmer,0,0,SC118,Silver
250840,avera,50647.2,180,Decline,Campers Inn - Ocala - FL158,Campers Inn,FL,Ocala,2026-08-20,,,2021,RV,Used,430,28.68,4.08,pcarter,,6,9.24,4000,-6749,false,,,10.74,Core,Core,1.14,0,,0,44485,773,Source One Financial Services,KY, scott mckeever,0,0,FL158,Core
251042,Jhill,46387.5,180,Approved,Marine Specialty - EKS101,EPIC,KS,Wilson,2026-08-20,2026-08-20,,2025,Boat,New,,25.65,3.4,S1House,,37,7.49,5000,5000,false,,,8.99,Core,Core,0.99,0,,0,46925,853,Source One Financial Services,CO, mark roberts,1,1,EKS101,Core
250881,mlomedico,75589,240,Decline,Lakeland RV -WI515,,WI,Milton,2026-08-20,,,2027,RV,New,735,67.31,7.18,dzilberchtein,,29,7.24,30000,30000,false,,,8.74,Core,Core,1.23,0,,0,61515,808,Source One Financial Services,IL, kevin schmidt,0,0,WI515,Core
251116,pmeza,19412,168,Auto Approval,Blue Compass RV - Park City-KS117,Blue Compass,KS,Park City,2026-08-20,2026-08-20,,2019,RV,Used,,31.16,3.3,jweller,,17,9.74,0,0,false,,,11.24,Core,Core,1.22,0,,0,15900,775,Source One Financial Services,KS, hailli barnes,1,1,KS117,Core
251100,mlomedico,166690,240,Decline,Blue Compass RV - Charleston - SC138,Blue Compass,SC,Ladson,2026-08-20,,,2026,RV,New,633,55.72,11.98,jsmith,,34,13.74,25000,29800,false,,,14.74,Silver 1,Silver 1,1.03,0,,0,162589,660,Source One Financial Services,NC, rebecca justus,0,0,SC138,Silver
251118,eavila,57522.15,180,Auto Approval,GREAT AMERICAN RV SUPERSTORE-HATTIESBURG - MS113,,MS,HATTIESBURG,2026-08-20,2026-08-20,,2026,RV,New,,41.76,4.76,jsmith,,15,9.49,0,0,false,,,10.99,Core,Core,0.98,0,,0,58490,755,Source One Financial Services,MS, ryan campbell,1,1,MS113,Core
250989,rsimmons,35022.4,180,Auto Approval,BLUE COMPASS RV - SOUTH HOUSTON  - TX421,Blue Compass,TX,Alvin,2026-08-20,2026-08-21,,2022,RV,Used,619,30.01,2.34,gott,,1376,13.24,3590,3590,false,,,14.24,Silver 1,Silver 1,0.95,0,,0,36950,668,Source One Financial Services,TX, lucy anzaldua,1,1,TX421,Silver
251035,hhisek,56410.86,180,Decline,General RV - Richmond - VA117,General RV,VA,Ashland,2026-08-20,,,2027,RV,New,,39.33,8.26,jsmith,,80,12.49,6000,6000,false,,,13.49,Silver 1,Not Applicable,0.78,0,,0,72587,676,Connexus Credit Union,VA, joey gormus,0,0,VA117,Not Applicable
250985,,23673.58,180,Auto Decline,Blue Compass RV - Nashville - TN158,Blue Compass,TN,Lebanon,2026-08-20,,,2025,RV,Used,,54,9.08,jsmith,,0,12.49,2000,2000,false,,,13.49,Silver 1,Silver 1,0.9,0,,0,26400,675,Source One Financial Services,TN,,0,0,TN158,Silver
251112,mnava,15217.29,144,Booked,LEMKE RV LLC - NCA116,,CA,ROCKLIN,2026-08-20,2026-08-22,2026-08-26,2019,RV,Used,784,48.07,1.68,jrubi,8342,2660,8.49,2000,2000,false,1140,4542,8.49,Core,Core,1.21,0,0,0,12550,805,Source One Financial Services,CA,,1,0,NCA116,Core
251058,pmeza,38422.75,204,Booked,American Water Sports- MO222,,MO,Shell Knob,2026-08-20,2026-08-24,2026-08-24,2008,Boat,Used,,27.29,3.39,jweller,5692,5607,8.99,0,0,false,46,39,9.99,Core,Core,1.25,1536.91,4,0,30650,864,Source One Financial Services,MO, megan miller,1,0,MO222,Core
250859,sbaker,82340.02,240,Auto Approval,TAC RV - NC121,,NC,Moyock,2026-08-20,2026-08-20,,2027,RV,New,706,40.69,8.53,jsmith,,21,9.49,7500,7500,false,,,10.99,Core,Core,1.06,0,,0,77925,760,Source One Financial Services,VA, dana overman,1,1,NC121,Core
251017,eavila,55733.52,204,Booked,Blue Compass RV - Macon - GA157,Blue Compass,GA,Byron,2026-08-20,2026-08-22,2026-08-22,2027,RV,New,,19.81,9.21,jsmith,3004,2911,9.74,5100,5100,false,93,0,11.24,Core,Core,1.23,3344.01,6,0,45374,721,Source One Financial Services,GA, zach carmichael,1,0,GA157,Core
250860,Jhill,69547.6,180,Auto Approval,CAMPERS INN ATLANTA -GA122,Campers Inn,GA,TUCKER,2026-08-20,2026-08-20,,2026,RV,New,,18.88,9.38,jsmith,,59,9.5,7200,7200,false,,,10,Core,Not Applicable,0.98,0,,0,71315,686,Ideal Credit Union,GA, scott hayes,1,1,GA122,Not Applicable
251007,,23278.51,144,Auto Decline,Moix RV - Conway - AR134,,AR,Conway,2026-08-20,,,2027,RV,New,,34.7,6.37,jweller,,0,22.99,2500,2500,false,,,23.99,Bronze,Bronze,0.92,0,,0,25184,,Source One Financial Services,AR,,0,0,AR134,Business First
250998,mnava,27786.69,180,Auto Approval,CAMPING NATION RVS LLC - AZ322,,AZ,MESA,2026-08-20,2026-08-20,,2022,RV,Used,,33.62,7.97,edominguez,,178,9.99,3500,3500,false,,,10.74,Core,Not Applicable,0.99,0,,0,28000,718,Connexus Credit Union,PA, zachary booth,1,1,AZ322,Not Applicable
251063,thovey,15604,180,Auto Decline,Sunrise Rv's - WA124,,WA,Omak,2026-08-20,,,2014,RV,Used,,20.79,4.41,ljablonoski,,944,16.74,4000,4000,false,,,17.74,Silver 2,Silver 2,0,0,,0,0,631,Source One Financial Services,WA,,0,0,WA124,Silver
250946,,33248.77,180,Auto Decline,General RV Center - North Canton - OH200,General RV,OH,North Canton,2026-08-20,,,2020,RV,Used,571,1.04,0.38,jharrington1,,27,22.99,5000,5000,false,,,23.99,Bronze,Bronze,1.1,0,,0,30360,588,Source One Financial Services,OH, angelina evans,0,0,OH200,Business First
250968,jharrington1,12340,168,Auto Approval,"CountrySide RV Sales, LLC - KY140",,KY,Corbin,2026-08-20,2026-08-20,,2014,RV,Used,663,30.46,3.26,jharrington1,,160,14.24,2700,2700,false,,,15.24,Silver 1,Silver 1,1.09,0,,0,11300,664,Source One Financial Services,KY, nathaniel smith,1,1,KY140,Silver
250893,rsimmons,31776.61,204,Auto Approval,Crestview RV - Georgetown -TX177,Campers Inn,TX,Georgetown,2026-08-20,2026-08-21,,2018,RV,Used,,19.22,2.99,gott,,1613,10.99,3300,3300,false,,,12.49,Core,Core,0.92,0,,0,34500,701,Source One Financial Services,AL, yohannes samuel,1,1,TX177,Core
250910,jharrington1,21629,144,Auto Approval,"Midwest RV and Vans, Inc. -IN137",Canopy Financial,IN,Terre Haute,2026-08-20,2026-08-20,,2027,RV,New,,32.29,4.59,jharrington1,,285,7.49,0,9000,false,,,8.24,Core,Not Applicable,0.66,0,,0,32806,735,Connexus Credit Union,IN, matt kurtz,1,1,IN137,Not Applicable
251008,jharrington1,25185.08,180,Auto Approval,Blue Compass RV - Fort Wayne - IN217,Blue Compass,IN,Columbia City,2026-08-20,2026-08-20,,2025,RV,Used,,25.86,9.03,jharrington1,,17,11.24,2500,2500,false,,,12.74,Core,Core,0.95,0,,0,26450,689,Source One Financial Services,IL, tasha santos,1,1,IN217,Core
250980,,47442.7,180,Auto Decline,Rex and Sons RVs Inc - NC127,,NC,CASTLE HAYNE,2026-08-20,,,2014,RV,Used,,42.57,6.84,jsmith,,0,22.99,5000,5000,false,,,23.99,Bronze,Bronze,0.93,0,,0,50941,613,Source One Financial Services,NC,,0,0,NC127,Business First
251101,mlomedico,153564.33,240,Decline,SCENIC VIEW RV - VA109,,VA,WEST POINT,2026-08-20,,,2026,RV,New,744,58.03,7.92,jsmith,,30,7.49,8000,6000,false,,,8.99,Core,Core,1.28,0,,0,120070,807,Source One Financial Services,VA, nick bollhorst,0,0,VA109,Core
250930,hhisek,73943.61,240,Approved,Fun Town RV-Waller -TX539,Fun Town,TX,Waller,2026-08-20,2026-08-20,,2026,RV,New,687,35,5.02,gott,,28,9.74,5000,8861.58,false,,,11.24,Core,Core,0.97,0,,0,75909,737,Source One Financial Services,TX, meddie nieto,1,1,TX539,Core
250864,sbaker,21919,120,Auto Approval,"Vantage Recreational Finance, Inc. -FL291",VRF,FL,FORT LAUDERDALE,2026-08-20,2026-08-21,,2006,Boat,Used,,26.94,4.43,S1House,,1514,11.74,10000,10000,false,,,13.24,Core,Core,0.54,0,,0,40245,721,Source One Financial Services,MN, sean fitzpatrick,1,1,FL291,Core
250939,hhisek,73210.66,240,Decline,Fun Town RV - Texarkana - AR120,Fun Town,AR,Texarkana,2026-08-20,,,2026,RV,New,,45.45,6.43,jweller,,1319,9.74,0,10500,false,,,11.24,Core,Core,0.96,0,,0,76324,722,Source One Financial Services,TX, henry reyna,0,0,AR120,Core
250996,hhisek,42175.75,216,Conditional Approval,Campers Inn Kings Mountain -NC108,Campers Inn,NC,Kings Mountain,2026-08-20,2026-08-20,,2026,RV,New,701,27.24,2.38,jsmith,,8,7.49,0,0,false,,,8.99,Core,Core,1,0,,0,42120.75,814,Source One Financial Services,SC, hunter lee,1,1,NC108,Core
250856,rsimmons,30482.7,204,Booked,GREAT AMERICAN RV SUPERSTORE-TUPELO - MS114,,MS,BELDEN,2026-08-20,2026-08-22,2026-08-24,2022,RV,Used,,36.08,5.2,jsmith,6107,3176,10.74,2500,2500,false,2926,5,12.24,Core,Core,1.22,1828.96,6,0,25050,685,Source One Financial Services,MS, dj miller,1,0,MS114,Core
251005,jharrington1,25678.03,180,Decline,OPTIMUM RV Titusville - FL165,Optimum RV,FL,MIMS,2026-08-20,,,2019,RV,Used,,14.69,4.89,pcarter,,29,10.99,3500,3500,false,,,12.49,Core,Core,1,0,,0,25670,705,Source One Financial Services,FL, antonio owens,0,0,FL165,Core
250936,eavila,52499,240,Decline,"Vantage Recreational Finance, Inc. -FL291",VRF,FL,FORT LAUDERDALE,2026-08-20,,,2022,RV,Used,579,48.52,2.22,S1House,,28,13.24,8000,8000,false,,,14.24,Silver 1,Silver 1,0.81,0,,0,64700,674,Source One Financial Services,CA, brian decastro,0,0,FL291,Silver
251057,ccampos,44862.79,180,Decline,Rock Solid Funding LLC - TX536,RSF,TX,BEDFORD,2026-08-20,,,2023,RV,Used,,36.74,5.41,S1House,,85,10.49,4000,4000,false,,,11.99,Core,Not Applicable,0.88,0,,0,51000,712,Connexus Credit Union,CA, serena pulliam,0,0,TX536,Not Applicable
251003,mlomedico,60597.36,240,Auto Approval,Pleasureland RV Center - St Cloud - MN251,Pleasureland,MN,St Cloud,2026-08-20,2026-08-20,,2027,RV,New,,35.17,4.19,dzilberchtein,,30,9.49,4578.59,8828.59,false,,,10.99,Core,Core,1.09,0,,0,55608,719,Source One Financial Services,MN, jj robbie,1,1,MN251,Core
250952,,19183.36,180,Auto Decline,KUNES COUNTRY RV OF GREEN BAY-WI360,KunesRV,WI,Suamico,2026-08-20,,,2019,RV,Used,,15.03,5.57,dzilberchtein,,0,16.24,1500,1500,false,,,17.24,Silver 2,Silver 2,0.78,0,,0,24706,637,Source One Financial Services,WI,,0,0,WI360,Silver
250965,Jhill,39680.78,204,Ready to Book,Pleasureland RV South Metro - MN822,Pleasureland,MN,Shakopee,2026-08-20,2026-08-27,,2026,RV,New,710,23.58,1.49,dzilberchtein,,10413,8.74,0,0,false,,15,10.24,Core,Core,1.18,2380.85,6,0,33745,763,Source One Financial Services,MN, justin rogge,1,1,MN822,Core
251039,,22540.03,144,Auto Decline,Optimum RV - Tallahassee - FL252,Optimum RV,FL,Tallahassee,2026-08-20,,,2020,RV,Used,,23.54,4.43,wstoutimore,,0,15.74,4000,4000,false,,,16.74,Silver 2,Silver 2,1.24,0,,0,18200,624,Source One Financial Services,FL,,0,0,FL252,Silver
250962,rsimmons,28223.33,144,Booked,Gil Cherry Family RV Center LLC -TX130,,TX,Sweetwater,2026-08-20,2026-08-22,2026-08-27,2017,RV,Used,,36.43,4.25,gott,10136,2728,8.99,2300,2300,false,122,7286,10.49,Core,Core,1.19,1693.4,6,0,23800,796,Source One Financial Services,TX, brad walker,1,0,TX130,Core
250854,ccampos,101530.99,240,Auto Approval,HI-WAY CAMPERS INC - CT104,,CT,Plainfield,2026-08-20,2026-08-20,,2026,RV,New,,37.96,9.66,gcoulombe,,128,10.74,15000,35000,false,,,11.49,Core,Core,1.05,0,,0,96510,721,Source One Financial Services,MA, john riding,1,1,CT104,Core
251010,hhisek,54824.87,180,Decline,Rock Solid Funding LLC - TX536,RSF,TX,BEDFORD,2026-08-20,,,2022,RV,Used,629,30.2,3.39,S1House,,8,14.49,0,0,false,,,15.49,Silver 1,Silver 1,0.58,0,,0,94868,643,Source One Financial Services,IL, ashley rogers,0,0,TX536,Silver
251059,mnava,48521.78,204,Auto Approval,Blue Compass RV - Springfield - MO229,Blue Compass,MO,Strafford,2026-08-20,2026-08-21,,2022,RV,Used,,13.2,3.85,jweller,,1282,10.49,6000,11000,false,,,11.99,Core,Core,1.19,0,,0,40850,711,Source One Financial Services,MO, blaine sherrill,1,1,MO229,Core
250970,Jhill,164270.05,180,Decline,Intercoastal Financial Group LLC - 17401746,IFG,FL,Vero Beach,2026-08-20,,,2014,Boat,Used,626,34.71,8.24,S1House,,14,11.49,40000,40000,false,,,12.74,Core,Core,0.94,0,,0,175000,720,Source One Financial Services,FL, hunter miller,0,0,17401746,Core
250902,pmeza,99595.08,180,Decline,Fun Town RV - Little Rock - AR126,Fun Town,AR,Bryant,2026-08-20,,,2026,RV,New,643,35.31,8.63,jweller,,19,13.74,8500,17500,false,,,14.74,Silver 1,Core,1.16,0,,0,85741,721,Source One Financial Services,MS, joe wright,0,0,AR126,Silver
251072,hhisek,62003.61,204,Conditional Approval,Liberty Trail RV - TX407,,TX,VALLEY VIEW,2026-08-20,2026-08-20,,2020,RV,Used,678,38.79,5.96,gott,,7,9.49,7500,7500,false,,,10.99,Core,Core,0.93,0,,0,66500,745,Source One Financial Services,AZ, stanley mccracken,1,1,TX407,Core
251020,rsimmons,33209.55,204,Auto Approval,Henderson Implement and Marine- LA116,,LA,Lake Charles,2026-08-20,2026-08-21,,2027,Boat,New,,29.01,3.49,gott,,1311,10.24,3226,3226,false,,,11.74,Core,Core,1.13,0,,0,29397,682,Source One Financial Services,LA, corey harmon,1,1,LA116,Core
250839,avera,12043.04,72,Decline,Cookeville RV and Marine - TN154,Easy Care,TN,Cookeville,2026-08-20,,,2017,RV,Used,,38.23,5.36,jsmith,,208,11.24,2900,2900,false,,,12.74,Core,Not Applicable,0.91,0,,0,13300,689,Ideal Credit Union,TN, bradley taylor,0,0,TN154,Not Applicable
251030,Jhill,48846.58,180,Auto Approval,Campers Unlimited-Chattanooga-TN148,,TN,Ooltewah,2026-08-20,2026-08-20,,2026,RV,New,,25.42,2.65,jsmith,,26,7.49,5000,5000,false,,,8.99,Core,Core,0.93,0,,0,52327,851,Source One Financial Services,GA, abbi stone,1,1,TN148,Core
250853,,205160.05,240,Auto Decline,PREMIER RV LLC - IA217,,IA,BLUE GRASS,2026-08-20,,,2027,RV,New,,42.07,13.35,gcoulombe,,0,14.99,25000,19115,false,,,15.99,Silver 2,Silver 2,1.36,0,,0,150868,629,Source One Financial Services,MN,,0,0,IA217,Silver
250953,ccampos,23518,144,Booked,Carolina Outboard and Marine - ENC132,EPIC,NC,Hampstead,2026-08-20,2026-08-21,2026-08-21,2012,Boat,Used,,44.92,3.14,S1House,1713,1415,8.99,1000,1000,false,18,280,10.49,Core,Core,1.15,1411.08,6,0,20515,862,Source One Financial Services,SC, mia williams,1,0,ENC132,Core
250866,rsimmons,34058.47,180,Decline,HOWDY RANCH RV - TX315,,TX,Mathis,2026-08-20,,,2024,RV,Used,,7.77,7.77,gott,,17,9.49,3500,3500,false,,,10.99,Core,Core,0.96,0,,0,35400,747,Source One Financial Services,TX, aj marino,0,0,TX315,Core
250909,ahunt,52303.5,204,Auto Approval,"Vantage Recreational Finance, Inc. -FL291",VRF,FL,FORT LAUDERDALE,2026-08-20,2026-08-20,,2011,Boat,Used,,47.16,7.23,S1House,,119,9.74,5290,5290,false,,,11.24,Core,Core,1.06,0,,0,49220,764,Source One Financial Services,TN, trenton cott,1,1,FL291,Core
250938,mlomedico,150902.08,240,Decline,General RV - Tampa - FL238,General RV,FL,Dover,2026-08-20,,,2026,RV,New,747,30.36,10.56,wstoutimore,,43,9.49,0,0,false,,,10.99,Core,Core,0.92,0,,0,164763,742,Source One Financial Services,NE, tommy miranda,0,0,FL238,Core
250984,mnava,86045,180,Conditional Approval,MY RV SD - SCA112,,CA,EL CAJON,2026-08-20,2026-08-20,,2025,RV,Used,,18.79,7.09,jrubi,,77,11.49,8600,8600,false,,,11.74,Silver 1,Not Applicable,0.92,0,,0,93350,677,Connexus Credit Union,CA,,1,1,SCA112,Not Applicable
251064,jharrington1,57574,240,Approved,Erie Marine Sales - OH234,,OH,Sheffield Lake,2026-08-20,2026-08-20,,2023,Boat,New,,25.82,3.42,jharrington1,,9,9.99,5750,5750,false,,,11.49,Core,Core,0.67,0,,0,86332,742,Source One Financial Services,CA, shirley hetrick,1,1,OH234,Core
250992,sflynn,11155.58,120,Auto Approval,American Marine - Chippewa Falls - WI732,,WI,Chippewa Falls,2026-08-20,2026-08-21,,2014,Boat,Used,,18.7,3.02,dzilberchtein,,1666,8.99,0,10000,false,,,10.49,Core,Core,1.12,0,,0,9930,808,Source One Financial Services,WI, bryan sorensen,1,1,WI732,Core
251051,,57858.04,240,Auto Decline,THRILLS RV - IN194,,IN,COLUMBIA CITY,2026-08-20,,,2027,RV,New,,37.14,27.12,jharrington1,,0,22.99,2500,13700,false,,,23.99,Bronze,Bronze,1.11,0,,0,52104,597,Source One Financial Services,WI,,0,0,IN194,Business First
251102,,19628.61,120,Auto Decline,General RV Center - Mesa - AZ357,General RV,AZ,Mesa,2026-08-20,,,2022,RV,Used,,17.34,14.01,edominguez,,0,22.99,3500,3500,false,,,23.99,Bronze,Bronze,1.18,0,,0,16700,606,Source One Financial Services,CA,,0,0,AZ357,Business First
250862,sbaker,16533.65,168,Auto Approval,Ashley Marine - Panama City -  FL255,,FL,Panama City,2026-08-20,2026-08-27,,2026,Boat,New,679,45.96,1.72,wstoutimore,,10522,8.74,2000,2000,false,,,10.24,Core,Core,1.23,0,,0,13470,766,Source One Financial Services,FL, james pressley,1,1,FL255,Core
251034,hhisek,30068.25,144,Auto Approval,General RV - Richmond - VA117,General RV,VA,Ashland,2026-08-20,2026-08-22,,2020,RV,Used,,50.46,2.24,jsmith,,2841,12.24,3000,3000,false,,,12.24,Silver 1,Not Applicable,0.8,0,,0,37479.75,670,Connexus Credit Union,TX, joey gormus,1,1,VA117,Not Applicable
250955,hhisek,28391.14,180,Auto Approval,Fun Town RV - Little Rock - AR126,Fun Town,AR,Bryant,2026-08-20,2026-08-25,,2026,RV,New,721,9.03,1.18,jweller,,7385,8.74,2575,2575,false,,,10.24,Core,Core,0.85,0,,0,33352,770,Source One Financial Services,AR, brenden boggs,1,1,AR126,Core
250850,jharrington1,29573.06,180,Auto Approval,REINEKE RV - LIMA - OH182,,OH,LIMA,2026-08-20,2026-08-20,,2027,RV,New,,29.29,5.13,jharrington1,,30,7.49,0,0,false,,,8.99,Core,Core,1.05,0,,0,28200,859,Source One Financial Services,OH, corey stone,1,1,OH182,Core
250922,mlomedico,64299,180,Decline,"Vantage Recreational Finance, Inc. -FL291",VRF,FL,FORT LAUDERDALE,2026-08-20,,,2017,RV,Used,,10.01,1.86,S1House,,1487,9.74,20500,20500,false,,,11.24,Core,Core,1.1,0,,0,58550,770,Source One Financial Services,MA, james pearson,0,0,FL291,Core
250842,jharrington1,42726.5,220,Conditional Approval,The Great Outdoors Marine - WV111,,WV,Lavalette,2026-08-20,2026-08-20,,2021,Boat,Used,,7.04,6.66,jharrington1,,23,8.74,5000,10000,false,,,10.24,Core,Core,0.97,0,,0,43870,778,Source One Financial Services,WV, bradlee matzdorff,1,1,WV111,Core
250923,rsimmons,18397.37,204,Auto Decline,BISHS RV OF LONGVIEW - TX473,Bish's RV,TX,LONGVIEW,2026-08-20,2026-08-20,,2027,RV,New,,139.15,10.05,gott,,201,13.74,10000,10000,false,,,14.74,Silver 1,Silver 1,0.59,0,,0,31294,660,Source One Financial Services,TX, david mcclanahan,0,0,TX473,Silver
250978,Jhill,22711.81,180,Booked,Moix RV - Conway - AR134,,AR,Conway,2026-08-20,2026-08-26,2026-08-26,2022,RV,Used,641,40.45,4.25,jweller,8701,8619,10.74,3386.8,11302.99,false,79,3,12.24,Core,Core,1.18,1362.71,6,0,19300,691,Source One Financial Services,MO, blake moore,1,0,AR134,Core
250908,sbaker,59268.73,180,Auto Approval,"Ron Hoover Companies of Donna, Inc -Tx277",Ron Hoover,TX,Donna,2026-08-20,2026-08-26,,2021,Boat,Used,,33.35,4.83,gott,,8721,10.74,6000,6000,false,,,12.24,Core,Core,1,0,,0,59513,698,Source One Financial Services,TX,,1,1,TX277,Core
250904,rsimmons,18761.02,204,Auto Approval,GREAT AMERICAN RV SUPERSTORE-HUNTSVILLE - AL146,,AL,TANNER,2026-08-20,2026-08-26,,2018,RV,Used,,23.62,2.95,jsmith,,8906,8.49,4000,4000,false,,,9.99,Core,Core,1.11,0,,0,16950,861,Source One Financial Services,AL, joey wright,1,1,AL146,Core
251120,avera,41514.21,240,Decline,Blue Compass RV - Avondale - AZ360,Blue Compass,AZ,Avondale,2026-08-20,,,2027,RV,New,544,13.75,2.67,edominguez,,724,8.74,10000,10000,false,,,10.24,Core,Core,0.88,0,,0,47331.25,763,Source One Financial Services,MD, joshua sargent,0,0,AZ360,Core
251088,eavila,21313.14,204,Approved,BLUE COMPASS RV - DAYTON - OH159,Blue Compass,OH,Dayton,2026-08-20,2026-08-20,,2022,RV,Used,,23.49,1.49,jharrington1,,30,12.49,0,6200,false,,,13.49,Silver 1,Silver 1,0.69,0,,0,30800,674,Source One Financial Services,OH, karrie haynes,1,1,OH159,Silver
250897,ahunt,11243.89,120,Approved,Explore Nation RV Inc - NCA140,,CA,Davis,2026-08-20,2026-08-20,,2023,RV,Used,,40.88,2.85,jrubi,,77,12.99,1000,1000,false,,,12.99,Silver 1,Not Applicable,0.86,0,,0,13100,656,Connexus Credit Union,CA, rubina ahmad,1,1,NCA140,Not Applicable
251052,,31090.38,144,Auto Decline,Direct Automotive Transport - NC123,,NC,Monroe,2026-08-20,,,2026,RV,New,,72.47,6.55,jsmith,,0,13.74,4000,4000,false,,,14.74,Silver 1,Silver 1,0.8,0,,0,39074,642,Source One Financial Services,NC,,0,0,NC123,Silver
250918,eavila,9612.34,72,Auto Approval,ROCKY MOUNTAIN RV and MARINE - NM101,,NM,ALBUQUERQUE,2026-08-20,2026-08-25,,2020,RV,Used,,28.16,5.78,edominguez,,7253,10.74,10000,10000,false,,,11.24,Core,Core,0.57,0,,0,16850,725,Source One Financial Services,NM, bianca mcclaskey,1,1,NM101,Core
250889,pmeza,48503.48,120,Auto Approval,Fun Town RV Win LLC - OK109,Fun Town,OK,Thackerville,2026-08-20,2026-08-21,,2022,RV,Used,635,42.91,8.42,jweller,,1784,8.55,0,0,false,,,9.55,Core,Not Applicable,0.97,0,,0,50000,720,Ideal Credit Union,OK, rob miller,1,1,OK109,Not Applicable
250991,hhisek,51696.74,240,Auto Approval,PARRIS RV MURRAY - SOUTH- UT111,,UT,MURRAY,2026-08-20,2026-08-23,,2026,RV,New,762,31.05,2.56,ljablonoski,,4030,7.24,5000,47000,false,,,8.74,Core,Core,0.54,0,,0,95583.85,813,Source One Financial Services,UT, kyle parris,1,1,UT111,Core
250874,,19595.6,120,Auto Decline,HOWDY RANCH RV - TX315,,TX,Mathis,2026-08-20,,,2013,Boat,Used,,48.14,4.74,gott,,0,22.99,2000,2000,false,,,23.99,Bronze,Bronze,1.11,0,,0,17701,590,Source One Financial Services,TX,,0,0,TX315,Business First
251024,hhisek,85284.37,180,Decline,Fun Town Rv/Angelo RV LLC -TX247,Fun Town,TX,San Angelo,2026-08-20,,,2026,RV,New,,10.31,6.2,gott,,8,12.49,19000,19000,false,,,13.49,Silver 1,Silver 1,0.86,0,,0,98607,666,Source One Financial Services,FL, ronnie terry,0,0,TX247,Silver
250995,hhisek,39953.23,180,Decline,PRIMEAUX RV SUPERSTORE - ALEXANDRIA - LA101,,LA,ALEXANDRIA,2026-08-20,,,2026,RV,New,,27.08,5.9,gott,,2,14.99,4500,5000,false,,,15.99,Silver 1,Silver 1,0.98,0,,0,40697,640,Source One Financial Services,LA, vaughn mcbride,0,0,LA101,Silver
251092,,42562.68,180,Auto Decline,Fun Town RV - Texarkana - AR120,Fun Town,AR,Texarkana,2026-08-20,,,2024,RV,Used,666,28.83,4.94,jweller,,0,14.99,3900,9766,false,,,15.99,Silver 2,Silver 2,0.83,0,,0,51450,628,Source One Financial Services,AR,,0,0,AR120,Silver
251040,mlomedico,61783.06,240,Auto Approval,Texoma Boat House - OK146,,OK,Calera,2026-08-20,2026-08-20,,2021,Boat,Used,,44.59,4.18,jweller,,43,9.99,50000,50000,false,,,11.49,Core,Core,0.54,0,,0,114790,711,Source One Financial Services,TX, kristen thorn,1,1,OK146,Core
251022,jharrington1,13759.5,144,Auto Approval,BUDS RV WORLD - KY101,,KY,Madisonville,2026-08-20,2026-08-20,,2026,RV,New,,34.43,0.81,jharrington1,,16,9.99,1400,1400,false,,,11.49,Core,Core,0.87,0,,0,15849,692,Source One Financial Services,TX, tom kimmel,1,1,KY101,Core
251094,,30249,180,Auto Decline,GARLANDS RV OF TENNESSEE - TN122,,TN,SPRINGVILLE,2026-08-20,,,2026,RV,New,,23.96,2.15,jsmith,,0,14.99,2900,2900,false,,,15.99,Silver 2,Silver 2,0.88,0,,0,34454,633,Source One Financial Services,AR,,0,0,TN122,Silver
250912,eavila,134174.43,204,Conditional Approval,Blue Compass RV - St. Louis - MO230,Blue Compass,MO,Eureka,2026-08-20,2026-08-20,,2019,RV,Used,755,31.91,4.89,jweller,,194,8.99,20000,20000,false,,,10.49,Core,Core,0.89,0,,0,150150,785,Source One Financial Services,MO, alex kennard,1,1,MO230,Core
250997,,17850,144,Auto Decline,RV VALUE MART- PA101,,PA,MANHEIM,2026-08-20,,,2020,RV,Used,,0.72,0.61,jharrington1,,0,22.99,5000,5500,false,,,23.99,Bronze,Bronze,0,0,,0,0,515,Source One Financial Services,PA,,0,0,PA101,Business First
250957,hhisek,83149.09,216,Booked,Gillettes Interstate RV Inc -MI341,Selvius RV,MI,East Lansing,2026-08-20,2026-08-21,2026-08-21,2026,RV,New,,28.09,4.86,dzilberchtein,1509,1238,10.24,500,8338.63,false,270,1,10.24,Core,Core,1.2,0,0,0,69256,690,Source One Financial Services,MI, todd batt,1,0,MI341,Core
250886,rsimmons,29240.25,204,Conditional Approval,GREAT AMERICAN RV SUPERSTORE-GRAND BAY - AL144,,AL,GRAND BAY,2026-08-20,2026-08-20,,2027,RV,New,,15.75,2.9,jsmith,,47,12.49,2799,2799,false,,,12.49,Silver 1,Silver 1,0.7,0,,0,41529,668,Source One Financial Services,TX, debbie fischer,1,1,AL144,Silver
250941,hhisek,58033.73,180,Decline,Fun Town RV - Texarkana - AR120,Fun Town,AR,Texarkana,2026-08-20,,,2026,RV,New,,39.56,6.06,jweller,,33,12.49,6000,6000,false,,,13.49,Silver 1,Not Applicable,0.78,0,,0,74489,676,Connexus Credit Union,FL, henry reyna,0,0,AR120,Not Applicable
250872,jharrington1,54500,180,Booked,Flashs -IN153,,IN,TROY,2026-08-20,2026-08-24,2026-08-25,2026,Boat,New,,40.66,4.04,jharrington1,7510,5728,8.74,7000,7000,false,1782,0,8.74,Core,Core,1.11,0,0,0,49311,761,Source One Financial Services,IL,,1,0,IN153,Core
250945,mnava,106913.24,240,Auto Approval,General Rv Center - Huntley IL - IL234,General RV,IL,Huntley,2026-08-20,2026-08-20,,2027,RV,New,824,30.99,6.66,gcoulombe,,29,7.24,81238,82308.39,false,,,8.74,Core,Core,1.25,0,,0,85531,866,Source One Financial Services,IL, michael basso,1,1,IL234,Core
251080,hhisek,22871,180,Conditional Approval,GREAT AMERICAN RV SUPERSTORE-HAMMOND - LA105,,LA,HAMMOND,2026-08-20,2026-08-20,,2026,RV,New,,33.82,2.98,gott,,18,12.49,1050,1050,false,,,13.49,Silver 1,Silver 1,1.09,0,,0,20935,678,Source One Financial Services,LA, kerry turlich,1,1,LA105,Silver
251019,mlomedico,268272.05,240,Auto Approval,Intercoastal Financial Group LLC - 17401746,IFG,FL,Vero Beach,2026-08-20,2026-08-21,,2027,Boat,New,,19.27,4,S1House,,1256,7.24,31000,41000,false,,,8.49,Core,Core,1.1,0,,0,243650,862,Source One Financial Services,FL, turtle marshall,1,1,17401746,Core
250843,,40083.82,240,Auto Decline,General RV - West Chester - PA113,General RV,PA,West Chester,2026-08-20,,,2026,RV,New,561,34.6,2.16,jharrington1,,0,14.99,1000,1000,false,,,15.99,Silver 2,Silver 2,1.41,0,,0,28431.44,638,Source One Financial Services,PA,,0,0,PA113,Silver
250958,mlomedico,63019.5,180,Conditional Approval,UNITED RV CENTERS INC - GA150,,GA,CHATSWORTH,2026-08-20,2026-08-20,,2021,RV,Used,,14.96,4.47,jsmith,,141,8.74,6000,16000,false,,,9.74,Core,Not Applicable,0.9,0,,0,70035,870,Connexus Credit Union,GA, ryan lasuer,1,1,GA150,Not Applicable
251075,,145734.18,240,Cancelled,Sky River RV - Paso Robles - SCA146,SkyRiver,CA,Paso Robles,2026-08-20,,,2015,RV,Used,,0,0,jrubi,,,22.99,9000,9000,false,,,23.99,Bronze,Bronze,1.13,0,,0,128590,,Source One Financial Services,CA, austin harding,0,0,SCA146,Business First
250979,rsimmons,29003.35,180,Decline,Southern Mud Sports LLC - AL165,,AL,Waverly,2026-08-20,,,2026,Boat,New,,10.22,3.41,jsmith,,6,8.74,3012,3012,false,,,10.24,Core,Core,1.75,0,,0,16612.42,772,Source One Financial Services,AL, jeff cantey,0,0,AL165,Core
250993,sbaker,73295.79,240,Booked,Gator Trax - LA110,,LA,Springfeild,2026-08-20,2026-08-27,2026-08-27,2026,Boat,New,861,33.36,4.06,gott,10016,9811,7.24,7626.25,7626.25,false,205,0,8.74,Core,Core,1.08,3664.79,5,0,68000,805,Source One Financial Services,TN, finance office,1,0,LA110,Core
250990,ccampos,39084,180,Booked,Palmetto State RV LLC - SC128,,SC,Greer,2026-08-20,2026-08-24,2026-08-24,2026,RV,New,767,35.71,3.54,jsmith,5752,5612,7.99,5000,5000,false,139,1,9.49,Core,Core,0.95,2345.04,6,0,41240,797,Source One Financial Services,NC, will scoggins,1,0,SC128,Core
251106,,41846.16,180,Auto Decline,La Mesa RV Center - Albuquerque - NM109,La Mesa,NM,Albuquerque,2026-08-20,,,2026,RV,New,,29.22,10.86,edominguez,,0,22.99,10000,10000,false,,,23.99,Bronze,Bronze,0.89,0,,0,47278,614,Source One Financial Services,NM,,0,0,NM109,Business First
250954,pmeza,34500,180,Verifications Incomplete,"RV COUNTRY OREGON, LLC - COBURG - OR107",RV Country,OR,COBURG,2026-08-20,2026-08-26,,2025,RV,New,714,33.47,3.5,ljablonoski,,8864,7.49,500,3485.91,false,,1,8.99,Core,Core,0.8,0,,0,43264,821,Source One Financial Services,OR, mike mckean,1,1,OR107,Core
251036,,49620.23,180,Auto Decline,"Ron Hoover Companies of Donna, Inc -Tx277",Ron Hoover,TX,Donna,2026-08-20,,,2024,Boat,Used,,21.66,5.36,gott,,0,22.99,5000,5000,false,,,23.99,Bronze,Bronze,0.96,0,,,51553,577,Source One Financial Services,TX,,0,0,TX277,Business First
250873,hhisek,11867.6,60,Booked,Boat-N-RV Supercenter  - TN157,,TN,Crossville,2026-08-20,2026-08-20,2026-08-21,2025,RV,Used,,10.99,3.15,jsmith,1694,187,9.99,3500,3500,false,1506,1,9.99,Core,Core,0.86,0,0,0,13800,719,Source One Financial Services,TN, hunter croft,1,0,TN157,Core
250960,pmeza,25259,204,Auto Approval,Fourwinds RV - IL181,,IL,Maroa,2026-08-20,2026-08-20,,2019,RV,Used,,31.13,5.84,gcoulombe,,12,8.74,0,0,false,,,10.24,Core,Core,0.95,0,,0,26700,788,Source One Financial Services,IL, jessica hornickel,1,1,IL181,Core
250911,,20683.34,120,Auto Decline,RV DEPOT OF CLEBURNE - TX461,,TX,JOSHUA,2026-08-20,,,2375,RV,Used,,51.24,12.41,gott,,0,22.99,3000,3000,false,,,23.99,Silver 1,Silver 1,0.87,0,,0,23750,644,Source One Financial Services,TX,,0,0,TX461,Silver
251070,hhisek,55487.94,180,Decline,Boat Town Inc -TX219,,TX,Austin,2026-08-20,,,2023,Boat,Used,,60.71,4.4,gott,,12,10.49,20000,20000,false,,,11.99,Core,Core,0.58,0,,0,95821,719,Source One Financial Services,TX, michelle meurer,0,0,TX219,Core
251096,mlomedico,58877.01,216,Auto Approval,Blue Compass RV - Macon - GA157,Blue Compass,GA,Byron,2026-08-20,2026-08-20,,2027,RV,New,,35.68,9.99,jsmith,,55,11.49,7850,7850,false,,,12.24,Silver 1,Silver 1,0.86,0,,0,68500,677,Source One Financial Services,GA, nick harker,1,1,GA157,Silver
251066,hhisek,17283.8,144,Approved,"Vantage Recreational Finance, Inc. -FL291",VRF,FL,FORT LAUDERDALE,2026-08-20,2026-08-20,,2010,Boat,Used,,31.54,3.09,S1House,,21,15.99,1700,1700,false,,,16.99,Silver 1,Silver 1,1,0,,0,17284,657,Source One Financial Services,LA, jennifer richter,1,1,FL291,Silver
251043,sbaker,70893.24,240,Decline,Ashley Marine - Panama City -  FL255,,FL,Panama City,2026-08-20,,,2027,Boat,New,,52.38,9.98,wstoutimore,,25,8.74,5000,5000,false,,,10.24,Core,Core,1.16,0,,0,61064.59,773,Source One Financial Services,FL, blake gardner,0,0,FL255,Core
251113,eavila,49621.17,180,Pending,Hudgins Motorsports & RV-AZ348,,AZ,Marana,2026-08-20,,,2021,RV,Used,,46.02,7.11,edominguez,,18,9.24,10000,10000,false,,,10.74,Core,Core,0.65,0,,0,76235,774,Source One Financial Services,CA, julian hudgins,0,0,AZ348,Core
251018,Jhill,36236.44,180,Booked,FUN TOWN RV ANNA LLC - IL251,Fun Town,IL,ANNA,2026-08-20,2026-08-25,2026-08-26,2026,RV,New,,38.97,1.41,gcoulombe,8764,7293,9.49,5000,5000,false,1465,6,10.99,Core,Core,0.88,2174.19,6,0,41343,759,Source One Financial Services,TX, brenden boggs,1,0,IL251,Core
250899,ccampos,46709.25,180,Auto Approval,Premier Financial Service - TX548,,TX,Los Fresnos,2026-08-20,2026-08-20,,2021,Boat,Used,,33.12,5.33,gott,,61,10.24,16000,16000,false,,,11.74,Core,Core,0.99,0,,0,47000,739,Source One Financial Services,TX, oscar salinas,1,1,TX548,Core
250915,pmeza,87969.42,240,Decline,Cycle Springs Powersports - FL311,,FL,Clearwater,2026-08-20,,,2026,Boat,New,682,35.28,8.18,wstoutimore,,83,10.24,0,-13566,false,,,11.74,Core,Core,1.34,0,,0,65737,748,Source One Financial Services,FL, jt beaty,0,0,FL311,Core
251014,sbaker,65166.61,180,Auto Approval,Dockside Marine LLC - ETX118,EPIC,TX,Montgomery,2026-08-20,2026-08-21,,2017,Boat,Used,,36.69,6.69,S1House,,1559,10.99,0,0,false,,,12.49,Core,Core,0.95,0,,0,68935,716,Source One Financial Services,TX, jp lixie,1,1,ETX118,Core
250851,rsimmons,17174.74,120,Booked,BLUE COMPASS RV - CORPUS CHRISTI - TX459,Blue Compass,TX,CORPUS CHRISTI,2026-08-20,2026-08-21,2026-08-27,2026,RV,Used,,38.53,4.46,gott,10620,1680,10.24,3000,3000,false,8940,0,11.74,Core,Core,0.89,1030.48,6,0,19200,697,Source One Financial Services,TX, elisa escamilla,1,0,TX459,Core
250891,,37653,120,Auto Decline,COUNTY LINE CAMPERS - MS108,,MS,GULFPORT,2026-08-20,,,2021,RV,Used,,66.93,27.93,jsmith,,0,22.99,4000,4000,false,,,23.99,Bronze,Bronze,0,0,,0,0,566,Source One Financial Services,MS,,0,0,MS108,Business First
250870,ccampos,100001.05,240,Auto Approval,Ashley Marine - Panama City -  FL255,,FL,Panama City,2026-08-20,2026-08-24,,2026,Boat,New,708,27.12,3.2,wstoutimore,,5897,9.99,74322.1,60092.24,false,,,11.49,Core,Core,0.69,0,,0,145777.8,708,Source One Financial Services,FL, amy silas,1,1,FL255,Core
251114,,20084,144,Auto Decline,Midway Auto and RV Cody LLC - WY101,,WY,Cody,2026-08-20,,,2021,RV,Used,,18.11,16.61,dzilberchtein,,0,22.99,5000,5000,false,,,23.99,Bronze,Bronze,0,0,,0,0,576,Source One Financial Services,WY,,0,0,WY101,Business First
250887,mlomedico,87742.29,180,Auto Approval,Bish's RV of Sioux Falls - SD112,Bish's RV,SD,Tea,2026-08-20,2026-08-21,,2026,RV,New,817,38.42,11.04,dzilberchtein,,1876,8.49,35000,23000,false,,,9.24,Core,Core,0.81,0,,0,108285,857,Source One Financial Services,SD, david mcclanahan,1,1,SD112,Core
250959,eavila,45963.58,180,Auto Decline,Blue Compass RV - Macon - GA157,Blue Compass,GA,Byron,2026-08-20,,,2027,RV,New,,76.42,16.12,jsmith,,72,12.49,5100,5100,false,,,13.49,Silver 1,Silver 1,1.01,0,,0,45374,679,Source One Financial Services,TX, zach carmichael,0,0,GA157,Silver
251077,mlomedico,42804.5,204,Auto Approval,NewCoast - Boatzon - FL356,Marine Max,FL,Oldsmar,2026-08-20,2026-08-20,,2020,Boat,Used,,28.07,2.85,S1House,,140,12.74,4500,4500,false,,,13.74,Silver 1,Silver 1,1.24,0,,0,34575,665,Source One Financial Services,TX, john womble,1,1,FL356,Silver
250981,mnava,24115,180,Auto Approval,JOLLEY'S MARINE AND RV CENTER - OR130,,OR,SALEM,2026-08-20,2026-08-20,,2023,RV,Used,,47.12,2.91,ljablonoski,,44,7.49,32000,32000,false,,,8.99,Core,Core,0.38,0,,0,64100,805,Source One Financial Services,OR,,1,1,OR130,Core
251065,mlomedico,40400.69,180,Booked,The Boat Dock LTD - IL214,,IL,Springfield,2026-08-20,2026-08-22,2026-08-26,2023,RV,Used,,21.94,1.74,gcoulombe,8736,2868,8.49,500,500,false,5868,0,9.99,Core,Core,0.89,2424.04,6,0,45500,783,Source One Financial Services,TX, sue gardner,1,0,IL214,Core
251006,thovey,26000,180,Decline,I-70 RV CENTER - MO200,,MO,WILLIAMSBURG,2026-08-20,,,2021,RV,Used,599,39.34,3.56,jweller,,22,10.74,4731,4731,false,,,12.24,Core,Core,1.26,0,,0,20610,682,Source One Financial Services,MO, gina meyer,0,0,MO200,Core
250928,rsimmons,65067.26,204,Auto Approval,RV Station LTD - Donna -TX289,,TX,Donna,2026-08-20,2026-08-20,,2026,RV,New,,31.63,4.12,gott,,29,10.24,6800,6800,false,,,11.74,Core,Core,0.86,0,,0,75720,687,Source One Financial Services,TX, sonia leal,1,1,TX289,Core
250875,,48086.04,180,Auto Decline,VOGT RV CENTER 5301 - TX448,,TX,FORT WORTH,2026-08-20,,,2026,RV,New,704,77.86,4,gott,,0,11.99,4000,4000,true,,,13.99,Business First,Business First,0.85,0,,0,56822,,Source One Financial Services,NC,,0,0,TX448,Business First
250907,ccampos,26503.3,180,Auto Approval,PKB RVs- WV108,Canopy Financial,WV,Parkersburg,2026-08-20,2026-08-20,,2024,RV,New,,40.22,3.35,jharrington1,,70,9.74,3000,3000,false,,,11.24,Core,Core,0.71,0,,0,37423,721,Source One Financial Services,FL, matt kurtz,1,1,WV108,Core
251015,,32956.12,216,Auto Decline,SOUTHERN RV INC - GA128,,GA,MCDONOUGH,2026-08-20,,,2026,RV,New,,30.43,14.97,jsmith,,0,22.99,1500,1500,false,,,23.99,Bronze,Bronze,0.88,0,,0,37252,618,Source One Financial Services,GA,,0,0,GA128,Business First
251109,thovey,81158.09,220,Verifications Incomplete,Giant RV - Colton - SCA157,Giant RV,CA,Colton,2026-08-20,2026-08-26,,2024,RV,Used,,25.48,6.25,jrubi,,8653,9.99,7000,7000,false,,9,9.99,Core,Core,0.91,0,,0,89250,707,Source One Financial Services,CA, lynn johnson,1,1,SCA157,Core
250914,jharrington1,40650.64,180,Decline,"Root's RV Sales,Inc-IN208",Canopy Financial,IN,Mitchell,2026-08-20,,,2026,RV,New,,64.1,7.73,jharrington1,,172,9.74,0,7186.86,false,,,11.24,Core,Core,1.05,0,,0,38754,728,Source One Financial Services,IN, mac mclelland,0,0,IN208,Core
250927,Jhill,67824.86,240,Approved,BISHS RV - ELDRIDGE - IA214,Bish's RV,IA,ELDRIDGE,2026-08-20,2026-08-20,,2027,RV,New,,17.76,9.79,gcoulombe,,11,7.49,5000,33000,false,,,8.99,Core,Core,0.71,0,,0,95970,829,Source One Financial Services,IA, todd miillsap,1,1,IA214,Core
250921,,116314,144,Auto Decline,COUNTY LINE CAMPERS - MS108,,MS,GULFPORT,2026-08-20,,,2026,RV,New,,22.37,14.91,jsmith,,0,22.99,12000,12000,false,,,23.99,Bronze,Bronze,1.01,0,,0,115488,604,Source One Financial Services,LA,,0,0,MS108,Business First
250841,rsimmons,25778.89,180,Auto Approval,Liberty Trail RV - Sulphur Springs - TX580,,TX,Sulphur Springs,2026-08-20,2026-08-20,,2025,RV,Used,,40.93,1.89,gott,,154,9.99,1250,1250,false,,,11.49,Core,Core,0.8,0,,0,32270,719,Source One Financial Services,TX, shaun woodruff,1,1,TX580,Core
250940,rsimmons,79347.63,240,Auto Decline,H&W Marine/Powersports - LA107,,LA,Shreveport,2026-08-20,,,2026,Boat,New,,38.67,7.78,gott,,19,22.99,0,9309,false,,,23.99,Bronze,Bronze,1.07,0,,0,73925,619,Source One Financial Services,TX, mark glenn,0,0,LA107,Business First
250868,hhisek,68862.86,240,Decline,Fun Town RV Orange LP - TX468,Fun Town,TX,Orange,2026-08-20,,,2025,RV,Used,,58.67,8.1,gott,,14,10.24,2500,2500,false,,,11.74,Core,Core,0.84,0,,0,81550,691,Source One Financial Services,TX, nicholas quicksell,0,0,TX468,Core
250976,,53344.65,180,Auto Decline,Fun Town RV Houston LLC -TX244,Fun Town,TX,Wharton,2026-08-20,,,2026,RV,New,,68.01,12.04,gott,,0,13.74,5500,5500,false,,,14.74,Silver 1,Silver 1,1.17,0,,0,45758,655,Source One Financial Services,TX,,0,0,TX244,Silver
250961,sbaker,26013.48,180,Booked,GREAT AMERICAN RV SUPERSTORE-HATTIESBURG - MS113,,MS,HATTIESBURG,2026-08-20,2026-08-21,2026-08-21,2019,RV,Used,,26.75,6.66,jsmith,1516,1489,10.74,1000,1000,false,26,1,11.24,Core,Core,1.46,520.27,2,0,17800,720,Source One Financial Services,MS, ryan campbell,1,0,MS113,Core
251104,,17615.5,120,Auto Decline,Blue Compass RV - Austin - TX522,Blue Compass,TX,Buda,2026-08-20,,,2020,RV,Used,,70.9,5.28,gott,,0,22.99,1800,1800,false,,,23.99,Bronze,Bronze,0.97,0,,0,18150,584,Source One Financial Services,TX,,0,0,TX522,Business First
251076,ccampos,36030.2,180,Booked,Midway Auto & RV - Billings - MT107,,MT,Billings,2026-08-20,2026-08-21,2026-08-25,2026,RV,New,718,38.88,4.21,dzilberchtein,7014,933,9.49,0,0,false,68,6013,10.49,Core,Core,1.44,1441.21,4,0,25080,748,Source One Financial Services,WY,,1,0,MT107,Core
251011,edominguez,41514.21,240,Auto Approval,Blue Compass RV - Avondale - AZ360,Blue Compass,AZ,Avondale,2026-08-20,2026-08-21,,2027,RV,New,,4.61,3.27,edominguez,,1535,8.74,10000,10000,false,,,10.24,Core,Core,0.88,0,,0,47331.25,763,Source One Financial Services,MD, joshua sargent,1,1,AZ360,Core
251031,mnava,37848.51,180,Decline,Optimum RV Bushnell - FL163,Optimum RV,FL,Bushnell,2026-08-20,,,2015,RV,Used,,14.88,14.88,wstoutimore,,24,10.99,2000,2001,false,,,12.49,Core,Core,0.8,0,,0,47382,706,Source One Financial Services,AL, bari barlow,0,0,FL163,Core
251023,,142067.35,240,Auto Decline,Intercoastal Financial Group LLC - 17401746,IFG,FL,Vero Beach,2026-08-20,,,2003,Boat,Used,,0,0,S1House,,0,22.99,30000,30000,false,,,23.99,Bronze,Bronze,1.3,0,,0,108998,,Source One Financial Services,TX,,0,0,17401746,Business First
250933,,30383.17,180,Auto Decline,CAMPERS INN RV OF RALEIGH INC - NC109,Campers Inn,NC,SELMA,2026-08-20,,,2026,RV,New,,33.13,6.22,jsmith,,0,22.99,3500,3500,false,,,23.99,Bronze,Bronze,1.02,0,,0,29920,593,Source One Financial Services,NC,,0,0,NC109,Business First
250982,sbaker,18611.35,144,Auto Approval,PPL MOTORHOMES - NEW BRAUNFELS - TX441,,TX,NEW BRAUNFELS,2026-08-20,2026-08-20,,2022,RV,Used,,18.21,6.26,gott,,169,10.74,1850,1850,false,,,12.24,Core,Core,0.99,0,,0,18850,686,Source One Financial Services,TX, emily tompkins,1,1,TX441,Core
251067,thovey,27285,180,Auto Approval,I-70 RV CENTER - MO200,,MO,WILLIAMSBURG,2026-08-20,2026-08-21,,2021,RV,Used,682,40.45,3.62,jweller,,1345,10.74,4731,4731,false,,,12.24,Core,Core,1.06,0,,0,25650,692,Source One Financial Services,MO, gina meyer,1,1,MO200,Core
251117,mnava,63480.63,240,Decline,RV COUNTRY - FRESNO - NCA115,RV Country,CA,FRESNO,2026-08-20,,,2025,RV,New,646,24.32,4.55,jrubi,,955,7.49,7500,7500,false,,,8.99,Core,Not Applicable,0.96,0,,0,66209,829,Connexus Credit Union,CA, ryan davis,0,0,NCA115,Not Applicable
250974,mnava,57702.6,180,Decline,ROYS RV SUPERCENTER LLC - WV101,,WV,ELKINS,2026-08-20,,,2026,RV,New,,65.04,11.02,jharrington1,,119,9.74,0,-27112.38,false,,,11.24,Core,Core,1.53,0,,0,37713,735,Source One Financial Services,WV, aaron harlan,0,0,WV101,Core
251016,sflynn,40750.7,180,Auto Approval,Hanner RV Supercenter -TX165,,TX,Baird,2026-08-20,2026-08-20,,2026,RV,New,,11.66,4.46,gott,,33,8.74,0,0,false,,,10.24,Core,Core,1.02,0,,0,40050,762,Source One Financial Services,TX, daniel musgrave,1,1,TX165,Core
251081,mlomedico,31170,180,Booked,Intercoastal Financial Group LLC - 17401746,IFG,FL,Vero Beach,2026-08-20,2026-08-24,2026-08-25,2018,Boat,Used,,39.02,4.92,S1House,7084,5584,14.99,5000,5000,false,386,1114,15.99,Silver 1,Silver 1,0.97,1246.8,4,0,32160,641,Source One Financial Services,TX, michael hunt,1,0,17401746,Silver
251021,mlomedico,16601.19,120,Booked,Campers Inn of Davenport - IA216,Campers Inn,IA,Davenport,2026-08-20,2026-08-26,2026-08-26,2012,RV,Used,815,8.84,2.89,gcoulombe,8765,8758,8.99,20000,20000,false,7,0,10.49,Core,Core,0.49,996.07,6,0,33900,810,Source One Financial Services,IL, thomas greer,1,0,IA216,Core
251012,hhisek,174563.5,240,Auto Approval,MarineMax - Lake Ozark - MO238,Marine Max,MO,Lake Ozark,2026-08-20,2026-08-21,,2018,Boat,Used,815,30.3,5.54,S1House,,1503,8.24,18000,18000,false,,,9.74,Core,Core,1,0,,0,174565,824,Source One Financial Services,MO, chad neubauer,1,1,MO238,Core
250906,ccampos,74658,240,Decline,Keller Trailer Sales-KY143,Canopy Financial,KY,Science Hill,2026-08-20,2026-08-20,,2024,RV,New,,26.76,5.33,jharrington1,,440,9.99,5000,12700,false,,,11.49,Core,Core,1.13,0,,0,65961,704,Source One Financial Services,KY, matt kurtz,0,0,KY143,Core
250855,avera,27729.6,180,Auto Approval,BOAT AND MOTOR SUPERSTORES PALM HARBOUR - FL155,,FL,PALM HARBOUR,2026-08-20,2026-08-20,,2022,Boat,Used,,38.79,2.29,wstoutimore,,366,10.49,10000,10000,false,,,11.99,Core,Core,1.03,0,,0,26885,700,Source One Financial Services,FL, sandy sigman,1,1,FL155,Core
251105,thovey,52801.58,180,Booked,LEMKE RV LLC - NCA116,,CA,ROCKLIN,2026-08-20,2026-08-24,2026-08-26,2017,RV,Used,847,6.57,4.71,jrubi,8439,5303,8.49,10000,10000,false,3110,26,8.49,Core,Core,0.92,0,0,0,57656,838,Source One Financial Services,CA,,1,0,NCA116,Core
251000,sflynn,54353.49,240,Auto Approval,Big D Marine and Powersports -TX205,,TX,Huntsville,2026-08-20,2026-08-20,,2026,Boat,New,,47.65,2.82,gott,,61,9.49,10000,11500,false,,,10.99,Core,Core,1.05,0,,0,51696.43,743,Source One Financial Services,TX, ronald brown,1,1,TX205,Core
251049,rsimmons,15170,204,Booked,ADVENTURE MOTORHOMES - SC118,,SC,GREEER,2026-08-20,2026-08-26,2026-08-26,2021,RV,Used,,41.57,2.16,jsmith,8781,8755,10.24,0,0,false,17,9,11.74,Core,Core,0.82,910.2,6,0,18550,729,Source One Financial Services,SC, keith palmer,1,0,SC118,Core
250977,jharrington1,26028.91,180,Auto Approval,RCD RV - North Ridgeville - OH207,,OH,North Ridgeville,2026-08-20,2026-08-20,,2019,RV,Used,685,25.4,2.94,jharrington1,,24,8.99,6100,6100,false,,,10.49,Core,Core,1.16,0,,0,22450,786,Source One Financial Services,CO, dave dunstan,1,1,OH207,Core
251069,,10998,180,Auto Decline,UNLIMITED RV - MO192,,MO,INDEPENDENCE,2026-08-20,,,2019,RV,Used,,43.14,2.48,jweller,,0,22.99,5500,5500,false,,,23.99,Bronze,Bronze,0.71,0,,0,15400,572,Source One Financial Services,MO,,0,0,MO192,Business First
251046,jharrington1,10271.91,120,Booked,IRVINES CAMPER SALES - OH186,,OH,LITTLE HOCKING,2026-08-20,2026-08-21,2026-08-25,2016,RV,Used,,43.65,1.59,jharrington1,7178,1039,8.49,3000,3000,false,4530,1609,9.49,Core,Core,1.01,410.88,4,0,10150,807,Source One Financial Services,OH, robing wine,1,0,OH186,Core
250861,Jhill,18421.69,144,Decline,Seguin RV Inc -TX201,,TX,Seguin,2026-08-20,,,2026,RV,New,682,39.88,0.65,gott,,6377,9.49,0,0,false,,,10.99,Core,Core,0.89,0,,0,20804,758,Source One Financial Services,AZ, mark hatfield,0,0,TX201,Core
251073,ccampos,22296,144,Decline,Tulsa RV Outlet Center - OK108,,OK,TULSA,2026-08-20,,,2015,RV,Used,,17.5,1.17,jweller,,40,8.49,25000,25000,false,,,9.99,Core,Core,0.49,0,,0,45910,837,Source One Financial Services,MO, david digiovanni,0,0,OK108,Core
250898,eavila,72374,180,Auto Approval,Rock Solid Funding LLC - TX536,RSF,TX,BEDFORD,2026-08-20,2026-08-25,,2018,Boat,Used,780,29.74,4.51,S1House,,7626,10.49,1000,1000,false,,,11.99,Core,Core,1.19,0,,0,60732,760,Source One Financial Services,TX, serena pulliam,1,1,TX536,Core
250848,sbaker,43486.5,120,Booked,"Vantage Recreational Finance, Inc. -FL291",VRF,FL,FORT LAUDERDALE,2026-08-20,2026-08-21,2026-08-25,2011,Boat,Used,674,43.94,5.37,S1House,7624,1642,8.99,9500,9500,false,5907,75,9.99,Core,Core,0.8,1739.46,4,0,54320,810,Source One Financial Services,TX, jennifer richter,1,0,FL291,Core
251061,rsimmons,14745.78,144,Auto Approval,Blue Compass - Fort Myers - FL300,Blue Compass,FL,Fort Myers,2026-08-20,2026-08-21,,2024,RV,Used,,27.84,1.28,wstoutimore,,920,8.74,1000,13500,false,,,10.24,Core,Core,0.52,0,,0,28450,764,Source One Financial Services,FL, cory grambart,1,1,FL300,Core
251050,ccampos,28496.19,144,Ready to Book,Ultimate Marine - EFL121,EPIC,FL,Orlando,2026-08-20,2026-08-26,,2019,Boat,Used,,23.57,10.67,S1House,,8263,7.99,12000,12000,false,,2,8.74,Core,Not Applicable,0.84,854.89,3,0,33950,772,Connexus Credit Union,FL, sierra whitmire,1,1,EFL121,Not Applicable
250999,sflynn,51231.4,180,Auto Approval,DADS CAMPER OUTLET - GULFPORT - MS100,,MS,GULFPORT,2026-08-20,2026-08-21,,2027,RV,New,,45.06,7.45,jsmith,,1370,7.49,0,5000,false,,,8.99,Core,Core,1.15,0,,0,44397,839,Source One Financial Services,LA, ricky arnaud,1,1,MS100,Core
250963,sflynn,140327.67,240,Auto Approval,Ron Hoover - Breckenridge - TX496,Ron Hoover,TX,Beckenridge,2026-08-20,2026-08-20,,2027,RV,New,,27.65,11.72,gott,,125,8.99,7000,17500,false,,,10.49,Core,Core,0.91,0,,0,154509,759,Source One Financial Services,LA, cris stoker,1,1,TX496,Core
250877,,-2500,60,Auto Decline,"Culvers Portside Marina, Inc. -IN176",,IN,Culver,2026-08-20,,,,Boat,New,,21.94,0,jharrington1,,0,22.99,2500,2500,false,,,23.99,Bronze,Bronze,0,0,,,0,564,Source One Financial Services,IN,,0,0,IN176,Business First
251053,rsimmons,43677,240,Decline,JOHNNY'S RV SUPERSTORE LLC - AL124,,AL,THEODORE,2026-08-20,,,2026,RV,New,,58.73,2.96,jsmith,,3,7.49,5000,5000,false,,,8.99,Core,Core,1.11,0,,0,39435,822,Source One Financial Services,TX,,0,0,AL124,Core
250983,hhisek,42655.76,204,Auto Approval,Fun Town RV - Cleburne -TX108,Fun Town,TX,Cleburne,2026-08-20,2026-08-24,,2026,RV,New,,18.77,4.66,S1House,,5465,12.49,500,5500,false,,,13.24,Silver 1,Silver 1,1.36,0,,0,31344,677,Source One Financial Services,TX, brenden boggs,1,1,TX108,Silver
250950,pmeza,65485.76,240,Auto Decline,Blue Compass RV - Colorado Springs - CO160,Blue Compass,CO,COLORADO SPRINGS,2026-08-20,,,2027,RV,New,,36.9,20.19,dzilberchtein,,342,8.74,10000,9839.74,false,,,10.24,Core,Core,0.8,0,,0,81786.5,771,Source One Financial Services,CO, chris manaois,0,0,CO160,Core
251026,sbaker,63261.57,180,Conditional Approval,MarineMax - Lake Wylie - SC152,Marine Max,SC,Lake Wylie,2026-08-20,2026-08-21,,2026,Boat,New,,20.69,4.14,S1House,,1390,8.49,6749,6749,false,,,9.49,Core,Not Applicable,0.87,0,,0,73037,716,Connexus Credit Union,NC, adam emanuele,1,1,SC152,Not Applicable
251119,,102553.43,180,Auto Decline,Blue Compass RV - Seguin - TX573,Blue Compass,TX,Sequin,2026-08-20,,,2027,RV,New,,49.14,6.69,gott,,0,12.49,15000,15000,false,,,13.49,Silver 1,Silver 1,0.94,0,,0,109265,670,Source One Financial Services,TX,,0,0,TX573,Silver
250942,eavila,20139.95,204,Approved,Blue Compass RV - Columbia NE - SC149,Blue Compass,SC,Mcbee,2026-08-20,2026-08-20,,2026,RV,New,,28.11,3.78,jsmith,,42,8.74,0,0,false,,,10.24,Core,Core,1.01,0,,0,19900,775,Source One Financial Services,SC, tim isgett,1,1,SC149,Core
250937,ccampos,51333.96,180,Conditional Approval,General RV-West Palm Beach-FL266,General RV,FL,West Palm Beach,2026-08-20,2026-08-20,,2027,RV,New,,39.63,3.68,pcarter,,75,7.74,5700,5700,false,,,8.74,Core,Not Applicable,1.11,0,,0,46187,753,Connexus Credit Union,FL, sofiane yahiaoui,1,1,FL266,Not Applicable
251054,thovey,62360.52,240,Pending,General RV Center - Salisbury - NC137,General RV,NC,Salisbury,2026-08-20,,,2025,RV,New,,49.26,6.51,jsmith,,81,9.74,120000,125000,false,,,11.24,Core,Core,0.44,0,,0,142749,721,Source One Financial Services,PA, tracy doane,0,0,NC137,Core
251115,mnava,28009.78,240,Decline,BLUE COMPASS RV - SOUTH HOUSTON  - TX421,Blue Compass,TX,Alvin,2026-08-20,,,2027,RV,New,658,37.82,3.21,gott,,958,10.24,0,0,false,,,11.74,Core,Not Applicable,1.23,0,,0,22795,686,Connexus Credit Union,TX, lucy anzaldua,0,0,TX421,Not Applicable
251029,hhisek,25914.99,120,Auto Approval,Blue Compass RV - South Beumont - TX551,Blue Compass,TX,Vidor,2026-08-20,2026-08-26,,2019,RV,Used,764,24.54,2.35,gott,,8476,8.8,2650,2650,false,,,9.55,Not Applicable,Not Applicable,0.97,0,,0,26650,533,Ideal Credit Union,TX, brett massey,1,1,TX551,Not Applicable
250895,sbaker,69635.3,204,Auto Approval,Premier Yamaha Boating Center/Aransas -TX209,,TX,Aransas,2026-08-20,2026-08-20,,2022,Boat,New,,20.25,7.45,gott,,63,9.99,10000,500,false,,,11.49,Core,Core,1.06,0,,0,65390,754,Source One Financial Services,TX, charles ferguson,1,1,TX209,Core
250846,avera,23232.5,144,Approved,Williamson RV LLC-IN209,,IN,Seymour,2026-08-20,2026-08-20,,2026,RV,New,,15.27,4.24,jharrington1,,19,7.49,10000,10000,false,,,8.99,Core,Core,0.6,0,,0,38905,819,Source One Financial Services,MO, jerry hale,1,1,IN209,Core
250844,Jhill,50307.5,180,Pending,Intercoastal Financial Group LLC - 17401746,IFG,FL,Vero Beach,2026-08-20,,,2025,Boat,New,,27.61,2.26,S1House,,122,9.49,5000,5000,false,,,10.74,Core,Not Applicable,0.83,0,,0,60804,743,Connexus Credit Union,NY, nicole chaney,0,0,17401746,Not Applicable
250867,ahunt,48830.6,180,Booked,Pete's RV Center Plainville - MA104,Pete's RV,MA,Plainville,2026-08-20,2026-08-25,2026-08-25,2027,RV,New,,41.23,6.16,gcoulombe,7607,7588,7.49,0,365.84,false,19,0,8.74,Core,Core,1.28,2441.53,5,0,38090,846,Source One Financial Services,MA, john hill,1,0,MA104,Core
251038,hhisek,23492.17,180,Decline,BLUE COMPASS RV - CORPUS CHRISTI - TX459,Blue Compass,TX,CORPUS CHRISTI,2026-08-20,,,2026,RV,New,,11.68,1.4,gott,,1131,10.24,2400,2400,false,,,11.74,Core,Core,0.8,0,,0,29199,688,Source One Financial Services,TX, elisa escamilla,0,0,TX459,Core
251099,ccampos,22754.98,180,Decline,Crestview RV 2 - Buda -TX180,Campers Inn,TX,Buda,2026-08-20,,,2021,RV,Used,,13.41,1.98,gott,,29,10.74,1000,1000,false,,,12.24,Core,Core,1.17,0,,0,19450,682,Source One Financial Services,TX, luckett lowry,0,0,TX180,Core
251085,Jhill,28525.63,180,Auto Approval,Texas Marine - Clear Lake -TX354,OneWater,TX,SEABROOK,2026-08-20,2026-08-21,,2019,Boat,Used,,16.93,5.73,gott,,1241,11.24,1500,1500,false,,,12.74,Core,Core,0.87,0,,0,32610,686,Source One Financial Services,TX, seth franco,1,1,TX354,Core
250994,eavila,16509.74,144,Conditional Approval,Blue Compass-RV KC - Grain Valley - MO121,Blue Compass,MO,Grain Valley,2026-08-20,2026-08-20,,2017,RV,Used,,44.76,3.6,jweller,,40,8.49,0,0,false,,,9.99,Core,Core,0.8,0,,0,20700,871,Source One Financial Services,MO, aaron shockey,1,1,MO121,Core
251062,sbaker,19373.04,144,Auto Approval,Cookeville RV and Marine - TN154,Easy Care,TN,Cookeville,2026-08-20,2026-08-20,,2024,Boat,Used,,13.51,0.94,jsmith,,22,12.49,5000,5000,false,,,13.49,Silver 1,Silver 1,0.86,0,,0,22495,661,Source One Financial Services,TN, bradley taylor,1,1,TN154,Silver
250858,sbaker,28185.06,180,Auto Approval,Rocky Ridge - Idabel - OK149,Rocky Ridge,OK,Idabel,2026-08-20,2026-08-20,,2026,RV,New,650,22.26,2.43,jweller,,10,7.49,0,3669,false,,,9.24,Core,Core,1.11,0,,0,25430,855,Source One Financial Services,TX, nash archuleta,1,1,OK149,Core
250956,hhisek,74960.76,180,Conditional Approval,Rocky Ridge RV - Tyler - TX574,Rocky Ridge,TX,Tyler,2026-08-20,2026-08-20,,2027,RV,New,,28.59,4.17,gott,,23,13.74,9550,9550,false,,,14.74,Silver 1,Silver 1,0.91,0,,0,82395,649,Source One Financial Services,TX, brandon barsh,1,1,TX574,Silver
250917,Jhill,88734.32,240,Booked,Pete's RV Center - Chesapeake - VA113,Pete's RV,VA,Chesapeake,2026-08-20,2026-08-24,2026-08-26,2026,RV,New,,36.39,10.17,jsmith,9044,6245,9.49,5000,9466.75,false,2799,0,10.99,Core,Core,1.16,5324.06,6,0,76453,704,Source One Financial Services,VA, jason loper,1,0,VA113,Core
250932,rsimmons,34645.83,180,Decline,A and L RV Sales - Johnson City - TN123,,TN,Johnson City,2026-08-20,,,2021,RV,Used,,82.86,5.58,jsmith,,10,7.99,500,500,false,,,9.49,Core,Core,1,0,,0,34705,849,Source One Financial Services,TN, amber bailey,0,0,TN123,Core
251121,,60545.1,240,Auto Decline,"Vantage Recreational Finance, Inc. -FL291",VRF,FL,FORT LAUDERDALE,2026-08-20,,,2025,Boat,Used,,66.92,8.07,S1House,,0,14.99,6200,6200,false,,,15.99,Silver 2,Silver 2,1.05,0,,0,57690,636,Source One Financial Services,FL,,0,0,FL291,Silver
251095,,14751.45,180,Cancelled,AMERICA GO RV - COMFORT - TX471,,TX,COMFORT,2026-08-20,,,2017,RV,Used,,0,0,gott,,,22.99,1600,1600,false,,,23.99,Bronze,Bronze,0.57,0,,0,26000,,Source One Financial Services,TX, eric sprague,0,0,TX471,Business First
251083,mlomedico,52900.95,180,Booked,Crowder RV Center- TN109,Canopy Financial,TN,Johnson City,2026-08-20,2026-08-21,2026-08-21,2025,RV,New,693,13.45,4.24,jsmith,5542,1430,9.74,0,1,false,4111,1,10.49,Core,Core,0.9,1587.03,3,0,58867,721,Source One Financial Services,VA, matt kurtz,1,0,TN109,Core
251013,,35088.65,180,Auto Decline,"Vantage Recreational Finance, Inc. -FL291",VRF,FL,FORT LAUDERDALE,2026-08-20,,,2024,Boat,Used,,45.25,8.41,S1House,,0,13.74,3700,3700,false,,,14.74,Silver 1,Silver 1,0.86,0,,0,40580,659,Source One Financial Services,GA,,0,0,FL291,Silver
250901,mnava,47254.79,180,Decline,Skeeter Boat Center -WI149,,WI,Chippewa Falls,2026-08-20,,,2024,Boat,Used,,77.45,6.42,dzilberchtein,,11,10.24,5000,5000,false,,,11.74,Core,Core,1.04,0,,0,45230,690,Source One Financial Services,WI, erin walsh,0,0,WI149,Core
251027,mlomedico,15896.89,144,Auto Approval,ROBBINS AUTO AND RV - MO187,,MO,AURORA,2026-08-20,2026-08-20,,2026,RV,New,793,43.36,3.53,jweller,,52,7.99,0,4930.21,false,,,9.49,Core,Core,0.86,0,,0,18550,863,Source One Financial Services,MO, justin sims,1,1,MO187,Core
250987,hhisek,21831.47,180,Booked,Liberty Trail RV - Sulphur Springs - TX580,,TX,Sulphur Springs,2026-08-20,2026-08-27,2026-08-27,2027,RV,New,784,16.93,3.57,gott,9982,9959,7.49,2000,2000,false,18,5,6.99,Core,Core,0.93,218.31,1,0,23417.6,804,Source One Financial Services,TX, shaun woodruff,1,0,TX580,Core
251103,mnava,42953.35,204,Decline,BLUE COMPASS RV - CORPUS CHRISTI - TX459,Blue Compass,TX,CORPUS CHRISTI,2026-08-20,,,2026,RV,New,,21.63,5.46,gott,,35,9.74,2100,2100,false,,,11.24,Core,Core,0.99,0,,0,43339.5,738,Source One Financial Services,TX, elisa escamilla,0,0,TX459,Core
250935,mnava,63035.13,240,Auto Approval,Fun Town RV - Las Vegas - NV116,Fun Town,NV,Las Vegas,2026-08-20,2026-08-20,,2026,RV,New,730,32.17,5.88,ljablonoski,,29,8.24,3000,3000,false,,,9.74,Core,Core,0.85,0,,0,73854,772,Source One Financial Services,NV, julie ronquillo,1,1,NV116,Core
250929,,46877,180,Auto Decline,Lerch RV- PA121,,PA,Milroy,2026-08-20,,,2022,RV,Used,,94.35,12.62,jharrington1,,0,14.49,500,8139,false,,,15.49,Silver 1,Silver 1,0,0,,0,0,650,Source One Financial Services,PA,,0,0,PA121,Silver
250988,,32404.38,180,Auto Decline,Gil Cherry Family RV Center LLC -TX130,,TX,Sweetwater,2026-08-20,,,2026,RV,New,,46.36,3.76,gott,,0,12.49,3600,3600,false,,,13.49,Silver 1,Silver 1,0.87,0,,0,37160,673,Source One Financial Services,TX,,0,0,TX130,Silver
251087,thovey,57158,240,Decline,Bumgarner Camping Center-NC142,Canopy Financial,NC,Lenoir,2026-08-20,,,2026,RV,New,,57.01,6.85,jsmith,,19,9.74,500,500,false,,,11.24,Core,Core,1.01,0,,0,56484,736,Source One Financial Services,TX, matt kurtz,0,0,NC142,Core
250975,mlomedico,45963.58,180,Decline,Blue Compass RV - Macon - GA157,Blue Compass,GA,Byron,2026-08-20,,,2027,RV,New,595,52.98,4.44,jsmith,,7,12.49,5100,5100,false,,,13.49,Silver 1,Silver 1,1.01,0,,0,45374,679,Source One Financial Services,TX, zach carmichael,0,0,GA157,Silver
250852,Jhill,22769,180,Auto Approval,"Vantage Recreational Finance, Inc. -FL291",VRF,FL,FORT LAUDERDALE,2026-08-20,2026-08-24,,2013,Boat,Used,752,22.21,1.78,S1House,,6019,10.99,2350,2350,false,,,12.49,Core,Core,0.98,0,,0,23220,774,Source One Financial Services,OK, alphonzo bowe,1,1,FL291,Core
250949,ccampos,71324,240,Decline,Warrior Financial - OH236,Warrior Performance,OH,Columbus,2026-08-20,,,2025,RV,Used,780,146.68,11.81,jharrington1,,66,10.74,0,0,true,,,12.74,Business First,Business First,0.92,0,,0,77200,,Source One Financial Services,FL, jayeann hart,0,0,OH236,Business First
250948,rsimmons,24273.57,180,Auto Approval,Liberty Trail RV - Sulphur Springs - TX580,,TX,Sulphur Springs,2026-08-20,2026-08-21,,2020,RV,Used,669,40.45,1.52,gott,,1492,10.24,2750,2750,false,,,11.74,Core,Core,0.95,0,,0,25550,724,Source One Financial Services,TX, shaun woodruff,1,1,TX580,Core
251097,,19190.2,144,Auto Decline,Alabama Campers Tuscaloosa-AL161,,AL,Tuscaloosa,2026-08-20,,,2023,RV,Used,,35.65,6.23,jsmith,,0,22.99,2250,2250,false,,,23.99,Bronze,Bronze,1.15,0,,0,16620,599,Source One Financial Services,NM,,0,0,AL161,Business First
250885,avera,21659.19,144,Approved,Ashley Marine - Panama City -  FL255,,FL,Panama City,2026-08-20,2026-08-20,,2026,Boat,New,,47.63,5.07,wstoutimore,,28,7.99,2000,2000,false,,,9.49,Core,Core,1.05,0,,0,20706.12,786,Source One Financial Services,FL, amy silas,1,1,FL255,Core
250892,avera,55593.77,240,Booked,Blue Compass RV - Hickory - NC156,Blue Compass,NC,Claremont,2026-08-20,2026-08-24,2026-08-24,2024,RV,Used,672,31.68,4.13,jsmith,6143,6116,8.99,10000,10000,false,27,0,10.49,Core,Core,1.12,3335.63,6,0,49600,752,Source One Financial Services,NC, anthony juedeman,1,0,NC156,Core
250883,ccampos,48696.83,180,Decline,Georgia Campers - GA145,,GA,Newman,2026-08-20,,,2022,RV,Used,563,49.42,3.15,jsmith,,17,8.49,5000,5000,false,,,9.99,Core,Core,1.06,0,,0,45950,788,Source One Financial Services,GA, gustavo egidi,0,0,GA145,Core
251032,rsimmons,12484.46,144,Decline,Blue Compass RV - South Beumont - TX551,Blue Compass,TX,Vidor,2026-08-20,,,2017,RV,Used,593,53.24,0.95,gott,,12,10.99,1600,1600,false,,,12.49,Core,Core,1.03,0,,0,12100,717,Source One Financial Services,TX, brett massey,0,0,TX551,Core
251060,eavila,74849,180,Auto Approval,Bretz RV & Marine - Lake Crystal - MN842,Bretz RV,MN,Lake Crystal,2026-08-20,2026-08-20,,2014,RV,Used,,46.96,5.57,dzilberchtein,,85,8.74,20000,20000,false,,,10.24,Core,Core,0.67,0,,0,112400,864,Source One Financial Services,SD, hayley archuleta,1,1,MN842,Core
250888,sbaker,37255.7,180,Decline,ANGLERS CHOICE - MARTINSVILLE - VA100,,VA,MARTINSVILLE,2026-08-20,,,2014,Boat,Used,544,28.27,5.92,jsmith,,27,11.49,5000,5000,false,,,12.99,Core,Core,0.73,0,,0,51300,717,Source One Financial Services,NC, samantha gammons,0,0,VA100,Core
251071,,34682,180,Auto Decline,Blue Compass - Mobile - AL170,Blue Compass,AL,Theodore,2026-08-20,,,2022,RV,Used,,31.79,11.61,jsmith,,0,22.99,1000,1000,false,,,23.99,Bronze,Bronze,1.03,0,,0,33770,580,Source One Financial Services,AL,,0,0,AL170,Business First
251107,thovey,27439.31,216,Approved,Maxie Price RV - GA161,,GA,Loganville,2026-08-20,2026-08-21,,2021,RV,Used,,39.53,6.26,jsmith,,1034,9.99,3000,3000,false,,,11.49,Core,Core,0.76,0,,0,36050,717,Source One Financial Services,GA, matt eaton,1,1,GA161,Core
251068,jharrington1,64146.7,204,Conditional Approval,RV Wholesalers -OH118,,OH,Lakeview,2026-08-20,2026-08-20,,2026,RV,New,,32.3,9.69,jharrington1,,14,9.49,5500,5500,false,,,10.49,Core,Core,0.83,0,,0,76853,715,Source One Financial Services,OH, kelly tussing,1,1,OH118,Core
251074,,29443.68,180,Auto Decline,SKYRIVER RV - FRESNO - NCA138,SkyRiver,CA,Fresno,2026-08-20,,,2022,RV,Used,,47.31,2.97,jrubi,,0,15.74,3200,3200,false,,,16.74,Silver 2,Silver 2,1.05,0,,0,28000,634,Source One Financial Services,CA,,0,0,NCA138,Silver
250838,rsimmons,54620.05,240,Decline,Campers Inn RV of Knoxville E - TN160,Campers Inn,TN,Knoxville,2026-08-20,,,2026,RV,New,,38.27,4.46,jsmith,,40,13.74,5410,5410,false,,,14.74,Silver 1,Silver 1,1.06,0,,0,51717,653,Source One Financial Services,MO, radu puraci,0,0,TN160,Silver
250869,jrubi,48485.52,120,Auto Decline,CAMPERS INN RV OF JACKSONVILLE NORTH - FL159,Campers Inn,FL,JACKSONVILLE,2026-08-20,,,2026,RV,New,,24.72,20.68,pcarter,,111,7.99,0,0,false,,,9.49,Core,Core,1,0,,0,48455,800,Source One Financial Services,FL, jeff crane,0,0,FL159,Core
251098,ccampos,68599.7,180,Decline,McClain's Longhorn RV Inc - TX520,,TX,Sanger,2026-08-20,,,2022,RV,Used,,46.17,4.96,gott,,1411,13.24,8510,9399,false,,,14.24,Silver 1,Not Applicable,1,0,,0,68600,669,Connexus Credit Union,TX, connor mccown,0,0,TX520,Not Applicable
251041,,29440.99,180,Auto Decline,General RV - Tampa - FL238,General RV,FL,Dover,2026-08-20,,,2026,RV,New,573,12.97,3.23,wstoutimore,,0,7.49,3500,3500,false,,,8.99,Core,Core,1.04,0,,0,28235,804,Source One Financial Services,FL,,0,0,FL238,Core
250972,Jhill,67885.03,240,Auto Approval,JEFF COUCHS CAMPERS -OH107,Jeff Couchs,OH,Trenton,2026-08-20,2026-08-20,,2027,RV,New,,35.71,8.6,jharrington1,,89,7.74,7000,7000,false,,,8.74,Core,Not Applicable,0.98,0,,0,69072,762,Connexus Credit Union,NY, bryon spencer,1,1,OH107,Not Applicable
250931,sflynn,87545.93,180,Pending,M20 MARINE OUTFITTERS - SCA107,,CA,SAN DIEGO,2026-08-20,2026-08-20,,2026,Boat,New,,45.67,3.06,jrubi,,83,7.99,12000,12000,false,,,9.49,Core,Core,0.94,0,,0,92723,784,Source One Financial Services,CA, carter allen,0,0,SCA107,Core
251250,rsimmons,53091.21,180,Auto Approval,Hamilton RV -MI140,Selvius RV,MI,Lumberton,2026-08-21,2026-08-24,,2025,RV,New,,42.87,7.42,dzilberchtein,,4099,7.99,35000,7835.79,false,,,9.49,Core,Core,1.29,0,,0,41004,794,Source One Financial Services,MI, ben sexton,1,1,MI140,Core
251327,,81756.91,240,Auto Decline,Fun Town RV-Denton -TX322,Fun Town,TX,Denton,2026-08-21,,,2027,RV,New,,56.89,6.73,gott,,0,14.99,5000,10000,false,,,15.99,Silver 2,Silver 2,1.43,0,,0,57095,638,Source One Financial Services,TX,,0,0,TX322,Silver
251313,rsimmons,46652.33,204,Auto Approval,Hanner RV Supercenter -TX165,,TX,Baird,2026-08-21,2026-08-21,,2026,RV,New,703,16.67,3.09,gott,,129,7.49,0,0,false,,,8.99,Core,Core,1.14,0,,0,41045,807,Source One Financial Services,TX, lance finley,1,1,TX165,Core
251193,mlomedico,61242.3,240,Pending,"Vantage Recreational Finance, Inc. -FL291",VRF,FL,FORT LAUDERDALE,2026-08-21,2026-08-21,,2025,Boat,Used,,35.03,1.72,S1House,,121,8.74,8000,8000,false,,,10.24,Core,Core,0.91,0,,0,67655,780,Source One Financial Services,UT, trenton cott,0,0,FL291,Core
251385,mnava,47652.57,204,Approved,Fun Town RV - Cleburne -TX108,Fun Town,TX,Cleburne,2026-08-21,2026-08-22,,2026,RV,Used,,37.36,4.87,S1House,,1095,13.24,60000,60000,false,,,14.24,Core,Silver 1,0.29,0,,0,161750,651,Source One Financial Services,TX, laci boulware,1,1,TX108,Core
251314,thovey,14187.12,144,Auto Approval,BISH'S RV - INDIANAPOLIS - IN199,Bish's RV,IN,ANDERSON,2026-08-21,2026-08-21,,2026,RV,Used,,32.52,6.23,jharrington1,,36,13.74,3500,3500,false,,,14.74,Silver 1,Silver 1,0.63,0,,0,22550,647,Source One Financial Services,IN, chad knight,1,1,IN199,Silver
251307,jharrington1,27617,180,Approved,Juniata Valley RV- PA133,,PA,Mifllintown,2026-08-21,2026-08-21,,2025,RV,New,,30.84,3.36,jharrington1,,16,9.74,0,0,false,,,11.24,Core,Core,0.99,0,,0,27783,722,Source One Financial Services,PA,,1,1,PA133,Core
251154,ccampos,62751.55,180,Decline,FUN TOWN RV CONROE -TX400,Fun Town,TX,CONROE,2026-08-21,,,2026,RV,New,,30.54,19.9,gott,,18,10.24,0,7140,false,,,11.74,Core,Core,0.86,0,,0,73213,690,Source One Financial Services,TX, michal procek,0,0,TX400,Core
251176,,64700,180,Auto Decline,Petes RV Center - PA105,Pete's RV,PA,MOUNTVILLE,2026-08-21,,,2026,RV,New,621,29.51,4.94,jharrington1,,0,22.99,50000,50000,false,,,23.99,Bronze,Bronze,0.55,0,,0,117185,617,Source One Financial Services,OH,,0,0,PA105,Business First
251122,avera,21280.34,180,Auto Approval,ROYS RV SUPERCENTER LLC - WV101,,WV,ELKINS,2026-08-21,2026-08-21,,2016,RV,Used,,30.95,4.59,jharrington1,,42,8.49,0,0,false,,,9.99,Core,Core,0.97,0,,0,21850,813,Source One Financial Services,WV, aaron harlan,1,1,WV101,Core
251248,pmeza,45630.89,204,Auto Approval,General RV - Tampa - FL238,General RV,FL,Dover,2026-08-21,2026-08-24,,2026,RV,New,,24.74,7.68,wstoutimore,,4209,9.99,2198,2198,false,,,11.49,Core,Core,1.13,0,,0,40540,705,Source One Financial Services,FL, sofiane yahiaoui,1,1,FL238,Core
251188,Jhill,207745.15,240,Decline,Clearwater Marine - FL227,OneWater,FL,Clearwater,2026-08-21,,,2023,Boat,Used,,33.92,13.77,wstoutimore,,9,7.99,20000,20000,false,,,9.49,Core,Core,0.84,0,,0,248743,840,Source One Financial Services,OR, jared gooch,0,0,FL227,Core
251260,mlomedico,38806.38,180,Auto Approval,FUN TOWN RV CONROE -TX400,Fun Town,TX,CONROE,2026-08-21,2026-08-24,,2026,RV,New,,38.58,11.38,gott,,4191,9.99,2000,2000,false,,,11.49,Core,Core,0.96,0,,0,40621,720,Source One Financial Services,TX, michal procek,1,1,TX400,Core
251225,Jhill,87709.56,180,Approved,PPL MOTORHOMES - CLEBURNE - TX440,,TX,CLEBURNE,2026-08-21,2026-08-21,,2023,RV,Used,,10.61,5.39,gott,,62,9.99,8000,8000.14,false,,,11.49,Core,Core,0.89,0,,0,98450,750,Source One Financial Services,TX, bryce mcmakin,1,1,TX440,Core
251323,,56669.55,180,Auto Decline,SOUTHLAND RV - GA137,,GA,RICHMOND HILL,2026-08-21,,,2023,RV,Used,,48.49,10.84,jsmith,,0,15.74,6000,6000,false,,,16.74,Silver 2,Silver 2,1.14,0,,0,49700,626,Source One Financial Services,GA,,0,0,GA137,Silver
251333,rsimmons,115994.7,180,Decline,Demontrond Automotive Group-TX397,,TX,Houston,2026-08-21,,,2026,RV,New,639,42.87,8.81,gott,,16,22.99,3000,18000,false,,,23.99,Silver 1,Silver 1,0.91,0,,0,127060,640,Source One Financial Services,TX, tegan summer,0,0,TX397,Silver
251358,pmeza,24659.55,144,Booked,Blue Compass RV - Sacramento - NCA147,Blue Compass,CA,Rancho Cordova,2026-08-21,2026-08-24,2026-08-24,2015,RV,Used,,36.37,1.42,jrubi,4235,4072,10.74,4500,4500,false,139,24,12.24,Core,Core,1.16,1479.57,6,0,21200,721,Source One Financial Services,CA, melinda miller,1,0,NCA147,Core
251140,Jhill,33380,144,Decline,BLUE COMPASS RV - CINCINNATI - OH114,Blue Compass,OH,Cincinnati,2026-08-21,,,2012,RV,Used,,36.58,11.66,jharrington1,,16,11.74,8000,8000,false,,,13.24,Core,Silver 1,0.86,0,,0,38665,664,Source One Financial Services,NC, mattew farrell,0,0,OH114,Core
251387,,22167.94,144,Auto Decline,Sky River RV - Paso Robles - SCA146,SkyRiver,CA,Paso Robles,2026-08-21,,,2025,RV,Used,591,33.03,1.65,jrubi,,0,14.99,2000,2000,false,,,15.99,Silver 2,Silver 2,1.1,0,,0,20075,634,Source One Financial Services,CA,,0,0,SCA146,Silver
251272,,58212.43,180,Auto Decline,Premier Yamaha Boating Center/Aransas -TX209,,TX,Aransas,2026-08-21,,,2026,Boat,New,687,70.87,8.72,gott,,0,14.99,4000,4000,false,,,15.99,Silver 2,Silver 2,1.26,0,,0,46179,628,Source One Financial Services,TX,,0,0,TX209,Silver
251360,ccampos,38057.47,180,Booked,Bailey Toliver RV and Truck Country LLC -TX369,,TX,STANTON,2026-08-21,2026-08-22,2026-08-27,2026,RV,New,,21.97,4.24,gott,8147,1433,8.99,1650,1650,false,3936,2778,9.74,Core,Not Applicable,1.08,1141.72,3,0,35261,709,Connexus Credit Union,TX, jim barben,1,0,TX369,Not Applicable
251227,sbaker,11293.34,120,Auto Approval,PELICAN MARINE CENTER - FL120,,FL,HUDSON,2026-08-21,2026-08-26,,2010,Boat,Used,,37.33,1.65,wstoutimore,,7280,11.99,2000,2000,false,,,13.49,Core,Core,0.58,0,,0,19385,708,Source One Financial Services,FL, richie bernett,1,1,FL120,Core
251342,Jhill,49600.94,180,Auto Approval,SMITH MOTOR CO OF HATTIESBURG INC - MS107,,MS,HATTIESBURG,2026-08-21,2026-08-21,,2027,Boat,New,,23.35,3.06,jsmith,,36,9.74,0,0,false,,,11.24,Core,Core,1.04,0,,0,47608.88,733,Source One Financial Services,TX, lisa hartfield,1,1,MS107,Core
251139,,122537.5,180,Auto Decline,Intercoastal Financial Group LLC - 17401746,IFG,FL,Vero Beach,2026-08-21,,,1999,Boat,Used,,0,0,S1House,,0,22.99,0,0,false,,,23.99,Bronze,Bronze,1.07,0,,0,115000,,Source One Financial Services,TX,,0,0,17401746,Business First
251275,avera,149523.59,216,Decline,North Trail RV Center - FL347,,FL,Ft. Myers,2026-08-21,2026-08-21,,2018,RV,Used,688,67.27,10.13,wstoutimore,,4414,9.99,218500,218500,false,,,11.49,Core,Core,0.46,0,,0,325700,750,Source One Financial Services,VA, justin graham,0,0,FL347,Core
251253,sflynn,19649.83,144,Auto Approval,ROCKINGHAM MARINE - TN139,,TN,JOHNSON CITY,2026-08-21,2026-08-21,,2024,Boat,Used,,13.02,5.18,jsmith,,69,7.49,0,5500,false,,,8.99,Core,Core,1.2,0,,0,16429,825,Source One Financial Services,VA, natalie hilton,1,1,TN139,Core
251177,,14550.28,144,Auto Decline,Campers Unlimited-Chattanooga-TN148,,TN,Ooltewah,2026-08-21,,,2022,RV,Used,,47.6,2.17,jsmith,,0,14.49,1000,1000,false,,,15.49,Silver 1,Silver 1,1.02,0,,0,14300,648,Source One Financial Services,TN,,0,0,TN148,Silver
251319,rsimmons,19738,144,Auto Approval,American Boat and RV INC-OH204,,OH,Sandusky,2026-08-21,2026-08-25,,2017,RV,Used,,43.23,2.96,jharrington1,,5330,9.74,2000,2000,false,,,11.24,Core,Core,0.64,0,,0,30750,764,Source One Financial Services,OH,,1,1,OH204,Core
251371,ahunt,24571.44,180,Auto Approval,Pete's RV Center Plainville - MA104,Pete's RV,MA,Plainville,2026-08-21,2026-08-24,,2026,RV,New,,38.34,4.03,gcoulombe,,4025,8.74,2500,2500,false,,,10.24,Core,Core,1.07,0,,0,23045,767,Source One Financial Services,ME, john hill,1,1,MA104,Core
251213,eavila,39586.16,180,Auto Approval,Pikes Peak RV Inc - CO149,,CO,Colorado Springs,2026-08-21,2026-08-21,,2027,RV,New,879,21.02,3.12,dzilberchtein,,17,7.49,10000,10000,false,,,8.99,Core,Core,0.98,0,,0,40476,873,Source One Financial Services,CO, lexie green,1,1,CO149,Core
251129,sflynn,46432.79,180,Auto Approval,Rock Solid Funding LLC - TX536,RSF,TX,BEDFORD,2026-08-21,2026-08-21,,2017,Boat,Used,,23.06,2.64,S1House,,38,8.49,4600,4600,false,,,9.99,Core,Core,0.85,0,,0,54450,813,Source One Financial Services,CA, serena pulliam,1,1,TX536,Core
251321,,29292.96,180,Auto Decline,Sky River RV - Paso Robles - SCA146,SkyRiver,CA,Paso Robles,2026-08-21,,,2019,RV,Used,584,29.29,5.01,jrubi,,0,16.24,3000,3000,false,,,17.24,Silver 2,Silver 2,1.13,0,,0,25950,625,Source One Financial Services,CA,,0,0,SCA146,Silver
251186,,57772.86,240,Auto Decline,Moix RV - Hot Springs Landing LLC - AR135,,AR,Hot Springs,2026-08-21,,,2016,RV,Used,,35.37,11.37,jweller,,0,22.99,17000,10746.14,false,,,23.99,Bronze,Bronze,1.19,0,,0,48730,,Source One Financial Services,AR,,0,0,AR135,Business First
251366,thovey,48505.67,180,Auto Approval,Gull Boats & RV - Missoula - MT118,Bretz RV,MT,Missoula,2026-08-21,2026-08-21,,2026,RV,New,,30.53,5.03,dzilberchtein,,9,9.49,5000,17000,false,,,10.99,Core,Core,0.75,0,,0,64363,744,Source One Financial Services,FL, nathan deuter,1,1,MT118,Core
251397,lgrace,45028.72,204,Auto Approval,Rex and Sons RVs Inc - NC127,,NC,CASTLE HAYNE,2026-08-21,2026-08-22,,2026,RV,New,758,48.47,4,jsmith,,741,8.74,0,0,false,,,10.24,Core,Core,1.17,0,,0,38566,769,Source One Financial Services,NC, brett mabry,1,1,NC127,Core
251303,avera,199995,240,Decline,SOUTHLAND RV - GA137,,GA,RICHMOND HILL,2026-08-21,,,2026,RV,New,,25.92,6.34,jsmith,,5,8.24,57000,57000,false,,,9.74,Core,Core,0.79,0,,0,252710,767,Source One Financial Services,WI, eric stafford,0,0,GA137,Core
251174,Jhill,50842.12,204,Auto Approval,Blue Compass RV - Chattanooga - GA156,Blue Compass,GA,Ringgold,2026-08-21,2026-08-21,,2026,RV,New,753,32.51,7.14,jsmith,,30,9.49,0,6221,false,,,10.99,Core,Core,1.27,0,,0,40069.5,771,Source One Financial Services,GA, david wallace,1,1,GA156,Core
251170,rsimmons,17902.24,204,Approved,"Ron Hoover Companies of Lake Conroe, Inc -TX280",Ron Hoover,TX,Willis,2026-08-21,2026-08-21,,2022,RV,Used,,12.01,2.67,gott,,11,10.49,1500,1500,false,,,11.99,Core,Core,0.78,0,,0,23000,716,Source One Financial Services,TX, gilbert salazar,1,1,TX280,Core
251157,avera,33080.38,180,Booked,Campers Inn Louisville -IN138,Campers Inn,IN,Clarksville,2026-08-21,2026-08-21,2026-08-21,2026,RV,New,715,15.26,1.74,jharrington1,233,100,7.49,1000,1000,false,132,1,8.99,Core,Core,0.96,1984.82,6,0,34601,846,Source One Financial Services,IN, mark unger,1,0,IN138,Core
251388,,37725.18,180,Auto Decline,St Louis RV - MO155,,MO,O'Fallon,2026-08-21,,,2026,RV,New,,31.53,6.87,jweller,,0,14.99,5000,5000,false,,,15.99,Silver 2,Silver 2,1.02,0,,0,37140,637,Source One Financial Services,MO,,0,0,MO155,Silver
251374,thovey,39027.58,180,Auto Approval,CAMPERS INN RV OF MADISON - AL116,Campers Inn,AL,MADISON,2026-08-21,2026-08-21,,2026,RV,New,736,26.68,2.48,jsmith,,18,8.74,0,0,false,,,10.24,Core,Core,1.09,0,,0,35841,766,Source One Financial Services,LA, robert orwat,1,1,AL116,Core
251349,mnava,63480.63,240,Decline,RV COUNTRY - FRESNO - NCA115,RV Country,CA,FRESNO,2026-08-21,,,2025,RV,New,,38.7,8.18,jrubi,,44,7.49,7500,7500,false,,,8.99,Core,Core,0.96,0,,0,66209,829,Source One Financial Services,CA, ryan davis,0,0,NCA115,Core
251390,eavila,125427,240,Auto Approval,TAYLORS BOATS INC - UT112,,UT,DRAPER,2026-08-21,2026-08-21,,2026,Boat,New,737,42.95,4.48,ljablonoski,,11,7.24,100000,100000,false,,,8.74,Core,Core,0.7,0,,0,180003,819,Source One Financial Services,AZ,,1,1,UT112,Core
251348,eavila,7654.69,60,Conditional Approval,Pete's RV Center - Maine - ME115,Pete's RV,ME,Saco,2026-08-21,2026-08-21,,2011,RV,Used,,40.5,2.1,gcoulombe,,22,13.24,2500,2500,false,,,13.74,Core,Core,0.85,0,,0,9000,700,Source One Financial Services,ME, chris lasonde,1,1,ME115,Core
251249,mnava,245962.76,240,Verifications Incomplete,RV Select-FL270,,FL,Seffner,2026-08-21,2026-08-27,,2022,RV,Used,719,46.36,10.51,wstoutimore,,8542,8.74,15000,25903,false,,1,9.99,Core,Core,1.08,12298.14,5,0,228350,761,Source One Financial Services,NV, bradley mitchell,1,1,FL270,Core
251350,,100058.25,240,Auto Decline,Dry Dock Boat Sales - NV100,,NV,Las Vegas,2026-08-21,,,2024,Boat,Used,,22.58,4,ljablonoski,,0,14.99,25000,25000,false,,,15.99,Silver 2,Silver 2,0.89,0,,0,112715,637,Source One Financial Services,NV,,0,0,NV100,Silver
251240,sbaker,200000,240,Pending,Collins Inc of Johnston Co - NC148,,NC,Smithfield,2026-08-21,2026-08-21,,2026,Boat,New,,37.95,9.58,jsmith,,30,9.74,51183.77,51183.77,false,,,11.24,Core,Core,1,0,,0,200633.8,730,Source One Financial Services,NC, melissa sexton,0,0,NC148,Core
251370,mlomedico,13235.5,120,Auto Approval,Blue Compass RV - Tyler - TX552,Blue Compass,TX,Tyler,2026-08-21,2026-08-21,,2026,RV,New,,26.75,1.61,gott,,27,9.99,2000,2000,false,,,11.49,Core,Core,0.65,0,,0,20388,705,Source One Financial Services,TX, brian vaseleck,1,1,TX552,Core
251141,thovey,27163.27,120,Auto Approval,Cedar City RV  - ETN103,EPIC,TN,Lebanon,2026-08-21,2026-08-25,,2026,RV,New,,39.33,6.23,S1House,,6037,12.49,2600,2600,false,,,12.49,Silver 1,Not Applicable,0.87,0,,0,31344,659,Connexus Credit Union,TN, mia williams,1,1,ETN103,Not Applicable
251285,eavila,50000,240,Decline,La Mesa RV Center - San Diego - SCA161,La Mesa,CA,San Diego,2026-08-21,,,2024,RV,Used,709,52.2,4.36,jrubi,,9,10.99,30000,63000,false,,,11.74,Core,Core,0.41,0,,0,123420,717,Source One Financial Services,AZ, sam gammo,0,0,SCA161,Core
251364,,83247.96,240,Cancelled,Bish's RV of Sioux Falls - SD112,Bish's RV,SD,Tea,2026-08-21,,,2026,RV,New,,0,0,dzilberchtein,,,22.99,35000,23000,false,,,23.99,Bronze,Bronze,0.77,0,,0,108285,,Source One Financial Services,SD, david mcclanahan,0,0,SD112,Business First
251326,hhisek,20524.76,180,Decline,Blue Compass RV - Katy - TX571,Blue Compass,TX,Katy,2026-08-21,,,2027,RV,New,,20.4,4.03,gott,,5,13.74,0,0,false,,,14.74,Silver 1,Silver 1,1.07,0,,0,19117,658,Source One Financial Services,TX, kevin miranda,0,0,TX571,Silver
251181,jharrington1,28709,180,Decline,WAGNERS OUTDOOR EXPRESS RV LLC - WV103,Easy Care,WV,FALLING WATERS,2026-08-21,,,2025,RV,New,670,56.63,4.83,jharrington1,,19,8.74,500,500,false,,,10.24,Core,Core,0.75,0,,0,38327,766,Source One Financial Services,PA, jim lakes,0,0,WV103,Core
251128,sflynn,130955,240,Booked,All About Boats - MO224,,MO,Osage Beach,2026-08-21,2026-08-26,2026-08-26,2021,Boat,Used,,20.6,2.89,jweller,7530,7517,8.49,22500,22500,false,13,0,7.39,Core,Core,0.86,1309.55,1,0,151860,783,Source One Financial Services,IL, ryan lambert,1,0,MO224,Core
251341,,100759.68,180,Auto Decline,RV Station LTD - Donna -TX289,,TX,Donna,2026-08-21,,,2026,RV,New,621,22.25,4.74,gott,,0,14.99,5000,14100,false,,,15.99,Silver 2,Silver 2,1.08,0,,0,93395,625,Source One Financial Services,TX,,0,0,TX289,Silver
251172,pmeza,64544.71,204,Decline,Capital RV - Minot - ND118,Campers Inn,ND,Minot,2026-08-21,,,2026,RV,New,,6.9,3.67,dzilberchtein,,44,12.49,10000,10000,false,,,13.49,Silver 1,Silver 1,1.02,0,,0,63523,664,Source One Financial Services,MN, michelle barber,0,0,ND118,Silver
251309,sbaker,62059,180,Decline,Rocky Ridge RV of Van Buren - AR115,Rocky Ridge,AR,Van Buren,2026-08-21,,,2026,RV,New,521,31.69,3.97,jweller,,67,9.74,0,7000,false,,,11.49,Core,Not Applicable,1.17,0,,0,52879,734,Connexus Credit Union,TX,,0,0,AR115,Not Applicable
251236,mlomedico,19998,144,Auto Approval,BOBBY WAYNES RV - SCA111,,CA,LANCASTER,2026-08-21,2026-08-21,,2026,RV,New,,30.7,6.12,jrubi,,249,12.49,2000,2000,false,,,13.49,Silver 1,Silver 1,0.87,0,,0,23061,670,Source One Financial Services,CA,,1,1,SCA111,Silver
251252,thovey,56682,180,Auto Approval,VanDOit - MO233,,MO,Chillicothe,2026-08-21,2026-08-27,,2020,RV,Used,822,30.14,2.91,jweller,,8408,7.99,23000,53000,false,,,9.49,Core,Core,1.23,0,,0,46117,873,Source One Financial Services,FL, michael hollon,1,1,MO233,Core
251351,sbaker,22336.22,144,Auto Approval,Bradford Marine & ATV-Springdale-AR144,Bradford Marine,AR,Springdale,2026-08-21,2026-08-21,,2027,Boat,New,,18.33,1.58,jweller,,10,12.49,25000,25000,false,,,13.49,Silver 1,Silver 1,0.56,0,,0,39857,675,Source One Financial Services,OK, charlie jones,1,1,AR144,Silver
251212,,31073.4,240,Cancelled,Keystone RV Center  - PA110,Pete's RV,PA,Greencastle,2026-08-21,,,2026,RV,New,,0,0,jharrington1,,,22.99,500,500,false,,,23.99,Bronze,Bronze,0.81,0,,0,38148,,Source One Financial Services,PA, jennifer vance,0,0,PA110,Business First
251207,,18271,120,Auto Decline,Bobby Combs RV AZ - AZ312,,AZ,Mesa,2026-08-21,,,2019,RV,Used,586,33.94,2.85,edominguez,,0,22.99,2000,2000,false,,,23.99,Bronze,Bronze,0,0,,0,0,608,Source One Financial Services,AZ,,0,0,AZ312,Business First
251377,jrubi,78128.2,220,Auto Approval,Giant RV - Colton - SCA157,Giant RV,CA,Colton,2026-08-21,2026-08-21,,2024,RV,Used,,25.88,6.64,jrubi,,69,9.99,7000,7000,false,,,11.49,Core,Core,0.9,0,,0,86572,707,Source One Financial Services,CA, lynn johnson,1,1,SCA157,Core
251147,,13772.31,144,Auto Decline,Splash Boat Sales LLC - ETX104,EPIC,TX,Kingsland,2026-08-21,,,2019,Boat,Used,543,48.52,2.25,S1House,,0,16.24,2500,2500,false,,,17.24,Silver 2,Silver 2,0.67,0,,0,20421,634,Source One Financial Services,TX,,0,0,ETX104,Silver
251255,avera,24834.85,216,Approved,"A to Z Supercenter, LLC - FL242",,FL,Ocala,2026-08-21,2026-08-21,,2024,RV,Used,,19.09,2.22,pcarter,,23,10.24,3000,3000,false,,,11.74,Core,Core,0.88,0,,0,28250,685,Source One Financial Services,FL, austin haase,1,1,FL242,Core
251179,,25890.4,180,Auto Decline,SKAGGS RV OUTLET - KY113,,KY,ELIZABETHTOWN,2026-08-21,,,2027,RV,New,,79.67,6.48,jharrington1,,0,13.74,0,6000,false,,,14.74,Silver 1,Silver 1,0.76,0,,0,33901,646,Source One Financial Services,KY,,0,0,KY113,Silver
251210,pmeza,16933.67,180,Decline,Blue Compass RV - Concord - NC154,Blue Compass,NC,Concord,2026-08-21,,,2022,RV,Used,,39.51,6.17,jsmith,,27,15.74,2000,2000,false,,,16.74,Silver 1,Silver 1,1.06,0,,0,16000,640,Source One Financial Services,NC, aidan ahern,0,0,NC154,Silver
251392,,20056,144,Auto Decline,I-15 RV - SCA114,,CA,HESPERIA,2026-08-21,,,2026,RV,New,,21.8,3.16,jrubi,,0,14.99,2900,2900,false,,,15.99,Silver 2,Silver 2,0.79,0,,0,25274,634,Source One Financial Services,CA,,0,0,SCA114,Silver
251229,mlomedico,49804.86,180,Conditional Approval,Keystone RV Center  - PA110,Pete's RV,PA,Greencastle,2026-08-21,2026-08-21,,2027,RV,New,666,32.52,4.13,jharrington1,,25,12.49,0,13500,false,,,13.49,Silver 1,Silver 1,0.69,0,,0,72420,674,Source One Financial Services,VA, jennifer vance,1,1,PA110,Silver
251194,Jhill,19690,180,Conditional Approval,MARIETTA MARINE - GA102,,GA,ACWORTH,2026-08-21,2026-08-21,,2021,Boat,Used,,6.49,0.75,jsmith,,13,7.99,8200,8200,false,,,9.49,Core,Core,1.05,0,,0,18787,848,Source One Financial Services,KY, danielle evans,1,1,GA102,Core
251363,mlomedico,79034.79,180,Auto Approval,Rock Solid Funding LLC - TX536,RSF,TX,BEDFORD,2026-08-21,2026-08-21,,2013,RV,Used,,42.91,9.4,S1House,,12,10.24,3463,3463,false,,,11.74,Core,Core,1.1,0,,0,71850,776,Source One Financial Services,NM, ashley rogers,1,1,TX536,Core
251164,mlomedico,122544.8,180,Decline,Intercoastal Financial Group LLC - 17401746,IFG,FL,Vero Beach,2026-08-21,,,2017,Boat,Used,,39.14,10.89,S1House,,6020,10.99,12500,12500,false,,,12.24,Core,Core,1.07,0,,0,115000,710,Source One Financial Services,FL, hunter miller,0,0,17401746,Core
251292,ccampos,20084.07,144,Booked,SUNRISE MARINE CENTER - AR109,,AR,SEARCY,2026-08-21,2026-08-25,2026-08-25,2026,Boat,New,,35.68,5.64,jweller,5811,5540,12.49,2200,2200,false,270,1,13.49,Silver 1,Silver 1,1.15,803.36,4,0,17468.31,674,Source One Financial Services,AR, makayla cheatham,1,0,AR109,Silver
251352,ccampos,114187.11,240,Auto Approval,General RV - Richmond - VA117,General RV,VA,Ashland,2026-08-21,2026-08-26,,2026,RV,New,695,40.96,5.38,jsmith,,6851,9.99,12000,12000,false,,,9.99,Core,Core,1.05,0,,0,108617,716,Source One Financial Services,PA, blake cartin,1,1,VA117,Core
251265,hhisek,84184.71,204,Booked,BLUE COMPASS RV - FT WORTH - TX420,Blue Compass,TX,Fort Worth,2026-08-21,2026-08-27,2026-08-27,2022,RV,Used,,31.2,8.24,gott,8813,8783,10.74,3500,3500,false,30,0,12.24,Core,Core,1.14,5051.08,6,0,73950,697,Source One Financial Services,TX, rj norman,1,0,TX420,Core
251357,Jhill,106372.99,240,Decline,Bish's RV of Birmingham - AL172,Bish's RV,AL,calera,2026-08-21,,,2026,RV,Used,,50.6,12.97,jsmith,,16,9.49,5000,16020.37,false,,,10.99,Core,Core,1.07,0,,0,99500,758,Source One Financial Services,AL, todd miillsap,0,0,AL172,Core
251320,ccampos,31387.42,180,Decline,Bumgarner Camping Center-NC142,Canopy Financial,NC,Lenoir,2026-08-21,,,2025,RV,New,,62.87,7.08,jsmith,,22,9.99,3500,3500,false,,,11.49,Core,Core,0.83,0,,0,37731,703,Source One Financial Services,NC, matt kurtz,0,0,NC142,Core
251264,thovey,28900.82,180,Decline,Ron Hoover Marine Inc - La Marque -TX279,Ron Hoover,TX,Houston,2026-08-21,,,2026,RV,New,,14.22,2.79,gott,,14,9.74,3500,3500,false,,,11.24,Core,Core,0.91,0,,0,31778,723,Source One Financial Services,TX, cory meyer,0,0,TX279,Core
251155,,23171.02,120,Auto Decline,REEDER TRAUSCH MARINES - IN187,,IN,ROCKVILLE,2026-08-21,,,2020,Boat,Used,,28.05,3.17,jharrington1,,0,22.99,2500,2500,false,,,23.99,Bronze,Bronze,1.27,0,,0,18300,619,Source One Financial Services,TX,,0,0,IN187,Business First
251198,hhisek,64632.08,240,Auto Approval,"Ron Hoover Companies of Donna, Inc -Tx277",Ron Hoover,TX,Donna,2026-08-21,2026-08-21,,2021,Boat,Used,,24.64,7.33,gott,,38,7.74,10000,10100,false,,,9.24,Core,Core,1.09,0,,0,59515,871,Source One Financial Services,TX,,1,1,TX277,Core
251395,hhisek,46268.38,180,Approved,St Louis RV - MO155,,MO,O'Fallon,2026-08-21,2026-08-22,,2026,RV,New,662,41.3,3.52,jweller,,895,9.5,10000,10000,false,,,10,Silver 1,Not Applicable,0.78,0,,0,59619,678,Ideal Credit Union,MO, jason miller,1,1,MO155,Not Applicable
251269,sbaker,18410.72,168,Auto Approval,Chesaco RV - Frederick - MD109,,MD,Frederick,2026-08-21,2026-08-21,,2026,RV,New,,37.97,2.11,gcoulombe,,23,7.49,1000,1000,false,,,8.99,Core,Core,1.12,0,,0,16422,843,Source One Financial Services,WV, bert landes,1,1,MD109,Core
251346,,36516.61,180,Auto Decline,HALLS RV INC - AL121,,AL,ALBERTVILLE,2026-08-21,,,2023,RV,New,,20.48,20.48,jsmith,,0,22.99,0,0,false,,,23.99,Bronze,Bronze,0.9,0,,0,40700,602,Source One Financial Services,AL,,0,0,AL121,Business First
251191,hhisek,16269.31,180,Decline,Blue Compass RV - Katy - TX571,Blue Compass,TX,Katy,2026-08-21,,,2026,RV,New,550,28.34,0.88,gott,,9,12.49,0,0,false,,,13.49,Silver 1,Silver 1,0.82,0,,0,19810,670,Source One Financial Services,TX, eddie johnson,0,0,TX571,Silver
251378,lgrace,62578.1,180,Decline,"Vantage Recreational Finance, Inc. -FL291",VRF,FL,FORT LAUDERDALE,2026-08-21,,,2001,Boat,Used,,28.69,3.79,S1House,,7082,22.99,6500,6500,false,,,23.99,Silver 1,Silver 1,0.98,0,,0,64015,679,Source One Financial Services,FL, emily stratton,0,0,FL291,Silver
251290,,71254.65,240,Auto Decline,Johnston RV Center - AL134,,AL,Decatur,2026-08-21,,,2027,RV,New,,56.78,9.07,jsmith,,0,14.99,10000,10000,false,,,15.99,Silver 2,Silver 2,0.87,0,,0,81523,635,Source One Financial Services,MS,,0,0,AL134,Silver
251328,,67707.16,180,Auto Decline,Minneapolis Trailer Sales - MN824,,MN,Rogers,2026-08-21,,,2026,RV,New,,38.8,8.03,dzilberchtein,,0,22.99,7500,7500,false,,,23.99,Bronze,Bronze,1.24,0,,0,54395,544,Source One Financial Services,NJ,,0,0,MN824,Business First
251241,avera,14890.89,120,Booked,Uwharrie RV  (740 Motors) - NC125,,NC,Albemarle,2026-08-21,2026-08-21,2026-08-27,2021,RV,Used,,35.74,3.31,jsmith,8773,94,10.24,3000,3000,false,7150,1529,11.74,Core,Core,1.02,893.45,6,0,14650,721,Source One Financial Services,NC, brian bailey,1,0,NC125,Core
251302,mnava,18652.79,144,Auto Approval,Rock Solid Funding LLC - TX536,RSF,TX,BEDFORD,2026-08-21,2026-08-21,,2025,RV,Used,,41.57,1.61,S1House,,35,9.49,2000,2000,false,,,10.99,Core,Core,0.84,0,,0,22100,756,Source One Financial Services,VA, ashley rogers,1,1,TX536,Core
251123,hhisek,40319.95,180,Decline,Cedar City RV  - ETN103,EPIC,TN,Lebanon,2026-08-21,,,2027,RV,New,632,53.75,2.02,S1House,,15,12.49,0,0,false,,,13.49,Silver 1,Silver 1,1.1,0,,0,36740,678,Source One Financial Services,TN, mia williams,0,0,ETN103,Silver
251201,jrubi,15197.88,144,Auto Approval,Rays RV Sales & Service - SCA169,,CA,Riverside,2026-08-21,2026-08-24,,2023,RV,New,644,29.01,4.05,jrubi,,4432,14.49,1500,1500,false,,,15.49,Silver 1,Silver 1,0.73,0,,0,20800,658,Source One Financial Services,CA,,1,1,SCA169,Silver
251283,,58990.31,180,Auto Decline,Fun Town RV- Waco-TX212,Fun Town,TX,Hewitt,2026-08-21,,,2027,RV,New,,19.49,7.97,gott,,0,22.99,3000,3000,false,,,23.99,Bronze,Bronze,1.04,0,,0,56741,615,Source One Financial Services,OR,,0,0,TX212,Business First
251231,pmeza,95301,240,Decline,BRETZ RV & MARINE - BILLINGS - MT115,Bretz RV,MT,Billings,2026-08-21,,,2026,RV,New,,17.67,7.52,dzilberchtein,,16,22.99,10000,45022,false,,,23.99,Core,Core,0.97,0,,0,98260,682,Source One Financial Services,ID, nikolaus hinebauch,0,0,MT115,Core
251232,jharrington1,66165.65,204,Conditional Approval,BLUE COMPASS RV INDIANAPOLIS-IN206,Blue Compass,IN,INDIANAPOLIS,2026-08-21,2026-08-21,,2026,RV,New,,26.81,6.66,jharrington1,,23,11.24,8000,8000,false,,,12.74,Core,Core,0.96,0,,0,68578,687,Source One Financial Services,SC, ron hamilton,1,1,IN206,Core
251368,ccampos,72657.13,180,Ready to Book,Gil Cherry Family RV Center LLC -TX130,,TX,Sweetwater,2026-08-21,2026-08-24,,2027,RV,New,,13.01,4.68,gott,,4259,7.49,5000,18500,false,,1358,8.49,Core,Not Applicable,0.86,2906.29,4,0,84823,721,Connexus Credit Union,TX, rodney rodgers,1,1,TX130,Not Applicable
251217,eavila,19669.09,120,Approved,Fun Town RV Orange LP - TX468,Fun Town,TX,Orange,2026-08-21,2026-08-21,,2026,RV,New,,10.68,2.14,gott,,53,12.49,5000,21000,false,,,12.49,Silver 1,Not Applicable,0.53,0,,0,36967,642,Connexus Credit Union,TX, brenden boggs,1,1,TX468,Not Applicable
251254,rsimmons,31939.86,180,Decline,Alabama Campers Tuscaloosa-AL161,,AL,Tuscaloosa,2026-08-21,,,2026,RV,New,631,41.9,3.49,jsmith,,20,10.24,3500,3500,false,,,11.74,Core,Core,0.85,0,,0,37598,684,Source One Financial Services,AL, anne huntsinger,0,0,AL161,Core
251222,,11873.96,144,Auto Decline,Rocky Ridge RV - Nacogdoches - TX525,Rocky Ridge,TX,Nacogdoches,2026-08-21,,,2026,RV,Used,,16,3.74,gott,,0,14.99,1200,1200,false,,,15.99,Silver 2,Silver 2,0.49,0,,0,24450,632,Source One Financial Services,TX,,0,0,TX525,Silver
251127,hhisek,31495.74,180,Decline,RV Wholesalers -OH118,,OH,Lakeview,2026-08-21,,,2026,RV,New,,32.87,5.26,jharrington1,,4,9.99,1000,1800,false,,,11.49,Core,Core,1.19,0,,0,26395,712,Source One Financial Services,OH, kelly tussing,0,0,OH118,Core
251259,pmeza,42876.52,180,Decline,Ashley Marine LLC - GA147,,GA,Columbus,2026-08-21,,,2026,Boat,New,,60.03,6.89,jsmith,,37,9.74,0,0,false,,,11.24,Core,Core,1.41,0,,0,30381.23,723,Source One Financial Services,GA, tim holloway,0,0,GA147,Core
251318,ccampos,40582.2,180,Auto Approval,Airstream of Tampa - FL334,Blue Compass,FL,Dover,2026-08-21,2026-08-21,,2017,RV,Used,,18.48,4.18,wstoutimore,,24,10.49,88878.33,9077.29,false,,,11.99,Core,Core,0.81,0,,0,49850,748,Source One Financial Services,FL, jennipher kirkpatrick,1,1,FL334,Core
251361,Jhill,18821.07,144,Pending,Gregg Orr Marine -TX365,,TX,TEXARKANA,2026-08-21,2026-08-22,,2023,Boat,Used,,14.2,5.4,jweller,,1146,10.49,6000,6000,false,,,11.99,Core,Core,1.3,0,,0,14430,719,Source One Financial Services,TX, chad jordan,0,0,TX365,Core
251376,ahunt,20221.75,144,Auto Approval,Easy Camping RV - IA141,,IA,Nevada,2026-08-21,2026-08-21,,2026,RV,New,,38.81,2.18,gcoulombe,,51,9.49,0,0,false,,,10.99,Core,Core,0.77,0,,0,26285,743,Source One Financial Services,IA, ryan jensen,1,1,IA141,Core
251145,hhisek,144617.01,240,Booked,Airstream of Tampa - FL334,Blue Compass,FL,Dover,2026-08-21,2026-08-26,2026-08-26,2025,RV,Used,,23.13,11.13,wstoutimore,7633,7187,7.99,20000,20000,false,445,1,9.49,Core,Core,0.84,8677.02,6,0,172550,788,Source One Financial Services,LA, peter beckingham,1,0,FL334,Core
251330,pmeza,56049,204,Auto Approval,BRETZ RV & MARINE - BILLINGS - MT115,Bretz RV,MT,Billings,2026-08-21,2026-08-21,,2026,RV,New,776,23.03,5.29,dzilberchtein,,31,8.49,7000,21,false,,,9.24,Core,Core,1.28,0,,0,43949,831,Source One Financial Services,MT, nikolaus hinebauch,1,1,MT115,Core
251233,mnava,61883.47,240,Auto Approval,CAMPERS INN RV OF RALEIGH INC - NC109,Campers Inn,NC,SELMA,2026-08-21,2026-08-21,,2026,RV,New,699,32.45,3.26,jsmith,,131,9.74,12300,3246.95,false,,,11.24,Core,Core,1.29,0,,0,47961.85,728,Source One Financial Services,NC, tressa row,1,1,NC109,Core
251391,eavila,15243.09,144,Conditional Approval,BISH'S RV OF BOZEMAN - MT103,Bish's RV,MT,BOZEMAN,2026-08-21,2026-08-21,,2026,RV,New,,46,3.24,dzilberchtein,,10,9.74,500,500,false,,,11.24,Core,Core,0.91,0,,0,16720,723,Source One Financial Services,MT, david mcclanahan,1,1,MT103,Core
251295,pmeza,65816.91,240,Booked,HORIZON RV CENTER - GA136,,GA,LAKE PARK,2026-08-21,2026-08-22,2026-08-22,2026,RV,New,763,22.98,4.54,jsmith,1563,1455,7.49,10063,11054.03,false,107,1,8.99,Core,Core,1.53,3949.01,6,0,42986,828,Source One Financial Services,FL, lazaro remolina,1,0,GA136,Core
251136,sbaker,19529.52,144,Booked,WATERSPORTS CENTRAL - BUFORD - GA148,,GA,BUFORD,2026-08-21,2026-08-24,2026-08-25,2006,Boat,Used,,24.54,2.22,jsmith,6152,4466,12.24,2500,2500,false,1683,3,13.74,Core,Core,0.76,1171.77,6,0,25785,698,Source One Financial Services,GA, ricky marzalek,1,0,GA148,Core
251277,thovey,194248.39,240,Auto Approval,General RV Center - Mesa - AZ357,General RV,AZ,Mesa,2026-08-21,2026-08-27,,2026,RV,New,773,45.6,14.71,edominguez,,8806,7.74,80000,93907.1,false,,,9.24,Core,Core,0.91,0,,0,214438,799,Source One Financial Services,AZ, chris coleman,1,1,AZ357,Core
251182,,49827.25,180,Auto Decline,Clearwater Marine - FL227,OneWater,FL,Clearwater,2026-08-21,,,2003,Boat,Used,,0,0,wstoutimore,,0,22.99,10000,10000,false,,,23.99,Bronze,Bronze,0.75,0,,0,66781,,Source One Financial Services,FL,,0,0,FL227,Business First
251203,rsimmons,69596.13,204,Booked,Ron Hoover Companies of Texarkana - TX557,Ron Hoover,TX,Texarkana,2026-08-21,2026-08-26,2026-08-26,2025,RV,New,,35.83,7.08,gott,7475,7415,12.49,7000,7000,false,59,1,13.49,Silver 1,Silver 1,1.04,2783.85,4,0,67098,676,Source One Financial Services,FL, bryce sowell,1,0,TX557,Silver
251308,hhisek,26932.88,180,Conditional Approval,CAMPERS INN RV OF ACWORTH - GA123,Campers Inn,GA,ACWORTH,2026-08-21,2026-08-21,,2022,RV,Used,,32.21,3.48,jsmith,,8,13.24,2725,2725,false,,,14.24,Silver 1,Silver 1,0.93,0,,0,28950,674,Source One Financial Services,GA, matthew martinez,1,1,GA123,Silver
251228,thovey,50886,240,Approved,TAYLORS BOATS INC - UT112,,UT,DRAPER,2026-08-21,2026-08-21,,2024,Boat,New,718,16.39,0.79,ljablonoski,,14,7.99,1000,1000,false,,,9.49,Core,Core,0.99,0,,0,51249,792,Source One Financial Services,AZ,,1,1,UT112,Core
251216,ccampos,62532.14,204,Auto Approval,Jacksonville Marine Inc - FL103,,FL,Fleming Island,2026-08-21,2026-08-21,,2024,Boat,Used,,17.39,2.48,pcarter,,35,7.99,15000,2300,false,,,9.49,Core,Core,1.14,0,,0,54905,798,Source One Financial Services,FL, ben fontaine,1,1,FL103,Core
251286,mnava,28678.52,240,Auto Approval,Blue Compass RV - Hickory - NC156,Blue Compass,NC,Claremont,2026-08-21,2026-08-21,,2026,RV,New,683,37.07,3.2,jsmith,,35,7.49,3500,3500,false,,,8.99,Core,Core,0.98,0,,0,29225,806,Source One Financial Services,NC, nathan mcpherson,1,1,NC156,Core
251256,pmeza,37915.56,180,Approved,Clear Creek Camping LLC-TX396,,TX,Abilene,2026-08-21,2026-08-21,,2026,RV,New,,21.12,6.34,gott,,59,7.49,3900,3900,false,,,8.74,Core,Not Applicable,0.98,0,,0,38884,781,Connexus Credit Union,TX, mark connally,1,1,TX396,Not Applicable
251190,mlomedico,53692,240,Auto Approval,Cedar City RV  - ETN103,EPIC,TN,Lebanon,2026-08-21,2026-08-27,,2027,RV,New,,35.53,5.74,S1House,,8743,9.74,6000,6000,false,,,11.24,Core,Core,0.84,0,,0,64137,721,Source One Financial Services,SC, mia williams,1,1,ETN103,Core
251334,sflynn,114187.11,240,Decline,General RV - Richmond - VA117,General RV,VA,Ashland,2026-08-21,,,2026,RV,New,716,50.54,5.95,jsmith,,30,10.24,12000,12000,false,,,11.74,Core,Core,1.05,0,,0,108617,695,Source One Financial Services,PA, blake cartin,0,0,VA117,Core
251338,hhisek,78587.51,216,Verifications Incomplete,CAMPERS INN MACON - GA121,Campers Inn,GA,BYRON,2026-08-21,2026-08-25,,2025,RV,Used,,30.38,11.72,jsmith,,5655,11.24,0,7400,false,,2,11.99,Core,Core,0.99,2357.63,3,0,79050,692,Source One Financial Services,GA, brandon tarleton,1,1,GA121,Core
251336,hhisek,36975.93,144,Decline,"Ron Hoover Companies of Donna, Inc -Tx277",Ron Hoover,TX,Donna,2026-08-21,,,2026,RV,New,,40.66,5.34,gott,,32,13.74,3500,3500,false,,,14.74,Silver 1,Not Applicable,0.97,0,,0,37932,643,Connexus Credit Union,TX, julio pena,0,0,TX277,Not Applicable
251208,ccampos,68460.31,204,Auto Approval,CAMPERS INN RV OF MADISON - AL116,Campers Inn,AL,MADISON,2026-08-21,2026-08-21,,2023,RV,Used,705,31.92,11.65,jsmith,,71,10.24,0,10000,false,,,11.74,Core,Core,0.88,0,,0,78100,736,Source One Financial Services,IL, robert orwat,1,1,AL116,Core
251195,hhisek,47823.4,180,Decline,Gil Cherry Family RV Center LLC -TX130,,TX,Sweetwater,2026-08-21,,,2027,RV,New,,38.94,17.33,gott,,7,12.49,10000,10000,false,,,13.49,Silver 1,Silver 1,0.85,0,,0,56166,661,Source One Financial Services,TX, rodney rodgers,0,0,TX130,Silver
251372,thovey,81710.63,240,Decline,CAMPERS INN ATLANTA -GA122,Campers Inn,GA,TUCKER,2026-08-21,,,2026,RV,New,,20.94,8.16,jsmith,,10,12.49,0,33500,false,,,13.49,Silver 1,Silver 1,0.81,0,,0,101112,661,Source One Financial Services,GA, todd towns,0,0,GA122,Silver
251329,sflynn,65118.75,180,Auto Approval,Als Specialty -MN659,,MN,Rochester,2026-08-21,2026-08-27,,2025,Boat,New,,21.56,1.91,dzilberchtein,,8614,7.49,2000,6000,false,,,7.99,Core,Core,0.98,0,,0,66461,868,Source One Financial Services,MN,,1,1,MN659,Core
251237,ccampos,15854.84,144,Booked,LDRV of Tampa - FL340,Campers Inn,FL,Seffner,2026-08-21,2026-08-26,2026-08-26,2018,RV,Used,,28.21,5.99,wstoutimore,7413,7291,8.49,0,0,false,122,0,9.99,Core,Core,1,951.29,6,0,15840,808,Source One Financial Services,FL, ethan haynes,1,0,FL340,Core
251379,mlomedico,86691.19,240,Booked,Blue Compass RV - Chattanooga - GA156,Blue Compass,GA,Ringgold,2026-08-21,2026-08-26,2026-08-27,2026,RV,New,,34.9,6.15,jsmith,8341,7160,10.24,12500,22500,false,1132,49,11.47,Core,Core,1.15,5201.47,6,0,75418,690,Source One Financial Services,TN, carson callender,1,0,GA156,Core
251150,rsimmons,55987.91,240,Auto Approval,Legendary Marine - Destin - FL142,OneWater,FL,Destin,2026-08-21,2026-08-24,,2019,Boat,Used,,35.23,3.91,wstoutimore,,4430,11.24,7000,7000,false,,,12.74,Core,Core,1.02,0,,0,55066,684,Source One Financial Services,IL, nolon saucier,1,1,FL142,Core
251284,hhisek,158714.25,180,Decline,Blue Compass RV - Katy - TX571,Blue Compass,TX,Katy,2026-08-21,,,2027,RV,New,641,54.55,9.13,gott,,18,13.74,7000,40300,false,,,14.74,Silver 1,Silver 1,1.32,0,,0,119849,648,Source One Financial Services,TX, eddie johnson,0,0,TX571,Silver
251279,mnava,36628,144,Auto Approval,Tulsa RV Outlet Center - OK108,,OK,TULSA,2026-08-21,2026-08-26,,2020,RV,Used,,25.73,1.98,jweller,,7415,11.99,5200,5200,false,,,12.49,Core,Not Applicable,1,0,,0,36700,687,Connexus Credit Union,KS, david digiovanni,1,1,OK108,Not Applicable
251159,Jhill,43521.65,480,Decline,WINDISH RV - CO134,,CO,LAKEWOOD,2026-08-21,,,2019,RV,Used,,34.45,15.35,dzilberchtein,,7,14.99,0,10000,false,,,15.99,Silver 1,Silver 1,0.98,0,,0,44400,647,Source One Financial Services,CO, eric smith,0,0,CO134,Silver
251224,mnava,42500,240,Decline,MOMENTUM MARINE - LAGRANGE - GA141,,GA,LAGRANGE,2026-08-21,,,2026,Boat,New,559,47.72,3.91,jsmith,,65,7.49,0,15678.38,false,,,8.99,Core,Not Applicable,0.87,0,,0,48839.5,839,Connexus Credit Union,GA, wesley corley,0,0,GA141,Not Applicable
251384,pmeza,130373.5,216,Booked,SIMI RECREATIONAL VEHICLE SALES - SCA144,,CA,SIMI VALLEY,2026-08-21,2026-08-26,2026-08-27,2026,RV,New,723,23.36,2.62,jrubi,8406,7202,9.74,14000,-14026.95,false,179,1025,10.24,Core,Core,1.33,2607.47,2,0,97770,725,Source One Financial Services,CA,,1,0,SCA144,Core
251394,hhisek,21547.58,144,Decline,Fun Town RV - Cleburne -TX108,Fun Town,TX,Cleburne,2026-08-21,,,2026,RV,New,,40.77,3.32,S1House,,684,12.49,2200,2200,false,,,13.49,Silver 1,Silver 1,0.95,0,,0,22676,661,Source One Financial Services,TX, cody kirkman,0,0,TX108,Silver
251273,jharrington1,91449.78,180,Auto Approval,Ideal RVs INC - FL228,,FL,Lakeland,2026-08-21,2026-08-24,,2015,RV,Used,,34.4,12.5,wstoutimore,,4165,9.49,30000,9000,false,,,10.24,Core,Core,0.71,0,,0,129500,860,Source One Financial Services,GA, john yanis,1,1,FL228,Core
251375,eavila,42473.74,180,Approved,Crestview RV 2 - Buda -TX180,Campers Inn,TX,Buda,2026-08-21,2026-08-21,,2026,RV,New,,12.73,4.98,gott,,9,9.99,4500,4500,false,,,11.49,Core,Core,0.88,0,,0,48497,709,Source One Financial Services,TX, luckett lowry,1,1,TX180,Core
251305,Jhill,36450,180,Auto Approval,TOONS - CENTRAL CROSSING - MO228,Easy Care,MO,Shell Knob,2026-08-21,2026-08-21,,2020,Boat,Used,,19.85,1.15,jweller,,124,7.99,1000,1000,false,,,9.49,Core,Core,1.13,0,,0,32330,830,Source One Financial Services,AR, jim lakes,1,1,MO228,Core
251243,eavila,25176.52,36,Decline,Sonny's RV - WY104,,WY,Evansville,2026-08-21,,,2026,RV,New,,31.06,6.17,dzilberchtein,,78,12.49,0,0,false,,,13.49,Silver 1,Not Applicable,1.13,0,,0,22301,673,Allegius Credit Union,WY, caleb peters,0,0,WY104,Not Applicable
251289,avera,19834.89,168,Auto Approval,Blue Compass - Fort Myers - FL300,Blue Compass,FL,Fort Myers,2026-08-21,2026-08-24,,2026,RV,New,,21.52,8.79,wstoutimore,,4177,12.49,250,250,false,,,13.49,Silver 1,Silver 1,0.88,0,,0,22460,667,Source One Financial Services,FL, cory grambart,1,1,FL300,Silver
251344,ahunt,26372.91,180,Booked,Princess Craft RV -TX191,,TX,Round Rock,2026-08-21,2026-08-24,2026-08-24,2026,RV,New,,38.46,4.79,gott,4236,4053,9.74,2700,2700,false,175,8,10.74,Core,Core,1.13,1054.92,4,0,23280,731,Source One Financial Services,TX, lane lambright-reed,1,0,TX191,Core
251251,pmeza,27600,180,Decline,MY RV SD - SCA112,,CA,EL CAJON,2026-08-21,,,2013,RV,Used,,6.94,6.1,jrubi,,10,11.24,3500,3500,false,,,12.74,Core,Core,0,0,,0,0,732,Source One Financial Services,AZ,,0,0,SCA112,Core
251144,Jhill,37800,240,Auto Approval,Harvey RV and Marine - ME112,,ME,Glenburn,2026-08-21,2026-08-25,,2026,RV,New,,17.11,2.23,gcoulombe,,5881,7.24,10000,10000,false,,,8.74,Core,Core,0.82,0,,0,45889,864,Source One Financial Services,NH, skyler raymond,1,1,ME112,Core
251162,Jhill,27119.27,180,Auto Approval,"Lone Star RV Sales, INC -TX206",,TX,Houston,2026-08-21,2026-08-21,,2021,RV,Used,,36.44,2.9,gott,,193,8.49,2500,2500,false,,,8.99,Core,Core,1.22,0,,0,22250,787,Source One Financial Services,TX,,1,1,TX206,Core
251345,mlomedico,25788.15,144,Conditional Approval,WALNUT RIDGE FAMILY RV SALES- Memphis-IN207,,IN,MEMPHIS,2026-08-21,2026-08-21,,2026,RV,New,,17.57,4.23,jharrington1,,101,9.99,2650,2650,false,,,10.49,Core,Not Applicable,0.98,0,,0,26230,699,Connexus Credit Union,IN, curt riedling,1,1,IN207,Not Applicable
251317,mlomedico,74828,180,Decline,I-15 RV - SCA114,,CA,HESPERIA,2026-08-21,,,2026,RV,New,677,46.82,4.28,jrubi,,13,12.49,22000,22000,false,,,13.49,Silver 1,Silver 1,0.72,0,,0,104020,675,Source One Financial Services,CA,,0,0,SCA114,Silver
251247,rsimmons,14497.23,180,Auto Approval,Cowtown USA -MO111,,MO,Cuba,2026-08-21,2026-08-22,,2016,Boat,Used,,7.32,0.42,jweller,,1414,14.99,1410,1410,false,,,14.99,Silver 1,Silver 1,1.12,0,,0,13000,648,Source One Financial Services,MO, scott land,1,1,MO111,Silver
251226,pmeza,88165.54,240,Auto Approval,Johnnie Walker RV - NV117,,NV,Las Vegas,2026-08-21,2026-08-22,,2026,RV,New,,33.14,4.92,ljablonoski,,1290,9.74,15000,1300,false,,,11.24,Core,Core,1.28,0,,0,68945,734,Source One Financial Services,NV, dustin guadan,1,1,NV117,Core
251168,hhisek,74692.18,240,Decline,Phil Dill Boats -TX104,OneWater,TX,Lewisville,2026-08-21,,,2026,Boat,New,635,70.39,6,gott,,10,12.49,8000,8000,false,,,13.49,Silver 1,Silver 1,1.26,0,,0,59349,661,Source One Financial Services,TX, baily blackney,0,0,TX104,Silver
251215,sbaker,55443.96,240,Auto Approval,RGV RV SALES - TX569,,TX,Mission,2026-08-21,2026-08-21,,2027,RV,New,,26.09,3.38,gott,,8,9.49,5630,5630,false,,,10.99,Core,Core,1.21,0,,0,45754,753,Source One Financial Services,TX, aldo camarillo,1,1,TX569,Core
251299,,52154.07,240,Auto Decline,GREAT AMERICAN RV SUPERSTORE-TUPELO - MS114,,MS,BELDEN,2026-08-21,,,2026,RV,New,592,35.73,5.4,jsmith,,0,14.99,5000,5000,false,,,15.99,Silver 2,Silver 2,1.2,0,,0,43500,636,Source One Financial Services,MS,,0,0,MS114,Silver
251219,sbaker,54368.22,240,Auto Approval,Blue Compass - Mobile - AL170,Blue Compass,AL,Theodore,2026-08-21,2026-08-21,,2026,RV,New,708,42.75,3.35,jsmith,,41,8.74,1000,1000,false,,,10.24,Core,Core,1,0,,0,54395,764,Source One Financial Services,AL, dylan howard,1,1,AL170,Core
251271,sbaker,111468.46,180,Decline,Optimum RV - La Feria - TX512,Optimum RV,TX,La Ferua,2026-08-21,,,2023,RV,Used,,36.9,9.05,gott,,63,13.24,11800,11800,false,,,14.24,Silver 1,Silver 1,1,0,,0,111550,667,Source One Financial Services,TX, juan vasquez,0,0,TX512,Silver
251218,jharrington1,28573.4,204,Conditional Approval,Keystone RV Center  - PA110,Pete's RV,PA,Greencastle,2026-08-21,2026-08-21,,2026,RV,New,,35.89,2.65,jharrington1,,5,12.49,3000,3000,false,,,13.49,Silver 1,Silver 1,0.75,0,,0,38148,668,Source One Financial Services,PA, jennifer vance,1,1,PA110,Silver
251135,sbaker,11617.2,120,Auto Approval,Uwharrie RV  (740 Motors) - NC125,,NC,Albemarle,2026-08-21,2026-08-21,,2017,RV,Used,,38.7,3.57,jsmith,,19,11.24,1100,1100,false,,,12.74,Core,Core,1.05,0,,0,11100,690,Source One Financial Services,NC, brian bailey,1,1,NC125,Core
251262,pmeza,22718.71,180,Decline,Blue Compass RV - Seguin - TX573,Blue Compass,TX,Sequin,2026-08-21,,,2021,RV,Used,,15.24,3.85,gott,,4531,13.24,2000,2000,false,,,14.24,Silver 1,Silver 1,0.96,0,,0,23595,676,Source One Financial Services,TX, ryan campos,0,0,TX573,Silver
251143,,43292.5,180,Auto Decline,SR1 Companies-Turner-ME108,,ME,Turner,2026-08-21,,,2026,RV,New,,17.88,10.1,gcoulombe,,0,14.99,2000,2000,false,,,15.99,Silver 2,Silver 2,0.89,0,,0,48906,633,Source One Financial Services,ME,,0,0,ME108,Silver
251125,,10763,120,Auto Decline,Sportfishermans Center -MI134,,MI,Muskegon,2026-08-21,,,2020,Boat,New,,30.75,3.44,dzilberchtein,,0,15.74,1000,1000,false,,,16.74,Silver 2,Silver 2,0,0,,0,0,639,Source One Financial Services,MI,,0,0,MI134,Silver
251126,sbaker,49228,180,Auto Approval,Intercoastal Financial Group LLC - 17401746,IFG,FL,Vero Beach,2026-08-21,2026-08-21,,2024,RV,Used,,37.43,2.58,S1House,,38,10.24,20000,20000,false,,,11.49,Core,Core,0.57,0,,0,86550,695,Source One Financial Services,PA, hal jolles,1,1,17401746,Core
251261,pmeza,56465.14,240,Auto Approval,Freedom RV-AZ252,,AZ,Tucson,2026-08-21,2026-08-21,,2026,RV,New,,32.39,6.53,edominguez,,18,9.49,9000,9000,false,,,10.99,Core,Core,0.79,0,,0,71640,712,Source One Financial Services,AZ, tyler temple,1,1,AZ252,Core
251220,rsimmons,144822,240,Decline,Demontrond Automotive Group-TX397,,TX,Houston,2026-08-21,,,2026,RV,New,662,46.95,9.59,gott,,8422,8.24,10000,19324.71,false,,,9.74,Core,Not Applicable,1.14,0,,0,127060,772,Connexus Credit Union,TX, tegan summer,0,0,TX397,Not Applicable
251245,avera,498952.5,240,Auto Decline,"Vantage Recreational Finance, Inc. -FL291",VRF,FL,FORT LAUDERDALE,2026-08-21,,,2021,Boat,Used,,0,0,S1House,,5,22.99,325000,325000,true,,,24.99,Business First,Business First,0.71,0,,0,707035,,Source One Financial Services,FL, terri walker,0,0,FL291,Business First
251246,,21490,180,Auto Decline,Blue Compass RV - Columbia NE - SC149,Blue Compass,SC,Mcbee,2026-08-21,,,2026,RV,New,,49.2,9.11,jsmith,,0,12.49,2000,2000,false,,,13.49,Silver 1,Silver 1,0.79,0,,0,27278,668,Source One Financial Services,SC,,0,0,SC149,Silver
251183,ccampos,17223.13,120,Conditional Approval,Buckeye RV LLC -OH225,,OH,Jefferson,2026-08-21,2026-08-21,,2022,RV,Used,,44.88,8.28,jharrington1,,86,11.49,5000,5000,false,,,11.99,Core,Not Applicable,0.74,0,,0,23400,692,Connexus Credit Union,OH, ryan zimbric,1,1,OH225,Not Applicable
251196,,28498,180,Auto Decline,UNLIMITED RV - MO192,,MO,INDEPENDENCE,2026-08-21,,,2026,RV,New,,37.56,7.1,jweller,,0,22.99,4500,4500,false,,,23.99,Bronze,Bronze,0.73,0,,0,38956,581,Source One Financial Services,MO,,0,0,MO192,Business First
251204,jharrington1,17622.88,144,Decline,Uwharrie RV  (740 Motors) - NC125,,NC,Albemarle,2026-08-21,,,2026,RV,New,,57.69,2.99,jsmith,,14,9.74,1000,1000,false,,,11.24,Core,Core,0.78,0,,0,22478,723,Source One Financial Services,GA, brian bailey,0,0,NC125,Core
251287,pmeza,17102.72,168,Booked,Ashley Marine LLC - Stapleton - AL168,,AL,Stapleton,2026-08-21,2026-08-27,2026-08-27,2017,Boat,Used,,48.21,4.23,jsmith,8803,8632,10.49,1000,1000,false,4,167,11.99,Core,Core,0.88,1026.16,6,0,19390,744,Source One Financial Services,AL, joey hawkins,1,0,AL168,Core
251234,eavila,15476.75,144,Auto Approval,4Zs RVs -IN163,Easy Care,IN,PERU,2026-08-21,2026-08-22,,2018,RV,Used,,32.86,3.54,jharrington1,,1426,10.74,1000,1000,false,,,12.24,Core,Core,0.98,0,,0,15850,738,Source One Financial Services,OH, jim lakes,1,1,IN163,Core
251158,sbaker,22023.91,120,Auto Approval,MarineMax - Lake Wylie - SC152,Marine Max,SC,Lake Wylie,2026-08-21,2026-08-21,,2018,Boat,Used,,43.12,5.99,S1House,,216,11.49,1100,1100,false,,,11.99,Silver 1,Not Applicable,0.66,0,,0,33250,671,Connexus Credit Union,NC, adam emanuele,1,1,SC152,Not Applicable
251167,mlomedico,18356.95,180,Decline,"Chippewa Valley RVs, Inc-WI142",,WI,Chippewa Falls,2026-08-21,,,2026,RV,New,,64.11,5.24,dzilberchtein,,17,9.49,0,0,false,,,10.99,Core,Core,1.44,0,,0,12767.67,750,Source One Financial Services,IL, christopher anderson,0,0,WI142,Core
251200,ccampos,249997,240,Decline,LEONARD TRUCK and TRAILER INC. -OH164,,OH,NORTH JACKSON,2026-08-21,2026-08-21,,2027,RV,New,728,19.3,3.24,jharrington1,,7454,9.49,27800,82413,false,,,10.99,Core,Core,1,0,,0,249672,760,Source One Financial Services,GA,,0,0,OH164,Core
251293,,15594.13,120,Auto Decline,Direct Automotive Transport - NC123,,NC,Monroe,2026-08-21,,,2027,RV,New,574,32.59,2.01,jsmith,,0,22.99,1500,1500,false,,,23.99,Bronze,Bronze,0.92,0,,0,16988,604,Source One Financial Services,NC,,0,0,NC123,Business First
251386,eavila,50715.66,180,Decline,Ron Hoover - Odessa - TX495,Ron Hoover,TX,Odessa,2026-08-21,,,2027,RV,New,,27.77,6.61,gott,,21,9.99,5100,5100,false,,,11.49,Core,Core,1.06,0,,0,47849,706,Source One Financial Services,NM, leo correa,0,0,TX495,Core
251274,jharrington1,10277.26,120,Approved,Fretz RV -PA126,,PA,Souderton,2026-08-21,2026-08-21,,2025,RV,Used,,5.99,3.94,jharrington1,,10,8.74,5000,5000,false,,,10.24,Core,Core,0.89,0,,0,11600,764,Source One Financial Services,PA, tony eidle,1,1,PA126,Core
251365,mlomedico,63084.09,60,Decline,RGV RV SALES - TX569,,TX,Mission,2026-08-21,,,2027,RV,New,,36.65,12.44,gott,,27,13.99,6400,6400,false,,,14.49,Silver 1,Silver 1,1.23,0,,0,51085,673,Source One Financial Services,TX, aldo camarillo,0,0,TX569,Silver
251300,,76360.99,240,Auto Decline,Campers Inn - Prescott Valley- AZ329,Campers Inn,AZ,PRESCOTT VALLEY,2026-08-21,,,2017,RV,Used,,62.69,26.52,edominguez,,6,22.99,0,10000,false,,,23.99,Bronze,Core,1.02,0,,0,75130,751,Source One Financial Services,AZ, holly stocker,0,0,AZ329,Business First
251221,mlomedico,32559,180,Auto Approval,Mid Carolina Marine - ESC105,EPIC,SC,West Columbia,2026-08-21,2026-08-21,,2021,Boat,Used,688,26.35,2.21,S1House,,18,7.99,8500,8500,false,,,9.49,Core,Core,0.75,0,,0,43140,852,Source One Financial Services,SC, chuck smith,1,1,ESC105,Core
251156,mnava,30180.06,180,Decline,"Link Ford and RV, LLC - Minong -WI124",,WI,Minong,2026-08-21,,,2017,RV,Used,716,53.78,3.96,dzilberchtein,,73,10.74,0,-1745.36,false,,,12.24,Core,Core,1.03,0,,0,29200,738,Source One Financial Services,WI, brian overbey,0,0,WI124,Core
251383,eavila,38935.12,180,Decline,Blue Compass RV - Katy - TX571,Blue Compass,TX,Katy,2026-08-21,,,2016,RV,Used,,35.33,3.87,gott,,20,14.99,4000,4000,false,,,15.99,Silver 1,Silver 1,0.94,0,,0,41360,653,Source One Financial Services,TX, kevin miranda,0,0,TX571,Silver
251340,ccampos,58850.96,180,Auto Approval,ROYS RV SUPERCENTER LLC - WV101,,WV,ELKINS,2026-08-21,2026-08-21,,2025,RV,Used,830,20.85,4.01,jharrington1,,24,7.49,0,-1850,false,,,8.99,Core,Core,0.95,0,,0,62100,868,Source One Financial Services,WV, aaron harlan,1,1,WV101,Core
251398,hhisek,74999.99,180,Decline,RV Value Mart-Asheboro-NC140,,NC,Franklinville,2026-08-21,,,2027,RV,New,,17.62,7.93,jsmith,,608,12.49,0,14500,false,,,13.49,Silver 1,Silver 1,1.87,0,,0,40000,666,Source One Financial Services,NC, chase rhodes,0,0,NC140,Silver
251238,mnava,30493,144,Decline,Blue Compass RV - Columbia NE - SC149,Blue Compass,SC,Mcbee,2026-08-21,,,2022,RV,Used,,37.36,11.3,jsmith,,22,10.74,3500,3500,false,,,12.24,Core,Core,0.94,0,,0,32300,695,Source One Financial Services,SC, chadham brooks,0,0,SC149,Core
251353,mlomedico,20213.74,180,Approved,Seguin RV Inc -TX201,,TX,Seguin,2026-08-21,2026-08-21,,2027,RV,New,873,18.69,2.14,gott,,13,7.49,0,3712.36,false,,,8.99,Core,Core,1.05,0,,0,19203,853,Source One Financial Services,TX, mark hatfield,1,1,TX201,Core
251373,mnava,49882.35,240,Auto Approval,GREAT AMERICAN RV SUPERSTORE-HATTIESBURG - MS113,,MS,HATTIESBURG,2026-08-21,2026-08-24,,2027,RV,New,,36.43,2.63,jsmith,,4375,9.74,0,0,false,,,11.24,Core,Core,1.05,0,,0,47635,721,Source One Financial Services,MS, ryan campbell,1,1,MS113,Core
251356,,38951.91,180,Auto Decline,A and L RV SALES LLC - TN129,,TN,JACKSON,2026-08-21,,,2023,RV,Used,,45.05,7.02,jsmith,,0,14.49,4000,4000,false,,,15.49,Silver 1,Silver 1,0.63,0,,0,62040,655,Source One Financial Services,TX,,0,0,TN129,Silver
251197,ccampos,18204.6,180,Decline,Blue Compass RV - Columbia NE - SC149,Blue Compass,SC,Mcbee,2026-08-21,,,2022,RV,Used,,15.83,4.61,jsmith,,10,14.49,5700,5700,false,,,15.49,Silver 1,Silver 1,1.03,0,,0,17655,654,Source One Financial Services,NC, tim isgett,0,0,SC149,Silver
251310,Jhill,51134,240,Auto Approval,BISH'S RV OF OMAHA - NE100,Bish's RV,NE,BELLEVUE,2026-08-21,2026-08-21,,2026,RV,New,793,23.1,2.92,dzilberchtein,,255,7.99,11300,12500,false,,,9.49,Core,Core,1.3,0,,0,39337,799,Source One Financial Services,NE, chad knight,1,1,NE100,Core
251153,sbaker,50480.89,144,Booked,Gage Marine -WI583,,WI,Williams Bay,2026-08-21,2026-08-21,2026-08-24,2017,Boat,Used,668,24.13,1.07,dzilberchtein,4744,275,8.49,24000,24000,false,4469,0,8.99,Core,Core,0.92,1009.62,2,0,54750,820,Source One Financial Services,WI, tim lindquist,1,0,WI583,Core
251266,rsimmons,22789.8,180,Auto Approval,GIBBS OUTDOOR and RECREATION - TX454,,TX,WACO,2026-08-21,2026-08-24,,2016,RV,Used,822,38.06,4.54,gott,,4072,8.49,5000,5000,false,,,9.99,Core,Core,0.52,0,,0,43500,852,Source One Financial Services,TX, colby longenbaugh,1,1,TX454,Core
251184,avera,86395.73,240,Approved,Blue Compass RV - Greensboro - NC155,Blue Compass,NC,Colfax,2026-08-21,2026-08-21,,2024,RV,Used,849,36.08,5.51,jsmith,,30,7.24,0,9690.27,false,,,8.74,Core,Core,0.96,0,,0,90350,870,Source One Financial Services,SC, karson hornung,1,1,NC155,Core
251301,mlomedico,49946.63,240,Auto Approval,"Kunes RV of Frankfort, Inc. - IL262",KunesRV,IL,Fronkfort,2026-08-21,2026-08-21,,2024,RV,Used,,35.46,5.17,gcoulombe,,28,9.24,5000,5000,false,,,10.74,Core,Core,0.99,0,,0,50350,728,Source One Financial Services,IL, mitchell horwitz,1,1,IL262,Core
251187,thovey,71970.64,240,Booked,Ashley Marine - Panama City -  FL255,,FL,Panama City,2026-08-21,2026-08-24,2026-08-24,2027,Boat,New,756,17.35,1.8,wstoutimore,4548,4282,8.24,5000,5000,false,265,1,7.39,Core,Core,1.18,719.71,1,0,61064.59,773,Source One Financial Services,FL, amy silas,1,0,FL255,Core
251324,ccampos,58317.77,240,Auto Approval,Gunnells Marine Unlimited - SC145,,SC,Greenwood,2026-08-21,2026-08-21,,2026,Boat,New,814,47.41,4.92,jsmith,,40,7.49,0,5292.17,false,,,8.99,Core,Core,1.06,0,,0,54910,833,Source One Financial Services,SC, lisa pruchniewski,1,1,SC145,Core
251291,thovey,83712,240,Auto Approval,Cope Auto and Marine Inc - IL162,,IL,O'Fallon,2026-08-21,2026-08-21,,2024,Boat,New,,35,14.84,jweller,,53,7.24,5000,17000,false,,,8.74,Core,Core,0.81,0,,0,103250,821,Source One Financial Services,MO, robert hoard,1,1,IL162,Core
251306,ccampos,14700,144,Booked,"Kris Willis RV, LLC -MO127",,MO,Dexter,2026-08-21,2026-08-24,2026-08-24,2019,RV,Used,,23.7,2.85,jweller,4471,3968,11.24,1500,1500,false,16,487,12.74,Core,Core,1.04,882,6,0,14150,695,Source One Financial Services,MO, mikayla hall,1,0,MO127,Core
251206,thovey,26241.28,144,Auto Approval,Ashley Marine LLC - GA147,,GA,Columbus,2026-08-21,2026-08-22,,2026,Boat,New,,30.81,7.39,jsmith,,1523,9.49,2000,2000,false,,,10.24,Core,Not Applicable,1.06,0,,0,24779.99,693,Connexus Credit Union,GA, shirley ashley,1,1,GA147,Not Applicable
251337,,18103,144,Auto Decline,WEHR FORD OF MTN. GROVE - 2ND LOCATION- MO186,,MO,MTN. GROVE,2026-08-21,,,2024,RV,Used,534,25.21,5.17,jweller,,0,22.99,0,0,false,,,23.99,Bronze,Bronze,1.21,0,,0,14950,556,Source One Financial Services,MO,,0,0,MO186,Business First
251244,ccampos,25143.9,204,Booked,FACTORY DIRECT RV and MARINE - GA142,,GA,AMERICUS,2026-08-21,2026-08-25,2026-08-25,2026,RV,New,722,25.05,1.23,jsmith,6122,6109,7.99,2000,2000,false,13,0,9.49,Core,Core,1.03,1508.63,6,0,24457,795,Source One Financial Services,MI, gina harris,1,0,GA142,Core
251151,,38910.16,180,Auto Decline,North Country RV - MN829,Markquart,MN,Ham Lake,2026-08-21,,,2026,RV,New,,35.18,8.84,dzilberchtein,,0,14.99,0,6000,false,,,15.99,Silver 2,Silver 2,0.85,0,,0,45718,638,Source One Financial Services,MN,,0,0,MN829,Silver
251152,sbaker,43762.49,180,Decline,National RV Detroit -MI147,Selvius RV,MI,Belleville,2026-08-21,,,2026,RV,New,,30.33,4.46,dzilberchtein,,88,9.99,5000,5000,false,,,11.49,Core,Not Applicable,1.28,0,,0,34264,700,Allegius Credit Union,CO, kyler rilett,0,0,MI147,Not Applicable
251223,jharrington1,11079.7,120,Conditional Approval,Best Choice Trailers & RV-PA123,Canopy Financial,PA,Irwin,2026-08-21,2026-08-21,,2013,RV,Used,652,22.16,2.27,jharrington1,,18,11.24,550,550,false,,,12.74,Core,Core,1.06,0,,0,10450,722,Source One Financial Services,PA, mac mclelland,1,1,PA123,Core
251202,mlomedico,98155.19,240,Auto Approval,Blue Compass RV - Raleigh - NC157,Blue Compass,NC,Raleigh,2026-08-21,2026-08-24,,2026,RV,New,676,37.46,5.62,jsmith,,4241,8.24,10000,10000,false,,,9.74,Core,Core,0.97,0,,0,100862.25,766,Source One Financial Services,TX, kayla bays,1,1,NC157,Core
251173,mlomedico,18181.72,120,Booked,Thomas RV and Auto Sales - AR118,,AR,Searcy,2026-08-21,2026-08-21,2026-08-21,2021,RV,Used,612,26.88,1.56,jweller,166,50,8.49,2000,2000,false,101,15,9.99,Core,Core,0.97,1090.9,6,0,18650,786,Source One Financial Services,AR, chris moffit,1,0,AR118,Core
251161,mlomedico,8269.1,60,Auto Approval,SAVA RV - FL284,,FL,Fort Myers,2026-08-21,2026-08-21,,2012,RV,Used,,2.92,1.91,wstoutimore,,33,17.74,2500,2500,false,,,17.74,Silver 1,Silver 1,1.18,0,,0,7000,677,Source One Financial Services,TX, victoria childress,1,1,FL284,Silver
251209,mlomedico,21752.58,180,Decline,Texas Trader RV - TX267,Ron Hoover,TX,La Feria,2026-08-21,,,2021,RV,Used,,9.48,3.76,gott,,19,13.24,10000,10000,false,,,14.24,Silver 1,Silver 1,1.14,0,,0,19050,675,Source One Financial Services,IA, trey flores,0,0,TX267,Silver
251149,Jhill,17090.55,180,Decline,Blue Compass RV - Danville - VA125,Blue Compass,VA,Ringgold,2026-08-21,,,2015,RV,Used,,14.42,7.05,jsmith,,18,10.99,3000,3000,false,,,12.49,Core,Core,0.9,0,,0,19000,706,Source One Financial Services,NC, doran mccormick,0,0,VA125,Core
251130,avera,17342.49,144,Approved,Roy's RV Adventures LLC - FL327,,FL,Tallahassee,2026-08-21,2026-08-21,,2026,RV,New,,37.72,1.33,wstoutimore,,21,8.74,5000,5000,false,,,10.24,Core,Core,0.68,0,,0,25682.8,766,Source One Financial Services,NJ, aliya purtee,1,1,FL327,Core
251281,thovey,19772,144,Decline,SOUTHERN IDAHO RV and MARINE LLC - ID104,,ID,JEROME,2026-08-21,,,2022,RV,Used,550,35.45,2.61,ljablonoski,,18,14.49,1000,1000,false,,,15.49,Silver 1,Silver 1,0,0,,0,0,652,Source One Financial Services,ID,,0,0,ID104,Silver
251257,hhisek,7101.5,120,Decline,CampNorth RV  - MI462,,MI,Schoolcraft,2026-08-21,,,2015,RV,Used,,240.02,1.74,dzilberchtein,,9,12.99,1400,1400,false,,,13.49,Core,Core,2.03,0,,0,3500,692,Source One Financial Services,MD, mike mcdonald,0,0,MI462,Core
251134,,20125.91,120,Auto Decline,ROTH RV - BEMIDJI - MN168,,MN,BEMIDJI,2026-08-21,,,2020,RV,Used,,27.31,5.64,dzilberchtein,,0,15.74,500,500,false,,,16.74,Silver 2,Silver 2,1.18,0,,0,17000,621,Source One Financial Services,MN,,0,0,MN168,Silver
251132,avera,58988.56,240,Auto Approval,RV Dynasty - IN177,,IN,Bunker Hill,2026-08-21,2026-08-21,,2026,RV,New,591,14.24,1.99,jharrington1,,172,9.74,6600,6600,false,,,11.24,Core,Core,0.98,0,,0,60145,737,Source One Financial Services,OH, jeff gunnell,1,1,IN177,Core
251382,eavila,28819.89,180,Auto Approval,FUN TOWN RV OK LLC - OK121,Fun Town,OK,OKLAHOMA CITY,2026-08-21,2026-08-21,,2022,RV,Used,678,14.06,3.52,jweller,,13,10.74,3000,3000,false,,,12.24,Core,Core,0.85,0,,0,33800,698,Source One Financial Services,OK, calvin mullins,1,1,OK121,Core
251297,avera,20335.08,180,Conditional Approval,Blue Compass RV - Fort Wayne - IN217,Blue Compass,IN,Columbia City,2026-08-21,2026-08-21,,2025,RV,Used,,23.74,6.91,jharrington1,,42,10.24,2000,2000,false,,,11.74,Core,Core,0.69,0,,0,29450,689,Source One Financial Services,IL, jesse lazzarino,1,1,IN217,Core
251242,thovey,99733,240,Auto Approval,Zeigler Mercedes-Benz of Hoffman Estates - IL264,,IL,Hoffman Estates,2026-08-21,2026-08-21,,2026,RV,New,,31.05,5.38,gcoulombe,,28,8.99,92000,92000,false,,,10.49,Core,Core,0.6,0,,0,166075,759,Source One Financial Services,IL,,1,1,IL264,Core
251131,sbaker,113191.94,240,Auto Approval,Wilder RV -MO108,,MO,Clinton,2026-08-21,2026-08-27,,2026,RV,New,685,44.14,6.4,jweller,,9046,8.24,16180,34322.06,false,,,9.74,Core,Core,1.3,0,,0,87071,778,Source One Financial Services,MO, clinton bales,1,1,MO108,Core
251214,jrubi,25619,180,Approved,BEAUMONT RV - SCA108,,CA,BEAUMONT,2026-08-21,2026-08-21,,2022,RV,Used,,18.29,4.49,jrubi,,17,9.99,3000,3000,false,,,11.49,Core,Core,0.97,0,,0,26500,760,Source One Financial Services,CA,,1,1,SCA108,Core
251142,,38075,120,Auto Decline,LEONARD TRUCK and TRAILER INC. -OH164,,OH,NORTH JACKSON,2026-08-21,,,2004,RV,Used,,0,0,jharrington1,,0,22.99,5000,5000,false,,,23.99,Bronze,Bronze,0,0,,0,0,,Source One Financial Services,MD,,0,0,OH164,Business First
251133,ccampos,18510.79,168,Auto Approval,Rock Solid Funding LLC - TX536,RSF,TX,BEDFORD,2026-08-21,2026-08-21,,2024,RV,Used,,11.73,2.79,S1House,,76,9.99,840,840,false,,,11.49,Core,Core,0.74,0,,0,25150,709,Source One Financial Services,NM, serena pulliam,1,1,TX536,Core
251137,jharrington1,26819.4,204,Auto Approval,WAGNERS OUTDOOR EXPRESS RV LLC - WV103,Easy Care,WV,FALLING WATERS,2026-08-21,2026-08-26,,2026,RV,New,836,31.25,1.3,jharrington1,,7378,7.24,500,3725.6,false,,,8.74,Core,Core,0.78,0,,0,34256,862,Source One Financial Services,MD, jim lakes,1,1,WV103,Core
251354,eavila,42964.74,180,Decline,General RV - Elizabethtown - PA112,General RV,PA,Elizabethtown,2026-08-21,,,2021,RV,Used,,44.79,8.1,jharrington1,,49,14.49,10000,13500,false,,,15.49,Silver 1,Not Applicable,0.76,0,,0,56280,649,Connexus Credit Union,PA, chris coleman,0,0,PA112,Not Applicable
251315,sbaker,84322.78,240,Auto Approval,Ron Hoover - San Antonio - TX500,Ron Hoover,TX,San Antonio,2026-08-21,2026-08-26,,2027,Boat,New,,37.88,5.92,gott,,7290,10.24,3983,12783,false,,,11.74,Core,Core,1.16,0,,0,72876,695,Source One Financial Services,TX, trevor lemasters,1,1,TX500,Core
251311,pmeza,22524.3,144,Booked,Titan Auto & Rv Sales - AR117,,AR,Searcy,2026-08-21,2026-08-25,2026-08-25,2019,RV,Used,663,42.23,2.04,jweller,5773,5440,13.24,0,0,false,333,0,14.74,Core,Core,1.43,1351.46,6,0,15750,680,Source One Financial Services,AR, dylan melton,1,0,AR117,Core
251359,thovey,11650.58,120,Auto Approval,HOWDY RANCH RV - TX315,,TX,Mathis,2026-08-21,2026-08-21,,2013,Boat,Used,,31.29,1.6,gott,,24,15.49,8500,8500,false,,,16.49,Silver 1,Silver 1,0.99,0,,0,11740,654,Source One Financial Services,TX, tom marino,1,1,TX315,Silver
251369,,18649,120,Auto Decline,BOLAND RV - MO199,,MO,HANNIBAL,2026-08-21,,,2021,RV,Used,,45.34,2.4,jweller,,0,13.24,7000,7000,false,,,14.24,Silver 1,Silver 1,0.76,0,,0,24395,664,Source One Financial Services,MO,,0,0,MO199,Silver
251165,mlomedico,61409,240,Auto Approval,OBX Boat Co - ENC128,EPIC,NC,Kill Devil Hills,2026-08-21,2026-08-21,,2026,Boat,New,798,2.84,2.72,S1House,,53,7.24,25000,25000,false,,,8.74,Core,Core,0.82,0,,0,74554,830,Source One Financial Services,VA, mark roberts,1,1,ENC128,Core
251380,mnava,64018.84,180,Decline,Ron Hoover Companies Katy -TX275,Ron Hoover,TX,Katy,2026-08-21,,,2026,RV,New,,37.62,9.39,gott,,16,9.99,6500,6500,false,,,11.49,Core,Core,0.96,0,,0,66662,717,Source One Financial Services,TX, greg woods,0,0,TX275,Core
251312,sflynn,199995,180,Conditional Approval,SOUTHLAND RV - GA137,,GA,RICHMOND HILL,2026-08-21,2026-08-21,,2026,RV,New,767,37.42,10.04,jsmith,,18,10.74,57000,57000,true,,,12.74,Business First,Business First,0.79,0,,0,252710,,Source One Financial Services,MT, eric stafford,1,1,GA137,Business First
251205,mnava,23968.43,180,Auto Approval,SMITH MOTOR CO OF HATTIESBURG INC - MS107,,MS,HATTIESBURG,2026-08-21,2026-08-21,,2027,Boat,New,,28.62,4.65,jsmith,,25,8.74,2500,2500,false,,,10.24,Core,Core,1.01,0,,0,23759.3,778,Source One Financial Services,MS, elizabeth aycox,1,1,MS107,Core
251331,mnava,42968.43,204,Auto Approval,Dicks RV - WI120,Markquart,WI,Arkansaw,2026-08-21,2026-08-21,,2019,RV,Used,854,20.65,3.01,dzilberchtein,,85,7.74,500,4900,false,,,9.24,Core,Core,0.89,0,,0,48450,863,Source One Financial Services,WI, casey stanton,1,1,WI120,Core
251347,pmeza,50094,180,Decline,"Vantage Recreational Finance, Inc. -FL291",VRF,FL,FORT LAUDERDALE,2026-08-21,,,2016,RV,Used,579,58.23,7.05,S1House,,16,14.99,5000,5000,false,,,15.99,Silver 1,Silver 1,0.95,0,,0,52780,643,Source One Financial Services,ID, emily stratton,0,0,FL291,Silver
251396,edominguez,30200.11,144,Conditional Approval,Blue Compass RV - Katy - TX571,Blue Compass,TX,Katy,2026-08-21,2026-08-22,,2026,RV,New,,26.58,5.99,gott,,971,11.25,3100,3100,false,,,11.5,Silver 1,Not Applicable,0.94,0,,0,32095,657,Ideal Credit Union,TX, adam barragan,1,1,TX571,Not Applicable
251294,sbaker,39369.46,180,Booked,Gregg Orr Marine -TX365,,TX,TEXARKANA,2026-08-21,2026-08-25,2026-08-25,2027,Boat,New,,31.22,2.37,jweller,5809,5567,12.49,4000,4000,false,241,1,13.49,Silver 1,Silver 1,1.16,1574.78,4,0,34036.48,664,Source One Financial Services,OK, chad jordan,1,0,TX365,Silver
251355,mnava,26172.79,180,Conditional Approval,Rock Solid Funding LLC - TX536,RSF,TX,BEDFORD,2026-08-21,2026-08-21,,2017,RV,Used,,26.47,2.19,S1House,,19,8.49,7500,7500,false,,,9.99,Core,Core,1.25,0,,0,20900,826,Source One Financial Services,KS, serena pulliam,1,1,TX536,Core
251367,thovey,27202.38,180,Approved,Blue Compass RV - Oklahoma City - OK158,Blue Compass,OK,Norman,2026-08-21,2026-08-21,,2026,RV,New,683,34.38,3.68,jweller,,25,10.24,2000,2000,false,,,11.74,Core,Core,1.01,0,,0,26838,696,Source One Financial Services,KS, carl cobb,1,1,OK158,Core
251189,avera,149939,240,Conditional Approval,General RV Center - Salisbury - NC137,General RV,NC,Salisbury,2026-08-21,2026-08-21,,2026,RV,New,716,22.87,4.66,jsmith,,182,8.49,38100,38100,false,,,9.24,Core,Not Applicable,0.79,0,,0,189148,692,Connexus Credit Union,NC, charles young,1,1,NC137,Not Applicable
251160,avera,76788.55,240,Auto Approval,BOAT AND MOTOR SUPERSTORES PALM HARBOUR - FL155,,FL,PALM HARBOUR,2026-08-21,2026-08-21,,2027,Boat,New,,42.78,6.59,wstoutimore,,37,8.99,11000,11000,false,,,10.49,Core,Core,1.07,0,,0,71739,760,Source One Financial Services,PA, sandy sigman,1,1,FL155,Core
251322,,78128.2,240,Cancelled,Giant RV - Colton - SCA157,Giant RV,CA,Colton,2026-08-21,,,2024,RV,Used,,0,0,jrubi,,,22.99,7000,7000,false,,,23.99,Bronze,Bronze,0.8,0,,0,98175,,Source One Financial Services,CA, lynn johnson,0,0,SCA157,Business First
251268,mnava,19924.2,144,Conditional Approval,Greeneway RV Sales -WI441,,WI,Wisconsin Rapids,2026-08-21,2026-08-21,,2020,RV,Used,745,36.26,3.96,dzilberchtein,,58,8.49,3000,3000,false,,,9.24,Core,Not Applicable,0.92,0,,0,21750,734,Connexus Credit Union,WI, cole pearson,1,1,WI441,Not Applicable
251381,,29464,144,Auto Decline,"Vantage Recreational Finance, Inc. -FL291",VRF,FL,FORT LAUDERDALE,2026-08-21,,,2008,Boat,Used,,40.08,2.28,S1House,,0,22.99,4500,4500,false,,,23.99,Bronze,Bronze,1.02,0,,0,28900,616,Source One Financial Services,NJ,,0,0,FL291,Business First
251192,pmeza,30717,180,Auto Approval,NewCoast - Boatzon - FL356,Marine Max,FL,Oldsmar,2026-08-21,2026-08-21,,2022,Boat,Used,,19.65,2.08,S1House,,37,13.24,3000,3000,false,,,14.24,Silver 1,Silver 1,0.59,0,,0,51750,670,Source One Financial Services,MS, justin veghte,1,1,FL356,Silver
251298,rsimmons,56999.7,240,Auto Approval,Best Choice Trailers & RV-PA123,Canopy Financial,PA,Irwin,2026-08-21,2026-08-27,,2025,RV,New,642,23.58,3.94,jharrington1,,8489,9.49,6000,6000,false,,,10.99,Core,Core,0.73,0,,0,78417,749,Source One Financial Services,PA, matt kurtz,1,1,PA123,Core
251267,,73404.47,240,Auto Decline,BLUE COMPASS RV - SOUTH HOUSTON  - TX421,Blue Compass,TX,Alvin,2026-08-21,,,2026,RV,New,,60.73,7.7,gott,,15,22.99,10000,10000,false,,,23.99,Bronze,Silver 2,0.98,0,,0,75140,639,Source One Financial Services,TX, frank carranza,0,0,TX421,Business First
251280,eavila,25010,180,Decline,MY RV SD - SCA112,,CA,EL CAJON,2026-08-21,,,2013,RV,Used,594,4.52,2.77,jrubi,,12,11.24,3500,3500,false,,,12.74,Core,Core,0,0,,0,0,732,Source One Financial Services,AZ,,0,0,SCA112,Core
251239,avera,44374.64,180,Decline,Beckley's Camping Center - MD111,,MD,Thurmont,2026-08-21,,,2021,RV,Used,601,56.74,4.47,gcoulombe,,11,10.74,0,9000,false,,,12.24,Core,Core,0.99,0,,0,44861,690,Source One Financial Services,PA, justin todd,0,0,MD111,Core
251304,ccampos,16864.23,168,Auto Approval,Blue Compass RV - Knoxville - TN159,Blue Compass,TN,Louisville,2026-08-21,2026-08-21,,2027,RV,New,,25.14,1.97,jsmith,,142,7.49,1500,2500,false,,,8.99,Core,Core,0.81,0,,0,20870,883,Source One Financial Services,TN, david smith jr.,1,1,TN159,Core
251263,rsimmons,31442.41,180,Booked,AMERICA GO RV (Seguin) -TX419,,TX,SEGUIN,2026-08-21,2026-08-24,2026-08-24,2023,RV,Used,,36.04,6.84,gott,4367,4363,7.99,1000,1000,false,3,1,9.49,Core,Core,0.91,1886.54,6,0,34650,843,Source One Financial Services,TX, bill goglas,1,0,TX419,Core
251393,hhisek,42441.4,180,Booked,Fun Town RV Ottawa LLC - KS125,Fun Town,KS,Ottawa,2026-08-21,2026-08-25,2026-08-25,2026,RV,New,656,15.18,7.32,jweller,5507,5179,7.99,0,0,false,327,1,9.49,Core,Core,1.34,2546.48,6,0,31703,800,Source One Financial Services,KS, justin hernandez,1,0,KS125,Core
251278,rsimmons,14243.22,120,Auto Approval,"Ron Hoover Companies of Lake Conroe, Inc -TX280",Ron Hoover,TX,Willis,2026-08-21,2026-08-24,,2016,RV,Used,,9.01,0.82,gott,,4351,9.74,4000,4000,false,,,11.24,Core,Core,1.02,0,,0,13950,766,Source One Financial Services,TX, gilbert salazar,1,1,TX280,Core
251258,hhisek,149974.71,240,Conditional Approval,Gull Lake Marine -MI330,,MI,Marshall,2026-08-21,2026-08-24,,2025,Boat,New,648,27.26,2.5,dzilberchtein,,4146,9.49,76150,76150,false,,,10.49,Core,Core,0.78,0,,0,191520,719,Source One Financial Services,IN, jennifer overla,1,1,MI330,Core
251199,rsimmons,26025,180,Auto Approval,Johnston RV Center - AL134,,AL,Decatur,2026-08-21,2026-08-21,,2026,RV,New,,34.33,8.84,jsmith,,80,10.24,2750,2750,false,,,11.74,Core,Core,0.91,0,,0,28605,687,Source One Financial Services,MS, marcus clarke,1,1,AL134,Core
251124,sbaker,40144.71,180,Auto Approval,Optimum RV Zephyr Hills - FL164,Optimum RV,FL,Zephyr Hills,2026-08-21,2026-08-21,,2019,RV,Used,,15.98,7.03,wstoutimore,,124,8.24,1000,4000,false,,,9.24,Core,Not Applicable,0.93,0,,0,43050,846,Connexus Credit Union,FL, todd glenn,1,1,FL164,Not Applicable
251138,rsimmons,41846.16,180,Auto Approval,La Mesa RV Center - Albuquerque - NM109,La Mesa,NM,Albuquerque,2026-08-21,2026-08-22,,2026,RV,New,,17.67,6.46,edominguez,,1834,9.74,10000,10000,false,,,11.24,Core,Core,0.89,0,,0,47278,723,Source One Financial Services,NM, alfredo franco,1,1,NM109,Core
251175,Jhill,58031,180,Decline,JOHNNY'S RV SUPERSTORE LLC - AL124,,AL,THEODORE,2026-08-21,,,2026,RV,New,671,30.18,4.3,jsmith,,12,10.24,6000,11662,false,,,11.74,Core,Core,1.15,0,,0,50330,687,Source One Financial Services,AL,,0,0,AL124,Core
251166,ahunt,61138.29,240,Verifications Incomplete,Paradise Marine Center - AL148,,AL,Gulf Shores,2026-08-21,2026-08-24,,2019,Boat,Used,,40.25,6.51,jsmith,,4821,9.74,6500,6500,false,,0,7.39,Core,Core,1.04,611.38,1,0,58770,761,Source One Financial Services,MS, jon lizana,1,1,AL148,Core
251325,Jhill,56887,180,Approved,Rocky Ridge RV of Van Buren - AR115,Rocky Ridge,AR,Van Buren,2026-08-21,2026-08-21,,2027,RV,New,,32.17,9.89,jweller,,23,9.74,0,0,false,,,11.49,Core,Core,1.03,0,,0,55456,732,Source One Financial Services,AR,,1,1,AR115,Core
251270,eavila,13255.64,120,Auto Approval,DARREN BIDEAUX RV - UT101,,UT,WEST HAVEN,2026-08-21,2026-08-21,,2021,RV,Used,,12.07,3.74,ljablonoski,,161,9.49,1500,1500,false,,,10.49,Core,Core,0.48,0,,0,27600,748,Source One Financial Services,ID, jeff campbell,1,1,UT101,Core
251169,eavila,42842.79,180,Conditional Approval,Rock Solid Funding LLC - TX536,RSF,TX,BEDFORD,2026-08-21,2026-08-21,,2021,RV,Used,706,46.44,4.81,S1House,,75,8.05,14700,14700,false,,,9.05,Core,Not Applicable,1,0,,0,43050,774,Ideal Credit Union,PA, caleb grassi,1,1,TX536,Not Applicable
251185,hhisek,53450.96,180,Conditional Approval,Hanner RV Supercenter -TX165,,TX,Baird,2026-08-21,2026-08-21,,2026,RV,New,,27.38,6.65,gott,,193,11.74,5500,5500,false,,,11.74,Silver 1,Not Applicable,0.98,0,,0,54342,674,Connexus Credit Union,TX, lance finley,1,1,TX165,Not Applicable
251276,ccampos,149949.5,240,Decline,SR1 RV - Loudon - NH115,,NH,Loudon,2026-08-21,,,2015,RV,Used,,39.36,13.48,gcoulombe,,1481,10.74,0,25000,false,,,12.24,Core,Core,0.8,0,,0,187650,733,Source One Financial Services,ME, mike fraser,0,0,NH115,Core
251171,mlomedico,58834.3,180,Auto Approval,Camp Site RV Inc - IA189,,IA,CRESCO,2026-08-21,2026-08-21,,2018,RV,Used,783,29.96,3.92,gcoulombe,,20,8.99,5600,9400,false,,,10.49,Core,Core,1.13,0,,0,52250,794,Source One Financial Services,IA, mark cunningham,1,1,IA189,Core
251288,Jhill,165345.98,240,Auto Approval,Fun Town RV-Waller -TX539,Fun Town,TX,Waller,2026-08-21,2026-08-21,,2026,RV,New,758,29,4.76,gott,,43,7.99,10000,10000,false,,,9.49,Core,Core,1,0,,0,165476,787,Source One Financial Services,KS, meddie nieto,1,1,TX539,Core
251296,mlomedico,60647.59,240,Booked,Ultimate Marine - EFL121,EPIC,FL,Orlando,2026-08-21,2026-08-24,2026-08-26,2020,Boat,Used,,35.32,4.01,S1House,7289,4267,8.24,5000,5000,false,221,2801,7.39,Core,Core,0.87,606.48,1,0,69710,798,Source One Financial Services,FL, david bounphasaysonh,1,0,EFL121,Core
251211,,100831,240,Auto Decline,Dixie Horse & Mule - AL150,,AL,Newton,2026-08-21,,,2026,RV,New,,50.72,12.99,jsmith,,0,12.49,12000,12000,false,,,13.49,Silver 1,Silver 1,1.08,0,,0,92964,672,Source One Financial Services,NJ,,0,0,AL150,Silver
251148,thovey,28643.97,180,Conditional Approval,North Country RV - MN829,Markquart,MN,Ham Lake,2026-08-21,2026-08-21,,2023,RV,Used,,30.69,1.39,dzilberchtein,,40,13.24,9000,10000,false,,,14.24,Silver 1,Silver 1,1.04,0,,0,27550,661,Source One Financial Services,ID, austin herczeg,1,1,MN829,Silver
251389,eavila,125427,240,Decline,TAYLORS BOATS INC - UT112,,UT,DRAPER,2026-08-21,,,2026,Boat,New,737,43.79,5.32,ljablonoski,,20,9.74,100000,100000,false,,,11.24,Core,Core,0.7,0,,0,180003,819,Source One Financial Services,AZ,,0,0,UT112,Core
251163,ccampos,129360.48,240,Auto Approval,White Horse RV Center-NJ107,,NJ,Williamstown,2026-08-21,2026-08-21,,2027,RV,New,764,29.74,3.52,gcoulombe,,53,8.24,18400,19400,false,,,9.74,Core,Core,1.25,0,,0,103557,776,Source One Financial Services,VT, chip zawoiski,1,1,NJ107,Core
251180,avera,37823.09,120,Decline,RV ROADWAY - OPELIKA - AL131,,AL,OPELIKA,2026-08-21,,,2025,RV,New,581,14.18,6.29,jsmith,,9,7.99,6000,6000,false,,,9.49,Core,Core,0.78,0,,0,48674,791,Source One Financial Services,AL, robin thurmond,0,0,AL131,Core
251343,hhisek,49867.33,204,Approved,BLUE COMPASS RV - CANTON - TX226,Blue Compass,TX,Wills Point,2026-08-21,2026-08-21,,2022,RV,Used,,19.93,4.99,gott,,5,14.49,10000,10000,false,,,15.49,Silver 1,Silver 1,0.92,0,,0,54250,645,Source One Financial Services,TX, dave leflore,1,1,TX226,Silver
251339,mlomedico,23551.28,180,Decline,Pleasureland - Brainerd - MN427,Pleasureland,MN,Brainerd,2026-08-21,,,2027,RV,New,798,53.74,2.88,dzilberchtein,,19,7.49,0,0,false,,,8.99,Core,Core,1.05,0,,0,22410,855,Source One Financial Services,AZ, michelle lehmann,0,0,MN427,Core
251230,avera,36327.91,180,Decline,Cove 2 Coast Marine - SC147,,SC,Columbia,2026-08-21,,,2012,Boat,Used,,29.74,11.92,jsmith,,18,15.49,8000,8000,false,,,16.49,Silver 1,Silver 1,1.16,0,,0,31200,655,Source One Financial Services,GA, eliot goode,0,0,SC147,Silver
251362,sflynn,58026.5,240,Verifications Incomplete,LA Boat Dealer - LA111,,LA,Metairie,2026-08-21,2026-08-26,,2026,Boat,New,,29.89,2.99,gott,,7171,7.99,0,0,false,,1,7.39,Core,Core,1.38,580.26,1,0,41980.8,799,Source One Financial Services,LA, hank helmer,1,1,LA111,Core
251282,jharrington1,31949,204,Pending,"Holman Motors, Inc. -OH111",,OH,Batavia,2026-08-21,2026-08-21,,2022,RV,Used,,39.41,3.99,jharrington1,,19,13.24,10000,10000,false,,,14.24,Silver 1,Silver 1,0.71,0,,0,44900,661,Source One Financial Services,OH,,0,0,OH111,Silver
251178,hhisek,38614.57,204,Booked,Fun Town RV-Denton -TX322,Fun Town,TX,Denton,2026-08-21,2026-08-24,2026-08-26,2026,RV,New,851,36.17,2.55,gott,7551,4699,7.49,3100,3100,false,2851,1,8.24,Core,Core,1.13,1158.44,3,0,34284,835,Source One Financial Services,TX, douglas santos,1,0,TX322,Core
251146,hhisek,16922.42,180,Decline,Blue Compass RV - Raleigh - NC157,Blue Compass,NC,Raleigh,2026-08-21,,,2026,RV,New,,52.5,2.41,jsmith,,37,10.24,2000,2000,false,,,11.74,Core,Core,0.74,0,,0,22816.25,690,Source One Financial Services,NC, kayla bays,0,0,NC157,Core
251332,eavila,39194.53,180,Auto Approval,ET Quality RV - NCA131,,CA,Yuba City,2026-08-21,2026-08-22,,2027,RV,New,,29.97,4.02,jrubi,,1186,10.24,4500,4500,false,,,11.74,Core,Core,0.92,0,,0,42507,681,Source One Financial Services,NV, corey huskey,1,1,NCA131,Core
251335,,37402.58,180,Auto Decline,ROCKY MOUNTAIN RV and MARINE - NM101,,NM,ALBUQUERQUE,2026-08-21,,,2025,RV,New,,46.28,8.03,edominguez,,0,12.49,0,0,false,,,13.49,Silver 1,Silver 1,0.87,0,,0,42751,671,Source One Financial Services,NM,,0,0,NM101,Silver
251235,sflynn,34791.23,180,Auto Approval,Gone Fishin Marine - NCA139,,CA,Dixon,2026-08-21,2026-08-21,,2027,Boat,New,,36.34,2.44,jrubi,,317,8.99,3000,3000,false,,,9.99,Core,Core,1.21,0,,0,28737,734,Source One Financial Services,CA, jamie otero,1,1,NCA139,Core
251316,mlomedico,69353.37,120,Auto Approval,Fun Town RV Amarillo - TX508,Fun Town,TX,Amarillo,2026-08-21,2026-08-21,,2023,RV,Used,,11.33,6,gott,,41,10.49,10000,10000,false,,,11.99,Core,Core,0.9,0,,0,76750,712,Source One Financial Services,TX, eric adams,1,1,TX508,Core
251453,hhisek,28299,180,Booked,BOLAND RV - MO199,,MO,HANNIBAL,2026-08-22,2026-08-26,2026-08-26,2021,RV,Used,,30.68,2.13,jweller,6206,5857,10.49,10000,10000,false,25,324,11.99,Core,Core,0.88,1697.94,6,0,32200,705,Source One Financial Services,MO, sam boutwell,1,0,MO199,Core
251404,avera,29005.95,180,Approved,Como RV - FL321,,FL,Inverness,2026-08-22,2026-08-22,,2026,RV,New,,32.35,2.29,wstoutimore,,6,7.49,3500,3500,false,,,8.99,Core,Core,1.03,0,,0,28252,827,Source One Financial Services,FL, rick como,1,1,FL321,Core
251518,Jhill,21649.3,144,Verifications Incomplete,"Hemlock Hill RV Sales, Inc-CT107",,CT,Southington,2026-08-22,2026-08-27,,2024,RV,Used,707,37.7,3.2,gcoulombe,,7394,9.99,5000,5000,false,,3,11.49,Core,Core,1.01,1298.96,6,0,21450,736,Source One Financial Services,NH, brandon brown,1,1,CT107,Core
251590,mlomedico,123293.18,240,Auto Approval,Lakeland RV -WI515,,WI,Milton,2026-08-22,2026-08-24,,2026,RV,New,753,18.74,4.45,dzilberchtein,,3020,9.24,1000,20625.23,false,,,9.99,Core,Core,1.16,0,,0,106615,762,Source One Financial Services,WI, kevin schmidt,1,1,WI515,Core
251630,mlomedico,55403.62,180,Booked,Fun Town RV - Las Vegas - NV116,Fun Town,NV,Las Vegas,2026-08-22,2026-08-24,2026-08-24,2026,RV,New,757,39.39,3.57,ljablonoski,2850,2738,7.49,0,0,false,111,1,8.99,Core,Core,1.27,3324.22,6,0,43593,825,Source One Financial Services,NV, ken fields,1,0,NV116,Core
251563,,61743.94,180,Cancelled,Blue Compass RV - Bakersfield - Sales - NCA145,Blue Compass,CA,Bakersfield,2026-08-22,,,2026,RV,New,,0,0,jrubi,,,22.99,500,9565,false,,,23.99,Bronze,Bronze,1.24,0,,0,49934,,Source One Financial Services,CA, martha quiroz,0,0,NCA145,Business First
251666,mlomedico,88682.34,204,Decline,OPTIMUM RV TX LLC - Robstown - TX481,Optimum RV,TX,ROBSTOWN,2026-08-22,,,2027,RV,New,,21.12,7.98,gott,,32,12.49,2500,11750,false,,,13.49,Silver 1,Silver 1,1.07,0,,0,82671,678,Source One Financial Services,TX, cade hall,0,0,TX481,Silver
251540,eavila,14086.38,120,Auto Approval,Fun Town RV - Las Vegas - NV116,Fun Town,NV,Las Vegas,2026-08-22,2026-08-23,,2027,RV,New,,22.75,4.06,ljablonoski,,1230,9.49,0,0,false,,,10.99,Core,Core,0.77,0,,0,18368,752,Source One Financial Services,AZ, julie ronquillo,1,1,NV116,Core
251429,avera,27885.96,180,Auto Approval,LEOS VACATION CENTER INC - MD102,,MD,GAMBRILLS,2026-08-22,2026-08-27,,2025,RV,New,,10.88,2.23,gcoulombe,,7371,7.74,250,250,false,,,8.74,Core,Not Applicable,1.3,0,,0,21521,745,Connexus Credit Union,MD,,1,1,MD102,Not Applicable
251546,mlomedico,34139.92,180,Decline,Blue Compass RV - Raleigh - NC157,Blue Compass,NC,Raleigh,2026-08-22,,,2027,RV,New,645,36.97,2.71,jsmith,,40,13.74,15000,17000,false,,,14.74,Silver 1,Silver 1,0.76,0,,0,45052,657,Source One Financial Services,NC, kayla bays,0,0,NC157,Silver
251439,Jhill,52621,240,Approved,Blue Compass RV - Redmond - OR146,Blue Compass,OR,Rendmond,2026-08-22,2026-08-22,,2026,RV,New,761,42.91,3.38,ljablonoski,,43,8.99,54000,54000,false,,,9.74,Core,Core,0.58,0,,0,90959,797,Source One Financial Services,OR, william rife,1,1,OR146,Core
251412,lgrace,17350,180,Conditional Approval,Blue Compass RV - Spartanburg - SC144,Blue Compass,SC,Duncan,2026-08-22,2026-08-24,,2022,RV,Used,608,31.94,3.07,jsmith,,3138,14.49,2000,2000,false,,,15.49,Silver 1,Silver 1,1.08,0,,0,16000,654,Source One Financial Services,SC, john balma,1,1,SC144,Silver
251585,Jhill,48462.42,180,Auto Approval,Fun Town RV - Cleburne -TX108,Fun Town,TX,Cleburne,2026-08-22,2026-08-22,,2026,RV,New,,43.24,7.55,S1House,,19,9.99,0,0,false,,,11.49,Core,Core,1,0,,0,48434,707,Source One Financial Services,TX, laci boulware,1,1,TX108,Core
251643,mlomedico,21730.5,144,Conditional Approval,Bradford Marine & ATV-North Little Rock-AR141,Bradford Marine,AR,N. Little Rock,2026-08-22,2026-08-22,,2027,Boat,New,,41.03,2.56,jweller,,46,10.24,4000,4000,false,,,11.74,Core,Core,1.24,0,,0,17471.5,690,Source One Financial Services,AR, robby voss,1,1,AR141,Core
251583,hhisek,83146.7,240,Approved,Beckley's Camping Center - MD111,,MD,Thurmont,2026-08-22,2026-08-22,,2027,RV,New,816,23.11,4.92,gcoulombe,,63,7.24,10000,10000,false,,,8.49,Core,Not Applicable,0.85,0,,0,98190,703,Connexus Credit Union,PA, tony mills,1,1,MD111,Not Applicable
251456,Jhill,21684.05,144,Auto Approval,Fun Town RV Win LLC - OK109,Fun Town,OK,Thackerville,2026-08-22,2026-08-22,,2026,RV,New,,34.58,5.58,jweller,,56,9.74,0,0,false,,,11.24,Core,Core,1.27,0,,0,17075,732,Source One Financial Services,OK, rob miller,1,1,OK109,Core
251595,eavila,14603,120,Conditional Approval,BRETZ RV & MARINE - BILLINGS - MT115,Bretz RV,MT,Billings,2026-08-22,2026-08-22,,2027,RV,New,647,43.8,1.66,dzilberchtein,,49,10.74,1000,18891,false,,,10.99,Silver 1,Not Applicable,0.47,0,,0,31170,667,Connexus Credit Union,MT, nikolaus hinebauch,1,1,MT115,Not Applicable
251579,hhisek,12668.1,120,Booked,Buffalo Trail Recreation - MI466,,MI,Midland,2026-08-22,2026-08-27,2026-08-27,2021,RV,Used,655,29.16,2.52,dzilberchtein,7235,7187,10.74,2000,2000,false,35,13,11.99,Core,Core,0.94,633.41,5,0,13500,687,Source One Financial Services,MI, kyle staelgraeve,1,0,MI466,Core
251428,hhisek,19079.34,144,Booked,ROYS RV SUPERCENTER LLC - WV101,,WV,ELKINS,2026-08-22,2026-08-27,2026-08-27,2016,RV,Used,635,33.22,3.67,jharrington1,7359,7322,14.99,3000,3000,false,30,7,15.99,Silver 1,Silver 1,0.87,763.17,4,0,21850,649,Source One Financial Services,WV, aaron harlan,1,0,WV101,Silver
251472,eavila,33101.36,180,Auto Decline,Blue Compass RV - San Antonio - TX572,Blue Compass,TX,San Antonio,2026-08-22,,,2023,RV,Used,,50.05,16.72,gott,,14,22.99,3400,3400,false,,,23.99,Bronze,Bronze,0.83,0,,0,39710,,Source One Financial Services,TX, ryan johnson,0,0,TX572,Business First
251450,hhisek,30915,120,Conditional Approval,Ansley RV - PA144,,PA,Duncansville,2026-08-22,2026-08-22,,2017,RV,Used,,30.99,4.71,jharrington1,,59,10.05,4000,4000,false,,,10.8,Core,Not Applicable,0.96,0,,0,32065,693,Ideal Credit Union,PA, joe barbera,1,1,PA144,Not Applicable
251420,hhisek,44072.74,180,Decline,SMITH MOTOR CO OF HATTIESBURG INC - MS107,,MS,HATTIESBURG,2026-08-22,,,2027,Boat,New,,17.69,6.95,jsmith,,1,9.74,3000,3000,false,,,11.24,Core,Core,1.23,0,,0,35941.4,723,Source One Financial Services,LA, lisa hartfield,0,0,MS107,Core
251549,eavila,49706,180,Decline,McDowell South Inc - MO203,,MO,Jackson,2026-08-22,,,2026,RV,New,634,49.25,6.58,jweller,,2744,13.74,0,9863,false,,,14.74,Silver 1,Not Applicable,1.01,0,,0,49451,650,Ideal Credit Union,MO, alan sellers,0,0,MO203,Not Applicable
251430,lgrace,22401.46,180,Booked,Meyer's I-79 RV Sales - PA148,,PA,Mount Morris,2026-08-22,2026-08-22,2026-08-25,2020,RV,Used,,26.67,5.23,jharrington1,4666,176,9.99,300,300,false,4490,0,11.49,Core,Core,1.54,1344.09,6,0,14550,755,Source One Financial Services,WV, matthew stuchell,1,0,PA148,Core
251544,hhisek,66076.01,180,Decline,La Mesa RV Center - Port St Lucie - FL314,La Mesa,FL,Port St Lucie,2026-08-22,,,2019,RV,Used,,25.53,9.09,pcarter,,36,10.99,6500,6500,false,,,12.49,Core,Core,0.85,0,,0,77500,720,Source One Financial Services,FL, dallas lostutter,0,0,FL314,Core
251627,lgrace,13746.73,144,Decline,Blue Compass RV - Fort Wayne - IN217,Blue Compass,IN,Columbia City,2026-08-22,,,2026,RV,New,,11.24,3.54,jharrington1,,5,9.99,1200,1200,false,,,11.49,Core,Core,0.67,0,,0,20390,702,Source One Financial Services,IN, jesse lazzarino,0,0,IN217,Core
251522,hhisek,33826.1,180,Approved,Bent's RV - LA117,,LA,Boutte,2026-08-22,2026-08-22,,2026,RV,New,,35.92,4.69,gott,,17,9.99,4000,4000,false,,,11.49,Core,Core,0.93,0,,0,36204,712,Source One Financial Services,LA, matthew hollifield,1,1,LA117,Core
251527,ahunt,28896.54,180,Auto Approval,Ashley Marine LLC - Stapleton - AL168,,AL,Stapleton,2026-08-22,2026-08-22,,2027,Boat,New,,32.08,3.45,jsmith,,68,8.74,0,0,false,,,10.24,Core,Core,1.26,0,,0,22902,761,Source One Financial Services,AL, joey hawkins,1,1,AL168,Core
251693,ahunt,54111.08,240,Decline,Sky River RV - Paso Robles - SCA146,SkyRiver,CA,Paso Robles,2026-08-22,,,2026,RV,New,630,25.94,3.76,jrubi,,26,7.99,1000,-7500,false,,,9.49,Core,Core,1.25,0,,0,43127,783,Source One Financial Services,CA, austin harding,0,0,SCA146,Core
251632,mlomedico,36374.98,240,Decline,CAMPING NATION RVS LLC - AZ322,,AZ,MESA,2026-08-22,,,2021,RV,Used,546,33.96,2.12,edominguez,,15,10.74,8000,8000,false,,,12.24,Core,Core,0.74,0,,0,49250,681,Source One Financial Services,AZ, zachary booth,0,0,AZ322,Core
251682,ahunt,29053.91,180,Auto Approval,RV COUNTRY - FRESNO - NCA115,RV Country,CA,FRESNO,2026-08-22,2026-08-24,,2026,RV,New,692,27.43,1.38,jrubi,,2996,10.24,4500,4500,false,,,11.74,Core,Core,0.98,0,,0,29614.81,696,Source One Financial Services,CA, travis jury,1,1,NCA115,Core
251484,,24533,144,Auto Decline,COUNTY LINE CAMPERS - MS108,,MS,GULFPORT,2026-08-22,,,2026,RV,New,,36.97,12.25,jsmith,,0,22.99,0,0,false,,,23.99,Bronze,Bronze,0.87,0,,0,28142,618,Source One Financial Services,MS,,0,0,MS108,Business First
251608,hhisek,17775.32,180,Decline,Liberty Trail RV - Sulphur Springs - TX580,,TX,Sulphur Springs,2026-08-22,,,2017,RV,Used,,17.71,7.36,gott,,16,11.24,1800,1800,false,,,12.74,Core,Core,1.15,0,,0,15520,693,Source One Financial Services,TX, shaun woodruff,0,0,TX580,Core
251631,ahunt,44496.22,180,Approved,General RV Center - North Canton - OH200,General RV,OH,North Canton,2026-08-22,2026-08-22,,2026,RV,New,,29.38,3.02,jharrington1,,70,7.99,5000,5000,false,,,9.49,Core,Core,1.07,0,,0,41444,781,Source One Financial Services,OH, angelina evans,1,1,OH200,Core
251596,Jhill,118400.52,240,Approved,Bama RV - Opelika - AL151,,AL,Opelika,2026-08-22,2026-08-22,,2026,RV,New,671,27.87,2.93,jsmith,,22,7.99,10453,6453,false,,,9.49,Core,Core,1.04,0,,0,114050,797,Source One Financial Services,GA, kevin horne,1,1,AL151,Core
251510,hhisek,19658.76,144,Conditional Approval,Campers Inn RV - Johnstown - CO163,Campers Inn,CO,Johnstown,2026-08-22,2026-08-22,,2026,RV,New,,8.88,0.37,dzilberchtein,,14,12.49,3000,3000,false,,,13.49,Silver 1,Silver 1,0.89,0,,0,21998,679,Source One Financial Services,CO, glover howard,1,1,CO163,Silver
251634,Jhill,186116.15,240,Decline,TEXAS RV OUTLET SUPERSTORE - TX331,,TX,WILLOW PARK,2026-08-22,,,2017,RV,Used,,26.07,15.97,gott,,28,8.49,39000,63400,false,,,9.99,Core,Core,0.63,0,,0,297715,818,Source One Financial Services,TX, bryan roberts,0,0,TX331,Core
251678,mlomedico,54468.9,180,Auto Approval,Bradford Marine & ATV-Little Rock - AR142,Bradford Marine,AR,Little Rock,2026-08-22,2026-08-25,,2026,Boat,New,729,41.26,3.44,jweller,,4393,9.74,0,0,false,,,11.24,Core,Core,1.18,0,,0,46241,727,Source One Financial Services,TX, john dickson,1,1,AR142,Core
251473,mlomedico,14784.86,120,Auto Approval,Texas Trader RV - TX267,Ron Hoover,TX,La Feria,2026-08-22,2026-08-22,,2018,RV,Used,,9.31,1.42,gott,,17,10.49,4600,4600,false,,,11.99,Core,Core,1.31,0,,0,11300,752,Source One Financial Services,TX, trey flores,1,1,TX267,Core
251675,,64032,180,Auto Decline,I-15 RV - SCA114,,CA,HESPERIA,2026-08-22,,,2026,RV,New,,29.35,15.63,jrubi,,0,22.99,16300,16300,false,,,23.99,Bronze,Bronze,0.9,0,,0,71165,580,Source One Financial Services,CA,,0,0,SCA114,Business First
251426,,61552.15,240,Auto Decline,Bent's RV - LA117,,LA,Boutte,2026-08-22,,,2025,RV,New,639,23.88,4.25,gott,,0,9.74,10000,10000,false,,,11.24,Core,Core,0.88,0,,0,69960,740,Source One Financial Services,LA,,0,0,LA117,Core
251694,,38649.63,180,Auto Decline,CRESTVIEW RV SUPERSTORE - SELMA - TX484,Campers Inn,TX,SELMA,2026-08-22,,,2017,RV,Used,,36.31,3.75,gott,,0,22.99,4300,4300,false,,,23.99,Bronze,Bronze,1,0,,0,38720,601,Source One Financial Services,TX,,0,0,TX484,Business First
251574,hhisek,62625.5,240,Conditional Approval,Fun Town RV Win LLC - OK109,Fun Town,OK,Thackerville,2026-08-22,2026-08-22,,2026,RV,New,,18.06,8.19,jweller,,5,9.49,3150,3150,false,,,10.99,Core,Core,0.88,0,,0,71558,711,Source One Financial Services,OK, rob miller,1,1,OK109,Core
251658,eavila,23743.28,180,Verifications Incomplete,Auction Direct RV - FL319,,FL,Ocala,2026-08-22,2026-08-24,,2022,RV,Used,737,29.39,1.82,pcarter,,2937,9.24,0,0,false,,2592,9.99,Core,Core,1.41,0,,0,16825,776,Source One Financial Services,FL, geoff cohen,1,1,FL319,Core
251570,Jhill,13305.21,144,Decline,Rocky Ridge RV - Nacogdoches - TX525,Rocky Ridge,TX,Nacogdoches,2026-08-22,,,2015,RV,Used,,2.91,2.91,gott,,4,10.99,3000,3000,false,,,12.74,Core,Core,1.05,0,,0,12650,707,Source One Financial Services,TX, troy ansley,0,0,TX525,Core
251614,,24804.88,180,Auto Decline,Texas Trader RV - TX267,Ron Hoover,TX,La Feria,2026-08-22,,,2025,RV,Used,,4.42,2.44,gott,,0,14.99,10000,10000,false,,,15.99,Silver 2,Silver 2,1.55,0,,0,16000,636,Source One Financial Services,TX,,0,0,TX267,Silver
251493,avera,64926.84,240,Decline,Recreation USA LLC - Myrtle Beach - SC134,,SC,Myrtle Beach,2026-08-22,,,2025,RV,New,,60.58,9.86,jsmith,,6,8.74,0,7249.66,false,,,10.24,Core,Core,0.93,0,,0,69645,767,Source One Financial Services,NC, tracy piller,0,0,SC134,Core
251454,lgrace,16406,144,Approved,"Holman Motors, Inc. -OH111",,OH,Batavia,2026-08-22,2026-08-22,,2027,RV,New,,27.55,2.53,jharrington1,,32,9.49,0,0,false,,,10.99,Core,Core,0.84,0,,0,19635,756,Source One Financial Services,KY,,1,1,OH111,Core
251594,eavila,37572.5,180,Decline,Campinc LLC - OK110,,OK,McAlester,2026-08-22,,,2024,RV,New,687,48.77,4.19,jweller,,50,9.99,20000,20105,false,,,11.49,Core,Not Applicable,0.81,0,,0,46209,693,Connexus Credit Union,OK, jack elgin,0,0,OK110,Not Applicable
251538,mlomedico,17305.59,180,Decline,North Country RV - MN829,Markquart,MN,Ham Lake,2026-08-22,,,2020,RV,Used,,28.88,4.2,dzilberchtein,,20,13.24,2000,2000,false,,,14.24,Silver 1,Silver 1,1.14,0,,0,15200,666,Source One Financial Services,MN, austin herczeg,0,0,MN829,Silver
251515,mlomedico,25445,144,Decline,Blue Compass RV - Spartanburg - SC144,Blue Compass,SC,Duncan,2026-08-22,2026-08-25,,2026,RV,New,,23.62,5.82,jsmith,,7470,10.99,3000,3000,false,,,10.99,Silver 1,Not Applicable,0.84,0,,0,30183,673,Connexus Credit Union,SC, john balma,0,0,SC144,Not Applicable
251497,mlomedico,39396.22,220,Auto Approval,Petes RV Center - PA105,Pete's RV,PA,MOUNTVILLE,2026-08-22,2026-08-22,,2021,RV,Used,793,29.87,2.55,jharrington1,,11,7.99,500,11850,false,,,9.49,Core,Core,0.8,0,,0,49550,832,Source One Financial Services,PA, christine hamilton,1,1,PA105,Core
251399,lgrace,88921.65,240,Auto Approval,Best Choice Trailers & RV-PA123,Canopy Financial,PA,Irwin,2026-08-22,2026-08-22,,2027,RV,New,718,26.92,2.31,jharrington1,,9,10.99,3700,13100,false,,,11.49,Core,Core,1.25,0,,0,71289,710,Source One Financial Services,PA, matt kurtz,1,1,PA123,Core
251487,,14267.48,120,Auto Decline,"Ron Hoover Companies of Donna, Inc -Tx277",Ron Hoover,TX,Donna,2026-08-22,,,2026,RV,New,,55.49,3.05,gott,,0,22.99,3000,3000,false,,,23.99,Bronze,Bronze,1.05,0,,0,13651.66,577,Source One Financial Services,TX,,0,0,TX277,Business First
251478,Jhill,29721.75,204,Auto Approval,BLUE COMPASS RV - DAYTON - OH159,Blue Compass,OH,Dayton,2026-08-22,2026-08-26,,2026,RV,New,,34.02,8.34,jharrington1,,5745,9.99,6000,6000,false,,,11.49,Core,Core,0.93,0,,0,32065,705,Source One Financial Services,OH, robert osburn,1,1,OH159,Core
251647,,25073.46,180,Auto Decline,CRABTREE RV CENTER INC - AR101,,AR,ALMA,2026-08-22,,,2027,RV,New,572,8.82,4.52,jweller,,0,14.99,2800,2800,false,,,15.99,Silver 2,Silver 2,0.77,0,,0,32378,624,Source One Financial Services,AR,,0,0,AR101,Silver
251446,hhisek,18846.85,144,Auto Approval,Capital RV - Minot - ND118,Campers Inn,ND,Minot,2026-08-22,2026-08-25,,2026,RV,New,,14.62,6.12,dzilberchtein,,4677,13.74,2000,2000,false,,,14.74,Silver 1,Silver 1,0.79,0,,0,23825.15,652,Source One Financial Services,ND, michelle barber,1,1,ND118,Silver
251416,avera,31234.59,180,Decline,General RV - Jacksonville - FL236,General RV,FL,Orange Park,2026-08-22,,,2026,RV,New,,24.93,5.72,pcarter,,110,10.24,1000,1000,false,,,11.74,Core,Not Applicable,0.82,0,,0,38038,684,Connexus Credit Union,FL, lou marino,0,0,FL236,Not Applicable
251654,mlomedico,35977.1,204,Verifications Incomplete,Blue Compass RV - Albuquerque - NM112,Blue Compass,NM,Albuquerque,2026-08-22,2026-08-25,,2019,RV,Used,,8.39,5.41,edominguez,,4280,8.99,2500,2500,false,,1,10.49,Core,Core,1.44,0,,0,25050,796,Source One Financial Services,NM, scott rodriguez,1,1,NM112,Core
251582,hhisek,51407.5,180,Conditional Approval,SR1 RV - Loudon - NH115,,NH,Loudon,2026-08-22,2026-08-22,,2021,RV,Used,683,24.8,6,gcoulombe,,6,10.49,0,3000,false,,,11.99,Core,Core,0.92,0,,0,55850,717,Source One Financial Services,ME, mike fraser,1,1,NH115,Core
251681,mlomedico,75993.47,240,Conditional Approval,Cookeville RV and Marine - TN154,Easy Care,TN,Cookeville,2026-08-22,2026-08-22,,2027,RV,New,754,43.58,7.82,jsmith,,19,8.24,3300,10964.12,false,,,9.74,Core,Core,1.3,0,,0,58537,771,Source One Financial Services,TN, jim lakes,1,1,TN154,Core
251593,eavila,70300,240,Decline,MY RV SD - SCA112,,CA,EL CAJON,2026-08-22,,,2027,RV,New,,6.67,6.53,jrubi,,32,8.74,10000,10000,false,,,10.24,Core,Not Applicable,0.97,0,,0,72129,772,Connexus Credit Union,CA,,0,0,SCA112,Not Applicable
251623,Jhill,59756.7,240,Booked,Campers Inn Kings Mountain -NC108,Campers Inn,NC,Kings Mountain,2026-08-22,2026-08-24,2026-08-25,2020,RV,Used,750,35.56,4.91,jsmith,4349,3121,7.99,1000,5862.81,false,1227,1,9.49,Core,Core,1.16,3585.4,6,0,51700,821,Source One Financial Services,NC, hunter lee,1,0,NC108,Core
251683,mlomedico,49372.21,180,Booked,LDRV of Tampa - FL340,Campers Inn,FL,Seffner,2026-08-22,2026-08-26,2026-08-26,2026,RV,New,,26.51,3.07,wstoutimore,5736,5448,9.99,2000,2000,false,288,0,11.49,Core,Core,1.21,2962.33,6,0,40758,720,Source One Financial Services,FL, christine kostecki,1,0,FL340,Core
251663,,22665.61,144,Auto Decline,Fun Town Rv/Angelo RV LLC -TX247,Fun Town,TX,San Angelo,2026-08-22,,,2023,RV,Used,,34.12,5.38,gott,,0,15.74,0,0,false,,,16.74,Silver 2,Silver 2,0.87,0,,0,26050,632,Source One Financial Services,TX,,0,0,TX247,Silver
251452,,122828,240,Cancelled,AEONrv - ENV100,EPIC,NV,Reno,2026-08-22,,,2026,RV,New,,0,0,S1House,,,22.99,135000,135000,false,,,23.99,Bronze,Bronze,0.6,0,,0,203760,,Source One Financial Services,CO, jp lixie,0,0,ENV100,Business First
251532,,13854,144,Auto Decline,GARLANDS RV OF TENNESSEE - TN122,,TN,SPRINGVILLE,2026-08-22,,,2017,RV,Used,,37.58,2.47,jsmith,,0,22.99,1300,1300,false,,,23.99,Bronze,Bronze,1.29,0,,0,10750,616,Source One Financial Services,TN,,0,0,TN122,Business First
251616,hhisek,188249.63,240,Decline,Ron Hoover - Georgetown - TX497,Ron Hoover,TX,Georgetown,2026-08-22,,,2026,RV,New,661,33.12,9.55,gott,,14,9.99,20000,21500,false,,,11.49,Core,Core,1.19,0,,0,158444,704,Source One Financial Services,TX, edgar duran,0,0,TX497,Core
251403,avera,20816.38,180,Decline,PETE'S RV CENTER - CONNECTICUT - CT102,Pete's RV,CT,SOUTH WINDSOR,2026-08-22,,,2027,RV,New,641,44.84,3.88,gcoulombe,,4,13.74,5000,5000,false,,,14.74,Silver 1,Silver 1,0.98,0,,0,21340,646,Source One Financial Services,MA, ryan ayoub,0,0,CT102,Silver
251410,hhisek,24489.98,204,Approved,Blue Compass RV - Nashville - TN158,Blue Compass,TN,Lebanon,2026-08-22,2026-08-22,,2026,RV,New,,18.78,6.11,jsmith,,5,9.99,2400,2400,false,,,11.49,Core,Core,0.93,0,,0,26279,719,Source One Financial Services,TN, austin jacobs,1,1,TN158,Core
251501,,68815.67,240,Cancelled,OPTIMUM RV OCALA - FL162,Optimum RV,FL,OCALA,2026-08-22,,,2019,RV,Used,,0,0,pcarter,,,22.99,8879.76,17454.75,false,,,23.99,Bronze,Bronze,1.03,0,,0,66811.36,,Source One Financial Services,FL, michael buskey,0,0,FL162,Business First
251639,eavila,25380.7,204,Decline,Fun Town RV-Denton -TX322,Fun Town,TX,Denton,2026-08-22,2026-08-22,,2026,RV,New,666,23.48,1.88,gott,,133,8.99,2500,2500,false,,,10.49,Core,Core,1.02,0,,0,24817,744,Source One Financial Services,TX, douglas santos,0,0,TX322,Core
251555,eavila,31328.52,180,Decline,"RV COUNTRY OREGON, LLC - COBURG - OR107",RV Country,OR,COBURG,2026-08-22,,,2020,RV,Used,731,61.28,6.83,ljablonoski,,27,10.74,3500,3500,false,,,12.24,Core,Core,1.07,0,,0,29250,683,Source One Financial Services,WA, mike mckean,0,0,OR107,Core
251550,hhisek,10920.98,120,Approved,Hamilton RV -MI140,Selvius RV,MI,Lumberton,2026-08-22,2026-08-22,,2017,RV,Used,,6.02,2.9,dzilberchtein,,10,8.49,500,500,false,,,9.99,Core,Core,1.03,0,,0,10600,808,Source One Financial Services,MI, ben sexton,1,1,MI140,Core
251604,hhisek,108641.17,180,Decline,RV DEPOT OF CLEBURNE - TX461,,TX,JOSHUA,2026-08-22,,,2013,RV,Used,,19.72,19.22,gott,,19,10.99,30000,30000,false,,,12.49,Core,Core,0.81,0,,0,134150,751,Source One Financial Services,TX, mike nellis,0,0,TX461,Core
251615,lgrace,40895.88,180,Auto Approval,MILLERS MARINE - FL178,,FL,OCALA,2026-08-22,2026-08-22,,2026,Boat,New,,42.04,5.74,pcarter,,13,7.49,2000,3500,false,,,8.99,Core,Core,1.1,0,,0,37177.62,820,Source One Financial Services,FL, franchesca rivera,1,1,FL178,Core
251635,mlomedico,62193.48,180,Conditional Approval,Moix RV - Hot Springs Landing LLC - AR135,,AR,Hot Springs,2026-08-22,2026-08-22,,2026,RV,Used,641,30.57,5.8,jweller,,30,9.74,0,22000,false,,,11.24,Core,Core,0.65,0,,0,95375,724,Source One Financial Services,MO, brayden fisher,1,1,AR135,Core
251414,hhisek,30045.7,180,Decline,ANGLERS CHOICE - LEXINGTON - NC101,,NC,LEXINGTON,2026-08-22,,,2027,Boat,New,,50.68,4.03,jsmith,,108,9.49,5000,5000,false,,,10.99,Core,Not Applicable,0.98,0,,0,30518,705,Connexus Credit Union,NC, lee parker,0,0,NC101,Not Applicable
251677,mlomedico,100692.83,180,Auto Approval,Crestview RV - Georgetown -TX177,Campers Inn,TX,Georgetown,2026-08-22,2026-08-22,,2026,RV,New,,49.94,5.63,gott,,33,7.99,5900,5900,false,,,9.49,Core,Core,1.25,0,,0,80585,797,Source One Financial Services,WA, yohannes samuel,1,1,TX177,Core
251499,lgrace,16967,144,Decline,Campers Inn of Chichester - NH103,Campers Inn,NH,Chichester,2026-08-22,,,2027,RV,New,679,57.66,1.34,gcoulombe,,6,10.24,500,500,false,,,11.74,Core,Core,0.98,0,,0,17236,683,Source One Financial Services,NH, david keller,0,0,NH103,Core
251503,eavila,39377,240,Decline,"Kris Willis RV, LLC -MO127",,MO,Dexter,2026-08-22,,,2026,RV,Used,548,37.6,3.31,jweller,,17,9.49,0,0,false,,,10.99,Core,Core,1.17,0,,0,33750,741,Source One Financial Services,MO, mikayla hall,0,0,MO127,Core
251636,mlomedico,18432,144,Conditional Approval,"Bill Thomas Camper Sales, Inc -MO105",,MO,Wentzville,2026-08-22,2026-08-22,,2026,RV,Used,,29.43,3.32,jweller,,37,14.99,1960,1960,false,,,15.99,Silver 1,Silver 1,0.83,0,,0,22150,640,Source One Financial Services,MO, ronald koenig,1,1,MO105,Silver
251445,,61103.97,180,Auto Decline,BLUE COMPASS RV - DENTON - TX148,Blue Compass,TX,Denton,2026-08-22,,,2027,RV,New,,43.52,2.61,gott,,0,22.99,10000,10000,false,,,23.99,Bronze,Bronze,1.19,0,,0,51486.5,610,Source One Financial Services,TX,,0,0,TX148,Business First
251691,ahunt,64387,180,Decline,MY RV SD - SCA112,,CA,EL CAJON,2026-08-22,,,2013,RV,Used,,29.88,16.42,jrubi,,14,15.49,4000,8000,false,,,16.49,Silver 1,Silver 1,0,0,,0,0,645,Source One Financial Services,CA,,0,0,SCA112,Silver
251480,,90146.03,240,Auto Decline,DADS CAMPER OUTLET - GULFPORT - MS100,,MS,GULFPORT,2026-08-22,,,2026,RV,New,644,24.55,22.78,jsmith,,0,12.49,21000,21000,false,,,13.49,Silver 1,Silver 1,0.85,0,,0,106125,671,Source One Financial Services,MS,,0,0,MS100,Silver
251588,hhisek,27404,204,Auto Approval,Blue Compass RV - Liberty Lake - WA154,Blue Compass,WA,Liberty Lake,2026-08-22,2026-08-23,,2027,RV,New,,22.6,5.2,ljablonoski,,1149,10.24,2700,2700,false,,,11.74,Core,Core,1.13,0,,0,24234,698,Source One Financial Services,ID,,1,1,WA154,Core
251422,lgrace,47404.46,204,Booked,Rex and Sons RVs Inc - NC127,,NC,CASTLE HAYNE,2026-08-22,2026-08-26,2026-08-26,2026,RV,New,758,48.53,4.07,jsmith,6170,6161,8.24,1000,-1380.74,false,8,1,9.74,Core,Core,1.23,2844.27,6,0,38566,769,Source One Financial Services,NC,,1,0,NC127,Core
251676,mlomedico,27318.66,204,Booked,BLUE COMPASS RV - CORPUS CHRISTI - TX459,Blue Compass,TX,CORPUS CHRISTI,2026-08-22,2026-08-25,2026-08-27,2027,RV,New,,34.63,4.46,gott,6982,3934,9.99,3500,3500,false,3047,1,11.49,Core,Core,1.1,1639.12,6,0,24943.75,711,Source One Financial Services,TX, elisa escamilla,1,0,TX459,Core
251667,mlomedico,72722.25,204,Auto Approval,Blue Compass RV - Raleigh - NC157,Blue Compass,NC,Raleigh,2026-08-22,2026-08-24,,2026,RV,New,620,39.84,4.83,jsmith,,2802,11.99,47000,60659,false,,,12.99,Silver 1,Silver 1,0.72,0,,0,101019,679,Source One Financial Services,NC, kyle cecala,1,1,NC157,Silver
251533,hhisek,11407.3,120,Approved,Bus Supply Company INC-MS118,,MS,Mccomb,2026-08-22,2026-08-22,,2026,RV,New,816,12.35,2.52,jsmith,,9,7.49,4000,4000,false,,,8.99,Core,Core,0.66,0,,0,17322.16,807,Source One Financial Services,MS, demi revels,1,1,MS118,Core
251605,mlomedico,67550.09,240,Decline,Rocky Ridge RV - Nacogdoches - TX525,Rocky Ridge,TX,Nacogdoches,2026-08-22,,,2026,RV,New,,28.42,6.31,gott,,68,12.49,7000,9000,false,,,13.49,Silver 1,Not Applicable,1.04,0,,0,64810,667,Connexus Credit Union,TX, kolten archuleta,0,0,TX525,Not Applicable
251685,,16819.86,180,Auto Decline,Alabama Campers Tuscaloosa-AL161,,AL,Tuscaloosa,2026-08-22,,,2022,RV,Used,,26.36,5.37,jsmith,,0,22.99,2000,2000,false,,,23.99,Bronze,Bronze,0.98,0,,0,17160,617,Source One Financial Services,AL,,0,0,AL161,Business First
251613,mlomedico,16500,144,Booked,INLAND BOAT CENTER INC - SCA106,,CA,PERRIS,2026-08-22,2026-08-27,2026-08-27,2010,Boat,Used,,26.81,4.96,jrubi,7123,7098,9.49,3000,3000,false,15,10,10.74,Core,Core,1.04,825,5,0,15935,803,Source One Financial Services,CA, taylor nissen,1,0,SCA106,Core
251421,avera,91434.95,240,Auto Approval,Boaters World - Bradenton - FL229,,FL,Bradenton,2026-08-22,2026-08-24,,2016,Boat,Used,,37.25,5.99,wstoutimore,,3001,8.95,6000,12694,false,,,10.2,Core,Core,1.04,0,,0,88000,774,Source One Financial Services,FL, stephen dimauro,1,1,FL229,Core
251561,,11833,84,Auto Decline,COUNTY LINE CAMPERS - MS108,,MS,GULFPORT,2026-08-22,,,2020,RV,Used,,58.92,7.37,jsmith,,0,22.99,3000,3000,false,,,23.99,Bronze,Bronze,0,0,,0,0,610,Source One Financial Services,MS,,0,0,MS108,Business First
251506,mlomedico,58879.5,144,Booked,Blue Compass RV - Park City-KS117,Blue Compass,KS,Park City,2026-08-22,2026-08-26,2026-08-27,2027,RV,New,,29.74,4.84,jweller,7412,6191,7.99,0,0,false,1218,3,9.24,Core,Core,1.22,3532.77,6,0,48169.25,795,Source One Financial Services,WY, kurt bull,1,0,KS117,Core
251455,eavila,47463.94,240,Auto Approval,Bills Happy Camper Rv LLC-PA135,Warrior Performance,PA,Mill Hall,2026-08-22,2026-08-22,,2025,RV,Used,634,44.41,3.43,jharrington1,,206,7.49,1600,3100,false,,,8.99,Core,Core,1.12,0,,0,42400,844,Source One Financial Services,PA, nate rose,1,1,PA135,Core
251432,hhisek,15046.49,144,Approved,Ashley Marine LLC - Stapleton - AL168,,AL,Stapleton,2026-08-22,2026-08-22,,2026,Boat,New,,16.75,5.18,jsmith,,9,9.74,4000,4000,false,,,11.24,Core,Core,0.88,0,,0,17120,721,Source One Financial Services,AL, joey hawkins,1,1,AL168,Core
251645,Jhill,26003.93,204,Booked,Fun Town RV - Cleburne -TX108,Fun Town,TX,Cleburne,2026-08-22,2026-08-24,2026-08-27,2026,RV,New,660,40.23,2.95,S1House,7025,2590,9.99,0,0,false,4434,1,9.99,Core,Core,1.37,0,0,0,18950,720,Source One Financial Services,TX, brenden boggs,1,0,TX108,Core
251529,,10764.05,120,Auto Decline,RCD RV - Medina - OH206,,OH,medina,2026-08-22,,,2018,RV,Used,647,21.04,1.15,jharrington1,,0,13.74,500,500,false,,,14.74,Silver 1,Silver 1,1.06,0,,0,10175,673,Source One Financial Services,OH,,0,0,OH206,Silver
251669,mlomedico,16195.1,144,Approved,"Campers Inn RV of South Louisville, Inc. - KY147",Campers Inn,KY,Lebanon Junction,2026-08-22,2026-08-22,,2019,RV,Used,675,33,1.53,jharrington1,,36,10.49,9000,9000,false,,,11.99,Core,Core,0.76,0,,0,21350,745,Source One Financial Services,KY, bruce brown,1,1,KY147,Core
251692,ahunt,30946.51,180,Decline,RGV RV SALES - TX569,,TX,Mission,2026-08-22,,,2026,RV,New,,16.38,3.58,gott,,16,13.74,0,0,false,,,14.74,Silver 1,Silver 1,1.04,0,,0,29835,659,Source One Financial Services,TX, aldo camarillo,0,0,TX569,Silver
251599,avera,151405.01,240,Conditional Approval,Blue Compass RV - Chattanooga - GA156,Blue Compass,GA,Ringgold,2026-08-22,2026-08-22,,2026,RV,New,701,29.39,9.02,jsmith,,39,8.24,22100,42100,false,,,9.24,Core,Core,1.25,0,,0,121129,825,Source One Financial Services,GA, carson callender,1,1,GA156,Core
251525,lgrace,18057.41,168,Booked,PETE'S RV CENTER - CONNECTICUT - CT102,Pete's RV,CT,SOUTH WINDSOR,2026-08-22,2026-08-24,2026-08-25,2026,RV,Used,,23.2,2.16,gcoulombe,4595,2997,9.74,3000,3000,false,1597,1,11.24,Core,Core,1.43,1083.44,6,0,12600,721,Source One Financial Services,CT, samantha rice,1,0,CT102,Core
251560,eavila,54539.5,240,Decline,Blue Compass RV - Reno - NV119,Blue Compass,NV,Reno,2026-08-22,,,2026,RV,New,772,41.25,2.41,ljablonoski,,30,12.49,0,0,false,,,13.49,Silver 1,Silver 1,1.09,0,,0,50146,675,Source One Financial Services,NV, brina rounds,0,0,NV119,Silver
251640,Jhill,47197.77,180,Decline,Crestview RV 2 - Buda -TX180,Campers Inn,TX,Buda,2026-08-22,,,2019,RV,Used,732,53.84,4.75,gott,,44,9.74,100,5100,false,,,11.24,Core,Core,0.89,0,,0,52800,775,Source One Financial Services,TX, luckett lowry,0,0,TX180,Core
251541,mlomedico,41935.56,180,Conditional Approval,FOUR SEASONS RV - KS122,,KS,ABILENE,2026-08-22,2026-08-22,,2026,RV,New,665,23.24,3.69,jweller,,21,10.24,4220,4220,false,,,11.74,Core,Core,1.01,0,,0,41457,697,Source One Financial Services,KS, travis purser,1,1,KS122,Core
251486,eavila,14342.38,96,Approved,Blackbeard Marine Kingston -OK151,,OK,Kingston,2026-08-22,2026-08-22,,2006,Boat,Used,652,38.75,2.26,jweller,,13,13.99,5000,5000,false,,,15.49,Core,Core,0.85,0,,0,16895,688,Source One Financial Services,TX, andrew harmon,1,1,OK151,Core
251661,mlomedico,70732.91,240,Decline,Fun Town RV- Waco-TX212,Fun Town,TX,Hewitt,2026-08-22,,,2026,RV,New,,11.28,6.15,gott,,28,13.74,7500,7500,false,,,14.74,Silver 1,Silver 1,0.96,0,,0,73832,644,Source One Financial Services,OK, eric cuffee,0,0,TX212,Silver
251465,mlomedico,29707.26,204,Verifications Incomplete,COUNTY LINE CAMPERS - MS108,,MS,GULFPORT,2026-08-22,2026-08-22,,2027,RV,New,,36.87,6.84,jsmith,,83,9.49,0,0,false,,3048,7.39,Core,Core,1.26,297.07,1,0,23518,759,Source One Financial Services,MS,,1,1,MS108,Core
251653,ahunt,61897.4,180,Conditional Approval,General RV - Richmond - VA117,General RV,VA,Ashland,2026-08-22,2026-08-22,,2024,RV,Used,,44.59,6.79,jsmith,,87,10.24,6500,6500,false,,,11.74,Core,Core,0.79,0,,0,77950,695,Source One Financial Services,VA, blake cartin,1,1,VA117,Core
251566,,71318.22,240,Auto Decline,THRILLS RV - IN194,,IN,COLUMBIA CITY,2026-08-22,,,2027,RV,New,,45.4,14.13,jharrington1,,0,18.24,8000,8000,false,,,19.24,Silver 2,Silver 2,0.87,0,,0,81863,620,Source One Financial Services,TX,,0,0,IN194,Silver
251491,hhisek,43639,180,Auto Approval,Easy Camping RV - IA141,,IA,Nevada,2026-08-22,2026-08-22,,2020,RV,Used,824,34.5,4.57,gcoulombe,,26,7.99,20000,-7800,false,,,9.49,Core,Core,1.12,0,,0,38900,838,Source One Financial Services,IA, ryan jensen,1,1,IA141,Core
251444,hhisek,24254.41,144,Approved,CAMP EZ RV - TX528,,TX,LIVINGSTON,2026-08-22,2026-08-22,,2021,RV,Used,,11.35,3.68,gott,,4,10.74,2500,2500,false,,,12.24,Core,Core,1.04,0,,0,23350,694,Source One Financial Services,TX, tony eppler,1,1,TX528,Core
251601,Jhill,69919.94,240,Approved,JEFF COUCHS CAMPERS -OH107,Jeff Couchs,OH,Trenton,2026-08-22,2026-08-22,,2026,RV,New,,28.5,9.82,jharrington1,,41,9.74,7330,7330,false,,,11.24,Core,Core,0.82,0,,0,84945,728,Source One Financial Services,TX, charles thomas,1,1,OH107,Core
251418,,63790.58,240,Cancelled,RV Dynasty - IN177,,IN,Bunker Hill,2026-08-22,,,2026,RV,New,,0,0,jharrington1,,,22.99,6600,6600,false,,,23.99,Bronze,Bronze,1.04,0,,0,61595,,Source One Financial Services,OH, jeff gunnell,0,0,IN177,Business First
251657,mlomedico,27074.7,180,Conditional Approval,SOUTHLAND RV - GA137,,GA,RICHMOND HILL,2026-08-22,2026-08-22,,2026,RV,New,,22.51,3.42,jsmith,,55,10.24,6000,9500,false,,,11.74,Core,Core,1.25,0,,0,21734,681,Source One Financial Services,GA, eric stafford,1,1,GA137,Core
251551,mlomedico,74629.16,180,Auto Approval,Legendary Marine - Destin - FL142,OneWater,FL,Destin,2026-08-22,2026-08-24,,2019,Boat,Used,,16.56,2.07,wstoutimore,,2795,13.74,133200,133200,false,,,14.74,Silver 1,Silver 1,0.46,0,,0,161710,673,Source One Financial Services,AL, nolon saucier,1,1,FL142,Silver
251449,hhisek,20154.61,120,Decline,Ron Hoover - Lubbock - TX499,Ron Hoover,TX,Slaton,2026-08-22,,,2021,RV,Used,,23.91,4.44,gott,,5,14.49,2000,2000,false,,,15.49,Silver 1,Silver 1,0.77,0,,0,26080,641,Source One Financial Services,TX, jon vidaure,0,0,TX499,Silver
251476,avera,40118,204,Verifications Incomplete,"Vantage Recreational Finance, Inc. -FL291",VRF,FL,FORT LAUDERDALE,2026-08-22,2026-08-27,,2019,Boat,Used,775,39.97,2.3,S1House,,7387,8.99,3500,3500,false,,79,9.99,Core,Core,0.97,1604.72,4,0,41155,800,Source One Financial Services,TN, jennifer richter,1,1,FL291,Core
251516,lgrace,35952.67,204,Verifications Incomplete,Blue Compass RV - Danville - VA125,Blue Compass,VA,Ringgold,2026-08-22,2026-08-24,,2026,RV,New,,33.84,10.42,jsmith,,3133,9.74,3500,3500,false,,4,11.24,Core,Core,0.89,0,,0,40438,725,Source One Financial Services,NC, doran mccormick,1,1,VA125,Core
251597,hhisek,26874.95,180,Auto Approval,PRIMEAUX RV SUPERSTORE - ALEXANDRIA - LA101,,LA,ALEXANDRIA,2026-08-22,2026-08-22,,2026,RV,New,,32.22,3.71,gott,,20,13.74,3000,3000,false,,,14.74,Silver 1,Silver 1,0.94,0,,0,28541,660,Source One Financial Services,FL, vaughn mcbride,1,1,LA101,Silver
251400,hhisek,69492,240,Decline,LEONARD TRUCK and TRAILER INC. -OH164,,OH,NORTH JACKSON,2026-08-22,,,2027,RV,New,,53.57,8.54,jharrington1,,3,9.74,8000,8000,false,,,11.24,Core,Core,1.26,0,,0,55224,730,Source One Financial Services,MD,,0,0,OH164,Core
251451,mlomedico,108918,240,Auto Approval,LEONARD TRUCK and TRAILER INC. -OH164,,OH,NORTH JACKSON,2026-08-22,2026-08-24,,2027,RV,New,,24.96,9.72,jharrington1,,3255,9.99,20000,20000,false,,,11.49,Core,Core,1.14,0,,0,95655,700,Source One Financial Services,KY,,1,1,OH164,Core
251568,,29012.95,180,Auto Decline,General RV Center - Salisbury - NC137,General RV,NC,Salisbury,2026-08-22,,,2026,RV,New,,26.74,8.81,jsmith,,0,22.99,5000,5000,false,,,23.99,Bronze,Bronze,0.86,0,,0,33840,590,Source One Financial Services,NC,,0,0,NC137,Business First
251542,mlomedico,65401.07,204,Booked,BLUE COMPASS RV - MESA - AZ245,Blue Compass,AZ,MESA,2026-08-22,2026-08-24,2026-08-25,2026,RV,New,,38.29,10.38,edominguez,4463,3000,12.24,8000,8000,false,1458,5,13.74,Core,Core,1.03,3924.06,6,0,63263,680,Source One Financial Services,AZ, tara price,1,0,AZ245,Core
251548,hhisek,63113.78,180,Auto Approval,RV Station LTD - Nacogdoches -TX367,,TX,NACOGDOCHES,2026-08-22,2026-08-22,,2023,RV,Used,,27.04,6.4,gott,,105,13.24,6500,6500,false,,,14.24,Silver 1,Silver 1,0.82,0,,0,77300,665,Source One Financial Services,TX, ryan reynolds,1,1,TX367,Silver
251628,lgrace,33471.15,204,Conditional Approval,Legendary Marine - Panama - FL143,OneWater,FL,Panama City,2026-08-22,2026-08-22,,2014,Boat,Used,,33.97,4.85,wstoutimore,,7,11.24,5000,5000,false,,,12.74,Core,Core,1,0,,0,33500,725,Source One Financial Services,FL, jacob mankoff,1,1,FL143,Core
251655,mlomedico,52642.05,180,Conditional Approval,Modern Classic RVs - CO170,,CO,Grand Junction,2026-08-22,2026-08-24,,2026,RV,New,,11.17,7.37,dzilberchtein,,2520,11.49,1000,6000,false,,,11.74,Silver 1,Not Applicable,1.21,0,,0,43633,660,Connexus Credit Union,CO, derik barefield,1,1,CO170,Not Applicable
251505,mlomedico,19673,180,Decline,Mid America RV -MO104,,MO,Carthage,2026-08-22,,,2022,RV,Used,620,16.74,4.6,jweller,,19,13.24,2000,2000,false,,,14.24,Silver 1,Silver 1,1.17,0,,0,16775,664,Source One Financial Services,MO, jeremy nelson,0,0,MO104,Silver
251619,mlomedico,49212.66,204,Conditional Approval,Dicks RV - WI120,Markquart,WI,Arkansaw,2026-08-22,2026-08-22,,2019,RV,Used,706,41.2,3.97,dzilberchtein,,25,10.74,5000,6500,false,,,11.49,Core,Core,1.13,0,,0,43550,763,Source One Financial Services,MN, casey stanton,1,1,WI120,Core
251586,hhisek,47150.09,180,Decline,Fun Town RV- Waco-TX212,Fun Town,TX,Hewitt,2026-08-22,,,2027,RV,New,,43.86,11.35,gott,,7,12.49,4850,4850,false,,,13.49,Silver 1,Silver 1,1,0,,0,47374,676,Source One Financial Services,TX, tyler witt,0,0,TX212,Silver
251650,,85394.99,240,Auto Decline,Blue Compass RV - Danville - VA125,Blue Compass,VA,Ringgold,2026-08-22,,,2026,RV,New,,18.11,13.45,jsmith,,0,22.99,500,500,false,,,23.99,Bronze,Bronze,1.42,0,,0,60340,,Source One Financial Services,VA,,0,0,VA125,Business First
251556,mlomedico,44882.94,180,Auto Approval,United RV -TX228,,TX,Fort Worth,2026-08-22,2026-08-22,,2027,RV,New,777,44.72,3.92,gott,,23,7.49,0,0,false,,,9.24,Core,Core,1.09,0,,0,41005,807,Source One Financial Services,TX, brent sullivan,1,1,TX228,Core
251695,eavila,94505,240,Auto Approval,MAPLE GROVE RV - WA116,,WA,EVERETT,2026-08-22,2026-08-22,,2024,RV,Used,678,49.99,4.99,ljablonoski,,34,7.24,9200,9200,false,,,8.74,Core,Core,1.06,0,,0,89095,826,Source One Financial Services,WA,,1,1,WA116,Core
251552,hhisek,72336.01,240,Decline,Gil Cherry Family RV Center LLC -TX130,,TX,Sweetwater,2026-08-22,,,2026,RV,New,,1.58,0.52,gott,,11,9.99,7600,7600,false,,,11.49,Core,Core,1.08,0,,0,66886,705,Source One Financial Services,TX, brad walker,0,0,TX130,Core
251427,,31067.46,144,Auto Decline,Clear Creek Camping LLC-TX396,,TX,Abilene,2026-08-22,,,2026,RV,New,,7.95,2.81,gott,,0,22.99,0,10000,false,,,23.99,Bronze,Bronze,0.95,0,,0,32830,,Source One Financial Services,TX,,0,0,TX396,Business First
251511,lgrace,48651.27,180,Booked,Driftwood RV Center inc-NJ106,,NJ,Clermont,2026-08-22,2026-08-24,2026-08-24,2022,RV,Used,704,29.88,2.76,gcoulombe,3147,3131,10.24,5000,5000,false,15,1,11.74,Core,Core,0.96,2919.08,6,0,50850,736,Source One Financial Services,PA, craig miller,1,0,NJ106,Core
251600,mlomedico,40559,180,Approved,Mid Carolina Marine - ESC105,EPIC,SC,West Columbia,2026-08-22,2026-08-22,,2021,Boat,Used,767,31.95,2.06,S1House,,24,9.24,500,500,false,,,10.74,Core,Core,0.94,0,,0,43140,789,Source One Financial Services,SC, donavon evenson,1,1,ESC105,Core
251419,lgrace,46382,240,Approved,"Midwest RV and Vans, Inc. -IN137",Canopy Financial,IN,Terre Haute,2026-08-22,2026-08-22,,2027,RV,New,,39.97,5.91,jharrington1,,5,9.24,4000,4000,false,,,10.74,Core,Core,0.87,0,,0,53306,727,Source One Financial Services,IN, matt kurtz,1,1,IN137,Core
251502,avera,35627,180,Auto Approval,Coastal Marine - ESC118,EPIC,SC,Myrtle Beach,2026-08-22,2026-08-25,,2008,Boat,Used,,30.91,3.24,S1House,,4130,9.49,3600,3600,false,,,10.99,Core,Core,0.95,0,,0,37620,848,Source One Financial Services,GA, jp lixie,1,1,ESC118,Core
251443,,14407.36,144,Auto Decline,Bent's RV - LA117,,LA,Boutte,2026-08-22,,,2022,RV,Used,,13.34,6.5,gott,,0,22.99,1550,1550,false,,,23.99,Bronze,Bronze,1.19,0,,0,12100,609,Source One Financial Services,LA,,0,0,LA117,Business First
251466,mlomedico,25634.52,180,Auto Approval,Ashley Marine LLC - GA147,,GA,Columbus,2026-08-22,2026-08-22,,2026,Boat,New,785,29.51,1.3,jsmith,,22,7.49,2500,3250,false,,,8.99,Core,Core,1.22,0,,0,21056,857,Source One Financial Services,GA, tim holloway,1,1,GA147,Core
251624,hhisek,15728.13,120,Booked,American Truck and RV -TX337,,TX,SAN ANGELO,2026-08-22,2026-08-25,2026-08-25,2017,RV,Used,,27.65,2.92,gott,4248,4199,9.74,2000,2000,false,48,1,11.24,Core,Core,1.22,943.69,6,0,12850,780,Source One Financial Services,TX, hector martinez,1,0,TX337,Core
251424,avera,49791.82,180,Verifications Incomplete,ROTH RV - GRAND RAPIDS - MN164,,MN,GRAND RAPIDS,2026-08-22,2026-08-26,,2027,RV,New,761,39.7,5.51,dzilberchtein,,5899,7.49,1000,-15260.75,false,,2,8.99,Core,Core,1.49,2987.51,6,0,33474,857,Source One Financial Services,MN, nick dulong,1,1,MN164,Core
251423,Jhill,10157.2,120,Booked,Ashley Marine LLC - GA147,,GA,Columbus,2026-08-22,2026-08-25,2026-08-25,2026,Boat,New,733,1.07,0.74,jsmith,4659,4573,7.49,10000,11000,false,79,7,6.99,Core,Core,0.62,101.57,1,0,16380,822,Source One Financial Services,GA, shirley ashley,1,0,GA147,Core
251562,mlomedico,44472.29,180,Auto Approval,AC Nelsen RV World -MN5005,,MN,SHAKOPEE,2026-08-22,2026-08-22,,2025,RV,New,719,39.82,3.25,dzilberchtein,,27,7.49,0,0,false,,,8.99,Core,Core,1.09,0,,0,40875,844,Source One Financial Services,MN, eric scott,1,1,MN5005,Core
251417,Jhill,50458.29,180,Auto Approval,Fun Town RV Win LLC - OK109,Fun Town,OK,Thackerville,2026-08-22,2026-08-22,,2025,RV,New,,23.47,7.36,jweller,,36,8.74,6000,6000,false,,,10.24,Core,Core,0.86,0,,0,58374,763,Source One Financial Services,NM, rob miller,1,1,OK109,Core
251589,,52559.85,180,Auto Decline,HOWDY RANCH RV - TX315,,TX,Mathis,2026-08-22,,,2023,RV,Used,,30.07,14.48,gott,,0,22.99,40000,40000,false,,,23.99,Bronze,Bronze,0.66,0,,0,80000,609,Source One Financial Services,TX,,0,0,TX315,Business First
251464,lgrace,33899.14,144,Decline,Maxie Price RV - GA161,,GA,Loganville,2026-08-22,,,2027,RV,New,,8.14,7.62,jsmith,,105,10.24,3300,3300,false,,,11.74,Core,Not Applicable,0.87,0,,0,38898,684,Connexus Credit Union,GA, steven crawford,0,0,GA161,Not Applicable
251625,,10305.21,96,Cancelled,Rocky Ridge RV - Nacogdoches - TX525,Rocky Ridge,TX,Nacogdoches,2026-08-22,,,2015,RV,Used,,0,0,gott,,,22.99,6000,6000,false,,,23.99,Bronze,Bronze,0.81,0,,0,12650,,Source One Financial Services,TX, kolten archuleta,0,0,TX525,Business First
251699,,120995.58,240,Auto Decline,Holiday World of Houston -TX195,,TX,Katy,2026-08-22,,,2027,RV,New,,52.85,19.58,gott,,0,22.99,14000,14226,false,,,23.99,Bronze,Bronze,1.08,0,,0,112290,580,Source One Financial Services,TX,,0,0,TX195,Business First
251686,eavila,61907.65,240,Decline,OPTIMUM RV TX LLC - Robstown - TX481,Optimum RV,TX,ROBSTOWN,2026-08-22,,,2026,RV,New,,59.44,7.03,gott,,25,10.24,0,5000,false,,,11.74,Core,Core,0.93,0,,0,66525,693,Source One Financial Services,TX, josh brewer,0,0,TX481,Core
251436,lgrace,133052.24,240,Auto Approval,AEONrv - ENV100,EPIC,NV,Reno,2026-08-22,2026-08-24,,2026,RV,New,782,38.93,5.76,S1House,,2844,7.49,135000,135000,false,,,8.99,Core,Core,0.65,0,,0,203760,855,Source One Financial Services,CO, jp lixie,1,1,ENV100,Core
251531,avera,117274.79,240,Conditional Approval,REINEKE RV - LIMA - OH182,,OH,LIMA,2026-08-22,2026-08-22,,2026,RV,New,,21.69,4.05,jharrington1,,48,9.49,12500,12500,false,,,10.99,Core,Core,1.01,0,,0,116125,709,Source One Financial Services,TN, corey stone,1,1,OH182,Core
251547,Jhill,24761.78,144,Auto Approval,SMITH MOTOR CO OF HATTIESBURG INC - MS107,,MS,HATTIESBURG,2026-08-22,2026-08-22,,2026,Boat,Used,,24.78,4.99,jsmith,,40,9.49,0,0,false,,,10.99,Core,Core,0.96,0,,0,25800,756,Source One Financial Services,MS, elizabeth aycox,1,1,MS107,Core
251690,eavila,25380.7,204,Approved,Fun Town RV-Denton -TX322,Fun Town,TX,Denton,2026-08-22,2026-08-22,,2026,RV,New,666,36.35,1.88,gott,,5,8.99,2500,2500,false,,,10.49,Core,Core,1.02,0,,0,24817,744,Source One Financial Services,TX, douglas santos,1,1,TX322,Core
251492,Jhill,14863.25,144,Auto Approval,CAMPERS RV CENTER - LA103,,LA,SHREVEPORT,2026-08-22,2026-08-27,,2024,RV,New,789,29.49,1.66,gott,,7304,7.49,0,9500,false,,,7.99,Core,Core,0.54,0,,0,27570,835,Source One Financial Services,LA, dustin pinkston,1,1,LA103,Core
251457,hhisek,41905.71,180,Decline,Henderson Implement and Marine- LA116,,LA,Lake Charles,2026-08-22,,,2020,Boat,Used,613,58.99,8.8,gott,,2,9.99,0,0,false,,,11.49,Core,Core,1.12,0,,0,37255,749,Source One Financial Services,LA, corey harmon,0,0,LA116,Core
251672,mlomedico,28213.27,180,Approved,GREAT AMERICAN RV SUPERSTORE-HATTIESBURG - MS113,,MS,HATTIESBURG,2026-08-22,2026-08-22,,2026,RV,New,803,33.95,4.37,jsmith,,40,7.49,6000,6000,false,,,8.99,Core,Core,0.78,0,,0,36345,813,Source One Financial Services,MS, ryan campbell,1,1,MS113,Core
251665,mlomedico,14561.57,120,Auto Approval,Blue Compass RV - Tucson - AZ364,Blue Compass,AZ,Tucson,2026-08-22,2026-08-24,,2018,RV,Used,,28.53,3.04,edominguez,,2903,13.74,1380,1380,false,,,14.74,Silver 1,Silver 1,1.19,0,,0,12250,672,Source One Financial Services,AZ, ambez miran,1,1,AZ364,Silver
251406,lgrace,77502.29,240,Auto Approval,Premier Watersports - Gallatin - ETN132,EPIC,TN,Gallatin,2026-08-22,2026-08-22,,2024,Boat,Used,,41.28,5.7,S1House,,178,9.49,7750,7750,false,,,10.99,Core,Core,0.89,0,,0,86700,704,Source One Financial Services,MS, jp lixie,1,1,ETN132,Core
251700,hhisek,53150.95,240,Conditional Approval,Blue Compass RV - Austin - TX522,Blue Compass,TX,Buda,2026-08-22,2026-08-24,,2026,RV,New,,30.44,3.51,gott,,2243,9.99,2600,2600,false,,,11.49,Core,Core,1,0,,0,53345,696,Source One Financial Services,TX, caleb munoz,1,1,TX522,Core
251564,hhisek,74274.11,240,Decline,BISH'S RV OF CHEYENNE - WY100,Bish's RV,WY,CHEYENNE,2026-08-22,,,2026,RV,New,577,46.57,4.02,dzilberchtein,,17,7.49,7000,7000,false,,,8.99,Core,Core,0.86,0,,0,85935,849,Source One Financial Services,CO, todd miillsap,0,0,WY100,Core
251425,hhisek,39069.69,180,Conditional Approval,Greeneway RV Sales -WI441,,WI,Wisconsin Rapids,2026-08-22,2026-08-22,,2022,RV,Used,676,9.3,2.45,dzilberchtein,,16,10.74,9000,9000,false,,,12.24,Core,Core,0.92,0,,0,42500,683,Source One Financial Services,WI, cole pearson,1,1,WI441,Core
251500,mlomedico,46786,240,Auto Approval,BAY MARINE INC - GA103,,GA,KENNESAW,2026-08-22,2026-08-25,,2023,Boat,New,,22.08,3.45,jsmith,,4657,10.49,7000,7000,false,,,11.99,Core,Core,0.82,0,,0,57025,702,Source One Financial Services,GA, angi bruton,1,1,GA103,Core
251495,avera,47275.81,180,Auto Approval,Driftwood RV Center inc-NJ106,,NJ,Clermont,2026-08-22,2026-08-22,,2022,RV,Used,704,29.82,2.7,gcoulombe,,38,10.24,5000,5000,false,,,11.74,Core,Core,0.93,0,,0,50850,736,Source One Financial Services,PA, craig miller,1,1,NJ106,Core
251526,hhisek,98059.69,180,Decline,Texas Marine - Clear Lake -TX354,OneWater,TX,SEABROOK,2026-08-22,,,2026,Boat,New,,18.22,15.15,gott,,7,13.74,37000,37000,false,,,14.74,Silver 1,Silver 1,0.93,0,,0,105834,651,Source One Financial Services,TX, seth franco,0,0,TX354,Silver
251512,Jhill,27063.58,180,Booked,GREAT AMERICAN RV SUPERSTORE-CALERA - AL143,,AL,CALERA,2026-08-22,2026-08-25,2026-08-25,2026,RV,New,,25.09,2.83,jsmith,4537,4522,9.74,0,2672.53,false,14,1,11.24,Core,Core,1.34,1623.81,6,0,20270,721,Source One Financial Services,AL, mike lindemood,1,0,AL143,Core
251483,,59238.9,240,Auto Decline,La Mesa RV Center - Sanford - FL315,La Mesa,FL,Sanford,2026-08-22,,,2024,RV,Used,,33.91,9.42,pcarter,,0,22.99,50000,50000,false,,,23.99,Bronze,Bronze,0.54,0,,0,110660,595,Source One Financial Services,FL,,0,0,FL315,Business First
251689,mlomedico,18197.66,144,Booked,Fun Town RV - Indianapolis - IN215,Fun Town,IN,Edinburgh,2026-08-22,2026-08-26,2026-08-26,2022,RV,Used,750,26.37,2.35,jharrington1,5607,5582,8.49,2500,2500,false,14,11,7.39,Core,Core,0.91,181.98,1,0,19950,787,Source One Financial Services,IN, chase ackeret,1,0,IN215,Core
251461,lgrace,11028.25,120,Auto Approval,COASTAL RV - VA102,,VA,CARROLLTON,2026-08-22,2026-08-22,,2020,RV,Used,,16.1,2.62,jsmith,,8,10.74,0,8700,false,,,12.49,Core,Core,0.6,0,,0,18500,696,Source One Financial Services,VA, ron beagle,1,1,VA102,Core
251707,lgrace,102468.24,144,Decline,East Coast Campers & More - DE103,,DE,Frankford,2026-08-22,,,2027,RV,New,639,21.71,6.88,gcoulombe,,872,7.49,23400,23400,false,,,8.99,Core,Core,0.82,0,,0,125395,807,Source One Financial Services,PA, terry spencer,0,0,DE103,Core
251598,hhisek,32768.22,216,Auto Approval,Blue Compass RV - Katy - TX571,Blue Compass,TX,Katy,2026-08-22,2026-08-22,,2026,RV,New,,37.82,3.06,gott,,92,10.24,1600,1600,false,,,11.74,Core,Core,0.82,0,,0,40080,684,Source One Financial Services,TX, eddie johnson,1,1,TX571,Core
251504,hhisek,47670.96,144,Decline,FUN TOWN RV OK LLC - OK121,Fun Town,OK,OKLAHOMA CITY,2026-08-22,,,2026,RV,New,,26.65,5.39,jweller,,48,12.49,5000,5000,false,,,13.49,Silver 1,Not Applicable,0.88,0,,0,54401,665,Connexus Credit Union,TX, calvin mullins,0,0,OK121,Not Applicable
251440,Jhill,145402.73,240,Decline,RV Station LTD- Katy -TX290,,TX,Katy,2026-08-22,,,2026,RV,New,663,42.24,11.12,gott,,16,9.99,15000,23000,false,,,11.49,Core,Core,1.1,0,,0,132300,709,Source One Financial Services,TX, jose acosta,0,0,TX290,Core
251477,eavila,48657.5,180,Auto Approval,"CAMPERS INN RV OF CHARLESTON, INC - SC110",Campers Inn,SC,MONCKS CORNER,2026-08-22,2026-08-26,,2026,RV,New,,13.35,2.85,jsmith,,5713,7.89,0,5647,false,,,8.64,Silver 1,Not Applicable,1.1,0,,0,44230,665,Ideal Credit Union,SC, ryan semerau,1,1,SC110,Not Applicable
251673,mlomedico,49900,204,Conditional Approval,Bradford Marine & ATV-North Little Rock-AR141,Bradford Marine,AR,N. Little Rock,2026-08-22,2026-08-22,,2024,Boat,New,,36.92,3.79,jweller,,6,10.24,5000,5000,false,,,11.74,Core,Core,0.88,0,,0,56805,696,Source One Financial Services,AR, robby voss,1,1,AR141,Core
251447,hhisek,15869.75,120,Decline,CAMPERS RV CENTER - LA103,,LA,SHREVEPORT,2026-08-22,,,2024,RV,New,,72.75,5.26,gott,,4,7.49,0,9500,false,,,8.99,Core,Core,0.58,0,,0,27570,835,Source One Financial Services,LA, dustin pinkston,0,0,LA103,Core
251648,mlomedico,44492.42,204,Conditional Approval,Blue Compass RV - Charlotte - NC153,Blue Compass,NC,Concord,2026-08-22,2026-08-22,,2020,RV,Used,655,39.95,3.37,jsmith,,71,10.74,6200,8700,false,,,12.24,Core,Core,1.16,0,,0,38500,685,Source One Financial Services,NC, alex kottenstette,1,1,NC153,Core
251573,Jhill,50047.32,204,Decline,Blue Compass RV - Colorado Springs - CO160,Blue Compass,CO,COLORADO SPRINGS,2026-08-22,,,2018,RV,Used,,31.94,9.3,dzilberchtein,,14,10.99,5500,5500,false,,,12.49,Core,Core,0.91,0,,0,55150,720,Source One Financial Services,CO, brandan montera,0,0,CO160,Core
251626,eavila,74841,216,Auto Approval,Smith RV & Marine - ID112,,ID,Idaho Falls,2026-08-22,2026-08-22,,2026,RV,New,665,44.5,5.63,ljablonoski,,124,8.74,0,9000,false,,,9.99,Core,Core,1.14,0,,0,65693,751,Source One Financial Services,WY,,1,1,ID112,Core
251684,eavila,47192.71,204,Approved,Blue Compass RV - South Beumont - TX551,Blue Compass,TX,Vidor,2026-08-22,2026-08-22,,2026,RV,New,734,36.43,2.14,gott,,39,9.49,0,0,false,,,10.99,Core,Core,1.01,0,,0,46867,747,Source One Financial Services,TX, brazos hesskew,1,1,TX551,Core
251539,,41382.66,180,Auto Decline,ROCKY MOUNTAIN RV and MARINE - NM101,,NM,ALBUQUERQUE,2026-08-22,,,2027,RV,New,,75.29,7.94,edominguez,,0,12.49,0,0,false,,,13.49,Silver 1,Silver 1,1.05,0,,0,39410,668,Source One Financial Services,NM,,0,0,NM101,Silver
251468,Jhill,29725.35,144,Decline,Bent's RV - LA117,,LA,Boutte,2026-08-22,,,2026,RV,New,,36.51,9.44,gott,,25,13.74,2500,2500,false,,,14.74,Silver 1,Silver 1,0.87,0,,0,34096,659,Source One Financial Services,LA, matthew hollifield,0,0,LA117,Silver
251638,Jhill,120318.55,240,Auto Approval,Campers Inn - Ocala - FL158,Campers Inn,FL,Ocala,2026-08-22,2026-08-24,,2027,RV,New,,38.37,7.5,pcarter,,2586,8.99,19000,27800,false,,,10.49,Core,Core,1.3,0,,0,92647,742,Source One Financial Services,FL, aaron brown,1,1,FL158,Core
251697,jrubi,33013.06,180,Decline,Blue Compass RV - Santee - SCA168,Blue Compass,CA,Santee,2026-08-22,,,2021,RV,Used,688,59.24,5.27,jrubi,,1062,10.24,10000,10000,false,,,11.74,Core,Core,0.98,0,,0,33700,737,Source One Financial Services,CA, brian breinig,0,0,SCA168,Core
251530,Jhill,50826.36,204,Auto Approval,JEFF COUCHS CAMPERS -OH107,Jeff Couchs,OH,Trenton,2026-08-22,2026-08-22,,2027,RV,New,,30.4,4.57,jharrington1,,54,10.24,2000,2000,false,,,11.74,Core,Core,0.97,0,,0,52420,688,Source One Financial Services,OH, bryon spencer,1,1,OH107,Core
251523,,26260,180,Auto Decline,AC Nelsen RV World - NE103,,NE,Omaha,2026-08-22,,,2025,RV,New,,8.09,6.69,dzilberchtein,,0,14.99,1000,1000,false,,,15.99,Silver 2,Silver 2,0.8,0,,0,32699,634,Source One Financial Services,NE,,0,0,NE103,Silver
251671,,151600.82,240,Auto Decline,General RV - Tampa - FL238,General RV,FL,Dover,2026-08-22,,,2026,RV,New,,49.61,20.31,wstoutimore,,34,22.99,0,0,false,,,23.99,Bronze,Core,0.92,0,,0,164763,742,Source One Financial Services,NE, christopher coleman,0,0,FL238,Business First
251488,hhisek,64748,180,Conditional Approval,Nine Powersports - OK160,,OK,Eufaula,2026-08-22,2026-08-22,,2026,Boat,New,,37.27,11.81,jweller,,83,9.49,7500,7500,false,,,10.24,Core,Not Applicable,0.9,0,,0,71945,693,Connexus Credit Union,OK, joshua brock,1,1,OK160,Not Applicable
251543,mlomedico,46216,180,Auto Approval,Giant RV - Montclair - SCA155,Giant RV,CA,Montclair,2026-08-22,2026-08-22,,2017,RV,New,,21.79,4.53,jrubi,,30,8.49,10000,10000,false,,,9.99,Core,Core,1,0,,0,46284,809,Source One Financial Services,CA, julio sanchez,1,1,SCA155,Core
251463,,38182.39,180,Auto Decline,LDRV of Tampa - FL340,Campers Inn,FL,Seffner,2026-08-22,,,2019,RV,Used,,45.39,7.18,wstoutimore,,0,16.24,1500,1500,false,,,17.24,Silver 2,Silver 2,0.69,0,,0,55440,633,Source One Financial Services,FL,,0,0,FL340,Silver
251591,avera,69084.06,240,Verifications Incomplete,Walnut Ridge Family RV Sales -IN101,,IN,New Castle,2026-08-22,2026-08-26,,2027,RV,New,825,49.98,5.57,jharrington1,,5972,7.24,1000,1000,false,,0,8.74,Core,Core,1.49,0,,0,46512,851,Source One Financial Services,IN, jesse trennepohl,1,1,IN101,Core
251705,hhisek,78588.21,204,Auto Approval,"RV COUNTRY ARIZONA, LLC - FLAGSTAFF -AZ332",RV Country,AZ,FLAGSTAFF,2026-08-22,2026-08-24,,2023,RV,Used,682,40.09,6.19,edominguez,,2664,7.99,3150,3862,false,,,9.49,Core,Core,1,0,,0,78600,822,Source One Financial Services,AZ, kevin mccoy,1,1,AZ332,Core
251514,Jhill,31875.64,180,Auto Approval,"LEACH CAMPER SALES, INC. -IA208",,IA,COUNCIL BLUFFS,2026-08-22,2026-08-22,,2015,RV,Used,715,18.8,2.2,gcoulombe,,26,10.74,3500,3500,false,,,12.24,Core,Core,1.06,0,,0,30030,728,Source One Financial Services,NE, clint ingalls,1,1,IA208,Core
251622,mlomedico,37489.52,180,Decline,Humphrey RV - CO108,,CO,Grand Junction,2026-08-22,,,2019,RV,Used,602,35.42,6.57,dzilberchtein,,28,13.74,6000,6000,false,,,14.74,Silver 1,Silver 1,1.09,0,,0,34400,665,Source One Financial Services,CO, kevin taiclet,0,0,CO108,Silver
251571,eavila,54539.5,204,Auto Approval,Blue Compass RV - Reno - NV119,Blue Compass,NV,Reno,2026-08-22,2026-08-22,,2026,RV,New,675,40.75,1.91,ljablonoski,,74,7.99,0,0,false,,,8.99,Core,Core,1.09,0,,0,50146,772,Source One Financial Services,NV, brina rounds,1,1,NV119,Core
251521,lgrace,39480.88,180,Auto Approval,Smithville Marine EMO102,EPIC,MO,Smithville,2026-08-22,2026-08-27,,2026,Boat,New,,12.55,1.99,S1House,,7166,8.64,2100,12100,false,,,9.64,Silver 1,Not Applicable,0.75,0,,0,52597,672,Ideal Credit Union,MO, jp lixie,1,1,EMO102,Not Applicable
251575,,33881,180,Auto Decline,RV VALUE MART- PA101,,PA,MANHEIM,2026-08-22,,,2019,RV,Used,,45.28,13.1,jharrington1,,0,22.99,10000,10000,false,,,23.99,Bronze,Bronze,0,0,,0,0,581,Source One Financial Services,PA,,0,0,PA101,Business First
251519,,41155.61,240,Auto Decline,General RV - Richmond - VA117,General RV,VA,Ashland,2026-08-22,,,2024,RV,Used,,53.85,18.24,jsmith,,0,22.99,8500,8500,false,,,23.99,Bronze,Bronze,0.68,0,,0,60665,587,Source One Financial Services,VA,,0,0,VA117,Business First
251401,hhisek,19624.73,144,Auto Approval,Sundown Marine Inc. - EOK109,EPIC,OK,Glenpool,2026-08-22,2026-08-22,,2027,Boat,New,,33.73,6.85,S1House,,316,12.24,2500,2500,false,,,13.24,Silver 1,Silver 1,1.04,0,,0,18960,673,Source One Financial Services,OK, jp lixie,1,1,EOK109,Silver
251482,hhisek,15333.5,144,Auto Approval,Razorback Camper Sales-AR130,,AR,Hot Springs,2026-08-22,2026-08-25,,2014,RV,Used,,8.85,3.53,jweller,,4353,11.49,1600,1600,false,,,12.99,Core,Core,0.93,0,,0,16400,716,Source One Financial Services,AR, doug johnson,1,1,AR130,Core
251572,avera,44933.32,216,Conditional Approval,Blue Compass RV - Winston-Salem - NC159,Blue Compass,NC,Rural Hall,2026-08-22,2026-08-22,,2021,RV,Used,705,38.82,4.79,jsmith,,18,9.99,11500,12501,false,,,11.49,Core,Core,1.15,0,,0,39100,718,Source One Financial Services,NC, jamal bailey,1,1,NC159,Core
251565,avera,14783.23,120,Conditional Approval,Blue Compass RV - Macon - GA157,Blue Compass,GA,Byron,2026-08-22,2026-08-22,,2019,RV,Used,,7.19,6.46,jsmith,,21,11.24,1500,1500,false,,,12.74,Core,Core,0.8,0,,0,18500,681,Source One Financial Services,GA, zach carmichael,1,1,GA157,Core
251435,,61096.58,240,Auto Decline,National RV Detroit -MI147,Selvius RV,MI,Belleville,2026-08-22,,,2026,RV,New,,4.22,1.13,dzilberchtein,,7,22.99,6000,6000,false,,,23.99,Bronze,Silver 2,1.6,0,,0,38135,639,Source One Financial Services,CA, kyler rilett,0,0,MI147,Business First
251535,hhisek,14232.27,120,Decline,BLUE COMPASS RV - FT WORTH - TX420,Blue Compass,TX,Fort Worth,2026-08-22,,,2017,RV,Used,,15.93,2.59,gott,,8,10.74,4000,4000,false,,,12.24,Core,Core,0.97,0,,0,14700,733,Source One Financial Services,TX, shane smith,0,0,TX420,Core
251460,mlomedico,23790,180,Booked,LAKE CUMBERLAND MARINE - KY134,,KY,SOMERSET,2026-08-22,2026-08-23,2026-08-26,2022,Boat,Used,,21.18,3.1,jharrington1,5929,1721,7.99,2283.88,2283.88,false,4207,1,9.49,Core,Core,1,1427.4,6,0,23790,855,Source One Financial Services,KY, amanda hopson,1,0,KY134,Core
251520,eavila,21981.94,168,Booked,SANTA PAULA RV - SCA173,,CA,Santa Paula,2026-08-22,2026-08-22,2026-08-26,2027,RV,New,,45.33,1.56,jrubi,5882,86,9.49,2000,2000,false,5790,6,10.99,Core,Core,1.35,1318.92,6,0,16235,747,Source One Financial Services,CA, justin simas,1,0,SCA173,Core
251701,hhisek,39600,180,Decline,RNR RV CENTER - SPOKANE - WA150,,WA,Spokane,2026-08-22,,,2014,RV,Used,,33.5,14.98,ljablonoski,,2260,15.49,14500,14500,false,,,16.49,Silver 1,Silver 1,0,0,,0,0,657,Source One Financial Services,WA,,0,0,WA150,Silver
251496,,39030,180,Auto Decline,"Kris Willis RV, LLC -MO127",,MO,Dexter,2026-08-22,,,2026,RV,Used,,54.38,20.25,jweller,,0,22.99,0,0,false,,,23.99,Bronze,Bronze,1.16,0,,0,33750,548,Source One Financial Services,MO,,0,0,MO127,Business First
251567,,31998,180,Auto Decline,UNLIMITED RV - MO192,,MO,INDEPENDENCE,2026-08-22,,,2026,RV,Used,,65.62,17.03,jweller,,11,22.99,11000,11000,false,,,23.99,Bronze,Bronze,1.03,0,,0,31130,618,Source One Financial Services,KS, bill king,0,0,MO192,Business First
251558,mlomedico,16480,144,Approved,Bradford Marine & ATV-North Little Rock-AR141,Bradford Marine,AR,N. Little Rock,2026-08-22,2026-08-22,,2027,Boat,New,756,2.18,1.6,jweller,,6,7.49,15000,15000,false,,,8.99,Core,Core,0.64,0,,0,25929,815,Source One Financial Services,AR, robby voss,1,1,AR141,Core
251507,hhisek,75782.58,180,Decline,Harvey RV and Marine - ME112,,ME,Glenburn,2026-08-22,,,2026,RV,New,662,43.58,7.97,gcoulombe,,7,10.24,4500,8500,false,,,11.74,Core,Core,0.98,0,,0,77035,691,Source One Financial Services,ME, tony shorey,0,0,ME112,Core
251610,mlomedico,32398,180,Decline,American RV Center - IN219,,IN,Evansville,2026-08-22,,,2027,RV,New,649,48.82,4.23,jharrington1,,6,12.49,5000,5000,false,,,13.49,Silver 1,Silver 1,0.96,0,,0,33628,675,Source One Financial Services,IL, richard caddell,0,0,IN219,Silver
251580,eavila,55054,144,Decline,Campinc LLC - OK110,,OK,McAlester,2026-08-22,,,2024,RV,New,,81.36,9.97,jweller,,8,10.24,0,105,false,,,11.74,Core,Core,1.19,0,,0,46209,693,Source One Financial Services,OK, jack elgin,0,0,OK110,Core
251664,,12758,120,Auto Decline,WADES RV SUPERCENTER - OK114,,OK,GLENPOOL,2026-08-22,,,2017,RV,Used,,36.73,4.19,jweller,,0,16.24,2300,2300,false,,,17.24,Silver 2,Silver 2,1,0,,0,12760,637,Source One Financial Services,OK,,0,0,OK114,Silver
251431,mlomedico,45484.42,180,Decline,ROCKY MOUNTAIN RV and MARINE - NM101,,NM,ALBUQUERQUE,2026-08-22,,,2026,RV,New,575,55.25,6.12,edominguez,,18,10.24,0,0,false,,,11.74,Core,Core,1.04,0,,0,43576,684,Source One Financial Services,NM, bianca mcclaskey,0,0,NM101,Core
251606,hhisek,16996.45,144,Decline,AMERICA GO RV (Seguin) -TX419,,TX,SEGUIN,2026-08-22,,,2015,RV,Used,,19.39,4.43,gott,,17,10.99,10000,10000,false,,,12.49,Core,Core,0.47,0,,0,36100,708,Source One Financial Services,TX, matthew miehle,0,0,TX419,Core
251680,eavila,35465,180,Auto Approval,GARLANDS RV OF TENNESSEE - TN122,,TN,SPRINGVILLE,2026-08-22,2026-08-22,,2027,RV,New,664,34.07,7.23,jsmith,,23,12.49,3900,14918,false,,,13.49,Silver 1,Silver 1,1.06,0,,0,33544,662,Source One Financial Services,TN, pat hayes,1,1,TN122,Silver
251642,mlomedico,11602.01,120,Conditional Approval,BISH'S RV OF CHEYENNE - WY100,Bish's RV,WY,CHEYENNE,2026-08-22,2026-08-22,,2011,RV,Used,,31.86,1.05,dzilberchtein,,38,8.99,4000,4000,false,,,10.49,Core,Core,1.07,0,,0,10800,815,Source One Financial Services,CO, todd miillsap,1,1,WY100,Core
251660,Jhill,68876.85,240,Conditional Approval,Blue Compass RV - Tyler - TX552,Blue Compass,TX,Tyler,2026-08-22,2026-08-22,,2026,RV,New,,40.94,6.22,gott,,40,7.49,6000,13500,false,,,8.99,Core,Core,1.3,0,,0,53048,819,Source One Financial Services,TX, brian vaseleck,1,1,TX552,Core
251670,Jhill,39150.84,180,Auto Approval,Hamilton RV -MI140,Selvius RV,MI,Lumberton,2026-08-22,2026-08-24,,2026,RV,New,737,24.04,3.16,dzilberchtein,,2433,9.49,1200,1200,false,,,10.99,Core,Core,1.3,0,,0,30124.68,752,Source One Financial Services,MI, ben sexton,1,1,MI140,Core
251407,lgrace,30386.19,204,Approved,Ultimate Marine - EFL121,EPIC,FL,Orlando,2026-08-22,2026-08-22,,2026,Boat,New,,43.24,3.34,S1House,,7,12.49,3300,3300,false,,,13.49,Silver 1,Silver 1,1.12,0,,0,27065,672,Source One Financial Services,FL, donavon evenson,1,1,EFL121,Silver
251587,ahunt,33528,180,Auto Approval,CRABTREE RV CENTER INC - AR101,,AR,ALMA,2026-08-22,2026-08-22,,2027,RV,New,,23.74,4.25,jweller,,14,9.49,0,0,false,,,10.99,Core,Core,0.93,0,,0,36163,744,Source One Financial Services,OK, taylor joyce,1,1,AR101,Core
251479,hhisek,24439.56,180,Decline,Rocky Ridge RV - Tyler - TX574,Rocky Ridge,TX,Tyler,2026-08-22,,,2017,RV,Used,635,10.68,4.22,gott,,9,14.99,2500,2500,false,,,15.99,Silver 1,Silver 1,0.84,0,,0,29200,643,Source One Financial Services,TX, brandon barsh,0,0,TX574,Silver
251469,hhisek,19255.69,144,Auto Approval,RV DEPOT LLC - FL188,,FL,THONOTOSASSA,2026-08-22,2026-08-25,,2018,RV,Used,623,43.78,4.62,wstoutimore,,4191,10.49,3000,3000,false,,,11.99,Core,Core,0.71,0,,0,27000,750,Source One Financial Services,FL, valon topalli,1,1,FL188,Core
251470,,43676.94,180,Auto Decline,RV Station LTD - Donna -TX289,,TX,Donna,2026-08-22,,,2025,RV,New,,26.49,4.89,gott,,0,22.99,4500,4500,false,,,23.99,Bronze,Bronze,0.89,0,,0,49145,615,Source One Financial Services,TX,,0,0,TX289,Business First
251517,lgrace,34139.92,240,Decline,Blue Compass RV - Raleigh - NC157,Blue Compass,NC,Raleigh,2026-08-22,,,2027,RV,New,,49.84,3.93,jsmith,,45,13.74,15000,17000,false,,,14.74,Silver 1,Silver 1,0.76,0,,0,45052,657,Source One Financial Services,NC, kayla bays,0,0,NC157,Silver
251633,mlomedico,63121.75,204,Booked,Blue Compass RV - Prescott Valley - AZ362,Blue Compass,AZ,PRESCOTT VALLEY,2026-08-22,2026-08-25,2026-08-27,2021,RV,Used,,44.8,14.17,edominguez,7304,4532,10.74,6000,6000,false,2772,0,12.24,Core,Core,1.05,3787.3,6,0,60300,685,Source One Financial Services,AZ, michael bennett,1,0,AZ362,Core
251462,hhisek,41727,180,Auto Approval,"APACHE CAMPING CENTER, INC - EVERETT - WA113",,WA,EVERETT,2026-08-22,2026-08-24,,2026,RV,New,652,32.58,3.47,ljablonoski,,3328,13.74,12000,12000,false,,,14.74,Silver 1,Silver 1,1.01,0,,0,41211,646,Source One Financial Services,WA,,1,1,WA113,Silver
251629,,10305.21,120,Cancelled,Rocky Ridge RV - Nacogdoches - TX525,Rocky Ridge,TX,Nacogdoches,2026-08-22,,,2015,RV,Used,,0,0,gott,,,22.99,6000,6000,false,,,23.99,Bronze,Bronze,0.81,0,,0,12650,,Source One Financial Services,TX, kolten archuleta,0,0,TX525,Business First
251513,ahunt,22945,144,Auto Approval,Bills Happy Camper Rv LLC-PA135,Warrior Performance,PA,Mill Hall,2026-08-22,2026-08-22,,2027,RV,New,,16.54,2.42,jharrington1,,85,9.74,0,0,false,,,11.24,Core,Core,1.08,0,,0,21148,737,Source One Financial Services,PA, nate rose,1,1,PA135,Core
251659,Jhill,28758.15,240,Decline,BLUE COMPASS RV - LUBBOCK - TX117,Blue Compass,TX,Lubbock,2026-08-22,,,2027,RV,New,,42.42,11.04,gott,,28,13.74,3500,3500,false,,,14.74,Silver 1,Silver 1,0.87,0,,0,33175,659,Source One Financial Services,TX, walker hale,0,0,TX117,Silver
251475,Jhill,20603,180,Decline,GARLANDS RV OF TENNESSEE - TN122,,TN,SPRINGVILLE,2026-08-22,,,2027,RV,New,,51.43,4.83,jsmith,,25,9.99,2000,2000,false,,,11.49,Core,Core,0.74,0,,0,27736,708,Source One Financial Services,TN, pat hayes,0,0,TN122,Core
251448,avera,22725.45,120,Conditional Approval,RV THERE YET - FL265,,FL,ST. AUGUSTINE,2026-08-22,2026-08-22,,2025,RV,Used,,13.94,3.85,pcarter,,74,9.99,3000,3000,false,,,10.49,Core,Not Applicable,1,0,,0,22800,690,Connexus Credit Union,FL, larry cowart,1,1,FL265,Not Applicable
251620,hhisek,63161.46,280,Decline,AMERICA GO RV (Seguin) -TX419,,TX,SEGUIN,2026-08-22,,,2021,RV,Used,516,11.14,1.83,gott,,2967,7.99,0,0,false,,,9.49,Core,Core,1.11,0,,0,56700,803,Source One Financial Services,TN, russell mccune,0,0,TX419,Core
251545,hhisek,21179.48,144,Booked,FUN TOWN RV SAN ANTONIO LP - TX465,Fun Town,TX,CIBOLO,2026-08-22,2026-08-22,2026-08-26,2026,RV,New,,29.93,3.9,gott,5879,366,12.49,1540,1540,false,43,5470,13.49,Silver 1,Silver 1,1.39,847.18,4,0,15281,678,Source One Financial Services,TX, connor johnson,1,0,TX465,Silver
251528,hhisek,128379.37,216,Booked,WADES RV SUPERCENTER - OK114,,OK,GLENPOOL,2026-08-22,2026-08-26,2026-08-26,2026,RV,New,627,24.01,14.75,jweller,5902,5884,10.24,26000,26000,false,17,1,11.74,Core,Core,1.04,7702.76,6,0,122881,699,Source One Financial Services,OK, glenpool knowlton,1,0,OK114,Core
251584,lgrace,36929,180,Decline,PALMETTO BOAT CENTER INC - SC101,,SC,PIEDMONT,2026-08-22,,,2016,Boat,Used,,27.12,5.46,jsmith,,22,14.99,4100,4100,false,,,15.99,Silver 1,Silver 1,1.03,0,,0,35915,651,Source One Financial Services,SC, zach whitehead,0,0,SC101,Silver
251553,hhisek,18821.9,144,Conditional Approval,ROSS MOTORSPORTS INC - TX457,,TX,LUFKIN,2026-08-22,2026-08-22,,2026,Boat,New,,22.98,1.96,gott,,21,10.24,3000,3000,false,,,11.74,Core,Core,1.06,0,,0,17795.85,688,Source One Financial Services,TX, ryan williams,1,1,TX457,Core
251607,mlomedico,23351.43,180,Decline,Optimum RV Bushnell - FL163,Optimum RV,FL,Bushnell,2026-08-22,,,2023,RV,Used,,32.07,7.31,wstoutimore,,17,13.24,1000,5000,false,,,14.24,Silver 1,Silver 1,0.61,0,,0,38485,675,Source One Financial Services,FL, presley wallace,0,0,FL163,Silver
251581,mlomedico,39604.81,180,Conditional Approval,Bailey Toliver RV and Truck Country LLC -TX369,,TX,STANTON,2026-08-22,2026-08-22,,2023,RV,Used,,22.53,6.45,gott,,19,10.74,4070,4070,false,,,12.24,Core,Core,1.01,0,,0,39200,693,Source One Financial Services,TX, jim barben,1,1,TX369,Core
251706,jrubi,23334.42,180,Decline,Sky River RV - Santa Maria - SCA148,SkyRiver,CA,Santa Maria,2026-08-22,,,2024,RV,Used,,32.37,6.75,jrubi,,890,9.74,2500,2500,false,,,11.24,Core,Core,1.09,0,,0,21500,740,Source One Financial Services,CA, nilton silveira,0,0,SCA148,Core
251508,hhisek,25323.31,180,Decline,Golden Triangle Homes and RV Inc -TX179,,TX,Vidor,2026-08-22,,,2026,RV,New,,16.42,5.68,gott,,4,13.74,0,0,false,,,14.74,Silver 1,Silver 1,1,0,,0,25220,648,Source One Financial Services,TX, jeremiah harrington,0,0,TX179,Silver
251609,lgrace,61014.5,240,Decline,"Campers Inn RV of Myrtle Beach, Inc - SC109",Campers Inn,SC,Myrtle Beach,2026-08-22,,,2026,RV,New,,61.37,9.73,jsmith,,12,9.74,0,19000,false,,,11.24,Core,Core,0.76,0,,0,80452.6,732,Source One Financial Services,SC, dion sexton,0,0,SC109,Core
251688,mlomedico,101619.25,180,Conditional Approval,Fun Town RV-Denton -TX322,Fun Town,TX,Denton,2026-08-22,2026-08-22,,2026,RV,New,808,19,4.5,gott,,7,7.49,25000,-23902.39,false,,,8.99,Core,Core,1.2,0,,0,84851,846,Source One Financial Services,TX, douglas santos,1,1,TX322,Core
251702,,15701.3,144,Auto Decline,Blue Compass RV - Albuquerque - NM112,Blue Compass,NM,Albuquerque,2026-08-22,,,2022,RV,Used,,104.47,5.76,edominguez,,0,22.99,1600,1600,false,,,23.99,Bronze,Bronze,1.13,0,,0,13900,596,Source One Financial Services,NM,,0,0,NM112,Business First
251569,hhisek,40425,180,Conditional Approval,SMITH MOTOR CO OF HATTIESBURG INC - MS107,,MS,HATTIESBURG,2026-08-22,2026-08-22,,2027,Boat,New,641,39.05,4.44,jsmith,,4,10.74,4075,4075,false,,,11.74,Core,Core,1.04,0,,0,38711,682,Source One Financial Services,LA, lisa hartfield,1,1,MS107,Core
251557,hhisek,32586,180,Auto Approval,OCEAN MARINE GROUP - OCEAN SPRINGS - MS103,,MS,OCEAN SPRINGS,2026-08-22,2026-08-22,,2023,Boat,Used,694,18.93,3.87,jsmith,,26,9.99,3800,3800,false,,,11.49,Core,Core,0.95,0,,0,34230,755,Source One Financial Services,MS, susan battaile,1,1,MS103,Core
251662,mlomedico,136725.76,240,Decline,La Mesa RV Center - Albuquerque - NM109,La Mesa,NM,Albuquerque,2026-08-22,,,2027,RV,New,681,35.99,14.27,edominguez,,17,8.99,20000,20000,false,,,10.49,Core,Core,0.98,0,,0,139160,752,Source One Financial Services,NM, alfredo franco,0,0,NM109,Core
251437,avera,16414.02,168,Conditional Approval,MOUNTAINEER RV and OUTDOOR CENTER - WV102,,WV,JANE LEW,2026-08-22,2026-08-22,,2026,RV,New,652,37.73,2.36,jharrington1,,28,10.24,0,0,false,,,11.74,Core,Core,1.1,0,,0,14955.9,685,Source One Financial Services,WV, leslie posey,1,1,WV102,Core
251668,mlomedico,31146.44,180,Approved,Fun Town RV - Indianapolis - IN215,Fun Town,IN,Edinburgh,2026-08-22,2026-08-22,,2023,RV,Used,822,26.45,2.27,jharrington1,,12,7.99,0,0,false,,,9.49,Core,Core,0.92,0,,0,33800,828,Source One Financial Services,IN, chase ackeret,1,1,IN215,Core
251494,,136819.05,240,Auto Decline,Campers Inn - Ocala - FL158,Campers Inn,FL,Ocala,2026-08-22,,,2026,RV,New,,56.09,17.46,pcarter,,4,22.99,7000,16500,false,,,23.99,Bronze,Silver 1,1.26,0,,0,108565,642,Source One Financial Services,FL, aaron brown,0,0,FL158,Business First
251415,jharrington1,74403.73,204,Conditional Approval,SPECIALTY OUTDOORS - OH189,,OH,LANCASTER,2026-08-22,2026-08-22,,2025,RV,New,,17.56,9.37,jharrington1,,13,12.49,25000,25000,false,,,13.49,Silver 1,Silver 1,0.62,0,,0,120450,679,Source One Financial Services,OH, russ miller,1,1,OH189,Silver
251411,avera,32409.5,144,Conditional Approval,UNITED RV CENTERS INC - GA150,,GA,CHATSWORTH,2026-08-22,2026-08-22,,2019,RV,Used,,33.23,5.67,jsmith,,42,14.99,5950,5950,false,,,15.99,Silver 1,Silver 1,1.12,0,,0,28950,647,Source One Financial Services,GA, ryan lasuer,1,1,GA150,Silver
251578,mlomedico,45494.41,240,Decline,BYRON POWERSPORTS LLC - GA140,,GA,BYRON,2026-08-22,,,2027,RV,New,702,36.05,2.91,jsmith,,8,9.99,0,40000,false,,,11.49,Core,Core,0.6,0,,0,76230,720,Source One Financial Services,GA, tom bulger,0,0,GA140,Core
251434,,15449.38,144,Auto Decline,Ron Hoover - San Antonio - TX500,Ron Hoover,TX,San Antonio,2026-08-22,,,2022,RV,Used,,39.99,4.88,gott,,0,22.99,5000,5000,false,,,23.99,Bronze,Bronze,1.03,0,,0,14960,599,Source One Financial Services,TX,,0,0,TX500,Business First
251611,mlomedico,48246.46,180,Auto Approval,Fun Town RV - Las Vegas - NV116,Fun Town,NV,Las Vegas,2026-08-22,2026-08-22,,2026,RV,New,757,38.93,3.11,ljablonoski,,11,7.49,0,0,false,,,8.99,Core,Core,1.11,0,,0,43593,825,Source One Financial Services,NV, julie ronquillo,1,1,NV116,Core
251703,rsimmons,64529.44,180,Decline,Blue Compass RV - Katy - TX571,Blue Compass,TX,Katy,2026-08-22,,,2022,RV,Used,609,17.82,7.48,gott,,2163,13.24,7000,7000,false,,,14.24,Silver 1,Silver 1,0.98,0,,0,65725,673,Source One Financial Services,TX, jakob cunningham,0,0,TX571,Silver
251696,hhisek,84968.07,204,Conditional Approval,Blue Compass RV - Post Falls - ID123,Blue Compass,ID,Post Falls,2026-08-22,2026-08-24,,2026,RV,New,803,35.72,6.51,ljablonoski,,2304,7.49,0,-12692.35,false,,,8.99,Core,Core,1.09,0,,0,78140,832,Source One Financial Services,WA, alan harvey,1,1,ID123,Core
251637,,53997.35,144,Cancelled,HOWDY RANCH RV - TX315,,TX,Mathis,2026-08-22,,,2023,RV,Used,,0,0,gott,,,22.99,40000,40000,false,,,23.99,Bronze,Bronze,0.67,0,,0,80000,,Source One Financial Services,TX, aj marino,0,0,TX315,Business First
251489,hhisek,52227.57,204,Verifications Incomplete,Blue Compass RV - Winston-Salem - NC159,Blue Compass,NC,Rural Hall,2026-08-22,2026-08-27,,2021,RV,Used,611,17.9,3.62,jsmith,,7600,13.24,4500,4500,false,,0,14.24,Silver 1,Silver 1,1.34,0,,0,39100,673,Source One Financial Services,NC, ryan wall,1,1,NC159,Silver
251656,,32006.28,180,Auto Approval,Johnston RV Center - AL134,,AL,Decatur,2026-08-22,2026-08-22,,2026,RV,New,,12.42,4.07,jsmith,,18,7.49,0,0,false,,,8.99,Core,Core,0.92,0,,0,34659,804,Source One Financial Services,AL, rick stackhouse,1,1,AL134,Core
251602,hhisek,41278.58,204,Approved,Blue Compass - Mobile - AL170,Blue Compass,AL,Theodore,2026-08-22,2026-08-22,,2018,RV,Used,679,39.52,3.94,jsmith,,10,10.49,5000,10000,false,,,11.99,Core,Core,1.07,0,,0,38700,759,Source One Financial Services,MS, dylan howard,1,1,AL170,Core
251524,avera,40394.86,180,Approved,Pete's RV Center Plainville - MA104,Pete's RV,MA,Plainville,2026-08-22,2026-08-22,,2026,RV,New,795,32.66,5.1,gcoulombe,,13,8.74,5400,5794.07,false,,,10.24,Core,Core,1.24,0,,0,32705,771,Source One Financial Services,ME, john hill,1,1,MA104,Core
251481,mlomedico,15871.98,144,Auto Approval,RV There Yet - Davenport - FL323,,FL,Davenport,2026-08-22,2026-08-24,,2021,RV,Used,,27.24,2.05,pcarter,,3003,9.99,2000,2000,false,,,11.49,Core,Core,0.95,0,,0,16750,755,Source One Financial Services,FL, luis camacho,1,1,FL323,Core
251646,eavila,96475.87,240,Decline,General RV - Tampa - FL238,General RV,FL,Dover,2026-08-22,,,2027,RV,New,,13.9,7.87,wstoutimore,,61,13.74,10000,11800,false,,,14.74,Silver 1,Silver 1,1,0,,0,96099,653,Source One Financial Services,GA, sebastian beltran,0,0,FL238,Silver
251649,,101556.38,240,Auto Decline,Blue Compass - Fort Myers - FL300,Blue Compass,FL,Fort Myers,2026-08-22,,,2026,RV,New,639,63.53,9.81,wstoutimore,,0,14.99,500,16174,false,,,15.99,Silver 2,Silver 2,0.91,0,,0,111586.25,634,Source One Financial Services,FL,,0,0,FL300,Silver
251498,hhisek,149996.09,180,Pending,Southaven RV & Marine - MS115,,MS,Southaven,2026-08-22,,,2027,RV,New,,34.14,11.81,jsmith,,56,9.49,15750,15750,false,,,10.99,Core,Not Applicable,1.03,0,,0,145945.65,744,Connexus Credit Union,MS, havanna klamm,0,0,MS115,Not Applicable
251577,eavila,53261.99,180,Decline,OPTIMUM RV OCALA - FL162,Optimum RV,FL,OCALA,2026-08-22,,,2024,RV,Used,642,14.45,4.39,pcarter,,63,10.24,2500,2500,false,,,11.74,Core,Not Applicable,0.97,0,,0,54750,693,Connexus Credit Union,GA, michael buskey,0,0,FL162,Not Applicable
251433,,29332.79,180,Auto Decline,Rock Solid Funding LLC - TX536,RSF,TX,BEDFORD,2026-08-22,,,2023,RV,Used,,29.61,11.85,S1House,,0,22.99,0,0,false,,,23.99,Bronze,Bronze,1.09,0,,0,26950,612,Source One Financial Services,ID,,0,0,TX536,Business First
251438,hhisek,14054.58,120,Conditional Approval,DADS CAMPER OUTLET - GULFPORT - MS100,,MS,GULFPORT,2026-08-22,2026-08-22,,2025,RV,New,,13.56,5.73,jsmith,,7,10.24,500,500,false,,,11.74,Core,Core,0.79,0,,0,17840,693,Source One Financial Services,MS, ricky arnaud,1,1,MS100,Core
251592,avera,36710.12,180,Decline,HORIZON RV CENTER - GA136,,GA,LAKE PARK,2026-08-22,,,2017,RV,Used,660,33.33,5.97,jsmith,,19,14.99,3700,3700,false,,,15.99,Silver 1,Silver 1,0.79,0,,0,46360,645,Source One Financial Services,GA, lazaro remolina,0,0,GA136,Silver
251644,ahunt,121998.8,240,Decline,General RV - Tampa - FL238,General RV,FL,Dover,2026-08-22,,,2027,RV,New,,43.15,12.54,wstoutimore,,72,12.49,5480.56,18480.56,false,,,13.49,Silver 1,Silver 1,1.3,0,,0,93519,676,Source One Financial Services,FL, sofiane yahiaoui,0,0,FL238,Silver
251651,mlomedico,90713.1,240,Decline,Fun Town RV - Indianapolis - IN215,Fun Town,IN,Edinburgh,2026-08-22,,,2026,RV,New,722,54.43,14.1,jharrington1,,17,9.49,10000,10000,false,,,10.99,Core,Core,1.19,0,,0,75929,747,Source One Financial Services,KY, chase ackeret,0,0,IN215,Core
251621,eavila,26667.78,180,Decline,RV COUNTRY - FRESNO - NCA115,RV Country,CA,FRESNO,2026-08-22,,,2021,RV,Used,,37.76,10.86,jrubi,,14,11.74,8500,8500,false,,,12.24,Core,Core,0.98,0,,0,27345,690,Source One Financial Services,CA, cindy poulsen,0,0,NCA115,Core
251652,eavila,75451.98,240,Decline,FUN TOWN RV OK LLC - OK121,Fun Town,OK,OKLAHOMA CITY,2026-08-22,,,2026,RV,New,,15.2,2.74,jweller,,46,10.24,0,0,false,,,11.74,Core,Core,0.93,0,,0,81315,697,Source One Financial Services,TX, arthur fenimore,0,0,OK121,Core
251471,,21369.7,144,Auto Decline,Campers Inn - Collinsville - IL257,Campers Inn,IL,Collinsville,2026-08-22,,,2018,RV,Used,,18.53,2.96,gcoulombe,,0,16.24,0,0,false,,,17.24,Silver 2,Silver 2,0.95,0,,0,22385,638,Source One Financial Services,IL,,0,0,IL257,Silver
251413,hhisek,89928.92,240,Approved,HORIZON RV CENTER - GA136,,GA,LAKE PARK,2026-08-22,2026-08-22,,2027,RV,New,734,20.57,12.79,jsmith,,4,9.74,10000,30000,false,,,11.24,Core,Core,0.72,0,,0,124748,739,Source One Financial Services,GA, lazaro remolina,1,1,GA136,Core
251576,hhisek,25650,180,Auto Approval,Ron Hoover Companies Katy -TX275,Ron Hoover,TX,Katy,2026-08-22,2026-08-26,,2026,RV,New,,29.07,2.09,gott,,5468,9.99,1200,1200,false,,,11.49,Core,Core,0.85,0,,0,30336,700,Source One Financial Services,TX, greg woods,1,1,TX275,Core
251679,eavila,70300,180,Decline,MY RV SD - SCA112,,CA,EL CAJON,2026-08-22,,,2027,RV,New,585,5.91,5.79,jrubi,,10,8.74,10000,10000,false,,,10.24,Core,Core,0.97,0,,0,72129,772,Source One Financial Services,CA,,0,0,SCA112,Core
251441,hhisek,99578.25,180,Decline,Demontrond Automotive Group-TX397,,TX,Houston,2026-08-22,,,2026,RV,New,639,75.9,6.89,gott,,4,14.99,6200,6200,false,,,15.99,Silver 1,Silver 1,0.78,0,,0,127060,640,Source One Financial Services,TX, tegan summer,0,0,TX397,Silver
251687,,86933.18,180,Auto Decline,RV COUNTRY - FRESNO - NCA115,RV Country,CA,FRESNO,2026-08-22,,,2018,RV,Used,,44.34,12.03,jrubi,,0,22.99,40000,40000,false,,,23.99,Bronze,Bronze,0.63,0,,0,137830,616,Source One Financial Services,CA,,0,0,NCA115,Business First
251559,hhisek,10560.73,120,Auto Approval,BISH'S RV OF KEARNEY - NE102,Bish's RV,NE,KEARNEY,2026-08-22,2026-08-22,,2022,RV,Used,,42.98,2.11,dzilberchtein,,95,13.74,500,500,false,,,13.74,Silver 1,Not Applicable,0.76,0,,0,13900,658,Connexus Credit Union,NE, stormy pitts,1,1,NE102,Not Applicable
251603,hhisek,16733.38,180,Decline,Crestview RV 2 - Buda -TX180,Campers Inn,TX,Buda,2026-08-22,,,2021,RV,Used,678,53.38,2.13,gott,,18,10.49,1700,1700,false,,,11.99,Core,Core,0.99,0,,0,16940,712,Source One Financial Services,TX, luckett lowry,0,0,TX180,Core
251474,ahunt,41334.68,180,Auto Approval,WAGNERS OUTDOOR EXPRESS RV LLC - WV103,Easy Care,WV,FALLING WATERS,2026-08-22,2026-08-24,,2027,RV,New,,41.81,2.46,jharrington1,,2860,9.74,1000,1000,false,,,11.24,Core,Core,1.1,0,,0,37496,728,Source One Financial Services,MD, jim lakes,1,1,WV103,Core
251674,eavila,91350.67,204,Conditional Approval,OPTIMUM RV OCALA - FL162,Optimum RV,FL,OCALA,2026-08-22,2026-08-22,,2025,RV,New,,40.03,6.94,pcarter,,35,10.24,60000,62494,false,,,11.74,Core,Core,0.67,0,,0,136950,691,Source One Financial Services,NC, quincey lindsey,1,1,FL162,Core
251536,avera,10385,120,Contract Received,SR1 RV - Loudon - NH115,,NH,Loudon,2026-08-22,2026-08-27,,2025,RV,Used,,22.32,3.81,gcoulombe,,7142,10.74,1150,1150,false,,39,10.99,Silver 1,Not Applicable,0.75,0,,0,13800,668,Connexus Credit Union,NH, mike fraser,1,1,NH115,Not Applicable
251612,hhisek,61121.57,180,Decline,San Antonio Rvs -TX265,,TX,Seguin,2026-08-22,,,2026,RV,New,,11.92,9.2,gott,,11,10.24,2000,2000,false,,,11.74,Core,Core,0.79,0,,0,77428,682,Source One Financial Services,TX, cody flores,0,0,TX265,Core
251458,hhisek,19255.69,144,Auto Approval,RV DEPOT LLC - FL188,,FL,THONOTOSASSA,2026-08-22,2026-08-24,,2018,RV,Used,623,43.78,4.62,wstoutimore,,2931,10.49,3000,3000,false,,,11.99,Core,Core,0.71,0,,0,27000,750,Source One Financial Services,FL, valon topalli,1,1,FL188,Core
251554,Jhill,18028.03,144,Auto Approval,United RV -TX228,,TX,Fort Worth,2026-08-22,2026-08-22,,2026,RV,New,,8.49,1.74,gott,,39,9.74,2000,2000,false,,,11.49,Core,Core,0.88,0,,0,20445,732,Source One Financial Services,TX, brent sullivan,1,1,TX228,Core
251485,mlomedico,16189.03,144,Auto Approval,Colaw RV Sales -MO110,,MO,Carthage,2026-08-22,2026-08-22,,2022,RV,Used,775,26.14,1.96,jweller,,28,7.99,4900,4900,false,,,9.49,Core,Core,0.54,0,,0,30100,828,Source One Financial Services,MO, hailey coss,1,1,MO110,Core
251405,lgrace,45484.42,180,Decline,ROCKY MOUNTAIN RV and MARINE - NM101,,NM,ALBUQUERQUE,2026-08-22,,,2026,RV,New,,83.2,15.45,edominguez,,3,10.24,0,0,false,,,11.74,Core,Core,1.04,0,,0,43576,684,Source One Financial Services,NM, bianca mcclaskey,0,0,NM101,Core
251408,avera,27967.13,180,Booked,RCD RV - Medina - OH206,,OH,medina,2026-08-22,2026-08-25,2026-08-26,2021,RV,Used,639,28.31,2.32,jharrington1,6130,4726,9.24,0,0,false,1404,0,10.74,Core,Core,1.22,1678.03,6,0,22900,773,Source One Financial Services,OH, nathan olesh,1,0,OH206,Core
251704,,59190,180,Auto Decline,MY RV SD - SCA112,,CA,EL CAJON,2026-08-22,,,2027,RV,New,,31.17,16.47,jrubi,,0,22.99,5400,5400,false,,,23.99,Bronze,Bronze,1.12,0,,0,52670,619,Source One Financial Services,CA,,0,0,SCA112,Business First
251641,mlomedico,29309.1,240,Decline,Blue Compass RV - Albuquerque - NM112,Blue Compass,NM,Albuquerque,2026-08-22,,,2019,RV,Used,,16.63,4.05,edominguez,,135,8.49,2000,2000,false,,,9.99,Core,Core,1.17,0,,0,25050,842,Source One Financial Services,AZ, scott rodriguez,0,0,NM112,Core
251402,,16058.74,144,Auto Decline,Beckley's Camping Center - MD111,,MD,Thurmont,2026-08-22,,,2026,RV,New,599,58.95,3.6,gcoulombe,,0,22.99,16000,24300,false,,,23.99,Bronze,Bronze,0.38,0,,0,41754,619,Source One Financial Services,WV,,0,0,MD111,Business First
251467,hhisek,15222.01,120,Decline,GIBBS OUTDOOR and RECREATION - TX454,,TX,WACO,2026-08-22,,,2021,RV,Used,,25.23,4,gott,,9,13.24,0,0,false,,,14.24,Silver 1,Silver 1,0.68,0,,0,22540,678,Source One Financial Services,MS, colby longenbaugh,0,0,TX454,Silver
251698,hhisek,47554.47,144,Decline,Blue Compass RV - Las Vegas - NV118,Blue Compass,NV,Las Vegas,2026-08-22,,,2019,RV,Used,,21.06,5.76,ljablonoski,,2291,14.99,5000,5000,false,,,15.99,Silver 1,Silver 1,0.99,0,,0,47925,654,Source One Financial Services,KS, alex noon,0,0,NV118,Silver
251442,hhisek,25634.52,180,Decline,Ashley Marine LLC - GA147,,GA,Columbus,2026-08-22,,,2026,Boat,New,,81.12,5.13,jsmith,,13,7.49,2500,3250,false,,,8.99,Core,Core,1.22,0,,0,21056,857,Source One Financial Services,GA, tim holloway,0,0,GA147,Core
251409,,15948,144,Auto Decline,Dennis Dillon RV Marine & Powersports - ID125,,ID,Ada,2026-08-22,,,2022,RV,Used,,16.52,1.37,ljablonoski,,0,22.99,4000,4000,false,,,23.99,Bronze,Bronze,0,0,,0,0,587,Source One Financial Services,ID,,0,0,ID125,Business First
251490,lgrace,70081,240,Auto Approval,Collins Inc of Johnston Co - NC148,,NC,Smithfield,2026-08-22,2026-08-25,,2026,Boat,New,,29.78,4.5,jsmith,,4393,9.99,21000,21000,false,,,11.49,Core,Core,0.88,0,,0,79666,714,Source One Financial Services,NC, melissa sexton,1,1,NC148,Core
251537,lgrace,72581.55,180,Auto Approval,A and L RV SALES LLC -Chocowinity - NC120,,NC,CHOCWINITY,2026-08-22,2026-08-25,,2027,RV,New,,33.34,5.47,jsmith,,4310,11.49,8000,8750,false,,,11.74,Silver 1,Not Applicable,0.96,0,,0,75408,678,Connexus Credit Union,NC, ryan branch,1,1,NC120,Not Applicable
251459,,10877.39,120,Auto Decline,Nice Campers.com-AR129,,AR,Russellville,2026-08-22,,,2021,RV,Used,,51.13,2.4,jweller,,0,13.24,1000,1000,false,,,14.24,Silver 1,Silver 1,0.91,0,,0,11935,676,Source One Financial Services,AR,,0,0,AR129,Silver
251534,eavila,16436.72,168,Conditional Approval,"RV COUNTRY ARIZONA, LLC - FLAGSTAFF -AZ332",RV Country,AZ,FLAGSTAFF,2026-08-22,2026-08-22,,2023,RV,Used,,38.62,1.97,edominguez,,33,7.99,10000,17000,false,,,9.49,Core,Core,0.59,0,,0,27850,851,Source One Financial Services,AZ, kevin mccoy,1,1,AZ332,Core
251509,hhisek,7761.31,60,Decline,Ideal RVs INC - FL228,,FL,Lakeland,2026-08-22,,,2017,RV,Used,575,44.86,1.69,wstoutimore,,6,15.24,4000,4000,false,,,15.74,Silver 1,Silver 1,1.19,0,,0,6500,673,Source One Financial Services,FL, john yanis,0,0,FL228,Silver
251618,eavila,59992.36,180,Approved,Fun Town RV-Waller -TX539,Fun Town,TX,Waller,2026-08-22,2026-08-22,,2026,RV,New,781,31.35,3.41,gott,,57,7.49,0,0,false,,,8.99,Core,Core,0.98,0,,0,61053,841,Source One Financial Services,TX, meddie nieto,1,1,TX539,Core
251617,,26667.78,120,Auto Decline,RV COUNTRY - FRESNO - NCA115,RV Country,CA,FRESNO,2026-08-22,,,2021,RV,Used,690,33.04,7.7,jrubi,,0,15.74,8500,8500,false,,,16.74,Silver 2,Silver 2,0.98,0,,0,27345,625,Source One Financial Services,CA,,0,0,NCA115,Silver
251725,lgrace,38853.22,180,Approved,RV Value Mart-Asheboro-NC140,,NC,Franklinville,2026-08-23,2026-08-23,,2027,RV,New,,28.11,2.56,jsmith,,120,9.99,8900,11350,false,,,11.49,Core,Core,1.2,0,,0,32380,704,Source One Financial Services,NC, chase rhodes,1,1,NC140,Core
251739,hhisek,15000.01,144,Decline,RV's of Sacramento - NCA136,,CA,Elk Grove,2026-08-23,,,2022,RV,Used,,49.68,3.3,jrubi,,1053,10.49,5000,5000,false,,,11.99,Core,Core,0.84,0,,0,17800,711,Source One Financial Services,CA, branda morgan,0,0,NCA136,Core
251752,,13241.47,144,Auto Decline,RV's of Sacramento - NCA136,,CA,Elk Grove,2026-08-23,,,2026,RV,New,,33.12,4.05,jrubi,,0,22.99,3000,3000,false,,,23.99,Bronze,Bronze,0.79,0,,0,16668,590,Source One Financial Services,CA,,0,0,NCA136,Business First
251710,lgrace,23726.18,180,Auto Approval,Blue Compass RV - Tampa - FL301,Blue Compass,FL,Dover,2026-08-23,2026-08-25,,2026,RV,New,,41.36,6.15,wstoutimore,,3061,11.24,2400,2400,false,,,12.74,Core,Core,0.93,0,,0,25464,681,Source One Financial Services,FL, wendy parra,1,1,FL301,Core
251729,Jhill,29643.3,180,Decline,RAM MOTORS RV AND TRUCK - NM102,,NM,ALBUQUERQUE,2026-08-23,,,2026,RV,New,,26.76,1.69,edominguez,,1384,10.24,3000,3000,false,,,11.74,Core,Not Applicable,1.04,0,,0,28500,685,Connexus Credit Union,NM, uriah holland,0,0,NM102,Not Applicable
251753,jrubi,54867,240,Auto Approval,BOBBY WAYNES RV - SCA111,,CA,LANCASTER,2026-08-23,2026-08-24,,2027,RV,New,,33.27,3.47,jrubi,,1496,7.49,4000,4000,false,,,8.99,Core,Core,0.96,0,,0,57400,802,Source One Financial Services,CA,,1,1,SCA111,Core
251718,hhisek,142892.72,240,Auto Approval,La Mesa RV Center - Albuquerque - NM109,La Mesa,NM,Albuquerque,2026-08-23,2026-08-24,,2026,RV,New,774,29,8.95,edominguez,,1751,7.74,10000,-6568,false,,,9.24,Core,Core,0.98,0,,0,145205,787,Source One Financial Services,NM, erika davidson,1,1,NM109,Core
251727,rsimmons,29643.3,180,Auto Approval,RAM MOTORS RV AND TRUCK - NM102,,NM,ALBUQUERQUE,2026-08-23,2026-08-24,,2026,RV,New,,33.96,1.69,edominguez,,1649,10.24,3000,3000,false,,,11.74,Core,Core,1.04,0,,0,28500,685,Source One Financial Services,NM, uriah holland,1,1,NM102,Core
251749,rsimmons,35463.1,180,Auto Approval,RGV RV SALES - TX569,,TX,Mission,2026-08-23,2026-08-25,,2027,RV,New,738,41.43,2.31,gott,,2361,8.74,4000,4000,false,,,10.24,Core,Core,1,0,,0,35535,772,Source One Financial Services,TX, rudy youngblood,1,1,TX569,Core
251712,lgrace,32414.39,144,Conditional Approval,Optimum RV - Tallahassee - FL252,Optimum RV,FL,Tallahassee,2026-08-23,2026-08-24,,2024,RV,Used,,25.95,7.96,wstoutimore,,1353,10.99,10000,10000,false,,,10.99,Silver 1,Not Applicable,0.79,0,,0,41150,671,Connexus Credit Union,FL, joshua ellis,1,1,FL252,Not Applicable
251716,hhisek,34156.78,180,Approved,Fun Town RV - Cleburne -TX108,Fun Town,TX,Cleburne,2026-08-23,2026-08-24,,2026,RV,New,,25.17,4.48,S1House,,1191,8.74,500,500,false,,,10.24,Core,Core,0.89,0,,0,38261,771,Source One Financial Services,TX, laci boulware,1,1,TX108,Core
251735,lgrace,20621.85,180,Decline,General RV - Tampa - FL238,General RV,FL,Dover,2026-08-23,,,2015,RV,Used,,39.41,5.93,wstoutimore,,1121,13.74,4400,4400,false,,,14.74,Silver 1,Silver 1,1.07,0,,0,19300,668,Source One Financial Services,FL, tom bennett,0,0,FL238,Silver
251741,,134063.84,240,Auto Decline,Airstream of Minnesota - MN841,Campers Inn,MN,Ransey,2026-08-23,,,2027,RV,New,,17.7,14.74,dzilberchtein,,0,22.99,0,39511.86,false,,,23.99,Bronze,Bronze,0.99,0,,0,135481,,Source One Financial Services,CA,,0,0,MN841,Business First
251708,,102486.24,144,Auto Decline,East Coast Campers & More - DE103,,DE,Frankford,2026-08-23,,,2027,RV,New,,22.53,21.95,gcoulombe,,153,22.99,23400,23400,false,,,23.99,Bronze,Core,0.82,0,,0,125395,807,Source One Financial Services,PA, terry spencer,0,0,DE103,Business First
251733,jrubi,66398,240,Decline,Giant RV - Downey - SCA159,Giant RV,CA,Downey,2026-08-23,,,2026,RV,New,,30.99,11.66,jrubi,,46,9.74,8000,8000,false,,,11.24,Core,Core,0.99,0,,0,67128,729,Source One Financial Services,CA, greg walders,0,0,SCA159,Core
251751,thovey,62681.96,240,Auto Approval,"RV COUNTRY ARIZONA, LLC - FLAGSTAFF -AZ332",RV Country,AZ,FLAGSTAFF,2026-08-23,2026-08-26,,2026,RV,New,725,17.51,7.85,edominguez,,3688,8.99,5500,6897,false,,,10.49,Core,Core,1.3,0,,0,48072,751,Source One Financial Services,AZ, derek burdine,1,1,AZ332,Core
251736,pmeza,51047.83,180,Auto Decline,Blue Compass RV - South Beumont - TX551,Blue Compass,TX,Vidor,2026-08-23,,,2022,RV,Used,738,38.99,7.61,gott,,1289,22.99,11960,11960,false,,,23.99,Not Applicable,Not Applicable,1,0,,0,51050,576,Connexus Credit Union,LA, leah sligar,0,0,TX551,Not Applicable
251743,thovey,8459.4,120,Decline,SANTA PAULA RV - SCA173,,CA,Santa Paula,2026-08-23,,,2022,RV,Used,,58.04,1.63,jrubi,,1024,11.49,3000,3000,false,,,11.99,Core,Core,0.74,0,,0,11440,717,Source One Financial Services,CA, lisa abbott,0,0,SCA173,Core
251720,avera,19964.25,144,Decline,Peach State Motorhomes & RV's - GA163,,GA,Buford,2026-08-23,,,2017,RV,Used,718,25.88,3.87,jsmith,,1169,10.49,0,0,false,,,11.99,Core,Core,1.83,0,,0,10900,753,Source One Financial Services,TX, christopher williams,0,0,GA163,Core
251717,lgrace,19445,120,Decline,Blue Compass RV - Spartanburg - SC144,Blue Compass,SC,Duncan,2026-08-23,,,2022,RV,Used,,14.57,3.33,jsmith,,1321,10.74,0,0,false,,,12.24,Core,Not Applicable,0.93,0,,0,20850,696,Connexus Credit Union,SC, john balma,0,0,SC144,Not Applicable
251730,hhisek,77445,240,Conditional Approval,Fun Town RV-Denton -TX322,Fun Town,TX,Denton,2026-08-23,2026-08-24,,2026,RV,New,679,14.12,1.86,gott,,1478,9.99,25000,25000,false,,,11.49,Core,Core,0.78,0,,0,99619,710,Source One Financial Services,TX, douglas santos,1,1,TX322,Core
251709,lgrace,84368.38,240,Auto Approval,Palmetto State RV LLC - SC128,,SC,Greer,2026-08-23,2026-08-25,,2027,RV,New,,39.12,10.02,jsmith,,3030,9.99,5000,10870,false,,,11.49,Core,Core,1.03,0,,0,81764,718,Source One Financial Services,TX, will scoggins,1,1,SC128,Core
251721,jrubi,37040,180,Decline,BEAUMONT RV - SCA108,,CA,BEAUMONT,2026-08-23,,,2027,RV,New,,15.64,6.68,jrubi,,113,9.99,3600,3600,false,,,11.49,Core,Core,1.01,0,,0,36718,715,Source One Financial Services,CA,,0,0,SCA108,Core
251740,ccampos,79253.31,240,Booked,Yonaks  Inc  -OH140,,OH,BELMONT,2026-08-23,2026-08-25,2026-08-25,2025,RV,New,800,48.39,8.33,jharrington1,2762,2591,7.49,1000,10103.32,false,120,51,8.99,Core,Core,1.29,4755.2,6,0,61509,820,Source One Financial Services,OH, dave yonak,1,0,OH140,Core
251750,jrubi,20495,204,Auto Approval,Giant RV - Montclair - SCA155,Giant RV,CA,Montclair,2026-08-23,2026-08-25,,2025,RV,New,,15.88,2.8,jrubi,,2566,13.49,2000,2000,false,,,14.49,Silver 1,Silver 1,0.82,0,,0,24887,644,Source One Financial Services,CA, christina marris,1,1,SCA155,Silver
251738,avera,82325.99,204,Conditional Approval,General RV - Ocala - FL237,General RV,FL,Ocala,2026-08-23,2026-08-24,,2026,RV,New,728,29.2,5.62,pcarter,,1049,7.49,5000,5000,false,,,8.99,Core,Core,1.07,0,,0,77105,828,Source One Financial Services,FL, jimmy cardenas,1,1,FL237,Core
251731,jrubi,33229.7,220,Approved,Blue Compass RV - San Marcos - SCA167,Blue Compass,CA,San Marcos,2026-08-23,2026-08-23,,2026,RV,New,696,9.38,5.77,jrubi,,81,9.74,4000,4000,false,,,11.24,Core,Core,0.99,0,,0,33684,729,Source One Financial Services,CA, billy rodger,1,1,SCA167,Core
251711,,148066.06,240,Auto Decline,La Mesa RV Center - Davie - FL316,La Mesa,FL,Davie,2026-08-23,,,2027,RV,New,,55.19,20.56,pcarter,,0,7.49,11000,37904,false,,,8.99,Core,Core,1.03,0,,0,143285,805,Source One Financial Services,FL,,0,0,FL316,Core
251726,jrubi,54801.18,240,Conditional Approval,Blue Compass RV - Hickory - NC156,Blue Compass,NC,Claremont,2026-08-23,2026-08-23,,2027,RV,New,705,39.7,5.67,jsmith,,85,9.99,3000,11550,false,,,11.49,Core,Core,1.25,0,,0,43759,718,Source One Financial Services,NC, nathan mcpherson,1,1,NC156,Core
251755,jrubi,47297.94,180,Decline,RV COUNTRY - FRESNO - NCA115,RV Country,CA,FRESNO,2026-08-23,,,2025,RV,New,648,42.06,5.61,jrubi,,3836,12.49,10000,10000,false,,,13.49,Silver 1,Silver 1,0.78,0,,0,60920,672,Source One Financial Services,CA, ryan davis,0,0,NCA115,Silver
251713,rsimmons,179506,240,Decline,GREAT AMERICAN RV SUPERSTORE-CALERA - AL143,,AL,CALERA,2026-08-23,,,2024,RV,Used,,40.23,10.9,jsmith,,1232,8.99,3000,32800,false,,,10.49,Core,Core,1.1,0,,0,162580,744,Source One Financial Services,MS, mike lindemood,0,0,AL143,Core
251754,sbaker,130774.94,240,Auto Approval,Grand Pointe Marina of Detroit - MI465,,MI,Sterling Heights,2026-08-23,2026-08-24,,2025,Boat,New,,8.34,4.86,dzilberchtein,,1200,7.24,20000,20000,false,,,6.99,Core,Core,0.98,0,,0,133534,810,Source One Financial Services,NC, patrick crowley,1,1,MI465,Core
251748,,71807.13,180,Auto Decline,RV COUNTRY - FRESNO - NCA115,RV Country,CA,FRESNO,2026-08-23,,,2018,RV,Used,,35.92,11.92,jrubi,,0,22.99,0,21000,false,,,23.99,Bronze,Bronze,0.69,0,,0,103345,,Source One Financial Services,CA,,0,0,NCA115,Business First
251746,lgrace,33253.94,204,Auto Approval,Blue Compass RV - Chattanooga - GA156,Blue Compass,GA,Ringgold,2026-08-23,2026-08-24,,2023,RV,Used,737,14.44,4.01,jsmith,,861,9.99,5235,5235,false,,,11.49,Core,Core,0.85,0,,0,38900,753,Source One Financial Services,AL, carson callender,1,1,GA156,Core
251747,jrubi,19116,120,Conditional Approval,BEAUMONT RV - SCA108,,CA,BEAUMONT,2026-08-23,2026-08-24,,2026,RV,Used,,29.87,4.3,jrubi,,1008,9.49,2000,2000,false,,,9.99,Core,Not Applicable,0.79,0,,0,24300,684,Connexus Credit Union,CA,,1,1,SCA108,Not Applicable
251714,,138343.55,240,Auto Decline,La Mesa RV Center - Ft. Myers - FL317,La Mesa,FL,Ft. Myers,2026-08-23,,,2026,RV,New,,28.5,11.77,wstoutimore,,0,14.99,12500,17006,false,,,15.99,Silver 2,Silver 2,1.02,0,,0,135990,637,Source One Financial Services,NY,,0,0,FL317,Silver
251742,hhisek,70763.76,204,Conditional Approval,BLUE COMPASS RV - SOUTH HOUSTON  - TX421,Blue Compass,TX,Alvin,2026-08-23,2026-08-24,,2027,RV,New,,33.95,5.86,gott,,967,7.99,2000,2000,false,,,9.49,Core,Core,0.99,0,,0,71289,799,Source One Financial Services,TX, frank carranza,1,1,TX421,Core
251745,thovey,24640,180,Decline,Blue Compass RV - Liberty Lake - WA154,Blue Compass,WA,Liberty Lake,2026-08-23,,,2026,RV,New,,34.28,9.8,ljablonoski,,1003,12.49,9000,9000,false,,,13.49,Silver 1,Silver 1,0.66,0,,0,37165,677,Source One Financial Services,ID, jordan kammarcal,0,0,WA154,Silver
251715,hhisek,30946.51,216,Decline,RGV RV SALES - TX569,,TX,Mission,2026-08-23,,,2024,RV,Used,,7.92,3.94,gott,,1209,8.74,0,0,false,,,10.24,Core,Core,0.97,0,,0,32065,778,Source One Financial Services,TX, rudy youngblood,0,0,TX569,Core
251728,,142892.72,240,Cancelled,La Mesa RV Center - Albuquerque - NM109,La Mesa,NM,Albuquerque,2026-08-23,,,2026,RV,New,,0,0,edominguez,,,22.99,10000,-6568,false,,,23.99,Bronze,Bronze,0.98,0,,0,145205,,Source One Financial Services,NM, erika davidson,0,0,NM109,Business First
251722,,29643.3,180,Auto Decline,RAM MOTORS RV AND TRUCK - NM102,,NM,ALBUQUERQUE,2026-08-23,,,2026,RV,New,,59.52,8.76,edominguez,,0,14.99,3000,3000,false,,,15.99,Silver 2,Silver 2,1.04,0,,0,28500,624,Source One Financial Services,NM,,0,0,NM102,Silver
251744,hhisek,15799.99,144,Conditional Approval,Blue Compass RV - Post Falls - ID123,Blue Compass,ID,Post Falls,2026-08-23,2026-08-24,,2018,RV,Used,835,23.46,1.93,ljablonoski,,993,8.49,1000,1000,false,,,9.99,Core,Core,1.04,0,,0,15250,829,Source One Financial Services,ID, alan harvey,1,1,ID123,Core
251723,,29083.76,180,Auto Decline,Blue Compass RV - Charlotte - NC153,Blue Compass,NC,Concord,2026-08-23,,,2015,RV,Used,660,46.74,3.49,jsmith,,0,16.24,3000,3000,false,,,17.24,Silver 2,Silver 2,0.86,0,,0,33660,624,Source One Financial Services,NC,,0,0,NC153,Silver
251732,hhisek,46689.2,240,Auto Approval,La Mesa RV Center - Albuquerque - NM109,La Mesa,NM,Albuquerque,2026-08-23,2026-08-24,,2026,RV,New,765,47.77,2.07,edominguez,,1647,7.74,15000,15000,false,,,9.24,Core,Core,0.88,0,,0,53196,793,Source One Financial Services,NM, leon garcia,1,1,NM109,Core
251737,rsimmons,23200.56,180,Decline,Blue Compass RV - Sacramento - NCA147,Blue Compass,CA,Rancho Cordova,2026-08-23,,,2019,RV,Used,,24,2.5,jrubi,,1069,13.74,5000,5000,false,,,14.74,Silver 1,Silver 1,1.08,0,,0,21500,661,Source One Financial Services,CA, melinda miller,0,0,NCA147,Silver
251734,,90241.55,240,Auto Decline,A and L RV SALES LLC -Chocowinity - NC120,,NC,CHOCWINITY,2026-08-23,,,2027,RV,New,,38.19,20.7,jsmith,,0,14.99,0,9000,false,,,15.99,Silver 2,Silver 2,1.06,0,,0,84907,633,Source One Financial Services,NC,,0,0,NC120,Silver
251724,lgrace,19350,180,Decline,Blue Compass RV - Spartanburg - SC144,Blue Compass,SC,Duncan,2026-08-23,,,2015,RV,Used,717,29.16,2.96,jsmith,,1160,10.74,3000,3000,false,,,12.24,Core,Core,0.81,0,,0,23900,722,Source One Financial Services,SC, john balma,0,0,SC144,Core
251719,,29643.3,180,Auto Decline,RAM MOTORS RV AND TRUCK - NM102,,NM,ALBUQUERQUE,2026-08-23,,,2026,RV,New,,32.43,5.59,edominguez,,0,22.99,3000,3000,false,,,23.99,Bronze,Bronze,1.04,0,,0,28500,601,Source One Financial Services,NM,,0,0,NM102,Business First
252066,rsimmons,23703.9,180,Auto Approval,AMERICA GO RV - COMFORT - TX471,,TX,COMFORT,2026-08-24,2026-08-26,,2011,RV,Used,,42.06,2.34,gott,,2481,10.99,8500,8500,false,,,12.49,Core,Core,1.18,0,,0,20100,759,Source One Financial Services,TX, charlie flippen,1,1,TX471,Core
251812,ccampos,16197.79,144,Auto Approval,Rock Solid Funding LLC - TX536,RSF,TX,BEDFORD,2026-08-24,2026-08-24,,2027,RV,New,,21.02,1.82,S1House,,317,8.74,1200,1200,false,,,10.24,Core,Core,1.3,0,,0,12500,763,Source One Financial Services,GA, ashley rogers,1,1,TX536,Core
251790,,59539.11,240,Auto Decline,Spend-A-Day Marina -OH125,OneWater,OH,Russels Point,2026-08-24,,,2022,Boat,Used,,34.81,10.86,jharrington1,,0,22.99,5000,5000,false,,,23.99,Bronze,Bronze,0.99,0,,0,60425,614,Source One Financial Services,OH,,0,0,OH125,Business First
251765,,12503.38,120,Auto Decline,"Campers Inn RV of Myrtle Beach, Inc - SC109",Campers Inn,SC,Myrtle Beach,2026-08-24,,,2020,RV,Used,,43.18,2.58,jsmith,,0,22.99,4000,4000,false,,,23.99,Bronze,Bronze,1.13,0,,0,11055,619,Source One Financial Services,TX,,0,0,SC109,Business First
252048,mlomedico,22548,180,Auto Approval,LEOS VACATION CENTER INC - MD102,,MD,GAMBRILLS,2026-08-24,2026-08-24,,2023,RV,Used,,30.84,2.53,gcoulombe,,59,13.24,0,5800,false,,,14.24,Silver 1,Silver 1,0.81,0,,0,27900,673,Source One Financial Services,MD,,1,1,MD102,Silver
251785,Jhill,110612.75,144,Auto Decline,Intercoastal Financial Group LLC - 17401746,IFG,FL,Vero Beach,2026-08-24,,,2004,Boat,Used,,29.15,5.65,S1House,,59,22.99,20000,20000,false,,,23.99,Core,Core,0.76,0,,0,145000,741,Source One Financial Services,IL, zach edwards,0,0,17401746,Core
251802,lgrace,50030.81,240,Decline,Miles RV Center - NC165,,NC,Hendersonville,2026-08-24,,,2026,RV,New,613,28.01,4.93,jsmith,,47,8.74,6500,6500,false,,,10.24,Core,Core,0.91,0,,0,55184,765,Source One Financial Services,NC, jevon bryant,0,0,NC165,Core
252123,pmeza,92137.51,240,Decline,Blue Compass RV - San Antonio - TX572,Blue Compass,TX,San Antonio,2026-08-24,,,2025,RV,Used,626,10.12,7.25,gott,,36,12.49,9500,9500,false,,,13.49,Silver 1,Silver 1,0.81,0,,0,113300,675,Source One Financial Services,CA, ryan johnson,0,0,TX572,Silver
251976,hhisek,16607.04,144,Approved,ADVENTURE MOTORHOMES - SC118,,SC,GREEER,2026-08-24,2026-08-24,,2026,RV,New,,32.7,3.03,jsmith,,18,7.49,0,0,false,,,8.99,Core,Core,0.77,0,,0,21551,874,Source One Financial Services,TN, keith palmer,1,1,SC118,Core
251778,jharrington1,35370,204,Booked,OWENSBORO RV - KY119,,KY,OWENSBORO,2026-08-24,2026-08-24,2026-08-26,2027,RV,New,,22.51,8.82,jharrington1,3226,49,9.99,3800,3800,false,1281,1896,11.49,Core,Core,0.96,2122.2,6,0,36840,707,Source One Financial Services,KY, scott stacy,1,0,KY119,Core
251783,avera,14202.57,120,Decline,Blue Compass RV - Charlotte - NC153,Blue Compass,NC,Concord,2026-08-24,,,2026,RV,New,,34.44,4.91,jsmith,,38,13.74,1379,1379,false,,,14.74,Silver 1,Silver 1,0.92,0,,0,15506,657,Source One Financial Services,NC, alex kottenstette,0,0,NC153,Silver
251883,rsimmons,19350,180,Auto Approval,Blue Compass RV - Spartanburg - SC144,Blue Compass,SC,Duncan,2026-08-24,2026-08-24,,2015,RV,Used,,29.75,3.58,jsmith,,126,10.74,3000,3000,false,,,12.24,Core,Core,0.81,0,,0,23900,722,Source One Financial Services,SC, john balma,1,1,SC144,Core
251997,rsimmons,52638.74,240,Decline,Ron Hoover - Odessa - TX495,Ron Hoover,TX,Odessa,2026-08-24,,,2027,RV,New,,12.89,10.57,gott,,13,13.74,5320,5320,false,,,14.74,Silver 1,Silver 1,1.1,0,,0,47849,652,Source One Financial Services,TX, leo correa,0,0,TX495,Silver
251818,rsimmons,34660.23,204,Auto Approval,Blue Compass - Mobile - AL170,Blue Compass,AL,Theodore,2026-08-24,2026-08-24,,2022,RV,Used,675,25.69,2.67,jsmith,,21,9.99,1000,1000,false,,,11.49,Core,Core,1.13,0,,0,30700,752,Source One Financial Services,MS, dylan howard,1,1,AL170,Core
251805,Jhill,32016.73,180,Approved,Homestead RV Center - OH211,Canopy Financial,OH,Girard,2026-08-24,2026-08-24,,2023,RV,Used,,25.77,6.55,jharrington1,,6,9.24,0,0,false,,,10.74,Core,Core,0.92,0,,0,34900,772,Source One Financial Services,OH, matt kurtz,1,1,OH211,Core
252136,,38302.92,240,Auto Decline,GREAT AMERICAN RV SUPERSTORE-TUPELO - MS114,,MS,BELDEN,2026-08-24,,,2026,RV,New,,62.53,5.55,jsmith,,0,13.74,5000,5000,false,,,14.74,Silver 1,Silver 1,1.3,0,,0,29559,656,Source One Financial Services,MS,,0,0,MS114,Silver
251824,,31396.25,180,Auto Decline,A and L RV Sales - Columbia -TN142,,TN,Columbia,2026-08-24,,,2021,RV,Used,,17.69,10.64,jsmith,,0,12.74,3000,3000,false,,,14.24,Core,Core,1.29,0,,0,24250,680,Source One Financial Services,TN,,0,0,TN142,Core
251762,,17227,120,Auto Decline,Fun Time Campers -IN122,,IN,Indianapolis,2026-08-24,,,2017,RV,Used,,30.85,7.08,jharrington1,,0,22.99,2000,2000,false,,,23.99,Bronze,Bronze,1.02,0,,0,16850,480,Source One Financial Services,IN,,0,0,IN122,Business First
251868,,50030.81,240,Auto Decline,Miles RV Center - NC165,,NC,Hendersonville,2026-08-24,,,2026,RV,New,,32.64,29.04,jsmith,,112,22.99,6500,6500,false,,,23.99,Bronze,Core,0.91,0,,0,55184,765,Source One Financial Services,NC, jevon bryant,0,0,NC165,Business First
251793,ccampos,30437.8,180,Auto Approval,Gagnon Boats & Motors LLC - EME102,EPIC,ME,Livermore Falls,2026-08-24,2026-08-24,,2027,Boat,New,,13.57,11.1,S1House,,12,8.74,6000,6000,false,,,10.24,Core,Core,1.01,0,,0,30203,774,Source One Financial Services,ME, david bounphasaysonh,1,1,EME102,Core
252017,mnava,23096,144,Conditional Approval,Apache Village RV-Hazelwood -MO113,,MO,Hazelwood,2026-08-24,2026-08-24,,2027,RV,New,,29.78,4.98,jweller,,166,8.99,2000,2900,false,,,9.74,Core,Not Applicable,1.17,0,,0,19740,700,Connexus Credit Union,MO,,1,1,MO113,Not Applicable
252012,pmeza,40288.46,168,Conditional Approval,RV STATION LLC - COLBERT - OK125,,OK,COLBERT,2026-08-24,2026-08-27,,2026,RV,New,,27.61,7.08,jweller,,4235,10.74,0,12000,false,,,11.49,Core,Core,1.03,0,,0,39222,732,Source One Financial Services,OK, calvin parrish,1,1,OK125,Core
252099,thovey,20496,180,Auto Approval,Optimum RV - Bonne Terre - MO215,Optimum RV,MO,Bonne Terre,2026-08-24,2026-08-25,,2026,RV,New,,38.76,3.33,jweller,,1029,10.24,2500,2500,false,,,11.74,Core,Core,0.87,0,,0,23551,683,Source One Financial Services,MO, justin biancardi,1,1,MO215,Core
252046,,20192.42,180,Auto Decline,EMPIRE RV and MARINE - TX463,,TX,LIBERTY,2026-08-24,,,2017,RV,Used,,25.59,5.65,gott,,0,22.99,2000,2000,false,,,23.99,Bronze,Bronze,0.92,0,,0,22000,601,Source One Financial Services,TX,,0,0,TX463,Business First
251992,Jhill,70060.75,204,Conditional Approval,Bish's RV of Sioux Falls - SD112,Bish's RV,SD,Tea,2026-08-24,2026-08-24,,2020,RV,Used,671,35,7.77,dzilberchtein,,27,10.49,4000,11100,false,,,11.99,Core,Core,1.15,0,,0,60800,701,Source One Financial Services,IA, david mcclanahan,1,1,SD112,Core
251973,hhisek,57131.91,180,Auto Approval,RV Country - Show Low - AZ366,RV Country,AZ,Lakeside,2026-08-24,2026-08-24,,2018,RV,Used,783,40.2,7.66,edominguez,,304,8.24,3000,3000,false,,,9.24,Core,Not Applicable,0.92,0,,0,61886,760,Connexus Credit Union,AZ, mark zemeckis,1,1,AZ366,Not Applicable
251949,mnava,154414.79,204,Auto Approval,BLUE COMPASS RV - MESA - AZ245,Blue Compass,AZ,MESA,2026-08-24,2026-08-24,,2013,RV,Used,752,22.13,12.23,edominguez,,136,10.49,30000,44000,false,,,11.99,Core,Core,0.85,0,,0,181850,751,Source One Financial Services,AZ, tara price,1,1,AZ245,Core
251911,mlomedico,246594,240,Booked,JOLLEY'S MARINE AND RV CENTER - OR130,,OR,SALEM,2026-08-24,2026-08-27,2026-08-27,2026,Boat,Used,756,39.43,8.23,ljablonoski,4522,4501,9.49,42000,43826.21,false,20,1,7.39,Core,Core,1.04,2465.94,1,0,236019,751,Source One Financial Services,WY,,1,0,OR130,Core
251961,edominguez,55752.15,240,Decline,ROCKY MOUNTAIN RV and MARINE - NM101,,NM,ALBUQUERQUE,2026-08-24,,,2026,RV,New,,54.15,4.26,edominguez,,91,7.49,6500,2512.91,false,,,8.99,Core,Core,1,0,,0,55662,855,Source One Financial Services,NM, roy hacker,0,0,NM101,Core
251781,jharrington1,33689.8,180,Approved,Campers Inn Louisville -IN138,Campers Inn,IN,Clarksville,2026-08-24,2026-08-24,,2020,RV,Used,,10.97,4.51,jharrington1,,20,11.49,3500,3500,false,,,12.99,Core,Core,0.79,0,,0,42550,717,Source One Financial Services,IN, mark unger,1,1,IN138,Core
252055,hhisek,31366.56,180,Decline,Fun Town RV Amarillo - TX508,Fun Town,TX,Amarillo,2026-08-24,,,2026,RV,New,727,29.4,2.18,gott,,11,13.74,3300,3300,false,,,14.74,Silver 1,Silver 1,1.01,0,,0,31167,646,Source One Financial Services,TX, eric adams,0,0,TX508,Silver
251978,jharrington1,16149.7,168,Conditional Approval,Ansley RV - PA144,,PA,Duncansville,2026-08-24,2026-08-24,,2021,RV,Used,,16.15,2.48,jharrington1,,16,13.24,1600,1600,false,,,14.24,Silver 1,Silver 1,1.14,0,,0,14135,672,Source One Financial Services,PA, joe barbera,1,1,PA144,Silver
251850,jrubi,44079.57,240,Approved,Blue Compass RV - Park City-KS117,Blue Compass,KS,Park City,2026-08-24,2026-08-24,,2027,RV,New,672,37.56,8.96,jweller,,24,9.49,5000,5000,false,,,10.99,Core,Core,0.95,0,,0,46423,741,Source One Financial Services,KS, hailli barnes,1,1,KS117,Core
251990,lgrace,16592,120,Verifications Incomplete,NewCoast - Boatzon - FL356,Marine Max,FL,Oldsmar,2026-08-24,2026-08-24,,2011,Boat,Used,,20.4,4.98,S1House,,22,11.49,1550,1550,false,,0,12.99,Core,Core,1.1,912.56,5.5,0,15145,713,Source One Financial Services,TX, john womble,1,1,FL356,Core
251820,,47651.26,180,Auto Decline,Fun Town RV- Waco-TX212,Fun Town,TX,Hewitt,2026-08-24,,,2026,RV,New,,24.03,5.52,gott,,0,22.99,3000,3000,false,,,23.99,Bronze,Bronze,1.04,0,,0,45970,599,Source One Financial Services,LA,,0,0,TX212,Business First
251967,ccampos,22945,180,Auto Approval,Blue Compass RV - Spartanburg - SC144,Blue Compass,SC,Duncan,2026-08-24,2026-08-24,,2026,RV,New,,25.46,2.59,jsmith,,28,7.49,0,0,false,,,8.99,Core,Core,0.96,0,,0,23806,850,Source One Financial Services,SC, john balma,1,1,SC144,Core
252034,lgrace,17059.85,144,Auto Approval,Roy's RV Adventures LLC - FL327,,FL,Tallahassee,2026-08-24,2026-08-25,,2026,RV,New,,24.27,1.3,wstoutimore,,1107,7.49,0,0,false,,,8.99,Core,Core,0.95,0,,0,17928.15,805,Source One Financial Services,AL, aliya purtee,1,1,FL327,Core
252119,mlomedico,26432.69,204,Verifications Incomplete,Blue Compass RV - Katy - TX571,Blue Compass,TX,Katy,2026-08-24,2026-08-26,,2022,RV,Used,,22.42,4.56,gott,,2816,9.99,0,0,false,,0,7.39,Core,Core,1.27,264.33,1,0,20750,747,Source One Financial Services,TX, kevin miranda,1,1,TX571,Core
252002,,28799,96,Auto Decline,KITSAP RV - WA107,,WA,PORT ORCHARD,2026-08-24,,,2007,RV,Used,,0,0,ljablonoski,,0,22.99,3200,3200,false,,,23.99,Bronze,Bronze,0,0,,0,0,,Source One Financial Services,WA,,0,0,WA107,Business First
252022,jharrington1,51376,220,Conditional Approval,Campers Inn of Chichester - NH103,Campers Inn,NH,Chichester,2026-08-24,2026-08-24,,2022,RV,Used,,20.64,8.72,gcoulombe,,30,10.49,5650,5650,false,,,11.99,Core,Core,0.89,0,,0,57500,682,Source One Financial Services,NH, david keller,1,1,NH103,Core
251897,ccampos,74952.94,240,Decline,BYRON POWERSPORTS LLC - GA140,,GA,BYRON,2026-08-24,,,2027,RV,New,,57.48,5.46,jsmith,,95,10.24,10000,10190,false,,,11.74,Core,Core,1.16,0,,0,64367,697,Source One Financial Services,GA, tom bulger,0,0,GA140,Core
252038,hhisek,64585.23,180,Decline,Blue Compass RV - Nashville - TN158,Blue Compass,TN,Lebanon,2026-08-24,,,2026,RV,New,,28.67,17,jsmith,,15,13.74,7200,7200,false,,,14.74,Silver 1,Silver 1,1,0,,0,64851,655,Source One Financial Services,TN, karrie haynes,0,0,TN158,Silver
251922,lgrace,73832,240,Verifications Incomplete,Blue Compass RV - Columbia - SC136,Blue Compass,SC,Lexington,2026-08-24,2026-08-27,,2026,RV,New,660,36.71,7.55,jsmith,,4324,9.99,7000,7000,false,,68,10.24,Core,Core,0.85,0,,0,86990,713,Source One Financial Services,SC, taylor graziano,1,1,SC136,Core
251983,ccampos,28053.35,180,Booked,Atlantic Pro - FL333,,FL,Palmetto,2026-08-24,2026-08-26,2026-08-26,2016,Boat,Used,674,26.8,1.88,wstoutimore,3060,3049,8.49,10000,10000,false,6,5,9.99,Core,Core,0.9,1683.2,6,0,31255,811,Source One Financial Services,FL, yelena mikhelson,1,0,FL333,Core
251969,mlomedico,77380,180,Auto Approval,Hawkeye Boat Sales - IA173,,IA,Dubuque,2026-08-24,2026-08-24,,2022,RV,Used,787,15.39,8.97,gcoulombe,,17,8.99,13000,13000,false,,,9.74,Core,Core,1.17,0,,0,66300,828,Source One Financial Services,IA, josh billmeyer,1,1,IA173,Core
251893,avera,20942.9,180,Conditional Approval,Huggy Bear RV Sales -OH162,Canopy Financial,OH,Middle Point,2026-08-24,2026-08-24,,2014,RV,Used,772,40.24,1.77,jharrington1,,97,9.49,11520,11520,false,,,10.99,Core,Core,1.25,0,,0,16800,783,Source One Financial Services,IN, mac mclelland,1,1,OH162,Core
251874,rsimmons,53178.94,180,Booked,TEX Star RV- TX535,,TX,Azle,2026-08-24,2026-08-24,2026-08-25,2018,RV,Used,,30.32,7.27,gott,1684,136,8.99,6500,6500,false,216,1332,10.24,Core,Core,1.04,2658.95,5,0,50963,794,Source One Financial Services,TX,,1,0,TX535,Core
252071,,172899,240,Auto Decline,"Vantage Recreational Finance, Inc. -FL291",VRF,FL,FORT LAUDERDALE,2026-08-24,,,2023,RV,Used,,46.28,15.7,S1House,,0,15.74,5000,5000,false,,,16.74,Silver 2,Silver 2,1.07,0,,0,161250,632,Source One Financial Services,MN,,0,0,FL291,Silver
252094,mnava,42893,180,Decline,BEAUMONT RV - SCA108,,CA,BEAUMONT,2026-08-24,,,2021,RV,Used,,28.85,8.84,jrubi,,13,14.49,4500,4500,false,,,15.49,Silver 1,Silver 1,0,0,,0,0,644,Source One Financial Services,CA,,0,0,SCA108,Silver
251825,,29486.46,180,Auto Decline,General RV-Birch Run -MI412,General RV,MI,Birch Run,2026-08-24,,,2016,RV,Used,625,35.39,9.54,dzilberchtein,,0,16.24,15000,15000,false,,,17.24,Silver 2,Silver 2,0.55,0,,0,53790,637,Source One Financial Services,MI,,0,0,MI412,Silver
252018,avera,29595,180,Approved,Marshall's Marine Inc - SC146,,SC,Lake City,2026-08-24,2026-08-24,,2027,Boat,New,,40.96,4.67,jsmith,,50,10.24,3300,3300,false,,,11.74,Core,Core,1.1,0,,0,26850.58,694,Source One Financial Services,SC, chelsea richardson,1,1,SC146,Core
251792,sbaker,27755,180,Booked,Jimmy Jones Polaris - Kingsland - EGA111,EPIC,GA,Kingsland,2026-08-24,2026-08-26,2026-08-27,2023,Boat,Used,,14.4,4.86,S1House,4554,3264,14.49,2750,2750,false,219,1071,15.49,Silver 1,Silver 1,0.96,1110.2,4,0,29015,651,Source One Financial Services,GA, brett light,1,0,EGA111,Silver
251991,thovey,37279,204,Auto Approval,Blue Compass RV - Springfield - MO229,Blue Compass,MO,Strafford,2026-08-24,2026-08-24,,2018,RV,Used,,12.31,2.96,jweller,,17,10.49,1500,5950,false,,,11.99,Core,Core,1.16,0,,0,32200,711,Source One Financial Services,MO, steve petley,1,1,MO229,Core
251940,thovey,10004,144,Auto Approval,Cheyenne Camping Center - IA184,,IA,Walcott,2026-08-24,2026-08-27,,2016,RV,Used,,32.67,2.28,gcoulombe,,4579,9.74,1000,1000,false,,,11.24,Core,Core,0.68,0,,0,14800,774,Source One Financial Services,TX, isabella craig,1,1,IA184,Core
251837,hhisek,13374.44,120,Conditional Approval,Willis and Co RV - TX566,Easy Care,TX,Granbury,2026-08-24,2026-08-24,,2012,RV,Used,,27.75,2.76,gott,,42,8.99,5000,5000,false,,,10.49,Core,Core,1.27,0,,0,10500,808,Source One Financial Services,TX, jim lakes,1,1,TX566,Core
252004,lgrace,149694.57,240,Conditional Approval,Legendary Marine - Destin - FL142,OneWater,FL,Destin,2026-08-24,2026-08-24,,2026,Boat,New,,42.85,10.71,wstoutimore,,160,8.24,39000,40474.17,false,,,9.74,Core,Core,1.4,0,,0,106786.72,777,Source One Financial Services,FL, nolon saucier,1,1,FL142,Core
251852,thovey,42371.14,204,Auto Approval,Blue Compass RV - Albuquerque - NM112,Blue Compass,NM,Albuquerque,2026-08-24,2026-08-24,,2026,RV,New,,6.25,6.18,edominguez,,502,13.24,5000,5000,false,,,14.24,Silver 1,Silver 1,1.19,0,,0,35517,655,Source One Financial Services,NM, scott rodriguez,1,1,NM112,Silver
251929,,67874.68,240,Auto Decline,AC Nelsen RV World -MN5005,,MN,SHAKOPEE,2026-08-24,,,2027,RV,Used,634,17.76,6.98,dzilberchtein,,0,14.99,3000,3000,false,,,15.99,Silver 2,Silver 2,0.99,0,,0,68564,637,Source One Financial Services,MN,,0,0,MN5005,Silver
252064,eavila,29014,180,Auto Approval,Fun Town RV - Little Rock - AR126,Fun Town,AR,Bryant,2026-08-24,2026-08-25,,2026,RV,New,,5.25,2.27,jweller,,1212,8.74,3000,3000,false,,,10.24,Core,Core,0.93,0,,0,31308,780,Source One Financial Services,AR, wade meeks,1,1,AR126,Core
252001,rsimmons,44271,180,Auto Approval,SMITH MOTOR CO OF HATTIESBURG INC - MS107,,MS,HATTIESBURG,2026-08-24,2026-08-27,,2027,Boat,New,723,27.63,5.09,jsmith,,4263,7.99,3000,3000,false,,,9.49,Core,Core,0.98,0,,0,45174,800,Source One Financial Services,LA, elizabeth aycox,1,1,MS107,Core
251890,hhisek,28561.57,180,Approved,"Ron Hoover Companies of Lake Conroe, Inc -TX280",Ron Hoover,TX,Willis,2026-08-24,2026-08-24,,2026,RV,New,,36.7,1.63,gott,,8,9.99,1500,1500,false,,,11.49,Core,Core,1.01,0,,0,28220,714,Source One Financial Services,TX, gilbert salazar,1,1,TX280,Core
251787,,51959.3,240,Auto Decline,FUN TOWN RV CONROE -TX400,Fun Town,TX,CONROE,2026-08-24,,,2026,RV,New,,15.15,5.38,gott,,0,22.99,0,0,false,,,23.99,Bronze,Bronze,0.94,0,,0,55095,616,Source One Financial Services,IA,,0,0,TX400,Business First
252130,eavila,39960.31,180,Conditional Approval,RV DEPOT OF CLEBURNE - TX461,,TX,JOSHUA,2026-08-24,2026-08-24,,2023,RV,Used,,25.27,10.18,gott,,23,10.24,26300,26300,false,,,11.74,Core,Core,0.5,0,,0,80000,740,Source One Financial Services,OR, timothy harrison,1,1,TX461,Core
252113,mlomedico,26639.5,180,Auto Approval,Southaven RV & Marine - MS115,,MS,Southaven,2026-08-24,2026-08-24,,2024,RV,Used,,45.98,4.52,jsmith,,49,7.49,2000,2000,false,,,8.99,Core,Core,1.05,0,,0,25400,805,Source One Financial Services,MS, valerie thomas,1,1,MS115,Core
251939,eavila,69778.32,204,Conditional Approval,Moix RV - Conway - AR134,,AR,Conway,2026-08-24,2026-08-24,,2024,RV,Used,,33.45,6.96,jweller,,11,10.24,7300,7300,false,,,11.74,Core,Core,1.08,0,,0,64600,682,Source One Financial Services,AR, chad cantrell,1,1,AR134,Core
251801,jharrington1,27586.3,180,Auto Approval,Salem RV Center Inc-PA118,,PA,Selinsgrove,2026-08-24,2026-08-24,,2026,RV,New,,11.55,8.12,jharrington1,,20,9.99,2000,2000,false,,,11.49,Core,Core,0.77,0,,0,36045,715,Source One Financial Services,PA, keith  mull,1,1,PA118,Core
251970,jrubi,17232.83,180,Approved,B&D RV Center - UT124,Easy Care,UT,Vernal,2026-08-24,2026-08-24,,2017,RV,Used,,14.22,3.72,ljablonoski,,20,8.49,10000,10000,false,,,9.99,Core,Core,0.83,0,,0,20850,819,Source One Financial Services,TX, bradley taylor,1,1,UT124,Core
251968,sbaker,27588.65,180,Decline,"Vantage Recreational Finance, Inc. -FL291",VRF,FL,FORT LAUDERDALE,2026-08-24,,,2023,Boat,Used,660,46,3.45,S1House,,26,13.24,2730,2730,false,,,14.24,Silver 1,Silver 1,0.54,0,,0,51395,678,Source One Financial Services,GA, sean fitzpatrick,0,0,FL291,Silver
252095,mnava,38723.68,180,Decline,Moix RV - Conway - AR134,,AR,Conway,2026-08-24,,,2019,RV,Used,628,23.24,2.53,jweller,,9,22.99,4008.38,4008.38,false,,,23.99,Core,Core,0.84,0,,0,46110,722,Source One Financial Services,AR, chad cantrell,0,0,AR134,Core
251866,ccampos,96602.93,240,Decline,General RV - Jacksonville - FL236,General RV,FL,Orange Park,2026-08-24,,,2027,RV,Used,,61.84,6.47,pcarter,,130,9.99,10000,10000,false,,,11.49,Core,Core,0.97,0,,0,99245,714,Source One Financial Services,FL, lou marino,0,0,FL236,Core
251772,,23810.65,144,Auto Decline,Intercoastal Financial Group LLC - 17401746,IFG,FL,Vero Beach,2026-08-24,,,2002,Boat,Used,,0,0,S1House,,0,22.99,0,14000,false,,,23.99,Bronze,Bronze,0.96,0,,0,24850,,Source One Financial Services,FL,,0,0,17401746,Business First
251954,hhisek,36833.75,180,Booked,Gil Cherry Family RV Center LLC -TX130,,TX,Sweetwater,2026-08-24,2026-08-24,2026-08-24,2023,RV,Used,,12.02,2.7,gott,337,261,10.74,3300,3300,false,22,54,12.24,Core,Core,1.07,2210.03,6,0,34450,688,Source One Financial Services,TX, rick posey,1,0,TX130,Core
252124,mnava,23378.34,180,Auto Approval,KUNES STOUGHTON RV INC - WI713,KunesRV,WI,DEFOREST,2026-08-24,2026-08-24,,2024,RV,Used,791,4.05,1.21,dzilberchtein,,20,7.49,4000,4000,false,,,8.99,Core,Core,1.2,0,,0,19450,804,Source One Financial Services,WI, morgan gross,1,1,WI713,Core
251849,rsimmons,28945.34,180,Auto Approval,Southern Mud Sports LLC - AL165,,AL,Waverly,2026-08-24,2026-08-24,,2027,Boat,New,668,32,2.07,jsmith,,42,7.49,2917,2917,false,,,8.99,Core,Core,1.07,0,,0,27116,811,Source One Financial Services,KY, jeff cantey,1,1,AL165,Core
251760,rsimmons,15659,180,Auto Approval,Southern Michigan RV- MI452,,MI,Hillsdale,2026-08-24,2026-08-25,,2022,RV,Used,,7.67,0.28,dzilberchtein,,1468,7.99,1000,1000,false,,,9.49,Core,Core,1.12,0,,0,14000,868,Source One Financial Services,MI,,1,1,MI452,Core
252118,mlomedico,57119,180,Conditional Approval,"Vantage Recreational Finance, Inc. -FL291",VRF,FL,FORT LAUDERDALE,2026-08-24,2026-08-24,,2026,RV,New,,28.73,9.81,S1House,,48,12.49,20000,20000,false,,,13.49,Silver 1,Silver 1,0.84,0,,0,68152,672,Source One Financial Services,CT, linda lemire,1,1,FL291,Silver
252031,,84660,240,Auto Decline,AIRPORT MARINE INC - AL102,,AL,ALABASTER,2026-08-24,,,2026,Boat,New,,35.24,34.4,jsmith,,0,22.99,0,0,false,,,23.99,Bronze,Bronze,1.19,0,,0,71000,463,Source One Financial Services,TN,,0,0,AL102,Business First
252035,hhisek,27553.54,180,Conditional Approval,Fun Town RV - Indianapolis - IN215,Fun Town,IN,Edinburgh,2026-08-24,2026-08-24,,2026,RV,New,670,31.56,1.66,jharrington1,,10,9.74,6800,11800,false,,,11.24,Core,Core,1.3,0,,0,21229,734,Source One Financial Services,IN, chase ackeret,1,1,IN215,Core
251904,hhisek,48670.89,180,Conditional Approval,GIBBS OUTDOOR and RECREATION - TX454,,TX,WACO,2026-08-24,2026-08-24,,2022,RV,Used,782,26.92,4.21,gott,,7,8.49,3000,6769,false,,,9.99,Core,Core,1.16,0,,0,42000,789,Source One Financial Services,TX, colby longenbaugh,1,1,TX454,Core
251931,hhisek,43310.45,180,Approved,Blue Compass - Mobile - AL170,Blue Compass,AL,Theodore,2026-08-24,2026-08-24,,2025,RV,Used,,26.37,8.31,jsmith,,20,10.24,0,11000,false,,,11.74,Core,Core,0.87,0,,0,50050,695,Source One Financial Services,AL, dylan howard,1,1,AL170,Core
251979,mlomedico,12424.89,120,Auto Approval,Woody Futrell Marine & Aircraft - AR138,,AR,Nashville,2026-08-24,2026-08-24,,2026,Boat,New,,44.99,4.39,jweller,,17,9.99,20500,20500,false,,,11.49,Core,Core,0.41,0,,0,30183.98,711,Source One Financial Services,AR, mary balch,1,1,AR138,Core
252020,hhisek,44245.31,180,Auto Approval,Fun Town RV - Cleburne -TX108,Fun Town,TX,Cleburne,2026-08-24,2026-08-24,,2027,RV,New,664,26.41,3.66,S1House,,231,9.99,0,0,false,,,11.49,Core,Core,0.99,0,,0,44888,717,Source One Financial Services,TX, laci boulware,1,1,TX108,Core
251894,,23755,144,Auto Decline,Bent's RV - LA117,,LA,Boutte,2026-08-24,,,2026,RV,New,,43.13,14.71,gott,,0,22.99,10000,10000,false,,,23.99,Bronze,Bronze,0.75,0,,0,31850,552,Source One Financial Services,LA,,0,0,LA117,Business First
252132,sflynn,92290.68,240,Auto Approval,RGV RV SALES - TX569,,TX,Mission,2026-08-24,2026-08-25,,2027,RV,New,,14.07,6.16,gott,,990,8.99,9450,9450,false,,,10.49,Core,Core,0.94,0,,0,98449,749,Source One Financial Services,TX, aldo camarillo,1,1,TX569,Core
252072,sbaker,21188.5,144,Conditional Approval,"EPIC FINANCE, LLC. - 17401748",EPIC,NC,WILMINGTON,2026-08-24,2026-08-24,,2026,RV,Used,,41.12,4.6,S1House,,20,10.24,2030,2030,false,,,11.74,Core,Core,1.01,0,,0,20950,686,Source One Financial Services,AZ, mia williams,1,1,17401748,Core
251924,hhisek,73179.92,180,Decline,Fun Town RV-Waller -TX539,Fun Town,TX,Waller,2026-08-24,,,2025,RV,Used,,26.21,4.2,gott,,46,12.49,0,20788.77,false,,,13.49,Silver 1,Silver 1,0.9,0,,0,81550,662,Source One Financial Services,TX, meddie nieto,0,0,TX539,Silver
252138,eavila,36392.87,180,Verifications Incomplete,Blue Compass RV - South Beumont - TX551,Blue Compass,TX,Vidor,2026-08-24,2026-08-27,,2019,RV,Used,,18.04,3.16,gott,,3682,11.24,3500,3500,false,,93,12.74,Core,Core,1.45,0,,0,25150,691,Source One Financial Services,TX, leah sligar,1,1,TX551,Core
252088,ccampos,19449.41,144,Auto Approval,BLUE COMPASS RV  COLUMBUS-OH210,Blue Compass,OH,DELAWARE,2026-08-24,2026-08-24,,2019,RV,Used,,33.17,3.99,jharrington1,,51,11.24,2000,2000,false,,,12.74,Core,Core,0.91,0,,0,21450,699,Source One Financial Services,OH, steven duty,1,1,OH210,Core
252053,pmeza,111202.69,240,Pending,Campers Inn of Davenport - IA216,Campers Inn,IA,Davenport,2026-08-24,,,2026,RV,New,742,14.03,12.97,gcoulombe,,,7.74,60000,60000,false,,,9.24,Core,Core,0.7,0,,0,157947,787,Source One Financial Services,IA, thomas greer,0,0,IA216,Core
251982,avera,56948.05,240,Decline,Pete's RV Center - Chesapeake - VA113,Pete's RV,VA,Chesapeake,2026-08-24,,,2026,RV,New,690,57.34,3.67,jsmith,,12,7.49,0,0,false,,,8.99,Core,Core,1.02,0,,0,56065,804,Source One Financial Services,VA, jason loper,0,0,VA113,Core
251782,ccampos,23884,180,Auto Approval,LEOS VACATION CENTER INC - MD102,,MD,GAMBRILLS,2026-08-24,2026-08-24,,2025,RV,New,680,43.49,2.38,gcoulombe,,114,10.24,0,12000,false,,,11.74,Core,Core,0.63,0,,0,37767,689,Source One Financial Services,MD,,1,1,MD102,Core
251757,avera,123434.09,216,Auto Approval,Warrior Financial - OH236,Warrior Performance,OH,Columbus,2026-08-24,2026-08-27,,2022,RV,Used,821,26.64,3,jharrington1,,4855,7.99,5000,24806,false,,,9.49,Core,Core,1.21,0,,0,102150,853,Source One Financial Services,CA, jayeann hart,1,1,OH236,Core
251999,jharrington1,58491.32,240,Auto Approval,Spend-A-Day Marina -OH125,OneWater,OH,Russels Point,2026-08-24,2026-08-24,,2022,Boat,Used,,40.57,6.58,jharrington1,,25,7.74,6500,6500,false,,,9.24,Core,Core,0.97,0,,0,60115,825,Source One Financial Services,OH, brittany daniel,1,1,OH125,Core
251936,,63462.16,240,Auto Decline,RV COUNTRY HOLDING CO - NV102,RV Country,NV,SPARKS,2026-08-24,,,2021,RV,Used,,62.46,21.63,ljablonoski,,0,10.24,6000,6000,false,,,11.74,Core,Core,1.02,0,,0,61930,739,Source One Financial Services,NV,,0,0,NV102,Core
251900,ccampos,22645,180,Decline,Blue Compass RV - Spartanburg - SC144,Blue Compass,SC,Duncan,2026-08-24,2026-08-24,,2026,RV,New,,15.55,2.56,jsmith,,138,7.49,0,300,false,,,8.99,Core,Core,0.95,0,,0,23806,850,Source One Financial Services,SC, john balma,0,0,SC144,Core
252011,mnava,61494,240,Decline,BRETZ RV & MARINE - BUTTE - MT117,Bretz RV,MT,Butte,2026-08-24,,,2023,RV,Used,,45.26,13.6,dzilberchtein,,14,10.49,4000,4000,false,,,11.99,Core,Core,0.93,0,,0,66330,715,Source One Financial Services,MT, taylor lovell,0,0,MT117,Core
252050,eavila,30910.08,180,Decline,PRIMEAUX RV SUPERSTORE - CARENCRO - LA102,,LA,CARENCRO,2026-08-24,,,2022,RV,Used,,40.01,5.35,gott,,121,22.99,3500,3500,false,,,23.99,Bronze,Bronze,0.88,0,,0,34980,599,Source One Financial Services,LA, shannon rogers,0,0,LA102,Business First
251826,,14347.68,144,Auto Decline,"EPIC FINANCE, LLC. - 17401748",EPIC,NC,WILMINGTON,2026-08-24,,,2011,RV,Used,,84.42,6.59,S1House,,0,15.49,1500,1500,false,,,16.49,Silver 1,Silver 1,1.51,0,,0,9515,660,Source One Financial Services,AZ,,0,0,17401748,Silver
251964,avera,50771.73,180,Booked,Georgia Campers - GA145,,GA,Newman,2026-08-24,2026-08-27,2026-08-27,2027,RV,New,635,16.68,2.22,jsmith,4415,4229,12.49,4351,4351,false,185,1,13.49,Silver 1,Silver 1,1.21,2030.87,4,0,41899,676,Source One Financial Services,GA, gustavo egidi,1,0,GA145,Silver
251878,mlomedico,28936.59,180,Auto Approval,RV's of America - Lindon - UT125,,UT,Lindon,2026-08-24,2026-08-24,,2026,RV,New,,25.28,3,ljablonoski,,37,7.49,3000,3000,false,,,8.99,Core,Core,1.18,0,,0,24500,859,Source One Financial Services,UT, will smith,1,1,UT125,Core
252127,jrubi,40006.1,180,Decline,TRIPLE H RVS - AL119,,AL,HALEYVILLE,2026-08-24,,,2027,RV,New,639,44.87,3.52,jsmith,,8,10.24,0,5000,false,,,11.74,Core,Core,0.99,0,,0,40426,682,Source One Financial Services,SC, tyler spann,0,0,AL119,Core
252023,Jhill,32111.68,180,Auto Approval,Fun Town RV - Texarkana - AR120,Fun Town,AR,Texarkana,2026-08-24,2026-08-25,,2026,RV,New,662,26.61,2.97,jweller,,1615,9.74,4000,4000,false,,,11.24,Core,Core,0.76,0,,0,42176,723,Source One Financial Services,AR, henry reyna,1,1,AR120,Core
251809,,29344,180,Auto Decline,"Vantage Recreational Finance, Inc. -FL291",VRF,FL,FORT LAUDERDALE,2026-08-24,,,2013,RV,Used,,53.91,5.23,S1House,,0,14.24,3000,3000,false,,,15.24,Silver 1,Silver 1,0.82,0,,0,35900,661,Source One Financial Services,NC,,0,0,FL291,Silver
251774,lgrace,44486.42,240,Auto Approval,Blue Compass RV - Charlotte - NC153,Blue Compass,NC,Concord,2026-08-24,2026-08-24,,2020,RV,Used,655,39.81,3.23,jsmith,,164,10.74,6000,8700,false,,,12.24,Core,Core,1.16,0,,0,38500,685,Source One Financial Services,NC, alex kottenstette,1,1,NC153,Core
251860,hhisek,46017.19,240,Booked,BLUE COMPASS RV - DENTON - TX148,Blue Compass,TX,Denton,2026-08-24,2026-08-25,2026-08-26,2026,RV,New,,23.72,3.39,gott,3088,1366,9.74,7000,7000,false,1718,4,11.24,Core,Core,0.99,2761.03,6,0,46354,723,Source One Financial Services,OK, steven lawrence,1,0,TX148,Core
251917,Jhill,34367.5,180,Decline,Dixie Horse & Mule - AL150,,AL,Newton,2026-08-24,,,2024,RV,Used,,27.95,6.05,jsmith,,76,9.99,5000,5000,false,,,11.49,Core,Core,0,0,,0,0,717,Source One Financial Services,AL, cindy wilson,0,0,AL150,Core
252139,eavila,25577.65,204,Approved,Sky River RV - Pismo Beach - SCA147,SkyRiver,CA,Pismo Beach,2026-08-24,2026-08-24,,2025,RV,Used,852,10.51,0.94,jrubi,,13,7.49,5000,5000,false,,,8.99,Core,Core,1.13,0,,0,22700,866,Source One Financial Services,CA, nancy garcia,1,1,SCA147,Core
251876,Jhill,20000,180,Auto Approval,American Marine - Chippewa Falls - WI732,,WI,Chippewa Falls,2026-08-24,2026-08-24,,2026,Boat,New,,15.16,1.01,dzilberchtein,,471,7.99,19578.75,51578.75,false,,,9.49,Core,Core,0.37,0,,0,54120,783,Source One Financial Services,KS, missy prissel,1,1,WI732,Core
252100,mnava,38723.68,180,Approved,Moix RV - Conway - AR134,,AR,Conway,2026-08-24,2026-08-24,,2019,RV,Used,,35.36,3.78,jweller,,8,10.74,4008.38,4008.38,false,,,12.24,Core,Core,0.93,0,,0,41550,722,Source One Financial Services,AR, chad cantrell,1,1,AR134,Core
251767,avera,40740.08,144,Conditional Approval,General RV Center - Wixom - MI446,General RV,MI,Wixom,2026-08-24,2026-08-24,,2027,RV,New,,13.72,1.81,dzilberchtein,,121,9.49,2000,2000,false,,,9.99,Core,Not Applicable,0.82,0,,0,49490,683,Connexus Credit Union,MI, jack smith,1,1,MI446,Not Applicable
252049,mlomedico,42617.78,180,Approved,Blue Compass RV - Longmont - CO161,Blue Compass,CO,Longmont,2026-08-24,2026-08-24,,2026,RV,New,686,20.32,3.27,dzilberchtein,,20,9.74,10000,10000,false,,,10.49,Core,Core,0.7,0,,0,61128,765,Source One Financial Services,CO, anthony bova,1,1,CO161,Core
252133,pmeza,54314.33,240,Decline,Blue Compass RV - Jacksonville - FL336,Blue Compass,FL,Jacksonville,2026-08-24,,,2026,RV,New,699,19.68,6.27,pcarter,,8,10.24,7000,3958,false,,,11.74,Core,Core,0.94,0,,0,57636.75,693,Source One Financial Services,FL, koby johnson,0,0,FL336,Core
252122,thovey,22586.38,180,Auto Approval,Premier Yamaha Boating Center/Aransas -TX209,,TX,Aransas,2026-08-24,2026-08-25,,2015,Boat,Used,,33.35,1.79,gott,,1374,10.99,2500,2500,false,,,12.49,Core,Core,1.02,0,,0,22200,706,Source One Financial Services,TX, mauri haygood,1,1,TX209,Core
251775,sbaker,57522.79,180,Conditional Approval,Rock Solid Funding LLC - TX536,RSF,TX,BEDFORD,2026-08-24,2026-08-24,,2020,RV,Used,,46.92,9.42,S1House,,68,8.49,8700,8700,false,,,9.49,Core,Not Applicable,1,0,,0,57530,739,Connexus Credit Union,WA, serena pulliam,1,1,TX536,Not Applicable
251819,lgrace,43478,180,Approved,"HAPPY TOWN RV, LLC - SC122",,SC,ST GEORGE,2026-08-24,2026-08-24,,2023,RV,Used,,25.07,13.82,jsmith,,93,11.49,4000,4000,false,,,12.99,Core,Core,0.65,0,,0,66750,708,Source One Financial Services,SC, cody doody,1,1,SC122,Core
251856,avera,65592.57,240,Decline,WATERSPORTS CENTRAL - BUFORD - GA148,,GA,BUFORD,2026-08-24,,,2025,Boat,New,,37.16,14.5,jsmith,,151,9.49,3400,3400,false,,,10.99,Core,Not Applicable,1.17,0,,0,55931.85,717,Connexus Credit Union,SC, rick trottier,0,0,GA148,Not Applicable
251920,jharrington1,72004,180,Decline,Bullitt County Auto and RV Sales Inc - KY138,,KY,Shephersville,2026-08-24,,,2021,RV,Used,,79.72,9,jharrington1,,46,9.24,0,0,false,,,10.74,Core,Core,72004,0,,0,1,761,Source One Financial Services,KY, cheyanne anderson,0,0,KY138,Core
251821,sbaker,42072.79,84,Conditional Approval,Rock Solid Funding LLC - TX536,RSF,TX,BEDFORD,2026-08-24,2026-08-24,,2007,Boat,Used,,12.94,2.88,S1House,,444,10.24,35000,35000,false,,,11.74,Core,Core,0.85,0,,0,49350,892,Source One Financial Services,OH, caleb grassi,1,1,TX536,Core
251854,hhisek,31571.29,204,Approved,Fun Town RV - Cleburne -TX108,Fun Town,TX,Cleburne,2026-08-24,2026-08-24,,2025,RV,New,,49.82,3.18,S1House,,54,8.24,0,0,false,,,9.74,Core,Core,0.95,0,,0,33179,761,Source One Financial Services,TX, brenden boggs,1,1,TX108,Core
251803,avera,144003.23,240,Contract Received,Blue Compass RV - Chattanooga - GA156,Blue Compass,GA,Ringgold,2026-08-24,2026-08-27,,2027,RV,New,,41.13,11.17,jsmith,,4330,9.74,15000,36000,false,,345,11.24,Core,Core,1.1,0,,0,130578,700,Source One Financial Services,TN, carson callender,1,1,GA156,Core
251921,sbaker,44606,180,Decline,Dixie Horse & Mule - AL150,,AL,Newton,2026-08-24,,,2026,RV,New,,11.11,4.9,jsmith,,170,10.24,5000,5000,false,,,11.74,Core,Not Applicable,1.12,0,,0,40000,695,Connexus Credit Union,NY, cindy wilson,0,0,AL150,Not Applicable
251810,jharrington1,59090.7,220,Conditional Approval,Royal RV & Auto Center Inc - IN203,,IN,Middleberry,2026-08-24,2026-08-24,,2024,RV,Used,632,41.42,4.64,jharrington1,,49,9.24,1000,1000,false,,,10.74,Core,Core,0.72,0,,0,82350,733,Source One Financial Services,IN, terry lapierre,1,1,IN203,Core
252090,hhisek,32007.15,144,Contract Received,Seguin RV Inc -TX201,,TX,Seguin,2026-08-24,2026-08-26,,2022,RV,Used,,18.96,6.1,gott,,2611,11.99,7000,7000,false,,478,12.24,Silver 1,Not Applicable,0.82,0,,0,38850,670,Connexus Credit Union,TX, mark hatfield,1,1,TX201,Not Applicable
251959,,201062.76,240,Auto Decline,Blue Compass RV - Palm Desert - SCA166,Blue Compass,CA,Palm Desert,2026-08-24,,,2026,RV,New,,59,14.09,jrubi,,0,13.74,35000,-1645.54,false,,,14.74,Silver 1,Silver 1,1.07,0,,0,188785,645,Source One Financial Services,CA,,0,0,SCA166,Silver
251933,hhisek,74981.54,180,Conditional Approval,FUN TOWN RV - JACKSON - MI455,Fun Town,MI,Jackson,2026-08-24,2026-08-24,,2026,RV,New,,31.84,6.51,dzilberchtein,,40,13.74,6650,15650,false,,,14.74,Silver 1,Silver 1,0.96,0,,0,77954,646,Source One Financial Services,MI, dan shew,1,1,MI455,Silver
251831,ccampos,15902.63,144,Auto Approval,NewCoast - Boatzon - FL356,Marine Max,FL,Oldsmar,2026-08-24,2026-08-24,,2018,Boat,Used,,41.2,1.92,S1House,,90,11.24,1425,1425,false,,,12.74,Core,Core,1.05,0,,0,15210,694,Source One Financial Services,CA, christopher rogers,1,1,FL356,Core
252126,thovey,55714.01,240,Decline,BLUE COMPASS RV  DES MOINES-IA222,Blue Compass,IA,ALTOONA,2026-08-24,,,2026,RV,New,,13.83,3.23,gcoulombe,,1048,10.24,5500,5500,false,,,11.74,Core,Core,1.03,0,,0,54312,686,Source One Financial Services,KS, roscoe vacco,0,0,IA222,Core
252062,thovey,195870.65,144,Auto Approval,Intercoastal Financial Group LLC - 17401746,IFG,FL,Vero Beach,2026-08-24,2026-08-24,,2013,Boat,Used,,9.44,5.23,S1House,,50,10.99,275000,275000,false,,,12.24,Core,Core,0.46,0,,0,425000,748,Source One Financial Services,FL, hunter miller,1,1,17401746,Core
251813,,24255.48,180,Auto Decline,CAMP EZ RV - TX528,,TX,LIVINGSTON,2026-08-24,,,2021,RV,Used,639,35.41,2.52,gott,,0,15.74,2500,2500,false,,,16.74,Silver 2,Silver 2,0.99,0,,0,24517.5,622,Source One Financial Services,TX,,0,0,TX528,Silver
251882,jharrington1,21629,144,Ready to Book,"Midwest RV and Vans, Inc. -IN137",Canopy Financial,IN,Terre Haute,2026-08-24,2026-08-26,,2027,RV,New,,32.35,4.64,jharrington1,,3180,7.49,0,9000,false,,1,8.49,Not Applicable,Not Applicable,0.65,865.16,4,0,33031,735,Connexus Credit Union,IN, matt kurtz,1,1,IN137,Not Applicable
251798,lgrace,15005.7,144,Decline,ANGLERS CHOICE - LEXINGTON - NC101,,NC,LEXINGTON,2026-08-24,,,2014,Boat,Used,,12.23,4.46,jsmith,,44,11.74,1500,1500,false,,,13.24,Core,Core,1.05,0,,0,14305,689,Source One Financial Services,NC, lee parker,0,0,NC101,Core
252061,Jhill,143201.56,180,Auto Approval,Minneapolis Trailer Sales - MN824,,MN,Rogers,2026-08-24,2026-08-24,,2027,RV,New,842,18.69,10.01,dzilberchtein,,184,8.49,13000,13817.01,false,,,9.24,Core,Core,1.15,0,,0,124100,887,Source One Financial Services,MN, ricky carlson,1,1,MN824,Core
251795,rsimmons,22799.19,180,Decline,Willis and Co RV - TX566,Easy Care,TX,Granbury,2026-08-24,,,2022,RV,Used,,68.92,7.26,gott,,2890,8.49,2500,2500,false,,,9.99,Core,Core,1,0,,0,22750,782,Source One Financial Services,TX, jim lakes,0,0,TX566,Core
251975,pmeza,22135.01,180,Auto Approval,Cooks Boats and Motors -MO150,,MO,Troy,2026-08-24,2026-08-27,,2023,Boat,Used,,20.44,2.53,jweller,,4113,13.24,10000,10000,false,,,14.24,Silver 1,Silver 1,0.93,0,,0,23840,671,Source One Financial Services,MO,,1,1,MO150,Silver
252081,rsimmons,75831.37,240,Pending,Ron Hoover Marine Inc - La Marque -TX279,Ron Hoover,TX,Houston,2026-08-24,2026-08-27,,2025,Boat,New,,27.89,4.04,gott,,4412,7.99,0,-767.48,false,,,7.39,Core,Core,1.3,0,,0,58201,786,Source One Financial Services,TX, quentin lasker,0,0,TX279,Core
251941,eavila,99582,204,Auto Approval,Poulsbo RV - Mt Vernon - WA132,,WA,Mt Vernon,2026-08-24,2026-08-24,,2027,RV,New,688,42.49,4.2,ljablonoski,,391,10.24,132000,105729,false,,,11.74,Core,Core,0.52,0,,0,190192,693,Source One Financial Services,WA,,1,1,WA132,Core
251887,eavila,15736.42,180,Decline,AC Nelsen RV World - NE103,,NE,Omaha,2026-08-24,,,2025,RV,New,,5.8,4.4,dzilberchtein,,45,22.99,11000,13000,false,,,23.99,Silver 2,Silver 2,0.61,0,,0,25750,634,Source One Financial Services,NE, rian white,0,0,NE103,Silver
251799,sbaker,50372.79,180,Approved,Rock Solid Funding LLC - TX536,RSF,TX,BEDFORD,2026-08-24,2026-08-24,,2018,RV,Used,,42.57,6.28,S1House,,24,10.74,5000,5000,false,,,12.24,Core,Core,1,0,,0,50545,739,Source One Financial Services,NJ, ashley rogers,1,1,TX536,Core
252030,mlomedico,48232,180,Decline,Campers Inn RV - Johnstown - CO163,Campers Inn,CO,Johnstown,2026-08-24,,,2019,RV,Used,,30.68,12.92,dzilberchtein,,20,10.49,1000,1000,false,,,11.99,Core,Core,1.01,0,,0,47960,743,Source One Financial Services,CO, scott hayes,0,0,CO163,Core
251808,thovey,51010.9,180,Auto Approval,Wolds RV Sales LLC -MN121,,MN,Detroit Lakes,2026-08-24,2026-08-24,,2027,RV,New,651,44.51,3.24,dzilberchtein,,289,10.24,1400,5549,false,,,11.74,Core,Core,0.96,0,,0,53254,694,Source One Financial Services,ND, mike einarson,1,1,MN121,Core
252128,mnava,22390.75,204,Auto Approval,Georgia Campers - GA145,,GA,Newman,2026-08-24,2026-08-25,,2022,RV,Used,,24,4.21,jsmith,,1187,7.74,2000,2000,false,,,9.24,Core,Core,1.19,0,,0,18800,838,Source One Financial Services,GA, gustavo egidi,1,1,GA145,Core
252116,eavila,67344.71,180,Decline,Fun Town RV-Waller -TX539,Fun Town,TX,Waller,2026-08-24,,,2026,RV,New,,36.19,6.58,gott,,35,9.99,0,0,false,,,11.49,Core,Core,0.87,0,,0,77206,719,Source One Financial Services,TX, meddie nieto,0,0,TX539,Core
252019,mnava,38723.68,180,Auto Approval,Moix RV - Conway - AR134,,AR,Conway,2026-08-24,2026-08-25,,2019,RV,Used,,4.18,3.78,jweller,,1352,10.74,4000,4000,false,,,12.24,Core,Core,0.93,0,,0,41550,722,Source One Financial Services,AR, blake moore,1,1,AR134,Core
252107,,82382.42,240,Auto Decline,HAPPY CAMPERS RV SALES and SERVICE - IN182,,IN,LAFAYETTE,2026-08-24,,,2026,RV,New,,18.17,5.76,jharrington1,,0,14.99,0,0,false,,,15.99,Silver 2,Silver 2,0.98,0,,0,84401,629,Source One Financial Services,IN,,0,0,IN182,Silver
251910,jharrington1,50938.58,180,Conditional Approval,GEORGIA RV OUTLET LLC - GA107,,GA,CARTERSVILLE,2026-08-24,2026-08-24,,2021,RV,Used,,44.33,7.06,jsmith,,140,8.24,6000,6000,false,,,9.24,Core,Not Applicable,0.95,0,,0,53580,762,Connexus Credit Union,FL, shawn deuber,1,1,GA107,Not Applicable
251779,Jhill,15683.5,120,Decline,GREAT AMERICAN RV SUPERSTORE-BREAUX BRIDGE - LA104,,LA,BREAUX BRIDGE,2026-08-24,,,2023,RV,Used,595,47.35,2.27,gott,,10,14.49,1500,1500,false,,,15.49,Silver 1,Silver 1,1.08,0,,0,14500,654,Source One Financial Services,LA, james duos,0,0,LA104,Silver
252013,thovey,55389,204,Auto Approval,Texoma Boat House - OK146,,OK,Calera,2026-08-24,2026-08-26,,2025,Boat,New,885,27.69,3.48,jweller,,2641,7.24,20000,20000,false,,,8.74,Core,Core,0.74,0,,0,74927,857,Source One Financial Services,OK, kristen thorn,1,1,OK146,Core
252008,ccampos,48442.21,204,Auto Approval,Intercoastal Financial Group LLC - 17401746,IFG,FL,Vero Beach,2026-08-24,2026-08-24,,2018,RV,Used,,35.58,5.76,S1House,,215,11.24,5000,5000,false,,,12.49,Core,Core,1.1,0,,0,43900,699,Source One Financial Services,CA, stephen jolles,1,1,17401746,Core
251952,,72777.06,180,Auto Decline,RV Country - Show Low - AZ366,RV Country,AZ,Lakeside,2026-08-24,,,2025,RV,New,,44.49,23.41,edominguez,,0,22.99,15000,15000,false,,,23.99,Bronze,Bronze,0.75,0,,0,96757,601,Source One Financial Services,AZ,,0,0,AZ366,Business First
252140,avera,35370.01,144,Decline,Sun City RV -AZ205,,AZ,Peoria,2026-08-24,,,2018,RV,Used,,29,6.19,edominguez,,736,14.99,10800,10800,false,,,15.99,Silver 1,Not Applicable,0.99,0,,0,35550,658,Connexus Credit Union,AZ, rory fields,0,0,AZ205,Not Applicable
252025,,49760.18,240,Auto Decline,General RV-Birch Run -MI412,General RV,MI,Birch Run,2026-08-24,,,2018,RV,Used,,59.01,11.23,dzilberchtein,,0,22.99,1000,1000,false,,,23.99,Bronze,Bronze,0.69,0,,0,72610,601,Source One Financial Services,MI,,0,0,MI412,Business First
252024,,31544,180,Auto Decline,Foothills Marine of Lake Norman- NC144,,NC,Mooresville,2026-08-24,,,2023,Boat,Used,,46.27,5.43,jsmith,,0,22.99,0,13500,false,,,23.99,Bronze,Bronze,0.84,0,,0,37495,590,Source One Financial Services,NC,,0,0,NC144,Business First
251871,,54919.98,240,Auto Decline,Fun Town RV-Denton -TX322,Fun Town,TX,Denton,2026-08-24,,,2026,RV,New,,38.49,6.15,gott,,0,14.99,1000,1000,false,,,15.99,Silver 2,Silver 2,1,0,,0,55082,629,Source One Financial Services,TX,,0,0,TX322,Silver
251923,sbaker,25942,120,Conditional Approval,NewCoast - Boatzon - FL356,Marine Max,FL,Oldsmar,2026-08-24,2026-08-24,,2026,Boat,New,,37.2,6.52,S1House,,175,7.49,3300,3300,false,,,8.74,Core,Not Applicable,1.25,0,,0,20800,753,Connexus Credit Union,TX, justin veghte,1,1,FL356,Not Applicable
251998,eavila,33492,180,Auto Approval,"Kris Willis RV, LLC -MO127",,MO,Dexter,2026-08-24,2026-08-24,,2026,RV,New,,20.71,1.69,jweller,,52,7.99,0,6493,false,,,8.74,Core,Not Applicable,1.06,0,,0,31460,729,Connexus Credit Union,MO, leagh willis,1,1,MO127,Not Applicable
252087,rsimmons,10980.62,180,Auto Approval,Blue Compass RV - Tyler - TX552,Blue Compass,TX,Tyler,2026-08-24,2026-08-24,,2026,RV,New,,18.1,3.83,gott,,11,7.99,0,0,false,,,9.49,Core,Core,0.8,0,,0,13770,781,Source One Financial Services,TX, clay coleman,1,1,TX552,Core
251872,pmeza,26112.39,180,Decline,Nice Campers.com-AR129,,AR,Russellville,2026-08-24,,,2026,RV,New,684,52.12,1.12,jweller,,3024,9.49,6000,6000,false,,,10.99,Core,Core,0.69,0,,0,37709,706,Source One Financial Services,AR, mike dolente,0,0,AR129,Core
251791,lgrace,23773.75,144,Auto Approval,Campers Inn Kings Mountain -NC108,Campers Inn,NC,Kings Mountain,2026-08-24,2026-08-27,,2022,RV,Used,,22.62,6.28,jsmith,,4598,8.49,3500,3500,false,,,9.49,Core,Not Applicable,1.26,0,,0,18800,738,Connexus Credit Union,SC, hunter lee,1,1,NC108,Not Applicable
251881,ccampos,78509,240,Auto Approval,"Vantage Recreational Finance, Inc. -FL291",VRF,FL,FORT LAUDERDALE,2026-08-24,2026-08-24,,2017,Boat,Used,,34.9,5.85,S1House,,75,8.49,10000,10000,false,,,9.99,Core,Core,0.9,0,,0,87440,869,Source One Financial Services,CA, jenica carpentier,1,1,FL291,Core
251865,mlomedico,15339,120,Auto Approval,"Vantage Recreational Finance, Inc. -FL291",VRF,FL,FORT LAUDERDALE,2026-08-24,2026-08-24,,2006,Boat,Used,678,24.68,1.18,S1House,,77,9.99,500,500,false,,,11.49,Core,Core,1.12,0,,0,13697.25,797,Source One Financial Services,MA, andrea strawn-ingram,1,1,FL291,Core
252005,,39118.99,180,Auto Decline,Economy RVS LLC - MD112,,MD,Mechanicsville,2026-08-24,,,2027,RV,New,,8.35,3.59,gcoulombe,,0,13.74,4500,4500,false,,,14.74,Silver 1,Silver 1,1.1,0,,0,35678,657,Source One Financial Services,MD,,0,0,MD112,Silver
251938,sbaker,19405,144,Auto Approval,RV Glamping - EFL111,EPIC,FL,Merritt Island,2026-08-24,2026-08-26,,2022,RV,Used,,32.68,2.54,S1House,,2938,9.99,500,500,false,,,11.49,Core,Core,0.9,0,,0,21500,759,Source One Financial Services,FL, mia williams,1,1,EFL111,Core
251886,thovey,28818,180,Auto Approval,"Vantage Recreational Finance, Inc. -FL291",VRF,FL,FORT LAUDERDALE,2026-08-24,2026-08-26,,2018,Boat,Used,737,17.85,1.94,S1House,,2877,8.49,3100,3100,false,,,9.99,Core,Core,0.89,0,,0,32375,798,Source One Financial Services,SD, sean fitzpatrick,1,1,FL291,Core
251884,mnava,18922.48,180,Decline,KUNES STOUGHTON RV INC - WI713,KunesRV,WI,DEFOREST,2026-08-24,,,2022,RV,Used,,46.66,3.3,dzilberchtein,,17,10.49,8000,8000,false,,,11.99,Core,Core,0.68,0,,0,27650,704,Source One Financial Services,WI, morgan gross,0,0,WI713,Core
252039,lgrace,40759.44,180,Booked,Aloha Marine Florida LLC - FL286,,FL,Holly Hill,2026-08-24,2026-08-25,2026-08-26,2020,Boat,Used,,38.34,7,pcarter,2996,1460,10.74,3600,3600,false,1527,9,12.24,Core,Core,0.83,2445.57,6,0,48900,685,Source One Financial Services,FL, james pearson,1,0,FL286,Core
252082,hhisek,20170.25,144,Approved,Boat-N-RV Supercenter  - TN157,,TN,Crossville,2026-08-24,2026-08-24,,2022,RV,Used,,28.89,1.24,jsmith,,8,14.49,2300,2300,false,,,15.49,Silver 1,Silver 1,0.86,0,,0,23400,656,Source One Financial Services,TN, kim yaeger,1,1,TN157,Silver
252108,Jhill,22844.76,204,Decline,BISHS RV OF LONGVIEW - TX473,Bish's RV,TX,LONGVIEW,2026-08-24,,,2026,RV,New,,61.31,2.6,gott,,11,10.24,5000,5000,false,,,11.74,Core,Core,0.92,0,,0,24838,695,Source One Financial Services,TX, david mcclanahan,0,0,TX473,Core
251759,hhisek,32567.8,180,Decline,GREAT AMERICAN RV SUPERSTORE-BREAUX BRIDGE - LA104,,LA,BREAUX BRIDGE,2026-08-24,,,2024,RV,Used,,15.49,5.03,gott,,121,9.74,12000,12000,false,,,11.24,Core,Not Applicable,0.71,0,,0,46150,726,Connexus Credit Union,LA, james duos,0,0,LA104,Not Applicable
252033,,34071.85,180,Auto Decline,Blue Compass RV - South Beumont - TX551,Blue Compass,TX,Vidor,2026-08-24,,,2021,RV,Used,,38.6,4.42,gott,,0,16.99,3500,3500,false,,,17.99,Silver 2,Silver 2,0.94,0,,0,36080,620,Source One Financial Services,TX,,0,0,TX551,Silver
251995,Jhill,15000,144,Auto Approval,Blue Compass RV - Hickory - NC156,Blue Compass,NC,Claremont,2026-08-24,2026-08-25,,2026,RV,New,,30.7,2.44,jsmith,,1667,10.24,2000,2000,false,,,11.74,Core,Core,0.77,0,,0,19604,688,Source One Financial Services,NC, nathan mcpherson,1,1,NC156,Core
251902,,45489.04,180,Auto Decline,A and L RV Sales - Columbia -TN142,,TN,Columbia,2026-08-24,,,2026,RV,Used,,43.87,10.49,jsmith,,2,22.99,5000,5000,false,,,23.99,Bronze,Silver 2,0.97,0,,0,46700,635,Source One Financial Services,TN, gary smith,0,0,TN142,Business First
251956,pmeza,153960.8,204,Approved,Motor Home Specialist - TX567,Blue Compass,TX,Alvarado,2026-08-24,2026-08-24,,2011,RV,Used,749,44.26,5.59,gott,,34,8.74,30000,30000,false,,,10.24,Core,Core,0.7,0,,0,220850,811,Source One Financial Services,CA, michael briers,1,1,TX567,Core
252047,mnava,62262.3,216,Auto Approval,BLUE COMPASS RV - ROCKPORT - TX460,Blue Compass,TX,ROCKPORT,2026-08-24,2026-08-27,,2026,RV,New,774,18.98,4.28,gott,,3914,9.99,2900,3140,false,,,11.49,Core,Core,1.29,0,,0,48119.75,756,Source One Financial Services,TX, darby warren,1,1,TX460,Core
251840,ccampos,32853.23,204,Auto Approval,CAMPERS INN RV OF ACWORTH - GA123,Campers Inn,GA,ACWORTH,2026-08-24,2026-08-24,,2025,RV,Used,,49.64,4.94,jsmith,,133,7.49,15000,15000,false,,,8.99,Core,Core,0.74,0,,0,44650,857,Source One Financial Services,GA, steven goins,1,1,GA123,Core
252129,pmeza,13491.59,120,Decline,Blue Compass RV - Katy - TX571,Blue Compass,TX,Katy,2026-08-24,,,2026,RV,New,593,9.24,0.46,gott,,830,9.99,650,650,false,,,11.49,Core,Not Applicable,0.68,0,,0,19959,702,Connexus Credit Union,TX, kevin miranda,0,0,TX571,Not Applicable
252056,,40207.77,180,Cancelled,Prossers Premium RV Outlet -WI170,,WI,Sturtevant,2026-08-24,,,2025,RV,Used,,0,0,dzilberchtein,,,22.99,400,54400,false,,,23.99,Bronze,Bronze,0.44,0,,0,90400,,Source One Financial Services,WI, michael prosser,0,0,WI170,Business First
252052,ccampos,65300.74,180,Decline,RV DEPOT OF CLEBURNE - TX461,,TX,JOSHUA,2026-08-24,,,2017,RV,Used,,10.67,9.9,gott,,19,13.74,20000,20000,false,,,14.74,Silver 1,Silver 1,0.86,0,,0,76300,677,Source One Financial Services,TX, timothy harrison,0,0,TX461,Silver
251953,mlomedico,23726,180,Auto Approval,Campers Inn of Chichester - NH103,Campers Inn,NH,Chichester,2026-08-24,2026-08-24,,2020,RV,Used,787,14.9,1.86,gcoulombe,,18,7.99,7000,5000,false,,,9.49,Core,Core,1.12,0,,0,21150,819,Source One Financial Services,NH, david keller,1,1,NH103,Core
252041,hhisek,27356.79,180,Auto Approval,Blue Compass RV - South Beumont - TX551,Blue Compass,TX,Vidor,2026-08-24,2026-08-24,,2027,RV,New,,29.37,6.69,gott,,70,13.74,2800,2800,false,,,14.74,Silver 1,Silver 1,0.89,0,,0,30853,644,Source One Financial Services,TX, leah sligar,1,1,TX551,Silver
251889,jrubi,17945.95,144,Approved,Blue Compass RV - Anderson - Sales - NCA144,Blue Compass,CA,Anderson,2026-08-24,2026-08-24,,2017,RV,Used,,37.53,4.4,jrubi,,15,10.49,3000,3000,false,,,11.99,Core,Core,1.02,0,,0,17650,755,Source One Financial Services,OR, april myers,1,1,NCA144,Core
251841,pmeza,7838.58,120,Decline,GEORGIA RV OUTLET LLC - GA107,,GA,CARTERSVILLE,2026-08-24,,,2018,RV,Used,,25.8,2.82,jsmith,,81,11.99,700,700,false,,,12.49,Core,Core,0.61,0,,0,12850,710,Source One Financial Services,GA, shawn deuber,0,0,GA107,Core
252114,jharrington1,38160.4,180,Approved,SPECIALTY OUTDOORS - OH189,,OH,LANCASTER,2026-08-24,2026-08-24,,2015,RV,Used,,34.67,2.01,jharrington1,,20,9.74,2000,4500,false,,,11.24,Core,Core,0.88,0,,0,43400,771,Source One Financial Services,PA, russ miller,1,1,OH189,Core
251892,Jhill,19476.59,180,Decline,"Campers Inn RV of Myrtle Beach, Inc - SC109",Campers Inn,SC,Myrtle Beach,2026-08-24,,,2020,RV,Used,603,17.6,0.73,jsmith,,6,9.99,5000,5000,false,,,11.49,Core,Core,0.93,0,,0,20900,750,Source One Financial Services,SC, dion sexton,0,0,SC109,Core
251773,sbaker,67329,204,Auto Approval,"Southeastern Marine, Inc- EVA112",EPIC,VA,Henrico,2026-08-24,2026-08-24,,2007,Boat,Used,,48.32,5.41,S1House,,159,11.99,10000,10000,false,,,13.49,Core,Core,0.94,0,,0,71480,707,Source One Financial Services,MD, chuck smith,1,1,EVA112,Core
251914,eavila,20077.79,204,Decline,Rock Solid Funding LLC - TX536,RSF,TX,BEDFORD,2026-08-24,,,2022,Boat,Used,,50.51,3.68,S1House,,35,9.74,6000,6000,false,,,11.24,Core,Core,0.54,0,,0,37213,740,Source One Financial Services,SC, serena pulliam,0,0,TX536,Core
252059,eavila,47468,180,Decline,Intercoastal Financial Group LLC - 17401746,IFG,FL,Vero Beach,2026-08-24,,,2026,RV,New,,92.51,6.5,S1House,,12,9.74,5000,5000,false,,,10.99,Core,Core,1.31,0,,0,36245,729,Source One Financial Services,OH, hal jolles,0,0,17401746,Core
251786,,67141.05,240,Auto Decline,GREAT AMERICAN RV SUPERSTORE-BREAUX BRIDGE - LA104,,LA,BREAUX BRIDGE,2026-08-24,,,2026,RV,New,,67.17,22.73,gott,,0,22.99,6000,16250,false,,,23.99,Bronze,Bronze,0.84,0,,0,79660,611,Source One Financial Services,AL,,0,0,LA104,Business First
251771,thovey,15850.91,120,Decline,ROTH RV - BEMIDJI - MN168,,MN,BEMIDJI,2026-08-24,,,2021,RV,Used,,97.49,5.31,dzilberchtein,,94,9.24,500,500,false,,,10.74,Core,Core,1.13,0,,0,14000,761,Source One Financial Services,MN, tracy perpich,0,0,MN168,Core
251908,,24388.66,120,Decline,SAVA RV - FL284,,FL,Fort Myers,2026-08-24,,,2021,RV,Used,,20.75,5.22,wstoutimore,,92,22.99,5500,5500,false,,,23.99,Silver 1,Silver 1,0.9,0,,0,27032,654,Source One Financial Services,MD, victoria childress,0,0,FL284,Silver
252036,jharrington1,7499,60,Decline,Indian Valley Camping Center Inc- PA119,,PA,Souderton,2026-08-24,,,2019,RV,Used,,51.49,2.09,jharrington1,,25,12.99,3000,3000,false,,,13.49,Core,Core,0.44,0,,0,17150,693,Source One Financial Services,PA,,0,0,PA119,Core
251994,sbaker,30014.9,180,Auto Approval,CRESTVIEW RV SUPERSTORE - SELMA - TX484,Campers Inn,TX,SELMA,2026-08-24,2026-08-24,,2026,RV,New,,38.8,3.17,gott,,31,10.24,3000,3000,false,,,11.74,Core,Core,0.97,0,,0,31050,697,Source One Financial Services,TX, tom allen,1,1,TX484,Core
252010,hhisek,55030,180,Auto Approval,BLUE STAR RV - MI437,,MI,HOLLAND,2026-08-24,2026-08-24,,2022,RV,Used,728,21.94,3.15,dzilberchtein,,9,8.49,2500,2500,false,,,9.99,Core,Core,0.99,0,,0,55850,782,Source One Financial Services,OH,,1,1,MI437,Core
251833,,12285.86,144,Auto Decline,RV Station LTD - Bryan/College Station -TX193,,TX,College Station,2026-08-24,,,2015,RV,Used,,4.03,3.14,gott,,0,16.24,5000,5000,false,,,17.24,Silver 2,Silver 2,1.19,0,,0,10340,627,Source One Financial Services,TX,,0,0,TX193,Silver
252040,hhisek,18847.75,120,Decline,PRIMEAUX RV SUPERSTORE - CARENCRO - LA102,,LA,CARENCRO,2026-08-24,,,2026,RV,New,,38.37,2.3,gott,,57,13.74,2000,2000,false,,,14.74,Silver 1,Not Applicable,0.82,0,,0,22849,647,Connexus Credit Union,LA, rebecca scherff,0,0,LA102,Not Applicable
251867,,33204.95,180,Auto Decline,TRIPLE H RVS - AL119,,AL,HALEYVILLE,2026-08-24,,,2027,RV,New,,45.35,3.77,jsmith,,0,12.49,4000,4000,false,,,13.49,Silver 1,Silver 1,0.92,0,,0,36212,668,Source One Financial Services,LA,,0,0,AL119,Silver
251985,sbaker,47869.48,180,Auto Approval,Premier Yamaha Boating Center/Aransas -TX209,,TX,Aransas,2026-08-24,2026-08-25,,2026,Boat,New,,20.55,7,gott,,1213,13.74,4790,4790,false,,,14.74,Silver 1,Silver 1,1.16,0,,0,41418.7,648,Source One Financial Services,TX, paul mcminn,1,1,TX209,Silver
251899,,16965,84,Auto Decline,Bobby Combs RV AZ - AZ312,,AZ,Mesa,2026-08-24,,,2026,RV,New,,39.17,6.84,edominguez,,0,22.99,2000,2000,false,,,23.99,Bronze,Bronze,0.75,0,,0,22596,606,Source One Financial Services,AZ,,0,0,AZ312,Business First
251885,hhisek,49247.75,180,Decline,PRIMEAUX RV SUPERSTORE - CARENCRO - LA102,,LA,CARENCRO,2026-08-24,,,2021,RV,Used,573,20.56,1.87,gott,,2,7.99,9000,9000,false,,,9.49,Core,Core,0.93,0,,0,53050,850,Source One Financial Services,LA, rebecca scherff,0,0,LA102,Core
252045,,45622.7,180,Auto Decline,General RV - Elizabethtown - PA112,General RV,PA,Elizabethtown,2026-08-24,,,2026,RV,New,,60.7,15.08,jharrington1,,0,14.99,2000,2000,false,,,15.99,Silver 2,Silver 2,1.01,0,,0,45236,624,Source One Financial Services,PA,,0,0,PA112,Silver
251839,ccampos,40970.26,180,Conditional Approval,Action Water Sports Texas-ETX125,EPIC,TX,Lewisville,2026-08-24,2026-08-24,,2014,Boat,Used,,21.2,7.96,S1House,,38,14.24,8000,8000,false,,,15.24,Silver 1,Silver 1,1,0,,0,40986,662,Source One Financial Services,TX, sierra whitmire,1,1,ETX125,Silver
252014,mlomedico,25469,120,Auto Approval,"Vantage Recreational Finance, Inc. -FL291",VRF,FL,FORT LAUDERDALE,2026-08-24,2026-08-24,,2006,Boat,Used,,37.1,5.57,S1House,,127,11.99,2700,2700,false,,,13.49,Core,Core,0.83,0,,0,30780,700,Source One Financial Services,OK, sean fitzpatrick,1,1,FL291,Core
251935,thovey,40480.58,204,Decline,CAMPERS INN ATLANTA -GA122,Campers Inn,GA,TUCKER,2026-08-24,,,2026,RV,New,,16.86,4.08,jsmith,,195,11.99,0,33500,false,,,12.99,Silver 1,Not Applicable,0.71,0,,0,57145.68,661,Connexus Credit Union,GA, brett horton,0,0,GA122,Not Applicable
251844,ccampos,111586.41,240,Auto Approval,General RV - Richmond - VA117,General RV,VA,Ashland,2026-08-24,2026-08-24,,2024,RV,Used,,22,2.83,jsmith,,42,7.24,12000,12000,false,,,8.74,Core,Core,0.68,0,,0,164780,838,Source One Financial Services,VA, colby hall,1,1,VA117,Core
252131,eavila,107407.78,204,Auto Approval,Fun Town RV - Cleburne -TX108,Fun Town,TX,Cleburne,2026-08-24,2026-08-25,,2027,RV,New,,22.15,8.89,S1House,,955,9.49,0,10534.47,false,,,7.39,Core,Core,1.33,0,,0,80664,741,Source One Financial Services,TX, cody kirkman,1,1,TX108,Core
251896,,69564.5,180,Auto Decline,FUN TOWN RV CONROE -TX400,Fun Town,TX,CONROE,2026-08-24,,,2027,RV,New,,49.06,16.06,gott,,0,14.99,0,0,false,,,15.99,Silver 2,Silver 2,1.1,0,,0,63096,634,Source One Financial Services,TX,,0,0,TX400,Silver
251815,hhisek,30363.67,180,Auto Approval,Camperland Trailer Sales Inc -TX167,,TX,Conroe,2026-08-24,2026-08-24,,2023,RV,Used,,16.72,6.51,gott,,349,10.74,6000,6000,false,,,12.24,Core,Core,0.74,0,,0,40800,684,Source One Financial Services,TX, eduardo blancafort,1,1,TX167,Core
252063,mnava,48638.51,180,Auto Approval,Ron Hoover - Laredo - TX498,Ron Hoover,TX,Laredo,2026-08-24,2026-08-24,,2027,RV,New,,26.23,9.75,gott,,136,7.74,7800,7800,false,,,8.74,Core,Not Applicable,1.25,0,,0,39002,787,Connexus Credit Union,TX, geno quintanilla,1,1,TX498,Not Applicable
251880,mlomedico,89445,216,Auto Approval,Blue Compass RV - Spartanburg - SC144,Blue Compass,SC,Duncan,2026-08-24,2026-08-24,,2026,RV,New,,19.01,6.45,jsmith,,71,8.49,12000,12000,false,,,9.24,Core,Core,0.93,0,,0,95785,821,Source One Financial Services,SC, john balma,1,1,SC144,Core
252076,hhisek,71096.85,240,Decline,Fun Town Rv/Angelo RV LLC -TX247,Fun Town,TX,San Angelo,2026-08-24,,,2025,RV,New,,34.65,3.38,gott,,30,10.24,7000,7000,false,,,11.74,Core,Core,0.87,0,,0,81486,691,Source One Financial Services,TX, brenden boggs,0,0,TX247,Core
252042,mlomedico,59953.95,180,Conditional Approval,PPL MOTORHOMES - OK124,,OK,EL RENO,2026-08-24,2026-08-24,,2018,RV,Used,,39.89,6.26,jweller,,166,9.99,6000,6000,false,,,10.74,Core,Not Applicable,0.88,0,,0,67802,717,Connexus Credit Union,OK, brandon ray,1,1,OK124,Not Applicable
251963,eavila,52354,180,Decline,Campinc LLC - OK110,,OK,McAlester,2026-08-24,,,2024,RV,Used,687,69.66,7.3,jweller,,103,9.49,2700,2805,false,,,9.49,Core,Not Applicable,1.2,0,,0,43800,693,Ideal Credit Union,OK, jack elgin,0,0,OK110,Not Applicable
251987,,49012.94,180,Auto Decline,Blue Compass RV - Albuquerque - NM112,Blue Compass,NM,Albuquerque,2026-08-24,,,2027,RV,New,,33.18,11.3,edominguez,,0,22.99,4000,4000,false,,,23.99,Bronze,Bronze,1.15,0,,0,42599,608,Source One Financial Services,NM,,0,0,NM112,Business First
252086,sbaker,96341.52,204,Booked,Rocky Ridge RV - Tyler - TX574,Rocky Ridge,TX,Tyler,2026-08-24,2026-08-27,2026-08-27,2027,RV,New,,36.7,10.14,gott,4068,4033,8.74,2000,11203.36,false,34,1,10.49,Core,Core,1.21,6743.91,7,0,79852.2,775,Source One Financial Services,MO, brandon barsh,1,0,TX574,Core
251937,mlomedico,28610.05,180,Booked,Fun Town RV- Waco-TX212,Fun Town,TX,Hewitt,2026-08-24,2026-08-26,2026-08-26,2017,RV,Used,,19.43,8.09,gott,3286,3281,8.49,1000,1000,false,4,1,9.99,Core,Core,1.41,1716.6,6,0,20350,814,Source One Financial Services,TX, tyler witt,1,0,TX212,Core
251784,,67275.46,240,Auto Decline,FUN TOWN RV CONROE -TX400,Fun Town,TX,CONROE,2026-08-24,,,2026,RV,New,,22.74,8.71,gott,,0,22.99,7500,7500,false,,,23.99,Bronze,Bronze,0.81,0,,0,82992,604,Source One Financial Services,TX,,0,0,TX400,Business First
251857,,29496.95,120,Auto Decline,SAVA RV - FL284,,FL,Fort Myers,2026-08-24,,,2021,RV,Used,,17.1,4.69,wstoutimore,,0,22.99,3500,3500,false,,,23.99,Bronze,Bronze,0.99,0,,0,29930,612,Source One Financial Services,GA,,0,0,FL284,Business First
251888,sbaker,22921.65,180,Auto Approval,Carpenters Campers Inc - FL226,,FL,Pensacola,2026-08-24,2026-08-25,,2021,RV,Used,,36.56,4.74,wstoutimore,,1576,9.24,3500,3500,false,,,10.74,Core,Core,1.09,0,,0,21100,764,Source One Financial Services,FL, tracey carpenter,1,1,FL226,Core
251817,,150073.23,240,Cancelled,Blue Compass RV - Chattanooga - GA156,Blue Compass,GA,Ringgold,2026-08-24,,,2027,RV,New,,0,0,jsmith,,,22.99,10000,30000,false,,,23.99,Bronze,Bronze,1.15,0,,0,130578,,Source One Financial Services,TN, carson callender,0,0,GA156,Business First
251811,ccampos,41410.78,180,Decline,Marshall's Marine Inc - SC146,,SC,Lake City,2026-08-24,,,2027,Boat,New,,7.39,7.22,jsmith,,45,10.24,16000,16000,false,,,11.74,Core,Core,0.77,0,,0,53999.49,690,Source One Financial Services,SC, hope huggins,0,0,SC146,Core
251912,pmeza,95502.81,240,Auto Approval,Liberty RV-MO107,,MO,Liberty,2026-08-24,2026-08-24,,2025,RV,New,715,44.22,6.98,jweller,,24,7.74,0,16195,false,,,9.24,Core,Core,1.27,0,,0,75213,795,Source One Financial Services,MO, shawn wiegers,1,1,MO107,Core
251862,jharrington1,24271.99,240,Decline,Campers Inn RV - Wilmington - OH231,Campers Inn,OH,Wilmington,2026-08-24,,,2026,RV,New,673,45.18,1.65,jharrington1,,32,9.74,2500,4940,false,,,11.24,Core,Core,0.95,0,,0,25499,721,Source One Financial Services,OH, zachary blevins,0,0,OH231,Core
251932,,30473.04,180,Auto Decline,All Valley RV Center INC - SCA133,,CA,Action,2026-08-24,,,2026,RV,New,,49.55,3.21,jrubi,,0,12.49,4000,4000,false,,,13.49,Silver 1,Silver 1,0.99,0,,0,30844,671,Source One Financial Services,CA,,0,0,SCA133,Silver
252027,,54397.59,240,Auto Decline,"Ron Hoover Companies of Donna, Inc -Tx277",Ron Hoover,TX,Donna,2026-08-24,,,2027,Boat,New,,49.41,6.45,gott,,0,13.74,6500,6500,false,,,14.74,Silver 1,Silver 1,1.13,0,,,47929.43,650,Source One Financial Services,TX,,0,0,TX277,Silver
251950,mlomedico,29338.5,180,Conditional Approval,Blue Compass RV - St. Louis - MO230,Blue Compass,MO,Eureka,2026-08-24,2026-08-24,,2026,RV,New,,14.75,1.47,jweller,,41,12.49,2875,2875,false,,,13.49,Silver 1,Silver 1,0.91,0,,0,32400,678,Source One Financial Services,TX, alex kennard,1,1,MO230,Silver
251898,,19938.51,180,Auto Decline,PKB RVs- WV108,Canopy Financial,WV,Parkersburg,2026-08-24,,,2026,RV,New,,68.52,6.42,jharrington1,,0,13.74,2000,2000,false,,,14.74,Silver 1,Silver 1,0.9,0,,0,22256,649,Source One Financial Services,OH,,0,0,WV108,Silver
252070,hhisek,33946.1,180,Auto Approval,TRIPLE H RVS - AL119,,AL,HALEYVILLE,2026-08-24,2026-08-24,,2026,RV,Used,,30.46,5.15,jsmith,,124,12.49,3500,3500,false,,,13.49,Silver 1,Silver 1,0.69,0,,0,49500,666,Source One Financial Services,AL, tyler spann,1,1,AL119,Silver
252093,mlomedico,19796.1,144,Conditional Approval,Blue Compass RV - North Myrtle Beach - SC137,Blue Compass,SC,North Myrtle Beach,2026-08-24,2026-08-24,,2022,RV,Used,,36.13,6.61,jsmith,,44,10.74,1995,1995,false,,,12.24,Core,Core,0.88,0,,0,22550,694,Source One Financial Services,NC, adam dix,1,1,SC137,Core
252073,mnava,38019,180,Auto Approval,Royal Coach Sales - OR148,,OR,Eugene,2026-08-24,2026-08-24,,2021,RV,Used,799,19.42,3.31,ljablonoski,,38,7.99,0,2500,false,,,9.49,Core,Core,0.94,0,,0,40650,843,Source One Financial Services,OR, jeremy orlando,1,1,OR148,Core
251955,lgrace,18006.28,120,Auto Approval,Couch Family RV - FL299,,FL,Cross City,2026-08-24,2026-08-26,,2022,RV,Used,,32.01,3.21,wstoutimore,,2943,11.99,2500,2500,false,,,12.24,Silver 1,Not Applicable,0.8,0,,0,22550,664,Connexus Credit Union,FL, fiona earp,1,1,FL299,Not Applicable
251928,mnava,59407.25,204,Auto Approval,"Vantage Recreational Finance, Inc. -FL291",VRF,FL,FORT LAUDERDALE,2026-08-24,2026-08-27,,2021,RV,Used,,11.79,2.69,S1House,,4308,7.74,2000,2000,false,,,8.74,Core,Core,1.18,0,,0,50150,822,Source One Financial Services,FL, alphonzo bowe,1,1,FL291,Core
251996,Jhill,17000,180,Decline,Blue Compass RV - Hickory - NC156,Blue Compass,NC,Claremont,2026-08-24,,,2026,RV,New,,30.79,2.53,jsmith,,37,10.24,0,0,false,,,11.74,Core,Core,0.87,0,,0,19604,688,Source One Financial Services,NC, nathan mcpherson,0,0,NC156,Core
252043,jharrington1,19019.74,144,Decline,General RV - Elizabethtown - PA112,General RV,PA,Elizabethtown,2026-08-24,,,2021,RV,Used,729,31.3,3.17,jharrington1,,20,10.74,2000,2000,false,,,12.24,Core,Core,1.02,0,,0,18590,693,Source One Financial Services,PA, terrek teal,0,0,PA112,Core
251827,hhisek,56590.34,240,Decline,Blue Compass RV - Austin - TX522,Blue Compass,TX,Buda,2026-08-24,,,2027,RV,New,616,35.62,2.53,gott,,37,13.74,6200,6200,false,,,14.74,Silver 1,Silver 1,1.09,0,,0,52128,650,Source One Financial Services,TX, caleb munoz,0,0,TX522,Silver
252037,rsimmons,22480.34,180,Conditional Approval,San Antonio Rvs -TX265,,TX,Seguin,2026-08-24,2026-08-24,,2021,RV,Used,,30.74,4.42,gott,,18,13.24,9000,9600,false,,,14.24,Silver 1,Silver 1,1.08,0,,0,20900,668,Source One Financial Services,TX, cody flores,1,1,TX265,Silver
251891,edominguez,80120.96,240,Auto Approval,RV STATION LLC - COLBERT - OK125,,OK,COLBERT,2026-08-24,2026-08-24,,2026,RV,New,,28.89,8.46,jweller,,73,9.24,2000,12265,false,,,9.99,Core,Core,1.2,0,,0,66860,767,Source One Financial Services,OK, calvin parrish,1,1,OK125,Core
251927,mnava,37168.21,180,Decline,Campers Inn RV - Tucson - AZ365,Campers Inn,AZ,TUCSON,2026-08-24,,,2026,RV,Used,,32.37,12.06,edominguez,,8,10.24,1000,1000,false,,,11.74,Core,Core,1.02,0,,0,36410,683,Source One Financial Services,AZ, rob rhein,0,0,AZ365,Core
251788,Jhill,160189.95,240,Decline,AEONrv - ENV100,EPIC,NV,Reno,2026-08-24,,,2026,RV,New,,11.27,10.51,S1House,,24,7.74,100000,100000,false,,,9.24,Core,Core,0.83,0,,0,192200,782,Source One Financial Services,NV, brett light,0,0,ENV100,Core
251906,hhisek,86057.75,240,Auto Approval,PRIMEAUX RV SUPERSTORE - CARENCRO - LA102,,LA,CARENCRO,2026-08-24,2026-08-24,,2026,RV,New,685,12.24,2.27,gott,,248,8.99,11320,11320,false,,,10.49,Core,Core,1.2,0,,0,71661,749,Source One Financial Services,LA, rebecca scherff,1,1,LA102,Core
252015,hhisek,41933.93,180,Ready to Book,JOHNNY'S RV SUPERSTORE LLC - AL124,,AL,THEODORE,2026-08-24,2026-08-25,,2022,RV,Used,,43.84,9.55,jsmith,,1454,8.49,6500,6500,false,,3022,9.49,Core,Not Applicable,1.03,1677.36,4,0,40850,728,Connexus Credit Union,AL,,1,1,AL124,Not Applicable
251768,avera,24510.8,180,Decline,General RV Center - North Canton - OH200,General RV,OH,North Canton,2026-08-24,,,2027,RV,New,,37.8,4.19,jharrington1,,305,14.99,3000,3000,false,,,15.99,Silver 2,Not Applicable,0.95,0,,0,25689,622,Ideal Credit Union,OH, tim mccorkle,0,0,OH200,Not Applicable
252103,hhisek,63012.97,180,Decline,T and S RV and SPORT LLC -TX377,,TX,NAVASOTA,2026-08-24,,,2022,RV,Used,,38.52,5.05,gott,,7,14.49,6500,6500,false,,,15.49,Silver 1,Silver 1,1.02,0,,0,61850,653,Source One Financial Services,TX, anthony wiese,0,0,TX377,Silver
252135,eavila,14314.28,120,Conditional Approval,Blue Compass RV - Palm Desert - SCA166,Blue Compass,CA,Palm Desert,2026-08-24,2026-08-24,,2014,RV,Used,,26.42,5.34,jrubi,,31,11.24,2000,2000,false,,,12.74,Core,Core,1.27,0,,0,11260,738,Source One Financial Services,CA, chayse pauser,1,1,SCA166,Core
252079,hhisek,25363.08,180,Auto Approval,GIANT RECREATION WORLD PALM BAY - FL175,,FL,Palm Bay,2026-08-24,2026-08-25,,2016,RV,Used,,24.78,4.82,pcarter,,1356,8.99,2000,3814.66,false,,,10.49,Core,Core,0.77,0,,0,32950,791,Source One Financial Services,FL, bryan brescia,1,1,FL175,Core
251769,sdelarosa,14688.64,144,Auto Approval,A and L RV SALES - LAKE PARK - GA143,,GA,LAKE PARK,2026-08-24,2026-08-24,,2025,RV,Used,,32.03,3.05,jsmith,,95,10.24,2000,2000,false,,,11.74,Core,Core,0.92,0,,0,16050,683,Source One Financial Services,GA, michael gibson,1,1,GA143,Core
251869,lgrace,66498.55,240,Approved,A and L RV SALES LLC -Chocowinity - NC120,,NC,CHOCWINITY,2026-08-24,2026-08-24,,2026,RV,New,,36.48,7.4,jsmith,,121,8.99,7000,12803,false,,,10.49,Core,Core,0.96,0,,0,69538,713,Source One Financial Services,NC, ryan branch,1,1,NC120,Core
251848,hhisek,78405.13,180,Decline,General RV - Tampa - FL238,General RV,FL,Dover,2026-08-24,,,2022,RV,Used,693,50.73,15.74,wstoutimore,,72,11.24,10000,32489.92,false,,,12.74,Core,Core,1.26,0,,0,62040,729,Source One Financial Services,FL, toni zamorano,0,0,FL238,Core
252083,eavila,127506.6,216,Conditional Approval,Intercoastal Financial Group LLC - 17401746,IFG,FL,Vero Beach,2026-08-24,2026-08-24,,2019,Boat,Used,,10.57,2.3,S1House,,47,12.74,13000,13000,false,,,13.99,Core,Core,0.98,0,,0,130000,680,Source One Financial Services,FL, hunter miller,1,1,17401746,Core
251797,ccampos,25417.79,180,Auto Approval,Rock Solid Funding LLC - TX536,RSF,TX,BEDFORD,2026-08-24,2026-08-24,,2022,RV,Used,,33.76,3.45,S1House,,106,7.74,5000,5000,false,,,9.24,Core,Core,0.74,0,,0,34450,808,Source One Financial Services,LA, caleb grassi,1,1,TX536,Core
252069,ccampos,30119.45,180,Decline,Aloha Marine Florida LLC - FL286,,FL,Holly Hill,2026-08-24,,,2023,Boat,Used,,38.65,7.21,pcarter,,57,13.24,1500,4000,false,,,14.24,Silver 1,Not Applicable,0.99,0,,0,30395,679,Connexus Credit Union,FL, tim schmoker,0,0,FL286,Not Applicable
252137,pmeza,41401.78,204,Auto Approval,BLUE COMPASS RV - CORPUS CHRISTI - TX459,Blue Compass,TX,CORPUS CHRISTI,2026-08-24,2026-08-24,,2022,RV,Used,,15.13,1.67,gott,,24,8.24,10000,10000,false,,,9.74,Core,Core,0.93,0,,0,44400,781,Source One Financial Services,TX, elisa escamilla,1,1,TX459,Core
251989,hhisek,73791.7,240,Auto Approval,Fun Town RV - Cleburne -TX108,Fun Town,TX,Cleburne,2026-08-24,2026-08-27,,2027,RV,New,638,34.36,2.49,S1House,,4248,8.24,16000,19193.97,false,,,9.74,Core,Core,1.24,0,,0,59525,764,Source One Financial Services,TX, laci boulware,1,1,TX108,Core
251909,,23421.4,84,Cancelled,Bobby Combs RV AZ - AZ312,,AZ,Mesa,2026-08-24,,,2026,RV,New,,0,0,edominguez,,,22.99,2000,2000,false,,,23.99,Bronze,Bronze,1.04,0,,0,22596,,Source One Financial Services,AZ, tim mcclean,0,0,AZ312,Business First
251823,rsimmons,72268.31,240,Decline,Blue Compass RV - San Antonio - TX572,Blue Compass,TX,San Antonio,2026-08-24,,,2019,RV,Used,,48.14,5.43,gott,,53,10.99,2500,10500,false,,,12.49,Core,Core,0.98,0,,0,73535,717,Source One Financial Services,TX, qyn loza,0,0,TX572,Core
252000,rsimmons,52176.76,180,Decline,Blue Compass RV - South Beumont - TX551,Blue Compass,TX,Vidor,2026-08-24,,,2022,RV,Used,576,39.15,7.78,gott,,16,22.99,7000,7000,false,,,23.99,Core,Core,0.93,0,,0,56155,738,Source One Financial Services,LA, brett massey,0,0,TX551,Core
252051,eavila,34743.63,180,Decline,"Vantage Recreational Finance, Inc. -FL291",VRF,FL,FORT LAUDERDALE,2026-08-24,,,2018,RV,Used,,5.47,5.14,S1House,,15,8.99,10000,10000,false,,,10.49,Core,Core,0.66,0,,0,52727,787,Source One Financial Services,CA, emily stratton,0,0,FL291,Core
252115,thovey,19182.74,144,Auto Approval,"Ron Hoover Companies of Corpus Christi, Inc -TX278",Ron Hoover,TX,Corpus Christi,2026-08-24,2026-08-26,,2021,Boat,Used,,23.69,2.57,gott,,2834,10.74,5000,5000,false,,,12.24,Core,Core,1,0,,0,19260,683,Source One Financial Services,TX, david carrillo,1,1,TX278,Core
251988,mnava,57355.85,240,Decline,ANGLERS CHOICE - LEXINGTON - NC101,,NC,LEXINGTON,2026-08-24,2026-08-24,,2026,Boat,New,,57.8,8.4,jsmith,,56,9.74,6100,6100,false,,,11.24,Core,Core,0.91,0,,0,62961,700,Source One Financial Services,NC, lee parker,0,0,NC101,Core
252067,ccampos,119688.05,240,Decline,Walnut Ridge Family RV Sales -IN101,,IN,New Castle,2026-08-24,,,2026,RV,New,649,36.94,7.54,jharrington1,,30,12.49,12000,12000,false,,,13.49,Silver 1,Not Applicable,1.05,0,,0,113485,678,Connexus Credit Union,IN, justin lee,0,0,IN101,Not Applicable
251863,eavila,31502.79,180,Approved,Rock Solid Funding LLC - TX536,RSF,TX,BEDFORD,2026-08-24,2026-08-24,,2022,RV,Used,753,36.29,3.54,S1House,,24,7.99,0,0,false,,,9.49,Core,Core,1.11,0,,0,28450,813,Source One Financial Services,SC, serena pulliam,1,1,TX536,Core
251756,avera,53158.14,240,Auto Approval,Freedom RV LLC - TX490,Canopy Financial,TX,Dodd City,2026-08-24,2026-08-24,,2026,RV,New,,44.78,4.52,gott,,366,7.99,0,5240,false,,,9.49,Core,Core,1.26,0,,0,42044,795,Source One Financial Services,TX, matt kurtz,1,1,TX490,Core
251958,eavila,43485.68,204,Conditional Approval,RV TRUCK SALES LLC - MT100,,MT,MISSOULA,2026-08-24,2026-08-24,,2025,RV,New,679,30.12,5.68,dzilberchtein,,15,9.99,0,-7602.68,false,,,11.49,Core,Core,1.14,0,,0,37985,692,Source One Financial Services,MT, brian giffin,1,1,MT100,Core
251930,hhisek,67502.98,216,Auto Approval,Fun Town RV - Las Vegas - NV116,Fun Town,NV,Las Vegas,2026-08-24,2026-08-24,,2026,RV,New,,27.05,9.6,ljablonoski,,38,9.99,2000,3047.76,false,,,11.49,Core,Core,1.17,0,,0,57813,754,Source One Financial Services,NV, julie ronquillo,1,1,NV116,Core
251918,jharrington1,27965.01,180,Approved,The Outpost RV Inc -IN144,,IN,Middlebury,2026-08-24,2026-08-24,,2026,RV,New,,23.08,1.87,jharrington1,,41,7.24,1300,1300,false,,,8.74,Core,Core,0.85,0,,0,32829,842,Source One Financial Services,IL,,1,1,IN144,Core
251864,jharrington1,111070.12,240,Decline,RCD Sales Co. LTD -OH127,,OH,Pataskala,2026-08-24,,,2026,RV,New,,28.45,10.94,jharrington1,,32,8.74,10000,10000,false,,,10.24,Core,Core,0.97,0,,0,114292,776,Source One Financial Services,OH, kevin seitz,0,0,OH127,Core
251855,hhisek,32897.23,180,Booked,Ron Hoover - Georgetown - TX497,Ron Hoover,TX,Georgetown,2026-08-24,2026-08-25,2026-08-25,2025,RV,New,,24.75,5.05,gott,1842,1810,9.74,0,0,false,31,1,11.24,Core,Core,1.06,1973.83,6,0,31160,725,Source One Financial Services,TX, edgar duran,1,0,TX497,Core
251965,jharrington1,44345.4,144,Conditional Approval,OWENSBORO RV - KY119,,KY,OWENSBORO,2026-08-24,2026-08-24,,2026,RV,New,,23.38,12.66,jharrington1,,14,7.49,10000,10500,false,,,8.99,Core,Core,0.94,0,,0,47335,843,Source One Financial Services,KY, scott stacy,1,1,KY119,Core
252097,thovey,92411.11,240,Decline,General RV Center - Longmont - CO156,General RV,CO,Longmont,2026-08-24,,,2025,RV,New,,51.57,10.2,dzilberchtein,,7,9.99,1000,13500,false,,,11.49,Core,Core,1.13,0,,0,81996,711,Source One Financial Services,CO, tim mccorkle,0,0,CO156,Core
251764,jharrington1,44605.74,180,Decline,Fretz RV -PA126,,PA,Souderton,2026-08-24,,,2011,RV,Used,,47.08,8.24,jharrington1,,20,10.99,4600,4600,false,,,12.49,Core,Core,1.17,0,,0,38060,741,Source One Financial Services,PA, tony eidle,0,0,PA126,Core
251776,hhisek,76469.94,180,Conditional Approval,FUN TOWN RV CONROE -TX400,Fun Town,TX,CONROE,2026-08-24,2026-08-24,,2025,RV,New,,33.03,12.41,gott,,237,8.64,8000,8000,false,,,9.39,Silver 1,Not Applicable,0.84,0,,0,91240,656,Ideal Credit Union,TX, michal procek,1,1,TX400,Not Applicable
252134,pmeza,86443.27,240,Decline,Blue Compass RV - Katy - TX571,Blue Compass,TX,Katy,2026-08-24,,,2026,RV,New,,24.67,7.78,gott,,810,13.74,15000,15000,false,,,14.74,Silver 1,Not Applicable,0.89,0,,0,96650,648,Connexus Credit Union,TX, kevin miranda,0,0,TX571,Not Applicable
252125,,23395,180,Auto Decline,Blue Compass RV - Charleston - SC138,Blue Compass,SC,Ladson,2026-08-24,,,2024,RV,Used,,13.4,5.45,jsmith,,0,14.99,2000,2000,false,,,15.99,Silver 2,Silver 2,0.72,0,,0,32300,638,Source One Financial Services,SC,,0,0,SC138,Silver
252065,hhisek,59598.81,240,Auto Approval,JEFF COUCHS CAMPERS -OH107,Jeff Couchs,OH,Trenton,2026-08-24,2026-08-26,,2027,RV,New,,18.34,2.47,jharrington1,,2649,7.49,6700,6700,false,,,8.49,Core,Not Applicable,0.8,0,,0,74125,727,Connexus Credit Union,OH, derek hensley,1,1,OH107,Not Applicable
252016,hhisek,40909.83,180,Auto Approval,Fun Town RV Dallas -TX327,Fun Town,TX,Fate,2026-08-24,2026-08-24,,2023,RV,Used,722,32.85,1.95,gott,,12,10.24,0,0,false,,,11.74,Core,Core,0.8,0,,0,51350,730,Source One Financial Services,TX, brenden boggs,1,1,TX327,Core
251777,sbaker,19209.74,144,Decline,Rock Solid Funding LLC - TX536,RSF,TX,BEDFORD,2026-08-24,,,2016,RV,Used,567,46.41,2.13,S1House,,27,8.49,0,0,false,,,9.99,Core,Core,0.83,0,,0,23150,803,Source One Financial Services,FL, caleb grassi,0,0,TX536,Core
251847,jharrington1,49928.74,240,Auto Approval,Sky Marine - Orlando - FL307,,FL,Sanford,2026-08-24,2026-08-24,,2027,Boat,New,,28.79,3.09,pcarter,,83,7.24,3500,3500,false,,,8.74,Core,Core,1.3,0,,0,38515,827,Source One Financial Services,FL, lisa pruchniewski,1,1,FL307,Core
251804,Jhill,13119.14,144,Auto Approval,Gregg Orr Marine -TX365,,TX,TEXARKANA,2026-08-24,2026-08-24,,2015,Boat,Used,,47.99,1.73,jweller,,1,10.49,2000,2000,false,,,11.99,Core,Core,1.02,0,,0,12860,759,Source One Financial Services,AR, justin jones,1,1,TX365,Core
251915,,67874.68,240,Auto Decline,AC Nelsen RV World -MN5005,,MN,SHAKOPEE,2026-08-24,,,2027,RV,Used,,23.83,13.19,dzilberchtein,,0,14.99,3000,3000,false,,,15.99,Silver 2,Silver 2,0.99,0,,0,68564,634,Source One Financial Services,MN,,0,0,MN5005,Silver
251766,rsimmons,35574.48,180,Auto Approval,CRESTVIEW RV SUPERSTORE - SELMA - TX484,Campers Inn,TX,SELMA,2026-08-24,2026-08-24,,2027,RV,New,,30.53,5.27,gott,,252,9.99,2000,2000,false,,,11.49,Core,Core,1.01,0,,0,35350,714,Source One Financial Services,TX, tom allen,1,1,TX484,Core
251948,eavila,93772.79,180,Decline,Rock Solid Funding LLC - TX536,RSF,TX,BEDFORD,2026-08-24,2026-08-24,,2024,RV,Used,,52.61,11.18,S1House,,4102,10.49,5000,5000,false,,,11.24,Core,Core,0.88,0,,0,106215,755,Source One Financial Services,NM, ashley rogers,0,0,TX536,Core
251814,thovey,71429.75,240,Approved,CAMPERLAND OF OKLAHOMA - OK129,,OK,TULSA,2026-08-24,2026-08-24,,2026,RV,New,684,41.23,4.96,jweller,,27,9.24,7500,7500,false,,,10.99,Core,Core,0.88,0,,0,81276,725,Source One Financial Services,TX, joe sexson,1,1,OK129,Core
252044,ccampos,146955.88,240,Decline,NewCoast - Boatzon - FL356,Marine Max,FL,Oldsmar,2026-08-24,,,2023,Boat,Used,,27.82,12.31,S1House,,65,10.24,20000,20000,false,,,11.74,Core,Not Applicable,0.91,0,,0,160925,737,Connexus Credit Union,TX, michael mclamb,0,0,FL356,Not Applicable
251934,pmeza,20252.88,168,Booked,Titan Auto & Rv Sales - AR117,,AR,Searcy,2026-08-24,2026-08-24,2026-08-24,2026,RV,Used,,16.64,3.22,jweller,380,51,7.99,0,0,false,14,315,8.74,Core,Core,1.24,607.59,3,0,16300,793,Source One Financial Services,AR, dylan melton,1,0,AR117,Core
252057,,21695,120,Auto Decline,"Rapid Sport Marine Center, Inc.-Rogers -MN3013",,MN,Rogers,2026-08-24,,,2017,Boat,New,,30.96,3.62,dzilberchtein,,0,22.99,500,500,false,,,23.99,Bronze,Bronze,1.21,0,,0,18000,522,Source One Financial Services,MN,,0,0,MN3013,Business First
251957,rsimmons,56993.38,240,Auto Approval,"Ron Hoover Companies of Donna, Inc -Tx277",Ron Hoover,TX,Donna,2026-08-24,2026-08-24,,2020,RV,Used,723,38.04,4.13,gott,,172,10.24,1000,6200,false,,,11.74,Core,Core,0.94,0,,0,60490,733,Source One Financial Services,TX, julio pena,1,1,TX277,Core
251901,sbaker,37269.75,180,Auto Approval,"PANAMA CITY CYCLES, INC. - FL290",,FL,Panama City,2026-08-24,2026-08-25,,2027,Boat,New,708,44.85,2.72,wstoutimore,,1559,8.74,2500,2500,false,,,10.24,Core,Core,1.18,0,,0,31621,764,Source One Financial Services,AL, brandon hartley,1,1,FL290,Core
252117,eavila,23139.3,180,Decline,Roy's RV Adventures LLC - FL327,,FL,Tallahassee,2026-08-24,,,2027,RV,New,,52.62,3.84,wstoutimore,,29,14.99,2500,2500,false,,,15.99,Silver 2,Silver 2,0.9,0,,0,25682.8,631,Source One Financial Services,TX, aliya purtee,0,0,FL327,Silver
251832,jharrington1,57676.94,240,Decline,"Freedom Outdoors of Southern Ohio, Inc. -OH148",,OH,Wheelersburg,2026-08-24,,,2025,Boat,Used,721,11.46,3.62,jharrington1,,66,9.49,5000,20000,false,,,10.99,Core,Core,0.88,0,,0,65370,741,Source One Financial Services,KY, russell jay,0,0,OH148,Core
251986,,170792,240,Auto Decline,"Vantage Recreational Finance, Inc. -FL291",VRF,FL,FORT LAUDERDALE,2026-08-24,,,2027,Boat,New,,18.57,7.65,S1House,,0,14.99,30000,30000,false,,,15.99,Silver 2,Silver 2,0.92,0,,0,185690,628,Source One Financial Services,NC,,0,0,FL291,Silver
251794,jharrington1,28059.7,180,Approved,Best Choice Trailers & RV-PA123,Canopy Financial,PA,Irwin,2026-08-24,2026-08-24,,2022,RV,Used,,41.2,6.53,jharrington1,,13,7.99,0,0,false,,,9.49,Core,Core,0.88,0,,0,32050,802,Source One Financial Services,PA, mac mclelland,1,1,PA123,Core
252101,pmeza,20329.75,180,Auto Approval,Blue Compass RV - Park City-KS117,Blue Compass,KS,Park City,2026-08-24,2026-08-25,,2021,RV,Used,,40.42,2.24,jweller,,1074,10.49,2000,2000,false,,,11.99,Core,Core,1.17,0,,0,17400,718,Source One Financial Services,KS, hailli barnes,1,1,KS117,Core
252075,mlomedico,90134,180,Auto Approval,"Vantage Recreational Finance, Inc. -FL291",VRF,FL,FORT LAUDERDALE,2026-08-24,2026-08-24,,2025,RV,Used,,39.14,5.29,S1House,,79,9.99,4415,4415,false,,,11.49,Core,Core,0.67,0,,0,135350,709,Source One Financial Services,IL, alphonzo bowe,1,1,FL291,Core
252102,,51728.36,240,Auto Decline,OPTIMUM RV Titusville - FL165,Optimum RV,FL,MIMS,2026-08-24,,,2021,RV,Used,,31.05,11.59,pcarter,,0,15.74,7000,7000,false,,,16.74,Silver 2,Silver 2,1.2,0,,0,43065,631,Source One Financial Services,FL,,0,0,FL165,Silver
252077,,22441,120,Auto Decline,BISH'S RV OF GREAT FALLS - MT104,Bish's RV,MT,GREAT FALLS,2026-08-24,,,2025,RV,New,626,13.86,5.48,dzilberchtein,,0,14.99,2500,2500,false,,,15.99,Silver 2,Silver 2,0.58,0,,0,38491,626,Source One Financial Services,MT,,0,0,MT104,Silver
251830,hhisek,24219,180,Decline,DADS CAMPER OUTLET - PICAYUNE - MS101,,MS,PICAYUNE,2026-08-24,,,2020,RV,Used,,15.19,4.86,jsmith,,39,22.99,2500,2500,false,,,23.99,Silver 1,Silver 1,0.9,0,,0,26800,667,Source One Financial Services,LA, austin carney,0,0,MS101,Silver
252106,eavila,25919,140,Auto Approval,"Vantage Recreational Finance, Inc. -FL291",VRF,FL,FORT LAUDERDALE,2026-08-24,2026-08-25,,2015,Boat,Used,,32.86,1.77,S1House,,1469,10.49,1500,1500,false,,,11.99,Core,Core,0.92,0,,0,28260,748,Source One Financial Services,TX, joe lary,1,1,FL291,Core
251822,rsimmons,71392.23,240,Verifications Incomplete,Blue Compass - Mobile - AL170,Blue Compass,AL,Theodore,2026-08-24,2026-08-25,,2026,RV,New,,21.88,6.65,jsmith,,1947,7.99,3000,3000,false,,0,9.49,Core,Core,1.3,0,,0,54904,798,Source One Financial Services,MS, dylan howard,1,1,AL170,Core
251980,eavila,28234.87,180,Approved,GREAT AMERICAN RV SUPERSTORE-TUPELO - MS114,,MS,BELDEN,2026-08-24,2026-08-24,,2026,RV,New,,17.84,2.39,jsmith,,166,7.49,500,500,false,,,8.99,Core,Core,1.29,0,,0,21884,819,Source One Financial Services,MS, dj miller,1,1,MS114,Core
251806,sbaker,15812.11,168,Auto Approval,The Boat Dock LTD - IL214,,IL,Springfield,2026-08-24,2026-08-25,,2020,Boat,Used,,3.44,3,gcoulombe,,1854,7.99,3000,4000,false,,,9.49,Core,Core,0.71,0,,0,22210,815,Source One Financial Services,IL, jd harris,1,1,IL214,Core
251977,rsimmons,71841.71,240,Auto Approval,Campers Inn RV of Knoxville E - TN160,Campers Inn,TN,Knoxville,2026-08-24,2026-08-24,,2027,RV,New,804,37.16,6.4,jsmith,,22,7.99,10000,10000,false,,,9.49,Core,Core,1.11,0,,0,64937,785,Source One Financial Services,TN, radu puraci,1,1,TN160,Core
252111,,56208.8,180,Auto Decline,M&M Watersports - UT120,,UT,Springville,2026-08-24,,,2014,Boat,Used,,23.55,5.15,ljablonoski,,0,16.74,5800,5800,false,,,17.74,Silver 2,Silver 2,1.06,0,,0,53113.5,633,Source One Financial Services,ID,,0,0,UT120,Silver
252105,hhisek,55045.16,204,Conditional Approval,BLUE COMPASS RV - DALLAS - TX147,Blue Compass,TX,Mesquite,2026-08-24,2026-08-24,,2022,RV,Used,,28.51,4.31,gott,,10,10.74,2600,2600,false,,,12.24,Core,Core,0.88,0,,0,62500,689,Source One Financial Services,LA, canyon downing,1,1,TX147,Core
252032,pmeza,174397.94,240,Auto Approval,Ugly Johns Custom Boats LLC - OK136,,OK,Afton,2026-08-24,2026-08-24,,2023,Boat,Used,,20.22,3.49,jweller,,27,7.74,18000,18000,false,,,9.24,Core,Core,0.99,0,,0,175685,822,Source One Financial Services,AR, eric fatkin,1,1,OK136,Core
251873,Jhill,25674.79,120,Decline,"Ron Hoover Companies of Donna, Inc -Tx277",Ron Hoover,TX,Donna,2026-08-24,,,2026,RV,New,,7.91,5.24,gott,,10,12.49,2500,2500,false,,,13.49,Silver 1,Silver 1,1.21,0,,0,21180,678,Source One Financial Services,TX, julio pena,0,0,TX277,Silver
252085,hhisek,79070.94,180,Decline,GIBBS OUTDOOR and RECREATION - TX454,,TX,WACO,2026-08-24,,,2027,RV,New,,38.42,15.67,gott,,6,10.24,1000,1000,false,,,11.74,Core,Core,1.01,0,,0,78041,684,Source One Financial Services,TX, colby longenbaugh,0,0,TX454,Core
251942,edominguez,27371.08,180,Auto Approval,UNLIMITED RV - MO192,,MO,INDEPENDENCE,2026-08-24,2026-08-24,,2026,RV,Used,,30.19,3.97,jweller,,448,12.49,7000,7000,false,,,13.49,Silver 1,Silver 1,0.64,0,,0,42600,663,Source One Financial Services,MO, nate donaldson,1,1,MO192,Silver
252006,avera,15357,144,Auto Approval,RV Value Mart-Asheboro-NC140,,NC,Franklinville,2026-08-24,2026-08-24,,2022,RV,Used,,23.29,2.66,jsmith,,40,13.24,1643,1643,false,,,14.24,Silver 1,Silver 1,0.71,0,,0,21700,668,Source One Financial Services,NC, chase rhodes,1,1,NC140,Silver
251951,mnava,45902.27,204,Decline,BYRON POWERSPORTS LLC - GA140,,GA,BYRON,2026-08-24,,,2026,RV,New,,50.21,2.2,jsmith,,57,10.24,10000,18000,false,,,11.74,Core,Core,0.87,0,,0,52947,693,Source One Financial Services,GA, tom bulger,0,0,GA140,Core
251971,Jhill,33958.51,180,Auto Approval,Ron Hoover - Georgetown - TX497,Ron Hoover,TX,Georgetown,2026-08-24,2026-08-24,,2026,RV,New,,49.97,8.36,gott,,166,9.49,0,0,false,,,10.99,Core,Core,1.12,0,,0,30220,748,Source One Financial Services,TX, edgar duran,1,1,TX497,Core
252112,ccampos,18304.58,168,Auto Approval,DADS CAMPER OUTLET - LUCEDALE - MS102,,MS,LUCEDALE,2026-08-24,2026-08-25,,2022,RV,Used,,45.08,6.75,jsmith,,1089,9.24,1600,1600,false,,,10.74,Core,Core,1.01,0,,0,18050,764,Source One Financial Services,MS, ricky arnaud,1,1,MS102,Core
251947,jharrington1,28059.7,180,Decline,Best Choice Trailers & RV-PA123,Canopy Financial,PA,Irwin,2026-08-24,,,2022,RV,Used,475,24.19,3.46,jharrington1,,6,7.99,0,0,false,,,9.49,Core,Core,0.8,0,,0,35255,802,Source One Financial Services,PA, mac mclelland,0,0,PA123,Core
251789,rsimmons,30333.59,180,Decline,Bish's RV of Birmingham - AL172,Bish's RV,AL,calera,2026-08-24,,,2026,RV,New,,33.24,8.8,jsmith,,9,12.49,2000,2000,false,,,13.49,Silver 1,Silver 1,1,0,,0,30335.85,678,Source One Financial Services,AL, chad knight,0,0,AL172,Silver
251761,lgrace,31996.72,180,Auto Approval,Cedar City RV  - ETN103,EPIC,TN,Lebanon,2026-08-24,2026-08-27,,2016,RV,Used,,8.57,6.6,S1House,,4739,10.99,1500,1500,false,,,12.49,Core,Core,0.86,0,,0,37300,708,Source One Financial Services,TN, mia williams,1,1,ETN103,Core
251846,thovey,15563.68,144,Auto Approval,Moix RV - McGaugh Outpost - AR136,,AR,Springdale,2026-08-24,2026-08-24,,2018,RV,Used,781,19.75,1.53,jweller,,16,8.99,1600,1600,false,,,10.49,Core,Core,1.1,0,,0,14150,802,Source One Financial Services,AR, bobby wood,1,1,AR136,Core
251834,Jhill,41795.84,180,Auto Approval,Ron Hoover - San Antonio - TX500,Ron Hoover,TX,San Antonio,2026-08-24,2026-08-24,,2017,Boat,Used,,34.73,5.3,gott,,328,10.49,0,0,false,,,11.99,Core,Core,1.09,0,,0,38200,741,Source One Financial Services,TX, trevor lemasters,1,1,TX500,Core
251853,pmeza,66789.67,240,Auto Approval,General RV - Tampa - FL238,General RV,FL,Dover,2026-08-24,2026-08-24,,2026,RV,Used,796,35.49,5.18,wstoutimore,,200,8.24,15000,15000,false,,,8.99,Core,Core,0.78,0,,0,85100,863,Source One Financial Services,IN, tommy miranda,1,1,FL238,Core
251895,lgrace,125567.94,240,Decline,Beckley's Camping Center - MD111,,MD,Thurmont,2026-08-24,,,2026,RV,New,662,37.29,13.01,gcoulombe,,107,9.99,13000,13000,false,,,11.49,Core,Core,1.1,0,,0,114605,707,Source One Financial Services,PA, justin todd,0,0,MD111,Core
252026,sbaker,170404.4,240,Booked,"Vantage Recreational Finance, Inc. -FL291",VRF,FL,FORT LAUDERDALE,2026-08-24,2026-08-25,2026-08-25,2025,Boat,New,,44.43,10.27,S1House,1624,1522,8.99,5000,23000,false,89,13,10.24,Core,Core,1.22,8520.22,5,0,139434,758,Source One Financial Services,TX, emily stratton,1,0,FL291,Core
251981,pmeza,14778.79,120,Auto Approval,WEHR FORD OF MTN. GROVE - 2ND LOCATION- MO186,,MO,MTN. GROVE,2026-08-24,2026-08-26,,2015,RV,Used,731,4.62,0.41,jweller,,2705,8.49,2000,2000,false,,,9.99,Core,Core,0.96,0,,0,15350,802,Source One Financial Services,MO, chase barnes,1,1,MO186,Core
251875,hhisek,40239.62,180,Decline,GREAT AMERICAN RV SUPERSTORE-HATTIESBURG - MS113,,MS,HATTIESBURG,2026-08-24,,,2026,RV,New,,71.31,11.67,jsmith,,6,10.24,5000,5000,false,,,11.74,Core,Core,0.97,0,,0,41280,685,Source One Financial Services,MS, ryan campbell,0,0,MS113,Core
251758,lgrace,23570,204,Conditional Approval,ADVENTURE MOTORHOMES - SC118,,SC,GREEER,2026-08-24,2026-08-24,,2022,RV,Used,686,21.98,3.54,jsmith,,105,10.74,2600,2600,false,,,12.24,Core,Core,0.83,0,,0,28500,692,Source One Financial Services,SC, keith palmer,1,1,SC118,Core
251807,jharrington1,19793.33,180,Decline,Buckeye RV LLC -OH225,,OH,Jefferson,2026-08-24,,,2025,RV,New,,36.81,4.72,jharrington1,,24,13.74,2000,2000,false,,,14.74,Silver 1,Silver 1,0.67,0,,0,29645,645,Source One Financial Services,OH, ryan zimbric,0,0,OH225,Silver
251925,hhisek,57656.7,180,Auto Approval,Boaters World - Bradenton - FL229,,FL,Bradenton,2026-08-24,2026-08-25,,2019,Boat,Used,,35.73,4.24,wstoutimore,,1182,13.74,10000,10000,false,,,14.74,Silver 1,Silver 1,0.92,0,,0,62400,668,Source One Financial Services,FL, stephen dimauro,1,1,FL229,Silver
251926,sbaker,40673.12,240,Decline,BLUE COMPASS RV - BOERNE - TX422,Blue Compass,TX,Boerne,2026-08-24,,,2027,RV,New,,9.51,5.71,gott,,20,9.74,5500,5500,false,,,11.24,Core,Core,0.94,0,,0,43105.25,733,Source One Financial Services,TX, nicholas flagg,0,0,TX422,Core
251845,Jhill,43519.6,180,Booked,Gil Cherry Family RV Center LLC -TX130,,TX,Sweetwater,2026-08-24,2026-08-24,2026-08-26,2025,RV,New,,18.64,3.68,gott,3247,109,10.24,4000,4000,false,3130,8,11.74,Core,Core,1.11,2611.18,6,0,39323,691,Source One Financial Services,NV, pierre simmons,1,0,TX130,Core
251974,,32773.79,180,Auto Decline,Blue Compass RV - Katy - TX571,Blue Compass,TX,Katy,2026-08-24,,,2021,RV,Used,,36.36,7.27,gott,,0,22.99,10000,10000,false,,,23.99,Bronze,Bronze,0.88,0,,0,37070,618,Source One Financial Services,TX,,0,0,TX571,Business First
252092,,48917.37,180,Auto Decline,Transwest - CO109,,CO,Frederick,2026-08-24,,,2018,RV,Used,666,15.14,2.35,dzilberchtein,,0,13.49,0,0,true,,,15.49,Business First,Business First,1.12,0,,0,43670,,Source One Financial Services,CO,,0,0,CO109,Business First
252060,ccampos,36485.25,204,Auto Approval,General RV - Richmond - VA117,General RV,VA,Ashland,2026-08-24,2026-08-24,,2026,RV,New,774,29.93,3.12,jsmith,,22,7.49,3000,3700,false,,,8.99,Core,Core,1.22,0,,0,29975,848,Source One Financial Services,VA, tim mccorkle,1,1,VA117,Core
251962,jharrington1,9355.88,96,Approved,J Burton Auto Sales LLC-KY145,Warrior Performance,KY,Bardstown,2026-08-24,2026-08-24,,2023,RV,Used,,31.24,1.86,jharrington1,,27,11.49,500,500,false,,,11.99,Core,Core,0.71,0,,0,13100,704,Source One Financial Services,KY, dave waters,1,1,KY145,Core
252028,rsimmons,94489.72,204,Decline,Optimum RV - La Feria - TX512,Optimum RV,TX,La Ferua,2026-08-24,,,2023,RV,Used,,35.27,7.42,gott,,10,13.24,10000,10000,false,,,14.24,Silver 1,Silver 1,0.85,0,,0,111550,667,Source One Financial Services,TX, juan vasquez,0,0,TX512,Silver
252007,,320135,240,Auto Decline,General RV - Richmond - VA117,General RV,VA,Ashland,2026-08-24,,,2026,RV,Used,,43.36,43.36,jsmith,,0,22.99,34000,34000,false,,,23.99,Bronze,Bronze,1.06,0,,0,300729,,Source One Financial Services,VA,,0,0,VA117,Business First
251907,jharrington1,42173,180,Decline,Best Choice Trailers & RV-PA123,Canopy Financial,PA,Irwin,2026-08-24,,,2026,RV,New,675,43.59,6.51,jharrington1,,11,9.74,200,200,false,,,11.24,Core,Core,1.07,0,,0,39539,739,Source One Financial Services,PA, mac mclelland,0,0,PA123,Core
251780,avera,57172.95,204,Conditional Approval,PPL MOTORHOMES - SUMMERFIELD - FL194,,FL,SUMMERFIELD,2026-08-24,2026-08-24,,2024,RV,Used,,34.88,4.87,pcarter,,34,13.24,15000,15000,false,,,14.24,Silver 1,Silver 1,0.66,0,,0,86000,648,Source One Financial Services,AL, connor cockfield,1,1,FL194,Silver
252104,mlomedico,48330.66,240,Auto Approval,Campers Unlimited - Gadsden-AL152,,AL,Gadsden,2026-08-24,2026-08-24,,2023,RV,Used,,22.76,3.73,jsmith,,11,9.99,3000,5400,false,,,11.49,Core,Core,0.94,0,,0,51400,759,Source One Financial Services,AL, david tyler,1,1,AL152,Core
251944,pmeza,174397.94,180,Auto Approval,Ugly Johns Custom Boats LLC - OK136,,OK,Afton,2026-08-24,2026-08-24,,2023,Boat,Used,672,25.25,2.56,jweller,,96,7.49,18000,18000,false,,,8.74,Core,Not Applicable,0.99,0,,0,175685,816,Ideal Credit Union,AR, eric fatkin,1,1,OK136,Not Applicable
251836,hhisek,44072.74,180,Decline,SMITH MOTOR CO OF HATTIESBURG INC - MS107,,MS,HATTIESBURG,2026-08-24,,,2027,Boat,New,672,34.87,2.11,jsmith,,35,9.74,3000,3000,false,,,11.24,Core,Core,1.23,0,,0,35941.4,723,Source One Financial Services,LA, elizabeth aycox,0,0,MS107,Core
251960,eavila,11973.5,120,Approved,PREMIER RV LLC - IA217,,IA,BLUE GRASS,2026-08-24,2026-08-24,,2017,RV,Used,,33.97,2.06,gcoulombe,,41,10.99,2000,2000,false,,,12.49,Core,Core,1.14,0,,0,10500,684,Source One Financial Services,IA, kelly scott,1,1,IA217,Core
251919,jharrington1,60511,240,Decline,RV LEADERS - PA108,,PA,ADAMSBURG,2026-08-24,,,2026,RV,New,,35.29,6.12,jharrington1,,43,12.49,7000,7000,false,,,13.49,Silver 1,Silver 1,1,0,,0,60345,673,Source One Financial Services,SC, patty atkinson,0,0,PA108,Silver
252003,avera,30000,180,Conditional Approval,Blue Compass RV - Spartanburg - SC144,Blue Compass,SC,Duncan,2026-08-24,2026-08-24,,2026,RV,New,,35.3,4.87,jsmith,,112,7.24,11450,11450,false,,,8.24,Core,Not Applicable,0.64,0,,0,46934,764,Connexus Credit Union,SC, john balma,1,1,SC144,Not Applicable
252109,pmeza,30452.81,144,Conditional Approval,Cycle Springs Powersports - FL311,,FL,Clearwater,2026-08-24,2026-08-24,,2021,Boat,Used,,20.85,2.9,wstoutimore,,80,12.24,3400,3400,false,,,12.24,Silver 1,Not Applicable,1,0,,0,30550,662,Connexus Credit Union,FL, jt beaty,1,1,FL311,Not Applicable
252098,hhisek,28206.39,180,Auto Approval,CAMPERS INN RV OF MADISON - AL116,Campers Inn,AL,MADISON,2026-08-24,2026-08-25,,2026,RV,New,710,19.33,1.4,jsmith,,1122,9.74,7500,7500,false,,,11.24,Core,Core,0.81,0,,0,34879,732,Source One Financial Services,AL, robert orwat,1,1,AL116,Core
251838,Jhill,42981.2,180,Auto Approval,Premier Yamaha Boating Center/Aransas -TX209,,TX,Aransas,2026-08-24,2026-08-25,,2020,Boat,Used,730,36.9,5.39,gott,,1692,10.24,0,0,false,,,11.74,Core,Core,1.04,0,,0,41270,733,Source One Financial Services,LA, ashton janise,1,1,TX209,Core
251835,hhisek,64952.9,240,Decline,Campers Inn RV of Knoxville E - TN160,Campers Inn,TN,Knoxville,2026-08-24,,,2026,RV,New,,43.09,16.89,jsmith,,34,12.49,10000,10000,false,,,13.49,Silver 1,Silver 1,0.98,0,,0,66153.32,668,Source One Financial Services,KY, radu puraci,0,0,TN160,Silver
251763,,230371,240,Auto Decline,RV Select-FL270,,FL,Seffner,2026-08-24,,,2017,RV,Used,,50.79,26.7,wstoutimore,,0,11.24,40000,40000,false,,,12.74,Core,Core,0.89,0,,0,259400,686,Source One Financial Services,WI,,0,0,FL270,Core
251859,ccampos,100724,204,Auto Approval,BLUE COMPASS RV NEW HAMPSHIRE-NH109,Blue Compass,NH,EPSOM,2026-08-24,2026-08-24,,2026,RV,New,857,5.67,5.43,gcoulombe,,132,9.49,10000,42500,true,,,11.49,Business First,Business First,0.71,0,,0,142000,,Source One Financial Services,NH, xan peterson,1,1,NH109,Business First
252068,ccampos,65252.4,214,Auto Approval,Meyers RV Sales & Marine - Sayre - PA149,,PA,Sayre,2026-08-24,2026-08-27,,2017,RV,Used,,22.19,7.62,jharrington1,,4386,10.99,4300,2866,false,,,12.49,Core,Core,1.25,0,,0,52000,700,Source One Financial Services,PA, chirs crowley,1,1,PA149,Core
251945,ahunt,33063.03,180,Auto Approval,Southern Mud Sports of the Midwest - IA225,,IA,Blue Grass,2026-08-24,2026-08-24,,2026,Boat,New,,25.58,5.41,gcoulombe,,376,9.49,3348,3348,false,,,10.99,Core,Core,1.13,0,,0,29197.5,741,Source One Financial Services,WI, jeff cantey,1,1,IA225,Core
252091,,7682,72,Auto Decline,TRAILER SOURCE INC - CO127,,CO,WHEAT RIDGE,2026-08-24,,,2011,RV,Used,,47.37,2.03,dzilberchtein,,0,15.74,800,800,false,,,16.24,Silver 1,Silver 1,0,0,,0,0,678,Source One Financial Services,CO,,0,0,CO127,Silver
251993,rsimmons,38222.7,180,Decline,RV STATION-INEZ TX443,,TX,INEZ,2026-08-24,,,2026,RV,New,,27.5,2.49,gott,,6,12.49,1500,11500,false,,,13.49,Silver 1,Silver 1,0.82,0,,0,46424,664,Source One Financial Services,TX, alan marquez,0,0,TX443,Silver
251916,jharrington1,85538.05,220,Auto Approval,Fun Town RV Factory Connect LLC-IN205,Fun Town,IN,Elkhart,2026-08-24,2026-08-25,,2026,RV,New,,38.04,5.97,jharrington1,,1543,9.99,8700,8700,false,,,11.49,Core,Core,1.24,0,,0,68724,703,Source One Financial Services,FL, trever rizor,1,1,IN205,Core
252084,thovey,21971,144,Verifications Incomplete,CAMPING NATION RVS LLC - AZ322,,AZ,MESA,2026-08-24,2026-08-26,,2021,RV,Used,843,14.28,4.9,edominguez,,2828,7.99,1000,1000,false,,12,8.99,Core,Core,1.1,878.84,4,0,20000,832,Source One Financial Services,AZ, zachary booth,1,1,AZ322,Core
251843,lgrace,70416.25,240,Decline,Direct Automotive Transport - NC123,,NC,Monroe,2026-08-24,,,2026,RV,New,,69.25,12.36,jsmith,,69,9.74,0,23000,false,,,11.24,Core,Core,0.69,0,,0,101618,732,Source One Financial Services,SC, richard abi-nadar,0,0,NC123,Core
252121,eavila,40177.93,180,Auto Approval,Fun Town RV-Giddings -TX314,Fun Town,TX,Giddings,2026-08-24,2026-08-27,,2026,RV,New,643,33.72,2.66,gott,,4384,9.74,1599,1599,false,,,11.24,Core,Core,1.03,0,,0,39103,734,Source One Financial Services,NV, thomas jordan,1,1,TX314,Core
252029,hhisek,47971.6,180,Auto Approval,Fun Town RV - North Detroit - MI447,Fun Town,MI,North Detroit,2026-08-24,2026-08-24,,2026,RV,New,,47.12,2.44,dzilberchtein,,83,7.49,0,0,false,,,8.99,Core,Core,0.94,0,,0,51025,808,Source One Financial Services,TX, tara back,1,1,MI447,Core
251770,ccampos,27095.7,180,Auto Approval,ANGLERS CHOICE - LEXINGTON - NC101,,NC,LEXINGTON,2026-08-24,2026-08-24,,2026,Boat,New,647,32.6,2.38,jsmith,,123,9.49,2800,2800,false,,,10.99,Core,Core,0.91,0,,0,29668,756,Source One Financial Services,NC, lee parker,1,1,NC101,Core
251946,,70912.48,240,Auto Decline,"Kris Willis RV, LLC -MO127",,MO,Dexter,2026-08-24,,,2027,RV,New,,82.54,29.33,jweller,,0,22.99,2000,2000,false,,,23.99,Bronze,Bronze,0.9,0,,0,78957,457,Source One Financial Services,AR,,0,0,MO127,Business First
251966,ccampos,11748.58,120,Auto Approval,GEORGIA RV OUTLET LLC - GA107,,GA,CARTERSVILLE,2026-08-24,2026-08-24,,2022,RV,Used,,20.63,1.48,jsmith,,17,9.24,0,0,false,,,10.74,Core,Core,0.66,0,,0,17800,763,Source One Financial Services,GA, shawn deuber,1,1,GA107,Core
252074,mlomedico,30612,180,Decline,BISH'S RV OF BOZEMAN - MT103,Bish's RV,MT,BOZEMAN,2026-08-24,,,2026,RV,New,589,32.73,5.21,dzilberchtein,,30,13.74,100,100,false,,,14.74,Silver 1,Silver 1,1,0,,0,30690,647,Source One Financial Services,MT,,0,0,MT103,Silver
252096,ccampos,20396.45,120,Contract Received,Roy's RV Adventures LLC - FL327,,FL,Tallahassee,2026-08-24,2026-08-26,,2026,RV,Used,670,28.97,2.81,wstoutimore,,2571,10.74,225,1726,false,,1663,10.99,Silver 1,Not Applicable,0.48,0,,0,42150,657,Connexus Credit Union,FL, aliya purtee,1,1,FL327,Not Applicable
251913,thovey,20558.68,144,Booked,Moix RV - McGaugh Outpost - AR136,,AR,Springdale,2026-08-24,2026-08-25,2026-08-25,2018,RV,Used,781,20.19,1.96,jweller,1816,1794,8.49,1600,1600,false,18,4,9.99,Core,Core,1.45,1233.52,6,0,14150,802,Source One Financial Services,AR, bobby wood,1,0,AR136,Core
251828,ccampos,25968.91,144,Auto Approval,Buckeye RV LLC -OH225,,OH,Jefferson,2026-08-24,2026-08-24,,2020,RV,Used,,12.81,5.6,jharrington1,,67,13.99,5000,5000,false,,,13.99,Silver 1,Not Applicable,0.9,0,,0,28750,641,Connexus Credit Union,VA, nick mullins,1,1,OH225,Not Applicable
252110,mlomedico,12110.72,144,Auto Approval,Fun Town RV- Waco-TX212,Fun Town,TX,Hewitt,2026-08-24,2026-08-24,,2016,RV,Used,820,5.81,2.91,gott,,13,8.49,2000,2000,false,,,9.99,Core,Core,0.96,0,,0,12550,843,Source One Financial Services,TX, tyler witt,1,1,TX212,Core
251905,avera,42268.98,240,Auto Approval,Blue Compass - Fort Myers - FL300,Blue Compass,FL,Fort Myers,2026-08-24,2026-08-24,,2025,RV,New,,34.68,4.03,wstoutimore,,197,11.99,2000,2000,false,,,12.99,Silver 1,Silver 1,0.91,0,,0,46322,668,Source One Financial Services,FL, cory grambart,1,1,FL300,Silver
251800,hhisek,16366,120,Auto Approval,BLUE STAR RV - MI437,,MI,HOLLAND,2026-08-24,2026-08-25,,2025,RV,Used,,21.48,3.62,dzilberchtein,,1832,10.99,1000,1000,false,,,10.99,Silver 1,Not Applicable,0.64,0,,0,25650,667,Connexus Credit Union,MI,,1,1,MI437,Not Applicable
251861,hhisek,18568.21,144,Conditional Approval,Blue Compass RV - Seguin - TX573,Blue Compass,TX,Sequin,2026-08-24,2026-08-24,,2022,RV,Used,,40.54,4.45,gott,,26,10.49,1900,1900,false,,,11.99,Core,Core,1.01,0,,0,18400,702,Source One Financial Services,TX, gus ponce,1,1,TX573,Core
251877,hhisek,23659,120,Decline,JOHNNY'S RV SUPERSTORE LLC - AL124,,AL,THEODORE,2026-08-24,,,2015,RV,Used,,12.72,2.99,jsmith,,6,14.99,6000,6000,false,,,15.99,Silver 1,Silver 1,0,0,,0,0,646,Source One Financial Services,AL,,0,0,AL124,Silver
252009,lgrace,39245,180,Approved,Intercoastal Financial Group LLC - 17401746,IFG,FL,Vero Beach,2026-08-24,2026-08-24,,2010,Boat,Used,825,17.37,2.2,S1House,,40,9.49,5000,5000,false,,,10.74,Core,Core,1.44,0,,0,27250,815,Source One Financial Services,VA, nicole chaney,1,1,17401746,Core
252021,Jhill,40207.77,180,Auto Approval,Prossers Premium RV Outlet -WI170,,WI,Sturtevant,2026-08-24,2026-08-24,,2025,RV,Used,,45.35,4.12,dzilberchtein,,184,9.49,400,54400,false,,,10.99,Core,Core,0.33,0,,0,121110,743,Source One Financial Services,WI, walter miller,1,1,WI170,Core
251796,lgrace,141790.53,240,Conditional Approval,SR1 Companies-Turner-ME108,,ME,Turner,2026-08-24,2026-08-24,,2026,RV,New,860,48.75,11.42,gcoulombe,,43,7.24,22000,22000,false,,,8.74,Core,Core,1.25,0,,0,113690,857,Source One Financial Services,ME, shawn martin,1,1,ME108,Core
251829,mlomedico,10343,120,Auto Approval,GEORGIA RV OUTLET LLC - GA107,,GA,CARTERSVILLE,2026-08-24,2026-08-24,,2014,RV,Used,677,32.63,1.57,jsmith,,85,11.74,900,900,false,,,13.24,Core,Core,1,0,,0,10350,693,Source One Financial Services,AL, shawn deuber,1,1,GA107,Core
252120,eavila,42973.12,180,Decline,AMERICA GO RV (Seguin) -TX419,,TX,SEGUIN,2026-08-24,,,2020,RV,Used,,80.46,7.32,gott,,37,10.24,2000,2000,false,,,11.74,Core,Core,1.11,0,,0,38800,731,Source One Financial Services,TX, harl vanderheck,0,0,TX419,Core
251816,ccampos,37175.38,180,Decline,SUSQUEHANNA VALLEY RV - SELINSGROVE - PA115,,PA,SELINSGROVE,2026-08-24,,,2026,RV,New,,51.04,2.11,jharrington1,,118,7.49,3800,3800,false,,,8.99,Core,Core,0.86,0,,0,43393,803,Source One Financial Services,NC, danielle wagner,0,0,PA115,Core
251903,thovey,77400.72,240,Auto Approval,La Mesa RV Center - Albuquerque - NM109,La Mesa,NM,Albuquerque,2026-08-24,2026-08-24,,2022,RV,Used,828,32.58,4.44,edominguez,,43,7.74,8000,8000,false,,,9.24,Core,Core,1.07,0,,0,72135,864,Source One Financial Services,NM, erika davidson,1,1,NM109,Core
251858,mlomedico,115867.01,180,Auto Approval,Clearwater Marine - FL227,OneWater,FL,Clearwater,2026-08-24,2026-08-24,,2015,Boat,Used,,39.96,14.79,wstoutimore,,100,10.74,22000,22000,false,,,12.24,Core,Core,0.91,0,,0,126799,735,Source One Financial Services,FL, jared gooch,1,1,FL227,Core
252089,eavila,13219.68,120,Approved,ROTH RV - BEMIDJI - MN168,,MN,BEMIDJI,2026-08-24,2026-08-24,,2021,RV,Used,,15.67,2.1,dzilberchtein,,14,10.74,3000,3000,false,,,12.24,Core,Core,1.04,0,,0,12750,691,Source One Financial Services,MN, tracy perpich,1,1,MN168,Core
251842,jrubi,39658,180,Conditional Approval,St Louis RV - MO155,,MO,O'Fallon,2026-08-24,2026-08-24,,2027,RV,New,688,27.39,2.08,jweller,,23,10.24,4350,4350,false,,,11.74,Core,Core,0.98,0,,0,40560,687,Source One Financial Services,MO, jason miller,1,1,MO155,Core
251972,,54979.98,240,Auto Decline,Fun Town RV-Denton -TX322,Fun Town,TX,Denton,2026-08-24,,,2026,RV,New,,45.02,5.74,gott,,0,13.74,1000,1000,false,,,14.74,Silver 1,Silver 1,1,0,,0,55082,650,Source One Financial Services,TX,,0,0,TX322,Silver
252080,mlomedico,35517.96,180,Auto Approval,"SUN CAMPER LIQUIDATORS, LLC - FL113",,FL,FORT PIERCE,2026-08-24,2026-08-24,,2022,RV,Used,813,4.72,3.9,pcarter,,33,7.99,3500,3500,false,,,9.49,Core,Core,1.38,0,,0,25800,802,Source One Financial Services,FL, chad landry,1,1,FL113,Core
252054,rsimmons,24417.46,180,Auto Approval,A and L RV Sales - Johnson City - TN123,,TN,Johnson City,2026-08-24,2026-08-24,,2025,RV,Used,849,15.31,1.89,jsmith,,21,7.49,3000,3000,false,,,8.99,Core,Core,0.91,0,,0,26750,872,Source One Financial Services,TN, amber bailey,1,1,TN123,Core
251879,eavila,27919.64,180,Auto Approval,Open Road RV Center - Monroe - WA156,,WA,Monroe,2026-08-24,2026-08-24,,2023,RV,Used,657,16.44,1.98,ljablonoski,,11,7.99,5000,5000,false,,,9.49,Core,Core,0.99,0,,0,28100,802,Source One Financial Services,WA, nichole stephenson,1,1,WA156,Core
251984,avera,17063.16,144,Verifications Incomplete,Buckeye RV LLC -OH225,,OH,Jefferson,2026-08-24,2026-08-26,,2026,RV,New,,7.35,5.21,jharrington1,,2948,7.24,1500,1500,false,,66,8.24,Core,Not Applicable,0.86,682.53,4,0,19785,744,Connexus Credit Union,OH, nick mullins,1,1,OH225,Not Applicable
251870,,65291.18,180,Auto Decline,Fun Town RV - Surprise - AZ353,Fun Town,AZ,Surprise,2026-08-24,,,2027,RV,New,,38.12,6.21,edominguez,,0,14.99,15000,15000,false,,,15.99,Silver 2,Silver 2,0.72,0,,0,90174,626,Source One Financial Services,NV,,0,0,AZ353,Silver
251851,,91788.53,180,Auto Decline,Blue Compass RV - Redmond - OR146,Blue Compass,OR,Rendmond,2026-08-24,,,2024,RV,Used,,35.83,6.49,ljablonoski,,0,14.99,11500,11500,false,,,15.99,Silver 2,Silver 2,1.16,0,,0,79365,638,Source One Financial Services,MN,,0,0,OR146,Silver
251943,hhisek,38916.25,108,Auto Approval,Bama RV - Opelika - AL151,,AL,Opelika,2026-08-24,2026-08-27,,2023,RV,Used,,20.25,13.94,jsmith,,4512,11.49,3039.1,-3960.9,false,,,12.99,Core,Core,1.18,0,,0,33000,706,Source One Financial Services,AL, kevin horne,1,1,AL151,Core
252078,hhisek,29538.13,180,Decline,Fun Town Rv/Angelo RV LLC -TX247,Fun Town,TX,San Angelo,2026-08-24,,,2026,RV,New,,12.37,3.2,gott,,24,9.99,3000,3000,false,,,11.49,Core,Core,0.86,0,,0,34256,705,Source One Financial Services,TX, brenden boggs,0,0,TX247,Core
252058,ccampos,18534,144,Decline,"Vantage Recreational Finance, Inc. -FL291",VRF,FL,FORT LAUDERDALE,2026-08-24,,,2023,RV,Used,,32.93,2.7,S1House,,2531,10.74,1825,1825,false,,,12.24,Core,Core,18534,0,,0,1,699,Source One Financial Services,TX, trenton cott,0,0,FL291,Core
252355,sbaker,119094.75,240,Auto Approval,ZOOMERS RV OF IOWA LLC - IA206,,IA,LAMONI,2026-08-25,2026-08-25,,2026,RV,New,693,41.08,10.15,gcoulombe,,65,9.49,20000,20000,false,,,10.99,Core,Core,1.04,0,,0,114275,744,Source One Financial Services,MO, david fausnaugh,1,1,IA206,Core
252422,mlomedico,100409,240,Decline,PALMETTO BOAT CENTER INC - SC101,,SC,PIEDMONT,2026-08-25,,,2026,Boat,New,697,63.47,6.22,jsmith,,16,12.49,13000,12800,false,,,13.49,Silver 1,Silver 1,1.13,0,,0,88730.96,671,Source One Financial Services,SC, zach whitehead,0,0,SC101,Silver
252230,thovey,35076.7,180,Verifications Incomplete,BLUE COMPASS RV - CORPUS CHRISTI - TX459,Blue Compass,TX,CORPUS CHRISTI,2026-08-25,2026-08-26,,2026,RV,New,610,12.68,2.08,gott,,1858,10.24,0,0,false,,0,11.74,Core,Core,1.22,0,,0,28789.75,689,Source One Financial Services,TX, elisa escamilla,1,1,TX459,Core
252273,pmeza,89998.91,240,Auto Approval,BISHS RV - ELDRIDGE - IA214,Bish's RV,IA,ELDRIDGE,2026-08-25,2026-08-25,,2027,RV,New,700,20.82,4.57,gcoulombe,,15,9.24,3800,11275.54,false,,,10.74,Core,Core,1.12,0,,0,80541,724,Source One Financial Services,IL, todd miillsap,1,1,IA214,Core
252382,hhisek,108698.64,216,Auto Approval,BLUE COMPASS RV - DALLAS - TX147,Blue Compass,TX,Mesquite,2026-08-25,2026-08-26,,2023,RV,Used,,44.04,11.8,gott,,1153,8.74,11200,11200,false,,,10.24,Core,Core,0.89,0,,0,121900,774,Source One Financial Services,NM, canyon downing,1,1,TX147,Core
252309,eavila,249698.35,240,Auto Approval,BRETZ RV & MARINE - BOISE - ID118,Bretz RV,ID,Boise,2026-08-25,2026-08-26,,2027,RV,New,869,46.58,14.52,ljablonoski,,1405,8.99,156500,156500,true,,,10.99,Business First,Business First,0.74,0,,0,335520,,Source One Financial Services,UT, kaymbree lauer,1,1,ID118,Business First
252424,thovey,55432,240,Decline,Liberty RV-MO107,,MO,Liberty,2026-08-25,,,2026,RV,New,,20.78,7.5,jweller,,43,9.99,0,9000,false,,,11.49,Core,Core,1.34,0,,0,41247,712,Source One Financial Services,MO, shawn wiegers,0,0,MO107,Core
252158,sbaker,33595.66,180,Decline,MILLERS MARINE - FL178,,FL,OCALA,2026-08-25,,,2027,Boat,New,624,54.93,1.66,pcarter,,15,7.99,4000,4000,false,,,9.49,Core,Core,1.19,0,,0,28270.28,784,Source One Financial Services,FL, johnmichael zayas,0,0,FL178,Core
252327,,15483.43,144,Auto Decline,Courvelle's RV - LA113,,LA,Opelousas,2026-08-25,,,2024,RV,Used,,3.32,3.32,gott,,0,22.99,20000,20000,false,,,23.99,Bronze,Bronze,0.47,0,,0,32615,,Source One Financial Services,LA,,0,0,LA113,Business First
252290,mnava,149964.17,240,Decline,General RV Center- Draper - UT126,General RV,UT,Draper,2026-08-25,,,2026,RV,New,,18.12,10.24,ljablonoski,,39,7.49,39600,39600,false,,,8.99,Core,Not Applicable,0.83,0,,0,181140,806,Connexus Credit Union,UT, sofiane yahiaoui,0,0,UT126,Not Applicable
252191,hhisek,28537.35,180,Decline,Freedom RV LLC - TX490,Canopy Financial,TX,Dodd City,2026-08-25,,,2025,RV,Used,,34.58,8.87,gott,,9,12.49,0,0,false,,,13.49,Silver 1,Silver 1,0.68,0,,0,41690,675,Source One Financial Services,TX, mac mclelland,0,0,TX490,Silver
252163,thovey,22427.15,144,Auto Approval,Atlantic Pro - FL333,,FL,Palmetto,2026-08-25,2026-08-25,,2013,Boat,Used,,27.63,0.81,wstoutimore,,47,7.99,5000,5000,false,,,8.24,Core,Core,0.67,0,,0,33230,833,Source One Financial Services,FL, yelena mikhelson,1,1,FL333,Core
252180,,14273.84,144,Auto Decline,SOUTHERN RV INC - GA128,,GA,MCDONOUGH,2026-08-25,,,2026,RV,New,,27.33,2.29,jsmith,,0,22.99,1600,1600,false,,,23.99,Bronze,Bronze,1.25,0,,0,11405,606,Source One Financial Services,GA,,0,0,GA128,Business First
252404,ccampos,66703,240,Decline,Blue Compass RV - Greensboro - NC155,Blue Compass,NC,Colfax,2026-08-25,,,2024,RV,Used,,10.29,9.86,jsmith,,22,8.74,7000,7000,false,,,10.24,Core,Core,0.72,0,,0,92820,775,Source One Financial Services,NC, melinda patino,0,0,NC155,Core
252142,,50134.14,180,Auto Decline,MOUNTAINEER RV and OUTDOOR CENTER - WV102,,WV,JANE LEW,2026-08-25,,,2026,RV,New,641,37.49,10.47,jharrington1,,0,22.99,0,0,false,,,23.99,Bronze,Bronze,1.31,0,,0,38250,618,Source One Financial Services,WV,,0,0,WV102,Business First
252342,pmeza,98972.48,240,Decline,RAM MOTORS RV AND TRUCK - NM102,,NM,ALBUQUERQUE,2026-08-25,,,2022,RV,Used,,39.32,4.21,edominguez,,29,10.49,10000,16289.74,false,,,11.99,Core,Not Applicable,0.93,0,,0,105930,714,Connexus Credit Union,NM, donnie martinez,0,0,NM102,Not Applicable
252439,eavila,25029.88,120,Decline,Blackbeard Marine Kingston -OK151,,OK,Kingston,2026-08-25,,,2018,Boat,Used,,33.5,2.48,jweller,,30,11.24,7000,7000,false,,,12.74,Core,Core,0.81,0,,0,30900,698,Source One Financial Services,TX, andrew harmon,0,0,OK151,Core
252326,mlomedico,142949,240,Auto Approval,Hughes Marine LLC - MO226,,MO,Branson,2026-08-25,2026-08-25,,2026,Boat,New,,37.87,12.09,jweller,,196,7.49,16800,16800,false,,,8.99,Core,Core,1.25,0,,0,114459,850,Source One Financial Services,MO, dana hughes,1,1,MO226,Core
252195,mlomedico,16495,144,Approved,Blue Compass RV - Myrtle Beach - SC143,Blue Compass,SC,29575,2026-08-25,2026-08-25,,2018,RV,Used,733,34.6,2.1,jsmith,,44,10.74,2000,2000,false,,,12.24,Core,Core,1,0,,0,16495,738,Source One Financial Services,PA, stacy cobb,1,1,SC143,Core
252157,lgrace,182258,180,Auto Approval,NewCoast - Boatzon - FL356,Marine Max,FL,Oldsmar,2026-08-25,2026-08-26,,2018,RV,Used,783,30.51,9.57,S1House,,1852,8.55,20000,20000,false,,,9.55,Core,Not Applicable,0.91,0,,0,199900,780,Ideal Credit Union,GA, dan welte,1,1,FL356,Not Applicable
252201,hhisek,49647.8,180,Decline,Fun Town RV Ottawa LLC - KS125,Fun Town,KS,Ottawa,2026-08-25,,,2025,RV,Used,,26.75,4.72,jweller,,4,9.49,7000,7000.04,false,,,10.99,Core,Core,1.17,0,,0,42515,745,Source One Financial Services,MA, john lucas,0,0,KS125,Core
252428,mlomedico,19345.29,144,Conditional Approval,Rock Solid Funding LLC - TX536,RSF,TX,BEDFORD,2026-08-25,2026-08-25,,2026,RV,New,,36.21,3.49,S1House,,22,12.49,1850,1850,false,,,13.49,Silver 1,Silver 1,0.95,0,,0,20350,670,Source One Financial Services,PA, amy derryberry,1,1,TX536,Silver
252419,hhisek,41592.54,180,Auto Approval,FUN TOWN RV SAN ANTONIO LP - TX465,Fun Town,TX,CIBOLO,2026-08-25,2026-08-27,,2026,RV,New,,26.4,9.84,gott,,2926,10.24,3000,5144,false,,,11.74,Core,Core,1.5,0,,0,27686,684,Source One Financial Services,TX, franz grimes,1,1,TX465,Core
252331,mlomedico,119821.33,240,Decline,NAUTIQUE BOATS OF UTAH - UT103,,UT,DRAPER,2026-08-25,,,2026,Boat,New,,59.91,10.24,ljablonoski,,12,7.74,31000,79000,false,,,9.24,Core,Core,0.86,0,,0,139283.8,792,Source One Financial Services,UT, jake anderson,0,0,UT103,Core
252442,pmeza,46741.4,204,Auto Approval,Bretz RV & Marine - Lake Crystal - MN842,Bretz RV,MN,Lake Crystal,2026-08-25,2026-08-25,,2026,RV,New,,39.42,9.62,dzilberchtein,,24,7.24,21510,-5231,false,,,8.74,Core,Core,1.3,0,,0,35955,870,Source One Financial Services,MN, hayley archuleta,1,1,MN842,Core
252314,sflynn,20028.36,180,Auto Approval,BLUE COMPASS RV - CORPUS CHRISTI - TX459,Blue Compass,TX,CORPUS CHRISTI,2026-08-25,2026-08-25,,2026,RV,New,,17.23,3.34,gott,,16,9.74,0,0,false,,,11.24,Core,Core,0.92,0,,0,21821.75,730,Source One Financial Services,TX, elisa escamilla,1,1,TX459,Core
252223,,21133.42,180,Auto Decline,GREAT AMERICAN RV SUPERSTORE-HATTIESBURG - MS113,,MS,HATTIESBURG,2026-08-25,,,2022,RV,Used,,36.6,11.54,jsmith,,0,22.99,2000,2000,false,,,23.99,Bronze,Bronze,1.03,0,,0,20515,618,Source One Financial Services,MS,,0,0,MS113,Business First
252190,rsimmons,26004.48,180,Decline,SMITH MOTOR CO OF HATTIESBURG INC - MS107,,MS,HATTIESBURG,2026-08-25,,,2026,Boat,New,,23.01,6.52,jsmith,,17,13.74,2500,2500,false,,,14.74,Silver 1,Silver 1,1.99,0,,0,13050.24,657,Source One Financial Services,LA, lisa hartfield,0,0,MS107,Silver
252154,Jhill,22483.9,120,Auto Approval,Blackbeard Marine Kingston -OK151,,OK,Kingston,2026-08-25,2026-08-25,,2013,Boat,Used,,12.97,2.15,jweller,,324,15.49,8000,8000,false,,,16.49,Silver 1,Silver 1,0.79,0,,0,28310,643,Source One Financial Services,OK, andrew harmon,1,1,OK151,Silver
252347,hhisek,80205.65,204,Auto Approval,Fun Town RV Houston LLC -TX244,Fun Town,TX,Wharton,2026-08-25,2026-08-27,,2026,RV,New,,36.22,7.88,gott,,2868,10.99,8000,10988.4,false,,,12.49,Core,Core,0.92,0,,0,87369,696,Source One Financial Services,TX, brenden boggs,1,1,TX244,Core
252278,,123046.78,240,Auto Decline,General RV-Wayland -MI339,General RV,MI,MOUNT VERNON,2026-08-25,,,2026,RV,New,,71.86,15.92,dzilberchtein,,0,12.49,3000,21000,false,,,13.49,Silver 1,Silver 1,1.18,0,,0,103995,670,Source One Financial Services,MI,,0,0,MI339,Silver
252381,hhisek,36697.92,180,Decline,GREAT AMERICAN RV SUPERSTORE-TUPELO - MS114,,MS,BELDEN,2026-08-25,,,2026,RV,New,661,51.38,4.64,jsmith,,10,13.74,5000,5000,false,,,14.74,Silver 1,Silver 1,1.24,0,,0,29559,656,Source One Financial Services,MS, dj miller,0,0,MS114,Silver
252263,pmeza,16750,120,Auto Approval,HAPPY CAMPERS RV SALES and SERVICE - IN182,,IN,LAFAYETTE,2026-08-25,2026-08-25,,2018,RV,Used,,29.64,6.54,jharrington1,,60,13.99,1600,1600,false,,,13.99,Silver 1,Not Applicable,0.89,0,,0,18750,653,Connexus Credit Union,WA, ashley herrera,1,1,IN182,Not Applicable
252386,mlomedico,41425.27,180,Auto Approval,Campinawe LLC - KS129,,KS,Shawnee,2026-08-25,2026-08-27,,2026,RV,New,744,28.59,1.23,jweller,,2804,8.74,1995,3495,false,,,7.39,Core,Core,0.98,0,,0,42482,773,Source One Financial Services,KS,,1,1,KS129,Core
252227,,37367.01,180,Auto Decline,DADS CAMPER OUTLET - GULFPORT - MS100,,MS,GULFPORT,2026-08-25,,,2026,RV,New,684,54.4,0.11,jsmith,,0,22.99,4000,4000,false,,,23.99,Bronze,Bronze,1.07,0,,0,34831,577,Source One Financial Services,MS,,0,0,MS100,Business First
252287,mlomedico,20777.85,180,Auto Approval,Gregg Orr Marine - Hot Springs - AR123,,AR,Hot Springs,2026-08-25,2026-08-25,,2026,Boat,New,631,14.58,1.39,jweller,,12,9.99,5000,5000,false,,,11.49,Core,Core,1.08,0,,0,19214,707,Source One Financial Services,LA, alistair cook,1,1,AR123,Core
252412,mlomedico,95034,180,Conditional Approval,"Vantage Recreational Finance, Inc. -FL291",VRF,FL,FORT LAUDERDALE,2026-08-25,2026-08-25,,2015,Boat,Used,689,34.89,3.44,S1House,,38,10.74,15435,15435,false,,,12.24,Core,Core,0.54,0,,0,177550,740,Source One Financial Services,CA, richard cosentino,1,1,FL291,Core
252333,sbaker,112203.16,240,Auto Approval,Johnston RV Center - AL134,,AL,Decatur,2026-08-25,2026-08-25,,2025,RV,New,660,40.08,7.22,jsmith,,88,9.24,2000,21070.42,false,,,10.74,Core,Core,1.07,0,,0,105279,729,Source One Financial Services,TN, marcus clarke,1,1,AL134,Core
252232,lgrace,35923.94,180,Decline,Ansley RV - PA144,,PA,Duncansville,2026-08-25,,,2022,RV,Used,678,27.92,3.75,jharrington1,,498,10.74,3800,3800,false,,,12.24,Core,Core,1.36,0,,0,26500,694,Source One Financial Services,PA, joe barbera,0,0,PA144,Core
252336,rsimmons,60184.01,240,Auto Approval,"AMERICAN DREAM VACATIONS-BOERNE, TX - TX408",,TX,BOERNE,2026-08-25,2026-08-25,,2018,RV,Used,,35.24,7.08,gott,,88,10.74,5500,5500,false,,,11.74,Core,Core,1.1,0,,0,54800,737,Source One Financial Services,TX,,1,1,TX408,Core
252178,hhisek,23193.75,180,Decline,Fun Town RV Ottawa LLC - KS125,Fun Town,KS,Ottawa,2026-08-25,,,2022,RV,Used,657,48.8,1.79,jweller,,19,10.74,1000,11526,false,,,12.24,Core,Core,0.71,0,,0,32600,684,Source One Financial Services,KS, john lucas,0,0,KS125,Core
252307,rsimmons,17852.56,180,Auto Approval,Texas Trader RV - TX267,Ron Hoover,TX,La Feria,2026-08-25,2026-08-25,,2020,RV,Used,,24.49,1.91,gott,,23,9.24,4300,4300,false,,,10.74,Core,Core,1.28,0,,0,13950,780,Source One Financial Services,TX, trey flores,1,1,TX267,Core
252298,,17626.15,144,Auto Decline,Coastal Recreaction Center LLC - FL283,,FL,Ormond Beach,2026-08-25,,,2011,RV,Used,,25.37,5.97,pcarter,,0,16.74,0,12000,false,,,17.74,Silver 2,Silver 2,0,0,,0,0,638,Source One Financial Services,FL,,0,0,FL283,Silver
252323,rsimmons,10980.62,120,Auto Approval,Blue Compass RV - Tyler - TX552,Blue Compass,TX,Tyler,2026-08-25,2026-08-25,,2026,RV,New,,28.6,1.52,gott,,9,7.49,0,0,false,,,8.99,Core,Core,0.8,0,,0,13770,804,Source One Financial Services,TX, brian vaseleck,1,1,TX552,Core
252447,lgrace,29442.25,180,Approved,"Vantage Recreational Finance, Inc. -FL291",VRF,FL,FORT LAUDERDALE,2026-08-25,2026-08-26,,2016,Boat,Used,,31.59,7.44,S1House,,570,13.74,18000,18000,false,,,14.74,Silver 1,Silver 1,0.81,0,,0,36380,675,Source One Financial Services,FL, andrea strawn-ingram,1,1,FL291,Silver
252324,jrubi,18885,144,Auto Approval,BEAUMONT RV - SCA108,,CA,BEAUMONT,2026-08-25,2026-08-27,,2017,RV,Used,,29.95,4.37,jrubi,,2836,11.24,2500,2500,false,,,12.74,Core,Core,1.24,0,,0,15250,684,Source One Financial Services,CA,,1,1,SCA108,Core
252297,,49166.2,180,Auto Decline,"Vantage Recreational Finance, Inc. -FL291",VRF,FL,FORT LAUDERDALE,2026-08-25,,,2021,RV,Used,,40.23,6.41,S1House,,0,15.74,5500,5500,false,,,16.74,Silver 2,Silver 2,1.17,0,,0,42000,626,Source One Financial Services,FL,,0,0,FL291,Silver
252369,mnava,16242.2,144,Auto Approval,Bish's RV of Sioux Falls - SD112,Bish's RV,SD,Tea,2026-08-25,2026-08-25,,2012,RV,Used,712,13.24,2.19,dzilberchtein,,192,11.49,1300,1300,false,,,12.74,Core,Core,1.18,0,,0,13750,715,Source One Financial Services,IA, stephine dunn,1,1,SD112,Core
252317,ccampos,49225.61,144,Conditional Approval,LDRV of Tampa - FL340,Campers Inn,FL,Seffner,2026-08-25,2026-08-25,,2026,RV,New,,24.8,4.94,wstoutimore,,78,11.74,5100,5100,false,,,11.74,Silver 1,Not Applicable,1.03,0,,0,47605,667,Connexus Credit Union,FL, cesar rodriguez,1,1,FL340,Not Applicable
252361,lgrace,6025.95,60,Auto Approval,All Stars RV - ECO103,EPIC,CO,Littleton,2026-08-25,2026-08-25,,2019,RV,Used,868,30.42,0.97,S1House,,30,9.24,1500,1500,false,,,9.74,Core,Core,0.65,0,,0,9300,847,Source One Financial Services,CO, chuck smith,1,1,ECO103,Core
252360,thovey,38844.64,180,Auto Decline,BRETZ RV & MARINE - NAMPA - ID119,Bretz RV,ID,Nampa,2026-08-25,,,2019,RV,Used,,29.44,11.89,ljablonoski,,36,16.24,20000,20000,false,,,17.24,Silver 2,Silver 2,0.66,0,,0,59015,639,Source One Financial Services,ID, blake kezar,0,0,ID119,Silver
252249,,43327.98,240,Auto Decline,A and L RV Sales - Christiana TN103,,TN,Christiana,2026-08-25,,,2027,RV,New,,50.8,2.17,jsmith,,0,12.49,5000,5000,false,,,13.49,Silver 1,Silver 1,1.01,0,,0,42929,668,Source One Financial Services,TN,,0,0,TN103,Silver
252429,mlomedico,23384.23,180,Auto Approval,Fun Town RV Amarillo - TX508,Fun Town,TX,Amarillo,2026-08-25,2026-08-26,,2027,RV,New,,17.88,1.63,gott,,1275,13.74,2500,2500,false,,,14.74,Silver 1,Silver 1,0.84,0,,0,27786,646,Source One Financial Services,TX, eric adams,1,1,TX508,Silver
252311,edominguez,13737.09,120,Auto Approval,"Destination RV, LLC - AZ309",,AZ,Phoenix,2026-08-25,2026-08-25,,2015,RV,Used,,14.45,1.86,edominguez,,38,8.49,5600,5600,false,,,9.99,Core,Core,1.45,0,,0,9450,802,Source One Financial Services,TX, chris coates,1,1,AZ309,Core
252250,mnava,48244.21,240,Approved,UNLIMITED RV - MO192,,MO,INDEPENDENCE,2026-08-25,2026-08-25,,2027,RV,New,,22.15,6.78,jweller,,26,9.74,20000,20000,false,,,11.24,Core,Core,0.75,0,,0,63906,729,Source One Financial Services,MO, nate donaldson,1,1,MO192,Core
252387,ccampos,36940,240,Decline,Blue Compass RV - Columbia - SC136,Blue Compass,SC,Lexington,2026-08-25,,,2026,RV,New,,18.11,5.65,jsmith,,25,9.99,4000,4000,false,,,11.49,Core,Core,0.86,0,,0,43133,716,Source One Financial Services,SC, taylor graziano,0,0,SC136,Core
252337,thovey,37617.13,180,Auto Approval,"Vantage Recreational Finance, Inc. -FL291",VRF,FL,FORT LAUDERDALE,2026-08-25,2026-08-25,,2014,Boat,Used,656,15.28,1,S1House,,42,8.99,3750,3750,false,,,10.49,Core,Core,0.52,0,,0,72260,836,Source One Financial Services,NJ, jennifer richter,1,1,FL291,Core
252167,sbaker,23137,120,Auto Approval,Intercoastal Financial Group LLC - 17401746,IFG,FL,Vero Beach,2026-08-25,2026-08-25,,2006,Boat,Used,,2.46,2.06,S1House,,27,10.74,5000,5000,false,,,11.99,Core,Core,0.93,0,,0,25000,764,Source One Financial Services,MD, hunter miller,1,1,17401746,Core
252449,avera,72933,180,Approved,BRETZ RV & MARINE - MISSOULA - MT116,Bretz RV,MT,Missoula,2026-08-25,2026-08-26,,2027,RV,New,725,38,8.44,dzilberchtein,,539,9.74,5000,8519,false,,,11.24,Core,Core,1.15,0,,0,63237,727,Source One Financial Services,MT, julia mills,1,1,MT116,Core
252188,mlomedico,44348.32,240,Decline,General RV Center - Salisbury - NC137,General RV,NC,Salisbury,2026-08-25,,,2027,RV,New,688,57.42,5.36,jsmith,,47,12.49,5000,12306.04,false,,,13.49,Silver 1,Silver 1,1.38,0,,0,32120,678,Source One Financial Services,NC, tim mccorkle,0,0,NC137,Silver
252357,eavila,41713,180,Ready to Book,"Kris Willis RV, LLC -MO127",,MO,Dexter,2026-08-25,2026-08-26,,2027,RV,New,,23.23,2.14,jweller,,1633,7.99,2500,16493,false,,1197,8.74,Core,Not Applicable,0.91,1251.39,3,0,46055,729,Connexus Credit Union,MO, mikayla hall,1,1,MO127,Not Applicable
252329,lgrace,59040.54,240,Auto Approval,NewCoast - Boatzon - FL356,Marine Max,FL,Oldsmar,2026-08-25,2026-08-27,,2026,RV,New,,30.19,3.84,S1House,,2808,7.49,6045,6045,false,,,8.99,Core,Core,1.09,0,,0,54413,840,Source One Financial Services,WI, dan welte,1,1,FL356,Core
252308,avera,39694,180,Decline,Ashley Marine LLC - GA147,,GA,Columbus,2026-08-25,,,2026,Boat,New,,69.68,8.08,jsmith,,123,7.49,5000,5300,false,,,8.99,Core,Not Applicable,1,0,,0,39684,815,Connexus Credit Union,SC, shirley ashley,0,0,GA147,Not Applicable
252373,ahunt,39094.23,180,Conditional Approval,Blue Compass RV - Knoxville - TN159,Blue Compass,TN,Louisville,2026-08-25,2026-08-25,,2026,RV,New,,39.04,9.45,jsmith,,54,12.49,15000,25900,false,,,13.49,Silver 1,Silver 1,0.9,0,,0,43408,678,Source One Financial Services,TN, joseph ward,1,1,TN159,Silver
252216,mlomedico,19479.34,180,Decline,REEDER TRAUSCH MARINES - IN187,,IN,ROCKVILLE,2026-08-25,,,2025,Boat,Used,,14.58,3.41,jharrington1,,22,12.49,3000,3000,false,,,13.49,Silver 1,Silver 1,1.06,0,,0,18355,664,Source One Financial Services,IL, peter woollacott,0,0,IN187,Silver
252332,,23669.35,180,Auto Decline,COUNTRY TYME RV CENTER - TX170,,TX,GEORGETOWN,2026-08-25,,,2022,RV,Used,582,33.56,3.59,gott,,0,22.99,0,0,false,,,23.99,Bronze,Bronze,0,0,,,0,615,Source One Financial Services,TX,,0,0,TX170,Business First
252315,ccampos,17749.86,120,Conditional Approval,Bent's RV - LA117,,LA,Boutte,2026-08-25,2026-08-25,,2026,RV,New,,17.29,4.92,gott,,141,11.49,1500,1500,false,,,11.74,Silver 1,Not Applicable,0.93,0,,0,19070,674,Connexus Credit Union,LA, louis lebreton,1,1,LA117,Not Applicable
252166,thovey,20272.9,84,Decline,Blackbeard Marine Kingston -OK151,,OK,Kingston,2026-08-25,,,2013,Boat,Used,630,24.54,4.65,jweller,,32,15.49,8000,8000,false,,,16.49,Silver 1,Silver 1,0.77,0,,0,26470,645,Source One Financial Services,OK, andrew harmon,0,0,OK151,Silver
252367,hhisek,32954.03,204,Conditional Approval,Fun Town RV Win LLC - OK109,Fun Town,OK,Thackerville,2026-08-25,2026-08-25,,2026,RV,New,,44.68,5.44,jweller,,10,9.99,1600,1600,false,,,11.49,Core,Core,1,0,,0,33022,706,Source One Financial Services,OK, rob miller,1,1,OK109,Core
252181,hhisek,89426.37,204,Conditional Approval,Fun Town RV Amarillo - TX508,Fun Town,TX,Amarillo,2026-08-25,2026-08-25,,2026,RV,New,798,38.95,6.17,gott,,44,7.24,0,0,false,,,8.74,Core,Core,0.89,0,,0,100088,870,Source One Financial Services,SD, eric adams,1,1,TX508,Core
252161,sbaker,69500,204,Conditional Approval,CAMPERS INN OF MOCKSVILLE - NC107,Campers Inn,NC,MOCKSVILLE,2026-08-25,2026-08-25,,2026,RV,New,,40.66,14.96,jsmith,,112,9.49,4421.52,12421.52,false,,,10.99,Core,Core,0.93,0,,0,74579.2,749,Source One Financial Services,NC, troy egebrecht,1,1,NC107,Core
252350,pmeza,56193.78,180,Decline,Bob Hurley RV-Tulsa OK137,,OK,Tulsa,2026-08-25,,,2022,RV,Used,,37.95,4.98,jweller,,35,22.99,7000,7000,false,,,23.99,Not Applicable,Not Applicable,0.95,0,,0,59034,544,Ideal Credit Union,KS, ryan jensen,0,0,OK137,Not Applicable
252349,mnava,46692.79,180,Auto Approval,Rock Solid Funding LLC - TX536,RSF,TX,BEDFORD,2026-08-25,2026-08-25,,2017,RV,Used,733,27.48,1.78,S1House,,81,8.49,0,0,false,,,9.99,Core,Core,0.82,0,,0,56950,805,Source One Financial Services,AZ, ashley rogers,1,1,TX536,Core
252438,thovey,65969.06,180,Decline,Blue Compass RV - Orlando - FL337,Blue Compass,FL,Casselberry,2026-08-25,,,2026,RV,New,571,19.98,12.9,pcarter,,11,9.99,6000,9000,false,,,11.49,Core,Core,1.2,0,,0,55095,711,Source One Financial Services,FL, steven soto,0,0,FL337,Core
252260,thovey,85220,240,Approved,"EPIC FINANCE, LLC. - 17401748",EPIC,NC,WILMINGTON,2026-08-25,2026-08-25,,2024,RV,Used,,23.68,12.01,S1House,,22,7.24,1000,5000,false,,,8.74,Core,Core,0.83,0,,0,102700,848,Source One Financial Services,PA, mia williams,1,1,17401748,Core
252286,rsimmons,49743.06,204,Auto Approval,"Ron Hoover Companies of Donna, Inc -Tx277",Ron Hoover,TX,Donna,2026-08-25,2026-08-26,,2018,RV,Used,,31.78,9.24,gott,,1279,12.24,0,6846,false,,,12.74,Core,Core,1.09,0,,0,45550,685,Source One Financial Services,TX, julio pena,1,1,TX277,Core
252229,avera,64068.41,216,Conditional Approval,Campers Unlimited-Chattanooga-TN148,,TN,Ooltewah,2026-08-25,2026-08-25,,2026,RV,New,,35.69,10.33,jsmith,,12,7.24,0,38000,false,,,8.74,Core,Core,0.68,0,,0,94025,870,Source One Financial Services,GA, abbi stone,1,1,TN148,Core
252420,mnava,56432,240,Decline,Liberty RV-MO107,,MO,Liberty,2026-08-25,,,2026,RV,New,,1.89,1.03,jweller,,13,13.74,0,7000,false,,,14.74,Silver 1,Silver 1,1.38,0,,0,40974,654,Source One Financial Services,MO, shawn wiegers,0,0,MO107,Silver
252410,Jhill,145163.15,180,Conditional Approval,General RV - Jacksonville - FL236,General RV,FL,Orange Park,2026-08-25,2026-08-25,,2026,RV,New,756,35.57,12.02,pcarter,,148,7.24,0,16397.64,false,,,8.24,Core,Not Applicable,1.18,0,,0,122725,824,Ideal Credit Union,FL, scott mcleod,1,1,FL236,Not Applicable
252390,lgrace,19792.16,144,Auto Approval,BOAT AND MOTOR SUPERSTORES PALM HARBOUR - FL155,,FL,PALM HARBOUR,2026-08-25,2026-08-26,,2023,Boat,Used,,20.44,1.49,wstoutimore,,982,9.49,19000,19000,false,,,10.99,Core,Core,0.51,0,,0,38440,743,Source One Financial Services,FL, sandy sigman,1,1,FL155,Core
252275,avera,180253.58,240,Auto Approval,QUALITY BOATS OF CHARLOTTE HARBOR - FL203,OneWater,FL,ENGLEWOOD,2026-08-25,2026-08-27,,2017,Boat,Used,780,40.17,6.91,wstoutimore,,2907,8.24,18500,18500,false,,,9.74,Core,Core,0.9,0,,0,201255,857,Source One Financial Services,MD, josh van ness,1,1,FL203,Core
252385,sbaker,78922.64,240,Auto Approval,Big D Marine and Powersports -TX205,,TX,Huntsville,2026-08-25,2026-08-25,,2026,Boat,New,,48.92,4.09,gott,,43,9.49,10000,10000,false,,,10.99,Core,Core,0.94,0,,0,83599,743,Source One Financial Services,TX, ethan brown,1,1,TX205,Core
252340,,22924.93,180,Auto Decline,Blue Compass RV - Bowling Green - KY152,Blue Compass,KY,Bowling Green,2026-08-25,,,2021,RV,Used,,57.24,7.52,jharrington1,,0,13.24,2000,2000,false,,,14.24,Silver 1,Silver 1,1.06,0,,0,21700,671,Source One Financial Services,IN,,0,0,KY152,Silver
252176,rsimmons,77880.72,240,Auto Approval,La Mesa RV Center - Albuquerque - NM109,La Mesa,NM,Albuquerque,2026-08-25,2026-08-27,,2024,RV,Used,,49.18,12.26,edominguez,,3192,7.49,20000,20000,false,,,8.49,Core,Not Applicable,0.71,0,,0,109746,775,Connexus Credit Union,NM, erika davidson,1,1,NM109,Not Applicable
252396,,26624.65,144,Auto Decline,SMITH MOTOR CO OF HATTIESBURG INC - MS107,,MS,HATTIESBURG,2026-08-25,,,2026,Boat,New,635,12.49,1.72,jsmith,,0,14.99,6000,6000,false,,,15.99,Silver 2,Silver 2,1.65,0,,0,16154.6,634,Source One Financial Services,AL,,0,0,MS107,Silver
252366,avera,25064.18,144,Auto Approval,HOWARD RV CENTER - NC145,,NC,Wilmington,2026-08-25,2026-08-26,,2026,RV,New,739,35.97,1.91,jsmith,,1090,9.49,5000,5000,false,,,10.99,Core,Core,0.93,0,,0,26890,759,Source One Financial Services,NC, dan hilton,1,1,NC145,Core
252389,hhisek,274458.93,144,Auto Approval,LDRV of Tampa - FL340,Campers Inn,FL,Seffner,2026-08-25,2026-08-27,,2023,RV,Used,,37.16,10.41,wstoutimore,,2850,11.5,60000,84897.3,false,,,11.5,Silver 1,Not Applicable,0.74,0,,0,370850,678,Ideal Credit Union,GA, craig haselbush,1,1,FL340,Not Applicable
252284,avera,114461.56,156,Conditional Approval,Blue Compass RV - Charlotte - NC153,Blue Compass,NC,Concord,2026-08-25,2026-08-25,,2026,RV,New,,42.24,14.98,jsmith,,24,9.99,32000,39827.44,false,,,11.49,Core,Core,0.99,0,,0,115235,710,Source One Financial Services,SC, alex kottenstette,1,1,NC153,Core
252445,avera,22521.56,180,Auto Decline,Blue Compass RV - Post Falls - ID123,Blue Compass,ID,Post Falls,2026-08-25,,,2017,RV,Used,,20.28,7.39,ljablonoski,,729,14.99,2100,2100,false,,,15.99,Silver 1,Silver 2,0.91,0,,0,24750,627,Source One Financial Services,WA, william reed,0,0,ID123,Silver
252370,hhisek,86022.89,240,Decline,Blue Compass RV - Katy - TX571,Blue Compass,TX,Katy,2026-08-25,,,2025,RV,Used,656,14.02,4.98,gott,,9,10.24,10000,10000,false,,,11.74,Core,Core,0.83,0,,0,103895,688,Source One Financial Services,TX, eddie johnson,0,0,TX571,Core
252328,thovey,44028.8,180,Decline,Bent's RV - LA117,,LA,Boutte,2026-08-25,,,2026,RV,New,752,50.77,5.83,gott,,27,13.74,4285,4285,false,,,14.74,Silver 1,Silver 1,1.03,0,,0,42840,644,Source One Financial Services,LA, chris klotz,0,0,LA117,Silver
252432,thovey,40853.35,240,Auto Approval,BLUE COMPASS RV - CORPUS CHRISTI - TX459,Blue Compass,TX,CORPUS CHRISTI,2026-08-25,2026-08-25,,2026,RV,New,698,22.85,1.24,gott,,20,9.49,4200,4200,false,,,10.99,Core,Core,0.93,0,,0,44026,709,Source One Financial Services,TX, elisa escamilla,1,1,TX459,Core
252427,Jhill,137028.94,240,Conditional Approval,JEFF COUCHS CAMPERS -OH107,Jeff Couchs,OH,Trenton,2026-08-25,2026-08-26,,2027,RV,New,,28.06,10.47,jharrington1,,1230,7.74,31000,31000,false,,,8.74,Core,Not Applicable,0.91,0,,0,151365,730,Connexus Credit Union,TX, bryon spencer,1,1,OH107,Not Applicable
252356,Jhill,11298.94,120,Decline,CRESTVIEW RV SUPERSTORE - SELMA - TX484,Campers Inn,TX,SELMA,2026-08-25,,,2018,RV,Used,,57.45,1.38,gott,,7,10.99,5000,5000,false,,,12.49,Core,Core,0.96,0,,0,11800,706,Source One Financial Services,TX, rob galvan,0,0,TX484,Core
252152,lgrace,45266,180,Auto Approval,Foothills Marine of Lake Norman- NC144,,NC,Mooresville,2026-08-25,2026-08-25,,2025,Boat,New,,30.35,6.71,jsmith,,147,8.49,2500,2500,false,,,9.49,Core,Not Applicable,1.03,0,,0,44035,708,Connexus Credit Union,SC, james siems,1,1,NC144,Not Applicable
252435,,29257.93,240,Auto Decline,AMERICA GO RV (Seguin) -TX419,,TX,SEGUIN,2026-08-25,,,2024,RV,Used,,35.78,2.05,gott,,0,14.99,3000,3000,false,,,15.99,Silver 2,Silver 2,0.94,0,,0,31290,622,Source One Financial Services,TX,,0,0,TX419,Silver
252237,eavila,21277.1,72,Auto Approval,Union City Marine - ETN113,EPIC,TN,Union City,2026-08-25,2026-08-25,,2027,Boat,New,836,43.73,6.29,S1House,,329,8.24,2145,2145,false,,,9.74,Core,Core,1.29,0,,0,16490,832,Source One Financial Services,TN, donavon evenson,1,1,ETN113,Core
252172,lgrace,57355.85,240,Auto Approval,ANGLERS CHOICE - LEXINGTON - NC101,,NC,LEXINGTON,2026-08-25,2026-08-25,,2026,Boat,New,641,39.26,5.34,jsmith,,16,9.99,6100,6100,false,,,11.49,Core,Core,0.91,0,,0,62961,700,Source One Financial Services,NC, lee parker,1,1,NC101,Core
252363,pmeza,37610.45,204,Auto Approval,Colaw RV Sales -MO110,,MO,Carthage,2026-08-25,2026-08-27,,2018,RV,Used,717,44.19,3.39,jweller,,2663,9.99,0,0,false,,,11.24,Core,Core,0.88,0,,0,42950,720,Source One Financial Services,MO, hailey coss,1,1,MO110,Core
252183,,51852.24,180,Auto Decline,Texas Marine Conroe - TX355,OneWater,TX,Conroe,2026-08-25,,,2022,Boat,Used,,47.91,5.02,gott,,0,13.24,6000,6000,false,,,14.24,Silver 1,Silver 1,1.18,0,,0,43810,676,Source One Financial Services,TX,,0,0,TX355,Silver
252236,,40691.62,180,Auto Decline,Millican RV America - AL103,,AL,Hanceville,2026-08-25,,,2023,RV,Used,,24.02,5.48,jsmith,,0,22.99,4500,4500,false,,,23.99,Bronze,Bronze,0.92,0,,0,44000,473,Source One Financial Services,TN,,0,0,AL103,Business First
252395,,26624.65,144,Auto Decline,SMITH MOTOR CO OF HATTIESBURG INC - MS107,,MS,HATTIESBURG,2026-08-25,,,2026,Boat,New,635,12.64,2.1,jsmith,,0,22.99,6000,6000,false,,,23.99,Bronze,Bronze,1.65,0,,0,16154.6,,Source One Financial Services,AL,,0,0,MS107,Business First
252325,eavila,24340,180,Auto Approval,BRETZ RV & MARINE - BILLINGS - MT115,Bretz RV,MT,Billings,2026-08-25,2026-08-25,,2027,RV,New,,19.56,1.13,dzilberchtein,,17,9.74,3000,20559,false,,,11.24,Core,Core,0.77,0,,0,31492,732,Source One Financial Services,MT, nikolaus hinebauch,1,1,MT115,Core
252271,,24287,180,Auto Decline,Liberty RV-MO107,,MO,Liberty,2026-08-25,,,2021,RV,Used,,22.85,6.76,jweller,,0,15.74,0,0,false,,,16.74,Silver 2,Silver 2,1.2,0,,0,20295,637,Source One Financial Services,MO,,0,0,MO107,Silver
252310,hhisek,97850.96,240,Decline,Premier Watersports - Gallatin - ETN132,EPIC,TN,Gallatin,2026-08-25,,,2019,Boat,Used,,33.63,16.13,S1House,,33,13.74,5000,5000,false,,,14.74,Silver 1,Silver 1,1.01,0,,0,96547,663,Source One Financial Services,TN, brett light,0,0,ETN132,Silver
252171,thovey,100000,240,Conditional Approval,Blue Compass RV - Springfield - MO229,Blue Compass,MO,Strafford,2026-08-25,2026-08-25,,2026,RV,New,,20.41,6.75,jweller,,100,8.74,74268.29,74268.29,false,,,10.24,Core,Core,0.6,0,,0,167012,765,Source One Financial Services,MO, blaine sherrill,1,1,MO229,Core
252187,thovey,31040.63,180,Auto Approval,Razorback Camper Sales-AR130,,AR,Hot Springs,2026-08-25,2026-08-25,,2026,RV,New,,36.42,5.68,jweller,,109,10.24,4000,4000,false,,,11.74,Core,Core,0.82,0,,0,37947,686,Source One Financial Services,AR, doug johnson,1,1,AR130,Core
252300,ccampos,18655.72,144,Booked,DeMontrond RV - Texas City - TX514,,TX,Texas city,2026-08-25,2026-08-27,2026-08-27,2027,RV,New,,35.06,5.66,gott,2947,2924,11.24,2500,10000,false,23,0,12.74,Core,Core,0.65,1119.34,6,0,28513,682,Source One Financial Services,TX, shedrick donnette,1,0,TX514,Core
252413,hhisek,18225.51,144,Approved,FUN TOWN RV OK LLC - OK121,Fun Town,OK,OKLAHOMA CITY,2026-08-25,2026-08-25,,2026,RV,New,745,32.11,1.19,jweller,,24,9.74,0,0,false,,,11.24,Core,Core,0.87,0,,0,20922.25,739,Source One Financial Services,OK, arthur fenimore,1,1,OK121,Core
252148,,19324,144,Auto Decline,"Vantage Recreational Finance, Inc. -FL291",VRF,FL,FORT LAUDERDALE,2026-08-25,,,2018,RV,Used,,12.9,9.64,S1House,,0,22.99,1700,1700,false,,,23.99,Bronze,Bronze,0.73,0,,0,26455,619,Source One Financial Services,NV,,0,0,FL291,Business First
252268,,30229.03,180,Auto Decline,General RV - Jacksonville - FL236,General RV,FL,Orange Park,2026-08-25,,,2027,RV,New,,15,3.06,pcarter,,0,14.99,1000,1000,false,,,15.99,Silver 2,Silver 2,0.92,0,,0,32783,627,Source One Financial Services,FL,,0,0,FL236,Silver
252362,,95538.57,180,Auto Decline,Legendary Marine - AL105,OneWater,AL,Gulf Shores,2026-08-25,,,2003,Boat,Used,,0,0,jsmith,,0,22.99,10000,10000,false,,,23.99,Bronze,Bronze,1.01,0,,0,94695,,Source One Financial Services,AL,,0,0,AL105,Business First
252283,lgrace,244213.95,240,Decline,RV Select-FL270,,FL,Seffner,2026-08-25,,,2022,RV,Used,676,27.63,7.46,wstoutimore,,63,10.49,110000,110000,false,,,11.99,Core,Core,0.71,0,,0,345400,700,Source One Financial Services,OH, bradley mitchell,0,0,FL270,Core
252341,,124788,240,Auto Decline,Intercoastal Financial Group LLC - 17401746,IFG,FL,Vero Beach,2026-08-25,,,2026,Boat,New,,59.67,17.77,S1House,,0,13.74,15000,15000,false,,,14.74,Silver 1,Silver 1,1.13,0,,0,110200,659,Source One Financial Services,OH,,0,0,17401746,Silver
252156,rsimmons,81260.47,240,Auto Approval,Ashley Marine LLC - Dothan - AL163,,AL,Dothan,2026-08-25,2026-08-25,,2026,Boat,New,792,30.49,3.17,jsmith,,120,8.74,0,0,false,,,10.24,Core,Core,1.1,0,,0,73710,774,Source One Financial Services,AL, james pressley,1,1,AL163,Core
252243,Jhill,47965.91,180,Auto Approval,ROTH RV - BEMIDJI - MN168,,MN,BEMIDJI,2026-08-25,2026-08-25,,2027,RV,New,,40.21,6.66,dzilberchtein,,171,9.74,3500,-900,false,,,11.24,Core,Core,1.25,0,,0,38500,737,Source One Financial Services,MN, tracy perpich,1,1,MN168,Core
252443,eavila,114576.54,180,Decline,Fun Town RV - Las Vegas - NV116,Fun Town,NV,Las Vegas,2026-08-25,,,2025,RV,New,,16.8,13.99,ljablonoski,,875,22.99,25000,25000,false,,,23.99,Not Applicable,Not Applicable,0.84,0,,0,136250,607,Ideal Credit Union,FL, julie ronquillo,0,0,NV116,Not Applicable
252409,thovey,45917,204,Auto Approval,Blue Compass RV - Springfield - MO229,Blue Compass,MO,Strafford,2026-08-25,2026-08-25,,2026,RV,New,,15.81,3.43,jweller,,18,9.49,0,7450,false,,,10.99,Core,Core,0.87,0,,0,52845,711,Source One Financial Services,MO, blaine sherrill,1,1,MO229,Core
252414,mnava,15973.36,120,Auto Approval,Western Skies RV - NV111,,NV,Reno,2026-08-25,2026-08-25,,2025,RV,Used,,36.84,4.51,ljablonoski,,19,7.49,2500,2500,false,,,8.99,Core,Core,0.91,0,,0,17650,837,Source One Financial Services,NV, scott bailey,1,1,NV111,Core
252377,pmeza,19284,168,Auto Approval,BOLAND RV - MO199,,MO,HANNIBAL,2026-08-25,2026-08-25,,2026,RV,New,,25.53,2.99,jweller,,87,9.49,0,0,false,,,10.99,Core,Core,0.87,0,,0,22197,752,Source One Financial Services,IL, ryan taylor,1,1,MO199,Core
252235,hhisek,64761.52,216,Booked,Alabama Campers Tuscaloosa-AL161,,AL,Tuscaloosa,2026-08-25,2026-08-26,2026-08-26,2026,RV,New,,35.24,4.38,jsmith,1622,1613,10.24,6500,6500,false,9,0,11.24,Core,Core,0.97,2590.46,4,0,66659,696,Source One Financial Services,AL, anne huntsinger,1,0,AL161,Core
252289,pmeza,21720,180,Decline,ANGLERS CHOICE - SPINDALE - NC102,,NC,SPINDALE,2026-08-25,,,2017,Boat,Used,,38.74,4.33,jsmith,,92,13.24,5470,5470,false,,,14.74,Core,Not Applicable,1,0,,0,21720,680,Allegius Credit Union,SC, lee parker,0,0,NC102,Not Applicable
252288,,28983.03,180,Auto Decline,Gerzeny's RV World - Nokomis - FL259,,FL,Nokomis,2026-08-25,,,2023,RV,Used,,46.42,8.22,wstoutimore,,0,22.99,5000,5000,false,,,23.99,Bronze,Bronze,1.15,0,,0,25190,591,Source One Financial Services,FL,,0,0,FL259,Business First
252436,mlomedico,27610.03,180,Decline,BLUE COMPASS RV  DES MOINES-IA222,Blue Compass,IA,ALTOONA,2026-08-25,,,2023,RV,Used,,35.63,2.08,gcoulombe,,11,10.74,1500,1500,false,,,12.24,Core,Core,0.73,0,,0,37565,689,Source One Financial Services,OK, rich wilso,0,0,IA222,Core
252252,,36723.94,180,Cancelled,Ansley RV - PA144,,PA,Duncansville,2026-08-25,,,2022,RV,Used,,0,0,jharrington1,,,22.99,3000,3000,false,,,23.99,Bronze,Bronze,1.2,0,,0,30580,,Source One Financial Services,PA, joe barbera,0,0,PA144,Business First
252220,,87044,240,Auto Decline,BRETZ RV & MARINE - BILLINGS - MT115,Bretz RV,MT,Billings,2026-08-25,,,2022,RV,Used,626,25.22,13.7,dzilberchtein,,0,14.49,0,48000,false,,,15.49,Silver 1,Silver 1,0.94,0,,0,92350,641,Source One Financial Services,FL,,0,0,MT115,Silver
252149,lgrace,70815,240,Decline,Recreation USA LLC - Myrtle Beach - SC134,,SC,Myrtle Beach,2026-08-25,,,2026,RV,Used,691,61.7,6.39,jsmith,,15,7.49,7500,7500,false,,,8.99,Core,Core,0.9,0,,0,78354,830,Source One Financial Services,VA, stan johnson,0,0,SC134,Core
252179,eavila,20958.64,144,Booked,"Vantage Recreational Finance, Inc. -FL291",VRF,FL,FORT LAUDERDALE,2026-08-25,2026-08-25,2026-08-26,2022,RV,Used,,15.98,1.62,S1House,1796,399,9.24,4000,4000,false,1286,111,10.74,Core,Core,0.93,1257.52,6,0,22550,769,Source One Financial Services,LA, trenton cott,1,0,FL291,Core
252296,thovey,153955,240,Approved,Blue Compass RV - Springfield - MO229,Blue Compass,MO,Strafford,2026-08-25,2026-08-25,,2026,RV,New,765,24.18,6.06,jweller,,51,7.24,20000,20000,false,,,8.74,Core,Core,0.92,0,,0,167012,804,Source One Financial Services,MO, blaine sherrill,1,1,MO229,Core
252291,Jhill,65818.7,180,Auto Approval,STOKLEYS MARINE - KY120,,KY,NICHOLASVILLE,2026-08-25,2026-08-25,,2027,Boat,New,,35.52,5.58,jharrington1,,17,7.49,3000,0,false,,,8.99,Core,Core,1.2,0,,0,54675,813,Source One Financial Services,KY, erin tuttle,1,1,KY120,Core
252345,rsimmons,30214.03,204,Auto Approval,Texas Marine - Clear Lake -TX354,OneWater,TX,SEABROOK,2026-08-25,2026-08-25,,2017,Boat,Used,,18.58,2.77,gott,,15,10.99,3000,3000,false,,,12.49,Core,Core,0.88,0,,0,34270,710,Source One Financial Services,TX, seth franco,1,1,TX354,Core
252312,pmeza,18179.36,144,Booked,HALLS RV INC - AL121,,AL,ALBERTVILLE,2026-08-25,2026-08-26,2026-08-26,2021,RV,Used,,29.94,1.6,jsmith,1474,1458,10.74,1600,1600,false,16,0,11.99,Core,Core,1.15,908.97,5,0,15750,699,Source One Financial Services,AL, kim levert,1,0,AL121,Core
252202,lgrace,34217.76,204,Approved,SUSQUEHANNA VALLEY RV - SELINSGROVE - PA115,,PA,SELINSGROVE,2026-08-25,2026-08-25,,2026,RV,Used,,25.07,11.51,jharrington1,,18,8.24,100,100,false,,,9.74,Core,Core,0.88,0,,0,38800,771,Source One Financial Services,PA, danielle wagner,1,1,PA115,Core
252245,ahunt,30637.78,180,Auto Approval,OPTIMUM RV PHILADELPHIA - PA106,Optimum RV,PA,POTTSTOWN,2026-08-25,2026-08-25,,2026,RV,New,,43.48,1.88,jharrington1,,19,8.74,5000,5000,false,,,10.24,Core,Core,1.16,0,,0,26320,767,Source One Financial Services,PA, wesley faust,1,1,PA106,Core
252234,mnava,32367,180,Decline,"Lone Star RV Sales, INC -TX206",,TX,Houston,2026-08-25,,,2027,RV,New,627,75.98,9.18,gott,,25,12.49,4000,4002,false,,,13.49,Silver 1,Silver 1,0.94,0,,0,34254,677,Source One Financial Services,TX,,0,0,TX206,Silver
252423,lgrace,32931.56,180,Auto Approval,Keystone RV Center  - PA110,Pete's RV,PA,Greencastle,2026-08-25,2026-08-25,,2026,RV,New,701,28.18,3.72,jharrington1,,20,7.49,4000,4000,false,,,8.99,Core,Core,0.87,0,,0,37993,802,Source One Financial Services,WV, jen habina,1,1,PA110,Core
252196,avera,17947.27,144,Approved,Bumgarner Camping Center-NC142,Canopy Financial,NC,Lenoir,2026-08-25,2026-08-25,,2026,RV,New,650,31.12,1.46,jsmith,,54,9.99,2000,2000,false,,,11.49,Core,Core,0.91,0,,0,19815,709,Source One Financial Services,NC, mac mclelland,1,1,NC142,Core
252155,avera,29146.84,180,Decline,Rocky Ridge RV - Tyler - TX574,Rocky Ridge,TX,Tyler,2026-08-25,,,2026,RV,New,,22.22,4.82,gott,,72,8.49,1000,5000,false,,,9.24,Core,Not Applicable,0.79,0,,0,37120,714,Connexus Credit Union,TX, brandon barsh,0,0,TX574,Not Applicable
252304,eavila,50368.3,180,Pending,RAM MOTORS RV AND TRUCK - NM102,,NM,ALBUQUERQUE,2026-08-25,2026-08-25,,2026,RV,New,,6.65,2.46,edominguez,,29,9.99,65000,65000,false,,,11.49,Core,Core,0.39,0,,0,128927,713,Source One Financial Services,NM, uriah holland,0,0,NM102,Core
252358,ccampos,169288.12,240,Auto Approval,"EPIC FINANCE, LLC. - 17401748",EPIC,NC,WILMINGTON,2026-08-25,2026-08-26,,2025,Boat,New,,41.93,6.67,S1House,,1526,7.74,36000,36000,false,,,9.24,Core,Core,1.23,0,,0,137935,794,Source One Financial Services,FL, donavon evenson,1,1,17401748,Core
252159,sflynn,34319.52,180,Auto Approval,Ashley Marine LLC - GA147,,GA,Columbus,2026-08-25,2026-08-25,,2026,Boat,New,,49.29,7.51,jsmith,,12,8.74,3500,3500,false,,,10.24,Core,Core,1.12,0,,0,30536,771,Source One Financial Services,GA, james pressley,1,1,GA147,Core
252364,avera,28313.92,180,Decline,Hufnagel and Majors Inc - PA109,,PA,Harmony,2026-08-25,,,2026,RV,New,639,41.36,2.15,jharrington1,,11,7.99,1000,1000,false,,,9.49,Core,Core,0.84,0,,0,33590,791,Source One Financial Services,PA, anthony talerico,0,0,PA109,Core
252407,mnava,38489.61,180,Auto Approval,Nice Campers.com-AR129,,AR,Russellville,2026-08-25,2026-08-27,,2026,RV,New,,25.27,9.65,jweller,,2706,7.49,0,0,false,,,8.74,Core,Not Applicable,1.03,0,,0,37333,778,Connexus Credit Union,AR, aliya purtee,1,1,AR129,Not Applicable
252374,ahunt,85919,240,Auto Approval,PALMETTO BOAT CENTER INC - SC101,,SC,PIEDMONT,2026-08-25,2026-08-25,,2027,Boat,New,,34.11,7.89,jsmith,,11,9.99,11000,21000,false,,,11.49,Core,Core,0.99,0,,0,86646,720,Source One Financial Services,SC, zach whitehead,1,1,SC101,Core
252397,lgrace,48294,180,Auto Approval,"Vantage Recreational Finance, Inc. -FL291",VRF,FL,FORT LAUDERDALE,2026-08-25,2026-08-26,,2021,RV,Used,,37.47,5.7,S1House,,1483,10.24,5000,5000,false,,,11.74,Core,Core,0.96,0,,0,50250,729,Source One Financial Services,OH, megan fitzkee,1,1,FL291,Core
252197,Jhill,48000,204,Verifications Incomplete,Walstrom Marine - MI472,,MI,Harbor Springs,2026-08-25,2026-08-27,,2006,Boat,Used,883,8.06,1.96,dzilberchtein,,3113,9.49,18760,18760,false,,57,10.74,Core,Core,0.77,2400,5,0,62000,874,Source One Financial Services,OH, david towner,1,1,MI472,Core
252294,thovey,94844.72,240,Decline,La Mesa RV Center - Albuquerque - NM109,La Mesa,NM,Albuquerque,2026-08-25,,,2024,RV,Used,683,31.75,11.73,edominguez,,12,10.24,1000,1000,false,,,11.74,Core,Core,0.96,0,,0,98479,683,Source One Financial Services,NM, leon garcia,0,0,NM109,Core
252200,mlomedico,35600,180,Decline,Bills Happy Camper Rv LLC-PA135,Warrior Performance,PA,Mill Hall,2026-08-25,,,2026,RV,New,665,50.89,3.44,jharrington1,,50,13.74,3700,3700,false,,,14.74,Silver 1,Silver 1,0.93,0,,0,38089,644,Source One Financial Services,PA, bob rose iii,0,0,PA135,Silver
252394,hhisek,108041.71,240,Decline,Blue Compass RV - South Beumont - TX551,Blue Compass,TX,Vidor,2026-08-25,,,2026,RV,New,624,40.86,7.66,gott,,9,13.74,10000,15600,false,,,14.74,Silver 1,Silver 1,1.11,0,,0,97480,652,Source One Financial Services,TX, brett massey,0,0,TX551,Silver
252225,hhisek,62094.61,240,Conditional Approval,Blue Compass RV - South Beumont - TX551,Blue Compass,TX,Vidor,2026-08-25,2026-08-25,,2026,RV,New,,29.4,5.41,gott,,10,10.24,6400,6400,false,,,11.74,Core,Core,0.87,0,,0,71140,683,Source One Financial Services,TX, jermiah huerta,1,1,TX551,Core
252194,sbaker,63323.85,180,Auto Approval,Plano Marine -TX112,,TX,Pottsboro,2026-08-25,2026-08-25,,2009,Boat,Used,,21.95,3.18,gott,,461,11.99,2650,2650,false,,,13.49,Core,Core,0.91,0,,0,69960,707,Source One Financial Services,TX, bill tharpe,1,1,TX112,Core
252384,jrubi,51031,240,Approved,BEAUMONT RV - SCA108,,CA,BEAUMONT,2026-08-25,2026-08-25,,2025,RV,New,,44.03,3.14,jrubi,,10,8.74,4500,4500,false,,,10.24,Core,Core,0.87,0,,0,58509,775,Source One Financial Services,CA,,1,1,SCA108,Core
252221,,13825,72,Auto Decline,Team Winnebagoland -WI5022,,WI,Oshkosh,2026-08-25,,,2020,Boat,New,,29.44,5.3,dzilberchtein,,0,15.74,0,0,false,,,16.74,Silver 2,Silver 2,0,0,,0,0,623,Source One Financial Services,WI,,0,0,WI5022,Silver
252399,thovey,32234,144,Decline,Easy Camping RV - IA141,,IA,Nevada,2026-08-25,,,2020,RV,Used,,8.74,6.28,gcoulombe,,44,14.49,0,4500,false,,,15.49,Silver 1,Not Applicable,0.95,0,,0,33950,643,Connexus Credit Union,IA, ryan jensen,0,0,IA141,Not Applicable
252265,hhisek,39878.89,180,Decline,Clear Creek Camping LLC-TX396,,TX,Abilene,2026-08-25,,,2026,RV,Used,,31.58,6.5,gott,,9,12.49,2000,3500,false,,,13.49,Silver 1,Silver 1,0.9,0,,0,44550,667,Source One Financial Services,TX, clay anderson,0,0,TX396,Silver
252303,ahunt,118914.98,240,Auto Approval,RV'S OF AMERICA - COLORADO SPRINGS  - CO150,,CO,COLORADO SPRINGS,2026-08-25,2026-08-25,,2026,RV,New,,24.41,5.75,dzilberchtein,,138,7.49,5000,11200,false,,,8.99,Core,Core,1.14,0,,0,104671,810,Source One Financial Services,CO, anthony downs,1,1,CO150,Core
252251,Jhill,22187.96,204,Auto Approval,CAMPERS INN RV OF MADISON - AL116,Campers Inn,AL,MADISON,2026-08-25,2026-08-26,,2026,RV,Used,,33.33,3.69,jsmith,,1554,13.74,3500,3500,false,,,14.74,Silver 1,Silver 1,0.87,0,,0,25550,655,Source One Financial Services,AL, lynn dees,1,1,AL116,Silver
252272,eavila,32819.67,180,Auto Approval,OASIS RV - IL256,,IL,MARION,2026-08-25,2026-08-25,,2026,RV,New,,30.29,7.7,gcoulombe,,47,9.5,3360,3360,false,,,10,Silver 1,Not Applicable,0.9,0,,0,36345,676,Ideal Credit Union,IL, don hart,1,1,IL256,Not Applicable
252318,,125291,240,Cancelled,CALIFORNIA BOAT COMPANY-ECA109,EPIC,CA,Discovery Bay,2026-08-25,,,2026,Boat,New,,0,0,S1House,,,22.99,35000,35000,false,,,23.99,Bronze,Bronze,1.15,0,,0,108965,,Source One Financial Services,CA, brett light,0,0,ECA109,Business First
252259,mlomedico,15489.87,120,Conditional Approval,Riva Motorsports and Marine - FL293,,FL,Key Largo,2026-08-25,2026-08-25,,2025,Boat,Used,688,48.05,1.07,wstoutimore,,84,8.99,15000,15000,false,,,9.74,Silver 1,Not Applicable,0.57,0,,0,27380,660,Connexus Credit Union,FL, marcos castro,1,1,FL293,Not Applicable
252160,rsimmons,35004,204,Auto Approval,Barton Lake RV Sales -IN104,,IN,Fremont,2026-08-25,2026-08-25,,2026,RV,New,754,12.74,1.62,jharrington1,,21,9.74,0,6000,false,,,11.24,Core,Core,0.9,0,,0,38915,740,Source One Financial Services,IN, shane housholder,1,1,IN104,Core
252305,,68121.8,240,Auto Decline,BLUE COMPASS RV INDIANAPOLIS-IN206,Blue Compass,IN,INDIANAPOLIS,2026-08-25,,,2026,RV,New,,24.83,7.6,jharrington1,,0,22.99,1000,11000,false,,,23.99,Bronze,Bronze,0.86,0,,0,79175,576,Source One Financial Services,OH,,0,0,IN206,Business First
252254,mlomedico,39655.61,180,Decline,General RV - Richmond - VA117,General RV,VA,Ashland,2026-08-25,,,2024,RV,Used,587,43.22,2.97,jsmith,,9,8.74,10000,10000,false,,,10.24,Core,Core,0.68,0,,0,57907,769,Source One Financial Services,VA, joey gormus,0,0,VA117,Core
252365,,70436.91,240,Auto Decline,Rocky Ridge RV - Nacogdoches - TX525,Rocky Ridge,TX,Nacogdoches,2026-08-25,,,2026,RV,New,,58.9,9.88,gott,,0,12.49,1500,4527,false,,,13.49,Silver 1,Silver 1,1.35,0,,0,52147,671,Source One Financial Services,TX,,0,0,TX525,Silver
252270,avera,75175.72,240,Auto Approval,Four Lakes RV -MI344,,MI,Union,2026-08-25,2026-08-27,,2026,RV,New,,15.65,3.95,dzilberchtein,,2951,10.74,8279,8279,false,,,10.99,Core,Core,1.3,0,,0,57987,739,Source One Financial Services,WI,,1,1,MI344,Core
252224,pmeza,32798.26,204,Booked,Gregg Orr Marine -TX365,,TX,TEXARKANA,2026-08-25,2026-08-27,2026-08-27,2026,Boat,New,,34.45,6.94,jweller,2993,2973,11.99,3000,3000,false,20,0,12.99,Silver 1,Silver 1,1.26,1311.93,4,0,26039,671,Source One Financial Services,TX, adam henderson,1,0,TX365,Silver
252208,mlomedico,24145,120,Decline,Intercoastal Financial Group LLC - 17401746,IFG,FL,Vero Beach,2026-08-25,,,2007,Boat,Used,,40.41,3.03,S1House,,29,11.99,5000,5000,false,,,13.24,Core,Core,1.34,0,,0,18000,708,Source One Financial Services,NY, hunter miller,0,0,17401746,Core
252353,lgrace,123890.96,240,Auto Approval,LDRV of Tampa - FL340,Campers Inn,FL,Seffner,2026-08-25,2026-08-25,,2024,RV,Used,781,32.63,4.48,wstoutimore,,53,7.24,31400,39774.65,false,,,8.74,Core,Core,1.14,0,,0,108950,840,Source One Financial Services,FL, maria amatangelo,1,1,FL340,Core
252228,ahunt,28374.42,120,Auto Approval,NXTLVL Marine LLC - TX502,,TX,New Braunfels,2026-08-25,2026-08-25,,2027,Boat,New,,24.25,3.4,gott,,42,9.74,6000,6000,false,,,11.24,Core,Core,0.73,0,,0,38892.84,729,Source One Financial Services,TX, melanie stehling,1,1,TX502,Core
252169,avera,30000,144,Booked,O'CONNELL YACHTS-SC129,,SC,Boiling Springs,2026-08-25,2026-08-26,2026-08-26,2023,Boat,Used,770,14.22,3.89,jsmith,1840,1801,7.99,3000,3000,false,39,0,8.74,Core,Core,0.94,900,3,0,31765,828,Source One Financial Services,GA, jodie oconnell,1,0,SC129,Core
252189,thovey,60797.79,204,Conditional Approval,Rock Solid Funding LLC - TX536,RSF,TX,BEDFORD,2026-08-25,2026-08-25,,2020,RV,Used,,32.1,3.38,S1House,,226,9.24,0,0,false,,,9.99,Core,Core,1.21,0,,0,50300,796,Source One Financial Services,TX, serena pulliam,1,1,TX536,Core
252184,rsimmons,32831.18,180,Decline,Southern Mud Sports LLC - AL165,,AL,Waverly,2026-08-25,2026-08-25,,2027,Boat,New,,27.75,5.77,jsmith,,191,13.74,3800,3800,false,,,14.74,Silver 1,Silver 1,1.2,0,,0,27270.92,658,Source One Financial Services,WY, jeff cantey,0,0,AL165,Silver
252330,Jhill,68845.4,144,Auto Approval,Fun Town RV - Cleburne -TX108,Fun Town,TX,Cleburne,2026-08-25,2026-08-25,,2025,RV,New,,25.53,11.94,S1House,,105,7.49,7100,7100,false,,,8.74,Core,Not Applicable,0.84,0,,0,81486,826,Connexus Credit Union,TX, jonathan riley,1,1,TX108,Not Applicable
252437,ahunt,115180.72,240,Auto Approval,La Mesa RV Center - Albuquerque - NM109,La Mesa,NM,Albuquerque,2026-08-25,2026-08-25,,2027,RV,New,,35.85,10.9,edominguez,,91,7.24,10000,13000,false,,,8.74,Core,Core,0.99,0,,0,116790,870,Source One Financial Services,NM, leon garcia,1,1,NM109,Core
252408,,16572.4,216,Auto Decline,GEORGIA RV OUTLET LLC - GA107,,GA,CARTERSVILLE,2026-08-25,,,2022,RV,Used,,14.16,9.77,jsmith,,0,22.99,1500,1500,false,,,23.99,Bronze,Bronze,0.54,0,,0,30850,591,Source One Financial Services,IL,,0,0,GA107,Business First
252346,sbaker,37231.58,180,Auto Approval,Parkland RV-MO220,Canopy Financial,MO,Leadington,2026-08-25,2026-08-25,,2025,RV,Used,,7.28,1.99,jweller,,186,9.74,500,500,false,,,11.24,Core,Core,0.7,0,,0,53000,734,Source One Financial Services,MO, matt kurtz,1,1,MO220,Core
252256,mlomedico,25460.27,180,Auto Approval,PELICAN MARINE CENTER - FL120,,FL,HUDSON,2026-08-25,2026-08-25,,2023,Boat,Used,,21.19,8.89,wstoutimore,,93,7.99,24500,24500,false,,,9.49,Core,Core,0.5,0,,0,50660,808,Source One Financial Services,FL, richie bernett,1,1,FL120,Core
252168,sflynn,20448.6,180,Auto Approval,Western Skies RV - NV111,,NV,Reno,2026-08-25,2026-08-25,,2026,RV,New,,16.59,4.47,ljablonoski,,123,8.74,16000,16000,false,,,10.24,Core,Core,0.69,0,,0,29802,772,Source One Financial Services,NV, scott bailey,1,1,NV111,Core
252231,sbaker,19754.58,168,Auto Approval,Ashley Marine - Panama City -  FL255,,FL,Panama City,2026-08-25,2026-08-26,,2027,Boat,New,,49.85,4.23,wstoutimore,,1465,9.49,0,0,false,,,10.99,Core,Core,1.27,0,,0,15548,751,Source One Financial Services,FL, amy silas,1,1,FL255,Core
252302,sbaker,31936.11,180,Auto Approval,Mid-State Camper Sales - IL232,,IL,Vandalia,2026-08-25,2026-08-27,,2021,RV,Used,,11.73,2.03,gcoulombe,,2740,9.99,2631,2631,false,,,11.49,Core,Core,1.11,0,,0,28845,760,Source One Financial Services,IL,,1,1,IL232,Core
252293,lgrace,43816.7,240,Auto Approval,OWENSBORO RV - KY119,,KY,OWENSBORO,2026-08-25,2026-08-25,,2026,RV,New,,40.49,5.7,jharrington1,,81,9.24,4000,4000,false,,,10.74,Core,Core,0.99,0,,0,44282,727,Source One Financial Services,IN, scott stacy,1,1,KY119,Core
252185,mlomedico,16939,144,Auto Approval,RUGBY HOMES AND RV CENTER - ND121,,ND,RUGBY,2026-08-25,2026-08-25,,2021,RV,Used,,35.8,2.02,dzilberchtein,,50,7.99,0,7000,false,,,9.49,Core,Core,0.87,0,,0,19400,836,Source One Financial Services,ND,,1,1,ND121,Core
252186,Jhill,24896.24,204,Auto Approval,JEFF COUCHS CAMPERS -OH107,Jeff Couchs,OH,Trenton,2026-08-25,2026-08-26,,2027,RV,New,691,32.21,1.91,jharrington1,,1681,9.99,75000,75000,false,,,11.49,Core,Core,0.23,0,,0,106525,707,Source One Financial Services,OH, derek hensley,1,1,OH107,Core
252430,pmeza,68015.25,240,Auto Approval,Blue Compass-RV KC - Grain Valley - MO121,Blue Compass,MO,Grain Valley,2026-08-25,2026-08-25,,2027,RV,New,,34.01,4.7,jweller,,47,9.49,1000,1000,false,,,10.99,Core,Core,1.01,0,,0,67551.25,706,Source One Financial Services,MO, aaron shockey,1,1,MO121,Core
252238,sbaker,35671.84,180,Decline,Premier Yamaha Boating Center/Aransas -TX209,,TX,Aransas,2026-08-25,,,2023,Boat,New,,19.33,6.39,gott,,330,10.74,4000,4000,false,,,12.24,Core,Core,0.99,0,,0,35875,687,Source One Financial Services,TX, charles ferguson,0,0,TX209,Core
252240,eavila,18899,180,Decline,"Vantage Recreational Finance, Inc. -FL291",VRF,FL,FORT LAUDERDALE,2026-08-25,,,2021,RV,Used,,32.43,6.34,S1House,,11,14.49,1000,1000,false,,,15.49,Silver 1,Silver 1,1.08,0,,0,17450,650,Source One Financial Services,AR, alphonzo bowe,0,0,FL291,Silver
252274,ccampos,18677.23,204,Pending,HAPPY CAMPERS RV SALES and SERVICE - IN182,,IN,LAFAYETTE,2026-08-25,,,2027,RV,New,,49.86,3.95,jharrington1,,,7.99,3000,3000,false,,,9.49,Core,Core,0.69,0,,0,26993.1,784,Source One Financial Services,IN, jacob lebeau,0,0,IN182,Core
252175,hhisek,61722.56,240,Decline,BLUE COMPASS RV - SOUTH HOUSTON  - TX421,Blue Compass,TX,Alvin,2026-08-25,,,2026,RV,New,,15.52,5.37,gott,,11,13.74,0,16000,false,,,14.74,Silver 1,Silver 1,0.96,0,,0,64364,641,Source One Financial Services,TX, lucy anzaldua,0,0,TX421,Silver
252162,hhisek,57746.56,180,Conditional Approval,Fun Town RV-Denton -TX322,Fun Town,TX,Denton,2026-08-25,2026-08-25,,2026,RV,New,,21.66,7.75,gott,,85,10.99,20000,20000,false,,,10.99,Silver 1,Not Applicable,0.7,0,,0,82892,679,Connexus Credit Union,TX, jacob redante,1,1,TX322,Not Applicable
252174,lgrace,23381.79,180,Auto Approval,PETE'S RV CENTER - CONNECTICUT - CT102,Pete's RV,CT,SOUTH WINDSOR,2026-08-25,2026-08-26,,2024,RV,Used,682,33.05,1.11,gcoulombe,,1388,9.49,500,6500,false,,,10.99,Core,Core,0.88,0,,0,26650,714,Source One Financial Services,CT, samantha rice,1,1,CT102,Core
252425,sflynn,31172.06,180,Auto Approval,Fun Town RV - Texarkana - AR120,Fun Town,AR,Texarkana,2026-08-25,2026-08-25,,2025,RV,New,,35.94,2.12,jweller,,50,9.49,0,0,false,,,10.99,Core,Core,0.83,0,,0,37640,760,Source One Financial Services,TX, henry reyna,1,1,AR120,Core
252352,pmeza,47692.78,240,Decline,Blue Compass RV - Jacksonville - FL336,Blue Compass,FL,Jacksonville,2026-08-25,,,2026,RV,New,,28.44,12.01,pcarter,,12,22.99,13500,15458,false,,,23.99,Core,Core,0.83,0,,0,57636.75,693,Source One Financial Services,FL, koby johnson,0,0,FL336,Core
252343,mlomedico,42294,180,Decline,"Vantage Recreational Finance, Inc. -FL291",VRF,FL,FORT LAUDERDALE,2026-08-25,,,2014,RV,Used,,22.86,2.56,S1House,,5,15.49,6000,6000,false,,,16.49,Silver 1,Silver 1,1.09,0,,0,38665,652,Source One Financial Services,WV, brian decastro,0,0,FL291,Silver
252444,eavila,55035.25,204,Auto Approval,Fun Town RV-Giddings -TX314,Fun Town,TX,Giddings,2026-08-25,2026-08-27,,2027,RV,New,,35.38,4.48,gott,,2777,10.24,6298.67,6323.79,false,,,11.74,Core,Core,1.45,0,,0,37858,699,Source One Financial Services,TX, thomas jordan,1,1,TX314,Core
252400,mlomedico,100409,240,Decline,PALMETTO BOAT CENTER INC - SC101,,SC,PIEDMONT,2026-08-25,,,2026,Boat,New,,89.23,8.74,jsmith,,27,10.24,13000,12800,false,,,11.74,Core,Core,1.13,0,,0,88730.96,697,Source One Financial Services,SC, zach whitehead,0,0,SC101,Core
252372,,12455.7,120,Auto Decline,GREAT AMERICAN RV SUPERSTORE-HAMMOND - LA105,,LA,HAMMOND,2026-08-25,,,2026,RV,New,,55.18,4.67,gott,,0,14.99,1500,1500,false,,,15.99,Silver 2,Silver 2,0.9,0,,0,13781,622,Source One Financial Services,LA,,0,0,LA105,Silver
252257,lgrace,60127.91,240,Approved,"A to Z Supercenter, LLC - FL242",,FL,Ocala,2026-08-25,2026-08-25,,2024,RV,New,,24.87,4.16,pcarter,,16,9.49,2700,2700,false,,,10.99,Core,Core,0.83,0,,0,72725,711,Source One Financial Services,CA, austin haase,1,1,FL242,Core
252378,,29893.81,180,Auto Decline,Century Auto/RV -TX344,,TX,AMARILLO,2026-08-25,,,2026,RV,New,663,17.65,9.28,gott,,0,13.74,50000,50000,false,,,14.74,Silver 1,Silver 1,0.41,0,,,72739,660,Source One Financial Services,TX,,0,0,TX344,Silver
252145,hhisek,33003.88,180,Conditional Approval,Fun Town RV Factory Connect LLC-IN205,Fun Town,IN,Elkhart,2026-08-25,2026-08-25,,2026,RV,New,,32.42,3.96,jharrington1,,5,10.24,1600,1600,false,,,11.74,Core,Core,0.78,0,,0,42425,694,Source One Financial Services,MI, trever rizor,1,1,IN205,Core
252371,rsimmons,14806.27,144,Decline,HOWDY RANCH RV - TX315,,TX,Mathis,2026-08-25,,,2006,Boat,Used,,9.79,2.96,gott,,4,14.74,2000,2000,false,,,15.74,Silver 1,Silver 1,1.18,0,,0,12530,676,Source One Financial Services,TX, ivy martinez,0,0,TX315,Silver
252292,pmeza,54212.5,180,Decline,ROTH RV - GRAND RAPIDS - MN164,,MN,GRAND RAPIDS,2026-08-25,,,2017,RV,Used,684,29.15,10.45,dzilberchtein,,5,14.99,4000,4000,false,,,15.99,Silver 1,Silver 1,1.13,0,,0,48000,647,Source One Financial Services,MN, mike roth,0,0,MN164,Silver
252391,ccampos,99999.55,180,Pending,Intercoastal Financial Group LLC - 17401746,IFG,FL,Vero Beach,2026-08-25,2026-08-25,,2020,Boat,Used,,38.33,10.96,S1House,,31,10.74,16300,16300,false,,,11.99,Core,Core,1,0,,0,99820,693,Source One Financial Services,FL, joe burton,0,0,17401746,Core
252281,ccampos,21776.47,144,Decline,Ashley Marine - Salem - AL157,,AL,Salem,2026-08-25,,,2026,Boat,New,,6.31,5.29,jsmith,,66,8.74,2000,2000,false,,,10.24,Core,Not Applicable,1.14,0,,0,19121,762,Connexus Credit Union,AL, shirley ashley,0,0,AL157,Not Applicable
252322,,67316.87,240,Auto Decline,RV Station LTD- Katy -TX290,,TX,Katy,2026-08-25,,,2021,RV,Used,,31.03,6.36,gott,,0,15.74,0,10168,false,,,16.74,Silver 2,Silver 2,1.11,0,,0,60665,638,Source One Financial Services,LA,,0,0,TX290,Silver
252215,,44653.2,216,Cancelled,CAMPERS INN ATLANTA -GA122,Campers Inn,GA,TUCKER,2026-08-25,,,2026,RV,New,,0,0,jsmith,,,22.99,1000,5256.76,false,,,23.99,Bronze,Bronze,1.2,0,,0,37211,,Source One Financial Services,GA, brett horton,0,0,GA122,Business First
252205,Jhill,19540.75,144,Auto Approval,Blue Compass - Mobile - AL170,Blue Compass,AL,Theodore,2026-08-25,2026-08-25,,2026,RV,New,737,4.48,3.62,jsmith,,27,8.74,2000,2000,false,,,10.24,Core,Core,0.97,0,,0,20065,765,Source One Financial Services,AL, dylan howard,1,1,AL170,Core
252392,rsimmons,92137.51,240,Auto Approval,Blue Compass RV - San Antonio - TX572,Blue Compass,TX,San Antonio,2026-08-25,2026-08-27,,2025,RV,Used,626,26.1,8.17,gott,,2552,7.24,9500,9500,false,,,8.74,Core,Core,0.89,0,,0,103000,837,Source One Financial Services,TX, ryan johnson,1,1,TX572,Core
252434,mlomedico,51213.4,180,Decline,FUN TOWN RV CORSICANA LP- TX451,Fun Town,TX,CORSICANA,2026-08-25,,,2020,RV,Used,,58.43,4.23,gott,,7,10.49,3000,10887.95,false,,,11.99,Core,Core,1.29,0,,0,39700,700,Source One Financial Services,TX, brenden boggs,0,0,TX451,Core
252433,mnava,41400,180,Auto Approval,Nelson RV -AZ233,,AZ,Tucson,2026-08-25,2026-08-26,,2019,RV,Used,,50.65,8.03,edominguez,,1211,7.99,7000,7000,false,,,9.24,Core,Not Applicable,0.89,0,,0,46400,833,Connexus Credit Union,VT,,1,1,AZ233,Not Applicable
252398,hhisek,30315.3,180,Decline,PPL Motorhomes - Decatur -  TX583,,TX,Decatur,2026-08-25,,,2023,RV,Used,,12.28,4.37,gott,,4,14.49,3100,3100,false,,,15.49,Silver 1,Silver 1,0.61,0,,0,50105,642,Source One Financial Services,TX, wesley meyer,0,0,TX583,Silver
252348,pmeza,23483.93,204,Auto Approval,Heartland Marine -MO131,,MO,Sunrise Beach,2026-08-25,2026-08-25,,2008,Boat,Used,715,35.17,2.47,jweller,,52,9.74,9000,9000,false,,,10.74,Core,Core,1.08,0,,0,21650,767,Source One Financial Services,KS, ashley maass,1,1,MO131,Core
252241,lgrace,23949.46,144,Decline,Campers Inn of Chichester - NH103,Campers Inn,NH,Chichester,2026-08-25,,,2027,RV,New,,46.82,5.68,gcoulombe,,70,10.24,2500,2500,false,,,11.74,Core,Not Applicable,0.95,0,,0,25326,689,Connexus Credit Union,CT, david keller,0,0,NH103,Not Applicable
252440,mlomedico,96552.66,240,Auto Approval,ROCKY MOUNTAIN RV and MARINE - NM101,,NM,ALBUQUERQUE,2026-08-25,2026-08-25,,2027,RV,New,722,44.86,8.33,edominguez,,6,9.74,11000,11000,false,,,11.24,Core,Core,1.18,0,,0,81612,723,Source One Financial Services,NM, bianca mcclaskey,1,1,NM101,Core
252351,ccampos,52504,240,Pending,"Vantage Recreational Finance, Inc. -FL291",VRF,FL,FORT LAUDERDALE,2026-08-25,,,2025,Boat,Used,,167.73,1.78,S1House,,,8.74,1000,1000,false,,,10.24,Core,Core,0.88,0,,0,59420,761,Source One Financial Services,MD, linda lemire,0,0,FL291,Core
252393,hhisek,37814.1,180,Auto Approval,Adventure Campers USA - MS116,,MS,Sherman,2026-08-25,2026-08-25,,2022,RV,Used,,7.08,6.52,jsmith,,30,8.49,5000,5000,false,,,9.99,Core,Core,0.91,0,,0,41700,797,Source One Financial Services,FL, josh brown,1,1,MS116,Core
252206,avera,36558.8,180,Approved,Country Roads RV Center INC.- NC139,,NC,Lexington,2026-08-25,2026-08-25,,2026,RV,New,671,25.22,2.28,jsmith,,79,8.99,3900,3900,false,,,9.74,Core,Not Applicable,0.88,0,,0,41738,706,Connexus Credit Union,NC, scott champion,1,1,NC139,Not Applicable
252212,hhisek,38618.55,204,Auto Approval,COUNTRY TYME RV CENTER - TX170,,TX,GEORGETOWN,2026-08-25,2026-08-25,,2019,RV,Used,,35.86,2.86,gott,,281,7.99,0,0,false,,,8.99,Core,Core,0.91,0,,0,42350,872,Source One Financial Services,TX,,1,1,TX170,Core
252267,hhisek,57852.35,180,Conditional Approval,FUN TOWN RV SAN ANTONIO LP - TX465,Fun Town,TX,CIBOLO,2026-08-25,2026-08-25,,2026,RV,New,,22.37,6.09,gott,,12,9.74,0,0,false,,,11.24,Core,Core,1.08,0,,0,53605,730,Source One Financial Services,TX, franz grimes,1,1,TX465,Core
252269,,9442.1,120,Auto Decline,PPL MOTORHOMES - CLEBURNE - TX440,,TX,CLEBURNE,2026-08-25,,,2021,RV,Used,,49.48,2.43,gott,,0,15.49,900,900,false,,,15.99,Silver 1,Silver 1,0.61,0,,0,15565,652,Source One Financial Services,TX,,0,0,TX440,Silver
252193,avera,59533.23,240,Approved,JEFF COUCHS CAMPERS -OH107,Jeff Couchs,OH,Trenton,2026-08-25,2026-08-25,,2025,RV,New,,38.25,5.67,jharrington1,,43,8.49,6000,6000,false,,,9.74,Core,Core,0.76,0,,0,78456,759,Source One Financial Services,GA, bryon spencer,1,1,OH107,Core
252405,,34525.92,180,Auto Decline,Budget RVs of Texas -TX109,,TX,Royse City,2026-08-25,,,2018,RV,Used,648,22.07,13.27,gott,,0,22.99,4000,4000,false,,,23.99,Bronze,Bronze,1.66,0,,0,20845,581,Source One Financial Services,TX,,0,0,TX109,Business First
252177,rsimmons,20579.58,180,Decline,DADS CAMPER OUTLET - GULFPORT - MS100,,MS,GULFPORT,2026-08-25,,,2021,RV,Used,,20.17,2.47,jsmith,,10,14.49,2000,2000,false,,,15.49,Silver 1,Silver 1,0.63,0,,0,32645,654,Source One Financial Services,TX, ricky arnaud,0,0,MS100,Silver
252182,avera,26927.26,180,Decline,Ashley Marine LLC - Pensacola - FL325,,FL,Pensacola,2026-08-25,,,2026,Boat,New,604,53.93,3.92,wstoutimore,,39,12.49,2800,2800,false,,,13.49,Silver 1,Silver 1,0.87,0,,0,31090,672,Source One Financial Services,FL, joey hawkins,0,0,FL325,Silver
252170,hhisek,29400.23,144,Decline,Next Motors Sales LLC-TX537,,TX,Rio Grande City,2026-08-25,,,2022,RV,Used,,5.77,5.41,gott,,8,9.99,3000,3000,false,,,11.49,Core,Core,0.97,0,,0,30240,760,Source One Financial Services,TX,,0,0,TX537,Core
252321,thovey,84799.68,180,Approved,RV Value Mart-Bethlehem-PA125,,PA,Bath,2026-08-25,2026-08-25,,2026,RV,New,,43.36,8.84,jharrington1,,84,7.74,10000,11143,false,,,8.74,Core,Not Applicable,0.94,0,,0,90131,842,Connexus Credit Union,NY, marty dieppa,1,1,PA125,Not Applicable
252219,jrubi,29199.48,204,Auto Approval,SUSQUEHANNA VALLEY RV - SELINSGROVE - PA115,,PA,SELINSGROVE,2026-08-25,2026-08-25,,2026,RV,New,743,9.08,2.55,jharrington1,,10,9.49,0,0,false,,,10.99,Core,Core,0.84,0,,0,34800,750,Source One Financial Services,PA, danielle wagner,1,1,PA115,Core
252207,,58313.72,180,Auto Decline,North Country RV - MN829,Markquart,MN,Ham Lake,2026-08-25,,,2023,RV,Used,,59.94,15.34,dzilberchtein,,0,22.99,6000,6019,false,,,23.99,Bronze,Bronze,0.91,0,,0,64350,605,Source One Financial Services,MN,,0,0,MN829,Business First
252199,hhisek,18974.58,180,Decline,DADS CAMPER OUTLET - GULFPORT - MS100,,MS,GULFPORT,2026-08-25,,,2017,RV,Used,,38.17,6.73,jsmith,,8,14.99,2000,2000,false,,,15.99,Silver 1,Silver 1,0.89,0,,0,21410,654,Source One Financial Services,MS, ricky arnaud,0,0,MS100,Silver
252368,,25029.88,144,Auto Decline,Blackbeard Marine Kingston -OK151,,OK,Kingston,2026-08-25,,,2018,Boat,Used,,24.12,0,jweller,,0,16.24,7000,7000,false,,,17.24,Silver 2,Silver 2,0.81,0,,0,30900,631,Source One Financial Services,TX,,0,0,OK151,Silver
252431,thovey,61233,180,Decline,I-15 RV - SCA114,,CA,HESPERIA,2026-08-25,,,2022,RV,Used,,29.06,9.81,jrubi,,3,14.49,6200,6200,false,,,15.49,Silver 1,Silver 1,0,0,,0,0,643,Source One Financial Services,CA,,0,0,SCA114,Silver
252402,rsimmons,53645.74,240,Auto Approval,Phil Dill Boats -TX104,OneWater,TX,Lewisville,2026-08-25,2026-08-25,,2026,Boat,New,685,34.07,4.63,gott,,11,9.99,0,0,false,,,11.49,Core,Core,1.19,0,,0,45121.56,720,Source One Financial Services,TX, baily blackney,1,1,TX104,Core
252192,mlomedico,55913.15,204,Auto Approval,Midwest RV Center -MO114,,MO,St Louis,2026-08-25,2026-08-27,,2026,RV,New,736,11.53,6.7,jweller,,3340,8.99,5000,5000,false,,,10.74,Core,Core,1.28,0,,0,43644.65,756,Source One Financial Services,MO, randy starkey,1,1,MO114,Core
252359,mlomedico,226351.79,204,Auto Approval,CLAYS RV and POWERSPORTS - UT106,,UT,SALT LAKE CITY,2026-08-25,2026-08-26,,2014,RV,Used,,15.12,5.44,ljablonoski,,1238,8.74,70000,70000,false,,,10.24,Core,Core,0.74,0,,0,304250,813,Source One Financial Services,MT, seth holtman,1,1,UT106,Core
252248,eavila,34638.3,180,Auto Approval,"RV COUNTRY ARIZONA, LLC - MESA -AZ333",RV Country,AZ,MESA,2026-08-25,2026-08-25,,2022,RV,Used,,36.91,4.45,edominguez,,75,10.74,13000,12933.82,false,,,12.24,Core,Core,1.19,0,,0,29200,690,Source One Financial Services,AZ, mark zemeckis,1,1,AZ333,Core
252383,ccampos,46182,240,Auto Approval,Carpenters Campers Inc - FL226,,FL,Pensacola,2026-08-25,2026-08-25,,2027,RV,New,,39.1,5.05,wstoutimore,,24,8.74,5000,5000,false,,,10.24,Core,Core,1,0,,0,46365,765,Source One Financial Services,FL, tracey carpenter,1,1,FL226,Core
252211,Jhill,32797.64,180,Auto Approval,Southern Mud Sports LLC - AL165,,AL,Waverly,2026-08-25,2026-08-25,,2027,Boat,New,,37.37,3.63,jsmith,,637,12.49,3412,3412,false,,,13.49,Silver 1,Silver 1,1.07,0,,0,30690.95,667,Source One Financial Services,AL, jeff cantey,1,1,AL165,Silver
252242,hhisek,32192.95,204,Conditional Approval,Blue Compass - Mobile - AL170,Blue Compass,AL,Theodore,2026-08-25,2026-08-25,,2022,RV,Used,,24.16,6.09,jsmith,,10,10.74,0,14000,false,,,12.24,Core,Core,0.98,0,,0,32900,695,Source One Financial Services,AL, dylan howard,1,1,AL170,Core
252376,rsimmons,54044.32,204,Verifications Incomplete,Blue Compass RV - Katy - TX571,Blue Compass,TX,Katy,2026-08-25,2026-08-27,,2026,RV,New,,38.03,5.02,gott,,3098,9.99,1500,5900,false,,0,9.99,Core,Core,1.2,0,,0,45091,693,Source One Financial Services,TX, eddie johnson,1,1,TX571,Core
252147,avera,117186.8,240,Conditional Approval,Collins Inc of Johnston Co - NC148,,NC,Smithfield,2026-08-25,2026-08-25,,2027,Boat,New,,44.47,12.98,jsmith,,58,7.24,55000,50843.3,false,,,8.74,Core,Core,0.84,0,,0,139621.37,819,Source One Financial Services,NC, melissa sexton,1,1,NC148,Core
252446,avera,28402.51,144,Approved,RV COUNTRY - FRESNO - NCA115,RV Country,CA,FRESNO,2026-08-25,2026-08-26,,2027,RV,New,,23.79,4.75,jrubi,,599,7.99,3200,3200,false,,,9.49,Core,Core,0.99,0,,0,28665,784,Source One Financial Services,CA, travis jury,1,1,NCA115,Core
252239,mlomedico,65598.65,204,Auto Approval,Blue Compass RV - Bakersfield - Sales - NCA145,Blue Compass,CA,Bakersfield,2026-08-25,2026-08-25,,2026,RV,New,714,37.01,4.1,jrubi,,8,9.74,1000,1000,false,,,11.24,Core,Core,1.12,0,,0,58595,721,Source One Financial Services,CA, martha quiroz,1,1,NCA145,Core
252282,sbaker,30212.78,180,Auto Approval,"AMERICAN DREAM VACATIONS-BOERNE, TX - TX408",,TX,BOERNE,2026-08-25,2026-08-26,,2022,RV,Used,,37.23,5.17,gott,,1518,10.74,2600,2600,false,,,10.99,Core,Core,1.18,0,,0,25600,686,Source One Financial Services,TX,,1,1,TX408,Core
252164,thovey,66755.41,180,Decline,United RV -TX228,,TX,Fort Worth,2026-08-25,,,2026,RV,New,532,23.89,3.42,gott,,30,10.24,0,13679,false,,,11.99,Core,Core,0.9,0,,0,74174,698,Source One Financial Services,TX, brent sullivan,0,0,TX228,Core
252214,rsimmons,59390.25,240,Booked,Campers & More LLC - AL164,,AL,Mobile,2026-08-25,2026-08-27,2026-08-27,2026,RV,New,,38.29,10.88,jsmith,3043,2921,9.74,1000,1000,false,111,11,10.99,Core,Core,0.96,2969.51,5,0,61592,730,Source One Financial Services,AL, shane taylor,1,0,AL164,Core
252301,mnava,60692.44,240,Decline,BLUE COMPASS RV - SOUTH HOUSTON  - TX421,Blue Compass,TX,Alvin,2026-08-25,,,2026,RV,New,819,35.42,4.3,gott,,1595,7.24,2500,2500,false,,,8.74,Core,Core,0.95,0,,0,63640,815,Source One Financial Services,TX, frank carranza,0,0,TX421,Core
252299,,50368.3,240,Auto Decline,RAM MOTORS RV AND TRUCK - NM102,,NM,ALBUQUERQUE,2026-08-25,,,2026,RV,New,713,6.58,2.13,edominguez,,0,22.99,65000,65000,false,,,23.99,Bronze,Bronze,0.39,0,,0,128927,540,Source One Financial Services,NM,,0,0,NM102,Business First
252198,,16411.47,84,Auto Decline,"Ron Hoover Companies of Lake Conroe, Inc -TX280",Ron Hoover,TX,Willis,2026-08-25,,,2026,RV,New,,9.08,8.27,gott,,0,22.99,3000,3000,false,,,23.99,Bronze,Bronze,0.69,0,,0,23841,,Source One Financial Services,TX,,0,0,TX280,Business First
252344,mlomedico,41619.14,180,Auto Approval,Moix RV - Conway - AR134,,AR,Conway,2026-08-25,2026-08-25,,2025,RV,New,714,31.96,5.7,jweller,,17,8.99,0,0,false,,,9.74,Core,Core,1.11,0,,0,37504,797,Source One Financial Services,AR, chad cantrell,1,1,AR134,Core
252276,mlomedico,68287.94,180,Auto Approval,American Campers - WV110,,WV,Mount Hop,2026-08-25,2026-08-26,,2026,RV,New,,26.46,8.22,jharrington1,,1624,7.49,0,0,false,,,8.99,Core,Core,1.38,0,,0,49512,864,Source One Financial Services,WV,,1,1,WV110,Core
252258,mnava,82022.97,180,Pending,Riva Motorsports and Marine - FL293,,FL,Key Largo,2026-08-25,,,2026,Boat,New,619,9.74,0.7,wstoutimore,,,13.74,52000,52000,false,,,14.74,Silver 1,Not Applicable,0.8,0,,0,102658,660,Ideal Credit Union,FL, marcos castro,0,0,FL293,Not Applicable
252203,sflynn,76413.1,240,Auto Approval,Fun Town RV Orange LP - TX468,Fun Town,TX,Orange,2026-08-25,2026-08-25,,2026,RV,New,,17.66,4.38,gott,,52,9.74,11459.13,16261.54,false,,,11.24,Core,Core,1.15,0,,0,66274,723,Source One Financial Services,TX, brenden boggs,1,1,TX468,Core
252441,thovey,31619.75,180,Approved,Fun Town RV - Cleburne -TX108,Fun Town,TX,Cleburne,2026-08-25,2026-08-25,,2022,RV,Used,,16.23,7.57,S1House,,34,7.99,0,0,false,,,9.49,Core,Core,1.09,0,,0,29100,826,Source One Financial Services,TX, stephen hager,1,1,TX108,Core
252204,rsimmons,24011.85,180,Auto Approval,Your Fun Country RV's & Marine Center - TX549,,TX,Anthony,2026-08-25,2026-08-25,,2016,RV,Used,,39.37,6.06,gott,,277,8.99,800,800,false,,,10.49,Core,Core,1.1,0,,0,21850,795,Source One Financial Services,NM, kasey peralta,1,1,TX549,Core
252255,ahunt,29734.04,180,Auto Approval,SUSQUEHANNA VALLEY RV - SELINSGROVE - PA115,,PA,SELINSGROVE,2026-08-25,2026-08-25,,2026,RV,New,,44.96,8.14,jharrington1,,14,9.49,500,500,false,,,10.99,Core,Core,0.85,0,,0,34800,758,Source One Financial Services,PA, danielle wagner,1,1,PA115,Core
252380,mlomedico,37201.6,180,Auto Approval,Humphrey RV - CO108,,CO,Grand Junction,2026-08-25,2026-08-25,,2026,RV,New,686,32.06,4.59,dzilberchtein,,48,9.99,5000,5000,false,,,11.49,Core,Core,0.86,0,,0,43352.5,700,Source One Financial Services,CO, ashley williams,1,1,CO108,Core
252316,Jhill,11519.5,120,Auto Approval,Campers Inn of Davenport - IA216,Campers Inn,IA,Davenport,2026-08-25,2026-08-25,,2015,RV,Used,,26.24,3.06,gcoulombe,,19,8.99,2000,2000,false,,,10.49,Core,Core,1.02,0,,0,11300,782,Source One Financial Services,IA, thomas greer,1,1,IA216,Core
252141,avera,20865.3,204,Approved,Keystone RV Center  - PA110,Pete's RV,PA,Greencastle,2026-08-25,2026-08-25,,2026,RV,New,,30.41,3.21,jharrington1,,14,9.49,1000,4300,false,,,10.99,Core,Core,0.92,0,,0,22692,717,Source One Financial Services,MD, jen habina,1,1,PA110,Core
252222,lgrace,33603.6,180,Approved,The Outpost RV Inc -IN144,,IN,Middlebury,2026-08-25,2026-08-25,,2027,RV,New,,5.92,5.92,jharrington1,,292,7.89,2609.43,2609.43,false,,,8.64,Not Applicable,Not Applicable,1.02,0,,0,32855,,Ideal Credit Union,IN,,1,1,IN144,Not Applicable
252334,ccampos,59962.68,240,Auto Approval,BLUE COMPASS RV - CORPUS CHRISTI - TX459,Blue Compass,TX,CORPUS CHRISTI,2026-08-25,2026-08-25,,2027,RV,New,830,42.21,4.19,gott,,31,7.49,6000,6000,false,,,8.99,Core,Core,0.81,0,,0,74051,831,Source One Financial Services,TX, elisa escamilla,1,1,TX459,Core
252266,rsimmons,28215.23,180,Decline,Blue Compass RV - Tyler - TX552,Blue Compass,TX,Tyler,2026-08-25,,,2021,RV,Used,,10.65,5.75,gott,,9,10.74,2890,2890,false,,,12.24,Core,Core,0.96,0,,0,29480,698,Source One Financial Services,TX, brian vaseleck,0,0,TX552,Core
252338,Jhill,44830.9,240,Approved,SMITH MOTOR CO OF HATTIESBURG INC - MS107,,MS,HATTIESBURG,2026-08-25,2026-08-25,,2027,Boat,New,,21.24,6.67,jsmith,,14,9.74,13000,13000,false,,,11.24,Core,Core,0.82,0,,0,54963.72,728,Source One Financial Services,VA, lisa hartfield,1,1,MS107,Core
252406,hhisek,45028.4,180,Auto Approval,Fun Town RV- Waco-TX212,Fun Town,TX,Hewitt,2026-08-25,2026-08-27,,2027,RV,New,655,21.63,4.46,gott,,2394,7.49,0,0,false,,,8.99,Core,Core,1.02,0,,0,43941,851,Source One Financial Services,TX, eric cuffee,1,1,TX212,Core
252209,hhisek,61043.56,240,Decline,PRINCESS CRAFT - TX483,,TX,KATY,2026-08-25,,,2027,RV,New,648,30.67,4.29,gott,,4,10.24,6300,6300,false,,,11.74,Core,Core,0.88,0,,0,69675,693,Source One Financial Services,TX, lane lambright-reed,0,0,TX483,Core
252375,thovey,7602.98,984,Decline,BRETZ RV & MARINE - NAMPA - ID119,Bretz RV,ID,Nampa,2026-08-25,,,2015,RV,Used,,48.23,0,ljablonoski,,42,11.99,3000,4011,false,,,12.49,Core,Core,0.86,0,,0,8800,710,Source One Financial Services,ID, blake kezar,0,0,ID119,Core
252217,mlomedico,26414.28,180,Auto Approval,SMITH MOTOR CO OF HATTIESBURG INC - MS107,,MS,HATTIESBURG,2026-08-25,2026-08-26,,2026,Boat,New,,25.49,4.37,jsmith,,1568,9.99,1290,1290,false,,,11.49,Core,Core,1.04,0,,0,25398,717,Source One Financial Services,MS, elizabeth aycox,1,1,MS107,Core
252150,,45481.91,240,Auto Decline,ROCKINGHAM MARINE - TN139,,TN,JOHNSON CITY,2026-08-25,,,2023,Boat,Used,619,54.77,4.16,jsmith,,0,15.74,1500,1500,false,,,16.74,Silver 2,Silver 2,1.48,0,,0,30778,628,Source One Financial Services,TN,,0,0,TN139,Silver
252388,rsimmons,54443.5,204,Auto Approval,SMITH MOTOR CO OF HATTIESBURG INC - MS107,,MS,HATTIESBURG,2026-08-25,2026-08-26,,2027,Boat,New,,19.26,6.33,jsmith,,1270,10.24,5629,5629,false,,,11.74,Core,Core,1.04,0,,0,52244,697,Source One Financial Services,AR, lisa hartfield,1,1,MS107,Core
252306,,57469.8,240,Auto Decline,CHESACO RV - STUART - FL296,,FL,STUART,2026-08-25,,,2025,RV,Used,,44.95,14.13,pcarter,,0,22.99,7000,7000,false,,,23.99,Bronze,Bronze,0.88,0,,0,65602,604,Source One Financial Services,FL,,0,0,FL296,Business First
252280,pmeza,89998.91,240,Approved,BISHS RV - ELDRIDGE - IA214,Bish's RV,IA,ELDRIDGE,2026-08-25,2026-08-25,,2027,RV,New,700,20.82,4.57,gcoulombe,,4,9.24,3800,11275.54,false,,,10.74,Core,Core,1.12,0,,0,80541,724,Source One Financial Services,IL, todd miillsap,1,1,IA214,Core
252253,pmeza,27318.67,204,Auto Approval,General RV-West Palm Beach-FL266,General RV,FL,West Palm Beach,2026-08-25,2026-08-25,,2025,RV,Used,744,22.1,2.46,pcarter,,16,8.24,1000,4372.64,false,,,9.74,Core,Core,1.11,0,,0,24600,770,Source One Financial Services,FL, tim mccorkle,1,1,FL266,Core
252233,pmeza,24361.4,180,Auto Approval,Blue Compass RV - South Beumont - TX551,Blue Compass,TX,Vidor,2026-08-25,2026-08-25,,2022,RV,Used,,28.08,5.32,gott,,25,14.49,2500,2500,false,,,15.49,Silver 1,Silver 1,1.06,0,,0,23000,649,Source One Financial Services,TX, brett massey,1,1,TX551,Silver
252285,mlomedico,15176.52,144,Auto Approval,GEORGIA RV OUTLET LLC - GA107,,GA,CARTERSVILLE,2026-08-25,2026-08-25,,2020,RV,Used,,20.54,2.11,jsmith,,17,10.74,1000,1000,false,,,12.24,Core,Core,0.69,0,,0,22100,681,Source One Financial Services,GA, shawn deuber,1,1,GA107,Core
252401,Jhill,42091.01,180,Auto Approval,RV Value Mart-Asheboro-NC140,,NC,Franklinville,2026-08-25,2026-08-25,,2025,RV,New,,28.4,2.52,jsmith,,31,7.99,0,7848.18,false,,,9.49,Core,Core,0.76,0,,0,55227,799,Source One Financial Services,NC, chase rhodes,1,1,NC140,Core
252165,sflynn,83655.69,180,Auto Approval,Marshall's Marine Inc - SC146,,SC,Lake City,2026-08-25,2026-08-25,,2026,Boat,New,,29.52,3.66,jsmith,,29,8.74,8700,8700,false,,,10.24,Core,Core,1.08,0,,0,77145,764,Source One Financial Services,TX, hope huggins,1,1,SC146,Core
252418,thovey,64001.21,240,Auto Approval,General RV - Tampa - FL238,General RV,FL,Dover,2026-08-25,2026-08-27,,2026,RV,New,851,18.87,3.29,wstoutimore,,2863,8.24,200000,200000,false,,,8.99,Core,Core,0.22,0,,0,293367,859,Source One Financial Services,FL, tommy miranda,1,1,FL238,Core
252244,rsimmons,92137.51,240,Decline,Blue Compass RV - San Antonio - TX572,Blue Compass,TX,San Antonio,2026-08-25,,,2025,RV,Used,626,13.61,4.31,gott,,16,9.74,9500,9500,false,,,11.24,Core,Core,0.89,0,,0,103000,732,Source One Financial Services,CA, ryan johnson,0,0,TX572,Core
252319,ccampos,43403.82,180,Decline,Sunrise Camping Center - NC162,,NC,Hickory,2026-08-25,,,2017,RV,Used,,19.01,11.41,jsmith,,102,13.74,0,8500,false,,,14.74,Silver 1,Not Applicable,0.77,0,,0,56584,676,Ideal Credit Union,NC, dwight fowler,0,0,NC162,Not Applicable
252448,lgrace,45994,180,Conditional Approval,"Vantage Recreational Finance, Inc. -FL291",VRF,FL,FORT LAUDERDALE,2026-08-25,2026-08-26,,2021,RV,Used,,40.15,5.54,S1House,,547,10.49,4600,4600,false,,,11.99,Core,Core,0.75,0,,0,61650,710,Source One Financial Services,NC, andrea strawn-ingram,1,1,FL291,Core
252354,rsimmons,12914.19,180,Approved,Willis and Co RV - TX566,Easy Care,TX,Granbury,2026-08-25,2026-08-25,,2026,RV,New,,36.14,1.68,gott,,8,10.24,6000,6000,false,,,11.74,Core,Core,0.78,0,,0,16480,693,Source One Financial Services,TX, jim lakes,1,1,TX566,Core
252247,ahunt,38030.23,180,Auto Approval,Ron Hoover Companies of Tulsa - OK157,Ron Hoover,OK,Claremore,2026-08-25,2026-08-25,,2025,RV,New,,33.91,4.89,jweller,,88,8.74,0,0,false,,,10.24,Core,Core,0.92,0,,0,41412,764,Source One Financial Services,OK, rick perez,1,1,OK157,Core
252218,mnava,79105.23,240,Auto Approval,General RV Center - Salisbury - NC137,General RV,NC,Salisbury,2026-08-25,2026-08-25,,2026,RV,New,864,38.72,4.75,jsmith,,44,7.24,8000,8283.07,false,,,8.74,Core,Core,1.3,0,,0,61015,858,Source One Financial Services,NC, tim mccorkle,1,1,NC137,Core
252213,,24545.15,180,Auto Decline,A and L RV Sales - Christiana TN103,,TN,Christiana,2026-08-25,,,2026,RV,New,635,21.61,2.87,jsmith,,0,13.49,2500,2500,true,,,15.49,Business First,Business First,0.77,0,,0,31900,,Source One Financial Services,TN,,0,0,TN103,Business First
252313,hhisek,37054.38,144,Decline,BLUE COMPASS RV - SOUTH HOUSTON  - TX421,Blue Compass,TX,Alvin,2026-08-25,,,2026,RV,New,,26.33,8.14,gott,,21,13.74,0,0,false,,,14.74,Silver 1,Not Applicable,1.02,0,,0,36350,643,Connexus Credit Union,TX, frank carranza,0,0,TX421,Not Applicable
252173,mlomedico,148604.54,240,Decline,Thunder Marine,EPIC,FL,St. Petersburg,2026-08-25,,,2026,Boat,New,682,35.91,11.74,S1House,,30,9.49,5000,30583,false,,,10.99,Core,Core,1.24,0,,0,119580,748,Source One Financial Services,FL, brett light,0,0,EFL130,Core
252379,,36985,144,Auto Decline,O'CONNELL YACHTS-SC129,,SC,Boiling Springs,2026-08-25,,,2023,Boat,Used,,40.8,1.5,jsmith,,0,15.74,3890,3890,false,,,16.74,Silver 2,Silver 2,1.32,0,,0,28000,627,Source One Financial Services,GA,,0,0,SC129,Silver
252335,mnava,16947.74,180,Decline,Blue Compass RV - Post Falls - ID123,Blue Compass,ID,Post Falls,2026-08-25,,,2018,RV,Used,,4.03,3.23,ljablonoski,,9,10.99,3300,3300,false,,,12.49,Core,Core,0.94,0,,0,18040,705,Source One Financial Services,ID, william reed,0,0,ID123,Core
252421,mlomedico,28414.97,180,Auto Approval,A and L RV Sales - Johnson City - TN123,,TN,Johnson City,2026-08-25,2026-08-25,,2020,RV,Used,,4.15,0.98,jsmith,,37,8.49,500,500,false,,,9.99,Core,Core,1.18,0,,0,24050,783,Source One Financial Services,TN, amber bailey,1,1,TN123,Core
252277,rsimmons,23644.2,204,Auto Approval,Blue Compass RV - Tyler - TX552,Blue Compass,TX,Tyler,2026-08-25,2026-08-25,,2026,RV,Used,,22.09,7.83,gott,,19,7.99,0,0,false,,,9.49,Core,Core,0.95,0,,0,25000,781,Source One Financial Services,TX, clay coleman,1,1,TX552,Core
252226,Jhill,82242.81,180,Auto Approval,Fish and Ski Marine - Canton - TX575,,TX,Canton,2026-08-25,2026-08-25,,2026,Boat,New,,16.62,6.63,gott,,462,7.64,8700,11200,false,,,8.89,Core,Not Applicable,1.14,0,,0,72283,718,Ideal Credit Union,TX, paul hyland,1,1,TX575,Not Applicable
252415,,13199,144,Auto Decline,"Vantage Recreational Finance, Inc. -FL291",VRF,FL,FORT LAUDERDALE,2026-08-25,,,2014,RV,Used,,50.99,5.61,S1House,,0,22.99,6800,6800,false,,,23.99,Bronze,Bronze,1.2,0,,0,11000,595,Source One Financial Services,TX,,0,0,FL291,Business First
252403,ccampos,23550.92,144,Ready to Book,Ashley Marine - Panama City -  FL255,,FL,Panama City,2026-08-25,2026-08-27,,2026,Boat,New,,11.1,5.84,wstoutimore,,2693,7.49,0,0,false,,1,8.74,Core,Not Applicable,1.23,1177.55,5,0,19185,760,Connexus Credit Union,AL, amy silas,1,1,FL255,Not Applicable
252411,rsimmons,79981.37,240,Decline,OPTIMUM RV TX LLC - Robstown - TX481,Optimum RV,TX,ROBSTOWN,2026-08-25,,,2011,RV,Used,,32.75,6.51,gott,,13,14.24,9000,9000,false,,,15.24,Silver 1,Silver 1,0.99,0,,0,80410,663,Source One Financial Services,TX, nicholas cicala,0,0,TX481,Silver
252151,,57000.29,240,Auto Decline,Rock Solid Funding LLC - TX536,RSF,TX,BEDFORD,2026-08-25,,,2023,RV,Used,,21.7,15.3,S1House,,0,22.99,0,0,false,,,23.99,Bronze,Bronze,0.94,0,,0,60850,,Source One Financial Services,TX,,0,0,TX536,Business First
252416,thovey,19080.92,180,Decline,BRETZ RV & MARINE - NAMPA - ID119,Bretz RV,ID,Nampa,2026-08-25,,,2026,RV,New,,41.66,2.05,ljablonoski,,40,12.49,15000,15000,false,,,13.49,Silver 1,Silver 1,0.63,0,,0,30093,674,Source One Financial Services,ID, blake kezar,0,0,ID119,Silver
252153,,25800.82,180,Auto Decline,Ketelsen RV - IA121,,IA,Hiawatha,2026-08-25,,,2024,RV,Used,,43.27,5.95,gcoulombe,,0,22.99,2700,2700,false,,,23.99,Bronze,Bronze,0.87,0,,0,29600,616,Source One Financial Services,VA,,0,0,IA121,Business First
252426,mlomedico,54136.75,240,Auto Approval,Optimum RV Zephyr Hills - FL164,Optimum RV,FL,Zephyr Hills,2026-08-25,2026-08-25,,2023,RV,Used,,28.4,3.6,wstoutimore,,8,8.99,6000,6000,false,,,9.74,Core,Core,0.81,0,,0,66950,839,Source One Financial Services,FL, todd glenn,1,1,FL164,Core
252144,avera,35991.42,180,Conditional Approval,PETE'S RV CENTER - CONNECTICUT - CT102,Pete's RV,CT,SOUTH WINDSOR,2026-08-25,2026-08-25,,2026,RV,New,652,20.32,3.11,gcoulombe,,49,10.24,8200,8200,false,,,11.74,Core,Core,0.85,0,,0,42323,682,Source One Financial Services,CT, samantha rice,1,1,CT102,Core
252339,edominguez,49211.49,180,Auto Approval,"RV WORLD RECREATION VEHICLE CENTER , LLC - AZ340",,AZ,YUMA,2026-08-25,2026-08-25,,2026,RV,New,719,32.68,5.43,edominguez,,83,7.99,6500,16250,false,,,9.49,Core,Core,1.3,0,,0,37901,793,Source One Financial Services,AZ, greg svalstad,1,1,AZ340,Core
252264,eavila,49603.7,240,Decline,Central Marine - Tyrone - FL134,OneWater,FL,St. Petersburg,2026-08-25,,,2026,Boat,New,,2.47,0.09,wstoutimore,,19,10.24,296000,296000,false,,,11.74,Core,Core,0.19,0,,0,257894,687,Source One Financial Services,FL, robert cummins,0,0,FL134,Core
252417,,71476.73,240,Auto Decline,"Campers Inn RV of Myrtle Beach, Inc - SC109",Campers Inn,SC,Myrtle Beach,2026-08-25,,,2023,RV,Used,,90.79,12.3,jsmith,,0,13.24,0,0,false,,,14.24,Silver 1,Silver 1,1.22,0,,0,58795,661,Source One Financial Services,FL,,0,0,SC109,Silver
252262,rsimmons,22575.23,180,Auto Approval,Southern Mud Sports LLC - AL165,,AL,Waverly,2026-08-25,2026-08-25,,2026,Boat,New,659,21.96,0.84,jsmith,,26,9.74,2222,2222,false,,,11.24,Core,Core,1.25,0,,0,18001,722,Source One Financial Services,FL, jeff cantey,1,1,AL165,Core
252320,mnava,56497.56,240,Verifications Incomplete,Rocky Ridge - Idabel - OK149,Rocky Ridge,OK,Idabel,2026-08-25,2026-08-27,,2026,RV,New,673,40.08,4.75,jweller,,3119,8.74,4483,15055,false,,1,8.99,Core,Core,0.89,0,,0,63743,719,Source One Financial Services,TX, nash archuleta,1,1,OK149,Core
252246,,13021.59,180,Auto Decline,Camping World RV Sales - Lubbock -TX135,,TX,Lubbock,2026-08-25,,,2020,RV,Used,,49.69,5.92,gott,,0,22.99,2000,2000,false,,,23.99,Bronze,Bronze,0.9,0,,0,14515,601,Source One Financial Services,NM,,0,0,TX135,Business First
252261,,28802,240,Auto Decline,Intercoastal Financial Group LLC - 17401746,IFG,FL,Vero Beach,2026-08-25,,,2019,RV,Used,,9.67,7.56,S1House,,0,19.49,1400,1400,false,,,20.49,Silver 2,Silver 2,1.44,0,,0,20000,618,Source One Financial Services,NC,,0,0,17401746,Silver
252143,avera,36558.8,144,Auto Approval,Country Roads RV Center INC.- NC139,,NC,Lexington,2026-08-25,2026-08-25,,2026,RV,New,,30.25,6.77,jsmith,,138,11.49,3900,3900,false,,,11.74,Silver 1,Not Applicable,0.88,0,,0,41738,671,Connexus Credit Union,NC, scott champion,1,1,NC139,Not Applicable
252146,lgrace,74428.8,216,Auto Approval,A and L RV SALES LLC -Chocowinity - NC120,,NC,CHOCWINITY,2026-08-25,2026-08-25,,2026,RV,New,872,22.45,3.73,jsmith,,61,8.49,20000,20000,false,,,9.99,Core,Core,0.78,0,,0,94884,862,Source One Financial Services,NH, ryan branch,1,1,NC120,Core
252279,mlomedico,41003.26,180,Auto Approval,"AMERICAN DREAM VACATIONS-BOERNE, TX - TX408",,TX,BOERNE,2026-08-25,2026-08-27,,2026,RV,New,857,21.45,2.74,gott,,2561,7.49,8100,7200,false,,,6.99,Core,Core,1.25,0,,0,32749,855,Source One Financial Services,TX,,1,1,TX408,Core
252210,,33833.42,180,Auto Decline,GREAT AMERICAN RV SUPERSTORE-HATTIESBURG - MS113,,MS,HATTIESBURG,2026-08-25,,,2027,RV,New,,47.89,10.51,jsmith,,0,12.49,0,0,false,,,13.49,Silver 1,Silver 1,1.09,0,,0,31174,671,Source One Financial Services,MS,,0,0,MS113,Silver
252295,avera,23395.72,120,Conditional Approval,SAVA RV - FL284,,FL,Fort Myers,2026-08-25,2026-08-25,,2025,RV,Used,,24.96,4.68,wstoutimore,,66,12.99,2200,2200,false,,,12.99,Silver 1,Not Applicable,1,0,,0,23400,648,Connexus Credit Union,TX, victoria childress,1,1,FL284,Not Applicable
252648,ccampos,10168.4,120,Auto Approval,Blue Compass RV - Tyler - TX552,Blue Compass,TX,Tyler,2026-08-26,2026-08-26,,2016,RV,Used,,26.35,1.71,gott,,56,14.99,2100,2100,false,,,15.99,Silver 1,Silver 1,1.11,0,,0,9150,659,Source One Financial Services,TX, brian vaseleck,1,1,TX552,Silver
252498,ccampos,24794.43,180,Auto Approval,Blue Compass RV - Fort Wayne - IN217,Blue Compass,IN,Columbia City,2026-08-26,2026-08-26,,2021,RV,Used,,31.68,3.95,jharrington1,,37,13.24,10000,10000,false,,,14.24,Silver 1,Silver 1,0.72,0,,0,34300,675,Source One Financial Services,IN, jesse lazzarino,1,1,IN217,Silver
252655,mnava,50883.35,180,Pending,Capital RV - Minot - ND118,Campers Inn,ND,Minot,2026-08-26,2026-08-26,,2020,RV,Used,,38.71,9.27,dzilberchtein,,38,9.99,5300,5300,false,,,11.49,Core,Core,0.94,0,,0,53900,745,Source One Financial Services,WI, michelle barber,0,0,ND118,Core
252657,mnava,88913.87,216,Conditional Approval,Blue Compass RV - Winston-Salem - NC159,Blue Compass,NC,Rural Hall,2026-08-26,2026-08-27,,2026,RV,New,,28.02,4.15,jsmith,,1134,10.24,9500,9500,false,,,11.74,Core,Core,0.83,0,,0,107090,682,Source One Financial Services,VA, ryan wall,1,1,NC159,Core
252509,avera,40055.6,216,Auto Approval,White Horse RV Center-NJ107,,NJ,Williamstown,2026-08-26,2026-08-26,,2025,RV,New,743,26.56,2.32,gcoulombe,,203,7.49,12000,22000,false,,,8.99,Core,Core,0.62,0,,0,64168.82,864,Source One Financial Services,NJ, maria ostapovich,1,1,NJ107,Core
252609,sbaker,74622.44,240,Decline,"Vantage Recreational Finance, Inc. -FL291",VRF,FL,FORT LAUDERDALE,2026-08-26,,,2027,RV,New,686,66.69,16.88,S1House,,42,9.99,23000,23000,false,,,11.49,Core,Core,1.11,0,,0,67500,705,Source One Financial Services,TX, robyn lemke,0,0,FL291,Core
252578,lgrace,20464.51,180,Auto Approval,LEES COUNTRY RV- IN129,Easy Care,IN,BATESVILLE,2026-08-26,2026-08-26,,2021,RV,Used,,17.02,5.31,jharrington1,,50,9.24,500,3500,false,,,10.74,Core,Core,1.13,0,,0,18100,765,Source One Financial Services,IN, jim lakes,1,1,IN129,Core
252466,lgrace,82619.51,240,Approved,LEES COUNTRY RV- IN129,Easy Care,IN,BATESVILLE,2026-08-26,2026-08-26,,2026,RV,New,840,22.24,11.68,jharrington1,,17,7.24,0,9675,false,,,8.74,Core,Core,1.26,0,,0,65610,809,Source One Financial Services,KY, bradley taylor,1,1,IN129,Core
252552,mnava,18150,120,Decline,CENTRAL KY BOAT AND RV SALES - KY108,,KY,RICHMOND,2026-08-26,,,2022,RV,Used,,8.86,7.76,jharrington1,,13,9.24,1500,1500,false,,,10.74,Core,Core,0,0,,0,0,765,Source One Financial Services,KY,,0,0,KY108,Core
252512,mlomedico,36287.36,180,Conditional Approval,RV'S OF AMERICA - COLORADO SPRINGS  - CO150,,CO,COLORADO SPRINGS,2026-08-26,2026-08-26,,2026,RV,New,762,27.74,1.85,dzilberchtein,,11,7.49,5000,12500,false,,,8.99,Core,Core,1.03,0,,0,35200,803,Source One Financial Services,NM, anthony downs,1,1,CO150,Core
252666,mnava,67152.5,240,Decline,"RV COUNTRY NEVADA, LLC - LAUGHLIN -NV103",RV Country,NV,LAUGHLIN,2026-08-26,,,2021,RV,Used,617,44.54,6.56,ljablonoski,,5,10.24,15000,15000,false,,,11.74,Core,Core,1.04,0,,0,64295,732,Source One Financial Services,CA, stephanie corona,0,0,NV103,Core
252587,hhisek,52918.6,180,Approved,Fun Town RV - Texarkana - AR120,Fun Town,AR,Texarkana,2026-08-26,2026-08-26,,2023,RV,Used,,27.51,5.39,jweller,,10,10.74,5500,5500,false,,,12.24,Core,Core,0.8,0,,0,66400,683,Source One Financial Services,TX, henry reyna,1,1,AR120,Core
252462,sbaker,42777,180,Auto Approval,FREDRICKS OUTDOOR - AL117,,AL,DECATUR,2026-08-26,2026-08-26,,2016,Boat,Used,,27.1,2.54,jsmith,,11,8.49,10000,10000,false,,,9.99,Core,Core,0.82,0,,0,52010,843,Source One Financial Services,AL,,1,1,AL117,Core
252643,,55125.2,240,Auto Decline,Trailer Source Inc - Longmont - CO166,,CO,Longmont,2026-08-26,,,2022,RV,Used,,64.71,7.89,dzilberchtein,,0,22.99,0,1500,false,,,23.99,Bronze,Bronze,1.04,0,,0,52855,556,Source One Financial Services,CO,,0,0,CO166,Business First
252601,rsimmons,233998.65,240,Decline,Holiday World of Houston -TX195,,TX,Katy,2026-08-26,,,2026,RV,New,,34.38,8.22,gott,,1079,9.74,30000,30000,false,,,11.24,Core,Core,1,0,,0,234985,723,Source One Financial Services,TX, larry pickens,0,0,TX195,Core
252496,ccampos,64229.2,240,Auto Approval,RV'S OF AMERICA - COLORADO SPRINGS  - CO150,,CO,COLORADO SPRINGS,2026-08-26,2026-08-26,,2027,RV,New,725,43.15,3.98,dzilberchtein,,74,8.99,5000,5000,false,,,10.49,Core,Core,1.19,0,,0,53787,750,Source One Financial Services,CO, anthony downs,1,1,CO150,Core
252473,avera,34798.82,180,Decline,Sunrise Camping Center - NC162,,NC,Hickory,2026-08-26,,,2024,RV,Used,,62.29,9.07,jsmith,,4,9.99,5000,5000,false,,,11.49,Core,Core,0.99,0,,0,35000,703,Source One Financial Services,NC, dwight fowler,0,0,NC162,Core
252589,sbaker,38145.64,144,Auto Approval,NXTLVL Marine LLC - TX502,,TX,New Braunfels,2026-08-26,2026-08-26,,2009,Boat,Used,684,41.84,4.55,gott,,53,11.99,11100,11100,false,,,13.49,Core,Core,0.75,0,,0,51080,716,Source One Financial Services,TX, melanie stehling,1,1,TX502,Core
252637,pmeza,51137.79,180,Auto Approval,Minneapolis Trailer Sales - MN824,,MN,Rogers,2026-08-26,2026-08-27,,2018,RV,Used,,41.16,6.02,dzilberchtein,,1386,11.74,5500,5500,false,,,12.49,Core,Core,1.05,0,,0,48550,726,Source One Financial Services,MN, ricky carlson,1,1,MN824,Core
252480,,56285.76,244,Auto Decline,BLUE COMPASS RV - CORPUS CHRISTI - TX459,Blue Compass,TX,CORPUS CHRISTI,2026-08-26,,,2026,RV,New,,70.08,17.46,gott,,0,14.99,5800,5800,false,,,15.99,Silver 2,Silver 2,0.97,0,,0,57787.5,629,Source One Financial Services,TX,,0,0,TX459,Silver
252571,mlomedico,74294.07,240,Conditional Approval,Walnut Ridge Family RV Sales -IN101,,IN,New Castle,2026-08-26,2026-08-26,,2027,RV,New,748,8.37,7.32,jharrington1,,10,7.24,27100,27099.99,false,,,8.74,Core,Core,1.3,0,,0,57207,810,Source One Financial Services,IN, jesse trennepohl,1,1,IN101,Core
252584,,94644.92,240,Auto Decline,Dry Dock Boat Sales - NV100,,NV,Las Vegas,2026-08-26,,,2024,Boat,Used,664,13.32,1.81,ljablonoski,,0,14.99,25000,25000,false,,,15.99,Silver 2,Silver 2,0.84,0,,0,112715,637,Source One Financial Services,NV,,0,0,NV100,Silver
252551,ccampos,48600.92,144,Decline,Chesaco RV - Hamburg - PA142,,PA,Hamburg,2026-08-26,,,2021,RV,Used,568,38.62,4.61,jharrington1,,11,10.24,7000,22000,false,,,11.74,Core,Core,0.72,0,,0,67585,727,Source One Financial Services,NJ, dave conard,0,0,PA142,Core
252652,thovey,15644.64,120,Conditional Approval,BISHS RV - MERIDIAN - ID110,Bish's RV,ID,MERIDIAN,2026-08-26,2026-08-26,,2018,RV,Used,,33.74,3.46,ljablonoski,,24,8.49,6100,6100,false,,,9.99,Core,Core,1.23,0,,0,12700,860,Source One Financial Services,ID, david mcclanahan,1,1,ID110,Core
252640,sbaker,14765.81,144,Booked,SCENIC VIEW RV - VA109,,VA,WEST POINT,2026-08-26,2026-08-27,2026-08-27,2022,RV,Used,,31.37,2.39,jsmith,1439,1329,7.99,3000,3000,false,108,2,9.49,Core,Core,1.2,885.95,6,0,12300,813,Source One Financial Services,VA, nick bollhorst,1,0,VA109,Core
252646,mnava,112237.94,240,Pending,RV'S OF AMERICA - COLORADO SPRINGS  - CO150,,CO,COLORADO SPRINGS,2026-08-26,2026-08-26,,2027,RV,New,869,25.82,5.63,dzilberchtein,,18,7.24,13000,13000,false,,,8.74,Core,Core,1.25,0,,0,90005,879,Source One Financial Services,CO, anthony downs,0,0,CO150,Core
252602,,52921.7,240,Auto Decline,PKB RVs- WV108,Canopy Financial,WV,Parkersburg,2026-08-26,,,2026,RV,Used,,37.02,16.95,jharrington1,,0,14.99,5300,5300,false,,,15.99,Silver 2,Silver 2,1.06,0,,0,50000,636,Source One Financial Services,WV,,0,0,WV108,Silver
252656,thovey,59097.3,180,Auto Approval,ROCKINGHAM MARINE - TN139,,TN,JOHNSON CITY,2026-08-26,2026-08-27,,2027,Boat,New,,36.67,14.08,jsmith,,1184,8.49,6000,6000,false,,,9.49,Core,Not Applicable,0.99,0,,0,59654,717,Connexus Credit Union,NY, natalie hilton,1,1,TN139,Not Applicable
252659,,16269.08,144,Auto Decline,Freedom RV-AZ252,,AZ,Tucson,2026-08-26,,,2026,RV,New,,24.76,7.4,edominguez,,0,22.99,5000,5000,false,,,23.99,Bronze,Bronze,0.92,0,,0,17765.6,614,Source One Financial Services,AZ,,0,0,AZ252,Business First
252538,lgrace,35471.25,180,Approved,PRECISION UNIBODY & AUTO SALES - ENE103,EPIC,NE,COLUMBUS,2026-08-26,2026-08-26,,2013,RV,Used,825,42.81,3.35,S1House,,12,8.99,1600,1600,false,,,10.49,Core,Core,1.17,0,,0,30378,869,Source One Financial Services,NE, mark roberts,1,1,ENE103,Core
252453,rsimmons,29266.06,204,Auto Approval,BLUE COMPASS RV - SOUTH HOUSTON  - TX421,Blue Compass,TX,Alvin,2026-08-26,2026-08-26,,2026,RV,New,,42.82,3.1,gott,,376,10.24,3000,3000,false,,,11.74,Core,Core,0.86,0,,0,33865,699,Source One Financial Services,TX, frank carranza,1,1,TX421,Core
252527,mnava,29920.86,180,Decline,BRETZ RV & MARINE - NAMPA - ID119,Bretz RV,ID,Nampa,2026-08-26,,,2021,RV,Used,,41.44,10.18,ljablonoski,,12,15.74,2000,4513,false,,,16.74,Silver 1,Silver 1,1.19,0,,0,25080,640,Source One Financial Services,ID, taylor roby,0,0,ID119,Silver
252634,,77368.58,240,Auto Decline,Blue Compass RV - Bowling Green - KY152,Blue Compass,KY,Bowling Green,2026-08-26,,,2024,RV,Used,634,54.92,14.09,jharrington1,,0,22.99,8600,8600,false,,,23.99,Bronze,Bronze,0.72,0,,0,107700,598,Source One Financial Services,TN,,0,0,KY152,Business First
252565,mnava,42957,180,Decline,Klines Auto World Inc -MI223,,MI,Warren,2026-08-26,,,2017,RV,Used,655,15.31,4.4,dzilberchtein,,70,10.99,2200,2200,false,,,12.49,Core,Not Applicable,0.97,0,,0,44200,707,Ideal Credit Union,MI,,0,0,MI223,Not Applicable
252665,mnava,115261.5,240,Decline,BISHS RV - URBANA - IA215,Bish's RV,IA,URBANA,2026-08-26,,,2026,RV,New,,37.98,11.75,gcoulombe,,1039,13.74,500,14000,false,,,14.74,Silver 1,Not Applicable,1.22,0,,0,94630,654,Connexus Credit Union,IA, chad knight,0,0,IA215,Not Applicable
252642,thovey,57354.94,204,Auto Approval,RGV RV SALES - TX569,,TX,Mission,2026-08-26,2026-08-26,,2027,RV,New,,37.86,6.44,gott,,76,9.99,10000,10000,false,,,11.49,Core,Core,0.97,0,,0,58975,688,Source One Financial Services,TX, aldo camarillo,1,1,TX569,Core
252463,sflynn,26124,180,Auto Approval,Source One Financial -327210,,MN,Burnsville,2026-08-26,2026-08-26,,2026,RV,New,,13.15,3.15,defi admin,,46,10.99,1000,1000,false,,,11.99,Core,Bronze,1.04,0,,0,25000,,Source One Financial Services,MN,,1,1,327210,Core
252510,mlomedico,55850.96,240,Auto Approval,Premier Watersports - Gallatin - ETN132,EPIC,TN,Gallatin,2026-08-26,2026-08-26,,2019,Boat,Used,663,30.04,5.75,S1House,,52,10.74,47000,47000,false,,,12.24,Core,Core,0.58,0,,0,96547,726,Source One Financial Services,TN, brett light,1,1,ETN132,Core
252567,avera,39834.65,180,Auto Approval,Intercoastal Financial Group LLC - 17401746,IFG,FL,Vero Beach,2026-08-26,2026-08-26,,2018,Boat,Used,,36.25,2.82,S1House,,19,10.74,4000,4000,false,,,11.99,Core,Core,0.89,0,,0,45000,734,Source One Financial Services,FL, zach edwards,1,1,17401746,Core
252577,rsimmons,50463.19,240,Auto Approval,GIANT RECREATION WORLD PALM BAY - FL175,,FL,Palm Bay,2026-08-26,2026-08-26,,2026,RV,New,,29.72,4.14,pcarter,,46,7.49,2000,9496.43,false,,,8.99,Core,Core,1.3,0,,0,38704,813,Source One Financial Services,NJ, javitz roebuck,1,1,FL175,Core
252504,lgrace,20563.58,144,Auto Approval,"Southeastern Marine, Inc- EVA112",EPIC,VA,Henrico,2026-08-26,2026-08-26,,2026,Boat,New,,36.24,7.11,S1House,,188,8.24,10000,10000,false,,,9.24,Core,Not Applicable,0.85,0,,0,24096.5,716,Connexus Credit Union,VA, jp lixie,1,1,EVA112,Not Applicable
252472,ccampos,9965,72,Auto Approval,4Zs RVs -IN163,Easy Care,IN,PERU,2026-08-26,2026-08-26,,2016,RV,Used,,6.61,5.03,jharrington1,,126,15.24,4000,4000,false,,,15.74,Silver 1,Silver 1,0.74,0,,0,13450,676,Source One Financial Services,IN, jim lakes,1,1,IN163,Silver
252484,hhisek,42945.11,180,Auto Approval,Fun Town RV- Waco-TX212,Fun Town,TX,Hewitt,2026-08-26,2026-08-27,,2026,RV,New,,31.66,6.24,gott,,1418,7.49,1000,1000,false,,,8.99,Core,Core,1.1,0,,0,39052,805,Source One Financial Services,TX, eric cuffee,1,1,TX212,Core
252600,sbaker,13604.44,120,Decline,BOBBY COMBS RV NORTHWEST - OR103,,OR,COBURG,2026-08-26,,,2018,RV,Used,,34.73,3.81,ljablonoski,,84,10.49,2000,2000,false,,,11.99,Core,Not Applicable,0.99,0,,0,13700,747,Connexus Credit Union,OR, conchita korth,0,0,OR103,Not Applicable
252482,ccampos,17359.7,144,Auto Approval,Best Choice Trailers & RV-PA123,Canopy Financial,PA,Irwin,2026-08-26,2026-08-26,,2022,RV,Used,808,11.55,2.44,jharrington1,,21,7.99,0,0,false,,,9.49,Core,Core,1.08,0,,0,16000,826,Source One Financial Services,PA, mac mclelland,1,1,PA123,Core
252580,pmeza,40109.24,180,Decline,General RV - West Chester - PA113,General RV,PA,West Chester,2026-08-26,,,2015,RV,Used,,43.38,5.93,jharrington1,,65,14.99,6000,6000,false,,,15.99,Silver 1,Silver 1,0.68,0,,0,58863,648,Source One Financial Services,PA, michael quigley,0,0,PA113,Silver
252663,jrubi,26648.95,180,Approved,BISH'S RV OF CHEYENNE - WY100,Bish's RV,WY,CHEYENNE,2026-08-26,2026-08-26,,2017,RV,Used,,2.89,2.89,dzilberchtein,,36,10.49,1000,1000,false,,,11.99,Core,Core,1.07,0,,0,24950,745,Source One Financial Services,WY, david mcclanahan,1,1,WY100,Core
252478,hhisek,31365.3,180,Decline,Fun Town RV Ottawa LLC - KS125,Fun Town,KS,Ottawa,2026-08-26,,,2026,RV,New,578,18.53,2.51,jweller,,14,8.74,1000,1000,false,,,10.24,Core,Core,0.91,0,,0,34403,775,Source One Financial Services,KS, justin hernandez,0,0,KS125,Core
252636,rsimmons,20212.03,180,Approved,Ron Hoover Companies Katy -TX275,Ron Hoover,TX,Katy,2026-08-26,2026-08-26,,2018,RV,Used,,23.97,4.55,gott,,9,10.99,1300,1300,false,,,12.49,Core,Core,1.16,0,,0,17450,720,Source One Financial Services,TX, greg woods,1,1,TX275,Core
252653,mnava,88185,240,Decline,JOHNNY'S RV SUPERSTORE LLC - AL124,,AL,THEODORE,2026-08-26,,,2026,RV,New,,45.51,8.25,jsmith,,22,10.24,10000,13900,false,,,11.74,Core,Core,1.17,0,,0,75200,692,Source One Financial Services,LA,,0,0,AL124,Core
252658,ahunt,34982.32,180,Auto Approval,Gregg Orr Marine -TX365,,TX,TEXARKANA,2026-08-26,2026-08-27,,2027,Boat,New,,38.59,4.05,jweller,,1252,9.74,3600,3600,false,,,11.24,Core,Core,1.04,0,,0,33542,740,Source One Financial Services,TX, adam henderson,1,1,TX365,Core
252668,avera,32540.1,180,Decline,Blue Compass RV - Colorado Springs - CO160,Blue Compass,CO,COLORADO SPRINGS,2026-08-26,,,2016,RV,Used,,36.43,9.91,dzilberchtein,,699,9.74,10000,10000,false,,,11.24,Core,Core,0.68,0,,0,47750,763,Source One Financial Services,CO, brandan montera,0,0,CO160,Core
252633,ccampos,156599,180,Approved,"Vantage Recreational Finance, Inc. -FL291",VRF,FL,FORT LAUDERDALE,2026-08-26,2026-08-26,,2019,RV,Used,,25.68,4.78,S1House,,85,10.49,25000,25000,false,,,11.99,Core,Core,0.95,0,,0,164100,750,Source One Financial Services,CA, andrea strawn-ingram,1,1,FL291,Core
252620,,286499,180,Auto Decline,Tobler Marina - ID124,,ID,Hayden,2026-08-26,,,2027,Boat,New,,6.61,6.61,ljablonoski,,0,22.99,201000,201000,false,,,23.99,Bronze,Bronze,0.77,0,,0,372654,,Source One Financial Services,MT,,0,0,ID124,Business First
252485,thovey,37151.14,204,Auto Approval,Ron Hoover Companies of Tulsa - OK157,Ron Hoover,OK,Claremore,2026-08-26,2026-08-26,,2025,RV,New,,23.11,3.32,jweller,,267,9.24,4000,4000,false,,,10.49,Core,Core,0.87,0,,0,42541,705,Source One Financial Services,OK, rick perez,1,1,OK157,Core
252606,thovey,68923.41,240,Pending,Paradise Marine Center - AL148,,AL,Gulf Shores,2026-08-26,,,2022,Boat,Used,,61.95,9.78,jsmith,,20,10.74,0,0,false,,,12.24,Core,Core,1.24,0,,0,55525,688,Source One Financial Services,AL, jon lizana,0,0,AL148,Core
252569,lgrace,42568.15,180,Auto Approval,ROYS RV SUPERCENTER LLC - WV101,,WV,ELKINS,2026-08-26,2026-08-26,,2027,RV,New,837,19.36,3.97,jharrington1,,38,7.49,1300,-9205.81,false,,,8.99,Core,Core,1.3,0,,0,32794,824,Source One Financial Services,PA, aaron harlan,1,1,WV101,Core
252618,rsimmons,13614.6,120,Auto Approval,"OUTBACK RV OF TEXAS, CO. - TX410",,TX,DENTON,2026-08-26,2026-08-27,,2026,RV,New,,36.12,1.73,gott,,1101,7.49,5000,5000,false,,,8.99,Core,Core,0.83,0,,0,16500,829,Source One Financial Services,TX, tiffanie dodson,1,1,TX410,Core
252465,avera,20360,180,Decline,B&D RV Center - UT124,Easy Care,UT,Vernal,2026-08-26,,,2022,RV,Used,675,60.05,2.63,ljablonoski,,7,14.49,0,0,false,,,15.49,Silver 1,Silver 1,1.04,0,,0,19525,657,Source One Financial Services,UT, jim lakes,0,0,UT124,Silver
252627,rsimmons,54230.67,240,Decline,Blue Compass RV - Katy - TX571,Blue Compass,TX,Katy,2026-08-26,,,2025,RV,Used,,73.91,7.49,gott,,6,10.24,2000,7000,false,,,11.74,Core,Core,1.04,0,,0,52360,694,Source One Financial Services,TX, kevin miranda,0,0,TX571,Core
252638,mnava,17286.7,144,Verifications Incomplete,Campers Inn Louisville -IN138,Campers Inn,IN,Clarksville,2026-08-26,2026-08-27,,2018,RV,Used,,27.59,3.82,jharrington1,,1067,10.99,1000,1000,false,,1,12.49,Core,Core,1.29,1037.2,6,0,13450,701,Source One Financial Services,KY, mark unger,1,1,IN138,Core
252549,,41700.84,180,Auto Decline,LDRV of Tampa - FL340,Campers Inn,FL,Seffner,2026-08-26,,,2022,RV,Used,,35.55,14.41,wstoutimore,,0,22.99,5000,10000,false,,,23.99,Bronze,Bronze,0.72,0,,0,58080,558,Source One Financial Services,FL,,0,0,FL340,Business First
252492,lgrace,63709.75,204,Conditional Approval,General RV - Richmond - VA117,General RV,VA,Ashland,2026-08-26,2026-08-26,,2018,RV,Used,761,29.69,2.77,jsmith,,8,8.49,7600,14100,false,,,9.99,Core,Core,1.17,0,,0,54495,862,Source One Financial Services,VA, tim mccorkle,1,1,VA117,Core
252547,lgrace,53386.54,240,Auto Approval,CAMPERS INN OF JACKSONVILLE - FL157,Campers Inn,FL,JACKSONVILLE,2026-08-26,2026-08-26,,2026,RV,New,,23.57,2.06,pcarter,,102,9.49,8264.07,9212.91,false,,,10.99,Core,Core,1.14,0,,0,46754,688,Source One Financial Services,FL, casey beck,1,1,FL157,Core
252617,avera,34998.92,180,Decline,Hufnagel and Majors Inc - PA109,,PA,Harmony,2026-08-26,,,2026,RV,New,,13.7,5.15,jharrington1,,5,9.74,2000,2000,false,,,11.24,Core,Core,0.97,0,,0,36202,722,Source One Financial Services,PA, brian hooker,0,0,PA109,Core
252542,mnava,72735,240,Decline,Highway Trailer Sales Inc - OR119,,OR,Salem,2026-08-26,,,2026,RV,New,789,21.72,11.72,ljablonoski,,36,7.49,0,0,false,,,8.99,Core,Not Applicable,1.02,0,,0,71114,805,Connexus Credit Union,OR,,0,0,OR119,Not Applicable
252494,,53994.23,240,Auto Decline,Blue Compass RV - Knoxville - TN159,Blue Compass,TN,Louisville,2026-08-26,,,2026,RV,New,526,50.55,8.85,jsmith,,0,12.49,100,11000,false,,,13.49,Silver 1,Silver 1,1.24,0,,0,43408,678,Source One Financial Services,TN,,0,0,TN159,Silver
252585,avera,99080.85,240,Decline,BOAT AND MOTOR SUPERSTORES PALM HARBOUR - FL155,,FL,PALM HARBOUR,2026-08-26,,,2025,Boat,New,,12.18,5.77,wstoutimore,,19,12.49,10000,10000,false,,,13.49,Silver 1,Silver 1,0.84,0,,0,117442,677,Source One Financial Services,FL, mike cauthen,0,0,FL155,Silver
252553,,234300,240,Auto Decline,Lifestyle Wake LLC - OR147,Easy Care,OR,Bend,2026-08-26,,,2026,Boat,New,822,7.94,2.23,ljablonoski,,0,22.99,26000,26000,false,,,23.99,Bronze,Bronze,1.14,0,,0,205152,,Source One Financial Services,OR,,0,0,OR147,Business First
252455,avera,25290.29,180,Decline,FUN TOWN RV - JACKSON - MI455,Fun Town,MI,Jackson,2026-08-26,,,2021,RV,Used,566,52.04,4.5,dzilberchtein,,6,9.99,3000,3000,false,,,11.49,Core,Core,1.33,0,,0,19015,745,Source One Financial Services,MI, dan shew,0,0,MI455,Core
252536,,63799,204,Auto Decline,"Vantage Recreational Finance, Inc. -FL291",VRF,FL,FORT LAUDERDALE,2026-08-26,,,2026,RV,New,,46.56,10.85,S1House,,0,12.49,0,0,false,,,13.49,Silver 1,Silver 1,1.05,0,,0,61000,661,Source One Financial Services,NM,,0,0,FL291,Silver
252479,rsimmons,66307.35,180,Decline,Blue Compass RV - South Beumont - TX551,Blue Compass,TX,Vidor,2026-08-26,,,2026,RV,New,,42.55,6.86,gott,,110,10.24,7090,7090,false,,,11.74,Core,Not Applicable,0.88,0,,0,75406,694,Connexus Credit Union,TX, leah sligar,0,0,TX551,Not Applicable
252524,Jhill,18427.06,144,Auto Approval,"Whittle Boats, Inc -TX114",,TX,Lewisville,2026-08-26,2026-08-26,,2016,Boat,Used,685,48.59,2.18,gott,,228,10.99,4000,4000,false,,,12.49,Core,Core,0.75,0,,0,24560,720,Source One Financial Services,TX, cory whittle,1,1,TX114,Core
252481,avera,39694,180,Auto Approval,Ashley Marine LLC - GA147,,GA,Columbus,2026-08-26,2026-08-26,,2026,Boat,New,815,25.86,1.42,jsmith,,112,7.99,5000,5300,false,,,7.39,Core,Core,1,0,,0,39684,782,Source One Financial Services,SC, shirley ashley,1,1,GA147,Core
252457,Jhill,20390.08,144,Contract Received,The Great Outdoors Marine - WV111,,WV,Lavalette,2026-08-26,2026-08-26,,2016,Boat,Used,,28.04,2.71,jharrington1,,426,10.74,0,3500,false,,1396,12.24,Core,Core,0.98,0,,0,20765,725,Source One Financial Services,KY, bradlee matzdorff,1,1,WV111,Core
252660,thovey,63462.16,240,Decline,RV COUNTRY HOLDING CO - NV102,RV Country,NV,SPARKS,2026-08-26,,,2021,RV,Used,809,38.08,7.24,ljablonoski,,33,10.24,6000,6000,false,,,11.74,Core,Core,1.02,0,,0,61930,739,Source One Financial Services,NV, mike ransohoff,0,0,NV102,Core
252629,mnava,16087.14,144,Auto Approval,Campers Inn Louisville -IN138,Campers Inn,IN,Clarksville,2026-08-26,2026-08-26,,2018,RV,Used,,35.56,3.57,jharrington1,,21,10.99,2200,2200,false,,,12.49,Core,Core,1.2,0,,0,13450,701,Source One Financial Services,KY, mark unger,1,1,IN138,Core
252518,pmeza,137559.5,240,Auto Approval,24/7 Motorcoach Luxury Sales - NV114,,NV,Las Vegas,2026-08-26,2026-08-27,,2027,RV,New,,35.93,7.72,ljablonoski,,1455,7.24,60000,170000,false,,,8.74,Core,Core,0.54,0,,0,252587,864,Source One Financial Services,NV, tony clark,1,1,NV114,Core
252664,mnava,33424.11,180,Approved,Fun Town RV Fairfield LP - TX492,Fun Town,TX,Fairfield,2026-08-26,2026-08-27,,2025,RV,New,,25.08,2.19,gott,,1137,8.74,0,0,false,,,10.24,Core,Core,0.84,0,,0,40017,764,Source One Financial Services,TX, brenden boggs,1,1,TX492,Core
252651,ahunt,21537.68,180,Auto Approval,Blue Compass RV - South Beumont - TX551,Blue Compass,TX,Vidor,2026-08-26,2026-08-26,,2027,RV,New,,18.43,3.56,gott,,22,9.74,0,0,false,,,11.24,Core,Core,0.99,0,,0,21780,726,Source One Financial Services,TX, leah sligar,1,1,TX551,Core
252596,avera,41249.31,156,Conditional Approval,Maxie Price RV - GA161,,GA,Loganville,2026-08-26,2026-08-26,,2024,RV,Used,,20.93,4.73,jsmith,,23,8.74,4344,3287,false,,,10.24,Core,Core,1.15,0,,0,35950,776,Source One Financial Services,GA, matt eaton,1,1,GA161,Core
252464,lgrace,13646.13,168,Conditional Approval,Bish's RV of Birmingham - AL172,Bish's RV,AL,calera,2026-08-26,2026-08-26,,2020,RV,Used,,27.21,1.64,jsmith,,10,10.24,1000,1000,false,,,11.74,Core,Core,0.94,0,,0,14450,736,Source One Financial Services,AL, chad knight,1,1,AL172,Core
252546,rsimmons,24063.82,180,Decline,San Antonio Rvs -TX265,,TX,Seguin,2026-08-26,,,2021,RV,Used,,9.65,4.66,gott,,15,13.24,5000,5000,false,,,14.24,Silver 1,Silver 1,0.95,0,,0,25300,667,Source One Financial Services,TX, cody flores,0,0,TX265,Silver
252573,pmeza,28345,120,Conditional Approval,4Zs RVs -IN163,Easy Care,IN,PERU,2026-08-26,2026-08-26,,2022,RV,Used,,18.63,8.29,jharrington1,,54,11.85,20000,20000,false,,,12.35,Silver 1,Not Applicable,0.51,0,,0,55550,663,Ideal Credit Union,MS, jim lakes,1,1,IN163,Not Applicable
252570,sbaker,19900,144,Approved,CENTRAL KY BOAT AND RV SALES - KY108,,KY,RICHMOND,2026-08-26,2026-08-26,,2022,RV,Used,,21.37,7.21,jharrington1,,15,10.24,0,0,false,,,11.74,Core,Core,0.72,0,,0,27650,739,Source One Financial Services,KY,,1,1,KY108,Core
252559,sbaker,35323.08,204,Decline,Blue Compass - Fort Myers - FL300,Blue Compass,FL,Fort Myers,2026-08-26,,,2026,RV,New,,49.41,7.43,wstoutimore,,13,10.24,3500,3500,false,,,11.74,Core,Core,0.87,0,,0,40757,688,Source One Financial Services,FL, anthony gagliardi,0,0,FL300,Core
252537,sbaker,84260.96,204,Conditional Approval,Ron Hoover Companies Katy -TX275,Ron Hoover,TX,Katy,2026-08-26,2026-08-26,,2026,Boat,New,698,33.65,3.84,gott,,19,9.74,0,0,false,,,9.74,Core,Core,1.19,0,,0,70958.84,738,Source One Financial Services,TX, greg woods,1,1,TX275,Core
252667,mnava,26236,204,Auto Approval,Giant RV - Montclair - SCA155,Giant RV,CA,Montclair,2026-08-26,2026-08-26,,2026,RV,New,,38.34,6.39,jrubi,,18,9.74,6000,6000,false,,,11.24,Core,Core,0.95,0,,0,27665,722,Source One Financial Services,CA, julio sanchez,1,1,SCA155,Core
252563,mlomedico,234119.26,240,Auto Decline,Lifestyle Wake LLC - OR147,Easy Care,OR,Bend,2026-08-26,,,2026,Boat,New,822,168.21,28.65,ljablonoski,,270,9.49,26000,26000,true,,,11.49,Business First,Business First,1.14,0,,0,205152,,Source One Financial Services,OR, jim lakes,0,0,OR147,Business First
252654,mnava,19850.11,144,Booked,GIBBS OUTDOOR and RECREATION - TX454,,TX,WACO,2026-08-26,2026-08-27,2026-08-27,2012,RV,Used,,29.72,4.07,gott,1276,938,14.24,3000,3000,false,318,20,15.24,Silver 1,Silver 1,0.95,794,4,0,21000,677,Source One Financial Services,TX, colby longenbaugh,1,0,TX454,Silver
252489,mlomedico,68352.06,240,Decline,NewCoast - Boatzon - FL356,Marine Max,FL,Oldsmar,2026-08-26,,,2026,RV,New,,18.95,3.38,S1House,,14,9.99,7000,7000,false,,,11.49,Core,Core,1.08,0,,0,63004,709,Source One Financial Services,PA, dan welte,0,0,FL356,Core
252645,,44640.68,180,Auto Decline,M20 MARINE OUTFITTERS - SCA107,,CA,SAN DIEGO,2026-08-26,,,2020,Boat,Used,,92.94,12.15,jrubi,,0,14.49,2000,2000,false,,,15.49,Silver 1,Silver 1,1.59,0,,0,28000,641,Source One Financial Services,CA,,0,0,SCA107,Silver
252491,lgrace,27762.19,180,Auto Approval,ROSS MOTORSPORTS INC - TX457,,TX,LUFKIN,2026-08-26,2026-08-26,,2014,Boat,Used,,37.28,3.05,gott,,25,10.24,3000,3000,false,,,11.74,Core,Core,1.04,0,,0,26640,764,Source One Financial Services,TX, ryan williams,1,1,TX457,Core
252650,thovey,29408.26,180,Decline,Gregg Orr Marine -TX365,,TX,TEXARKANA,2026-08-26,,,2027,Boat,New,682,42.49,3.82,jweller,,19,10.24,3000,3000,false,,,11.74,Core,Core,1.24,0,,0,23684,681,Source One Financial Services,TX, adam henderson,0,0,TX365,Core
252540,rsimmons,68309.59,180,Decline,Blue Compass RV - South Beumont - TX551,Blue Compass,TX,Vidor,2026-08-26,2026-08-27,,2026,RV,New,,17.38,3.69,gott,,1498,9.5,4500,4500,false,,,10,Silver 1,Not Applicable,0.88,0,,0,77941,661,Ideal Credit Union,TX, leah sligar,0,0,TX551,Not Applicable
252515,hhisek,43962.77,144,Decline,Premier Yamaha Boating Center/Aransas -TX209,,TX,Aransas,2026-08-26,,,2026,Boat,New,561,39.01,2.14,gott,,2,9.49,12000,12000,false,,,10.99,Core,Core,0.93,0,,0,47282,749,Source One Financial Services,TX, ashton janise,0,0,TX209,Core
252506,thovey,25282,144,Auto Approval,I-70 RV CENTER - MO200,,MO,WILLIAMSBURG,2026-08-26,2026-08-27,,2026,RV,New,,21.65,4.87,jweller,,1371,12.99,4200,4200,false,,,12.99,Silver 1,Not Applicable,0.91,0,,0,27735,659,Connexus Credit Union,MO, gina meyer,1,1,MO200,Not Applicable
252568,ccampos,188254.19,180,Decline,Campers Inn RV of Sewell - NJ105,Campers Inn,NJ,Sewell,2026-08-26,,,2025,RV,Used,747,50.37,13.29,gcoulombe,,9,8.74,40000,40000,false,,,10.24,Core,Core,0.86,0,,0,218650,766,Source One Financial Services,NJ, jacob helms,0,0,NJ105,Core
252456,sbaker,35050.49,240,Decline,BLUE COMPASS RV - SOUTH HOUSTON  - TX421,Blue Compass,TX,Alvin,2026-08-26,,,2026,RV,New,,46.54,3.55,gott,,1443,9.99,3600,3600,false,,,11.49,Core,Core,0.93,0,,0,37650,683,Source One Financial Services,TX, frank carranza,0,0,TX421,Core
252610,avera,36403.62,144,Conditional Approval,Optimum RV Zephyr Hills - FL164,Optimum RV,FL,Zephyr Hills,2026-08-26,2026-08-26,,2018,RV,Used,664,18.18,6.55,wstoutimore,,122,11.99,5050,5050,false,,,12.49,Core,Not Applicable,1,0,,0,36450,692,Connexus Credit Union,FL, todd glenn,1,1,FL164,Not Applicable
252562,thovey,46457.39,180,Pending,Nelson RV -AZ233,,AZ,Tucson,2026-08-26,,,2021,RV,Used,608,58.57,9.33,edominguez,,22,10.49,8000,8000,false,,,11.99,Core,Core,0.93,0,,0,50000,716,Source One Financial Services,AZ,,0,0,AZ233,Core
252641,mnava,31190.16,204,Auto Approval,ROTH RV - BEMIDJI - MN168,,MN,BEMIDJI,2026-08-26,2026-08-26,,2026,RV,New,734,44.79,1.99,dzilberchtein,,164,9.74,15000,15000,false,,,11.24,Core,Core,0.73,0,,0,43000,738,Source One Financial Services,UT, tracy perpich,1,1,MN168,Core
252612,mnava,66857,180,Contract Received,Gull Boats & RV - Missoula - MT118,Bretz RV,MT,Missoula,2026-08-26,2026-08-27,,2026,RV,New,,27.42,11.17,dzilberchtein,,1523,7.74,6651,6651,false,,6,8.74,Core,Not Applicable,1.04,0,,0,64062,748,Connexus Credit Union,MT, nathan deuter,1,1,MT118,Not Applicable
252625,,8815.44,84,Auto Decline,Uwharrie RV  (740 Motors) - NC125,,NC,Albemarle,2026-08-26,,,2019,RV,Used,,3.99,3.99,jsmith,,0,22.99,7000,7000,false,,,23.99,Bronze,Bronze,0.93,0,,0,9500,,Source One Financial Services,NC,,0,0,NC125,Business First
252566,pmeza,35474,180,Decline,FUN TOWN RV OK LLC - OK121,Fun Town,OK,OKLAHOMA CITY,2026-08-26,,,2026,RV,New,,12.73,8.97,jweller,,14,13.74,3700,3700,false,,,14.74,Silver 1,Silver 1,0.59,0,,0,59835,653,Source One Financial Services,OK, calvin mullins,0,0,OK121,Silver
252476,avera,25094.44,144,Auto Approval,Fretz RV -PA126,,PA,Souderton,2026-08-26,2026-08-26,,2024,RV,Used,,13.83,2.83,jharrington1,,153,7.24,2500,2500,false,,,8.74,Core,Core,1.13,0,,0,22150,807,Source One Financial Services,PA, tony eidle,1,1,PA126,Core
252644,thovey,61134.94,240,Auto Approval,RGV RV SALES - TX569,,TX,Mission,2026-08-26,2026-08-26,,2027,RV,New,688,38.27,3.19,gott,,97,9.24,6220,6220,false,,,10.74,Core,Core,1.04,0,,0,58975,723,Source One Financial Services,TX, aldo camarillo,1,1,TX569,Core
252460,avera,31586.48,180,Approved,FUN TOWN RV - JACKSON - MI455,Fun Town,MI,Jackson,2026-08-26,2026-08-26,,2026,RV,New,,19.54,2.2,dzilberchtein,,11,13.74,3300,3300,false,,,14.74,Silver 1,Silver 1,0.84,0,,0,37447,660,Source One Financial Services,MI, dan shew,1,1,MI455,Silver
252501,hhisek,34526.51,144,Decline,Blue Compass RV - South Beumont - TX551,Blue Compass,TX,Vidor,2026-08-26,,,2027,RV,New,,16.48,5.16,gott,,25,13.74,5000,5000,false,,,14.74,Silver 1,Not Applicable,0.88,0,,0,39115,644,Connexus Credit Union,LA, leah sligar,0,0,TX551,Not Applicable
252590,mnava,57957.44,108,Decline,Blue Compass RV - Oklahoma City - OK158,Blue Compass,OK,Norman,2026-08-26,,,2026,RV,New,,10.65,9.9,jweller,,86,10.24,0,40500,false,,,11.74,Core,Core,0.52,0,,0,111485,753,Source One Financial Services,OK, jacqueline armendariz,0,0,OK158,Core
252488,rsimmons,25976.75,180,Auto Approval,CAMPERS RV CENTER - LA103,,LA,SHREVEPORT,2026-08-26,2026-08-26,,2027,RV,New,778,53.84,1.28,gott,,180,7.49,5000,13000,false,,,7.99,Core,Core,0.71,0,,0,36464,824,Source One Financial Services,TX, dustin pinkston,1,1,LA103,Core
252450,avera,80832.01,204,Auto Approval,GREAT AMERICAN RV SUPERSTORE- FL224,,FL,DEFUNIAK SPRINGS,2026-08-26,2026-08-26,,2025,RV,Used,654,31.19,7.28,wstoutimore,,515,9.99,500,13500,false,,,11.49,Core,Core,0.85,0,,0,94650,694,Source One Financial Services,FL, dave gerber,1,1,FL224,Core
252661,thovey,14677.39,120,Decline,Big D Marine and Powersports -TX205,,TX,Huntsville,2026-08-26,,,2010,Boat,Used,,24.97,3.63,gott,,24,12.24,1600,1600,false,,,13.74,Core,Core,1.05,0,,0,14035,681,Source One Financial Services,TX, ronald brown,0,0,TX205,Core
252572,ccampos,40839,180,Decline,"Vantage Recreational Finance, Inc. -FL291",VRF,FL,FORT LAUDERDALE,2026-08-26,,,2020,Boat,Used,,44.13,9.67,S1House,,17,15.74,4000,4000,false,,,16.74,Silver 1,Silver 1,0.94,0,,0,43549,640,Source One Financial Services,OK, alicia bryson,0,0,FL291,Silver
252647,,36499,180,Auto Decline,BISH'S RV OF BOZEMAN - MT103,Bish's RV,MT,BOZEMAN,2026-08-26,,,2024,RV,Used,,34.81,18.94,dzilberchtein,,0,22.99,5000,5000,false,,,23.99,Bronze,Bronze,0,0,,0,0,583,Source One Financial Services,CO,,0,0,MT103,Business First
252639,Jhill,35856.21,180,Auto Approval,Texas Marine - Clear Lake -TX354,OneWater,TX,SEABROOK,2026-08-26,2026-08-27,,2014,Boat,Used,855,18.51,2.52,gott,,1673,8.99,8000,8000,false,,,10.49,Core,Core,0.82,0,,0,43600,866,Source One Financial Services,TX, seth franco,1,1,TX354,Core
252560,mlomedico,70723.92,120,Decline,OASIS RV - IL256,,IL,MARION,2026-08-26,,,2026,RV,New,696,198.26,2.37,gcoulombe,,26,9.74,0,32000,false,,,11.24,Core,Core,0.7,0,,0,100958,725,Source One Financial Services,IL, larry webb,0,0,IL256,Core
252622,,155765,240,Auto Decline,Airstream of Minnesota - MN841,Campers Inn,MN,Ransey,2026-08-26,,,2027,RV,New,,35.06,18.89,dzilberchtein,,0,22.99,17000,17000,false,,,23.99,Bronze,Bronze,1.19,0,,0,131038,599,Source One Financial Services,FL,,0,0,MN841,Business First
252499,rsimmons,48330.66,240,Auto Approval,Campers Unlimited - Gadsden-AL152,,AL,Gadsden,2026-08-26,2026-08-26,,2023,RV,Used,822,29.97,3.73,jsmith,,13,9.99,3000,5400,false,,,11.49,Core,Core,0.94,0,,0,51400,759,Source One Financial Services,AL, david tyler,1,1,AL152,Core
252483,Jhill,28426.2,180,Decline,GREAT AMERICAN RV SUPERSTORE-HATTIESBURG - MS113,,MS,HATTIESBURG,2026-08-26,,,2025,RV,Used,667,8.83,3.22,jsmith,,230,12.49,6000,6000,false,,,13.49,Silver 1,Not Applicable,1.11,0,,0,25700,674,Ideal Credit Union,MS, ryan campbell,0,0,MS113,Not Applicable
252623,Jhill,74611.13,240,Auto Approval,American Marine - Chippewa Falls - WI732,,WI,Chippewa Falls,2026-08-26,2026-08-26,,2027,Boat,New,,8.76,3.28,dzilberchtein,,69,7.49,50000,50000,false,,,8.99,Core,Core,0.88,0,,0,84421,847,Source One Financial Services,WI, bryan sorensen,1,1,WI732,Core
252474,lgrace,25913.56,180,Auto Approval,T and S RV and SPORT LLC -TX377,,TX,NAVASOTA,2026-08-26,2026-08-26,,2022,RV,Used,,21.18,6.79,gott,,10,10.49,500,4500,false,,,11.99,Core,Core,1.16,0,,0,22250,706,Source One Financial Services,TX, anthony wiese,1,1,TX377,Core
252605,pmeza,57910.03,204,Auto Approval,STAGECOACH RV SALES - IN180,,IN,PERU,2026-08-26,2026-08-27,,2020,RV,Used,728,24.35,3.44,jharrington1,,1423,8.24,2500,2500,false,,,9.74,Core,Core,1.1,0,,0,52600,782,Source One Financial Services,OH, brent saylor,1,1,IN180,Core
252545,mlomedico,25471,180,Pending,Midway Auto & RV - Billings - MT107,,MT,Billings,2026-08-26,2026-08-26,,2024,RV,Used,825,19.4,5.12,dzilberchtein,,24,9.49,7000,7000,true,,,11.49,Business First,Business First,0.73,0,,0,34700,,Source One Financial Services,MT,,0,0,MT107,Business First
252511,sbaker,58355.1,180,Decline,NewCoast - Boatzon - FL356,Marine Max,FL,Oldsmar,2026-08-26,2026-08-26,,2012,Boat,Used,,48.22,3.81,S1House,,1747,11.74,6000,6000,false,,,13.24,Core,Core,0.99,0,,0,59000,688,Source One Financial Services,FL, ian woodward,0,0,FL356,Core
252599,rsimmons,36740.7,180,Auto Approval,Century Auto/RV -TX344,,TX,AMARILLO,2026-08-26,2026-08-26,,2025,RV,New,749,34.16,2.1,gott,,23,9.49,0,0,false,,,10.99,Core,Core,1.29,0,,0,28520,826,Source One Financial Services,TX,,1,1,TX344,Core
252521,thovey,47393.9,180,Auto Approval,Parkland RV-MO220,Canopy Financial,MO,Leadington,2026-08-26,2026-08-26,,2027,RV,New,753,42.11,4.63,jweller,,48,7.49,500,6655.8,false,,,8.99,Core,Core,1.19,0,,0,39926,802,Source One Financial Services,MO, mac mclelland,1,1,MO220,Core
252471,Jhill,78542.52,240,Decline,General RV - West Chester - PA113,General RV,PA,West Chester,2026-08-26,,,2026,RV,New,687,46.52,5.91,jharrington1,,9,9.74,10000,24800,false,,,11.24,Core,Core,0.8,0,,0,97646,727,Source One Financial Services,PA, dan hixon,0,0,PA113,Core
252611,,32983,180,Auto Decline,Midway Auto and RV Cody LLC - WY101,,WY,Cody,2026-08-26,,,2022,RV,Used,,45.06,11.79,dzilberchtein,,0,22.99,500,500,false,,,23.99,Bronze,Bronze,0,0,,0,0,573,Source One Financial Services,WY,,0,0,WY101,Business First
252558,mnava,93877.5,240,Decline,Capital RV - Minot - ND118,Campers Inn,ND,Minot,2026-08-26,,,2027,RV,New,,49.63,10.05,dzilberchtein,,90,9.99,45000,48200,false,,,11.49,Core,Core,0.87,0,,0,107737.1,702,Source One Financial Services,ND, michelle barber,0,0,ND118,Core
252525,mnava,76891,240,Decline,RV SUPERCENTER - SCA145,,CA,MENIFEE,2026-08-26,,,2026,RV,New,,42.35,9,jrubi,,69,9.74,3500,3500,false,,,11.24,Core,Not Applicable,0.9,0,,0,85781,731,Connexus Credit Union,CA, veronica costa,0,0,SCA145,Not Applicable
252630,rsimmons,29746,180,Auto Approval,O'CONNELL YACHTS-SC129,,SC,Boiling Springs,2026-08-26,2026-08-27,,2022,Boat,Used,,37.45,3.37,jsmith,,985,10.49,4500,4500,false,,,11.99,Core,Core,0.89,0,,0,33315,718,Source One Financial Services,SC, jodie oconnell,1,1,SC129,Core
252477,sbaker,43522.79,180,Auto Approval,Rock Solid Funding LLC - TX536,RSF,TX,BEDFORD,2026-08-26,2026-08-26,,2020,RV,Used,,22.26,5.07,S1House,,22,7.99,1000,1000,false,,,9.49,Core,Core,0.77,0,,0,56350,879,Source One Financial Services,TX, ashley rogers,1,1,TX536,Core
252517,avera,8688,72,Conditional Approval,"Campers Inn RV of South Louisville, Inc. - KY147",Campers Inn,KY,Lebanon Junction,2026-08-26,2026-08-26,,2018,RV,Used,,27.48,2.47,jharrington1,,19,9.99,3000,3000,false,,,10.74,Core,Core,0.91,0,,0,9550,773,Source One Financial Services,WV, david williams,1,1,KY147,Core
252582,thovey,100000,240,Conditional Approval,M20 MARINE OUTFITTERS - SCA107,,CA,SAN DIEGO,2026-08-26,2026-08-26,,2026,Boat,New,,24.72,7.14,jrubi,,32,9.99,128576.13,128576.13,false,,,11.49,Core,Core,0.66,0,,0,152308.65,695,Source One Financial Services,CA, carter allen,1,1,SCA107,Core
252543,lgrace,130900,180,Decline,HAPPY CAMPERS RV SALES and SERVICE - IN182,,IN,LAFAYETTE,2026-08-26,,,2011,RV,Used,,36.14,19.63,jharrington1,,4,14.24,25000,25000,false,,,15.24,Silver 1,Silver 1,0.87,0,,0,150340,679,Source One Financial Services,PA, ashley herrera,0,0,IN182,Silver
252624,sbaker,43889.79,180,Decline,BANKSTON MOTORHOMES INC - AL111,,AL,HUNTSVILLE,2026-08-26,,,2026,RV,Used,,17.55,8.83,jsmith,,988,9.99,5000,5000,false,,,11.49,Core,Core,0.76,0,,0,57800,701,Source One Financial Services,AL, richard archer,0,0,AL111,Core
252468,ccampos,14795.05,144,Decline,Razorback Camper Sales-AR130,,AR,Hot Springs,2026-08-26,,,2014,RV,Used,,27.46,4.58,jweller,,6,15.49,2000,2000,false,,,16.49,Silver 1,Silver 1,1.33,0,,0,11165,648,Source One Financial Services,AR, doug johnson,0,0,AR130,Silver
252576,mlomedico,25471,180,Pending,Midway Auto & RV - Billings - MT107,,MT,Billings,2026-08-26,2026-08-26,,2024,RV,Used,,18.72,4.44,dzilberchtein,,24,7.49,7000,7000,false,,,8.99,Core,Core,0.73,0,,0,34700,825,Source One Financial Services,MT,,0,0,MT107,Core
252533,,49951.69,180,Auto Decline,PERFORMANCE EAST - NC113,,NC,GOLDSBORO,2026-08-26,,,2026,Boat,New,,63.84,6.67,jsmith,,0,13.74,2500,2500,false,,,14.74,Silver 1,Silver 1,1.23,0,,0,40552,647,Source One Financial Services,NC,,0,0,NC113,Silver
252495,Jhill,117887.52,240,Auto Approval,Slalom Shop -TX159,OneWater,TX,Lewisville,2026-08-26,2026-08-27,,2020,Boat,Used,,30.23,4.41,gott,,2048,7.99,16400,16400,false,,,9.49,Core,Core,1.06,0,,0,111020,817,Source One Financial Services,TX, monica bedenbaugh,1,1,TX159,Core
252508,,31688.72,240,Auto Decline,Holiday World of Houston -TX195,,TX,Katy,2026-08-26,,,2026,RV,New,,26.54,3.79,gott,,0,22.99,3500,3500,false,,,23.99,Bronze,Bronze,0.7,0,,0,45583,605,Source One Financial Services,TX,,0,0,TX195,Business First
252469,sbaker,77306.65,180,Auto Approval,Southaven RV & Marine - MS115,,MS,Southaven,2026-08-26,2026-08-26,,2020,RV,Used,,44.54,10.46,jsmith,,40,9.74,3750,3750,false,,,10.49,Core,Not Applicable,0.8,0,,0,96841,704,Connexus Credit Union,TN, valerie thomas,1,1,MS115,Not Applicable
252575,avera,14213.54,120,Approved,"Campers Inn RV of South Louisville, Inc. - KY147",Campers Inn,KY,Lebanon Junction,2026-08-26,2026-08-26,,2025,RV,New,,30.95,2.27,jharrington1,,10,7.99,0,9000,false,,,9.49,Core,Core,0.47,0,,0,30142,800,Source One Financial Services,KY, david williams,1,1,KY147,Core
252528,,68002.5,240,Auto Decline,SR1 Companies-Turner-ME108,,ME,Turner,2026-08-26,,,2024,RV,Used,,49.58,8.52,gcoulombe,,0,13.74,500,500,false,,,14.74,Silver 1,Silver 1,0.8,0,,0,85350,641,Source One Financial Services,ME,,0,0,ME108,Silver
252591,rsimmons,41543.8,240,Auto Approval,LMC Marine Center -TX273,,TX,Houston,2026-08-26,2026-08-27,,2022,Boat,Used,,23.17,2.17,gott,,1322,10.24,2500,2500,false,,,11.74,Core,Core,1.08,0,,0,38305,731,Source One Financial Services,TX,,1,1,TX273,Core
252581,,24042.43,180,Auto Decline,Network Automotive Inc - AZ311,,AZ,Mesa,2026-08-26,,,2022,RV,Used,,0,0,edominguez,,0,22.99,3000,3000,false,,,23.99,Bronze,Bronze,0.96,0,,,24999,,Source One Financial Services,AZ,,0,0,AZ311,Business First
252458,lgrace,39522.46,180,Auto Approval,"Southeastern Marine, Inc- EVA112",EPIC,VA,Henrico,2026-08-26,2026-08-27,,2027,Boat,New,,27.62,4.27,S1House,,1830,10.99,4500,4500,false,,,12.49,Core,Core,1.07,0,,0,37098,706,Source One Financial Services,VA, chuck smith,1,1,EVA112,Core
252548,,32466.09,180,Auto Decline,Fun Town RV Amarillo - TX508,Fun Town,TX,Amarillo,2026-08-26,,,2026,RV,New,,56.94,13.16,gott,,0,22.99,3500,3500,false,,,23.99,Bronze,Bronze,1.01,0,,0,32238,601,Source One Financial Services,NM,,0,0,TX508,Business First
252523,rsimmons,41721.4,204,Auto Approval,RGV RV SALES - TX569,,TX,Mission,2026-08-26,2026-08-26,,2027,RV,New,,27.31,6.25,gott,,19,9.99,2000,2000,false,,,11.49,Core,Core,0.99,0,,0,42000,712,Source One Financial Services,TX, aldo camarillo,1,1,TX569,Core
252592,mnava,18486.77,144,Contract Received,SPARTAN RV LLC - AZ305,,AZ,GILBERT,2026-08-26,2026-08-27,,2024,RV,Used,,47.05,3.17,edominguez,,1514,8.74,10000,10000,false,,37,9.99,Core,Core,0.58,0,,0,31750,774,Source One Financial Services,AZ,,1,1,AZ305,Core
252608,pmeza,71698.1,204,Auto Approval,Ashley Marine - Salem - AL157,,AL,Salem,2026-08-26,2026-08-26,,2026,Boat,New,737,13.74,1.87,jsmith,,21,7.24,0,0,false,,,8.74,Core,Core,1.2,0,,0,59811,832,Source One Financial Services,LA, tim holloway,1,1,AL157,Core
252632,jrubi,34034.96,180,Auto Approval,LEMKE RV LLC - NCA116,,CA,ROCKLIN,2026-08-26,2026-08-27,,2010,RV,Used,,18.87,1.82,jrubi,,1279,9.49,25000,25000,false,,,9.49,Core,Core,0.64,0,,0,53400,865,Source One Financial Services,NV,,1,1,NCA116,Core
252505,ahunt,89772.79,120,Conditional Approval,Rock Solid Funding LLC - TX536,RSF,TX,BEDFORD,2026-08-26,2026-08-26,,2026,RV,New,,15.44,8.78,S1House,,63,8.49,9000,9000,false,,,8.99,Core,Core,1.2,0,,0,75000,830,Source One Financial Services,SD, serena pulliam,1,1,TX536,Core
252621,thovey,67152.5,240,Decline,"RV COUNTRY NEVADA, LLC - LAUGHLIN -NV103",RV Country,NV,LAUGHLIN,2026-08-26,,,2021,RV,Used,,73.28,14.24,ljablonoski,,10,10.24,15000,15000,false,,,11.74,Core,Core,1.04,0,,0,64295,732,Source One Financial Services,CA, stephanie corona,0,0,NV103,Core
252532,,109928,216,Auto Decline,RV SUPERCENTER - SCA145,,CA,MENIFEE,2026-08-26,,,2016,RV,Used,,51.55,9.48,jrubi,,0,14.99,6000,9400,false,,,15.99,Silver 1,Silver 1,0.79,0,,0,139645,659,Source One Financial Services,CA,,0,0,SCA145,Silver
252502,hhisek,53482.03,144,Decline,Blue Compass RV - Katy - TX571,Blue Compass,TX,Katy,2026-08-26,2026-08-27,,2021,RV,Used,,34.58,19.32,gott,,1422,12.24,0,10000,false,,,12.24,Silver 1,Not Applicable,0.74,0,,0,72000,670,Connexus Credit Union,TX, kevin miranda,0,0,TX571,Not Applicable
252588,,24042.43,180,Auto Decline,Network Automotive Inc - AZ311,,AZ,Mesa,2026-08-26,,,2022,RV,Used,,0,0,edominguez,,0,22.99,3000,3000,false,,,23.99,Bronze,Bronze,0.96,0,,,24999,,Source One Financial Services,AZ,,0,0,AZ311,Business First
252579,thovey,11392.98,120,Auto Approval,Network Automotive Inc - AZ311,,AZ,Mesa,2026-08-26,2026-08-26,,2022,RV,Used,,35.75,4.28,edominguez,,213,10.24,1300,1300,false,,,11.74,Core,Core,0.95,0,,0,12000,722,Source One Financial Services,AZ,,1,1,AZ311,Core
252490,,89966.19,240,Auto Decline,Blue Compass RV - San Antonio - TX572,Blue Compass,TX,San Antonio,2026-08-26,,,2026,RV,New,,36.96,8.09,gott,,0,14.99,9300,9300,false,,,15.99,Silver 2,Silver 2,0.93,0,,0,96928.75,633,Source One Financial Services,TX,,0,0,TX572,Silver
252467,avera,32377,204,Auto Approval,Rocky Ridge RV - Muskogee - OK148,Rocky Ridge,OK,Muskogee,2026-08-26,2026-08-26,,2026,RV,New,,26.05,6.15,jweller,,103,9.99,0,0,false,,,11.74,Core,Core,0.99,0,,0,32762,712,Source One Financial Services,TX, jt thomas,1,1,OK148,Core
252556,ccampos,21561.28,144,Ready to Book,GREAT AMERICAN RV SUPERSTORE- FL224,,FL,DEFUNIAK SPRINGS,2026-08-26,2026-08-26,,2022,RV,Used,,17.35,7.76,wstoutimore,,318,9.74,4000,4000,false,,1153,10.49,Core,Not Applicable,0.74,646.84,3,0,29100,708,Connexus Credit Union,FL, debbie fischer,1,1,FL224,Not Applicable
252614,lgrace,19551.72,144,Approved,Roy's RV Adventures LLC - FL327,,FL,Tallahassee,2026-08-26,2026-08-26,,2026,RV,New,836,42.05,4.34,wstoutimore,,13,7.49,0,0,false,,,8.99,Core,Core,1.03,0,,0,18923.15,821,Source One Financial Services,FL, aliya purtee,1,1,FL327,Core
252487,ccampos,14983.21,144,Auto Approval,Williamson RV LLC-IN209,,IN,Seymour,2026-08-26,2026-08-26,,2026,RV,New,781,28.05,1.16,jharrington1,,24,7.49,0,0,false,,,8.99,Core,Core,1.01,0,,0,14790,859,Source One Financial Services,IN, jerry hale,1,1,IN209,Core
252597,lgrace,187199,240,Decline,"Vantage Recreational Finance, Inc. -FL291",VRF,FL,FORT LAUDERDALE,2026-08-26,,,2011,RV,Used,,4.07,2.01,S1House,,14,14.24,25000,25000,false,,,15.24,Silver 1,Silver 1,1.08,0,,0,173580,668,Source One Financial Services,NV, alicia bryson,0,0,FL291,Silver
252583,lgrace,41193,180,Decline,"Vantage Recreational Finance, Inc. -FL291",VRF,FL,FORT LAUDERDALE,2026-08-26,,,2014,RV,Used,652,26.76,1.7,S1House,,49,11.74,6000,6000,false,,,13.24,Core,Core,1.07,0,,0,38665,690,Source One Financial Services,WV, brian decastro,0,0,FL291,Core
252459,,29701.69,180,Auto Decline,SPECIALTY OUTDOORS - OH189,,OH,LANCASTER,2026-08-26,,,2025,RV,Used,640,40.61,7.71,jharrington1,,0,22.99,3100,3100,false,,,23.99,Bronze,Bronze,0.91,0,,0,32750,603,Source One Financial Services,OH,,0,0,OH189,Business First
252513,,40559.72,180,Auto Decline,Terry Town RV Superstore -MI318,Selvius RV,MI,Grand Rapids,2026-08-26,,,2026,RV,New,,65.56,13.32,dzilberchtein,,0,14.99,500,500,false,,,15.99,Silver 1,Silver 1,1.2,0,,0,33853.8,640,Source One Financial Services,MI,,0,0,MI318,Silver
252586,,55437.32,180,Auto Decline,Fun Town RV Amarillo - TX508,Fun Town,TX,Amarillo,2026-08-26,,,2026,RV,New,580,7.57,1.76,gott,,0,16.99,7500,7500,false,,,17.99,Silver 2,Silver 2,0.74,0,,0,74774,620,Source One Financial Services,TX,,0,0,TX508,Silver
252561,Jhill,94382.8,240,Auto Approval,La Mesa RV Center - Albuquerque - NM109,La Mesa,NM,Albuquerque,2026-08-26,2026-08-26,,2024,RV,Used,821,11.87,6.24,edominguez,,144,7.49,9800,9800,false,,,8.99,Core,Core,0.73,0,,0,128750,843,Source One Financial Services,NM, leon garcia,1,1,NM109,Core
252454,hhisek,22615.3,144,Decline,BANKSTON MOTORHOMES INC - AL111,,AL,HUNTSVILLE,2026-08-26,,,2019,RV,Used,,15.93,8.91,jsmith,,7,14.99,2500,2500,false,,,15.99,Silver 1,Silver 1,0.76,0,,0,29645,655,Source One Financial Services,TN, justin cheatwood,0,0,AL111,Silver
252593,pmeza,24042.43,180,Decline,Network Automotive Inc - AZ311,,AZ,Mesa,2026-08-26,,,2022,RV,Used,653,60.1,3.15,edominguez,,28,14.49,3000,3000,false,,,15.49,Silver 1,Silver 1,0.96,0,,0,24999,647,Source One Financial Services,AZ,,0,0,AZ311,Silver
252555,,22321,144,Auto Decline,GARLANDS RV OF TENNESSEE - TN122,,TN,SPRINGVILLE,2026-08-26,,,2021,RV,Used,649,34.34,3.46,jsmith,,0,15.74,2100,2100,false,,,16.74,Silver 2,Silver 2,1.31,0,,0,16985,639,Source One Financial Services,AR,,0,0,TN122,Silver
252534,hhisek,22548.68,120,Conditional Approval,Titan Auto & Rv Sales - AR117,,AR,Searcy,2026-08-26,2026-08-27,,2021,RV,Used,,17.14,12.57,jweller,,1688,13.99,7395,7395,false,,,13.99,Silver 1,Not Applicable,1,0,,0,22650,652,Connexus Credit Union,AR, toby wallace,1,1,AR117,Not Applicable
252475,rsimmons,37173.64,204,Approved,Bills Happy Camper Rv LLC-PA135,Warrior Performance,PA,Mill Hall,2026-08-26,2026-08-26,,2027,RV,New,,45.9,10.88,jharrington1,,8,9.74,0,0,false,,,11.24,Core,Core,0.95,0,,0,39224,730,Source One Financial Services,PA, kyle smith,1,1,PA135,Core
252594,avera,61405,240,Auto Approval,Intercoastal Financial Group LLC - 17401746,IFG,FL,Vero Beach,2026-08-26,2026-08-26,,2017,Boat,Used,,25,3.82,S1House,,15,8.49,6000,6000,false,,,9.74,Core,Core,0.99,0,,0,61880,832,Source One Financial Services,WA, beulah coleman,1,1,17401746,Core
252529,mnava,45187.21,240,Auto Approval,Bradford Marine & ATV-Mountain Home - AR146,Bradford Marine,AR,Mountain Home,2026-08-26,2026-08-26,,2026,Boat,New,701,20.17,4.13,jweller,,27,9.24,2000,2000,false,,,10.74,Core,Core,1.13,0,,0,39976,733,Source One Financial Services,AR, danny keesee,1,1,AR146,Core
252554,lgrace,34500,204,Approved,Uwharrie RV  (740 Motors) - NC125,,NC,Albemarle,2026-08-26,2026-08-26,,2026,RV,New,683,35.42,1.98,jsmith,,21,9.99,5000,5000,false,,,11.49,Core,Core,0.88,0,,0,39388,682,Source One Financial Services,NC, brian bailey,1,1,NC125,Core
252564,hhisek,32520.91,180,Pending,FUN TOWN RV SAN ANTONIO LP - TX465,Fun Town,TX,CIBOLO,2026-08-26,,,2026,RV,New,,24.18,2.42,gott,,194,10.24,3200,3200,false,,,11.74,Core,Core,1.05,0,,0,31095,681,Source One Financial Services,TX, franz grimes,0,0,TX465,Core
252516,hhisek,83166.54,180,Decline,San Antonio Rvs -TX265,,TX,Seguin,2026-08-26,,,2026,RV,New,,9.51,0,gott,,45,13.74,12000,12000,false,,,14.74,Silver 1,Not Applicable,0.95,0,,0,87895,645,Connexus Credit Union,TX, cody flores,0,0,TX265,Not Applicable
252619,mnava,84108.16,240,Auto Approval,Dicks RV - WI120,Markquart,WI,Arkansaw,2026-08-26,2026-08-26,,2026,RV,New,854,33.08,5.35,dzilberchtein,,20,7.24,500,10500,false,,,8.74,Core,Core,1.06,0,,0,79226,863,Source One Financial Services,WI, casey stanton,1,1,WI120,Core
252598,hhisek,66749.57,180,Decline,AIRPORT MARINE INC - AL102,,AL,ALABASTER,2026-08-26,,,2026,Boat,New,,12.37,12.37,jsmith,,24,13.74,0,46360,false,,,14.74,Silver 1,Not Applicable,0.67,0,,0,99995,646,Connexus Credit Union,AL, kenneth hollis,0,0,AL102,Not Applicable
252574,sflynn,23794.7,144,Auto Approval,Ashley Marine LLC - GA147,,GA,Columbus,2026-08-26,2026-08-26,,2027,Boat,New,,20.91,2.17,jsmith,,7,7.49,6000,6000,false,,,8.99,Core,Core,1.05,0,,0,22584.99,844,Source One Financial Services,GA, shirley ashley,1,1,GA147,Core
252519,hhisek,39239.88,180,Approved,PERFORMANCE EAST - NC113,,NC,GOLDSBORO,2026-08-26,2026-08-26,,2027,Boat,New,,29.82,9.2,jsmith,,11,9.74,4360,4360,false,,,11.24,Core,Core,1.23,0,,0,31887.23,738,Source One Financial Services,NC, brandon winstead,1,1,NC113,Core
252530,hhisek,68356.95,240,Auto Approval,BLUE COMPASS RV - DENTON - TX148,Blue Compass,TX,Denton,2026-08-26,2026-08-26,,2026,RV,New,,36.58,8.85,gott,,105,9.49,3350,3350,false,,,10.99,Core,Core,1.07,0,,0,63826,714,Source One Financial Services,TX, chad pickens,1,1,TX148,Core
252615,hhisek,150000,180,Decline,NewCoast - Boatzon - FL356,Marine Max,FL,Oldsmar,2026-08-26,,,2015,RV,Used,730,18.84,14.79,S1House,,9,9.74,44815.19,44815.19,false,,,11.24,Core,Core,0.68,0,,0,219725,775,Source One Financial Services,DE, julia nickolson,0,0,FL356,Core
252616,pmeza,128378.58,240,Decline,24/7 Motorcoach Luxury Sales - NV114,,NV,Las Vegas,2026-08-26,,,2027,RV,New,717,36.65,7.2,ljablonoski,,39,7.24,60000,170000,false,,,8.74,Core,Core,0.51,0,,0,252494,864,Source One Financial Services,NV, tony clark,0,0,NV114,Core
252539,ccampos,20000,180,Auto Approval,Blue Compass RV - Concord - NC154,Blue Compass,NC,Concord,2026-08-26,2026-08-26,,2022,RV,Used,,24.44,2.57,jsmith,,19,10.74,2000,2000,false,,,12.24,Core,Core,0.8,0,,0,25050,690,Source One Financial Services,NC, aidan ahern,1,1,NC154,Core
252550,sbaker,22471,180,Decline,Peach State Motorhomes & RV's - GA163,,GA,Buford,2026-08-26,,,2013,RV,Used,,53.12,5.36,jsmith,,13,9.49,0,0,false,,,10.99,Core,Core,2.14,0,,0,10500,796,Source One Financial Services,KY, christopher williams,0,0,GA163,Core
252497,hhisek,45671.34,180,Decline,Fun Town RV-Giddings -TX314,Fun Town,TX,Giddings,2026-08-26,,,2026,RV,New,674,19.32,7.47,gott,,4,9.99,4800,4800,false,,,11.49,Core,Core,0.94,0,,0,48521,716,Source One Financial Services,TX, thomas jordan,0,0,TX314,Core
252613,ahunt,59849.34,240,Auto Approval,REEDER TRAUSCH MARINES - IN187,,IN,ROCKVILLE,2026-08-26,2026-08-27,,2022,Boat,Used,,25.29,2.9,jharrington1,,965,8.49,6500,6500,false,,,9.99,Core,Core,1.26,0,,0,47655,787,Source One Financial Services,OH, peter woollacott,1,1,IN187,Core
252514,mlomedico,13787,120,Decline,I-70 RV CENTER - MO200,,MO,WILLIAMSBURG,2026-08-26,,,2025,RV,New,,5.95,5.95,jweller,,54,9.74,1000,1000,false,,,11.24,Core,Not Applicable,0.91,0,,0,15107,726,Connexus Credit Union,MO, gina meyer,0,0,MO200,Not Applicable
252451,lgrace,41265.53,204,Approved,JEFF COUCHS CAMPERS -OH107,Jeff Couchs,OH,Trenton,2026-08-26,2026-08-26,,2027,RV,New,,32.19,3.61,jharrington1,,9,8.99,5606.97,5606.97,false,,,10.49,Core,Core,0.93,0,,0,44245,750,Source One Financial Services,FL, derek hensley,1,1,OH107,Core
252544,ccampos,26077.79,180,Auto Approval,Rock Solid Funding LLC - TX536,RSF,TX,BEDFORD,2026-08-26,2026-08-27,,2022,Boat,Used,738,48.82,2.84,S1House,,1633,10.24,0,0,false,,,11.74,Core,Core,0.79,0,,0,33040,740,Source One Financial Services,SC, trevor bescherer,1,1,TX536,Core
252493,mlomedico,60964.63,180,Auto Approval,"Ron Hoover Companies of Corpus Christi, Inc -TX278",Ron Hoover,TX,Corpus Christi,2026-08-26,2026-08-26,,2027,Boat,New,,26.58,6.2,gott,,40,12.49,6000,6000,false,,,13.49,Silver 1,Silver 1,0.99,0,,0,61281.33,664,Source One Financial Services,TX, david carrillo,1,1,TX278,Silver
252607,hhisek,53624.32,204,Booked,Ashley Marine - Salem - AL157,,AL,Salem,2026-08-26,2026-08-27,2026-08-27,2026,Boat,New,722,25.54,4.89,jsmith,1308,1114,9.24,0,0,false,193,1,10.74,Core,Core,1.05,3217.46,6,0,51047,722,Source One Financial Services,AL, tim holloway,1,0,AL157,Core
252452,avera,24763,144,Decline,General RV - Richmond - VA117,General RV,VA,Ashland,2026-08-26,,,2020,RV,Used,,24.96,8.85,jsmith,,9,10.49,1500,1500,false,,,11.99,Core,Core,0.89,0,,0,27720,719,Source One Financial Services,DC, joey gormus,0,0,VA117,Core
252535,lgrace,73785.71,240,Conditional Approval,Safe Harbor Emerald Coast - FL324,,FL,Santa Rosa Beach,2026-08-26,2026-08-26,,2025,Boat,New,785,30.05,11.89,wstoutimore,,10,7.24,5500,28650.57,false,,,8.74,Core,Core,1.29,0,,0,57328,804,Source One Financial Services,FL, jeff henley,1,1,FL324,Core
252520,ccampos,41867.95,180,Auto Approval,Atlantic Pro - FL333,,FL,Palmetto,2026-08-26,2026-08-27,,2016,Boat,Used,657,23.23,8.82,wstoutimore,,1597,13.74,50000,50000,false,,,14.74,Silver 1,Silver 1,0.44,0,,0,94610,668,Source One Financial Services,FL, yelena mikhelson,1,1,FL333,Silver
252628,,74083.9,240,Auto Decline,White Pine Marine sales and Service - ETN127,EPIC,TN,White Pine,2026-08-26,,,2026,Boat,New,,18.43,2.49,S1House,,0,22.99,0,22000,false,,,23.99,Bronze,Bronze,0.89,0,,0,83360.6,556,Source One Financial Services,NC,,0,0,ETN127,Business First
252526,,17402.03,144,Auto Decline,GIANT RECREATION WORLD WINTER GARDEN - FL172,,FL,WINTER GARDEN,2026-08-26,,,2018,RV,Used,,11.22,11.22,pcarter,,0,22.99,5000,5000,false,,,23.99,Bronze,Bronze,0.82,0,,0,21145,,Source One Financial Services,FL,,0,0,FL172,Business First
252595,,35578,120,Auto Decline,Prestige RV Center - Shawnee - OK128,,OK,Shawnee,2026-08-26,,,2025,RV,New,,48.13,7.38,jweller,,0,14.99,3500,3500,false,,,15.99,Silver 2,Silver 2,0.84,0,,0,42568,624,Source One Financial Services,OK,,0,0,OK128,Silver
252635,lgrace,22559.92,180,Auto Approval,NewCoast - Boatzon - FL356,Marine Max,FL,Oldsmar,2026-08-26,2026-08-27,,2026,Boat,New,,15.67,2.42,S1House,,1240,8.99,23000,23000,false,,,9.99,Core,Core,0.71,0,,0,31701.85,741,Source One Financial Services,CO, john womble,1,1,FL356,Core
252507,lgrace,82459,216,Auto Approval,KY Boats LLC - KY149,,KY,Richmond,2026-08-26,2026-08-26,,2022,Boat,Used,,26.69,4.19,jharrington1,,90,8.74,4000,4000,false,,,10.24,Core,Core,1,0,,0,82627,762,Source One Financial Services,KY, christan wilson,1,1,KY149,Core
252604,avera,149380.61,216,Decline,General RV - Tampa - FL238,General RV,FL,Dover,2026-08-26,,,2021,RV,Used,583,41.86,3.38,wstoutimore,,7,10.74,188000,211000,false,,,12.24,Core,Core,0.62,0,,0,242200,697,Source One Financial Services,FL, christopher coleman,0,0,FL238,Core
252503,sbaker,27655.6,180,Auto Approval,"Southeastern Marine, Inc- EVA112",EPIC,VA,Henrico,2026-08-26,2026-08-26,,2026,Boat,New,,15.27,1.73,S1House,,13,7.49,3000,3000,false,,,8.99,Core,Core,1.18,0,,0,23403.5,821,Source One Financial Services,VA, david bounphasaysonh,1,1,EVA112,Core
252470,,19618.79,180,Auto Decline,A and L RV SALES LLC - TN129,,TN,JACKSON,2026-08-26,,,2026,RV,New,,55.2,3.9,jsmith,,0,13.74,3000,3000,false,,,14.74,Silver 1,Silver 1,0.71,0,,0,27684,641,Source One Financial Services,MS,,0,0,TN129,Silver
252531,ccampos,27190.66,144,Auto Approval,Alabama Campers Tuscaloosa-AL161,,AL,Tuscaloosa,2026-08-26,2026-08-27,,2026,RV,New,,34.99,5.32,jsmith,,1549,9.99,5000,5000,false,,,10.49,Core,Not Applicable,0.86,0,,0,31537,697,Connexus Credit Union,AL, anne huntsinger,1,1,AL161,Not Applicable
252662,mnava,31252.73,204,Auto Approval,UNLIMITED RV - MO192,,MO,INDEPENDENCE,2026-08-26,2026-08-27,,2027,RV,New,,34.2,4.5,jweller,,1136,9.99,15000,15000,false,,,11.49,Core,Core,0.68,0,,0,45626,685,Source One Financial Services,MO, nate donaldson,1,1,MO192,Core
252626,edominguez,286499,240,Auto Approval,Tobler Marina - ID124,,ID,Hayden,2026-08-26,2026-08-27,,2027,Boat,New,850,32.05,3.3,ljablonoski,,1278,8.99,201000,201000,true,,,10.99,Business First,Business First,0.77,0,,0,372654,,Source One Financial Services,MT, jade harlocker,1,1,ID124,Business First
252522,sbaker,50666.12,240,Auto Approval,I-70 RV CENTER - MO200,,MO,WILLIAMSBURG,2026-08-26,2026-08-26,,2027,RV,New,,47.27,10.16,jweller,,351,7.49,10000,10000,false,,,8.99,Core,Core,0.9,0,,0,56110,828,Source One Financial Services,MO, gina meyer,1,1,MO200,Core
252500,lgrace,56336.19,240,Auto Approval,Keith's Boat Service LLC - EVA116,EPIC,VA,Colonial Heights,2026-08-26,2026-08-27,,2027,Boat,New,753,29.38,3.29,S1House,,1582,7.49,0,0,false,,,8.99,Core,Core,1.14,0,,0,49207,818,Source One Financial Services,NC, jp lixie,1,1,EVA116,Core
252603,avera,29750,144,Decline,INLAND BOAT CENTER INC - SCA106,,CA,PERRIS,2026-08-26,,,2007,Boat,Used,645,65.67,4.1,jrubi,,4,11.99,10000,10000,false,,,13.49,Core,Core,0.77,0,,0,38483,704,Source One Financial Services,CA, taylor nissen,0,0,SCA106,Core
252461,rsimmons,8147.41,120,Decline,WHITE SANDS RV LLC - AL122,,AL,SUMMEDALE,2026-08-26,,,2016,RV,Used,,42.08,1.67,jsmith,,21,15.99,800,800,false,,,16.49,Silver 1,Silver 1,0.84,0,,0,9750,647,Source One Financial Services,AL, connor stuckey,0,0,AL122,Silver
252649,mnava,29224.23,204,Auto Approval,Blue Compass RV - Knoxville - TN159,Blue Compass,TN,Louisville,2026-08-26,2026-08-26,,2027,RV,New,,39.15,3.15,jsmith,,107,9.99,5000,5000,false,,,11.49,Core,Core,1.01,0,,0,28943.5,703,Source One Financial Services,TN, david smith jr.,1,1,TN159,Core
252557,pmeza,142474.41,240,Decline,La Mesa RV Center - Mesa - AZ356,La Mesa,AZ,Mesa,2026-08-26,,,2019,RV,Used,,18.11,10.16,edominguez,,229,10.99,30000,30000,false,,,12.49,Core,Core,0.77,0,,0,184170,704,Source One Financial Services,AZ, seamus hennessey,0,0,AZ356,Core
252486,Jhill,71652.5,180,Auto Approval,"McKee Auto Center, Inc. - IA163",,IA,Perry,2026-08-26,2026-08-27,,2026,RV,New,,26.75,7.13,gcoulombe,,1525,8.74,0,7000,false,,,10.24,Core,Core,1.01,0,,0,71000,767,Source One Financial Services,TX, dave geiger,1,1,IA163,Core
252541,hhisek,13915,120,Auto Approval,Gil Cherry Family RV Center LLC -TX130,,TX,Sweetwater,2026-08-26,2026-08-26,,2019,RV,Used,690,23.23,1.31,gott,,129,10.74,1510,1510,false,,,12.24,Core,Core,1.1,0,,0,12650,733,Source One Financial Services,TX, brad walker,1,1,TX130,Core
252890,hhisek,20045.63,144,Approved,Millican RV America - AL103,,AL,Hanceville,2026-08-27,2026-08-27,,2021,RV,Used,,21.79,4.56,jsmith,,139,8.49,2000,2000,false,,,9.24,Core,Not Applicable,0.69,0,,0,29050,720,Connexus Credit Union,TX, tim hopkins,1,1,AL103,Not Applicable
252733,rsimmons,99893.35,204,Auto Approval,BLUE COMPASS RV - SOUTH HOUSTON  - TX421,Blue Compass,TX,Alvin,2026-08-27,2026-08-27,,2026,RV,New,620,25.94,6.78,gott,,15,9.99,8000,11000,false,,,11.49,Core,Core,1.04,0,,0,96038,703,Source One Financial Services,GA, frank carranza,1,1,TX421,Core
252690,lgrace,29993.9,180,Decline,Rinkers Boat World - Houston - ETX132,EPIC,TX,Houston,2026-08-27,,,2019,Boat,Used,,84.42,7.39,S1House,,3,10.74,0,0,false,,,12.24,Core,Core,1.05,0,,0,28545,729,Source One Financial Services,TX, sierra whitmire,0,0,ETX132,Core
252930,mlomedico,245844.26,240,Pending,BISH'S RV - INDIANAPOLIS - IN199,Bish's RV,IN,ANDERSON,2026-08-27,,,2023,RV,Used,,29.53,14.06,jharrington1,,40,7.99,18100,39545,false,,,9.49,Core,Core,1.14,0,,0,215250,832,Source One Financial Services,IN, stephen patterson,0,0,IN199,Core
252931,Jhill,60675.29,240,Approved,Campers Inn Kings Mountain -NC108,Campers Inn,NC,Kings Mountain,2026-08-27,2026-08-27,,2027,RV,New,708,46.22,6.23,jsmith,,26,7.49,500,500,false,,,8.99,Core,Core,1.04,0,,0,58486.2,829,Source One Financial Services,NC, hunter lee,1,1,NC108,Core
252860,mlomedico,12847,120,Auto Approval,"EPIC FINANCE, LLC. - 17401748",EPIC,NC,WILMINGTON,2026-08-27,2026-08-27,,2017,RV,Used,,10.36,3.55,S1House,,60,8.49,2000,2000,false,,,9.99,Core,Core,0.72,0,,0,17750,803,Source One Financial Services,NC, mia williams,1,1,17401748,Core
252941,,67518.13,240,Auto Decline,GIBBS OUTDOOR and RECREATION - TX454,,TX,WACO,2026-08-27,,,2026,RV,New,,73.65,15.99,gott,,0,14.99,10000,10000,false,,,15.99,Silver 2,Silver 2,0.82,0,,0,82111,630,Source One Financial Services,TX,,0,0,TX454,Silver
252904,hhisek,35518.05,180,Decline,"Ron Hoover Companies of Donna, Inc -Tx277",Ron Hoover,TX,Donna,2026-08-27,,,2027,RV,New,,37.25,3.95,gott,,11,13.74,4000,4000,false,,,14.74,Silver 1,Silver 1,0.99,0,,0,35738,647,Source One Financial Services,TX, julio pena,0,0,TX277,Silver
252851,,54162.42,240,Auto Decline,Blue Compass RV - Charlotte - NC153,Blue Compass,NC,Concord,2026-08-27,,,2026,RV,Used,,36.23,9.09,jsmith,,0,14.99,6000,13000,false,,,15.99,Silver 2,Silver 2,0.9,0,,0,59994,623,Source One Financial Services,NC,,0,0,NC153,Silver
252949,ccampos,33468.86,144,Decline,DeMontrond RV - Texas City - TX514,,TX,Texas city,2026-08-27,,,2027,RV,New,,25.05,9.7,gott,,30,10.24,15000,15000,false,,,11.74,Core,Core,0.77,0,,0,43401,693,Source One Financial Services,TX, shedrick donnette,0,0,TX514,Core
252807,mlomedico,163890.83,240,Auto Approval,Royal RV & Auto Center Inc - IN203,,IN,Middleberry,2026-08-27,2026-08-27,,2026,RV,New,799,17.82,9.34,jharrington1,,151,7.49,17042,17042,false,,,8.99,Core,Core,1.02,0,,0,161093,810,Source One Financial Services,MI, jason flick,1,1,IN203,Core
252909,hhisek,42844.13,180,Pending,BISHS RV - ELDRIDGE - IA214,Bish's RV,IA,ELDRIDGE,2026-08-27,,,2022,RV,Used,771,40.43,6.16,gcoulombe,,,8.49,1250,8550,false,,,9.99,Core,Core,1.17,0,,0,36700,799,Source One Financial Services,IL, todd miillsap,0,0,IA214,Core
252830,lgrace,68532,180,Decline,Collins Inc of Johnston Co - NC148,,NC,Smithfield,2026-08-27,,,2022,Boat,Used,,44.12,8.85,jsmith,,14,13.24,10000,10000,false,,,14.24,Silver 1,Silver 1,1.19,0,,0,57500,671,Source One Financial Services,NC, melissa sexton,0,0,NC148,Silver
252677,,22743.28,120,Auto Decline,RCD Sales Co. LTD - Hebron -OH128,,OH,Hebron,2026-08-27,,,2017,RV,Used,,17.3,2.37,jharrington1,,0,13.74,0,0,false,,,14.74,Silver 1,Silver 1,0.94,0,,0,24255,663,Source One Financial Services,OH,,0,0,OH128,Silver
252772,rsimmons,69956.12,180,Auto Approval,MCLAUGHLINS RV and MARINE -ND112,,ND,FARGO,2026-08-27,2026-08-27,,2026,Boat,New,752,40.39,3.34,dzilberchtein,,15,9.49,1000,1000,false,,,10.99,Core,Core,1.17,0,,0,59793,776,Source One Financial Services,MN, jess mclaughlin,1,1,ND112,Core
252771,ccampos,15487.84,160,Auto Approval,SKYRIVER RV - FRESNO - NCA138,SkyRiver,CA,Fresno,2026-08-27,2026-08-27,,2019,RV,Used,,34.39,1.05,jrubi,,42,10.24,5000,5000,false,,,11.74,Core,Core,0.83,0,,0,18650,741,Source One Financial Services,CA, julien castillo,1,1,NCA138,Core
252812,ccampos,38007.45,180,Auto Decline,MILLERS MARINE - FL178,,FL,OCALA,2026-08-27,,,2025,Boat,New,,75.92,12.72,pcarter,,3,12.49,3800,3800,false,,,13.49,Silver 1,Silver 1,1.48,0,,0,25620.28,661,Source One Financial Services,VA, johnmichael zayas,0,0,FL178,Silver
252963,eavila,66744.65,180,Decline,Blue Compass RV - Oklahoma City - OK158,Blue Compass,OK,Norman,2026-08-27,,,2027,RV,New,,33.25,5.55,jweller,,24,13.74,27500,7000,false,,,14.74,Silver 1,Silver 1,0.85,0,,0,78256,644,Source One Financial Services,TX, carl cobb,0,0,OK158,Silver
252815,lgrace,38174.21,180,Conditional Approval,RV Value Mart-Bethlehem-PA125,,PA,Bath,2026-08-27,2026-08-27,,2026,RV,New,798,43.74,5.71,jharrington1,,13,7.49,8300,8950,false,,,8.99,Core,Core,1.3,0,,0,29401,853,Source One Financial Services,PA, marty dieppa,1,1,PA125,Core
252875,lgrace,37078.71,180,Decline,FC MARINE - OH172,,OH,NEW FRANKLIN,2026-08-27,,,2026,Boat,New,,54.26,6.35,jharrington1,,55,9.49,3000,3000,false,,,10.99,Core,Core,1.11,0,,0,33257.27,750,Source One Financial Services,OH, kenneth grimes,0,0,OH172,Core
252887,Jhill,174010.33,240,Decline,BLUE COMPASS RV - DALLAS - TX147,Blue Compass,TX,Mesquite,2026-08-27,,,2027,RV,New,758,26.11,10.4,gott,,33,11.24,18000,18000,true,,,13.24,Business First,Business First,0.98,0,,0,177660.25,,Source One Financial Services,TX, canyon downing,0,0,TX147,Business First
252888,mlomedico,248944.26,240,Pending,BISH'S RV - INDIANAPOLIS - IN199,Bish's RV,IN,ANDERSON,2026-08-27,,,2023,RV,Used,519,32.12,9.31,jharrington1,,48,7.74,15000,36445,false,,,9.24,Core,Core,1.16,0,,0,215250,832,Source One Financial Services,IN, stephen patterson,0,0,IN199,Core
252880,mnava,106269,240,Auto Approval,RNR RV CENTER - SPOKANE - WA150,,WA,Spokane,2026-08-27,2026-08-27,,2025,RV,New,,8.47,4.13,ljablonoski,,260,6.74,12000,12000,false,,,6.99,Core,Core,0.82,0,,0,129433,740,Source One Financial Services,WA,,1,1,WA150,Core
252691,Jhill,53375.5,240,Decline,Optimum RV - Bonne Terre - MO215,Optimum RV,MO,Bonne Terre,2026-08-27,,,2025,RV,New,,15.29,1.62,jweller,,2,12.49,1250,1250,false,,,13.49,Silver 1,Silver 1,1,0,,0,53438,663,Source One Financial Services,GA, joshua brewer,0,0,MO215,Silver
252685,lgrace,67839.2,240,Auto Approval,OWENSBORO RV - KY119,,KY,OWENSBORO,2026-08-27,2026-08-27,,2027,RV,New,,34.09,14.24,jharrington1,,452,9.99,30000,30000,false,,,11.49,Core,Core,0.7,0,,0,97154,716,Source One Financial Services,IN, scott stacy,1,1,KY119,Core
252944,,54846.19,240,Auto Decline,B&D RV Center - UT124,Easy Care,UT,Vernal,2026-08-27,,,2026,RV,New,,34.02,7.31,ljablonoski,,0,14.99,0,8400,false,,,15.99,Silver 2,Silver 2,1.12,0,,0,49099,627,Source One Financial Services,UT,,0,0,UT124,Silver
252687,sbaker,51760.9,204,Decline,Ultimate Marine - EFL121,EPIC,FL,Orlando,2026-08-27,,,2027,Boat,New,,18.72,4.84,S1House,,9,9.99,40000,40000,false,,,11.49,Core,Core,0.65,0,,0,79780,720,Source One Financial Services,FL, sierra whitmire,0,0,EFL121,Core
252683,avera,89097.79,240,Auto Approval,Rock Solid Funding LLC - TX536,RSF,TX,BEDFORD,2026-08-27,2026-08-27,,2027,RV,New,736,31.69,2.74,S1House,,379,7.74,4250,4250,false,,,8.74,Core,Not Applicable,1.05,0,,0,84535,714,Connexus Credit Union,CA, caleb grassi,1,1,TX536,Not Applicable
252942,ccampos,10317.93,120,Auto Approval,Network Automotive Inc - AZ311,,AZ,Mesa,2026-08-27,2026-08-27,,2025,RV,Used,,30.89,1.52,edominguez,,54,12.49,3000,3000,false,,,12.49,Silver 1,Not Applicable,0.75,0,,0,13800,649,Connexus Credit Union,UT,,1,1,AZ311,Not Applicable
252837,edominguez,99040.37,240,Auto Decline,Southaven RV & Marine - MS115,,MS,Southaven,2026-08-27,,,2026,RV,New,,109.82,6.8,jsmith,,92,13.74,10000,10000,false,,,14.74,Silver 1,Silver 1,1.01,0,,0,98393,652,Source One Financial Services,MS, havanna klamm,0,0,MS115,Silver
252936,,14159.55,120,Auto Decline,"Ron Hoover Companies of Donna, Inc -Tx277",Ron Hoover,TX,Donna,2026-08-27,,,2021,RV,Used,,13.47,5.31,gott,,0,22.99,1500,1500,false,,,23.99,Bronze,Bronze,0.82,0,,0,17370,587,Source One Financial Services,TX,,0,0,TX277,Business First
252900,Jhill,42116.43,180,Auto Approval,Fun Town RV Amarillo - TX508,Fun Town,TX,Amarillo,2026-08-27,2026-08-27,,2026,RV,New,,23.62,4.41,gott,,28,7.99,0,0,false,,,9.49,Core,Core,0.99,0,,0,42593,787,Source One Financial Services,TX, eric adams,1,1,TX508,Core
252925,lgrace,16411.16,180,Auto Decline,Bills Happy Camper Rv LLC-PA135,Warrior Performance,PA,Mill Hall,2026-08-27,,,2026,RV,New,,46,4.53,jharrington1,,32,12.49,0,0,false,,,13.49,Silver 1,Silver 1,1.1,0,,0,14936,674,Source One Financial Services,PA, jimmy orapello,0,0,PA135,Silver
252869,Jhill,65700.31,204,Auto Approval,Ron Hoover - San Antonio - TX500,Ron Hoover,TX,San Antonio,2026-08-27,2026-08-27,,2026,Boat,New,,25.19,9.13,gott,,153,10.24,7000,10000,false,,,11.74,Core,Core,1.03,0,,0,63481,686,Source One Financial Services,TX, trevor lemasters,1,1,TX500,Core
252858,mlomedico,60486,180,Auto Approval,Gull Boats & RV - Missoula - MT118,Bretz RV,MT,Missoula,2026-08-27,2026-08-27,,2027,RV,New,772,18.57,8.57,dzilberchtein,,57,8.99,5000,5000,false,,,9.74,Core,Core,1.1,0,,0,54782,795,Source One Financial Services,MT, nathan deuter,1,1,MT118,Core
252718,eavila,19539.09,168,Auto Approval,Ketelsen RV DeSoto - IA211,,IA,De Soto,2026-08-27,2026-08-27,,2018,RV,Used,794,20.04,1.8,gcoulombe,,139,8.49,4786.17,-2198.34,false,,,9.99,Core,Core,1.12,0,,0,17450,803,Source One Financial Services,IA, troy pulse,1,1,IA211,Core
252853,hhisek,30799.43,180,Approved,Fun Town RV Factory Connect LLC-IN205,Fun Town,IN,Elkhart,2026-08-27,2026-08-27,,2026,RV,New,644,15.34,3.21,jharrington1,,34,10.24,3025,3025,false,,,11.74,Core,Core,0.84,0,,0,36773,681,Source One Financial Services,IL, trever rizor,1,1,IN205,Core
252798,mlomedico,8122.41,72,Auto Approval,Cedar City RV  - ETN103,EPIC,TN,Lebanon,2026-08-27,2026-08-27,,2020,RV,Used,650,31.75,3.44,S1House,,70,14.49,800,800,false,,,14.49,Core,Core,0.57,0,,0,14220,684,Source One Financial Services,TN, mia williams,1,1,ETN103,Core
252715,ccampos,49032.35,240,Decline,Crowder RV Center- TN109,Canopy Financial,TN,Johnson City,2026-08-27,,,2026,RV,New,646,60.94,8.83,jsmith,,9,13.74,8000,20061.61,false,,,14.74,Silver 1,Silver 1,1.28,0,,0,38406.5,655,Source One Financial Services,TN, mac mclelland,0,0,TN109,Silver
252910,rsimmons,50042.34,216,Auto Approval,RGV RV SALES - TX569,,TX,Mission,2026-08-27,2026-08-27,,2027,RV,New,,34.68,5.52,gott,,61,9.99,5070,5070,false,,,11.49,Core,Core,0.98,0,,0,51085,704,Source One Financial Services,TX, aldo camarillo,1,1,TX569,Core
252902,,38727.96,180,Auto Decline,Liberty Trail RV - Sulphur Springs - TX580,,TX,Sulphur Springs,2026-08-27,,,2027,RV,New,602,13.85,10.56,gott,,0,22.99,0,0,false,,,23.99,Bronze,Bronze,1.47,0,,0,26335,606,Source One Financial Services,TX,,0,0,TX580,Business First
252775,,73186.2,240,Auto Decline,La Mesa RV Center - Sanford - FL315,La Mesa,FL,Sanford,2026-08-27,,,2021,RV,Used,,97.23,34.29,pcarter,,0,22.99,15000,15000,false,,,23.99,Bronze,Bronze,0.98,0,,0,75061,550,Source One Financial Services,FL,,0,0,FL315,Business First
252845,avera,22807.2,180,Auto Approval,Coastal Recreaction Center LLC - FL283,,FL,Ormond Beach,2026-08-27,2026-08-27,,2024,RV,Used,,4.78,3.76,pcarter,,36,7.49,2400,2400,false,,,8.99,Core,Core,0.74,0,,0,30650,824,Source One Financial Services,SC, ken garrels,1,1,FL283,Core
252879,,38609.24,204,Auto Decline,General RV - West Chester - PA113,General RV,PA,West Chester,2026-08-27,,,2015,RV,Used,648,26.59,3.58,jharrington1,,0,22.99,7500,7500,false,,,23.99,Bronze,Bronze,0.66,0,,0,58863,605,Source One Financial Services,PA,,0,0,PA113,Business First
252934,ccampos,48121.9,240,Decline,Blue Compass RV - North Myrtle Beach - SC137,Blue Compass,SC,North Myrtle Beach,2026-08-27,,,2022,RV,Used,,54.56,9,jsmith,,39,7.99,25000,9323.1,false,,,9.49,Core,Core,1.08,0,,0,44400,874,Source One Financial Services,SC, adam dix,0,0,SC137,Core
252707,,36285.62,180,Auto Decline,Ron Hoover - Amarillo - TX513,Ron Hoover,TX,Amarillo,2026-08-27,,,2026,RV,New,,17.59,4.2,gott,,0,16.99,2000,2000,false,,,17.99,Silver 2,Silver 2,1.05,0,,0,34450,620,Source One Financial Services,TX,,0,0,TX513,Silver
252823,Jhill,114872.99,240,Decline,Campers Inn of I-84 CT Inc - CT100,Campers Inn,CT,Union,2026-08-27,,,2025,RV,New,786,41.05,16.53,gcoulombe,,88,7.99,5000,17500,false,,,9.49,Core,Core,0.87,0,,0,131642,796,Source One Financial Services,CT, dave hunter,0,0,CT100,Core
252759,Jhill,58717.27,240,Approved,CAMPERS INN ATLANTA -GA122,Campers Inn,GA,TUCKER,2026-08-27,2026-08-27,,2025,RV,Used,,36.42,7.57,jsmith,,32,10.24,10000,10032.85,false,,,11.74,Core,Core,1.09,0,,0,53750,687,Source One Financial Services,GA, scott hayes,1,1,GA122,Core
252892,lgrace,66544,240,Decline,PALMETTO BOAT CENTER INC - SC101,,SC,PIEDMONT,2026-08-27,,,2025,Boat,New,635,59.68,3.65,jsmith,,34,12.49,7500,7500,false,,,13.49,Silver 1,Silver 1,1.12,0,,0,59503.08,674,Source One Financial Services,SC, zach whitehead,0,0,SC101,Silver
252962,,49963,180,Auto Decline,Ron Hoover Companies of Tulsa - OK157,Ron Hoover,OK,Claremore,2026-08-27,,,2024,RV,Used,,60.49,20.49,jweller,,0,22.99,4000,4000,false,,,23.99,Bronze,Bronze,0.92,0,,0,54100,,Source One Financial Services,OK,,0,0,OK157,Business First
252776,avera,22690.16,180,Conditional Approval,Pikeville RV Sales Inc - KY137,,KY,Pikeville,2026-08-27,2026-08-27,,2026,RV,New,,27.88,6.97,jharrington1,,20,12.49,2500,2500,false,,,13.49,Silver 1,Silver 1,0.85,0,,0,26634,667,Source One Financial Services,KY, richard brown,1,1,KY137,Silver
252811,thovey,55870.15,180,Decline,Toons Grand Lake LLC - OK144,Easy Care,OK,Grove,2026-08-27,,,2025,Boat,New,,18.49,3.01,jweller,,20,9.99,6000,6000,false,,,11.49,Core,Core,1.11,0,,0,50405,719,Source One Financial Services,MO, jim lakes,0,0,OK144,Core
252874,lgrace,69613,84,Decline,Blue Compass RV - Hickory - NC156,Blue Compass,NC,Claremont,2026-08-27,,,2023,RV,Used,780,19.76,17.99,jsmith,,42,8.74,0,18959,false,,,10.24,Core,Core,0.78,0,,0,88734,826,Source One Financial Services,NC, nathan mcpherson,0,0,NC156,Core
252693,sbaker,30850.43,144,Auto Approval,PRIMEAUX RV SUPERSTORE - CARENCRO - LA102,,LA,CARENCRO,2026-08-27,2026-08-27,,2022,RV,Used,,20.2,3.46,gott,,321,12.74,3100,3100,false,,,12.74,Silver 1,Not Applicable,0.99,0,,0,31285,660,Connexus Credit Union,LA, shannon rogers,1,1,LA102,Not Applicable
252739,ahunt,148474.52,180,Auto Approval,RV's Of America - Duncan - SC130,,SC,Duncan,2026-08-27,2026-08-27,,2026,RV,New,,29.63,8.09,jsmith,,18,7.49,0,-8250,false,,,8.99,Core,Core,1.2,0,,0,123629,849,Source One Financial Services,NC, dakota giardino,1,1,SC130,Core
252905,ccampos,32644.72,72,Decline,Blue Compass RV - St. Augustine - FL339,Blue Compass,FL,ST. AUGUSTINE,2026-08-27,,,2026,RV,New,,10.95,10.26,pcarter,,52,7.99,3500,4000,false,,,9.49,Core,Core,0.82,0,,0,39715,784,Source One Financial Services,FL, matthew braziel,0,0,FL339,Core
252951,eavila,29978.03,120,Approved,Gregg Orr Marine of Destin - FL225,,FL,Destin,2026-08-27,2026-08-27,,2027,Boat,New,744,18.6,1.38,wstoutimore,,32,9.49,2500,2500,false,,,10.99,Core,Core,1.02,0,,0,29407.84,755,Source One Financial Services,FL, jennifer krebsbach,1,1,FL225,Core
252747,,17199,120,Auto Decline,I-70 RV CENTER - MO200,,MO,WILLIAMSBURG,2026-08-27,,,2021,RV,New,,9.35,1.99,jweller,,0,15.74,0,0,false,,,16.74,Silver 2,Silver 2,0.95,0,,0,18200,633,Source One Financial Services,MO,,0,0,MO200,Silver
252922,hhisek,78000,120,Auto Approval,HAPPY CAMPERS RV SALES and SERVICE - IN182,,IN,LAFAYETTE,2026-08-27,2026-08-27,,2025,RV,Used,,12.86,3.45,jharrington1,,180,8.74,0,0,false,,,10.24,Core,Core,0.87,0,,0,89995,762,Source One Financial Services,TX, jacob lebeau,1,1,IN182,Core
252819,Jhill,40222.7,180,Decline,STAGECOACH RV SALES - IN180,,IN,PERU,2026-08-27,,,2014,RV,Used,,22.73,2.43,jharrington1,,7,15.49,6000,6000,false,,,16.49,Silver 1,Silver 1,1.08,0,,0,37356,652,Source One Financial Services,WV, kodi rybolt,0,0,IN180,Silver
252873,Jhill,16071.36,144,Conditional Approval,JEFF COUCHS CAMPERS -OH107,Jeff Couchs,OH,Trenton,2026-08-27,2026-08-27,,2026,RV,New,,5.03,5.03,jharrington1,,120,7.49,1700,1700,false,,,8.49,Core,Not Applicable,0.72,0,,0,22319,734,Connexus Credit Union,FL, bryon spencer,1,1,OH107,Not Applicable
252719,,36773.15,144,Auto Decline,RV Value Mart-Bethlehem-PA125,,PA,Bath,2026-08-27,,,2026,RV,New,511,40.21,6.02,jharrington1,,0,22.99,2000,2000,false,,,23.99,Bronze,Bronze,0.9,0,,0,40935,,Source One Financial Services,PA,,0,0,PA125,Business First
252943,,20004.57,180,Auto Decline,Blue Compass RV - Winston-Salem - NC159,Blue Compass,NC,Rural Hall,2026-08-27,,,2023,RV,Used,642,31.13,3.7,jsmith,,0,15.74,5000,5000,false,,,16.74,Silver 2,Silver 2,0.54,0,,0,36900,629,Source One Financial Services,NC,,0,0,NC159,Silver
252846,lgrace,68230.56,240,Conditional Approval,RV Dynasty - IN177,,IN,Bunker Hill,2026-08-27,2026-08-27,,2026,RV,New,729,9.51,7.67,jharrington1,,99,7.24,7000,7000,false,,,8.24,Core,Not Applicable,0.81,0,,0,84401,772,Connexus Credit Union,TN, andrew overton,1,1,IN177,Not Applicable
252631,,45295,180,Auto Decline,"East Side Marine, Inc. -IN140",,IN,Evansville,2026-08-27,,,2023,Boat,Used,693,41.7,4.33,jharrington1,,0,13.24,0,0,false,,,14.24,Silver 1,Silver 1,1.12,0,,,40380,661,Source One Financial Services,IN,,0,0,IN140,Silver
252964,,99182.8,240,Cancelled,La Mesa RV Center - Albuquerque - NM109,La Mesa,NM,Albuquerque,2026-08-27,,,2024,RV,Used,,0,0,edominguez,,,22.99,5000,5000,false,,,23.99,Bronze,Bronze,0.77,0,,0,129152,,Source One Financial Services,NM, alfredo franco,0,0,NM109,Business First
252914,mlomedico,19573.74,144,Auto Approval,ROYS RV SUPERCENTER LLC - WV101,,WV,ELKINS,2026-08-27,2026-08-27,,2023,RV,Used,,44.83,6.47,jharrington1,,27,9.99,0,0,false,,,11.49,Core,Core,0.9,0,,0,21800,756,Source One Financial Services,WV, aaron harlan,1,1,WV101,Core
252847,,22888.44,180,Auto Decline,JAKES RV - GA139,,GA,WARNER ROBINS,2026-08-27,,,2018,RV,Used,,48.64,5.8,jsmith,,0,14.99,0,0,false,,,15.99,Silver 1,Silver 1,0.79,0,,,29000,647,Source One Financial Services,GA,,0,0,GA139,Silver
252838,rsimmons,26370.99,180,Auto Approval,"Ron Hoover Companies of Corpus Christi, Inc -TX278",Ron Hoover,TX,Corpus Christi,2026-08-27,2026-08-27,,2022,RV,Used,,37.49,4.13,gott,,21,10.24,0,3010.79,false,,,11.74,Core,Core,1.1,0,,0,24000,728,Source One Financial Services,TX, david carrillo,1,1,TX278,Core
252711,avera,30004.75,180,Approved,Casita Travel Trailers - TX563,RDS,TX,Rice,2026-08-27,2026-08-27,,2026,RV,New,,30.07,8.47,gott,,52,7.24,15000,15000,false,,,8.49,Core,Not Applicable,0.83,0,,0,36116,782,Connexus Credit Union,CA, andy krier,1,1,TX563,Not Applicable
252856,rsimmons,127839.41,200,Decline,General RV - Richmond - VA117,General RV,VA,Ashland,2026-08-27,,,2023,RV,Used,663,56.98,15.82,jsmith,,42,22.99,16000,16000,false,,,23.99,Silver 1,Silver 1,1.03,0,,0,123805,648,Source One Financial Services,VA, john snyder,0,0,VA117,Silver
252848,lgrace,42846.4,180,Approved,KY Boats LLC - KY149,,KY,Richmond,2026-08-27,2026-08-27,,2026,Boat,New,855,34.75,2.23,jharrington1,,20,7.49,10000,10000,false,,,8.99,Core,Core,1.02,0,,0,42204,833,Source One Financial Services,KY, christan wilson,1,1,KY149,Core
252955,jrubi,15405.43,144,Decline,RV's of Sacramento - NCA136,,CA,Elk Grove,2026-08-27,,,2016,RV,Used,,43.87,2.03,jrubi,,36,10.49,0,0,false,,,11.99,Core,Core,2.28,0,,0,6750,758,Source One Financial Services,CA, branda morgan,0,0,NCA136,Core
252883,avera,35017.28,180,Conditional Approval,Colaw RV Sales -MO110,,MO,Carthage,2026-08-27,2026-08-27,,2017,RV,Used,652,21.62,5.66,jweller,,24,10.74,1000,1000,false,,,12.24,Core,Core,0.76,0,,0,46200,738,Source One Financial Services,MO, hailey coss,1,1,MO110,Core
252893,,44952.42,180,Auto Decline,Blue Compass RV - Charlotte - NC153,Blue Compass,NC,Concord,2026-08-27,,,2021,RV,Used,,38.33,11.2,jsmith,,47,22.99,6000,18000,false,,,23.99,Bronze,Silver 2,0.93,0,,0,48550,623,Source One Financial Services,NC, josh ball,0,0,NC153,Business First
252734,,52320.73,180,Auto Decline,"Ron Hoover Companies of Donna, Inc -Tx277",Ron Hoover,TX,Donna,2026-08-27,,,2026,RV,New,,35.23,8.49,gott,,0,22.99,6000,6000,false,,,23.99,Bronze,Bronze,0.98,0,,0,53495,600,Source One Financial Services,TX,,0,0,TX277,Business First
252912,mlomedico,36249.32,180,Auto Approval,MILLERS MARINE - FL178,,FL,OCALA,2026-08-27,2026-08-27,,2026,Boat,New,,19.28,3.16,pcarter,,10,7.49,10000,13000,false,,,8.99,Core,Core,1.21,0,,0,29969.28,821,Source One Financial Services,LA, johnmichael zayas,1,1,FL178,Core
252870,lgrace,108121.04,240,Approved,HOWARD RV CENTER - NC145,,NC,Wilmington,2026-08-27,2026-08-27,,2022,RV,Used,875,22.23,7.67,jsmith,,89,7.74,30000,30000,false,,,8.74,Core,Not Applicable,0.79,0,,0,136650,832,Connexus Credit Union,OK, dan hilton,1,1,NC145,Not Applicable
252946,ccampos,56021.8,240,Approved,FUN TOWN RV SAN ANTONIO LP - TX465,Fun Town,TX,CIBOLO,2026-08-27,2026-08-27,,2026,RV,New,,42.95,5.62,gott,,27,9.74,5500,5500,false,,,11.24,Core,Core,0.95,0,,0,58847,729,Source One Financial Services,TX, franz grimes,1,1,TX465,Core
252689,avera,23077.79,180,Approved,Rock Solid Funding LLC - TX536,RSF,TX,BEDFORD,2026-08-27,2026-08-27,,2014,RV,Used,,31.55,4.46,S1House,,239,11.74,3000,3000,false,,,13.24,Core,Core,0.7,0,,0,33180,685,Source One Financial Services,TN, ashley rogers,1,1,TX536,Core
252940,thovey,17605.52,144,Auto Approval,RV's of Sacramento - NCA136,,CA,Elk Grove,2026-08-27,2026-08-27,,2018,RV,Used,,37.96,4.91,jrubi,,46,8.49,5000,0,false,,,9.99,Core,Core,1.19,0,,0,14750,820,Source One Financial Services,CA, branda morgan,1,1,NCA136,Core
252953,eavila,45029.73,180,Pending,FUN TOWN RV SAN ANTONIO LP - TX465,Fun Town,TX,CIBOLO,2026-08-27,,,2026,RV,New,711,31.25,3.72,gott,,,9.49,0,0,false,,,10.99,Core,Core,1.06,0,,0,42294,743,Source One Financial Services,TX, franz grimes,0,0,TX465,Core
252826,,22422.54,180,Auto Decline,CAMPING NATION RVS LLC - AZ322,,AZ,MESA,2026-08-27,,,2021,RV,Used,,39.43,11.63,edominguez,,0,22.99,500,500,false,,,23.99,Bronze,Bronze,0.93,0,,0,24050,612,Source One Financial Services,AZ,,0,0,AZ322,Business First
252787,ccampos,5484.9,60,Decline,BUDS RV WORLD - KY101,,KY,Madisonville,2026-08-27,,,2026,RV,New,,20.41,1.42,jharrington1,,56,13.99,4000,4000,false,,,14.49,Silver 1,Not Applicable,0.39,0,,0,14074,672,Connexus Credit Union,KY, tom kimmel,0,0,KY101,Not Applicable
252950,eavila,27785.2,180,Approved,"OUTBACK RV OF TEXAS, CO. - TX410",,TX,DENTON,2026-08-27,2026-08-27,,2026,RV,New,,26.36,0.89,gott,,19,9.74,6000,6000,false,,,11.24,Core,Core,1.09,0,,0,25485,739,Source One Financial Services,OK, tiffanie dodson,1,1,TX410,Core
252862,Jhill,17426,144,Conditional Approval,"Holman Motors, Inc. -OH111",,OH,Batavia,2026-08-27,2026-08-27,,2022,RV,Used,,12.83,7.07,jharrington1,,33,10.49,2000,2000,false,,,11.99,Core,Core,0.95,0,,0,18300,700,Source One Financial Services,KY,,1,1,OH111,Core
252911,hhisek,27092.29,180,Auto Approval,Rocky Ridge RV - Nacogdoches - TX525,Rocky Ridge,TX,Nacogdoches,2026-08-27,2026-08-27,,2026,RV,New,,40.64,3.84,gott,,50,10.24,2800,2800,false,,,11.99,Core,Core,0.71,0,,0,38049.99,696,Source One Financial Services,TX, troy ansley,1,1,TX525,Core
252725,mlomedico,151255.08,180,Conditional Approval,Riva Motorsports and Marine - FL293,,FL,Key Largo,2026-08-27,2026-08-27,,2014,Boat,Used,,49.45,10.07,wstoutimore,,64,8.99,40000,40000,false,,,10.49,Core,Core,0.85,0,,0,178345,825,Source One Financial Services,FL, marcos castro,1,1,FL293,Core
252882,,18176.5,144,Auto Decline,Intercoastal Financial Group LLC - 17401746,IFG,FL,Vero Beach,2026-08-27,,,2021,RV,Used,,9.34,1.97,S1House,,0,15.74,3000,3000,false,,,16.74,Silver 2,Silver 2,0.76,0,,0,24050,633,Source One Financial Services,MO,,0,0,17401746,Silver
252746,mlomedico,43749.37,240,Decline,Ron Hoover Companies of Tulsa - OK157,Ron Hoover,OK,Claremore,2026-08-27,,,2025,RV,New,608,46.55,9.69,jweller,,19,13.74,1000,6142.19,false,,,14.74,Silver 1,Silver 1,0.89,0,,0,49302,646,Source One Financial Services,AR, rick perez,0,0,OK157,Silver
252779,pmeza,13633.68,144,Auto Approval,Titan Auto & Rv Sales - AR117,,AR,Searcy,2026-08-27,2026-08-27,,2021,RV,Used,650,29.54,1.32,jweller,,111,13.24,1400,1400,false,,,14.24,Silver 1,Silver 1,0.93,0,,0,14600,668,Source One Financial Services,AR, dylan melton,1,1,AR117,Silver
252681,lgrace,30066.61,144,Decline,Hometown RV LLC- PA138,Warrior Performance,PA,Brockway,2026-08-27,,,2026,RV,New,645,27.45,3.36,jharrington1,,4,12.49,3000,3000,false,,,13.49,Silver 1,Silver 1,0.94,0,,0,32032,663,Source One Financial Services,PA, dave waters,0,0,PA138,Silver
252688,hhisek,84779.76,180,Decline,SMG Wake of Houston -TX105,OneWater,TX,Conroe,2026-08-27,,,2017,Boat,Used,,33.68,14.14,gott,,15,13.74,13000,13000,false,,,14.74,Silver 1,Silver 1,0.94,0,,0,90370,676,Source One Financial Services,TX, george harsh,0,0,TX105,Silver
252764,lgrace,48079.92,240,Decline,Blue Compass RV - Raleigh - NC157,Blue Compass,NC,Raleigh,2026-08-27,,,2026,RV,New,,43.49,6.78,jsmith,,9,12.49,5000,7000,false,,,13.49,Silver 1,Silver 1,1.05,0,,0,45952,670,Source One Financial Services,NC, kayla bays,0,0,NC157,Silver
252673,,17272.02,144,Auto Decline,OPTIMUM RV PHILADELPHIA - PA106,Optimum RV,PA,POTTSTOWN,2026-08-27,,,2018,RV,Used,562,35.04,1.1,jharrington1,,0,22.99,3000,3000,false,,,23.99,Bronze,Bronze,1.18,0,,0,14600,588,Source One Financial Services,PA,,0,0,PA106,Business First
252800,,67999.8,240,Auto Decline,La Mesa RV Center - Sanford - FL315,La Mesa,FL,Sanford,2026-08-27,,,2018,RV,Used,,27.21,6.78,pcarter,,0,16.24,15000,15000,false,,,17.24,Silver 2,Silver 2,0.92,0,,0,74030,627,Source One Financial Services,MA,,0,0,FL315,Silver
252793,mlomedico,46526.96,180,Auto Approval,Boaters World - Islamorada - FL303,,FL,Islamorada,2026-08-27,2026-08-27,,2018,Boat,Used,,43.59,6.83,wstoutimore,,35,8.49,0,0,false,,,9.99,Core,Core,0.96,0,,0,48590,831,Source One Financial Services,FL, dawson oesch,1,1,FL303,Core
252898,thovey,64425,180,Pending,Countryside Campers - IL203,,IL,Pana,2026-08-27,,,2020,RV,Used,853,31.85,4.26,gcoulombe,,,7.99,14500,14500,false,,,9.49,Core,Not Applicable,1,0,,0,64450,835,Connexus Credit Union,IL,,0,0,IL203,Not Applicable
252919,Jhill,12171.03,120,Auto Approval,Campers Inn Of Troy Inc-OH199,Campers Inn,OH,Troy,2026-08-27,2026-08-27,,2022,RV,Used,660,34.49,1.04,jharrington1,,24,10.24,4000,4000,false,,,11.74,Core,Core,0.61,0,,0,19950,726,Source One Financial Services,OH, zach kimrey,1,1,OH199,Core
252781,lgrace,15367.88,144,Approved,CAMP-A-RAMA - KY146,Warrior Performance,KY,Benton,2026-08-27,2026-08-27,,2016,RV,Used,758,32.8,1.57,jharrington1,,12,8.99,0,0,false,,,10.49,Core,Core,1.07,0,,0,14350,788,Source One Financial Services,KY, kyle smith,1,1,KY146,Core
252886,Jhill,36661.46,180,Auto Approval,Phil Dill Boats -TX104,OneWater,TX,Lewisville,2026-08-27,2026-08-27,,2015,Boat,Used,,32.09,4.02,gott,,68,10.49,4000,4000,false,,,11.99,Core,Core,0.97,0,,0,37795,745,Source One Financial Services,TX, baily blackney,1,1,TX104,Core
252821,Jhill,136453.41,120,Decline,T and S RV and SPORT LLC -TX377,,TX,NAVASOTA,2026-08-27,,,2027,RV,New,758,26.05,10.34,gott,,7,11.24,50000,50000,true,,,13.24,Business First,Business First,0.79,0,,0,172932,,Source One Financial Services,TX, anthony wiese,0,0,TX377,Business First
252947,mlomedico,20458.5,180,Auto Approval,GREAT AMERICAN RV SUPERSTORE-BREAUX BRIDGE - LA104,,LA,BREAUX BRIDGE,2026-08-27,2026-08-27,,2024,RV,Used,,31.51,2.31,gott,,13,12.49,2000,2000,false,,,13.49,Silver 1,Silver 1,1,0,,0,20500,677,Source One Financial Services,LA, james duos,1,1,LA104,Silver
252724,hhisek,14439.56,144,Decline,Ashley Marine LLC - Stapleton - AL168,,AL,Stapleton,2026-08-27,,,2026,Boat,New,,53.87,4.09,jsmith,,10,9.99,0,0,false,,,11.49,Core,Core,1.39,0,,0,10405,716,Source One Financial Services,MS, joey hawkins,0,0,AL168,Core
252926,hhisek,219155.15,180,Decline,MarineMax - Monkey Island - OK162,Marine Max,OK,Monkey Island,2026-08-27,,,2018,Boat,Used,651,33.71,7.04,S1House,,58,14.99,23000,23000,false,,,15.99,Silver 1,Not Applicable,0.96,0,,0,229150,652,Ideal Credit Union,OK, jacqueline lipps,0,0,OK162,Not Applicable
252939,edominguez,36609.5,180,Conditional Approval,Good Life RV - Webster City - IA135,,IA,Webster City,2026-08-27,2026-08-27,,2022,RV,Used,,28.24,5.04,gcoulombe,,51,8.24,7100,7100,false,,,9.24,Core,Not Applicable,1,0,,0,36700,770,Connexus Credit Union,IA, nick smith,1,1,IA135,Not Applicable
252720,hhisek,52002.77,180,Approved,Fun Town RV-Denton -TX322,Fun Town,TX,Denton,2026-08-27,2026-08-27,,2026,RV,New,,24.03,6.65,gott,,5,9.99,5350,5350,false,,,11.49,Core,Core,0.92,0,,0,56434,716,Source One Financial Services,TX, jacob redante,1,1,TX322,Core
252859,rsimmons,22746.9,180,Decline,GREAT AMERICAN RV SUPERSTORE-GRAND BAY - AL144,,AL,GRAND BAY,2026-08-27,,,2016,RV,Used,525,33.25,1.02,jsmith,,8,8.49,2100,2100,false,,,9.99,Core,Core,1.08,0,,0,21000,803,Source One Financial Services,CA, molly ritzel,0,0,AL144,Core
252701,avera,32722.64,204,Auto Approval,Fun Time Campers -IN122,,IN,Indianapolis,2026-08-27,2026-08-27,,2026,RV,New,,10.95,1.64,jharrington1,,156,9.49,5000,5000,false,,,10.99,Core,Core,1,0,,0,32863.11,712,Source One Financial Services,OH, hank bainbridge-blocker,1,1,IN122,Core
252697,lgrace,50888.98,204,Auto Approval,"Campers Inn RV of Myrtle Beach, Inc - SC109",Campers Inn,SC,Myrtle Beach,2026-08-27,2026-08-27,,2024,RV,Used,,31.16,3.17,jsmith,,51,9.99,2000,2000,false,,,11.49,Core,Core,1,0,,0,51050,693,Source One Financial Services,FL, dion sexton,1,1,SC109,Core
252822,mnava,25793,180,Approved,Gull Boats & RV - Missoula - MT118,Bretz RV,MT,Missoula,2026-08-27,2026-08-27,,2021,Boat,Used,,8.23,1.6,dzilberchtein,,185,7.74,5000,5000,false,,,9.24,Core,Not Applicable,0.94,0,,0,27520,815,Connexus Credit Union,MT, nathan deuter,1,1,MT118,Not Applicable
252831,mnava,27767.28,180,Auto Approval,LEMKE RV LLC - NCA116,,CA,ROCKLIN,2026-08-27,2026-08-27,,2025,RV,Used,793,34.75,2.75,jrubi,,104,7.24,500,500,false,,,7.49,Core,Core,1.14,0,,0,24400,866,Source One Financial Services,CA,,1,1,NCA116,Core
252777,rsimmons,38862.5,180,Auto Approval,Willis and Co RV - TX566,Easy Care,TX,Granbury,2026-08-27,2026-08-27,,2021,RV,Used,723,42.72,1.22,gott,,24,10.24,2500,2500,false,,,11.74,Core,Core,1.05,0,,0,37100,795,Source One Financial Services,TN, bradley taylor,1,1,TX566,Core
252745,sbaker,19029.32,144,Approved,Boaters World - South GA - GA162,,GA,Americus,2026-08-27,2026-08-27,,2026,Boat,New,,5.33,3.3,jsmith,,119,7.74,2250,2250,false,,,8.74,Core,Not Applicable,1.05,0,,0,18185,725,Connexus Credit Union,GA, kyle west,1,1,GA162,Not Applicable
252732,thovey,41505.24,180,Pending,General RV - West Chester - PA113,General RV,PA,West Chester,2026-08-27,,,2019,RV,Used,605,35.21,3.34,jharrington1,,,8.49,10500,10500,false,,,9.99,Core,Core,0.78,0,,0,53418,870,Source One Financial Services,PA, dan hixon,0,0,PA113,Core
252952,eavila,62352.68,180,Conditional Approval,Fun Town RV Tyler-TX387,Fun Town,TX,Mineola,2026-08-27,2026-08-27,,2026,RV,New,,24.83,8.24,gott,,23,10.24,6425,6425,false,,,11.74,Core,Core,0.78,0,,0,79878,691,Source One Financial Services,TX, travon reveile,1,1,TX387,Core
252721,ccampos,47587,180,Auto Approval,Sea Ray of Cincinnati - OH240,,OH,Cincinnati,2026-08-27,2026-08-27,,2018,Boat,Used,,14.27,5.44,jharrington1,,16,10.99,2300,2300,false,,,12.49,Core,Core,1.12,0,,0,42660,706,Source One Financial Services,OH, john strietmann,1,1,OH240,Core
252843,rsimmons,17241.98,144,Decline,Princess Craft RV -TX191,,TX,Round Rock,2026-08-27,,,2018,RV,Used,,56.29,6.4,gott,,13,11.24,1400,-2372,false,,,12.74,Core,Core,1.49,0,,0,11605,682,Source One Financial Services,TX, lane lambright-reed,0,0,TX191,Core
252850,mlomedico,8444,84,Auto Approval,Rocky Ridge RV of Van Buren - AR115,Rocky Ridge,AR,Van Buren,2026-08-27,2026-08-27,,2026,RV,New,780,23.29,2.38,jweller,,54,8.24,0,5300,false,,,8.74,Core,Core,0.43,0,,0,19595,820,Source One Financial Services,AR,,1,1,AR115,Core
252788,lgrace,43260,180,Pending,Optimum RV Inman - SC112,Optimum RV,SC,Inman,2026-08-27,,,2014,RV,Used,,13.3,6.11,jsmith,,,11.49,30000,30000,false,,,12.99,Core,Core,0.62,0,,0,69908,704,Source One Financial Services,NC, haven smith,0,0,SC112,Core
252897,rsimmons,52357.08,180,Conditional Approval,Ron Hoover - Amarillo - TX513,Ron Hoover,TX,Amarillo,2026-08-27,2026-08-27,,2026,RV,New,,34.36,5.82,gott,,30,13.74,6100,11709,false,,,14.74,Silver 1,Silver 1,1.15,0,,0,45665,642,Source One Financial Services,NM, travis newsom,1,1,TX513,Silver
252742,hhisek,79897.15,216,Conditional Approval,RV Value Mart-Bethlehem-PA125,,PA,Bath,2026-08-27,2026-08-27,,2026,RV,New,676,28.58,4.52,jharrington1,,16,8.99,5000,6300,false,,,10.49,Core,Core,1.24,0,,0,64470,742,Source One Financial Services,PA, marty dieppa,1,1,PA125,Core
252750,lgrace,26886.86,204,Conditional Approval,General RV Center - North Canton - OH200,General RV,OH,North Canton,2026-08-27,2026-08-27,,2027,RV,New,689,12.65,3.91,jharrington1,,20,9.49,5000,11000,false,,,10.99,Core,Core,0.8,0,,0,33593,708,Source One Financial Services,OH, patsy santone,1,1,OH200,Core
252834,thovey,22557.94,180,Auto Approval,Mid-State Camper Sales - IL232,,IL,Vandalia,2026-08-27,2026-08-27,,2017,RV,Used,,13.7,2.09,gcoulombe,,28,8.99,1200,1200,false,,,10.49,Core,Core,0.95,0,,0,23700,798,Source One Financial Services,IL,,1,1,IL232,Core
252738,avera,118293,180,Decline,HOWARD RV CENTER - NC145,,NC,Wilmington,2026-08-27,,,2026,RV,New,877,175.4,13.88,jsmith,,25,9.49,5000,5000,true,,,11.49,Business First,Business First,1.07,0,,0,110443,,Source One Financial Services,NC, bill mirrielees,0,0,NC145,Business First
252935,Jhill,60675.29,240,Auto Approval,Campers Inn Kings Mountain -NC108,Campers Inn,NC,Kings Mountain,2026-08-27,2026-08-27,,2027,RV,New,708,46.22,6.23,jsmith,,10,7.49,500,500,false,,,8.99,Core,Core,1.09,0,,0,55852,829,Source One Financial Services,NC, hunter lee,1,1,NC108,Core
252824,avera,19710.75,168,Conditional Approval,General RV - Winter Garden - FL239,General RV,FL,Winter Garden,2026-08-27,2026-08-27,,2018,RV,Used,,40.36,4.75,pcarter,,20,10.74,1000,1000,false,,,12.24,Core,Core,1.2,0,,0,16400,740,Source One Financial Services,FL, dj daenzer,1,1,FL239,Core
252794,lgrace,12186.11,180,Decline,General RV - Fort Myers - FL240,General RV,FL,Fort Myers,2026-08-27,,,2020,RV,Used,660,46.26,1.94,wstoutimore,,20,13.24,2000,2000,false,,,14.24,Silver 1,Silver 1,1.06,0,,0,11450,664,Source One Financial Services,FL, dustin knaggs,0,0,FL240,Silver
252792,mlomedico,194554.82,240,Pending,Bretz RV & Marine - WA153,Bretz RV,WA,Pasco,2026-08-27,,,2026,RV,New,763,49.38,19.38,ljablonoski,,,7.99,20000,-10352.47,false,,,9.49,Core,Core,1.22,0,,0,159455,791,Source One Financial Services,WA, tawny hanson,0,0,WA153,Core
252748,hhisek,70766.29,216,Conditional Approval,Bish's RV of Sioux Falls - SD112,Bish's RV,SD,Tea,2026-08-27,2026-08-27,,2020,RV,Used,,19.83,4.47,dzilberchtein,,20,8.24,16800,16630,false,,,9.74,Core,Core,1.16,0,,0,60800,781,Source One Financial Services,SD, david mcclanahan,1,1,SD112,Core
252669,avera,33290.03,180,Auto Approval,Colaw RV Sales -MO110,,MO,Carthage,2026-08-27,2026-08-27,,2017,RV,Used,652,21.34,5.38,jweller,,49,10.74,1000,1000,false,,,12.24,Core,Core,0.72,0,,0,46200,738,Source One Financial Services,MO, hailey coss,1,1,MO110,Core
252676,lgrace,32779.35,180,Auto Approval,NewCoast - Boatzon - FL356,Marine Max,FL,Oldsmar,2026-08-27,2026-08-27,,2026,Boat,New,729,13.16,1.7,S1House,,220,7.49,4400,4400,false,,,8.74,Core,Not Applicable,1.24,0,,0,26338,756,Connexus Credit Union,LA, michael mclamb,1,1,FL356,Not Applicable
252753,rsimmons,26051,180,Auto Approval,ACTION MARINE -AL142,,AL,DOTHAN,2026-08-27,2026-08-27,,2023,Boat,Used,,11.5,1.54,jsmith,,252,7.99,10000,10000,false,,,9.49,Core,Core,0.68,0,,0,38440,833,Source One Financial Services,AL, greg schroll,1,1,AL142,Core
252702,,246061.51,240,Auto Decline,GREAT AMERICAN RV SUPERSTORE-HAMMOND - LA105,,LA,HAMMOND,2026-08-27,,,2026,RV,New,709,12.6,2.37,gott,,0,11.99,102000,267000,true,,,13.99,Business First,Business First,0.45,0,,0,543220,,Source One Financial Services,AL,,0,0,LA105,Business First
252817,mlomedico,18367,144,Approved,Prestige RV Center - Shawnee - OK128,,OK,Shawnee,2026-08-27,2026-08-27,,2023,RV,Used,,14.8,1.68,jweller,,34,13.24,15000,15000,false,,,14.24,Silver 1,Silver 1,0.5,0,,0,36900,675,Source One Financial Services,OK, prestige finance,1,1,OK128,Silver
252810,hhisek,33286.54,144,Decline,"Ron Hoover Companies of Donna, Inc -Tx277",Ron Hoover,TX,Donna,2026-08-27,,,2027,RV,New,,39.47,3.92,gott,,41,12.49,5000,5391.93,false,,,13.49,Silver 1,Not Applicable,1.14,0,,0,29233,674,Connexus Credit Union,TX, julio pena,0,0,TX277,Not Applicable
252783,hhisek,249215.22,240,Approved,NXTLVL Marine - Fort Worth -  TX547,,TX,Fort Worth,2026-08-27,2026-08-27,,2026,Boat,New,,24.11,8.76,gott,,23,8.24,94000,94000,false,,,9.74,Core,Core,0.98,0,,0,254060,778,Source One Financial Services,TX, kandi ludwick,1,1,TX547,Core
252762,mlomedico,17064,180,Decline,BISH'S RV OF OMAHA - NE100,Bish's RV,NE,BELLEVUE,2026-08-27,,,2023,RV,Used,,76.81,2.57,dzilberchtein,,25,10.49,500,500,false,,,11.99,Core,Core,1.12,0,,0,15300,717,Source One Financial Services,CA, todd miillsap,0,0,NE100,Core
252891,eavila,13506.43,120,Approved,Colaw RV Sales -MO110,,MO,Carthage,2026-08-27,2026-08-27,,2026,RV,New,844,36.58,1.79,jweller,,12,7.49,0,0,false,,,8.99,Core,Core,0.65,0,,0,20698,836,Source One Financial Services,MO, hailey coss,1,1,MO110,Core
252829,pmeza,15161.73,144,Auto Approval,SUNRISE MARINE CENTER - AR109,,AR,SEARCY,2026-08-27,2026-08-27,,2027,Boat,New,,45.81,2.94,jweller,,223,9.49,5000,5000,false,,,10.99,Core,Core,1.06,0,,0,14322.06,749,Source One Financial Services,TX, makayla cheatham,1,1,AR109,Core
252744,,137462.22,240,Auto Decline,La Mesa RV Center - Davie - FL316,La Mesa,FL,Davie,2026-08-27,,,2026,RV,New,,41.84,7.67,pcarter,,0,14.99,1000,15820,false,,,15.99,Silver 2,Silver 2,0.89,0,,0,155045,626,Source One Financial Services,FL,,0,0,FL316,Silver
252835,,6038,48,Auto Decline,VERN EIDE MARINE - SD111,,SD,Sioux Falls,2026-08-27,,,2025,Boat,New,,59.22,4.56,dzilberchtein,,0,14.74,0,0,false,,,15.24,Silver 1,Silver 1,3.89,0,,0,1551,659,Source One Financial Services,SD,,0,0,SD111,Silver
252956,eavila,117885.88,240,Auto Approval,SUSQUEHANNA VALLEY RV - SELINSGROVE - PA115,,PA,SELINSGROVE,2026-08-27,2026-08-27,,2027,RV,New,759,37.02,7.97,jharrington1,,39,8.24,15000,18300,false,,,9.74,Core,Core,1.05,0,,0,112394,766,Source One Financial Services,PA, danielle wagner,1,1,PA115,Core
252889,eavila,13817.18,144,Decline,"EPIC FINANCE, LLC. - 17401748",EPIC,NC,WILMINGTON,2026-08-27,,,2011,RV,Used,660,63.02,1.84,S1House,,28,11.74,1500,1500,false,,,13.24,Core,Core,1.45,0,,0,9515,681,Source One Financial Services,AZ, mark roberts,0,0,17401748,Core
252789,rsimmons,11581.9,144,Decline,Liberty Trail RV - Sulphur Springs - TX580,,TX,Sulphur Springs,2026-08-27,,,2014,RV,Used,,41.87,2.07,gott,,43,15.49,1157,1157,false,,,16.49,Silver 1,Silver 1,1.54,0,,0,7500,650,Source One Financial Services,TX, shawn ketchum,0,0,TX580,Silver
252885,ccampos,14508.01,144,Conditional Approval,Campers Inn - Ocala - FL158,Campers Inn,FL,Ocala,2026-08-27,2026-08-27,,2021,RV,Used,,37.13,1.92,pcarter,,63,14.49,1400,1400,false,,,15.49,Silver 1,Silver 1,0.52,0,,0,28000,647,Source One Financial Services,FL, scott mckeever,1,1,FL158,Silver
252809,,33145.3,180,Auto Decline,Blue Compass RV - San Antonio - TX572,Blue Compass,TX,San Antonio,2026-08-27,,,2027,RV,New,,16.35,5.88,gott,,0,14.99,3400,3400,false,,,15.99,Silver 2,Silver 2,0.84,0,,0,39535,639,Source One Financial Services,TX,,0,0,TX572,Silver
252730,eavila,12434,144,Auto Approval,Cheyenne Camping Center - IA184,,IA,Walcott,2026-08-27,2026-08-27,,2019,RV,Used,,33.88,1.97,gcoulombe,,26,10.99,1400,1400,false,,,12.49,Core,Core,0.89,0,,0,13950,684,Source One Financial Services,IA, isabella craig,1,1,IA184,Core
252773,ahunt,21719,120,Auto Approval,RANGE RV - SCA118,,CA,HESPERIA,2026-08-27,2026-08-27,,2026,RV,New,,41.94,2.76,jrubi,,10,7.49,10000,10000,false,,,8.99,Core,Core,0.72,0,,0,30274,824,Source One Financial Services,CA,,1,1,SCA118,Core
252767,eavila,30352,216,Conditional Approval,HOWARD RV CENTER - NC145,,NC,Wilmington,2026-08-27,2026-08-27,,2025,RV,Used,832,49.97,3.96,jsmith,,312,7.24,179500,179500,false,,,8.74,Core,Core,0.16,0,,0,193950,874,Source One Financial Services,OH, dan hilton,1,1,NC145,Core
252827,,13006.93,84,Auto Decline,JOHNNY'S RV SUPERSTORE LLC - AL124,,AL,THEODORE,2026-08-27,,,2019,RV,Used,,40.36,8.42,jsmith,,0,16.24,2500,2500,false,,,17.24,Silver 2,Silver 2,1.15,0,,0,11330,630,Source One Financial Services,AL,,0,0,AL124,Silver
252908,mlomedico,123293.18,240,Conditional Approval,Lakeland RV -WI515,,WI,Milton,2026-08-27,2026-08-27,,2026,RV,New,753,20.87,4.37,dzilberchtein,,30,9.24,1000,20625.23,false,,,9.74,Core,Core,1.16,0,,0,106615,762,Source One Financial Services,WI, kevin schmidt,1,1,WI515,Core
252917,Jhill,64285,180,Decline,"Holman Motors, Inc. -OH111",,OH,Batavia,2026-08-27,,,2027,RV,New,,18.64,2.82,jharrington1,,8,13.74,13000,13000,false,,,14.74,Silver 1,Silver 1,1.02,0,,0,62795,649,Source One Financial Services,OH,,0,0,OH111,Silver
252717,sbaker,28275.62,180,Decline,HOWDY RANCH RV - TX315,,TX,Mathis,2026-08-27,,,2022,RV,Used,,38.66,7.08,gott,,22,10.74,2900,2900,false,,,12.24,Core,Core,1.57,0,,0,18050,698,Source One Financial Services,TX, ivy martinez,0,0,TX315,Core
252903,eavila,114446,240,Approved,RV SUPERCENTER - SCA145,,CA,MENIFEE,2026-08-27,2026-08-27,,2020,RV,Used,704,39.22,3.44,jrubi,,44,7.99,13000,13000,false,,,8.99,Core,Not Applicable,0.98,0,,0,116545,827,Connexus Credit Union,CA, veronica costa,1,1,SCA145,Not Applicable
252957,eavila,41414.25,180,Decline,VOGT RV CENTER 5301 - TX448,,TX,FORT WORTH,2026-08-27,,,2026,RV,New,,35.31,9.01,gott,,39,12.49,2000,2000,false,,,13.49,Silver 1,Silver 1,0.97,0,,0,42897,661,Source One Financial Services,TX, ty davidson,0,0,TX448,Silver
252752,sbaker,19956.13,144,Auto Approval,Lawrenceburg Marine - ETN108,EPIC,TN,Lawrenceburg,2026-08-27,2026-08-27,,2024,Boat,New,,37.04,3.07,S1House,,97,7.99,2020,2020,false,,,9.49,Core,Core,1.17,0,,0,17110,782,Source One Financial Services,TN, donavon evenson,1,1,ETN108,Core
252723,ccampos,64667,240,Auto Approval,NewCoast - Boatzon - FL356,Marine Max,FL,Oldsmar,2026-08-27,2026-08-27,,2022,Boat,Used,,25.69,4.33,S1House,,47,10.49,6500,6500,false,,,11.99,Core,Core,0.87,0,,0,74470,700,Source One Financial Services,MS, christopher rogers,1,1,FL356,Core
252706,ccampos,21761.77,120,Conditional Approval,Razorback Camper Sales-AR130,,AR,Hot Springs,2026-08-27,2026-08-27,,2026,RV,New,,6.45,5.34,jweller,,107,12.49,2500,2500,false,,,12.49,Silver 1,Not Applicable,0.84,0,,0,25829,649,Connexus Credit Union,AR, doug johnson,1,1,AR130,Not Applicable
252915,rsimmons,21827,180,Approved,"Amos Motor and RV, INC-OH216",,OH,Bradner,2026-08-27,2026-08-27,,2025,RV,Used,,27.2,5.55,jharrington1,,29,7.99,0,200,false,,,9.49,Core,Core,1.08,0,,0,20150,791,Source One Financial Services,OH, katie haughawout,1,1,OH216,Core
252849,avera,51289.22,216,Conditional Approval,D and H RV CENTER - NC117,,NC,APEX,2026-08-27,2026-08-27,,2026,RV,New,,40.6,8.36,jsmith,,45,7.49,500,500,false,,,8.99,Core,Core,1.2,0,,0,42590,828,Source One Financial Services,FL, david williams,1,1,NC117,Core
252680,lgrace,32881.72,180,Auto Approval,PERFORMANCE EAST - NC113,,NC,GOLDSBORO,2026-08-27,2026-08-27,,2027,Boat,New,,36.07,5.12,jsmith,,19,9.49,3400,3400,false,,,10.99,Core,Core,1.12,0,,0,29231,754,Source One Financial Services,NC, dalton pearce,1,1,NC113,Core
252678,sbaker,160043.57,180,Decline,Gulf Coast Marine -TX266,,TX,Corpus Christi,2026-08-27,,,2026,Boat,New,,43.78,16.53,gott,,15,9.74,8000,-2800,false,,,11.24,Core,Core,1.09,0,,0,146765.8,739,Source One Financial Services,TX, melisa dlabaja,0,0,TX266,Core
252913,pmeza,30079,180,Decline,Bourbon RV - MO167,,MO,Bourbon,2026-08-27,,,2023,RV,Used,671,77.04,4.22,jweller,,13,9.99,3000,3000,false,,,11.49,Core,Core,0.9,0,,0,33400,741,Source One Financial Services,MO, devian williams,0,0,MO167,Core
252774,Jhill,21150.04,180,Auto Approval,Campers Inn RV - Tucson - AZ365,Campers Inn,AZ,TUCSON,2026-08-27,2026-08-27,,2021,RV,Used,750,44.18,3.9,edominguez,,211,9.24,3600,163.43,false,,,10.74,Core,Core,1.21,0,,0,17450,773,Source One Financial Services,AZ, rob rhein,1,1,AZ365,Core
252740,hhisek,8498.5,60,Conditional Approval,SAVA RV - FL284,,FL,Fort Myers,2026-08-27,2026-08-27,,2018,RV,Used,,13.25,3.57,wstoutimore,,14,12.99,1000,1000,false,,,13.49,Core,Core,0.88,0,,0,9700,686,Source One Financial Services,PA, victoria childress,1,1,FL284,Core
252932,thovey,78000,120,Decline,HAPPY CAMPERS RV SALES and SERVICE - IN182,,IN,LAFAYETTE,2026-08-27,,,2025,RV,Used,,15.13,5.72,jharrington1,,30,22.99,0,0,false,,,23.99,Core,Core,1.16,0,,0,67250,762,Source One Financial Services,TX, jacob lebeau,0,0,IN182,Core
252921,mlomedico,20409.3,144,Auto Approval,Capital RV - Bismarck - ND119,Campers Inn,ND,Bismarck,2026-08-27,2026-08-27,,2022,RV,Used,711,29.46,1.49,dzilberchtein,,30,9.24,1000,1000,false,,,10.74,Core,Core,1.03,0,,0,19800,762,Source One Financial Services,ND, tyler biberdorf,1,1,ND119,Core
252899,lgrace,119999,180,Auto Approval,Grand Pointe Marina of Lansing - MI464,,MI,Dimondale,2026-08-27,2026-08-27,,2025,Boat,New,,16.81,13.37,dzilberchtein,,83,7.74,72000,72000,false,,,8.74,Core,Not Applicable,0.65,0,,0,184395,691,Ideal Credit Union,MI, patrick crowley,1,1,MI464,Not Applicable
252840,ccampos,17474.29,120,Decline,Rock Solid Funding LLC - TX536,RSF,TX,BEDFORD,2026-08-27,,,2020,RV,Used,,18.79,1.53,S1House,,47,13.24,900,900,false,,,14.24,Silver 1,Silver 1,0.81,0,,0,21450,677,Source One Financial Services,TX, serena pulliam,0,0,TX536,Silver
252698,Jhill,20607,144,Approved,"Holman Motors, Inc. -OH111",,OH,Batavia,2026-08-27,2026-08-27,,2026,RV,New,843,8.67,1.38,jharrington1,,11,7.49,56000,56000,false,,,8.99,Core,Core,0.25,0,,0,83387,841,Source One Financial Services,KY,,1,1,OH111,Core
252782,hhisek,117026.52,240,Approved,Budget RVs of Texas -TX109,,TX,Royse City,2026-08-27,2026-08-27,,2019,RV,Used,,46.2,7.74,gott,,297,8.24,12000,12000,false,,,9.24,Core,Not Applicable,0.96,0,,0,122150,821,Connexus Credit Union,TX, benny nordin,1,1,TX109,Not Applicable
252920,eavila,66029.76,204,Conditional Approval,Blue Compass RV - Reno - NV119,Blue Compass,NV,Reno,2026-08-27,2026-08-27,,2027,RV,New,,43.36,10.96,ljablonoski,,42,9.99,3000,3000,false,,,11.49,Core,Core,0.79,0,,0,83866,690,Source One Financial Services,NV, brina rounds,1,1,NV119,Core
252803,mlomedico,15515,144,Decline,GARLANDS RV OF TENNESSEE - TN122,,TN,SPRINGVILLE,2026-08-27,,,2017,RV,Used,,19.94,4.29,jsmith,,4,14.99,2000,2000,false,,,15.99,Silver 1,Silver 1,1.3,0,,0,11900,649,Source One Financial Services,TN, pat hayes,0,0,TN122,Silver
252933,jrubi,28920.69,220,Decline,BANNING RV DISCOUNT CENTER - SCA123,,CA,BANNING,2026-08-27,,,2027,RV,New,,85.42,4.65,jrubi,,41,7.99,2000,2000,false,,,9.49,Core,Core,1.21,0,,0,23986,784,Source One Financial Services,CA, alberto sanchez,0,0,SCA123,Core
252929,ccampos,27168.71,180,Auto Approval,Woody Futrell Marine & Aircraft - AR138,,AR,Nashville,2026-08-27,2026-08-27,,2026,Boat,New,,31.62,2.23,jweller,,44,10.24,2750,2750,false,,,11.74,Core,Core,1.08,0,,0,25109.07,685,Source One Financial Services,TX, mary balch,1,1,AR138,Core
252796,hhisek,104044.56,240,Conditional Approval,BLUE COMPASS RV - SOUTH HOUSTON  - TX421,Blue Compass,TX,Alvin,2026-08-27,2026-08-27,,2026,RV,New,719,14.62,1.33,gott,,9,9.24,10750,10750,false,,,10.74,Core,Core,0.99,0,,0,105295,725,Source One Financial Services,TX, frank carranza,1,1,TX421,Core
252670,lgrace,72904,180,Auto Approval,"Vantage Recreational Finance, Inc. -FL291",VRF,FL,FORT LAUDERDALE,2026-08-27,2026-08-27,,2011,RV,Used,,37.37,7.03,S1House,,302,11.24,7400,7400,false,,,12.24,Core,Core,0.73,0,,0,99300,729,Source One Financial Services,OH, linda lemire,1,1,FL291,Core
252757,,25524.65,180,Cancelled,SMITH MOTOR CO OF HATTIESBURG INC - MS107,,MS,HATTIESBURG,2026-08-27,,,2027,Boat,New,,0,0,jsmith,,,22.99,48000,48000,false,,,23.99,Bronze,Bronze,0.69,0,,0,36818.7,,Source One Financial Services,TN, lisa hartfield,0,0,MS107,Business First
252865,ccampos,29733.54,180,Decline,Rock Solid Funding LLC - TX536,RSF,TX,BEDFORD,2026-08-27,,,2017,RV,Used,716,42.02,4.49,S1House,,171,11.24,2800,2800,false,,,12.74,Core,Not Applicable,0.56,0,,0,53100,693,Ideal Credit Union,TX, caleb grassi,0,0,TX536,Not Applicable
252709,Jhill,29001.63,180,Decline,Blue Compass RV - Park City-KS117,Blue Compass,KS,Park City,2026-08-27,,,2022,RV,Used,,18.02,7.15,jweller,,26,13.24,1000,1000,false,,,14.24,Silver 1,Silver 1,1.1,0,,0,26455,679,Source One Financial Services,CO, hailli barnes,0,0,KS117,Silver
252805,,16814.15,120,Auto Decline,BISH'S RV OF OMAHA - NE100,Bish's RV,NE,BELLEVUE,2026-08-27,,,2016,RV,Used,,19.03,5.4,dzilberchtein,,0,16.24,2500,2500,false,,,17.24,Silver 2,Silver 2,0.88,0,,0,19135,637,Source One Financial Services,IA,,0,0,NE100,Silver
252743,rsimmons,24006,180,Auto Approval,"Campers Inn RV of South Louisville, Inc. - KY147",Campers Inn,KY,Lebanon Junction,2026-08-27,2026-08-27,,2021,RV,Used,,15.24,3.31,jharrington1,,20,9.99,3000,3000,false,,,11.49,Core,Core,0.97,0,,0,24700,760,Source One Financial Services,CA, david williams,1,1,KY147,Core
252924,hhisek,18618.81,144,Approved,Premier Yamaha Boating Center/Aransas -TX209,,TX,Aransas,2026-08-27,2026-08-27,,2018,Boat,Used,,23.49,2.09,gott,,3,10.99,2000,2000,false,,,12.49,Core,Core,0.91,0,,0,20550,706,Source One Financial Services,TX, paul mcminn,1,1,TX209,Core
252965,eavila,20817.93,180,Approved,RV's of Sacramento - NCA136,,CA,Elk Grove,2026-08-27,2026-08-27,,2026,RV,New,,44.22,2.38,jrubi,,23,9.49,0,0,false,,,10.99,Core,Core,1.21,0,,0,17197,758,Source One Financial Services,CA, branda morgan,1,1,NCA136,Core
252712,,21318.76,180,Auto Decline,San Antonio Rvs -TX265,,TX,Seguin,2026-08-27,,,2021,RV,Used,,21.82,3.88,gott,,0,22.99,2200,2200,false,,,23.99,Bronze,Bronze,0.99,0,,0,21450,585,Source One Financial Services,TX,,0,0,TX265,Business First
252769,,11633,144,Auto Decline,Salem RV Center Inc-PA118,,PA,Selinsgrove,2026-08-27,,,2019,RV,Used,621,19.93,2.01,jharrington1,,0,16.24,0,5000,false,,,17.24,Silver 2,Silver 2,0.61,0,,0,19110,625,Source One Financial Services,PA,,0,0,PA118,Silver
252901,,18170.64,120,Cancelled,RV DEPOT LLC - FL188,,FL,THONOTOSASSA,2026-08-27,,,2023,RV,Used,,0,0,wstoutimore,,,22.99,2000,2000,false,,,23.99,Bronze,Bronze,0.97,0,,0,18800,,Source One Financial Services,FL, valon topalli,0,0,FL188,Business First
252722,,22513.79,180,Auto Decline,San Antonio Rvs -TX265,,TX,Seguin,2026-08-27,,,2024,RV,Used,,49.24,4.09,gott,,0,22.99,2300,2300,false,,,23.99,Bronze,Bronze,0.72,0,,0,31295,495,Source One Financial Services,TX,,0,0,TX265,Business First
252877,lgrace,26610.5,180,Decline,REEDER TRAUSCH MARINES - IN187,,IN,ROCKVILLE,2026-08-27,,,2007,Boat,Used,,34.89,5.12,jharrington1,,56,14.74,1000,1000,false,,,15.74,Silver 1,Silver 1,1.38,0,,0,19340,664,Source One Financial Services,IL, dillon furry,0,0,IN187,Silver
252763,ccampos,57230.26,180,Auto Approval,TRIPLE H RVS - AL119,,AL,HALEYVILLE,2026-08-27,2026-08-27,,2027,RV,New,717,26.31,4.84,jsmith,,240,7.74,500,17500,false,,,8.49,Core,Not Applicable,0.69,0,,0,82387,739,Connexus Credit Union,AL, brian skelton,1,1,AL119,Not Applicable
252958,mlomedico,249005,240,Approved,TAYLORS BOATS INC - UT112,,UT,DRAPER,2026-08-27,2026-08-27,,2026,Boat,New,,26.19,2,ljablonoski,,73,8.99,38000,38000,false,,,10.49,Core,Core,1.07,0,,0,232483,748,Source One Financial Services,NV,,1,1,UT112,Core
252854,eavila,7613.98,84,Decline,BRETZ RV & MARINE - NAMPA - ID119,Bretz RV,ID,Nampa,2026-08-27,,,2015,RV,Used,683,27.64,1.37,ljablonoski,,25,11.99,4000,4000,false,,,12.49,Core,Core,0.87,0,,0,8800,710,Source One Financial Services,ID, blake kezar,0,0,ID119,Core
252766,lgrace,30070.48,180,Conditional Approval,GIANT RECREATION WORLD DAYTONA - FL176,,FL,Ormond Beach,2026-08-27,2026-08-27,,2025,RV,New,,38.02,4.36,pcarter,,16,12.49,3000,3000,false,,,13.49,Silver 1,Silver 1,0.71,0,,0,42519,662,Source One Financial Services,FL, peter feldmann,1,1,FL176,Silver
252728,Jhill,88625.86,180,Auto Approval,Austin Water Sports Inc dba Ski Dock -TX190,,TX,Austin,2026-08-27,2026-08-27,,2026,Boat,New,,48.46,8.94,gott,,14,8.74,5000,5000,false,,,10.24,Core,Core,1.04,0,,0,85330,780,Source One Financial Services,TX, kevin brown,1,1,TX190,Core
252679,Jhill,14848.8,120,Approved,Clear Creek Camping LLC-TX396,,TX,Abilene,2026-08-27,2026-08-27,,2023,RV,Used,,22.67,4.07,gott,,23,9.24,1400,1400,false,,,10.74,Core,Core,1.13,0,,0,13100,764,Source One Financial Services,TX, mark connally,1,1,TX396,Core
252758,,13953,120,Auto Decline,SAVA RV - FL284,,FL,Fort Myers,2026-08-27,,,2019,RV,Used,,60.15,5.54,wstoutimore,,0,22.99,10000,10000,false,,,23.99,Bronze,Bronze,0.65,0,,0,21500,610,Source One Financial Services,OK,,0,0,FL284,Business First
252884,rsimmons,49560.05,180,Decline,RGV RV SALES - TX569,,TX,Mission,2026-08-27,,,2027,RV,New,,20.14,5.39,gott,,33,12.49,5020,5020,false,,,13.49,Silver 1,Silver 1,1.04,0,,0,47496,666,Source One Financial Services,TX, aldo camarillo,0,0,TX569,Silver
252907,,78999,240,Auto Decline,"Vantage Recreational Finance, Inc. -FL291",VRF,FL,FORT LAUDERDALE,2026-08-27,,,2023,RV,Used,,28.28,6.98,S1House,,0,14.49,5000,5000,false,,,15.49,Silver 1,Silver 1,0.85,0,,0,93022,644,Source One Financial Services,AL,,0,0,FL291,Silver
252795,ccampos,91296.81,180,Decline,Bish's RV of Fairfield - SCA178,Bish's RV,CA,Fairfield,2026-08-27,,,2026,RV,New,701,21.52,7.36,jrubi,,221,10.24,7074,7074,false,,,11.74,Core,Not Applicable,1.13,0,,0,80770,723,Connexus Credit Union,CA, david mcclanahan,0,0,SCA178,Not Applicable
252868,eavila,36211.01,180,Decline,Blue Compass RV - South Beumont - TX551,Blue Compass,TX,Vidor,2026-08-27,,,2027,RV,New,,52.01,5.67,gott,,43,11.25,3800,3800,false,,,11.5,Silver 1,Not Applicable,0.78,0,,0,46404,679,Ideal Credit Union,TX, brett massey,0,0,TX551,Not Applicable
252694,Jhill,41816.18,180,Auto Approval,General RV - Fort Myers - FL240,General RV,FL,Fort Myers,2026-08-27,2026-08-27,,2026,RV,New,,31.66,11.28,wstoutimore,,266,9.5,10000,10000,false,,,10,Core,Not Applicable,0.75,0,,0,55495,686,Ideal Credit Union,FL, dustin knaggs,1,1,FL240,Not Applicable
252842,,23133,144,Auto Decline,GARLANDS RV OF TENNESSEE - TN122,,TN,SPRINGVILLE,2026-08-27,,,2026,RV,Used,,25.04,4.13,jsmith,,0,22.99,3000,3000,false,,,23.99,Bronze,Bronze,0.81,0,,0,28700,584,Source One Financial Services,TN,,0,0,TN122,Business First
252928,mlomedico,25091.5,180,Auto Approval,"Vantage Recreational Finance, Inc. -FL291",VRF,FL,FORT LAUDERDALE,2026-08-27,2026-08-27,,2023,Boat,Used,,31.44,3.32,S1House,,39,10.24,2500,2500,false,,,11.74,Core,Core,0.92,0,,0,27390,736,Source One Financial Services,NC, brian decastro,1,1,FL291,Core
252785,,13078.78,144,Auto Decline,Bob Hurley RV-Tulsa OK137,,OK,Tulsa,2026-08-27,,,2013,RV,Used,,52.75,3.22,jweller,,0,14.24,1000,1000,false,,,15.24,Silver 1,Silver 1,1.12,0,,0,11700,674,Source One Financial Services,OK,,0,0,OK137,Silver
252700,,36537,180,Auto Decline,Liberty RV-MO107,,MO,Liberty,2026-08-27,,,2026,RV,New,,18.34,6.32,jweller,,0,22.99,0,4750,false,,,23.99,Bronze,Bronze,0.97,0,,0,37723,618,Source One Financial Services,OH,,0,0,MO107,Business First
252672,lgrace,7680.44,60,Auto Approval,RCD RV - Medina - OH206,,OH,medina,2026-08-27,2026-08-27,,2012,RV,Used,,23.89,2.17,jharrington1,,9,13.49,750,750,false,,,13.99,Core,Core,0.62,0,,0,12400,696,Source One Financial Services,OH, nathan olesh,1,1,OH206,Core
252871,lgrace,39768.15,144,Conditional Approval,RV Value Mart-Bethlehem-PA125,,PA,Bath,2026-08-27,2026-08-27,,2026,RV,New,,25.99,7.15,jharrington1,,176,10.74,3900,3900,false,,,10.99,Silver 1,Not Applicable,0.85,0,,0,46928,666,Connexus Credit Union,PA, marty dieppa,1,1,PA125,Not Applicable
252799,rsimmons,14991.41,144,Decline,PRIMEAUX RV SUPERSTORE - ALEXANDRIA - LA101,,LA,ALEXANDRIA,2026-08-27,,,2019,RV,Used,,25.62,4.29,gott,,7,14.99,2000,2000,false,,,15.99,Silver 1,Silver 1,1.01,0,,0,14850,658,Source One Financial Services,LA, vaughn mcbride,0,0,LA101,Silver
252833,mlomedico,146492.5,240,Pending,Germaine Marine/Tige Performance LLC -AZ131,,AZ,Mesa,2026-08-27,2026-08-27,,2026,Boat,New,,33.76,3.61,edominguez,,159,8.24,20000,20000,false,,,9.74,Core,Core,1.05,0,,0,139735,780,Source One Financial Services,UT, adan brewer,0,0,AZ131,Core
252866,ccampos,18234.69,144,Auto Approval,RV DEPOT LLC - FL188,,FL,THONOTOSASSA,2026-08-27,2026-08-27,,2023,RV,Used,,18.51,1.53,wstoutimore,,99,14.49,2000,2000,false,,,15.49,Silver 1,Silver 1,0.75,0,,0,24400,655,Source One Financial Services,FL, valon topalli,1,1,FL188,Silver
252716,Jhill,30728,144,Decline,Ron Hoover RV & Marine - Oklahoma City - OK155,,OK,Oklahoma City,2026-08-27,,,2024,RV,Used,,50.44,11.84,jweller,,19,11.74,3000,3000,false,,,12.24,Core,Core,0.95,0,,0,32500,736,Source One Financial Services,OK, schyler dayton,0,0,OK155,Core
252749,mlomedico,23069.97,144,Decline,Dalton RV LLC-AR132,Warrior Performance,AR,Morrilton,2026-08-27,,,2026,RV,Used,,38.78,6.2,jweller,,28,12.49,0,4000,false,,,13.49,Silver 1,Silver 1,0.79,0,,0,29356,665,Source One Financial Services,AR, dave waters,0,0,AR132,Silver
252791,mnava,49252,180,Decline,SIMI RECREATIONAL VEHICLE SALES - SCA144,,CA,SIMI VALLEY,2026-08-27,,,2026,RV,New,,21.68,4.81,jrubi,,13,9.99,5000,5000,false,,,11.49,Core,Core,0.94,0,,0,52485,702,Source One Financial Services,CA,,0,0,SCA144,Core
252937,,38403,180,Auto Decline,COUNTY LINE CAMPERS - MS108,,MS,GULFPORT,2026-08-27,,,2021,RV,Used,552,41.73,5.17,jsmith,,0,22.99,4200,4200,false,,,23.99,Bronze,Bronze,0,0,,0,0,598,Source One Financial Services,MS,,0,0,MS108,Business First
252710,lgrace,37897.75,180,Auto Approval,Erie Marine Sales - OH234,,OH,Sheffield Lake,2026-08-27,2026-08-27,,2019,Boat,Used,,12.09,2.27,jharrington1,,13,8.49,4138.75,4138.75,false,,,9.99,Core,Core,0.85,0,,0,44770,860,Source One Financial Services,KS, shirley hetrick,1,1,OH234,Core
252703,rsimmons,60006.32,240,Auto Approval,Ron Hoover - Amarillo - TX513,Ron Hoover,TX,Amarillo,2026-08-27,2026-08-27,,2026,RV,New,,38.41,5.18,gott,,62,9.49,5000,5000,false,,,10.99,Core,Core,1.06,0,,0,56438,745,Source One Financial Services,TX, travis newsom,1,1,TX513,Core
252872,mlomedico,103773.07,240,Decline,Safe Harbor Emerald Coast - FL324,,FL,Santa Rosa Beach,2026-08-27,,,2027,Boat,New,,56.21,3.56,wstoutimore,,71,7.24,147000,147000,false,,,8.74,Core,Core,0.62,0,,0,167048,828,Source One Financial Services,FL, jeff henley,0,0,FL324,Core
252968,,13752,144,Pending,Giant RV - Montclair - SCA155,Giant RV,CA,Montclair,2026-08-27,,,2022,RV,Used,,35.13,2.36,jrubi,,,13.24,2000,2000,false,,,14.24,Silver 1,Silver 1,0.85,0,,0,16170,665,Source One Financial Services,CA,,0,0,SCA155,Silver
252948,mlomedico,20155.16,204,Conditional Approval,Blue Compass RV - Tyler - TX552,Blue Compass,TX,Tyler,2026-08-27,2026-08-27,,2026,RV,New,,45,2.3,gott,,48,10.24,15300,15300,false,,,11.74,Core,Core,0.51,0,,0,39359,699,Source One Financial Services,TX, brian vaseleck,1,1,TX552,Core
252686,ccampos,77513,240,Decline,MIDWEST MARINE BOAT CO - EMO113,EPIC,MO,Grandview,2026-08-27,,,2026,Boat,New,,104.49,16.33,S1House,,11,9.74,15000,15000,false,,,11.24,Core,Core,0.9,0,,0,86355.08,736,Source One Financial Services,MO, mia williams,0,0,EMO113,Core
252786,eavila,23960.95,180,Decline,Blue Compass RV - Surprise - AZ363,Blue Compass,AZ,Surprise,2026-08-27,,,2019,RV,Used,,14.71,2.68,edominguez,,10,16.24,2500,2500,false,,,17.24,Silver 1,Not Applicable,1.15,0,,0,20900,640,Source One,AZ, zachary lauer,0,0,AZ363,Not Applicable
252895,hhisek,180782.5,240,Conditional Approval,General RV - Tampa - FL238,General RV,FL,Dover,2026-08-27,2026-08-27,,2024,RV,Used,,26.01,8.01,wstoutimore,,56,7.24,31000,53902,false,,,8.74,Core,Core,1.11,0,,0,162483,853,Source One Financial Services,FL, sebastian beltran,1,1,FL238,Core
252857,eavila,22971.07,180,Approved,NORRIS MARINE - OK104,,OK,NORMAN,2026-08-27,2026-08-27,,2027,Boat,New,,39.49,2.4,jweller,,37,12.49,2500,2500,false,,,13.49,Silver 1,Silver 1,1.2,0,,0,19210,664,Source One Financial Services,OK,,1,1,OK104,Silver
252708,hhisek,58224.81,204,Auto Approval,Fun Town RV Ottawa LLC - KS125,Fun Town,KS,Ottawa,2026-08-27,2026-08-27,,2026,RV,New,629,31.84,5.9,jweller,,230,9.99,6850,6850.17,false,,,11.49,Core,Core,1.25,0,,0,46600,711,Source One Financial Services,KS, john lucas,1,1,KS125,Core
252861,rsimmons,59368.77,84,Conditional Approval,ROSS MOTORSPORTS INC - TX457,,TX,LUFKIN,2026-08-27,2026-08-27,,2021,Boat,Used,,30.92,10.61,gott,,23,10.74,0,6300,false,,,12.24,Core,Core,1.09,0,,0,54329,741,Source One Financial Services,TX, ryan williams,1,1,TX457,Core
252699,thovey,32599,180,Decline,"Vantage Recreational Finance, Inc. -FL291",VRF,FL,FORT LAUDERDALE,2026-08-27,,,2023,RV,Used,,16.77,2.03,S1House,,28,8.49,5000,5000,false,,,9.99,Core,Core,1.08,0,,0,30200,786,Source One Financial Services,VA, alphonzo bowe,0,0,FL291,Core
252684,Jhill,113543,240,Auto Approval,Docs Marine - ENC122,EPIC,NC,Hickory,2026-08-27,2026-08-27,,2026,Boat,New,,28.52,4.57,S1House,,212,7.24,30000,30000,false,,,8.74,Core,Core,0.98,0,,0,116301.37,863,Source One Financial Services,CA, mark roberts,1,1,ENC122,Core
252841,,21676.52,180,Auto Decline,OPTIMUM RV OCALA - FL162,Optimum RV,FL,OCALA,2026-08-27,,,2022,RV,Used,,45.03,4.58,pcarter,,0,14.49,2000,2000,false,,,15.49,Silver 1,Silver 1,1.05,0,,0,20680,646,Source One Financial Services,FL,,0,0,FL162,Silver
252671,,36864,180,Auto Decline,RV VALUE MART- PA101,,PA,MANHEIM,2026-08-27,,,2026,RV,New,,38.27,7.68,jharrington1,,0,22.99,10000,11000,false,,,23.99,Bronze,Bronze,0.88,0,,0,41738,603,Source One Financial Services,PA,,0,0,PA101,Business First
252828,Jhill,72557.4,204,Auto Approval,BLUE COMPASS RV - SOUTH HOUSTON  - TX421,Blue Compass,TX,Alvin,2026-08-27,2026-08-27,,2022,RV,Used,756,35.88,3.47,gott,,62,8.49,5000,5000,false,,,9.99,Core,Core,0.86,0,,0,84400,798,Source One Financial Services,TX, frank carranza,1,1,TX421,Core
252938,,67804.39,240,Auto Decline,Fun N Sun Sports Center - Cleburne -ETX116,EPIC,TX,Cleburne,2026-08-27,,,2022,Boat,Used,,50.16,19.14,S1House,,0,22.99,0,3835,false,,,23.99,Bronze,Bronze,1.13,0,,0,60000,557,Source One Financial Services,TX,,0,0,ETX116,Business First
252760,sbaker,37998.21,180,Approved,Southern Mud Sports LLC - AL165,,AL,Waverly,2026-08-27,2026-08-27,,2027,Boat,New,,21.53,4.87,jsmith,,12,9.49,5000,5000,false,,,10.99,Core,Core,1.16,0,,0,32771,741,Source One Financial Services,GA, jeff cantey,1,1,AL165,Core
252731,lgrace,150104.3,240,Pending,MarineMax - Ft. Myers - FL372,Marine Max,FL,Ft Myers,2026-08-27,,,2020,Boat,Used,,28.76,6.61,S1House,,,8.49,91500,91500,false,,,9.99,Core,Core,0.73,0,,0,204736,797,Source One Financial Services,FL, eric whipple,0,0,FL372,Core
252876,thovey,10089.75,144,Auto Approval,Dalton RV LLC-AR132,Warrior Performance,AR,Morrilton,2026-08-27,2026-08-27,,2018,RV,Used,788,16.18,0.73,jweller,,100,8.99,0,0,false,,,10.49,Core,Core,0.8,0,,0,12550,820,Source One Financial Services,AR, jimmy orapello,1,1,AR132,Core
252726,hhisek,83066.44,240,Decline,Fun Town RV - Texarkana - AR120,Fun Town,AR,Texarkana,2026-08-27,,,2026,RV,New,,16.25,6.05,jweller,,5,12.49,8200,15761,false,,,13.49,Silver 1,Silver 1,1,0,,0,82954,667,Source One Financial Services,TX, henry reyna,0,0,AR120,Silver
252960,eavila,50621.82,240,Conditional Approval,PRIMEAUX RV SUPERSTORE - CARENCRO - LA102,,LA,CARENCRO,2026-08-27,2026-08-27,,2026,RV,New,,41.67,5,gott,,38,9.99,2550,2567,false,,,11.49,Core,Core,1.24,0,,0,40697,706,Source One Financial Services,LA, shannon rogers,1,1,LA102,Core
252816,rsimmons,102387.42,240,Decline,RV DEPOT OF CLEBURNE - TX461,,TX,JOSHUA,2026-08-27,,,2015,RV,Used,,17.15,14.88,gott,,41,9.74,100000,100000,false,,,11.24,Core,Core,0.49,0,,0,207300,775,Source One Financial Services,DE, timothy harrison,0,0,TX461,Core
252808,pmeza,36119.67,204,Auto Approval,ROCKINGHAM MARINE - TN139,,TN,JOHNSON CITY,2026-08-27,2026-08-27,,2022,Boat,Used,,23.55,1.6,jsmith,,28,7.74,0,0,false,,,9.24,Core,Core,0.87,0,,0,41650,881,Source One Financial Services,GA, natalie hilton,1,1,TN139,Core
252863,hhisek,74927.05,240,Conditional Approval,Fun Town RV Factory Connect LLC-IN205,Fun Town,IN,Elkhart,2026-08-27,2026-08-27,,2026,RV,New,675,15.99,4.91,jharrington1,,29,12.49,27200,27200,false,,,13.49,Silver 1,Silver 1,0.81,0,,0,92227,676,Source One Financial Services,IN, trever rizor,1,1,IN205,Silver
252761,eavila,47127.98,204,Conditional Approval,Blue Compass RV - St. Louis - MO230,Blue Compass,MO,Eureka,2026-08-27,2026-08-27,,2027,RV,New,707,31.27,2.53,jweller,,13,7.49,12200,-5049.34,false,,,8.99,Core,Core,1.3,0,,0,36361.5,803,Source One Financial Services,MO, alex kennard,1,1,MO230,Core
252737,rsimmons,59842.62,240,Auto Approval,Premier Yamaha Boating Center/Aransas -TX209,,TX,Aransas,2026-08-27,2026-08-27,,2026,Boat,New,664,24.86,3.18,gott,,22,7.49,6500,6500,false,,,8.99,Core,Core,1.13,0,,0,53062.5,820,Source One Financial Services,TX, paul mcminn,1,1,TX209,Core
252802,rsimmons,10474.86,120,Decline,Liberty Trail RV - Sulphur Springs - TX580,,TX,Sulphur Springs,2026-08-27,,,2014,RV,Used,,42.24,2.44,gott,,19,22.99,1200,1200,false,,,23.99,Silver 1,Silver 1,1.4,0,,0,7500,650,Source One Financial Services,TX, shawn ketchum,0,0,TX580,Silver
252736,,104138.93,240,Auto Decline,PPL MOTORHOMES - SUMMERFIELD - FL194,,FL,SUMMERFIELD,2026-08-27,,,2020,RV,Used,,34.04,13.41,pcarter,,0,15.74,15000,15000,false,,,16.74,Silver 2,Silver 2,0.79,0,,0,131385,636,Source One Financial Services,TX,,0,0,FL194,Silver
252755,hhisek,32011.09,180,Decline,RGV RV SALES - TX569,,TX,Mission,2026-08-27,,,2022,RV,Used,,51.28,3.76,gott,,8,9.99,0,0,false,,,11.49,Core,Core,1.13,0,,0,28450,756,Source One Financial Services,TX, aldo camarillo,0,0,TX569,Core
252832,mnava,23778.56,204,Approved,Blue Compass RV - Springfield - MO229,Blue Compass,MO,Strafford,2026-08-27,2026-08-27,,2021,RV,Used,,46.6,4.24,jweller,,35,9.74,2300,2300,false,,,11.24,Core,Core,1.18,0,,0,20200,730,Source One Financial Services,IL, blaine sherrill,1,1,MO229,Core
252765,hhisek,39147.55,204,Auto Approval,Fun Town RV Amarillo - TX508,Fun Town,TX,Amarillo,2026-08-27,2026-08-27,,2027,RV,New,,37.73,3.46,gott,,11,9.74,0,0,false,,,11.24,Core,Core,0.97,0,,0,40384,723,Source One Financial Services,NM, eric adams,1,1,TX508,Core
252790,Jhill,37385.86,180,Contract Received,Gil Cherry Family RV Center LLC -TX130,,TX,Sweetwater,2026-08-27,2026-08-27,,2025,RV,New,,17.12,2.46,gott,,52,7.49,4000,4000,false,,13,8.99,Core,Core,0.99,0,,0,37842,833,Source One Financial Services,TX, zach burwick,1,1,TX130,Core
252696,ccampos,40606.67,180,Auto Approval,Uwharrie RV  (740 Motors) - NC125,,NC,Albemarle,2026-08-27,2026-08-27,,2025,RV,New,,8.33,1.93,jsmith,,72,10.24,4000,4419.8,false,,,11.74,Core,Core,1.08,0,,0,37493,699,Source One Financial Services,NC, marko stamatovich,1,1,NC125,Core
252704,sbaker,62159,240,Auto Approval,Marker 17 Marine LLC - ENC113,EPIC,NC,Wilmington,2026-08-27,2026-08-27,,2022,Boat,Used,848,25.63,2.54,S1House,,249,7.99,40000,40000,false,,,8.99,Core,Core,0.74,0,,0,83860,807,Source One Financial Services,NC, brett light,1,1,ENC113,Core
252768,mlomedico,42709.67,180,Auto Approval,RV STATION-INEZ TX443,,TX,INEZ,2026-08-27,2026-08-27,,2026,RV,New,,18.58,5.8,gott,,48,12.49,1400,12400,false,,,13.49,Silver 1,Silver 1,1.2,0,,0,35662,676,Source One Financial Services,TX, alan marquez,1,1,TX443,Silver
252675,avera,17515.29,120,Approved,RV DEPOT LLC - FL188,,FL,THONOTOSASSA,2026-08-27,2026-08-27,,2019,RV,Used,,19.46,1.69,wstoutimore,,20,8.99,5000,5000,false,,,10.49,Core,Core,0.75,0,,0,23300,792,Source One Financial Services,FL, valon topalli,1,1,FL188,Core
252714,sbaker,60041.47,180,Auto Approval,Ashley Marine LLC - Stapleton - AL168,,AL,Stapleton,2026-08-27,2026-08-27,,2022,Boat,Used,,40.42,4.52,jsmith,,10,10.49,1100,3100,false,,,11.99,Core,Core,0.97,0,,0,61999,707,Source One Financial Services,AL, joey hawkins,1,1,AL168,Core
252804,eavila,14314.84,144,Auto Approval,OPTIMUM RV OCALA - FL162,Optimum RV,FL,OCALA,2026-08-27,2026-08-27,,2018,RV,Used,,29.06,3.78,pcarter,,149,10.49,2000,2000,false,,,11.99,Core,Core,1.26,0,,0,11400,756,Source One Financial Services,FL, michael buskey,1,1,FL162,Core
252916,pmeza,32254.69,180,Conditional Approval,Blue Compass RV - St. Louis - MO230,Blue Compass,MO,Eureka,2026-08-27,2026-08-27,,2026,RV,New,,32.04,5.58,jweller,,54,7.74,3000,3000,false,,,8.74,Core,Not Applicable,0.88,0,,0,36517,728,Connexus Credit Union,IL, alex kennard,1,1,MO230,Not Applicable
252867,avera,45407,240,Pending,Warrior Financial - OH236,Warrior Performance,OH,Columbus,2026-08-27,,,2022,RV,Used,,17.61,4.59,jharrington1,,,7.99,17200,17200,false,,,9.49,Core,Not Applicable,1,0,,0,45550,802,Connexus Credit Union,SD, nate rose,0,0,OH236,Not Applicable
252705,ccampos,115021.62,240,Conditional Approval,Campers Inn RV of Knoxville E - TN160,Campers Inn,TN,Knoxville,2026-08-27,2026-08-27,,2027,RV,New,,33.37,12.4,jsmith,,126,7.74,9300,19300,false,,,8.74,Core,Not Applicable,1.01,0,,0,114283,785,Connexus Credit Union,AL, radu puraci,1,1,TN160,Not Applicable
252806,mnava,49508.43,180,Conditional Approval,THRILLS RV - IN194,,IN,COLUMBIA CITY,2026-08-27,2026-08-27,,2027,RV,New,636,23.47,2.65,jharrington1,,167,7.74,5000,5000,false,,,8.74,Core,Not Applicable,0.93,0,,0,53110,732,Connexus Credit Union,IN, josh mould,1,1,IN194,Not Applicable
252839,,17293,144,Auto Decline,Foothills Marine of Lake Norman- NC144,,NC,Mooresville,2026-08-27,,,2026,Boat,New,,46.8,3.69,jsmith,,0,13.74,2000,2000,false,,,14.74,Silver 1,Silver 1,1.06,0,,0,16385,651,Source One Financial Services,NC,,0,0,NC144,Silver
252961,,29279.23,204,Auto Decline,BLUE COMPASS RV - CORPUS CHRISTI - TX459,Blue Compass,TX,CORPUS CHRISTI,2026-08-27,,,2027,RV,New,,9.26,2.63,gott,,0,14.99,3000,3000,false,,,15.99,Silver 2,Silver 2,0.94,0,,0,31060.5,631,Source One Financial Services,TX,,0,0,TX459,Silver
252727,Jhill,14334.57,144,Decline,Blue Compass RV - Hickory - NC156,Blue Compass,NC,Claremont,2026-08-27,,,2023,RV,Used,,24.31,4.16,jsmith,,11,10.74,1400,1400,false,,,12.24,Core,Core,1.09,0,,0,13100,682,Source One Financial Services,NC, nathan mcpherson,0,0,NC156,Core
252778,hhisek,92613.75,216,Auto Approval,Fun Town RV - Las Vegas - NV116,Fun Town,NV,Las Vegas,2026-08-27,2026-08-27,,2027,RV,New,637,38.59,9.08,ljablonoski,,150,8.74,0,10091.87,false,,,10.24,Core,Core,0.97,0,,0,95383,798,Source One Financial Services,NV, julie ronquillo,1,1,NV116,Core
252770,sbaker,89207.39,240,Approved,Nice Campers.com-AR129,,AR,Russellville,2026-08-27,2026-08-27,,2026,RV,New,696,32.49,6.15,jweller,,16,7.74,10000,10000,false,,,9.24,Core,Core,0.98,0,,0,91189,794,Source One Financial Services,AR, mike dolente,1,1,AR129,Core
252754,,10775,144,Auto Decline,American Marine - La Crosse - WI417,,WI,La Crosse,2026-08-27,,,2014,Boat,Used,,47.39,4.34,dzilberchtein,,0,16.74,1000,1000,false,,,17.74,Silver 2,Silver 2,0.52,0,,0,20880,624,Source One Financial Services,OK,,0,0,WI417,Silver
252967,,48223.94,180,Pending,General Rv Center - Huntley IL - IL234,General RV,IL,Huntley,2026-08-27,,,2018,RV,Used,634,48.15,3.99,gcoulombe,,,10.49,6000,6000,false,,,11.99,Core,Core,1.24,0,,0,38850,748,Source One Financial Services,IL,,0,0,IL234,Core
252784,Jhill,29699.4,144,Auto Approval,ROYS RV SUPERCENTER LLC - WV101,,WV,ELKINS,2026-08-27,2026-08-27,,2026,RV,New,,48.6,2.98,jharrington1,,28,8.74,0,0,false,,,10.24,Core,Core,0.95,0,,0,31344.08,780,Source One Financial Services,WV, aaron harlan,1,1,WV101,Core
252836,lgrace,18336.59,180,Auto Approval,GREAT AMERICAN RV SUPERSTORE- FL224,,FL,DEFUNIAK SPRINGS,2026-08-27,2026-08-27,,2024,RV,Used,,29.6,2.65,wstoutimore,,9,9.74,5000,5000,false,,,11.24,Core,Core,0.89,0,,0,20500,724,Source One Financial Services,FL, debbie fischer,1,1,FL224,Core
252695,lgrace,71331.35,240,Approved,OWENSBORO RV - KY119,,KY,OWENSBORO,2026-08-27,2026-08-27,,2026,RV,New,,27.5,8.78,jharrington1,,7,7.49,15000,15000,false,,,8.99,Core,Core,0.96,0,,0,74630,798,Source One Financial Services,IN, scott stacy,1,1,KY119,Core
252818,rsimmons,42599.22,180,Conditional Approval,GREAT AMERICAN RV SUPERSTORE-BREAUX BRIDGE - LA104,,LA,BREAUX BRIDGE,2026-08-27,2026-08-27,,2027,RV,New,,24.65,6.23,gott,,15,13.74,4198,4198,false,,,14.74,Silver 1,Silver 1,1.02,0,,0,41800,660,Source One Financial Services,LA, james duos,1,1,LA104,Silver
252756,,67707.16,180,Auto Decline,Minneapolis Trailer Sales - MN824,,MN,Rogers,2026-08-27,,,2026,RV,New,670,48.91,5.54,dzilberchtein,,0,22.99,7500,7500,false,,,23.99,Bronze,Bronze,1.24,0,,0,54395,544,Source One Financial Services,NJ,,0,0,MN824,Business First
252966,,34000,180,Pending,Giant RV - Montclair - SCA155,Giant RV,CA,Montclair,2026-08-27,,,2023,RV,Used,,33.67,7.34,jrubi,,,7.99,1200,1200,false,,,9.49,Core,Core,0.9,0,,0,37730,844,Source One Financial Services,CA,,0,0,SCA155,Core
252906,eavila,99673.74,216,Auto Approval,BISH'S RV OF GREAT FALLS - MT104,Bish's RV,MT,GREAT FALLS,2026-08-27,2026-08-27,,2026,RV,New,659,44.18,7.94,dzilberchtein,,54,8.74,5000,14848.59,false,,,10.24,Core,Core,1,0,,0,99661,769,Source One Financial Services,MT, dylan higgins,1,1,MT104,Core
252814,ccampos,30581.2,180,Auto Approval,MILLERS MARINE - FL178,,FL,OCALA,2026-08-27,2026-08-27,,2025,Boat,New,620,31.61,4.15,pcarter,,16,12.49,11200,11200,false,,,13.49,Silver 1,Silver 1,1.19,0,,0,25620.28,661,Source One Financial Services,VA, johnmichael zayas,1,1,FL178,Silver
252674,rsimmons,20696.85,144,Auto Approval,Clear Creek Camping LLC-TX396,,TX,Abilene,2026-08-27,2026-08-27,,2025,RV,Used,,25.12,3.95,gott,,108,9.74,2000,2000,false,,,11.24,Core,Core,1.1,0,,0,18850,736,Source One Financial Services,TX, mark connally,1,1,TX396,Core
252852,,67707.16,180,Auto Decline,Minneapolis Trailer Sales - MN824,,MN,Rogers,2026-08-27,,,2026,RV,New,,89.15,17.81,dzilberchtein,,20,22.99,7500,7500,false,,,23.99,Bronze,Silver 1,1.24,0,,0,54395,670,Source One Financial Services,NJ, ricky carlson,0,0,MN824,Business First
252780,,73738.92,240,Auto Decline,Fun Town RV Ottawa LLC - KS125,Fun Town,KS,Ottawa,2026-08-27,,,2026,RV,New,,39.64,6.01,jweller,,0,22.99,5000,5000,false,,,23.99,Bronze,Bronze,0.95,0,,0,77470,617,Source One Financial Services,TX,,0,0,KS125,Business First
252881,Jhill,31162.52,180,Approved,Keystone RV Center  - PA110,Pete's RV,PA,Greencastle,2026-08-27,2026-08-27,,2026,RV,New,682,25.4,5.19,jharrington1,,50,12.49,5000,5000,false,,,13.49,Silver 1,Silver 1,0.76,0,,0,40949,668,Source One Financial Services,PA, jen habina,1,1,PA110,Silver
252844,lgrace,34631.61,144,Decline,Pete's RV Center - Chesapeake - VA113,Pete's RV,VA,Chesapeake,2026-08-27,,,2021,RV,Used,,18.55,7.12,jsmith,,79,14.49,10000,10000,false,,,15.49,Silver 1,Not Applicable,0.85,0,,0,40800,645,Connexus Credit Union,VA, jason loper,0,0,VA113,Not Applicable
252741,pmeza,37610.45,204,Approved,Colaw RV Sales -MO110,,MO,Carthage,2026-08-27,2026-08-27,,2018,RV,Used,717,44.19,3.39,jweller,,40,9.99,0,0,false,,,11.24,Core,Core,0.88,0,,0,42950,720,Source One Financial Services,MO, hailey coss,1,1,MO110,Core
252894,rsimmons,37650.6,180,Decline,Big D Marine and Powersports -TX205,,TX,Huntsville,2026-08-27,,,2026,Boat,New,,39.16,3.14,gott,,17,13.74,0,0,false,,,14.74,Silver 1,Silver 1,1.36,0,,0,27761,657,Source One Financial Services,TX, ronald brown,0,0,TX205,Silver
252855,ccampos,104025.3,240,Decline,Thunder Marine,EPIC,FL,St. Petersburg,2026-08-27,,,2026,Boat,New,,18.65,3.29,S1House,,147,9.74,34000,34000,false,,,11.24,Core,Not Applicable,0.92,0,,0,112780,739,Connexus Credit Union,FL, sierra whitmire,0,0,EFL130,Not Applicable
252735,Jhill,135442.56,240,Auto Approval,Rock Outdoors - NC151,,NC,Lexington,2026-08-27,2026-08-27,,2026,Boat,New,,18.71,1.92,jsmith,,38,7.24,18000,18000,false,,,8.74,Core,Core,1.38,0,,0,97960,828,Source One Financial Services,NC, dennis peters,1,1,NC151,Core
252713,eavila,16796.21,120,Contract Received,Thomas RV and Auto Sales - AR118,,AR,Searcy,2026-08-27,2026-08-27,,2021,RV,Used,639,18.82,1.49,jweller,,427,14.49,2000,2000,false,,16,15.49,Silver 1,Silver 1,1.08,0,,0,15500,649,Source One Financial Services,AR, chris moffit,1,1,AR118,Silver
252682,,103906.41,240,Auto Decline,CAMPERS INN RV OF RALEIGH INC - NC109,Campers Inn,NC,SELMA,2026-08-27,,,2026,RV,New,,63.93,22.43,jsmith,,0,9.49,0,13063.67,false,,,10.99,Core,Core,1.28,0,,0,81074.2,752,Source One Financial Services,NC,,0,0,NC109,Core
252954,edominguez,53330,180,Decline,BOBBY COMBS RV CENTER - HAYDEN - ID105,,ID,HAYDEN,2026-08-27,,,2024,RV,Used,,53.05,14.09,ljablonoski,,27,10.24,0,0,false,,,11.74,Core,Core,1.14,0,,0,46950,693,Source One Financial Services,ID,,0,0,ID105,Core
252878,avera,24983,144,Auto Approval,American Campers - WV110,,WV,Mount Hop,2026-08-27,2026-08-27,,2025,RV,New,,32.54,7.57,jharrington1,,21,9.49,3000,3000,false,,,10.99,Core,Core,1.02,0,,0,24398,751,Source One Financial Services,WV,,1,1,WV110,Core
252918,ccampos,36785.58,180,Approved,A and L RV SALES LLC -Chocowinity - NC120,,NC,CHOCWINITY,2026-08-27,2026-08-27,,2026,RV,New,679,37.26,4.31,jsmith,,37,10.24,4500,4500,false,,,11.74,Core,Core,0.99,0,,0,37304,695,Source One Financial Services,NC, tina rose,1,1,NC120,Core
252729,lgrace,35700.48,180,Approved,NewCoast - Boatzon - FL356,Marine Max,FL,Oldsmar,2026-08-27,2026-08-27,,2026,RV,New,,27.76,3.63,S1House,,7,7.49,2000,2000,false,,,8.99,Core,Core,1.07,0,,0,33381,861,Source One Financial Services,VA, dan welte,1,1,FL356,Core
252945,,38403,180,Auto Decline,COUNTY LINE CAMPERS - MS108,,MS,GULFPORT,2026-08-27,,,2021,RV,Used,,54.57,14.71,jsmith,,13,22.99,4200,4200,false,,,23.99,Bronze,Bronze,0,0,,0,0,598,Source One Financial Services,MS,,0,0,MS108,Business First
252797,eavila,35809,180,Decline,"Vantage Recreational Finance, Inc. -FL291",VRF,FL,FORT LAUDERDALE,2026-08-27,,,2016,RV,Used,,53.33,11.23,S1House,,24,11.24,3890,3890,false,,,12.74,Core,Core,0.89,0,,0,40310,682,Source One Financial Services,MT, jennifer richter,0,0,FL291,Core
252692,hhisek,55916.83,120,Conditional Approval,Blue Compass RV - South Beumont - TX551,Blue Compass,TX,Vidor,2026-08-27,2026-08-27,,2021,RV,Used,,48.66,5.82,gott,,377,8.55,0,6106.8,false,,,9.55,Silver 1,Not Applicable,0.86,0,,0,64900,672,Ideal Credit Union,TX, brett massey,1,1,TX551,Not Applicable
252959,,141690.05,240,Auto Decline,SKYRIVER RV - FRESNO - NCA138,SkyRiver,CA,Fresno,2026-08-27,,,2026,RV,New,,55.55,23.03,jrubi,,35,22.99,5000,5000,false,,,23.99,Bronze,Core,1.14,0,,0,124219.18,765,Source One Financial Services,CA, julien castillo,0,0,NCA138,Business First
252927,mlomedico,80064.64,240,Decline,BRETZ RV & MARINE - BOISE - ID118,Bretz RV,ID,Boise,2026-08-27,,,2020,Boat,Used,,33.59,3.38,ljablonoski,,21,13.24,5000,35264.15,false,,,14.24,Silver 1,Silver 1,0.84,0,,0,95117,667,Source One Financial Services,ID, kaymbree lauer,0,0,ID118,Silver
252864,,27927.7,180,Auto Decline,GREAT AMERICAN RV SUPERSTORE-TUPELO - MS114,,MS,BELDEN,2026-08-27,,,2018,RV,Used,,83.17,8.09,jsmith,,0,13.74,2700,2700,false,,,14.74,Silver 1,Silver 1,0.97,0,,0,28800,678,Source One Financial Services,MS,,0,0,MS114,Silver
252801,ahunt,89118.39,180,Auto Approval,GREAT AMERICAN RV SUPERSTORE-HATTIESBURG - MS113,,MS,HATTIESBURG,2026-08-27,2026-08-27,,2026,RV,New,,13.54,2.17,jsmith,,72,8.74,500,500,false,,,10.24,Core,Core,1.07,0,,0,82980,780,Source One Financial Services,TN, ryan campbell,1,1,MS113,Core
252923,pmeza,44239.54,240,Auto Approval,RV's of Sacramento - NCA136,,CA,Elk Grove,2026-08-27,2026-08-27,,2026,RV,New,810,46.07,1.87,jrubi,,21,7.24,0,22300,false,,,8.74,Core,Core,0.77,0,,0,57502,802,Source One Financial Services,CA, branda morgan,1,1,NCA136,Core
252896,hhisek,29464.82,180,Approved,Southern Mud Sports of Huntsville - AL167,,AL,Athens,2026-08-27,2026-08-27,,2026,Boat,New,,17.11,4.43,jsmith,,19,9.99,3000,3000,false,,,11.49,Core,Core,1.09,0,,0,27025,718,Source One Financial Services,MO, jeff cantey,1,1,AL167,Core
252820,ahunt,40153.52,180,Auto Approval,Moix RV - Hot Springs Landing LLC - AR135,,AR,Hot Springs,2026-08-27,2026-08-27,,2026,RV,New,,39.97,8.85,jweller,,363,9.74,2500,5758.54,false,,,11.24,Core,Core,1.2,0,,0,33513,725,Source One Financial Services,AR, brayden fisher,1,1,AR135,Core
252751,ccampos,208733,240,Auto Approval,MarineMax - Charleston - SC154,Marine Max,SC,Charleston,2026-08-27,2026-08-27,,2026,Boat,New,,34.52,5.38,S1House,,147,7.49,21000,-22000,false,,,8.99,Core,Core,1.5,0,,0,139575,829,Source One Financial Services,SC, eddie nuttall,1,1,SC154,Core
252825,rsimmons,14776.44,180,Auto Decline,Ron Hoover - Odessa - TX495,Ron Hoover,TX,Odessa,2026-08-27,,,2019,RV,Used,,48.02,2.93,gott,,16,13.74,5800,5800,false,,,14.74,Silver 1,Silver 1,1.21,0,,0,12230,661,Source One Financial Services,NM, dexter traylor,0,0,TX495,Silver
252813,lgrace,97510.85,240,Decline,ANGLERS CHOICE - LEXINGTON - NC101,,NC,LEXINGTON,2026-08-27,,,2026,Boat,New,591,7.21,6.96,jsmith,,6,9.99,30000,30000,false,,,11.49,Core,Core,0.86,0,,0,113136,718,Source One Financial Services,NC, lee parker,0,0,NC101,Core