Applicationid,Underwriter,Amountfinanced,Term,Status,Dealername,Dealergroup,Dealerstate,Dealercity,Applicationdate Date,Approvaldate Date,Bookeddate Date,Collateralyear,Collateraltype,Collateralnewused,Coficoauto8,Dti,Pti,Dealerrepresentative,Timetobook,Timetodecision,Dealerminimumrate,Cashdown,Totaldown,Isbusinessapp,Timetolastfund,Timetolastdecisiontolastcontract,Apr,Programmanual,Programdefault,Ltv,Dealerreserveamount,Dealerreservepercent,Backend,Invoice,Primaryficoauto8,Lender,Primarystate,Applicationsubmitteduser,Wasapproved,Wasapprovednotbooked,Clientdealerid,Class
251690,eavila,30901.07,204,Booked,Fun Town RV-Denton -TX322,Fun Town,TX,Denton,2026-08-22,2026-08-29,2026-08-30,2026,RV,New,666,36.79,2.32,gott,11627,10123,8.99,2500,2500,false,8,1496,10.49,Core,Core,1.25,1854.06,6,0,24817,744,Source One Financial Services,TX, douglas santos,1,0,TX322,Core
251593,eavila,70300,240,Decline,MY RV SD - SCA112,,CA,EL CAJON,2026-08-22,,,2027,RV,New,,6.67,6.53,jrubi,,32,8.74,10000,10000,false,,,10.24,Core,Not Applicable,0.97,0,,0,72129,772,Connexus Credit Union,CA,,0,0,SCA112,Not Applicable
251500,mlomedico,46786,240,Contract Received,BAY MARINE INC - GA103,,GA,KENNESAW,2026-08-22,2026-09-03,,2023,Boat,New,,21.87,3.23,jsmith,,17481,10.49,7000,7000,false,,7,10.99,Core,Core,0.82,0,,0,57025,702,Source One Financial Services,GA, angi bruton,1,1,GA103,Core
251407,lgrace,29506.54,204,Booked,Ultimate Marine - EFL121,EPIC,FL,Orlando,2026-08-22,2026-08-31,2026-09-02,2026,Boat,New,,43.12,3.23,S1House,16278,13241,12.49,2800,2800,false,208,2829,13.49,Silver 1,Silver 1,1.09,1180.26,4,0,27065,672,Source One Financial Services,FL, donavon evenson,1,0,EFL121,Silver
251580,eavila,55054,144,Decline,Campinc LLC - OK110,,OK,McAlester,2026-08-22,,,2024,RV,New,,81.36,9.97,jweller,,8,10.24,0,105,false,,,11.74,Core,Core,1.19,0,,0,46209,693,Source One Financial Services,OK, jack elgin,0,0,OK110,Core
251507,hhisek,75782.58,180,Decline,Harvey RV and Marine - ME112,,ME,Glenburn,2026-08-22,,,2026,RV,New,662,43.58,7.97,gcoulombe,,7,10.24,4500,8500,false,,,11.74,Core,Core,0.98,0,,0,77035,691,Source One Financial Services,ME, tony shorey,0,0,ME112,Core
251513,ahunt,22945,144,Auto Approval,Bills Happy Camper Rv LLC-PA135,Warrior Performance,PA,Mill Hall,2026-08-22,2026-08-22,,2027,RV,New,,16.54,2.42,jharrington1,,85,9.74,0,0,false,,,11.24,Core,Core,1.08,0,,0,21148,737,Source One Financial Services,PA, nate rose,1,1,PA135,Core
251633,mlomedico,63121.75,204,Booked,Blue Compass RV - Prescott Valley - AZ362,Blue Compass,AZ,PRESCOTT VALLEY,2026-08-22,2026-08-25,2026-08-27,2021,RV,Used,,44.8,14.17,edominguez,7304,4532,10.74,6000,6000,false,2772,0,12.24,Core,Core,1.05,3787.3,6,0,60300,685,Source One Financial Services,AZ, michael bennett,1,0,AZ362,Core
251497,mlomedico,39396.22,220,Auto Approval,Petes RV Center - PA105,Pete's RV,PA,MOUNTVILLE,2026-08-22,2026-08-22,,2021,RV,Used,793,29.87,2.55,jharrington1,,11,7.99,500,11850,false,,,9.49,Core,Core,0.8,0,,0,49550,832,Source One Financial Services,PA, christine hamilton,1,1,PA105,Core
251578,mlomedico,45494.41,240,Decline,BYRON POWERSPORTS LLC - GA140,,GA,BYRON,2026-08-22,,,2027,RV,New,702,36.05,2.91,jsmith,,8,9.99,0,40000,false,,,11.49,Core,Core,0.6,0,,0,76230,720,Source One Financial Services,GA, tom bulger,0,0,GA140,Core
251499,lgrace,16967,144,Decline,Campers Inn of Chichester - NH103,Campers Inn,NH,Chichester,2026-08-22,,,2027,RV,New,679,57.66,1.34,gcoulombe,,6,10.24,500,500,false,,,11.74,Core,Core,0.98,0,,0,17236,683,Source One Financial Services,NH, david keller,0,0,NH103,Core
251481,mlomedico,20334.06,144,Booked,RV There Yet - Davenport - FL323,,FL,Davenport,2026-08-22,2026-08-28,2026-08-28,2021,RV,Used,,27.8,2.61,pcarter,8874,8783,9.99,2000,2000,false,89,2,11.49,Core,Core,1.21,1220.04,6,0,16750,755,Source One Financial Services,FL, luis camacho,1,0,FL323,Core
251566,,71318.22,240,Auto Decline,THRILLS RV - IN194,,IN,COLUMBIA CITY,2026-08-22,,,2027,RV,New,,45.4,14.13,jharrington1,,0,18.24,8000,8000,false,,,19.24,Silver 2,Silver 2,0.87,0,,0,81863,620,Source One Financial Services,TX,,0,0,IN194,Silver
251447,hhisek,15869.75,120,Decline,CAMPERS RV CENTER - LA103,,LA,SHREVEPORT,2026-08-22,,,2024,RV,New,,72.75,5.26,gott,,4,7.49,0,9500,false,,,8.99,Core,Core,0.58,0,,0,27570,835,Source One Financial Services,LA, dustin pinkston,0,0,LA103,Core
251483,,59238.9,240,Auto Decline,La Mesa RV Center - Sanford - FL315,La Mesa,FL,Sanford,2026-08-22,,,2024,RV,Used,,33.91,9.42,pcarter,,0,22.99,50000,50000,false,,,23.99,Bronze,Bronze,0.54,0,,0,110660,595,Source One Financial Services,FL,,0,0,FL315,Business First
251663,,22665.61,144,Auto Decline,Fun Town Rv/Angelo RV LLC -TX247,Fun Town,TX,San Angelo,2026-08-22,,,2023,RV,Used,,34.12,5.38,gott,,0,15.74,0,0,false,,,16.74,Silver 2,Silver 2,0.87,0,,0,26050,632,Source One Financial Services,TX,,0,0,TX247,Silver
251491,hhisek,43639,180,Auto Approval,Easy Camping RV - IA141,,IA,Nevada,2026-08-22,2026-08-22,,2020,RV,Used,824,34.5,4.57,gcoulombe,,26,7.99,20000,-7800,false,,,9.49,Core,Core,1.12,0,,0,38900,838,Source One Financial Services,IA, ryan jensen,1,1,IA141,Core
251421,avera,91434.95,240,Auto Approval,Boaters World - Bradenton - FL229,,FL,Bradenton,2026-08-22,2026-08-24,,2016,Boat,Used,,37.25,5.99,wstoutimore,,3001,8.95,6000,12694,false,,,10.2,Core,Core,1.04,0,,0,88000,774,Source One Financial Services,FL, stephen dimauro,1,1,FL229,Core
251487,,14267.48,120,Auto Decline,"Ron Hoover Companies of Donna, Inc -Tx277",Ron Hoover,TX,Donna,2026-08-22,,,2026,RV,New,,55.49,3.05,gott,,0,22.99,3000,3000,false,,,23.99,Bronze,Bronze,1.05,0,,0,13651.66,577,Source One Financial Services,TX,,0,0,TX277,Business First
251448,avera,22725.45,120,Conditional Approval,RV THERE YET - FL265,,FL,ST. AUGUSTINE,2026-08-22,2026-08-22,,2025,RV,Used,,13.94,3.85,pcarter,,74,9.99,3000,3000,false,,,10.49,Core,Not Applicable,1,0,,0,22800,690,Connexus Credit Union,FL, larry cowart,1,1,FL265,Not Applicable
251486,eavila,14342.38,96,Approved,Blackbeard Marine Kingston -OK151,,OK,Kingston,2026-08-22,2026-08-22,,2006,Boat,Used,652,38.75,2.26,jweller,,13,13.99,5000,5000,false,,,15.49,Core,Core,0.85,0,,0,16895,688,Source One Financial Services,TX, andrew harmon,1,1,OK151,Core
251455,eavila,47463.94,240,Auto Approval,Bills Happy Camper Rv LLC-PA135,Warrior Performance,PA,Mill Hall,2026-08-22,2026-08-22,,2025,RV,Used,634,44.41,3.43,jharrington1,,206,7.49,1600,3100,false,,,8.99,Core,Core,1.12,0,,0,42400,844,Source One Financial Services,PA, nate rose,1,1,PA135,Core
251667,mlomedico,72722.25,204,Auto Approval,Blue Compass RV - Raleigh - NC157,Blue Compass,NC,Raleigh,2026-08-22,2026-08-24,,2026,RV,New,620,39.84,4.83,jsmith,,2802,11.99,47000,60659,false,,,12.99,Silver 1,Silver 1,0.72,0,,0,101019,679,Source One Financial Services,NC, kyle cecala,1,1,NC157,Silver
251707,lgrace,102468.24,144,Decline,East Coast Campers & More - DE103,,DE,Frankford,2026-08-22,,,2027,RV,New,639,21.71,6.88,gcoulombe,,872,7.49,23400,23400,false,,,8.99,Core,Core,0.82,0,,0,125395,807,Source One Financial Services,PA, terry spencer,0,0,DE103,Core
251476,avera,41618,204,Booked,"Vantage Recreational Finance, Inc. -FL291",VRF,FL,FORT LAUDERDALE,2026-08-22,2026-08-31,2026-09-01,2019,Boat,Used,775,40.06,2.38,S1House,14559,12874,8.99,3500,3500,false,1507,178,9.99,Core,Core,1.01,1664.72,4,0,41155,800,Source One Financial Services,TN, jennifer richter,1,0,FL291,Core
251655,mlomedico,52642.05,180,Conditional Approval,Modern Classic RVs - CO170,,CO,Grand Junction,2026-08-22,2026-08-24,,2026,RV,New,,11.17,7.37,dzilberchtein,,2520,11.49,1000,6000,false,,,11.74,Silver 1,Not Applicable,1.21,0,,0,43633,660,Connexus Credit Union,CO, derik barefield,1,1,CO170,Not Applicable
251658,eavila,23743.28,180,Booked,Auction Direct RV - FL319,,FL,Ocala,2026-08-22,2026-08-24,2026-08-28,2022,RV,Used,737,29.39,1.82,pcarter,8455,2937,9.24,0,0,false,2926,2592,9.99,Core,Core,1.41,712.3,3,0,16825,776,Source One Financial Services,FL, geoff cohen,1,0,FL319,Core
251561,,11833,84,Auto Decline,COUNTY LINE CAMPERS - MS108,,MS,GULFPORT,2026-08-22,,,2020,RV,Used,,58.92,7.37,jsmith,,0,22.99,3000,3000,false,,,23.99,Bronze,Bronze,0,0,,0,0,610,Source One Financial Services,MS,,0,0,MS108,Business First
251450,hhisek,30915,120,Conditional Approval,Ansley RV - PA144,,PA,Duncansville,2026-08-22,2026-08-22,,2017,RV,Used,,30.99,4.71,jharrington1,,59,10.05,4000,4000,false,,,10.8,Core,Not Applicable,0.96,0,,0,32065,693,Ideal Credit Union,PA, joe barbera,1,1,PA144,Not Applicable
251539,,41382.66,180,Auto Decline,ROCKY MOUNTAIN RV and MARINE - NM101,,NM,ALBUQUERQUE,2026-08-22,,,2027,RV,New,,75.29,7.94,edominguez,,0,12.49,0,0,false,,,13.49,Silver 1,Silver 1,1.05,0,,0,39410,668,Source One Financial Services,NM,,0,0,NM101,Silver
251589,,52559.85,180,Auto Decline,HOWDY RANCH RV - TX315,,TX,Mathis,2026-08-22,,,2023,RV,Used,,30.07,14.48,gott,,0,22.99,40000,40000,false,,,23.99,Bronze,Bronze,0.66,0,,0,80000,609,Source One Financial Services,TX,,0,0,TX315,Business First
251525,lgrace,18057.41,168,Booked,PETE'S RV CENTER - CONNECTICUT - CT102,Pete's RV,CT,SOUTH WINDSOR,2026-08-22,2026-08-24,2026-08-25,2026,RV,Used,,23.2,2.16,gcoulombe,4595,2997,9.74,3000,3000,false,1597,1,11.24,Core,Core,1.43,1083.44,6,0,12600,721,Source One Financial Services,CT, samantha rice,1,0,CT102,Core
251678,mlomedico,54468.9,180,Auto Approval,Bradford Marine & ATV-Little Rock - AR142,Bradford Marine,AR,Little Rock,2026-08-22,2026-08-25,,2026,Boat,New,729,41.26,3.44,jweller,,4393,9.74,0,0,false,,,11.24,Core,Core,1.18,0,,0,46241,727,Source One Financial Services,TX, john dickson,1,1,AR142,Core
251640,Jhill,47197.77,180,Decline,Crestview RV 2 - Buda -TX180,Campers Inn,TX,Buda,2026-08-22,,,2019,RV,Used,732,53.84,4.75,gott,,44,9.74,100,5100,false,,,11.24,Core,Core,0.89,0,,0,52800,775,Source One Financial Services,TX, luckett lowry,0,0,TX180,Core
251603,hhisek,16733.38,180,Decline,Crestview RV 2 - Buda -TX180,Campers Inn,TX,Buda,2026-08-22,,,2021,RV,Used,678,53.38,2.13,gott,,18,10.49,1700,1700,false,,,11.99,Core,Core,0.99,0,,0,16940,712,Source One Financial Services,TX, luckett lowry,0,0,TX180,Core
251581,mlomedico,39604.81,180,Conditional Approval,Bailey Toliver RV and Truck Country LLC -TX369,,TX,STANTON,2026-08-22,2026-08-22,,2023,RV,Used,,22.53,6.45,gott,,19,10.74,4070,4070,false,,,12.24,Core,Core,1.01,0,,0,39200,693,Source One Financial Services,TX, jim barben,1,1,TX369,Core
251410,hhisek,30470.98,204,Booked,Blue Compass RV - Nashville - TN158,Blue Compass,TN,Lebanon,2026-08-22,2026-08-28,2026-08-28,2026,RV,New,,20.37,7.7,jsmith,8998,8908,9.99,2400,2400,false,89,1,11.49,Core,Core,1.16,1828.26,6,0,26279,719,Source One Financial Services,TN, austin jacobs,1,0,TN158,Core
251541,mlomedico,41935.56,180,Conditional Approval,FOUR SEASONS RV - KS122,,KS,ABILENE,2026-08-22,2026-08-22,,2026,RV,New,665,23.24,3.69,jweller,,21,10.24,4220,4220,false,,,11.74,Core,Core,1.01,0,,0,41457,697,Source One Financial Services,KS, travis purser,1,1,KS122,Core
251439,Jhill,52621,240,Approved,Blue Compass RV - Redmond - OR146,Blue Compass,OR,Rendmond,2026-08-22,2026-08-22,,2026,RV,New,761,42.91,3.38,ljablonoski,,43,8.99,54000,54000,false,,,9.74,Core,Core,0.58,0,,0,90959,797,Source One Financial Services,OR, william rife,1,1,OR146,Core
251437,avera,21011.38,168,Booked,MOUNTAINEER RV and OUTDOOR CENTER - WV102,,WV,JANE LEW,2026-08-22,2026-08-29,2026-08-29,2026,RV,New,652,38.38,3,jharrington1,10295,10290,10.24,0,0,false,4,1,11.74,Core,Core,1.4,1260.68,6,0,14955.9,685,Source One Financial Services,WV, leslie posey,1,0,WV102,Core
251472,eavila,33101.36,180,Auto Decline,Blue Compass RV - San Antonio - TX572,Blue Compass,TX,San Antonio,2026-08-22,,,2023,RV,Used,,50.05,16.72,gott,,14,22.99,3400,3400,false,,,23.99,Bronze,Bronze,0.83,0,,0,39710,,Source One Financial Services,TX, ryan johnson,0,0,TX572,Business First
251598,hhisek,32768.22,216,Auto Approval,Blue Compass RV - Katy - TX571,Blue Compass,TX,Katy,2026-08-22,2026-08-22,,2026,RV,New,,37.82,3.06,gott,,92,10.24,1600,1600,false,,,11.74,Core,Core,0.82,0,,0,40080,684,Source One Financial Services,TX, eddie johnson,1,1,TX571,Core
251692,ahunt,30946.51,180,Decline,RGV RV SALES - TX569,,TX,Mission,2026-08-22,,,2026,RV,New,,16.38,3.58,gott,,16,13.74,0,0,false,,,14.74,Silver 1,Silver 1,1.04,0,,0,29835,659,Source One Financial Services,TX, aldo camarillo,0,0,TX569,Silver
251639,eavila,25380.7,204,Decline,Fun Town RV-Denton -TX322,Fun Town,TX,Denton,2026-08-22,2026-08-22,,2026,RV,New,666,23.48,1.88,gott,,133,8.99,2500,2500,false,,,10.49,Core,Core,1.02,0,,0,24817,744,Source One Financial Services,TX, douglas santos,0,0,TX322,Core
251436,lgrace,133052.24,240,Auto Approval,AEONrv - ENV100,EPIC,NV,Reno,2026-08-22,2026-08-24,,2026,RV,New,782,38.93,5.76,S1House,,2844,7.49,135000,135000,false,,,8.99,Core,Core,0.65,0,,0,203760,855,Source One Financial Services,CO, jp lixie,1,1,ENV100,Core
251477,eavila,48657.5,180,Booked,"CAMPERS INN RV OF CHARLESTON, INC - SC110",Campers Inn,SC,MONCKS CORNER,2026-08-22,2026-08-26,2026-09-02,2026,RV,New,,13.35,2.85,jsmith,15788,5713,7.89,0,5647,false,2800,7275,8.64,Silver 1,Not Applicable,1.1,1459.72,3,0,44230,665,Ideal Credit Union,SC, ryan semerau,1,0,SC110,Not Applicable
251562,mlomedico,41457.79,180,Booked,AC Nelsen RV World -MN5005,,MN,SHAKOPEE,2026-08-22,2026-09-01,2026-09-01,2025,RV,New,719,39.25,2.68,S1House,14413,14325,7.49,0,0,false,87,1,6.99,Core,Core,1.01,414.58,1,0,40895,844,Source One Financial Services,MN, eric scott,1,0,MN5005,Core
251591,avera,69084.06,240,Verifications Incomplete,Walnut Ridge Family RV Sales -IN101,,IN,New Castle,2026-08-22,2026-08-26,,2027,RV,New,825,49.98,5.57,jharrington1,,5972,7.24,1000,1000,false,,0,8.74,Core,Core,1.49,0,,0,46512,851,Source One Financial Services,IN, jesse trennepohl,1,1,IN101,Core
251549,eavila,49706,180,Decline,McDowell South Inc - MO203,,MO,Jackson,2026-08-22,,,2026,RV,New,634,49.25,6.58,jweller,,2744,13.74,0,9863,false,,,14.74,Silver 1,Not Applicable,1.01,0,,0,49451,650,Ideal Credit Union,MO, alan sellers,0,0,MO203,Not Applicable
251464,lgrace,33899.14,144,Decline,Maxie Price RV - GA161,,GA,Loganville,2026-08-22,,,2027,RV,New,,8.14,7.62,jsmith,,105,10.24,3300,3300,false,,,11.74,Core,Not Applicable,0.87,0,,0,38898,684,Connexus Credit Union,GA, steven crawford,0,0,GA161,Not Applicable
251628,lgrace,33471.15,204,Conditional Approval,Legendary Marine - Panama - FL143,OneWater,FL,Panama City,2026-08-22,2026-08-22,,2014,Boat,Used,,33.97,4.85,wstoutimore,,7,11.24,5000,5000,false,,,12.74,Core,Core,1,0,,0,33500,725,Source One Financial Services,FL, jacob mankoff,1,1,FL143,Core
251543,mlomedico,47726.81,180,Booked,Giant RV - Montclair - SCA155,Giant RV,CA,Montclair,2026-08-22,2026-08-31,2026-09-02,2017,RV,New,,21.65,4.4,jrubi,16174,13031,8.49,10000,10000,false,3142,1,8.99,Core,Core,1.03,954.54,2,0,46284,809,Source One Financial Services,CA, julio sanchez,1,0,SCA155,Core
251432,hhisek,14511.49,144,Booked,Ashley Marine LLC - Stapleton - AL168,,AL,Stapleton,2026-08-22,2026-08-29,2026-08-29,2026,Boat,New,,16.2,4.63,jsmith,10290,10257,9.74,4000,4500,false,31,2,9.74,Core,Core,0.85,0,0,0,17120,721,Source One Financial Services,AL, joey hawkins,1,0,AL168,Core
251424,avera,49791.82,180,Booked,ROTH RV - GRAND RAPIDS - MN164,,MN,GRAND RAPIDS,2026-08-22,2026-08-26,2026-08-28,2027,RV,New,761,39.7,5.51,S1House,8849,5899,7.49,1000,-15260.75,false,2948,2,8.99,Core,Core,1.49,2987.51,6,0,33474,857,Source One Financial Services,MN, nick dulong,1,0,MN164,Core
251586,hhisek,47150.09,180,Decline,Fun Town RV- Waco-TX212,Fun Town,TX,Hewitt,2026-08-22,,,2027,RV,New,,43.86,11.35,gott,,7,12.49,4850,4850,false,,,13.49,Silver 1,Silver 1,1,0,,0,47374,676,Source One Financial Services,TX, tyler witt,0,0,TX212,Silver
251519,,41155.61,240,Auto Decline,General RV - Richmond - VA117,General RV,VA,Ashland,2026-08-22,,,2024,RV,Used,,53.85,18.24,jsmith,,0,22.99,8500,8500,false,,,23.99,Bronze,Bronze,0.68,0,,0,60665,587,Source One Financial Services,VA,,0,0,VA117,Business First
251623,Jhill,59756.7,240,Booked,Campers Inn Kings Mountain -NC108,Campers Inn,NC,Kings Mountain,2026-08-22,2026-08-24,2026-08-25,2020,RV,Used,750,35.56,4.91,jsmith,4349,3121,7.99,1000,5862.81,false,1227,1,9.49,Core,Core,1.16,3585.4,6,0,51700,821,Source One Financial Services,NC, hunter lee,1,0,NC108,Core
251532,,13854,144,Auto Decline,GARLANDS RV OF TENNESSEE - TN122,,TN,SPRINGVILLE,2026-08-22,,,2017,RV,Used,,37.58,2.47,jsmith,,0,22.99,1300,1300,false,,,23.99,Bronze,Bronze,1.29,0,,0,10750,616,Source One Financial Services,TN,,0,0,TN122,Business First
251414,hhisek,30045.7,180,Decline,ANGLERS CHOICE - LEXINGTON - NC101,,NC,LEXINGTON,2026-08-22,,,2027,Boat,New,,50.68,4.03,jsmith,,108,9.49,5000,5000,false,,,10.99,Core,Not Applicable,0.98,0,,0,30518,705,Connexus Credit Union,NC, lee parker,0,0,NC101,Not Applicable
251556,mlomedico,44882.94,180,Auto Approval,United RV -TX228,,TX,Fort Worth,2026-08-22,2026-08-22,,2027,RV,New,777,44.72,3.92,gott,,23,7.49,0,0,false,,,9.24,Core,Core,1.09,0,,0,41005,807,Source One Financial Services,TX, brent sullivan,1,1,TX228,Core
251438,hhisek,14054.58,120,Conditional Approval,DADS CAMPER OUTLET - GULFPORT - MS100,,MS,GULFPORT,2026-08-22,2026-08-22,,2025,RV,New,,13.56,5.73,jsmith,,7,10.24,500,500,false,,,11.74,Core,Core,0.79,0,,0,17840,693,Source One Financial Services,MS, ricky arnaud,1,1,MS100,Core
251705,hhisek,78588.21,204,Auto Approval,"RV COUNTRY ARIZONA, LLC - FLAGSTAFF -AZ332",RV Country,AZ,FLAGSTAFF,2026-08-22,2026-08-24,,2023,RV,Used,682,40.09,6.19,edominguez,,2664,7.99,3150,3862,false,,,9.49,Core,Core,1,0,,0,78600,822,Source One Financial Services,AZ, kevin mccoy,1,1,AZ332,Core
251646,eavila,96475.87,240,Decline,General RV - Tampa - FL238,General RV,FL,Dover,2026-08-22,,,2027,RV,New,,13.9,7.87,wstoutimore,,61,13.74,10000,11800,false,,,14.74,Silver 1,Silver 1,1,0,,0,96099,653,Source One Financial Services,GA, sebastian beltran,0,0,FL238,Silver
251509,hhisek,7761.31,60,Decline,Ideal RVs INC - FL228,,FL,Lakeland,2026-08-22,,,2017,RV,Used,575,44.86,1.69,wstoutimore,,6,15.24,4000,4000,false,,,15.74,Silver 1,Silver 1,1.19,0,,0,6500,673,Source One Financial Services,FL, john yanis,0,0,FL228,Silver
251557,hhisek,37073.73,180,Booked,OCEAN MARINE GROUP - OCEAN SPRINGS - MS103,,MS,OCEAN SPRINGS,2026-08-22,2026-08-28,2026-08-28,2023,Boat,Used,694,19.47,4.4,jsmith,8909,8889,9.99,3800,3800,false,14,6,11.49,Core,Core,1.08,2224.42,6,0,34230,755,Source One Financial Services,MS, susan battaile,1,0,MS103,Core
251454,lgrace,16406,144,Approved,"Holman Motors, Inc. -OH111",,OH,Batavia,2026-08-22,2026-08-22,,2027,RV,New,,27.55,2.53,jharrington1,,32,9.49,0,0,false,,,10.99,Core,Core,0.84,0,,0,19635,756,Source One Financial Services,KY,,1,1,OH111,Core
251659,Jhill,28758.15,240,Decline,BLUE COMPASS RV - LUBBOCK - TX117,Blue Compass,TX,Lubbock,2026-08-22,,,2027,RV,New,,42.42,11.04,gott,,28,13.74,3500,3500,false,,,14.74,Silver 1,Silver 1,0.87,0,,0,33175,659,Source One Financial Services,TX, walker hale,0,0,TX117,Silver
251618,eavila,59992.36,180,Approved,Fun Town RV-Waller -TX539,Fun Town,TX,Waller,2026-08-22,2026-08-22,,2026,RV,New,781,31.35,3.41,gott,,57,7.49,0,0,false,,,8.99,Core,Core,0.98,0,,0,61053,841,Source One Financial Services,TX, meddie nieto,1,1,TX539,Core
251671,,151600.82,240,Auto Decline,General RV - Tampa - FL238,General RV,FL,Dover,2026-08-22,,,2026,RV,New,,49.61,20.31,wstoutimore,,34,22.99,0,0,false,,,23.99,Bronze,Core,0.92,0,,0,164763,742,Source One Financial Services,NE, christopher coleman,0,0,FL238,Business First
251607,mlomedico,23351.43,180,Decline,Optimum RV Bushnell - FL163,Optimum RV,FL,Bushnell,2026-08-22,,,2023,RV,Used,,32.07,7.31,wstoutimore,,17,13.24,1000,5000,false,,,14.24,Silver 1,Silver 1,0.61,0,,0,38485,675,Source One Financial Services,FL, presley wallace,0,0,FL163,Silver
251657,mlomedico,27074.7,180,Conditional Approval,SOUTHLAND RV - GA137,,GA,RICHMOND HILL,2026-08-22,2026-08-22,,2026,RV,New,,22.51,3.42,jsmith,,55,10.24,6000,9500,false,,,11.74,Core,Core,1.25,0,,0,21734,681,Source One Financial Services,GA, eric stafford,1,1,GA137,Core
251540,eavila,14086.38,120,Auto Approval,Fun Town RV - Las Vegas - NV116,Fun Town,NV,Las Vegas,2026-08-22,2026-08-23,,2027,RV,New,,22.75,4.06,ljablonoski,,1230,9.49,0,0,false,,,10.99,Core,Core,0.77,0,,0,18368,752,Source One Financial Services,AZ, julie ronquillo,1,1,NV116,Core
251441,hhisek,99578.25,180,Decline,Demontrond Automotive Group-TX397,,TX,Houston,2026-08-22,,,2026,RV,New,639,75.9,6.89,gott,,4,14.99,6200,6200,false,,,15.99,Silver 1,Silver 1,0.78,0,,0,127060,640,Source One Financial Services,TX, tegan summer,0,0,TX397,Silver
251604,hhisek,108641.17,180,Decline,RV DEPOT OF CLEBURNE - TX461,,TX,JOSHUA,2026-08-22,,,2013,RV,Used,,19.72,19.22,gott,,19,10.99,30000,30000,false,,,12.49,Core,Core,0.81,0,,0,134150,751,Source One Financial Services,TX, mike nellis,0,0,TX461,Core
251502,avera,35627,180,Booked,Coastal Marine - ESC118,EPIC,SC,Myrtle Beach,2026-08-22,2026-08-25,2026-08-31,2008,Boat,Used,,30.91,3.24,S1House,13163,4130,9.49,3600,3600,false,2828,6205,10.99,Core,Core,0.95,2137.62,6,0,37620,848,Source One Financial Services,GA, jp lixie,1,0,ESC118,Core
251466,mlomedico,25634.52,180,Auto Approval,Ashley Marine LLC - GA147,,GA,Columbus,2026-08-22,2026-08-22,,2026,Boat,New,785,29.51,1.3,jsmith,,22,7.49,2500,3250,false,,,8.99,Core,Core,1.22,0,,0,21056,857,Source One Financial Services,GA, tim holloway,1,1,GA147,Core
251597,hhisek,26874.95,180,Auto Approval,PRIMEAUX RV SUPERSTORE - ALEXANDRIA - LA101,,LA,ALEXANDRIA,2026-08-22,2026-08-22,,2026,RV,New,,32.22,3.71,gott,,20,13.74,3000,3000,false,,,14.74,Silver 1,Silver 1,0.94,0,,0,28541,660,Source One Financial Services,FL, vaughn mcbride,1,1,LA101,Silver
251501,,68815.67,240,Cancelled,OPTIMUM RV OCALA - FL162,Optimum RV,FL,OCALA,2026-08-22,,,2019,RV,Used,,0,0,pcarter,,,22.99,8879.76,17454.75,false,,,23.99,Bronze,Bronze,1.03,0,,0,66811.36,,Source One Financial Services,FL, michael buskey,0,0,FL162,Business First
251426,,61552.15,240,Auto Decline,Bent's RV - LA117,,LA,Boutte,2026-08-22,,,2025,RV,New,639,23.88,4.25,gott,,0,9.74,10000,10000,false,,,11.24,Core,Core,0.88,0,,0,69960,740,Source One Financial Services,LA,,0,0,LA117,Core
251534,eavila,16436.72,168,Conditional Approval,"RV COUNTRY ARIZONA, LLC - FLAGSTAFF -AZ332",RV Country,AZ,FLAGSTAFF,2026-08-22,2026-08-22,,2023,RV,Used,,38.62,1.97,edominguez,,33,7.99,10000,17000,false,,,9.49,Core,Core,0.59,0,,0,27850,851,Source One Financial Services,AZ, kevin mccoy,1,1,AZ332,Core
251457,hhisek,41905.71,180,Decline,Henderson Implement and Marine- LA116,,LA,Lake Charles,2026-08-22,,,2020,Boat,Used,613,58.99,8.8,gott,,2,9.99,0,0,false,,,11.49,Core,Core,1.12,0,,0,37255,749,Source One Financial Services,LA, corey harmon,0,0,LA116,Core
251622,mlomedico,37489.52,180,Decline,Humphrey RV - CO108,,CO,Grand Junction,2026-08-22,,,2019,RV,Used,602,35.42,6.57,dzilberchtein,,28,13.74,6000,6000,false,,,14.74,Silver 1,Silver 1,1.09,0,,0,34400,665,Source One Financial Services,CO, kevin taiclet,0,0,CO108,Silver
251465,mlomedico,29707.26,204,Returned,COUNTY LINE CAMPERS - MS108,,MS,GULFPORT,2026-08-22,2026-08-22,,2027,RV,New,,36.87,6.84,jsmith,,83,9.49,0,0,false,,3048,7.39,Core,Core,1.26,297.07,1,0,23518,759,Source One Financial Services,MS,,0,0,MS108,Core
251577,eavila,53261.99,180,Decline,OPTIMUM RV OCALA - FL162,Optimum RV,FL,OCALA,2026-08-22,,,2024,RV,Used,642,14.45,4.39,pcarter,,63,10.24,2500,2500,false,,,11.74,Core,Not Applicable,0.97,0,,0,54750,693,Connexus Credit Union,GA, michael buskey,0,0,FL162,Not Applicable
251662,mlomedico,136725.76,240,Decline,La Mesa RV Center - Albuquerque - NM109,La Mesa,NM,Albuquerque,2026-08-22,,,2027,RV,New,681,35.99,14.27,edominguez,,17,8.99,20000,20000,false,,,10.49,Core,Core,0.98,0,,0,139160,752,Source One Financial Services,NM, alfredo franco,0,0,NM109,Core
251564,hhisek,74274.11,240,Decline,BISH'S RV OF CHEYENNE - WY100,Bish's RV,WY,CHEYENNE,2026-08-22,,,2026,RV,New,577,46.57,4.02,dzilberchtein,,17,7.49,7000,7000,false,,,8.99,Core,Core,0.86,0,,0,85935,849,Source One Financial Services,CO, todd miillsap,0,0,WY100,Core
251704,,59190,180,Auto Decline,MY RV SD - SCA112,,CA,EL CAJON,2026-08-22,,,2027,RV,New,,31.17,16.47,jrubi,,0,22.99,5400,5400,false,,,23.99,Bronze,Bronze,1.12,0,,0,52670,619,Source One Financial Services,CA,,0,0,SCA112,Business First
251538,mlomedico,17305.59,180,Decline,North Country RV - MN829,Markquart,MN,Ham Lake,2026-08-22,,,2020,RV,Used,,28.88,4.2,S1House,,20,13.24,2000,2000,false,,,14.24,Silver 1,Silver 1,1.14,0,,0,15200,666,Source One Financial Services,MN, austin herczeg,0,0,MN829,Silver
251416,avera,31234.59,180,Decline,General RV - Jacksonville - FL236,General RV,FL,Orange Park,2026-08-22,,,2026,RV,New,,24.93,5.72,pcarter,,110,10.24,1000,1000,false,,,11.74,Core,Not Applicable,0.82,0,,0,38038,684,Connexus Credit Union,FL, lou marino,0,0,FL236,Not Applicable
251494,,136819.05,240,Auto Decline,Campers Inn - Ocala - FL158,Campers Inn,FL,Ocala,2026-08-22,,,2026,RV,New,,56.09,17.46,pcarter,,4,22.99,7000,16500,false,,,23.99,Bronze,Silver 1,1.26,0,,0,108565,642,Source One Financial Services,FL, aaron brown,0,0,FL158,Business First
251672,mlomedico,28213.27,180,Approved,GREAT AMERICAN RV SUPERSTORE-HATTIESBURG - MS113,,MS,HATTIESBURG,2026-08-22,2026-08-22,,2026,RV,New,803,33.95,4.37,jsmith,,40,7.49,6000,6000,false,,,8.99,Core,Core,0.78,0,,0,36345,813,Source One Financial Services,MS, ryan campbell,1,1,MS113,Core
251440,Jhill,145402.73,240,Decline,RV Station LTD- Katy -TX290,,TX,Katy,2026-08-22,,,2026,RV,New,663,42.24,11.12,gott,,16,9.99,15000,23000,false,,,11.49,Core,Core,1.1,0,,0,132300,709,Source One Financial Services,TX, jose acosta,0,0,TX290,Core
251478,Jhill,29721.75,204,Auto Approval,BLUE COMPASS RV - DAYTON - OH159,Blue Compass,OH,Dayton,2026-08-22,2026-08-26,,2026,RV,New,,34.02,8.34,jharrington1,,5745,9.99,6000,6000,false,,,11.49,Core,Core,0.93,0,,0,32065,705,Source One Financial Services,OH, robert osburn,1,1,OH159,Core
251687,,86933.18,180,Auto Decline,RV COUNTRY - FRESNO - NCA115,RV Country,CA,FRESNO,2026-08-22,,,2018,RV,Used,,44.34,12.03,jrubi,,0,22.99,40000,40000,false,,,23.99,Bronze,Bronze,0.63,0,,0,137830,616,Source One Financial Services,CA,,0,0,NCA115,Business First
251697,jrubi,33013.06,180,Decline,Blue Compass RV - Santee - SCA168,Blue Compass,CA,Santee,2026-08-22,,,2021,RV,Used,688,59.24,5.27,jrubi,,1062,10.24,10000,10000,false,,,11.74,Core,Core,0.98,0,,0,33700,737,Source One Financial Services,CA, brian breinig,0,0,SCA168,Core
251677,mlomedico,100692.83,180,Auto Approval,Crestview RV - Georgetown -TX177,Campers Inn,TX,Georgetown,2026-08-22,2026-08-22,,2026,RV,New,,49.94,5.63,gott,,33,7.99,5900,5900,false,,,9.49,Core,Core,1.25,0,,0,80585,797,Source One Financial Services,WA, yohannes samuel,1,1,TX177,Core
251608,hhisek,17775.32,180,Decline,Liberty Trail RV - Sulphur Springs - TX580,,TX,Sulphur Springs,2026-08-22,,,2017,RV,Used,,17.71,7.36,gott,,16,11.24,1800,1800,false,,,12.74,Core,Core,1.15,0,,0,15520,693,Source One Financial Services,TX, shaun woodruff,0,0,TX580,Core
251503,eavila,39377,240,Decline,"Kris Willis RV, LLC -MO127",,MO,Dexter,2026-08-22,,,2026,RV,Used,548,37.6,3.31,jweller,,17,9.49,0,0,false,,,10.99,Core,Core,1.17,0,,0,33750,741,Source One Financial Services,MO, mikayla hall,0,0,MO127,Core
251430,lgrace,22401.46,180,Booked,Meyer's I-79 RV Sales - PA148,,PA,Mount Morris,2026-08-22,2026-08-22,2026-08-25,2020,RV,Used,,26.67,5.23,jharrington1,4666,176,9.99,300,300,false,4490,0,11.49,Core,Core,1.54,1344.09,6,0,14550,755,Source One Financial Services,WV, matthew stuchell,1,0,PA148,Core
251514,Jhill,31875.64,180,Auto Approval,"LEACH CAMPER SALES, INC. -IA208",,IA,COUNCIL BLUFFS,2026-08-22,2026-08-22,,2015,RV,Used,715,18.8,2.2,gcoulombe,,26,10.74,3500,3500,false,,,12.24,Core,Core,1.06,0,,0,30030,728,Source One Financial Services,NE, clint ingalls,1,1,IA208,Core
251668,mlomedico,31146.44,180,Approved,Fun Town RV - Indianapolis - IN215,Fun Town,IN,Edinburgh,2026-08-22,2026-08-22,,2023,RV,Used,822,26.45,2.27,jharrington1,,12,7.99,0,0,false,,,9.49,Core,Core,0.92,0,,0,33800,828,Source One Financial Services,IN, chase ackeret,1,1,IN215,Core
251462,hhisek,41727,180,Auto Approval,"APACHE CAMPING CENTER, INC - EVERETT - WA113",,WA,EVERETT,2026-08-22,2026-08-24,,2026,RV,New,652,32.58,3.47,ljablonoski,,3328,13.74,12000,12000,false,,,14.74,Silver 1,Silver 1,1.01,0,,0,41211,646,Source One Financial Services,WA,,1,1,WA113,Silver
251545,hhisek,21179.48,144,Booked,FUN TOWN RV SAN ANTONIO LP - TX465,Fun Town,TX,CIBOLO,2026-08-22,2026-08-22,2026-08-26,2026,RV,New,,29.93,3.9,gott,5879,366,12.49,1540,1540,false,43,5470,13.49,Silver 1,Silver 1,1.39,847.18,4,0,15281,678,Source One Financial Services,TX, connor johnson,1,0,TX465,Silver
251588,hhisek,27404,204,Auto Approval,Blue Compass RV - Liberty Lake - WA154,Blue Compass,WA,Liberty Lake,2026-08-22,2026-08-23,,2027,RV,New,,22.6,5.2,ljablonoski,,1149,10.24,2700,2700,false,,,11.74,Core,Core,1.13,0,,0,24234,698,Source One Financial Services,ID,,1,1,WA154,Core
251530,Jhill,50826.36,204,Auto Approval,JEFF COUCHS CAMPERS -OH107,Jeff Couchs,OH,Trenton,2026-08-22,2026-08-22,,2027,RV,New,,30.4,4.57,jharrington1,,54,10.24,2000,2000,false,,,11.74,Core,Core,0.97,0,,0,52420,688,Source One Financial Services,OH, bryon spencer,1,1,OH107,Core
251433,,29332.79,180,Auto Decline,Rock Solid Funding LLC - TX536,RSF,TX,BEDFORD,2026-08-22,,,2023,RV,Used,,29.61,11.85,S1House,,0,22.99,0,0,false,,,23.99,Bronze,Bronze,1.09,0,,0,26950,612,Source One Financial Services,ID,,0,0,TX536,Business First
251626,eavila,74841,216,Auto Approval,Smith RV & Marine - ID112,,ID,Idaho Falls,2026-08-22,2026-08-22,,2026,RV,New,665,44.5,5.63,ljablonoski,,124,8.74,0,9000,false,,,9.99,Core,Core,1.14,0,,0,65693,751,Source One Financial Services,WY,,1,1,ID112,Core
251682,ahunt,29053.91,180,Auto Approval,RV COUNTRY - FRESNO - NCA115,RV Country,CA,FRESNO,2026-08-22,2026-08-24,,2026,RV,New,692,27.43,1.38,jrubi,,2996,10.24,4500,4500,false,,,11.74,Core,Core,0.98,0,,0,29614.81,696,Source One Financial Services,CA, travis jury,1,1,NCA115,Core
251661,mlomedico,70732.91,240,Decline,Fun Town RV- Waco-TX212,Fun Town,TX,Hewitt,2026-08-22,,,2026,RV,New,,11.28,6.15,gott,,28,13.74,7500,7500,false,,,14.74,Silver 1,Silver 1,0.96,0,,0,73832,644,Source One Financial Services,OK, eric cuffee,0,0,TX212,Silver
251616,hhisek,188249.63,240,Decline,Ron Hoover - Georgetown - TX497,Ron Hoover,TX,Georgetown,2026-08-22,,,2026,RV,New,661,33.12,9.55,gott,,14,9.99,20000,21500,false,,,11.49,Core,Core,1.19,0,,0,158444,704,Source One Financial Services,TX, edgar duran,0,0,TX497,Core
251524,avera,40394.86,180,Approved,Pete's RV Center Plainville - MA104,Pete's RV,MA,Plainville,2026-08-22,2026-08-22,,2026,RV,New,795,32.66,5.1,gcoulombe,,13,8.74,5400,5794.07,false,,,10.24,Core,Core,1.24,0,,0,32705,771,Source One Financial Services,ME, john hill,1,1,MA104,Core
251612,hhisek,61121.57,180,Decline,San Antonio Rvs -TX265,,TX,Seguin,2026-08-22,,,2026,RV,New,,11.92,9.2,gott,,11,10.24,2000,2000,false,,,11.74,Core,Core,0.79,0,,0,77428,682,Source One Financial Services,TX, cody flores,0,0,TX265,Core
251572,avera,44933.32,216,Conditional Approval,Blue Compass RV - Winston-Salem - NC159,Blue Compass,NC,Rural Hall,2026-08-22,2026-08-22,,2021,RV,Used,705,38.82,4.79,jsmith,,18,9.99,11500,12501,false,,,11.49,Core,Core,1.15,0,,0,39100,718,Source One Financial Services,NC, jamal bailey,1,1,NC159,Core
251419,lgrace,46382,240,Approved,"Midwest RV and Vans, Inc. -IN137",Canopy Financial,IN,Terre Haute,2026-08-22,2026-08-22,,2027,RV,New,,39.97,5.91,jharrington1,,5,9.24,4000,4000,false,,,10.74,Core,Core,0.87,0,,0,53306,727,Source One Financial Services,IN, matt kurtz,1,1,IN137,Core
251463,,38182.39,180,Auto Decline,LDRV of Tampa - FL340,Campers Inn,FL,Seffner,2026-08-22,,,2019,RV,Used,,45.39,7.18,wstoutimore,,0,16.24,1500,1500,false,,,17.24,Silver 2,Silver 2,0.69,0,,0,55440,633,Source One Financial Services,FL,,0,0,FL340,Silver
251495,avera,47275.81,180,Auto Approval,Driftwood RV Center inc-NJ106,,NJ,Clermont,2026-08-22,2026-08-22,,2022,RV,Used,704,29.82,2.7,gcoulombe,,38,10.24,5000,5000,false,,,11.74,Core,Core,0.93,0,,0,50850,736,Source One Financial Services,PA, craig miller,1,1,NJ106,Core
251685,,16819.86,180,Auto Decline,Alabama Campers Tuscaloosa-AL161,,AL,Tuscaloosa,2026-08-22,,,2022,RV,Used,,26.36,5.37,jsmith,,0,22.99,2000,2000,false,,,23.99,Bronze,Bronze,0.98,0,,0,17160,617,Source One Financial Services,AL,,0,0,AL161,Business First
251645,Jhill,26003.93,204,Booked,Fun Town RV - Cleburne -TX108,Fun Town,TX,Cleburne,2026-08-22,2026-08-24,2026-08-27,2026,RV,New,660,40.23,2.95,S1House,7025,2590,9.99,0,0,false,4434,1,9.99,Core,Core,1.37,0,0,0,18950,720,Source One Financial Services,TX, brenden boggs,1,0,TX108,Core
251641,mlomedico,29309.1,240,Decline,Blue Compass RV - Albuquerque - NM112,Blue Compass,NM,Albuquerque,2026-08-22,,,2019,RV,Used,,16.63,4.05,edominguez,,135,8.49,2000,2000,false,,,9.99,Core,Core,1.17,0,,0,25050,842,Source One Financial Services,AZ, scott rodriguez,0,0,NM112,Core
251674,eavila,91350.67,204,Conditional Approval,OPTIMUM RV OCALA - FL162,Optimum RV,FL,OCALA,2026-08-22,2026-08-22,,2025,RV,New,,40.03,6.94,pcarter,,35,10.24,60000,62494,false,,,11.74,Core,Core,0.67,0,,0,136950,691,Source One Financial Services,NC, quincey lindsey,1,1,FL162,Core
251528,hhisek,128379.37,216,Booked,WADES RV SUPERCENTER - OK114,,OK,GLENPOOL,2026-08-22,2026-08-26,2026-08-26,2026,RV,New,627,24.01,14.75,jweller,5902,5884,10.24,26000,26000,false,17,1,11.74,Core,Core,1.04,7702.76,6,0,122881,699,Source One Financial Services,OK, glenpool knowlton,1,0,OK114,Core
251460,mlomedico,23790,180,Booked,LAKE CUMBERLAND MARINE - KY134,,KY,SOMERSET,2026-08-22,2026-08-23,2026-08-26,2022,Boat,Used,,21.18,3.1,jharrington1,5929,1721,7.99,2283.88,2283.88,false,4207,1,9.49,Core,Core,1,1427.4,6,0,23790,855,Source One Financial Services,KY, amanda hopson,1,0,KY134,Core
251648,mlomedico,44492.42,204,Conditional Approval,Blue Compass RV - Charlotte - NC153,Blue Compass,NC,Concord,2026-08-22,2026-08-22,,2020,RV,Used,655,39.95,3.37,jsmith,,71,10.74,6200,8700,false,,,12.24,Core,Core,1.16,0,,0,38500,685,Source One Financial Services,NC, alex kottenstette,1,1,NC153,Core
251550,hhisek,10920.98,120,Approved,Hamilton RV -MI140,Selvius RV,MI,Lumberton,2026-08-22,2026-08-22,,2017,RV,Used,,6.02,2.9,dzilberchtein,,10,8.49,500,500,false,,,9.99,Core,Core,1.03,0,,0,10600,808,Source One Financial Services,MI, ben sexton,1,1,MI140,Core
251434,,15449.38,144,Auto Decline,Ron Hoover - San Antonio - TX500,Ron Hoover,TX,San Antonio,2026-08-22,,,2022,RV,Used,,39.99,4.88,gott,,0,22.99,5000,5000,false,,,23.99,Bronze,Bronze,1.03,0,,0,14960,599,Source One Financial Services,TX,,0,0,TX500,Business First
251399,lgrace,88921.65,240,Auto Approval,Best Choice Trailers & RV-PA123,Canopy Financial,PA,Irwin,2026-08-22,2026-08-22,,2027,RV,New,718,26.92,2.31,jharrington1,,9,10.99,3700,13100,false,,,11.49,Core,Core,1.25,0,,0,71289,710,Source One Financial Services,PA, matt kurtz,1,1,PA123,Core
251627,lgrace,13746.73,144,Decline,Blue Compass RV - Fort Wayne - IN217,Blue Compass,IN,Columbia City,2026-08-22,,,2026,RV,New,,11.24,3.54,jharrington1,,5,9.99,1200,1200,false,,,11.49,Core,Core,0.67,0,,0,20390,702,Source One Financial Services,IN, jesse lazzarino,0,0,IN217,Core
251469,hhisek,19255.69,144,Auto Approval,RV DEPOT LLC - FL188,,FL,THONOTOSASSA,2026-08-22,2026-08-25,,2018,RV,Used,623,43.78,4.62,wstoutimore,,4191,10.49,3000,3000,false,,,11.99,Core,Core,0.71,0,,0,27000,750,Source One Financial Services,FL, valon topalli,1,1,FL188,Core
251666,mlomedico,88682.34,204,Decline,OPTIMUM RV TX LLC - Robstown - TX481,Optimum RV,TX,ROBSTOWN,2026-08-22,,,2027,RV,New,,21.12,7.98,gott,,32,12.49,2500,11750,false,,,13.49,Silver 1,Silver 1,1.07,0,,0,82671,678,Source One Financial Services,TX, cade hall,0,0,TX481,Silver
251601,Jhill,69919.94,240,Approved,JEFF COUCHS CAMPERS -OH107,Jeff Couchs,OH,Trenton,2026-08-22,2026-08-22,,2026,RV,New,,28.5,9.82,jharrington1,,41,9.74,7330,7330,false,,,11.24,Core,Core,0.82,0,,0,84945,728,Source One Financial Services,TX, charles thomas,1,1,OH107,Core
251621,eavila,26667.78,180,Decline,RV COUNTRY - FRESNO - NCA115,RV Country,CA,FRESNO,2026-08-22,,,2021,RV,Used,,37.76,10.86,jrubi,,14,11.74,8500,8500,false,,,12.24,Core,Core,0.98,0,,0,27345,690,Source One Financial Services,CA, cindy poulsen,0,0,NCA115,Core
251418,,63790.58,240,Cancelled,RV Dynasty - IN177,,IN,Bunker Hill,2026-08-22,,,2026,RV,New,,0,0,jharrington1,,,22.99,6600,6600,false,,,23.99,Bronze,Bronze,1.04,0,,0,61595,,Source One Financial Services,OH, jeff gunnell,0,0,IN177,Business First
251698,hhisek,47554.47,144,Decline,Blue Compass RV - Las Vegas - NV118,Blue Compass,NV,Las Vegas,2026-08-22,,,2019,RV,Used,,21.06,5.76,ljablonoski,,2291,14.99,5000,5000,false,,,15.99,Silver 1,Silver 1,0.99,0,,0,47925,654,Source One Financial Services,KS, alex noon,0,0,NV118,Silver
251664,,12758,120,Auto Decline,WADES RV SUPERCENTER - OK114,,OK,GLENPOOL,2026-08-22,,,2017,RV,Used,,36.73,4.19,jweller,,0,16.24,2300,2300,false,,,17.24,Silver 2,Silver 2,1,0,,0,12760,637,Source One Financial Services,OK,,0,0,OK114,Silver
251400,hhisek,69492,240,Decline,LEONARD TRUCK and TRAILER INC. -OH164,,OH,NORTH JACKSON,2026-08-22,,,2027,RV,New,,53.57,8.54,jharrington1,,3,9.74,8000,8000,false,,,11.24,Core,Core,1.26,0,,0,55224,730,Source One Financial Services,MD,,0,0,OH164,Core
251701,hhisek,39600,180,Decline,RNR RV CENTER - SPOKANE - WA150,,WA,Spokane,2026-08-22,,,2014,RV,Used,,33.5,14.98,ljablonoski,,2260,15.49,14500,14500,false,,,16.49,Silver 1,Silver 1,0,0,,0,0,657,Source One Financial Services,WA,,0,0,WA150,Silver
251700,hhisek,53150.95,240,Conditional Approval,Blue Compass RV - Austin - TX522,Blue Compass,TX,Buda,2026-08-22,2026-08-24,,2026,RV,New,,30.44,3.51,gott,,2243,9.99,2600,2600,false,,,11.49,Core,Core,1,0,,0,53345,696,Source One Financial Services,TX, caleb munoz,1,1,TX522,Core
251533,hhisek,11407.3,120,Approved,Bus Supply Company INC-MS118,,MS,Mccomb,2026-08-22,2026-08-22,,2026,RV,New,816,12.35,2.52,jsmith,,9,7.49,4000,4000,false,,,8.99,Core,Core,0.66,0,,0,17322.16,807,Source One Financial Services,MS, demi revels,1,1,MS118,Core
251592,avera,36710.12,180,Decline,HORIZON RV CENTER - GA136,,GA,LAKE PARK,2026-08-22,,,2017,RV,Used,660,33.33,5.97,jsmith,,19,14.99,3700,3700,false,,,15.99,Silver 1,Silver 1,0.79,0,,0,46360,645,Source One Financial Services,GA, lazaro remolina,0,0,GA136,Silver
251408,avera,27967.13,180,Booked,RCD RV - Medina - OH206,,OH,medina,2026-08-22,2026-08-25,2026-08-26,2021,RV,Used,639,28.31,2.32,jharrington1,6130,4726,9.24,0,0,false,1404,0,10.74,Core,Core,1.22,1678.03,6,0,22900,773,Source One Financial Services,OH, nathan olesh,1,0,OH206,Core
251606,hhisek,16996.45,144,Decline,AMERICA GO RV (Seguin) -TX419,,TX,SEGUIN,2026-08-22,,,2015,RV,Used,,19.39,4.43,gott,,17,10.99,10000,10000,false,,,12.49,Core,Core,0.47,0,,0,36100,708,Source One Financial Services,TX, matthew miehle,0,0,TX419,Core
251650,,85394.99,240,Auto Decline,Blue Compass RV - Danville - VA125,Blue Compass,VA,Ringgold,2026-08-22,,,2026,RV,New,,18.11,13.45,jsmith,,0,22.99,500,500,false,,,23.99,Bronze,Bronze,1.42,0,,0,60340,,Source One Financial Services,VA,,0,0,VA125,Business First
251445,,61103.97,180,Auto Decline,BLUE COMPASS RV - DENTON - TX148,Blue Compass,TX,Denton,2026-08-22,,,2027,RV,New,,43.52,2.61,gott,,0,22.99,10000,10000,false,,,23.99,Bronze,Bronze,1.19,0,,0,51486.5,610,Source One Financial Services,TX,,0,0,TX148,Business First
251643,mlomedico,21730.5,144,Conditional Approval,Bradford Marine & ATV-North Little Rock-AR141,Bradford Marine,AR,N. Little Rock,2026-08-22,2026-08-22,,2027,Boat,New,,41.03,2.56,jweller,,46,10.24,4000,4000,false,,,11.74,Core,Core,1.24,0,,0,17471.5,690,Source One Financial Services,AR, robby voss,1,1,AR141,Core
251569,hhisek,40425,180,Conditional Approval,SMITH MOTOR CO OF HATTIESBURG INC - MS107,,MS,HATTIESBURG,2026-08-22,2026-08-22,,2027,Boat,New,641,39.05,4.44,jsmith,,4,10.74,4075,4075,false,,,11.74,Core,Core,1.04,0,,0,38711,682,Source One Financial Services,LA, lisa hartfield,1,1,MS107,Core
251479,hhisek,24439.56,180,Decline,Rocky Ridge RV - Tyler - TX574,Rocky Ridge,TX,Tyler,2026-08-22,,,2017,RV,Used,635,10.68,4.22,gott,,9,14.99,2500,2500,false,,,15.99,Silver 1,Silver 1,0.84,0,,0,29200,643,Source One Financial Services,TX, brandon barsh,0,0,TX574,Silver
251570,Jhill,13305.21,144,Decline,Rocky Ridge RV - Nacogdoches - TX525,Rocky Ridge,TX,Nacogdoches,2026-08-22,,,2015,RV,Used,,2.91,2.91,gott,,4,10.99,3000,3000,false,,,12.74,Core,Core,1.05,0,,0,12650,707,Source One Financial Services,TX, troy ansley,0,0,TX525,Core
251590,mlomedico,125087.18,240,Auto Approval,Lakeland RV -WI515,,WI,Milton,2026-08-22,2026-08-28,,2026,RV,New,753,18.02,3.72,S1House,,8704,9.24,1183.79,20625.23,false,,,7.39,Core,Core,1.17,0,,0,106615,762,Source One Financial Services,WI, kevin schmidt,1,1,WI515,Core
251459,,10877.39,120,Auto Decline,Nice Campers.com-AR129,,AR,Russellville,2026-08-22,,,2021,RV,Used,,51.13,2.4,jweller,,0,13.24,1000,1000,false,,,14.24,Silver 1,Silver 1,0.91,0,,0,11935,676,Source One Financial Services,AR,,0,0,AR129,Silver
251583,hhisek,83146.7,240,Approved,Beckley's Camping Center - MD111,,MD,Thurmont,2026-08-22,2026-08-22,,2027,RV,New,816,23.11,4.92,gcoulombe,,63,7.24,10000,10000,false,,,8.49,Core,Not Applicable,0.85,0,,0,98190,703,Connexus Credit Union,PA, tony mills,1,1,MD111,Not Applicable
251681,mlomedico,75993.47,240,Conditional Approval,Cookeville RV and Marine - TN154,Easy Care,TN,Cookeville,2026-08-22,2026-08-22,,2027,RV,New,754,43.58,7.82,jsmith,,19,8.24,3300,10964.12,false,,,9.74,Core,Core,1.3,0,,0,58537,771,Source One Financial Services,TN, jim lakes,1,1,TN154,Core
251563,,61743.94,180,Cancelled,Blue Compass RV - Bakersfield - Sales - NCA145,Blue Compass,CA,Bakersfield,2026-08-22,,,2026,RV,New,,0,0,jrubi,,,22.99,500,9565,false,,,23.99,Bronze,Bronze,1.24,0,,0,49934,,Source One Financial Services,CA, martha quiroz,0,0,NCA145,Business First
251689,mlomedico,18197.66,144,Booked,Fun Town RV - Indianapolis - IN215,Fun Town,IN,Edinburgh,2026-08-22,2026-08-26,2026-08-26,2022,RV,Used,750,26.37,2.35,jharrington1,5607,5582,8.49,2500,2500,false,14,11,7.39,Core,Core,0.91,181.98,1,0,19950,787,Source One Financial Services,IN, chase ackeret,1,0,IN215,Core
251567,,31998,180,Auto Decline,UNLIMITED RV - MO192,,MO,INDEPENDENCE,2026-08-22,,,2026,RV,Used,,65.62,17.03,jweller,,11,22.99,11000,11000,false,,,23.99,Bronze,Bronze,1.03,0,,0,31130,618,Source One Financial Services,KS, bill king,0,0,MO192,Business First
251537,lgrace,83222.09,180,Verifications Incomplete,A and L RV SALES LLC -Chocowinity - NC120,,NC,CHOCWINITY,2026-08-22,2026-08-31,,2027,RV,New,,34.14,6.27,jsmith,,12854,11.49,8000,8099.46,false,,3108,11.74,Silver 1,Not Applicable,1.1,832.22,1,0,75408,678,Connexus Credit Union,NC, ryan branch,1,1,NC120,Not Applicable
251411,avera,32409.5,144,Conditional Approval,UNITED RV CENTERS INC - GA150,,GA,CHATSWORTH,2026-08-22,2026-08-22,,2019,RV,Used,,33.23,5.67,jsmith,,42,14.99,5950,5950,false,,,15.99,Silver 1,Silver 1,1.12,0,,0,28950,647,Source One Financial Services,GA, ryan lasuer,1,1,GA150,Silver
251458,hhisek,19255.69,144,Auto Approval,RV DEPOT LLC - FL188,,FL,THONOTOSASSA,2026-08-22,2026-08-24,,2018,RV,Used,623,43.78,4.62,wstoutimore,,2931,10.49,3000,3000,false,,,11.99,Core,Core,0.71,0,,0,27000,750,Source One Financial Services,FL, valon topalli,1,1,FL188,Core
251611,mlomedico,48246.46,180,Auto Approval,Fun Town RV - Las Vegas - NV116,Fun Town,NV,Las Vegas,2026-08-22,2026-08-22,,2026,RV,New,757,38.93,3.11,ljablonoski,,11,7.49,0,0,false,,,8.99,Core,Core,1.11,0,,0,43593,825,Source One Financial Services,NV, julie ronquillo,1,1,NV116,Core
251565,avera,14783.23,120,Conditional Approval,Blue Compass RV - Macon - GA157,Blue Compass,GA,Byron,2026-08-22,2026-08-22,,2019,RV,Used,,7.19,6.46,jsmith,,21,11.24,1500,1500,false,,,12.74,Core,Core,0.8,0,,0,18500,681,Source One Financial Services,GA, zach carmichael,1,1,GA157,Core
251647,,25073.46,180,Auto Decline,CRABTREE RV CENTER INC - AR101,,AR,ALMA,2026-08-22,,,2027,RV,New,572,8.82,4.52,jweller,,0,14.99,2800,2800,false,,,15.99,Silver 2,Silver 2,0.77,0,,0,32378,624,Source One Financial Services,AR,,0,0,AR101,Silver
251401,hhisek,19624.73,144,Auto Approval,Sundown Marine Inc. - EOK109,EPIC,OK,Glenpool,2026-08-22,2026-08-22,,2027,Boat,New,,33.73,6.85,S1House,,316,12.24,2500,2500,false,,,13.24,Silver 1,Silver 1,1.04,0,,0,18960,673,Source One Financial Services,OK, jp lixie,1,1,EOK109,Silver
251691,ahunt,64387,180,Decline,MY RV SD - SCA112,,CA,EL CAJON,2026-08-22,,,2013,RV,Used,,29.88,16.42,jrubi,,14,15.49,4000,8000,false,,,16.49,Silver 1,Silver 1,0,0,,0,0,645,Source One Financial Services,CA,,0,0,SCA112,Silver
251609,lgrace,61014.5,240,Decline,"Campers Inn RV of Myrtle Beach, Inc - SC109",Campers Inn,SC,Myrtle Beach,2026-08-22,,,2026,RV,New,,61.37,9.73,jsmith,,12,9.74,0,19000,false,,,11.24,Core,Core,0.76,0,,0,80452.6,732,Source One Financial Services,SC, dion sexton,0,0,SC109,Core
251425,hhisek,39069.69,180,Conditional Approval,Greeneway RV Sales -WI441,,WI,Wisconsin Rapids,2026-08-22,2026-08-22,,2022,RV,Used,676,9.3,2.45,S1House,,16,10.74,9000,9000,false,,,12.24,Core,Core,0.92,0,,0,42500,683,Source One Financial Services,WI, cole pearson,1,1,WI441,Core
251642,mlomedico,11602.01,120,Conditional Approval,BISH'S RV OF CHEYENNE - WY100,Bish's RV,WY,CHEYENNE,2026-08-22,2026-08-22,,2011,RV,Used,,31.86,1.05,dzilberchtein,,38,8.99,4000,4000,false,,,10.49,Core,Core,1.07,0,,0,10800,815,Source One Financial Services,CO, todd miillsap,1,1,WY100,Core
251484,,24533,144,Auto Decline,COUNTY LINE CAMPERS - MS108,,MS,GULFPORT,2026-08-22,,,2026,RV,New,,36.97,12.25,jsmith,,0,22.99,0,0,false,,,23.99,Bronze,Bronze,0.87,0,,0,28142,618,Source One Financial Services,MS,,0,0,MS108,Business First
251443,,14407.36,144,Auto Decline,Bent's RV - LA117,,LA,Boutte,2026-08-22,,,2022,RV,Used,,13.34,6.5,gott,,0,22.99,1550,1550,false,,,23.99,Bronze,Bronze,1.19,0,,0,12100,609,Source One Financial Services,LA,,0,0,LA117,Business First
251551,mlomedico,74629.16,180,Auto Approval,Legendary Marine - Destin - FL142,OneWater,FL,Destin,2026-08-22,2026-08-24,,2019,Boat,Used,,16.56,2.07,wstoutimore,,2795,13.74,133200,133200,false,,,14.74,Silver 1,Silver 1,0.46,0,,0,161710,673,Source One Financial Services,AL, nolon saucier,1,1,FL142,Silver
251679,eavila,70300,180,Decline,MY RV SD - SCA112,,CA,EL CAJON,2026-08-22,,,2027,RV,New,585,5.91,5.79,jrubi,,10,8.74,10000,10000,false,,,10.24,Core,Core,0.97,0,,0,72129,772,Source One Financial Services,CA,,0,0,SCA112,Core
251702,,15701.3,144,Auto Decline,Blue Compass RV - Albuquerque - NM112,Blue Compass,NM,Albuquerque,2026-08-22,,,2022,RV,Used,,104.47,5.76,edominguez,,0,22.99,1600,1600,false,,,23.99,Bronze,Bronze,1.13,0,,0,13900,596,Source One Financial Services,NM,,0,0,NM112,Business First
251516,lgrace,35952.67,204,Booked,Blue Compass RV - Danville - VA125,Blue Compass,VA,Ringgold,2026-08-22,2026-09-02,2026-09-02,2026,RV,New,,33.84,10.42,jsmith,16046,16027,9.74,3500,3500,false,19,0,11.24,Core,Core,0.89,2157.16,6,0,40438,725,Source One Financial Services,NC, doran mccormick,1,0,VA125,Core
251511,lgrace,48651.27,180,Booked,Driftwood RV Center inc-NJ106,,NJ,Clermont,2026-08-22,2026-08-24,2026-08-24,2022,RV,Used,704,29.88,2.76,gcoulombe,3147,3131,10.24,5000,5000,false,15,1,11.74,Core,Core,0.96,2919.08,6,0,50850,736,Source One Financial Services,PA, craig miller,1,0,NJ106,Core
251594,eavila,37572.5,180,Decline,Campinc LLC - OK110,,OK,McAlester,2026-08-22,,,2024,RV,New,687,48.77,4.19,jweller,,50,9.99,20000,20105,false,,,11.49,Core,Not Applicable,0.81,0,,0,46209,693,Connexus Credit Union,OK, jack elgin,0,0,OK110,Not Applicable
251413,hhisek,89928.92,240,Approved,HORIZON RV CENTER - GA136,,GA,LAKE PARK,2026-08-22,2026-08-22,,2027,RV,New,734,20.57,12.79,jsmith,,4,9.74,10000,30000,false,,,11.24,Core,Core,0.72,0,,0,124748,739,Source One Financial Services,GA, lazaro remolina,1,1,GA136,Core
251412,lgrace,22350,204,Verifications Incomplete,Blue Compass RV - Spartanburg - SC144,Blue Compass,SC,Duncan,2026-08-22,2026-08-29,,2022,RV,Used,608,32.69,3.82,jsmith,,10277,14.49,2000,2000,false,,0,15.49,Silver 1,Silver 1,1.4,894,4,0,16000,654,Source One Financial Services,SC, john balma,1,1,SC144,Silver
251636,mlomedico,18432,144,Conditional Approval,"Bill Thomas Camper Sales, Inc -MO105",,MO,Wentzville,2026-08-22,2026-08-22,,2026,RV,Used,,29.43,3.32,jweller,,37,14.99,1960,1960,false,,,15.99,Silver 1,Silver 1,0.83,0,,0,22150,640,Source One Financial Services,MO, ronald koenig,1,1,MO105,Silver
251456,Jhill,21684.05,144,Booked,Fun Town RV Win LLC - OK109,Fun Town,OK,Thackerville,2026-08-22,2026-08-29,2026-08-29,2026,RV,New,,34.58,5.58,jweller,10371,10331,9.74,0,0,false,37,3,11.24,Core,Core,1.22,1301.04,6,0,17705,732,Source One Financial Services,OK, rob miller,1,0,OK109,Core
251480,,90146.03,240,Auto Decline,DADS CAMPER OUTLET - GULFPORT - MS100,,MS,GULFPORT,2026-08-22,,,2026,RV,New,644,24.55,22.78,jsmith,,0,12.49,21000,21000,false,,,13.49,Silver 1,Silver 1,0.85,0,,0,106125,671,Source One Financial Services,MS,,0,0,MS100,Silver
251634,Jhill,186116.15,240,Decline,TEXAS RV OUTLET SUPERSTORE - TX331,,TX,WILLOW PARK,2026-08-22,,,2017,RV,Used,,26.07,15.97,gott,,28,8.49,39000,63400,false,,,9.99,Core,Core,0.63,0,,0,297715,818,Source One Financial Services,TX, bryan roberts,0,0,TX331,Core
251406,lgrace,77910.48,240,Auto Approval,Premier Watersports - Gallatin - ETN132,EPIC,TN,Gallatin,2026-08-22,2026-09-03,,2024,Boat,Used,,41.28,5.71,S1House,,17603,9.49,7750,7750,false,,,10.99,Core,Core,0.9,0,,0,86700,704,Source One Financial Services,MS, jp lixie,1,1,ETN132,Core
251703,rsimmons,64529.44,180,Decline,Blue Compass RV - Katy - TX571,Blue Compass,TX,Katy,2026-08-22,,,2022,RV,Used,609,17.82,7.48,gott,,2163,13.24,7000,7000,false,,,14.24,Silver 1,Silver 1,0.98,0,,0,65725,673,Source One Financial Services,TX, jakob cunningham,0,0,TX571,Silver
251451,mlomedico,111144.08,144,Booked,LEONARD TRUCK and TRAILER INC. -OH164,,OH,NORTH JACKSON,2026-08-22,2026-09-02,2026-09-02,2027,RV,New,,27.18,11.94,jharrington1,16202,16192,9.99,21000,21000,false,10,0,11.49,Core,Core,0.81,6668.64,6,0,137406,700,Source One Financial Services,KY,,1,0,OH164,Core
251431,mlomedico,45484.42,180,Decline,ROCKY MOUNTAIN RV and MARINE - NM101,,NM,ALBUQUERQUE,2026-08-22,,,2026,RV,New,575,55.25,6.12,edominguez,,18,10.24,0,0,false,,,11.74,Core,Core,1.04,0,,0,43576,684,Source One Financial Services,NM, bianca mcclaskey,0,0,NM101,Core
251422,lgrace,47404.46,204,Booked,Rex and Sons RVs Inc - NC127,,NC,CASTLE HAYNE,2026-08-22,2026-08-26,2026-08-26,2026,RV,New,758,48.53,4.07,jsmith,6170,6161,8.24,1000,-1380.74,false,8,1,9.74,Core,Core,1.23,2844.27,6,0,38566,769,Source One Financial Services,NC,,1,0,NC127,Core
251405,lgrace,45484.42,180,Decline,ROCKY MOUNTAIN RV and MARINE - NM101,,NM,ALBUQUERQUE,2026-08-22,,,2026,RV,New,,83.2,15.45,edominguez,,3,10.24,0,0,false,,,11.74,Core,Core,1.04,0,,0,43576,684,Source One Financial Services,NM, bianca mcclaskey,0,0,NM101,Core
251435,,61096.58,240,Auto Decline,National RV Detroit -MI147,Selvius RV,MI,Belleville,2026-08-22,,,2026,RV,New,,4.22,1.13,dzilberchtein,,7,22.99,6000,6000,false,,,23.99,Bronze,Silver 2,1.6,0,,0,38135,639,Source One Financial Services,CA, kyler rilett,0,0,MI147,Business First
251417,Jhill,50458.29,180,Auto Approval,Fun Town RV Win LLC - OK109,Fun Town,OK,Thackerville,2026-08-22,2026-08-22,,2025,RV,New,,23.47,7.36,jweller,,36,8.74,6000,6000,false,,,10.24,Core,Core,0.86,0,,0,58374,763,Source One Financial Services,NM, rob miller,1,1,OK109,Core
251686,eavila,61907.65,240,Decline,OPTIMUM RV TX LLC - Robstown - TX481,Optimum RV,TX,ROBSTOWN,2026-08-22,,,2026,RV,New,,59.44,7.03,gott,,25,10.24,0,5000,false,,,11.74,Core,Core,0.93,0,,0,66525,693,Source One Financial Services,TX, josh brewer,0,0,TX481,Core
251654,mlomedico,35977.1,204,Verifications Incomplete,Blue Compass RV - Albuquerque - NM112,Blue Compass,NM,Albuquerque,2026-08-22,2026-08-25,,2019,RV,Used,,8.39,5.41,edominguez,,4280,8.99,2500,2500,false,,1,10.49,Core,Core,1.44,0,,0,25050,796,Source One Financial Services,NM, scott rodriguez,1,1,NM112,Core
251683,mlomedico,49372.21,180,Booked,LDRV of Tampa - FL340,Campers Inn,FL,Seffner,2026-08-22,2026-08-26,2026-08-26,2026,RV,New,,26.51,3.07,wstoutimore,5736,5448,9.99,2000,2000,false,288,0,11.49,Core,Core,1.21,2962.33,6,0,40758,720,Source One Financial Services,FL, christine kostecki,1,0,FL340,Core
251673,mlomedico,49900,204,Conditional Approval,Bradford Marine & ATV-North Little Rock-AR141,Bradford Marine,AR,N. Little Rock,2026-08-22,2026-08-22,,2024,Boat,New,,36.92,3.79,jweller,,6,10.24,5000,5000,false,,,11.74,Core,Core,0.88,0,,0,56805,696,Source One Financial Services,AR, robby voss,1,1,AR141,Core
251582,hhisek,51407.5,180,Conditional Approval,SR1 RV - Loudon - NH115,,NH,Loudon,2026-08-22,2026-08-22,,2021,RV,Used,683,24.8,6,gcoulombe,,6,10.49,0,3000,false,,,11.99,Core,Core,0.92,0,,0,55850,717,Source One Financial Services,ME, mike fraser,1,1,NH115,Core
251560,eavila,54539.5,240,Decline,Blue Compass RV - Reno - NV119,Blue Compass,NV,Reno,2026-08-22,,,2026,RV,New,772,41.25,2.41,ljablonoski,,30,12.49,0,0,false,,,13.49,Silver 1,Silver 1,1.09,0,,0,50146,675,Source One Financial Services,NV, brina rounds,0,0,NV119,Silver
251518,Jhill,21649.3,144,Booked,"Hemlock Hill RV Sales, Inc-CT107",,CT,Southington,2026-08-22,2026-08-27,2026-09-02,2024,RV,Used,707,37.7,3.2,gcoulombe,16010,7394,9.99,5000,5000,false,8613,3,11.49,Core,Core,1.01,1298.96,6,0,21450,736,Source One Financial Services,NH, brandon brown,1,0,CT107,Core
251492,Jhill,14863.25,144,Booked,CAMPERS RV CENTER - LA103,,LA,SHREVEPORT,2026-08-22,2026-08-27,2026-08-28,2024,RV,New,789,29.49,1.66,gott,8860,7304,7.49,0,9500,false,27,1529,7.99,Core,Core,0.54,297.26,2,0,27570,835,Source One Financial Services,LA, dustin pinkston,1,0,LA103,Core
251574,hhisek,70668.5,240,Booked,Fun Town RV Win LLC - OK109,Fun Town,OK,Thackerville,2026-08-22,2026-08-31,2026-08-31,2026,RV,New,,19.23,9.35,jweller,12993,12917,9.49,3150,3150,false,69,7,10.99,Core,Core,0.99,4240.11,6,0,71558,711,Source One Financial Services,OK, rob miller,1,0,OK109,Core
251473,mlomedico,14784.86,120,Auto Approval,Texas Trader RV - TX267,Ron Hoover,TX,La Feria,2026-08-22,2026-08-22,,2018,RV,Used,,9.31,1.42,gott,,17,10.49,4600,4600,false,,,11.99,Core,Core,1.31,0,,0,11300,752,Source One Financial Services,TX, trey flores,1,1,TX267,Core
251468,Jhill,29725.35,144,Decline,Bent's RV - LA117,,LA,Boutte,2026-08-22,,,2026,RV,New,,36.51,9.44,gott,,25,13.74,2500,2500,false,,,14.74,Silver 1,Silver 1,0.87,0,,0,34096,659,Source One Financial Services,LA, matthew hollifield,0,0,LA117,Silver
251482,hhisek,15333.5,144,Auto Approval,Razorback Camper Sales-AR130,,AR,Hot Springs,2026-08-22,2026-08-25,,2014,RV,Used,,8.85,3.53,jweller,,4353,11.49,1600,1600,false,,,12.99,Core,Core,0.93,0,,0,16400,716,Source One Financial Services,AR, doug johnson,1,1,AR130,Core
251660,Jhill,68876.85,240,Conditional Approval,Blue Compass RV - Tyler - TX552,Blue Compass,TX,Tyler,2026-08-22,2026-08-22,,2026,RV,New,,40.94,6.22,gott,,40,7.49,6000,13500,false,,,8.99,Core,Core,1.3,0,,0,53048,819,Source One Financial Services,TX, brian vaseleck,1,1,TX552,Core
251415,jharrington1,74403.73,204,Conditional Approval,SPECIALTY OUTDOORS - OH189,,OH,LANCASTER,2026-08-22,2026-08-22,,2025,RV,New,,17.56,9.37,jharrington1,,13,12.49,25000,25000,false,,,13.49,Silver 1,Silver 1,0.62,0,,0,120450,679,Source One Financial Services,OH, russ miller,1,1,OH189,Silver
251535,hhisek,14232.27,120,Decline,BLUE COMPASS RV - FT WORTH - TX420,Blue Compass,TX,Fort Worth,2026-08-22,,,2017,RV,Used,,15.93,2.59,gott,,8,10.74,4000,4000,false,,,12.24,Core,Core,0.97,0,,0,14700,733,Source One Financial Services,TX, shane smith,0,0,TX420,Core
251515,mlomedico,25445,144,Decline,Blue Compass RV - Spartanburg - SC144,Blue Compass,SC,Duncan,2026-08-22,2026-08-25,,2026,RV,New,,23.62,5.82,jsmith,,7470,10.99,3000,3000,false,,,10.99,Silver 1,Not Applicable,0.84,0,,0,30183,673,Connexus Credit Union,SC, john balma,0,0,SC144,Not Applicable
251625,,10305.21,96,Cancelled,Rocky Ridge RV - Nacogdoches - TX525,Rocky Ridge,TX,Nacogdoches,2026-08-22,,,2015,RV,Used,,0,0,gott,,,22.99,6000,6000,false,,,23.99,Bronze,Bronze,0.81,0,,0,12650,,Source One Financial Services,TX, kolten archuleta,0,0,TX525,Business First
251558,mlomedico,16480,144,Approved,Bradford Marine & ATV-North Little Rock-AR141,Bradford Marine,AR,N. Little Rock,2026-08-22,2026-08-22,,2027,Boat,New,756,2.18,1.6,jweller,,6,7.49,15000,15000,false,,,8.99,Core,Core,0.64,0,,0,25929,815,Source One Financial Services,AR, robby voss,1,1,AR141,Core
251423,Jhill,10157.2,120,Booked,Ashley Marine LLC - GA147,,GA,Columbus,2026-08-22,2026-08-25,2026-08-25,2026,Boat,New,733,1.07,0.74,jsmith,4659,4573,7.49,10000,11000,false,79,7,6.99,Core,Core,0.62,101.57,1,0,16380,822,Source One Financial Services,GA, shirley ashley,1,0,GA147,Core
251585,Jhill,57493.42,204,Booked,Fun Town RV - Cleburne -TX108,Fun Town,TX,Cleburne,2026-08-22,2026-08-31,2026-08-31,2026,RV,New,,43.61,7.92,S1House,13233,12570,9.99,0,0,false,661,2,9.99,Core,Core,1.19,0,0,0,48434,707,Source One Financial Services,TX, laci boulware,1,0,TX108,Core
251651,mlomedico,90713.1,240,Decline,Fun Town RV - Indianapolis - IN215,Fun Town,IN,Edinburgh,2026-08-22,,,2026,RV,New,722,54.43,14.1,jharrington1,,17,9.49,10000,10000,false,,,10.99,Core,Core,1.19,0,,0,75929,747,Source One Financial Services,KY, chase ackeret,0,0,IN215,Core
251523,,26260,180,Auto Decline,AC Nelsen RV World - NE103,,NE,Omaha,2026-08-22,,,2025,RV,New,,8.09,6.69,dzilberchtein,,0,14.99,1000,1000,false,,,15.99,Silver 2,Silver 2,0.8,0,,0,32699,634,Source One Financial Services,NE,,0,0,NE103,Silver
251452,,122828,240,Cancelled,AEONrv - ENV100,EPIC,NV,Reno,2026-08-22,,,2026,RV,New,,0,0,S1House,,,22.99,135000,135000,false,,,23.99,Bronze,Bronze,0.6,0,,0,203760,,Source One Financial Services,CO, jp lixie,0,0,ENV100,Business First
251694,,38649.63,180,Auto Decline,CRESTVIEW RV SUPERSTORE - SELMA - TX484,Campers Inn,TX,SELMA,2026-08-22,,,2017,RV,Used,,36.31,3.75,gott,,0,22.99,4300,4300,false,,,23.99,Bronze,Bronze,1,0,,0,38720,601,Source One Financial Services,TX,,0,0,TX484,Business First
251652,eavila,75451.98,240,Decline,FUN TOWN RV OK LLC - OK121,Fun Town,OK,OKLAHOMA CITY,2026-08-22,,,2026,RV,New,,15.2,2.74,jweller,,46,10.24,0,0,false,,,11.74,Core,Core,0.93,0,,0,81315,697,Source One Financial Services,TX, arthur fenimore,0,0,OK121,Core
251675,,64032,180,Auto Decline,I-15 RV - SCA114,,CA,HESPERIA,2026-08-22,,,2026,RV,New,,29.35,15.63,jrubi,,0,22.99,16300,16300,false,,,23.99,Bronze,Bronze,0.9,0,,0,71165,580,Source One Financial Services,CA,,0,0,SCA114,Business First
251554,Jhill,18028.03,144,Auto Approval,United RV -TX228,,TX,Fort Worth,2026-08-22,2026-08-22,,2026,RV,New,,8.49,1.74,gott,,39,9.74,2000,2000,false,,,11.49,Core,Core,0.88,0,,0,20445,732,Source One Financial Services,TX, brent sullivan,1,1,TX228,Core
251531,avera,117274.79,240,Conditional Approval,REINEKE RV - LIMA - OH182,,OH,LIMA,2026-08-22,2026-08-22,,2026,RV,New,,21.69,4.05,jharrington1,,48,9.49,12500,12500,false,,,10.99,Core,Core,1.01,0,,0,116125,709,Source One Financial Services,TN, corey stone,1,1,OH182,Core
251595,eavila,14603,120,Conditional Approval,BRETZ RV & MARINE - BILLINGS - MT115,Bretz RV,MT,Billings,2026-08-22,2026-08-22,,2027,RV,New,647,43.8,1.66,dzilberchtein,,49,10.74,1000,18891,false,,,10.99,Silver 1,Not Applicable,0.47,0,,0,31170,667,Connexus Credit Union,MT, nikolaus hinebauch,1,1,MT115,Not Applicable
251506,mlomedico,58879.5,144,Booked,Blue Compass RV - Park City-KS117,Blue Compass,KS,Park City,2026-08-22,2026-08-26,2026-08-27,2027,RV,New,,29.74,4.84,jweller,7412,6191,7.99,0,0,false,1218,3,9.24,Core,Core,1.22,3532.77,6,0,48169.25,795,Source One Financial Services,WY, kurt bull,1,0,KS117,Core
251653,ahunt,61897.4,180,Conditional Approval,General RV - Richmond - VA117,General RV,VA,Ashland,2026-08-22,2026-08-22,,2024,RV,Used,,44.59,6.79,jsmith,,87,10.24,6500,6500,false,,,11.74,Core,Core,0.79,0,,0,77950,695,Source One Financial Services,VA, blake cartin,1,1,VA117,Core
251669,mlomedico,16195.1,144,Approved,"Campers Inn RV of South Louisville, Inc. - KY147",Campers Inn,KY,Lebanon Junction,2026-08-22,2026-08-22,,2019,RV,Used,675,33,1.53,jharrington1,,36,10.49,9000,9000,false,,,11.99,Core,Core,0.76,0,,0,21350,745,Source One Financial Services,KY, bruce brown,1,1,KY147,Core
251493,avera,64926.84,240,Decline,Recreation USA LLC - Myrtle Beach - SC134,,SC,Myrtle Beach,2026-08-22,,,2025,RV,New,,60.58,9.86,jsmith,,6,8.74,0,7249.66,false,,,10.24,Core,Core,0.93,0,,0,69645,767,Source One Financial Services,NC, tracy piller,0,0,SC134,Core
251446,hhisek,18846.85,144,Auto Approval,Capital RV - Minot - ND118,Campers Inn,ND,Minot,2026-08-22,2026-08-25,,2026,RV,New,,14.62,6.12,dzilberchtein,,4677,13.74,2000,2000,false,,,14.74,Silver 1,Silver 1,0.79,0,,0,23825.15,652,Source One Financial Services,ND, michelle barber,1,1,ND118,Silver
251644,ahunt,121998.8,240,Decline,General RV - Tampa - FL238,General RV,FL,Dover,2026-08-22,,,2027,RV,New,,43.15,12.54,wstoutimore,,72,12.49,5480.56,18480.56,false,,,13.49,Silver 1,Silver 1,1.3,0,,0,93519,676,Source One Financial Services,FL, sofiane yahiaoui,0,0,FL238,Silver
251684,eavila,47192.71,204,Approved,Blue Compass RV - South Beumont - TX551,Blue Compass,TX,Vidor,2026-08-22,2026-08-22,,2026,RV,New,734,36.43,2.14,gott,,39,9.49,0,0,false,,,10.99,Core,Core,1.01,0,,0,46867,747,Source One Financial Services,TX, brazos hesskew,1,1,TX551,Core
251632,mlomedico,36374.98,240,Decline,CAMPING NATION RVS LLC - AZ322,,AZ,MESA,2026-08-22,,,2021,RV,Used,546,33.96,2.12,edominguez,,15,10.74,8000,8000,false,,,12.24,Core,Core,0.74,0,,0,49250,681,Source One Financial Services,AZ, zachary booth,0,0,AZ322,Core
251496,,39030,180,Auto Decline,"Kris Willis RV, LLC -MO127",,MO,Dexter,2026-08-22,,,2026,RV,Used,,54.38,20.25,jweller,,0,22.99,0,0,false,,,23.99,Bronze,Bronze,1.16,0,,0,33750,548,Source One Financial Services,MO,,0,0,MO127,Business First
251527,ahunt,28896.54,180,Auto Approval,Ashley Marine LLC - Stapleton - AL168,,AL,Stapleton,2026-08-22,2026-08-22,,2027,Boat,New,,32.08,3.45,jsmith,,68,8.74,0,0,false,,,10.24,Core,Core,1.26,0,,0,22902,761,Source One Financial Services,AL, joey hawkins,1,1,AL168,Core
251638,Jhill,120318.55,240,Auto Approval,Campers Inn - Ocala - FL158,Campers Inn,FL,Ocala,2026-08-22,2026-08-24,,2027,RV,New,,38.37,7.5,pcarter,,2586,8.99,19000,27800,false,,,10.49,Core,Core,1.3,0,,0,92647,742,Source One Financial Services,FL, aaron brown,1,1,FL158,Core
251521,lgrace,39480.88,180,Booked,Smithville Marine EMO102,EPIC,MO,Smithville,2026-08-22,2026-08-27,2026-09-02,2026,Boat,New,,12.55,1.99,S1House,15710,7166,8.64,2100,12100,false,5689,2855,9.64,Silver 1,Not Applicable,0.75,1579.24,4,0,52597,672,Ideal Credit Union,MO, jp lixie,1,0,EMO102,Not Applicable
251517,lgrace,34139.92,240,Decline,Blue Compass RV - Raleigh - NC157,Blue Compass,NC,Raleigh,2026-08-22,,,2027,RV,New,,49.84,3.93,jsmith,,45,13.74,15000,17000,false,,,14.74,Silver 1,Silver 1,0.76,0,,0,45052,657,Source One Financial Services,NC, kayla bays,0,0,NC157,Silver
251402,,16058.74,144,Auto Decline,Beckley's Camping Center - MD111,,MD,Thurmont,2026-08-22,,,2026,RV,New,599,58.95,3.6,gcoulombe,,0,22.99,16000,24300,false,,,23.99,Bronze,Bronze,0.38,0,,0,41754,619,Source One Financial Services,WV,,0,0,MD111,Business First
251613,mlomedico,16500,144,Booked,INLAND BOAT CENTER INC - SCA106,,CA,PERRIS,2026-08-22,2026-08-27,2026-08-27,2010,Boat,Used,,26.81,4.96,jrubi,7123,7098,9.49,3000,3000,false,15,10,10.74,Core,Core,1.04,825,5,0,15935,803,Source One Financial Services,CA, taylor nissen,1,0,SCA106,Core
251695,eavila,94505,240,Auto Approval,MAPLE GROVE RV - WA116,,WA,EVERETT,2026-08-22,2026-08-22,,2024,RV,Used,678,49.99,4.99,ljablonoski,,34,7.24,9200,9200,false,,,8.74,Core,Core,1.06,0,,0,89095,826,Source One Financial Services,WA,,1,1,WA116,Core
251542,mlomedico,65401.07,204,Booked,BLUE COMPASS RV - MESA - AZ245,Blue Compass,AZ,MESA,2026-08-22,2026-08-24,2026-08-25,2026,RV,New,,38.29,10.38,edominguez,4463,3000,12.24,8000,8000,false,1458,5,13.74,Core,Core,1.03,3924.06,6,0,63263,680,Source One Financial Services,AZ, tara price,1,0,AZ245,Core
251584,lgrace,36929,180,Decline,PALMETTO BOAT CENTER INC - SC101,,SC,PIEDMONT,2026-08-22,,,2016,Boat,Used,,27.12,5.46,jsmith,,22,14.99,4100,4100,false,,,15.99,Silver 1,Silver 1,1.03,0,,0,35915,651,Source One Financial Services,SC, zach whitehead,0,0,SC101,Silver
251510,hhisek,19658.76,144,Conditional Approval,Campers Inn RV - Johnstown - CO163,Campers Inn,CO,Johnstown,2026-08-22,2026-08-22,,2026,RV,New,,8.88,0.37,dzilberchtein,,14,12.49,3000,3000,false,,,13.49,Silver 1,Silver 1,0.89,0,,0,21998,679,Source One Financial Services,CO, glover howard,1,1,CO163,Silver
251614,,24804.88,180,Auto Decline,Texas Trader RV - TX267,Ron Hoover,TX,La Feria,2026-08-22,,,2025,RV,Used,,4.42,2.44,gott,,0,14.99,10000,10000,false,,,15.99,Silver 2,Silver 2,1.55,0,,0,16000,636,Source One Financial Services,TX,,0,0,TX267,Silver
251635,mlomedico,62193.48,180,Conditional Approval,Moix RV - Hot Springs Landing LLC - AR135,,AR,Hot Springs,2026-08-22,2026-08-22,,2026,RV,Used,641,30.57,5.8,jweller,,30,9.74,0,22000,false,,,11.24,Core,Core,0.65,0,,0,95375,724,Source One Financial Services,MO, brayden fisher,1,1,AR135,Core
251688,mlomedico,101619.25,180,Conditional Approval,Fun Town RV-Denton -TX322,Fun Town,TX,Denton,2026-08-22,2026-08-22,,2026,RV,New,808,19,4.5,gott,,7,7.49,25000,-23902.39,false,,,8.99,Core,Core,1.2,0,,0,84851,846,Source One Financial Services,TX, douglas santos,1,1,TX322,Core
251461,lgrace,11028.25,120,Auto Approval,COASTAL RV - VA102,,VA,CARROLLTON,2026-08-22,2026-08-22,,2020,RV,Used,,16.1,2.62,jsmith,,8,10.74,0,8700,false,,,12.49,Core,Core,0.6,0,,0,18500,696,Source One Financial Services,VA, ron beagle,1,1,VA102,Core
251470,,43676.94,180,Auto Decline,RV Station LTD - Donna -TX289,,TX,Donna,2026-08-22,,,2025,RV,New,,26.49,4.89,gott,,0,22.99,4500,4500,false,,,23.99,Bronze,Bronze,0.89,0,,0,49145,615,Source One Financial Services,TX,,0,0,TX289,Business First
251630,mlomedico,55403.62,180,Booked,Fun Town RV - Las Vegas - NV116,Fun Town,NV,Las Vegas,2026-08-22,2026-08-24,2026-08-24,2026,RV,New,757,39.39,3.57,ljablonoski,2850,2738,7.49,0,0,false,111,1,8.99,Core,Core,1.27,3324.22,6,0,43593,825,Source One Financial Services,NV, ken fields,1,0,NV116,Core
251629,,10305.21,120,Cancelled,Rocky Ridge RV - Nacogdoches - TX525,Rocky Ridge,TX,Nacogdoches,2026-08-22,,,2015,RV,Used,,0,0,gott,,,22.99,6000,6000,false,,,23.99,Bronze,Bronze,0.81,0,,0,12650,,Source One Financial Services,TX, kolten archuleta,0,0,TX525,Business First
251474,ahunt,41334.68,180,Auto Approval,WAGNERS OUTDOOR EXPRESS RV LLC - WV103,Easy Care,WV,FALLING WATERS,2026-08-22,2026-08-24,,2027,RV,New,,41.81,2.46,jharrington1,,2860,9.74,1000,1000,false,,,11.24,Core,Core,1.1,0,,0,37496,728,Source One Financial Services,MD, jim lakes,1,1,WV103,Core
251620,hhisek,63161.46,280,Decline,AMERICA GO RV (Seguin) -TX419,,TX,SEGUIN,2026-08-22,,,2021,RV,Used,516,11.14,1.83,gott,,2967,7.99,0,0,false,,,9.49,Core,Core,1.11,0,,0,56700,803,Source One Financial Services,TN, russell mccune,0,0,TX419,Core
251631,ahunt,44496.22,180,Approved,General RV Center - North Canton - OH200,General RV,OH,North Canton,2026-08-22,2026-08-22,,2026,RV,New,,29.38,3.02,jharrington1,,70,7.99,5000,5000,false,,,9.49,Core,Core,1.07,0,,0,41444,781,Source One Financial Services,OH, angelina evans,1,1,OH200,Core
251656,,32006.28,180,Auto Approval,Johnston RV Center - AL134,,AL,Decatur,2026-08-22,2026-08-22,,2026,RV,New,,12.42,4.07,jsmith,,18,7.49,0,0,false,,,8.99,Core,Core,0.92,0,,0,34659,804,Source One Financial Services,AL, rick stackhouse,1,1,AL134,Core
251619,mlomedico,62471.91,180,Booked,Dicks RV - WI120,Markquart,WI,Arkansaw,2026-08-22,2026-08-31,2026-08-31,2019,RV,Used,706,41.36,4.13,S1House,13131,12870,10.74,6500,10000,false,246,15,7.39,Core,Core,1.43,624.72,1,0,43550,763,Source One Financial Services,MN, casey stanton,1,0,WI120,Core
251680,eavila,35465,180,Auto Approval,GARLANDS RV OF TENNESSEE - TN122,,TN,SPRINGVILLE,2026-08-22,2026-08-22,,2027,RV,New,664,34.07,7.23,jsmith,,23,12.49,3900,14918,false,,,13.49,Silver 1,Silver 1,1.06,0,,0,33544,662,Source One Financial Services,TN, pat hayes,1,1,TN122,Silver
251547,Jhill,24761.78,144,Auto Approval,SMITH MOTOR CO OF HATTIESBURG INC - MS107,,MS,HATTIESBURG,2026-08-22,2026-08-22,,2026,Boat,Used,,24.78,4.99,jsmith,,40,9.49,0,0,false,,,10.99,Core,Core,0.96,0,,0,25800,756,Source One Financial Services,MS, elizabeth aycox,1,1,MS107,Core
251449,hhisek,20154.61,120,Decline,Ron Hoover - Lubbock - TX499,Ron Hoover,TX,Slaton,2026-08-22,,,2021,RV,Used,,23.91,4.44,gott,,5,14.49,2000,2000,false,,,15.49,Silver 1,Silver 1,0.77,0,,0,26080,641,Source One Financial Services,TX, jon vidaure,0,0,TX499,Silver
251553,hhisek,18821.9,144,Conditional Approval,ROSS MOTORSPORTS INC - TX457,,TX,LUFKIN,2026-08-22,2026-08-22,,2026,Boat,New,,22.98,1.96,gott,,21,10.24,3000,3000,false,,,11.74,Core,Core,1.06,0,,0,17795.85,688,Source One Financial Services,TX, ryan williams,1,1,TX457,Core
251552,hhisek,72336.01,240,Decline,Gil Cherry Family RV Center LLC -TX130,,TX,Sweetwater,2026-08-22,,,2026,RV,New,,1.58,0.52,gott,,11,9.99,7600,7600,false,,,11.49,Core,Core,1.08,0,,0,66886,705,Source One Financial Services,TX, brad walker,0,0,TX130,Core
251489,hhisek,52227.57,204,Verifications Incomplete,Blue Compass RV - Winston-Salem - NC159,Blue Compass,NC,Rural Hall,2026-08-22,2026-08-27,,2021,RV,Used,611,17.9,3.62,jsmith,,7600,13.24,4500,4500,false,,0,14.24,Silver 1,Silver 1,1.34,0,,0,39100,673,Source One Financial Services,NC, ryan wall,1,1,NC159,Silver
251498,hhisek,149996.09,180,Pending,Southaven RV & Marine - MS115,,MS,Southaven,2026-08-22,,,2027,RV,New,,34.14,11.81,jsmith,,56,9.49,15750,15750,false,,,10.99,Core,Not Applicable,1.03,0,,0,145945.65,744,Connexus Credit Union,MS, havanna klamm,0,0,MS115,Not Applicable
251429,avera,27885.96,180,Booked,LEOS VACATION CENTER INC - MD102,,MD,GAMBRILLS,2026-08-22,2026-08-27,2026-08-31,2025,RV,New,,10.88,2.23,gcoulombe,13482,7371,7.74,250,250,false,4690,1421,8.74,Core,Not Applicable,1.3,1115.44,4,0,21521,745,Connexus Credit Union,MD,,1,0,MD102,Not Applicable
251617,,26667.78,120,Auto Decline,RV COUNTRY - FRESNO - NCA115,RV Country,CA,FRESNO,2026-08-22,,,2021,RV,Used,690,33.04,7.7,jrubi,,0,15.74,8500,8500,false,,,16.74,Silver 2,Silver 2,0.98,0,,0,27345,625,Source One Financial Services,CA,,0,0,NCA115,Silver
251512,Jhill,27063.58,180,Booked,GREAT AMERICAN RV SUPERSTORE-CALERA - AL143,,AL,CALERA,2026-08-22,2026-08-25,2026-08-25,2026,RV,New,,25.09,2.83,jsmith,4537,4522,9.74,0,2672.53,false,14,1,11.24,Core,Core,1.34,1623.81,6,0,20270,721,Source One Financial Services,AL, mike lindemood,1,0,AL143,Core
251504,hhisek,47670.96,144,Decline,FUN TOWN RV OK LLC - OK121,Fun Town,OK,OKLAHOMA CITY,2026-08-22,,,2026,RV,New,,26.65,5.39,jweller,,48,12.49,5000,5000,false,,,13.49,Silver 1,Not Applicable,0.88,0,,0,54401,665,Connexus Credit Union,TX, calvin mullins,0,0,OK121,Not Applicable
251453,hhisek,28299,180,Booked,BOLAND RV - MO199,,MO,HANNIBAL,2026-08-22,2026-08-26,2026-08-26,2021,RV,Used,,30.68,2.13,jweller,6206,5857,10.49,10000,10000,false,25,324,11.99,Core,Core,0.88,1697.94,6,0,32200,705,Source One Financial Services,MO, sam boutwell,1,0,MO199,Core
251706,jrubi,23334.42,180,Decline,Sky River RV - Santa Maria - SCA148,SkyRiver,CA,Santa Maria,2026-08-22,,,2024,RV,Used,,32.37,6.75,jrubi,,890,9.74,2500,2500,false,,,11.24,Core,Core,1.09,0,,0,21500,740,Source One Financial Services,CA, nilton silveira,0,0,SCA148,Core
251676,mlomedico,27318.66,204,Booked,BLUE COMPASS RV - CORPUS CHRISTI - TX459,Blue Compass,TX,CORPUS CHRISTI,2026-08-22,2026-08-25,2026-08-27,2027,RV,New,,34.63,4.46,gott,6982,3934,9.99,3500,3500,false,3047,1,11.49,Core,Core,1.1,1639.12,6,0,24943.75,711,Source One Financial Services,TX, elisa escamilla,1,0,TX459,Core
251444,hhisek,29178.41,180,Booked,CAMP EZ RV - TX528,,TX,LIVINGSTON,2026-08-22,2026-09-02,2026-09-02,2021,RV,Used,,11.7,4.03,gott,16123,15876,10.74,2500,2500,false,246,1,12.24,Core,Core,1.25,1750.7,6,0,23350,694,Source One Financial Services,TX, tony eppler,1,0,TX528,Core
251637,,53997.35,144,Cancelled,HOWDY RANCH RV - TX315,,TX,Mathis,2026-08-22,,,2023,RV,Used,,0,0,gott,,,22.99,40000,40000,false,,,23.99,Bronze,Bronze,0.67,0,,0,80000,,Source One Financial Services,TX, aj marino,0,0,TX315,Business First
251610,mlomedico,32398,180,Decline,American RV Center - IN219,,IN,Evansville,2026-08-22,,,2027,RV,New,649,48.82,4.23,jharrington1,,6,12.49,5000,5000,false,,,13.49,Silver 1,Silver 1,0.96,0,,0,33628,675,Source One Financial Services,IL, richard caddell,0,0,IN219,Silver
251442,hhisek,25634.52,180,Decline,Ashley Marine LLC - GA147,,GA,Columbus,2026-08-22,,,2026,Boat,New,,81.12,5.13,jsmith,,13,7.49,2500,3250,false,,,8.99,Core,Core,1.22,0,,0,21056,857,Source One Financial Services,GA, tim holloway,0,0,GA147,Core
251520,eavila,21981.94,168,Booked,SANTA PAULA RV - SCA173,,CA,Santa Paula,2026-08-22,2026-08-22,2026-08-26,2027,RV,New,,45.33,1.56,jrubi,5882,86,9.49,2000,2000,false,5790,6,10.99,Core,Core,1.35,1318.92,6,0,16235,747,Source One Financial Services,CA, justin simas,1,0,SCA173,Core
251488,hhisek,64748,180,Conditional Approval,Nine Powersports - OK160,,OK,Eufaula,2026-08-22,2026-08-22,,2026,Boat,New,,37.27,11.81,jweller,,83,9.49,7500,7500,false,,,10.24,Core,Not Applicable,0.9,0,,0,71945,693,Connexus Credit Union,OK, joshua brock,1,1,OK160,Not Applicable
251409,,15948,144,Auto Decline,Dennis Dillon RV Marine & Powersports - ID125,,ID,Ada,2026-08-22,,,2022,RV,Used,,16.52,1.37,ljablonoski,,0,22.99,4000,4000,false,,,23.99,Bronze,Bronze,0,0,,0,0,587,Source One Financial Services,ID,,0,0,ID125,Business First
251571,eavila,64578.25,204,Booked,Blue Compass RV - Reno - NV119,Blue Compass,NV,Reno,2026-08-22,2026-08-28,2026-08-31,2026,RV,New,675,41.09,2.25,ljablonoski,13100,8984,7.99,0,0,false,4115,1,8.99,Core,Core,1.29,2583.13,4,0,50164,772,Source One Financial Services,NV, brina rounds,1,0,NV119,Core
251693,ahunt,54111.08,240,Decline,Sky River RV - Paso Robles - SCA146,SkyRiver,CA,Paso Robles,2026-08-22,,,2026,RV,New,630,25.94,3.76,jrubi,,26,7.99,1000,-7500,false,,,9.49,Core,Core,1.25,0,,0,43127,783,Source One Financial Services,CA, austin harding,0,0,SCA146,Core
251548,hhisek,63113.78,180,Auto Approval,RV Station LTD - Nacogdoches -TX367,,TX,NACOGDOCHES,2026-08-22,2026-08-22,,2023,RV,Used,,27.04,6.4,gott,,105,13.24,6500,6500,false,,,14.24,Silver 1,Silver 1,0.82,0,,0,77300,665,Source One Financial Services,TX, ryan reynolds,1,1,TX367,Silver
251587,ahunt,33528,180,Auto Approval,CRABTREE RV CENTER INC - AR101,,AR,ALMA,2026-08-22,2026-08-22,,2027,RV,New,,23.74,4.25,jweller,,14,9.49,0,0,false,,,10.99,Core,Core,0.93,0,,0,36163,744,Source One Financial Services,OK, taylor joyce,1,1,AR101,Core
251615,lgrace,40895.88,180,Auto Approval,MILLERS MARINE - FL178,,FL,OCALA,2026-08-22,2026-08-22,,2026,Boat,New,,42.04,5.74,pcarter,,13,7.49,2000,3500,false,,,8.99,Core,Core,1.1,0,,0,37177.62,820,Source One Financial Services,FL, franchesca rivera,1,1,FL178,Core
251555,eavila,31328.52,180,Decline,"RV COUNTRY OREGON, LLC - COBURG - OR107",RV Country,OR,COBURG,2026-08-22,,,2020,RV,Used,731,61.28,6.83,ljablonoski,,27,10.74,3500,3500,false,,,12.24,Core,Core,1.07,0,,0,29250,683,Source One Financial Services,WA, mike mckean,0,0,OR107,Core
251508,hhisek,25323.31,180,Decline,Golden Triangle Homes and RV Inc -TX179,,TX,Vidor,2026-08-22,,,2026,RV,New,,16.42,5.68,gott,,4,13.74,0,0,false,,,14.74,Silver 1,Silver 1,1,0,,0,25220,648,Source One Financial Services,TX, jeremiah harrington,0,0,TX179,Silver
251471,,21369.7,144,Auto Decline,Campers Inn - Collinsville - IL257,Campers Inn,IL,Collinsville,2026-08-22,,,2018,RV,Used,,18.53,2.96,gcoulombe,,0,16.24,0,0,false,,,17.24,Silver 2,Silver 2,0.95,0,,0,22385,638,Source One Financial Services,IL,,0,0,IL257,Silver
251420,hhisek,44072.74,180,Decline,SMITH MOTOR CO OF HATTIESBURG INC - MS107,,MS,HATTIESBURG,2026-08-22,,,2027,Boat,New,,17.69,6.95,jsmith,,1,9.74,3000,3000,false,,,11.24,Core,Core,1.23,0,,0,35941.4,723,Source One Financial Services,LA, lisa hartfield,0,0,MS107,Core
251505,mlomedico,19673,180,Decline,Mid America RV -MO104,,MO,Carthage,2026-08-22,,,2022,RV,Used,620,16.74,4.6,jweller,,19,13.24,2000,2000,false,,,14.24,Silver 1,Silver 1,1.17,0,,0,16775,664,Source One Financial Services,MO, jeremy nelson,0,0,MO104,Silver
251649,,101556.38,240,Auto Decline,Blue Compass - Fort Myers - FL300,Blue Compass,FL,Fort Myers,2026-08-22,,,2026,RV,New,639,63.53,9.81,wstoutimore,,0,14.99,500,16174,false,,,15.99,Silver 2,Silver 2,0.91,0,,0,111586.25,634,Source One Financial Services,FL,,0,0,FL300,Silver
251699,,120995.58,240,Auto Decline,Holiday World of Houston -TX195,,TX,Katy,2026-08-22,,,2027,RV,New,,52.85,19.58,gott,,0,22.99,14000,14226,false,,,23.99,Bronze,Bronze,1.08,0,,0,112290,580,Source One Financial Services,TX,,0,0,TX195,Business First
251467,hhisek,15222.01,120,Decline,GIBBS OUTDOOR and RECREATION - TX454,,TX,WACO,2026-08-22,,,2021,RV,Used,,25.23,4,gott,,9,13.24,0,0,false,,,14.24,Silver 1,Silver 1,0.68,0,,0,22540,678,Source One Financial Services,MS, colby longenbaugh,0,0,TX454,Silver
251599,avera,151405.01,240,Conditional Approval,Blue Compass RV - Chattanooga - GA156,Blue Compass,GA,Ringgold,2026-08-22,2026-08-22,,2026,RV,New,701,29.39,9.02,jsmith,,39,8.24,22100,42100,false,,,9.24,Core,Core,1.25,0,,0,121129,825,Source One Financial Services,GA, carson callender,1,1,GA156,Core
251579,hhisek,12668.1,120,Booked,Buffalo Trail Recreation - MI466,,MI,Midland,2026-08-22,2026-08-27,2026-08-27,2021,RV,Used,655,29.16,2.52,dzilberchtein,7235,7187,10.74,2000,2000,false,35,13,11.99,Core,Core,0.94,633.41,5,0,13500,687,Source One Financial Services,MI, kyle staelgraeve,1,0,MI466,Core
251575,,33881,180,Auto Decline,RV VALUE MART- PA101,,PA,MANHEIM,2026-08-22,,,2019,RV,Used,,45.28,13.1,jharrington1,,0,22.99,10000,10000,false,,,23.99,Bronze,Bronze,0,0,,0,0,581,Source One Financial Services,PA,,0,0,PA101,Business First
251428,hhisek,19079.34,144,Booked,ROYS RV SUPERCENTER LLC - WV101,,WV,ELKINS,2026-08-22,2026-08-27,2026-08-27,2016,RV,Used,635,33.22,3.67,jharrington1,7359,7322,14.99,3000,3000,false,30,7,15.99,Silver 1,Silver 1,0.87,763.17,4,0,21850,649,Source One Financial Services,WV, aaron harlan,1,0,WV101,Silver
251529,,10764.05,120,Auto Decline,RCD RV - Medina - OH206,,OH,medina,2026-08-22,,,2018,RV,Used,647,21.04,1.15,jharrington1,,0,13.74,500,500,false,,,14.74,Silver 1,Silver 1,1.06,0,,0,10175,673,Source One Financial Services,OH,,0,0,OH206,Silver
251522,hhisek,33826.1,180,Approved,Bent's RV - LA117,,LA,Boutte,2026-08-22,2026-08-22,,2026,RV,New,,35.92,4.69,gott,,17,9.99,4000,4000,false,,,11.49,Core,Core,0.93,0,,0,36204,712,Source One Financial Services,LA, matthew hollifield,1,1,LA117,Core
251403,avera,20816.38,180,Decline,PETE'S RV CENTER - CONNECTICUT - CT102,Pete's RV,CT,SOUTH WINDSOR,2026-08-22,,,2027,RV,New,641,44.84,3.88,gcoulombe,,4,13.74,5000,5000,false,,,14.74,Silver 1,Silver 1,0.98,0,,0,21340,646,Source One Financial Services,MA, ryan ayoub,0,0,CT102,Silver
251568,,29012.95,180,Auto Decline,General RV Center - Salisbury - NC137,General RV,NC,Salisbury,2026-08-22,,,2026,RV,New,,26.74,8.81,jsmith,,0,22.99,5000,5000,false,,,23.99,Bronze,Bronze,0.86,0,,0,33840,590,Source One Financial Services,NC,,0,0,NC137,Business First
251490,lgrace,70081,240,Auto Approval,Collins Inc of Johnston Co - NC148,,NC,Smithfield,2026-08-22,2026-08-25,,2026,Boat,New,,29.78,4.5,jsmith,,4393,9.99,21000,21000,false,,,11.49,Core,Core,0.88,0,,0,79666,714,Source One Financial Services,NC, melissa sexton,1,1,NC148,Core
251485,mlomedico,16189.03,144,Auto Approval,Colaw RV Sales -MO110,,MO,Carthage,2026-08-22,2026-08-22,,2022,RV,Used,775,26.14,1.96,jweller,,28,7.99,4900,4900,false,,,9.49,Core,Core,0.54,0,,0,30100,828,Source One Financial Services,MO, hailey coss,1,1,MO110,Core
251696,hhisek,84968.07,204,Conditional Approval,Blue Compass RV - Post Falls - ID123,Blue Compass,ID,Post Falls,2026-08-22,2026-08-24,,2026,RV,New,803,35.72,6.51,ljablonoski,,2304,7.49,0,-12692.35,false,,,8.99,Core,Core,1.09,0,,0,78140,832,Source One Financial Services,WA, alan harvey,1,1,ID123,Core
251526,hhisek,98059.69,180,Decline,Texas Marine - Clear Lake -TX354,OneWater,TX,SEABROOK,2026-08-22,,,2026,Boat,New,,18.22,15.15,gott,,7,13.74,37000,37000,false,,,14.74,Silver 1,Silver 1,0.93,0,,0,105834,651,Source One Financial Services,TX, seth franco,0,0,TX354,Silver
251475,Jhill,20603,180,Decline,GARLANDS RV OF TENNESSEE - TN122,,TN,SPRINGVILLE,2026-08-22,,,2027,RV,New,,51.43,4.83,jsmith,,25,9.99,2000,2000,false,,,11.49,Core,Core,0.74,0,,0,27736,708,Source One Financial Services,TN, pat hayes,0,0,TN122,Core
251624,hhisek,15728.13,120,Booked,American Truck and RV -TX337,,TX,SAN ANGELO,2026-08-22,2026-08-25,2026-08-25,2017,RV,Used,,27.65,2.92,gott,4248,4199,9.74,2000,2000,false,48,1,11.24,Core,Core,1.22,943.69,6,0,12850,780,Source One Financial Services,TX, hector martinez,1,0,TX337,Core
251665,mlomedico,19530.57,120,Booked,Blue Compass RV - Tucson - AZ364,Blue Compass,AZ,Tucson,2026-08-22,2026-09-01,2026-09-02,2018,RV,Used,,29.54,4.06,edominguez,15778,13899,13.74,1400,1400,false,1879,0,14.74,Silver 1,Silver 1,1.59,781.22,4,0,12250,672,Source One Financial Services,AZ, ambez miran,1,0,AZ364,Silver
251559,hhisek,10560.73,120,Auto Approval,BISH'S RV OF KEARNEY - NE102,Bish's RV,NE,KEARNEY,2026-08-22,2026-08-22,,2022,RV,Used,,42.98,2.11,dzilberchtein,,95,13.74,500,500,false,,,13.74,Silver 1,Not Applicable,0.76,0,,0,13900,658,Connexus Credit Union,NE, stormy pitts,1,1,NE102,Not Applicable
251605,mlomedico,67550.09,240,Decline,Rocky Ridge RV - Nacogdoches - TX525,Rocky Ridge,TX,Nacogdoches,2026-08-22,,,2026,RV,New,,28.42,6.31,gott,,68,12.49,7000,9000,false,,,13.49,Silver 1,Not Applicable,1.04,0,,0,64810,667,Connexus Credit Union,TX, kolten archuleta,0,0,TX525,Not Applicable
251536,avera,10385,120,Ready to Book,SR1 RV - Loudon - NH115,,NH,Loudon,2026-08-22,2026-08-27,,2025,RV,Used,,22.32,3.81,gcoulombe,,7142,10.74,1150,1150,false,,39,10.99,Silver 1,Not Applicable,0.75,103.85,1,0,13800,668,Connexus Credit Union,NH, mike fraser,1,1,NH115,Not Applicable
251600,mlomedico,40559,180,Approved,Mid Carolina Marine - ESC105,EPIC,SC,West Columbia,2026-08-22,2026-08-22,,2021,Boat,Used,767,31.95,2.06,S1House,,24,9.24,500,500,false,,,10.74,Core,Core,0.94,0,,0,43140,789,Source One Financial Services,SC, donavon evenson,1,1,ESC105,Core
251546,mlomedico,34139.92,180,Decline,Blue Compass RV - Raleigh - NC157,Blue Compass,NC,Raleigh,2026-08-22,,,2027,RV,New,645,36.97,2.71,jsmith,,40,13.74,15000,17000,false,,,14.74,Silver 1,Silver 1,0.76,0,,0,45052,657,Source One Financial Services,NC, kayla bays,0,0,NC157,Silver
251602,hhisek,41278.58,204,Approved,Blue Compass - Mobile - AL170,Blue Compass,AL,Theodore,2026-08-22,2026-08-22,,2018,RV,Used,679,39.52,3.94,jsmith,,10,10.49,5000,10000,false,,,11.99,Core,Core,1.07,0,,0,38700,759,Source One Financial Services,MS, dylan howard,1,1,AL170,Core
251670,Jhill,39150.84,180,Auto Approval,Hamilton RV -MI140,Selvius RV,MI,Lumberton,2026-08-22,2026-08-24,,2026,RV,New,737,24.04,3.16,dzilberchtein,,2433,9.49,1200,1200,false,,,10.99,Core,Core,1.3,0,,0,30124.68,752,Source One Financial Services,MI, ben sexton,1,1,MI140,Core
251576,hhisek,25650,180,Auto Approval,Ron Hoover Companies Katy -TX275,Ron Hoover,TX,Katy,2026-08-22,2026-08-26,,2026,RV,New,,29.07,2.09,gott,,5468,9.99,1200,1200,false,,,11.49,Core,Core,0.85,0,,0,30336,700,Source One Financial Services,TX, greg woods,1,1,TX275,Core
251427,,31067.46,144,Auto Decline,Clear Creek Camping LLC-TX396,,TX,Abilene,2026-08-22,,,2026,RV,New,,7.95,2.81,gott,,0,22.99,0,10000,false,,,23.99,Bronze,Bronze,0.95,0,,0,32830,,Source One Financial Services,TX,,0,0,TX396,Business First
251404,avera,29005.95,180,Approved,Como RV - FL321,,FL,Inverness,2026-08-22,2026-08-22,,2026,RV,New,,32.35,2.29,wstoutimore,,6,7.49,3500,3500,false,,,8.99,Core,Core,1.03,0,,0,28252,827,Source One Financial Services,FL, rick como,1,1,FL321,Core
251596,Jhill,118400.52,240,Auto Approval,Bama RV - Opelika - AL151,,AL,Opelika,2026-08-22,2026-09-03,,2026,RV,New,671,27.45,2.51,jsmith,,17348,7.99,10453,6453,false,,,7.39,Core,Core,1.04,0,,0,114050,797,Source One Financial Services,GA, kevin horne,1,1,AL151,Core
251544,hhisek,66076.01,180,Decline,La Mesa RV Center - Port St Lucie - FL314,La Mesa,FL,Port St Lucie,2026-08-22,,,2019,RV,Used,,25.53,9.09,pcarter,,36,10.99,6500,6500,false,,,12.49,Core,Core,0.85,0,,0,77500,720,Source One Financial Services,FL, dallas lostutter,0,0,FL314,Core
251573,Jhill,50047.32,204,Decline,Blue Compass RV - Colorado Springs - CO160,Blue Compass,CO,COLORADO SPRINGS,2026-08-22,,,2018,RV,Used,,31.94,9.3,dzilberchtein,,14,10.99,5500,5500,false,,,12.49,Core,Core,0.91,0,,0,55150,720,Source One Financial Services,CO, brandan montera,0,0,CO160,Core
251712,lgrace,32414.39,144,Conditional Approval,Optimum RV - Tallahassee - FL252,Optimum RV,FL,Tallahassee,2026-08-23,2026-08-24,,2024,RV,Used,,25.95,7.96,wstoutimore,,1353,10.99,10000,10000,false,,,10.99,Silver 1,Not Applicable,0.79,0,,0,41150,671,Connexus Credit Union,FL, joshua ellis,1,1,FL252,Not Applicable
251711,,148066.06,240,Auto Decline,La Mesa RV Center - Davie - FL316,La Mesa,FL,Davie,2026-08-23,,,2027,RV,New,,55.19,20.56,pcarter,,0,7.49,11000,37904,false,,,8.99,Core,Core,1.03,0,,0,143285,805,Source One Financial Services,FL,,0,0,FL316,Core
251715,hhisek,30946.51,216,Decline,RGV RV SALES - TX569,,TX,Mission,2026-08-23,,,2024,RV,Used,,7.92,3.94,gott,,1209,8.74,0,0,false,,,10.24,Core,Core,0.97,0,,0,32065,778,Source One Financial Services,TX, rudy youngblood,0,0,TX569,Core
251710,lgrace,23726.18,180,Auto Approval,Blue Compass RV - Tampa - FL301,Blue Compass,FL,Dover,2026-08-23,2026-08-25,,2026,RV,New,,41.36,6.15,wstoutimore,,3061,11.24,2400,2400,false,,,12.74,Core,Core,0.93,0,,0,25464,681,Source One Financial Services,FL, wendy parra,1,1,FL301,Core
251727,rsimmons,29643.3,180,Auto Approval,RAM MOTORS RV AND TRUCK - NM102,,NM,ALBUQUERQUE,2026-08-23,2026-08-24,,2026,RV,New,,33.96,1.69,edominguez,,1649,10.24,3000,3000,false,,,11.74,Core,Core,1.04,0,,0,28500,685,Source One Financial Services,NM, uriah holland,1,1,NM102,Core
251741,,134063.84,240,Auto Decline,Airstream of Minnesota - MN841,Campers Inn,MN,Ransey,2026-08-23,,,2027,RV,New,,17.7,14.74,S1House,,0,22.99,0,39511.86,false,,,23.99,Bronze,Bronze,0.99,0,,0,135481,,Source One Financial Services,CA,,0,0,MN841,Business First
251744,hhisek,15799.99,144,Verifications Incomplete,Blue Compass RV - Post Falls - ID123,Blue Compass,ID,Post Falls,2026-08-23,2026-08-31,,2018,RV,Used,835,23.46,1.93,ljablonoski,,11575,8.49,1000,1000,false,,10,9.99,Core,Core,1.04,948,6,0,15250,829,Source One Financial Services,ID, alan harvey,1,1,ID123,Core
251734,,90241.55,240,Auto Decline,A and L RV SALES LLC -Chocowinity - NC120,,NC,CHOCWINITY,2026-08-23,,,2027,RV,New,,38.19,20.7,jsmith,,0,14.99,0,9000,false,,,15.99,Silver 2,Silver 2,1.06,0,,0,84907,633,Source One Financial Services,NC,,0,0,NC120,Silver
251718,hhisek,142892.72,240,Auto Approval,La Mesa RV Center - Albuquerque - NM109,La Mesa,NM,Albuquerque,2026-08-23,2026-08-24,,2026,RV,New,774,29,8.95,edominguez,,1751,7.74,10000,-6568,false,,,9.24,Core,Core,0.98,0,,0,145205,787,Source One Financial Services,NM, erika davidson,1,1,NM109,Core
251743,thovey,8459.4,120,Decline,SANTA PAULA RV - SCA173,,CA,Santa Paula,2026-08-23,,,2022,RV,Used,,58.04,1.63,jrubi,,1024,11.49,3000,3000,false,,,11.99,Core,Core,0.74,0,,0,11440,717,Source One Financial Services,CA, lisa abbott,0,0,SCA173,Core
251738,avera,82325.99,204,Conditional Approval,General RV - Ocala - FL237,General RV,FL,Ocala,2026-08-23,2026-08-24,,2026,RV,New,728,29.2,5.62,pcarter,,1049,7.49,5000,5000,false,,,8.99,Core,Core,1.07,0,,0,77105,828,Source One Financial Services,FL, jimmy cardenas,1,1,FL237,Core
251747,jrubi,19116,120,Conditional Approval,BEAUMONT RV - SCA108,,CA,BEAUMONT,2026-08-23,2026-08-24,,2026,RV,Used,,29.87,4.3,jrubi,,1008,9.49,2000,2000,false,,,9.99,Core,Not Applicable,0.79,0,,0,24300,684,Connexus Credit Union,CA,,1,1,SCA108,Not Applicable
251713,rsimmons,179506,240,Decline,GREAT AMERICAN RV SUPERSTORE-CALERA - AL143,,AL,CALERA,2026-08-23,,,2024,RV,Used,,40.23,10.9,jsmith,,1232,8.99,3000,32800,false,,,10.49,Core,Core,1.1,0,,0,162580,744,Source One Financial Services,MS, mike lindemood,0,0,AL143,Core
251722,,29643.3,180,Auto Decline,RAM MOTORS RV AND TRUCK - NM102,,NM,ALBUQUERQUE,2026-08-23,,,2026,RV,New,,59.52,8.76,edominguez,,0,14.99,3000,3000,false,,,15.99,Silver 2,Silver 2,1.04,0,,0,28500,624,Source One Financial Services,NM,,0,0,NM102,Silver
251746,lgrace,33253.94,204,Auto Approval,Blue Compass RV - Chattanooga - GA156,Blue Compass,GA,Ringgold,2026-08-23,2026-08-24,,2023,RV,Used,737,14.44,4.01,jsmith,,861,9.99,5235,5235,false,,,11.49,Core,Core,0.85,0,,0,38900,753,Source One Financial Services,AL, carson callender,1,1,GA156,Core
251730,hhisek,77445,240,Conditional Approval,Fun Town RV-Denton -TX322,Fun Town,TX,Denton,2026-08-23,2026-08-24,,2026,RV,New,679,14.12,1.86,gott,,1478,9.99,25000,25000,false,,,11.49,Core,Core,0.78,0,,0,99619,710,Source One Financial Services,TX, douglas santos,1,1,TX322,Core
251728,,142892.72,240,Cancelled,La Mesa RV Center - Albuquerque - NM109,La Mesa,NM,Albuquerque,2026-08-23,,,2026,RV,New,,0,0,edominguez,,,22.99,10000,-6568,false,,,23.99,Bronze,Bronze,0.98,0,,0,145205,,Source One Financial Services,NM, erika davidson,0,0,NM109,Business First
251748,,71807.13,180,Auto Decline,RV COUNTRY - FRESNO - NCA115,RV Country,CA,FRESNO,2026-08-23,,,2018,RV,Used,,35.92,11.92,jrubi,,0,22.99,0,21000,false,,,23.99,Bronze,Bronze,0.69,0,,0,103345,,Source One Financial Services,CA,,0,0,NCA115,Business First
251749,rsimmons,35463.1,180,Auto Approval,RGV RV SALES - TX569,,TX,Mission,2026-08-23,2026-08-25,,2027,RV,New,738,41.43,2.31,gott,,2361,8.74,4000,4000,false,,,10.24,Core,Core,1,0,,0,35535,772,Source One Financial Services,TX, rudy youngblood,1,1,TX569,Core
251739,hhisek,15000.01,144,Decline,RV's of Sacramento - NCA136,,CA,Elk Grove,2026-08-23,,,2022,RV,Used,,49.68,3.3,jrubi,,1053,10.49,5000,5000,false,,,11.99,Core,Core,0.84,0,,0,17800,711,Source One Financial Services,CA, branda morgan,0,0,NCA136,Core
251751,thovey,68858.59,240,Booked,"RV COUNTRY ARIZONA, LLC - FLAGSTAFF -AZ332",RV Country,AZ,FLAGSTAFF,2026-08-23,2026-09-01,2026-09-01,2026,RV,New,725,18.25,8.59,edominguez,12905,12711,8.99,0,1168.37,false,193,1,10.49,Core,Core,1.09,4131.52,6,0,62916,751,Source One Financial Services,AZ, derek burdine,1,0,AZ332,Core
251745,thovey,24640,180,Decline,Blue Compass RV - Liberty Lake - WA154,Blue Compass,WA,Liberty Lake,2026-08-23,,,2026,RV,New,,34.28,9.8,ljablonoski,,1003,12.49,9000,9000,false,,,13.49,Silver 1,Silver 1,0.66,0,,0,37165,677,Source One Financial Services,ID, jordan kammarcal,0,0,WA154,Silver
251709,lgrace,90158.38,240,Booked,Palmetto State RV LLC - SC128,,SC,Greer,2026-08-23,2026-08-28,2026-08-28,2027,RV,New,,39.78,10.68,jsmith,7600,7555,9.99,5000,10870,false,44,1,11.49,Core,Core,1.1,5409.5,6,0,81764,718,Source One Financial Services,TX, will scoggins,1,0,SC128,Core
251752,,13241.47,144,Auto Decline,RV's of Sacramento - NCA136,,CA,Elk Grove,2026-08-23,,,2026,RV,New,,33.12,4.05,jrubi,,0,22.99,3000,3000,false,,,23.99,Bronze,Bronze,0.79,0,,0,16668,590,Source One Financial Services,CA,,0,0,NCA136,Business First
251723,,29083.76,180,Auto Decline,Blue Compass RV - Charlotte - NC153,Blue Compass,NC,Concord,2026-08-23,,,2015,RV,Used,660,46.74,3.49,jsmith,,0,16.24,3000,3000,false,,,17.24,Silver 2,Silver 2,0.86,0,,0,33660,624,Source One Financial Services,NC,,0,0,NC153,Silver
251735,lgrace,20621.85,180,Decline,General RV - Tampa - FL238,General RV,FL,Dover,2026-08-23,,,2015,RV,Used,,39.41,5.93,wstoutimore,,1121,13.74,4400,4400,false,,,14.74,Silver 1,Silver 1,1.07,0,,0,19300,668,Source One Financial Services,FL, tom bennett,0,0,FL238,Silver
251716,hhisek,41663.78,204,Booked,Fun Town RV - Cleburne -TX108,Fun Town,TX,Cleburne,2026-08-23,2026-08-29,2026-08-29,2026,RV,New,,25.47,4.78,S1House,8652,8569,8.74,500,500,false,82,1,8.74,Core,Core,1.09,0,0,0,38261,771,Source One Financial Services,TX, laci boulware,1,0,TX108,Core
251740,ccampos,79253.31,240,Booked,Yonaks  Inc  -OH140,,OH,BELMONT,2026-08-23,2026-08-25,2026-08-25,2025,RV,New,800,48.39,8.33,jharrington1,2762,2591,7.49,1000,10103.32,false,120,51,8.99,Core,Core,1.29,4755.2,6,0,61509,820,Source One Financial Services,OH, dave yonak,1,0,OH140,Core
251750,jrubi,24149.01,180,Booked,Giant RV - Montclair - SCA155,Giant RV,CA,Montclair,2026-08-23,2026-08-31,2026-08-31,2025,RV,New,,16.47,3.39,jrubi,11444,11048,13.49,2000,2000,false,393,3,14.49,Silver 1,Silver 1,0.9,965.96,4,0,26887,644,Source One Financial Services,CA, christina marris,1,0,SCA155,Silver
251742,hhisek,80763.76,204,Booked,BLUE COMPASS RV - SOUTH HOUSTON  - TX421,Blue Compass,TX,Alvin,2026-08-23,2026-09-01,2026-09-01,2027,RV,New,,34.75,6.66,gott,12862,12763,7.99,2000,2000,false,99,0,9.49,Core,Core,1.13,4845.83,6,0,71289,799,Source One Financial Services,TX, frank carranza,1,0,TX421,Core
251732,hhisek,46689.2,240,Auto Approval,La Mesa RV Center - Albuquerque - NM109,La Mesa,NM,Albuquerque,2026-08-23,2026-08-24,,2026,RV,New,765,47.77,2.07,edominguez,,1647,7.74,15000,15000,false,,,9.24,Core,Core,0.88,0,,0,53196,793,Source One Financial Services,NM, leon garcia,1,1,NM109,Core
251731,jrubi,26713.8,220,Auto Approval,Blue Compass RV - San Marcos - SCA167,Blue Compass,CA,San Marcos,2026-08-23,2026-09-01,,2026,RV,New,696,8.25,4.64,jrubi,,13069,9.74,2600,2600,false,,,11.24,Core,Core,0.93,0,,0,28809,729,Source One Financial Services,CA, billy rodger,1,1,SCA167,Core
251729,Jhill,29643.3,180,Decline,RAM MOTORS RV AND TRUCK - NM102,,NM,ALBUQUERQUE,2026-08-23,,,2026,RV,New,,26.76,1.69,edominguez,,1384,10.24,3000,3000,false,,,11.74,Core,Not Applicable,1.04,0,,0,28500,685,Connexus Credit Union,NM, uriah holland,0,0,NM102,Not Applicable
251733,jrubi,66398,240,Decline,Giant RV - Downey - SCA159,Giant RV,CA,Downey,2026-08-23,,,2026,RV,New,,30.99,11.66,jrubi,,46,9.74,8000,8000,false,,,11.24,Core,Core,0.99,0,,0,67128,729,Source One Financial Services,CA, greg walders,0,0,SCA159,Core
251714,,138343.55,240,Auto Decline,La Mesa RV Center - Ft. Myers - FL317,La Mesa,FL,Ft. Myers,2026-08-23,,,2026,RV,New,,28.5,11.77,wstoutimore,,0,14.99,12500,17006,false,,,15.99,Silver 2,Silver 2,1.02,0,,0,135990,637,Source One Financial Services,NY,,0,0,FL317,Silver
251755,jrubi,47297.94,180,Decline,RV COUNTRY - FRESNO - NCA115,RV Country,CA,FRESNO,2026-08-23,,,2025,RV,New,648,42.06,5.61,jrubi,,3836,12.49,10000,10000,false,,,13.49,Silver 1,Silver 1,0.78,0,,0,60920,672,Source One Financial Services,CA, ryan davis,0,0,NCA115,Silver
251717,lgrace,19445,120,Decline,Blue Compass RV - Spartanburg - SC144,Blue Compass,SC,Duncan,2026-08-23,,,2022,RV,Used,,14.57,3.33,jsmith,,1321,10.74,0,0,false,,,12.24,Core,Not Applicable,0.93,0,,0,20850,696,Connexus Credit Union,SC, john balma,0,0,SC144,Not Applicable
251720,avera,19964.25,144,Decline,Peach State Motorhomes & RV's - GA163,,GA,Buford,2026-08-23,,,2017,RV,Used,718,25.88,3.87,jsmith,,1169,10.49,0,0,false,,,11.99,Core,Core,1.83,0,,0,10900,753,Source One Financial Services,TX, christopher williams,0,0,GA163,Core
251724,lgrace,19350,180,Decline,Blue Compass RV - Spartanburg - SC144,Blue Compass,SC,Duncan,2026-08-23,,,2015,RV,Used,717,29.16,2.96,jsmith,,1160,10.74,3000,3000,false,,,12.24,Core,Core,0.81,0,,0,23900,722,Source One Financial Services,SC, john balma,0,0,SC144,Core
251708,,102486.24,144,Auto Decline,East Coast Campers & More - DE103,,DE,Frankford,2026-08-23,,,2027,RV,New,,22.53,21.95,gcoulombe,,153,22.99,23400,23400,false,,,23.99,Bronze,Core,0.82,0,,0,125395,807,Source One Financial Services,PA, terry spencer,0,0,DE103,Business First
251753,jrubi,54867,240,Auto Approval,BOBBY WAYNES RV - SCA111,,CA,LANCASTER,2026-08-23,2026-08-24,,2027,RV,New,,33.27,3.47,jrubi,,1496,7.49,4000,4000,false,,,8.99,Core,Core,0.96,0,,0,57400,802,Source One Financial Services,CA,,1,1,SCA111,Core
251736,pmeza,51047.83,180,Auto Decline,Blue Compass RV - South Beumont - TX551,Blue Compass,TX,Vidor,2026-08-23,,,2022,RV,Used,738,38.99,7.61,gott,,1289,22.99,11960,11960,false,,,23.99,Not Applicable,Not Applicable,1,0,,0,51050,576,Connexus Credit Union,LA, leah sligar,0,0,TX551,Not Applicable
251737,rsimmons,23200.56,180,Decline,Blue Compass RV - Sacramento - NCA147,Blue Compass,CA,Rancho Cordova,2026-08-23,,,2019,RV,Used,,24,2.5,jrubi,,1069,13.74,5000,5000,false,,,14.74,Silver 1,Silver 1,1.08,0,,0,21500,661,Source One Financial Services,CA, melinda miller,0,0,NCA147,Silver
251726,jrubi,54801.18,240,Conditional Approval,Blue Compass RV - Hickory - NC156,Blue Compass,NC,Claremont,2026-08-23,2026-08-23,,2027,RV,New,705,39.7,5.67,jsmith,,85,9.99,3000,11550,false,,,11.49,Core,Core,1.25,0,,0,43759,718,Source One Financial Services,NC, nathan mcpherson,1,1,NC156,Core
251719,,29643.3,180,Auto Decline,RAM MOTORS RV AND TRUCK - NM102,,NM,ALBUQUERQUE,2026-08-23,,,2026,RV,New,,32.43,5.59,edominguez,,0,22.99,3000,3000,false,,,23.99,Bronze,Bronze,1.04,0,,0,28500,601,Source One Financial Services,NM,,0,0,NM102,Business First
251721,jrubi,37040,180,Decline,BEAUMONT RV - SCA108,,CA,BEAUMONT,2026-08-23,,,2027,RV,New,,15.64,6.68,jrubi,,113,9.99,3600,3600,false,,,11.49,Core,Core,1.01,0,,0,36718,715,Source One Financial Services,CA,,0,0,SCA108,Core
251725,lgrace,43349.22,180,Booked,RV Value Mart-Asheboro-NC140,,NC,Franklinville,2026-08-23,2026-08-29,2026-08-31,2027,RV,New,,28.37,2.82,jsmith,11906,8639,9.99,8000,11326.75,false,3265,2,11.24,Core,Core,1.34,2167.46,5,0,32380,704,Source One Financial Services,NC, chase rhodes,1,0,NC140,Core
251754,sbaker,130774.94,240,Auto Approval,Grand Pointe Marina of Detroit - MI465,,MI,Sterling Heights,2026-08-23,2026-08-24,,2025,Boat,New,,8.34,4.86,dzilberchtein,,1200,7.24,20000,20000,false,,,6.99,Core,Core,0.98,0,,0,133534,810,Source One Financial Services,NC, patrick crowley,1,1,MI465,Core
252110,mlomedico,12110.72,168,Booked,Fun Town RV- Waco-TX212,Fun Town,TX,Hewitt,2026-08-24,2026-08-30,2026-08-30,2016,RV,Used,820,5.58,2.68,gott,8759,8753,8.49,2000,2000,false,6,0,9.99,Core,Core,0.96,726.64,6,0,12550,843,Source One Financial Services,TX, tyler witt,1,0,TX212,Core
251852,thovey,42371.14,204,Auto Approval,Blue Compass RV - Albuquerque - NM112,Blue Compass,NM,Albuquerque,2026-08-24,2026-08-24,,2026,RV,New,,6.25,6.18,edominguez,,502,13.24,5000,5000,false,,,14.24,Silver 1,Silver 1,1.19,0,,0,35517,655,Source One Financial Services,NM, scott rodriguez,1,1,NM112,Silver
252026,sbaker,170404.4,240,Booked,"Vantage Recreational Finance, Inc. -FL291",VRF,FL,FORT LAUDERDALE,2026-08-24,2026-08-25,2026-08-25,2025,Boat,New,,44.43,10.27,S1House,1624,1522,8.99,5000,23000,false,89,13,10.24,Core,Core,1.22,8520.22,5,0,139434,758,Source One Financial Services,TX, emily stratton,1,0,FL291,Core
251783,avera,14202.57,120,Decline,Blue Compass RV - Charlotte - NC153,Blue Compass,NC,Concord,2026-08-24,,,2026,RV,New,,34.44,4.91,jsmith,,38,13.74,1379,1379,false,,,14.74,Silver 1,Silver 1,0.92,0,,0,15506,657,Source One Financial Services,NC, alex kottenstette,0,0,NC153,Silver
251997,rsimmons,52638.74,240,Decline,Ron Hoover - Odessa - TX495,Ron Hoover,TX,Odessa,2026-08-24,,,2027,RV,New,,12.89,10.57,gott,,13,13.74,5320,5320,false,,,14.74,Silver 1,Silver 1,1.1,0,,0,47849,652,Source One Financial Services,TX, leo correa,0,0,TX495,Silver
252034,lgrace,17059.85,144,Auto Approval,Roy's RV Adventures LLC - FL327,,FL,Tallahassee,2026-08-24,2026-08-25,,2026,RV,New,,24.27,1.3,wstoutimore,,1107,7.49,0,0,false,,,8.99,Core,Core,0.95,0,,0,17928.15,805,Source One Financial Services,AL, aliya purtee,1,1,FL327,Core
251953,mlomedico,23726,180,Auto Approval,Campers Inn of Chichester - NH103,Campers Inn,NH,Chichester,2026-08-24,2026-08-24,,2020,RV,Used,787,14.9,1.86,gcoulombe,,18,7.99,7000,5000,false,,,9.49,Core,Core,1.12,0,,0,21150,819,Source One Financial Services,NH, david keller,1,1,NH103,Core
252091,,7682,72,Auto Decline,TRAILER SOURCE INC - CO127,,CO,WHEAT RIDGE,2026-08-24,,,2011,RV,Used,,47.37,2.03,dzilberchtein,,0,15.74,800,800,false,,,16.24,Silver 1,Silver 1,0,0,,0,0,678,Source One Financial Services,CO,,0,0,CO127,Silver
252052,ccampos,65300.74,180,Decline,RV DEPOT OF CLEBURNE - TX461,,TX,JOSHUA,2026-08-24,,,2017,RV,Used,,10.67,9.9,gott,,19,13.74,20000,20000,false,,,14.74,Silver 1,Silver 1,0.86,0,,0,76300,677,Source One Financial Services,TX, timothy harrison,0,0,TX461,Silver
251964,avera,50771.73,180,Booked,Georgia Campers - GA145,,GA,Newman,2026-08-24,2026-08-27,2026-08-27,2027,RV,New,635,16.68,2.22,jsmith,4415,4229,12.49,4351,4351,false,185,1,13.49,Silver 1,Silver 1,1.21,2030.87,4,0,41899,676,Source One Financial Services,GA, gustavo egidi,1,0,GA145,Silver
251880,mlomedico,90916,216,Booked,Blue Compass RV - Spartanburg - SC144,Blue Compass,SC,Duncan,2026-08-24,2026-08-29,2026-08-31,2026,RV,New,,18.99,6.42,jsmith,10607,7253,8.49,25000,25000,false,3352,2,8.99,Core,Core,0.97,1818.32,2,0,93494,821,Source One Financial Services,SC, john balma,1,0,SC144,Core
252012,pmeza,40288.46,168,Conditional Approval,RV STATION LLC - COLBERT - OK125,,OK,COLBERT,2026-08-24,2026-08-27,,2026,RV,New,,27.61,7.08,jweller,,4235,10.74,0,12000,false,,,11.49,Core,Core,1.03,0,,0,39222,732,Source One Financial Services,OK, calvin parrish,1,1,OK125,Core
251979,mlomedico,12424.89,120,Auto Approval,Woody Futrell Marine & Aircraft - AR138,,AR,Nashville,2026-08-24,2026-08-24,,2026,Boat,New,,44.99,4.39,jweller,,17,9.99,20500,20500,false,,,11.49,Core,Core,0.41,0,,0,30183.98,711,Source One Financial Services,AR, mary balch,1,1,AR138,Core
251839,ccampos,40970.26,180,Auto Approval,Action Water Sports Texas-ETX125,EPIC,TX,Lewisville,2026-08-24,2026-08-28,,2014,Boat,Used,,21.2,7.96,S1House,,6068,14.24,8000,8000,false,,,15.24,Silver 1,Silver 1,0.94,0,,0,43540,662,Source One Financial Services,TX, sierra whitmire,1,1,ETX125,Silver
251820,,47651.26,180,Auto Decline,Fun Town RV- Waco-TX212,Fun Town,TX,Hewitt,2026-08-24,,,2026,RV,New,,24.03,5.52,gott,,0,22.99,3000,3000,false,,,23.99,Bronze,Bronze,1.04,0,,0,45970,599,Source One Financial Services,LA,,0,0,TX212,Business First
252028,rsimmons,94489.72,204,Decline,Optimum RV - La Feria - TX512,Optimum RV,TX,La Ferua,2026-08-24,,,2023,RV,Used,,35.27,7.42,gott,,10,13.24,10000,10000,false,,,14.24,Silver 1,Silver 1,0.85,0,,0,111550,667,Source One Financial Services,TX, juan vasquez,0,0,TX512,Silver
251905,avera,42268.98,240,Auto Approval,Blue Compass - Fort Myers - FL300,Blue Compass,FL,Fort Myers,2026-08-24,2026-08-24,,2025,RV,New,,34.68,4.03,wstoutimore,,197,11.99,2000,2000,false,,,12.99,Silver 1,Silver 1,0.91,0,,0,46322,668,Source One Financial Services,FL, cory grambart,1,1,FL300,Silver
251808,thovey,51010.9,180,Auto Approval,Wolds RV Sales LLC -MN121,,MN,Detroit Lakes,2026-08-24,2026-09-03,,2027,RV,New,651,44.46,3.23,S1House,,14664,10.24,1400,5549,false,,,11.74,Core,Core,0.96,0,,0,53254,694,Source One Financial Services,ND, mike einarson,1,1,MN121,Core
251859,ccampos,108332,180,Booked,BLUE COMPASS RV NEW HAMPSHIRE-NH109,Blue Compass,NH,EPSOM,2026-08-24,2026-08-28,2026-08-29,2026,RV,New,857,6.31,6.07,gcoulombe,7288,5922,9.49,12000,44500,true,1363,3,11.49,Business First,Business First,0.76,4333.28,4,0,142020,,Source One Financial Services,NH, xan peterson,1,0,NH109,Business First
251883,rsimmons,19350,180,Auto Approval,Blue Compass RV - Spartanburg - SC144,Blue Compass,SC,Duncan,2026-08-24,2026-08-24,,2015,RV,Used,,29.75,3.58,jsmith,,126,10.74,3000,3000,false,,,12.24,Core,Core,0.81,0,,0,23900,722,Source One Financial Services,SC, john balma,1,1,SC144,Core
251925,hhisek,57656.7,180,Auto Approval,Boaters World - Bradenton - FL229,,FL,Bradenton,2026-08-24,2026-08-25,,2019,Boat,Used,,35.73,4.24,wstoutimore,,1182,13.74,10000,10000,false,,,14.74,Silver 1,Silver 1,0.92,0,,0,62400,668,Source One Financial Services,FL, stephen dimauro,1,1,FL229,Silver
251889,jrubi,17945.95,144,Approved,Blue Compass RV - Anderson - Sales - NCA144,Blue Compass,CA,Anderson,2026-08-24,2026-08-24,,2017,RV,Used,,37.53,4.4,jrubi,,15,10.49,3000,3000,false,,,11.99,Core,Core,1.02,0,,0,17650,755,Source One Financial Services,OR, april myers,1,1,NCA144,Core
251815,hhisek,30363.67,180,Auto Approval,Camperland Trailer Sales Inc -TX167,,TX,Conroe,2026-08-24,2026-08-24,,2023,RV,Used,,16.72,6.51,gott,,349,10.74,6000,6000,false,,,12.24,Core,Core,0.74,0,,0,40800,684,Source One Financial Services,TX, eduardo blancafort,1,1,TX167,Core
251853,pmeza,66789.67,240,Auto Approval,General RV - Tampa - FL238,General RV,FL,Dover,2026-08-24,2026-08-24,,2026,RV,Used,796,35.49,5.18,wstoutimore,,200,8.24,15000,15000,false,,,8.99,Core,Core,0.78,0,,0,85100,863,Source One Financial Services,IN, tommy miranda,1,1,FL238,Core
252101,pmeza,26245.18,180,Verifications Incomplete,Blue Compass RV - Park City-KS117,Blue Compass,KS,Park City,2026-08-24,2026-09-01,,2021,RV,Used,,41.06,2.88,jweller,,11200,10.49,2000,2000,false,,1,11.99,Core,Core,1.51,0,,0,17400,718,Source One Financial Services,KS, hailli barnes,1,1,KS117,Core
251932,,30473.04,180,Auto Decline,All Valley RV Center INC - SCA133,,CA,Action,2026-08-24,,,2026,RV,New,,49.55,3.21,jrubi,,0,12.49,4000,4000,false,,,13.49,Silver 1,Silver 1,0.99,0,,0,30844,671,Source One Financial Services,CA,,0,0,SCA133,Silver
252032,pmeza,174397.94,240,Auto Approval,Ugly Johns Custom Boats LLC - OK136,,OK,Afton,2026-08-24,2026-08-24,,2023,Boat,Used,,20.22,3.49,jweller,,27,7.74,18000,18000,false,,,9.24,Core,Core,0.99,0,,0,175685,822,Source One Financial Services,AR, eric fatkin,1,1,OK136,Core
252073,mnava,38019,180,Auto Approval,Royal Coach Sales - OR148,,OR,Eugene,2026-08-24,2026-08-24,,2021,RV,Used,799,19.42,3.31,ljablonoski,,38,7.99,0,2500,false,,,9.49,Core,Core,0.94,0,,0,40650,843,Source One Financial Services,OR, jeremy orlando,1,1,OR148,Core
251807,jharrington1,19793.33,180,Decline,Buckeye RV LLC -OH225,,OH,Jefferson,2026-08-24,,,2025,RV,New,,36.81,4.72,jharrington1,,24,13.74,2000,2000,false,,,14.74,Silver 1,Silver 1,0.67,0,,0,29645,645,Source One Financial Services,OH, ryan zimbric,0,0,OH225,Silver
251789,rsimmons,30333.59,180,Decline,Bish's RV of Birmingham - AL172,Bish's RV,AL,calera,2026-08-24,,,2026,RV,New,,33.24,8.8,jsmith,,9,12.49,2000,2000,false,,,13.49,Silver 1,Silver 1,1,0,,0,30335.85,678,Source One Financial Services,AL, chad knight,0,0,AL172,Silver
252117,eavila,23139.3,180,Decline,Roy's RV Adventures LLC - FL327,,FL,Tallahassee,2026-08-24,,,2027,RV,New,,52.62,3.84,wstoutimore,,29,14.99,2500,2500,false,,,15.99,Silver 2,Silver 2,0.9,0,,0,25682.8,631,Source One Financial Services,TX, aliya purtee,0,0,FL327,Silver
251801,jharrington1,27586.3,180,Auto Approval,Salem RV Center Inc-PA118,,PA,Selinsgrove,2026-08-24,2026-08-24,,2026,RV,New,,11.55,8.12,jharrington1,,20,9.99,2000,2000,false,,,11.49,Core,Core,0.77,0,,0,36045,715,Source One Financial Services,PA, keith  mull,1,1,PA118,Core
252062,thovey,195870.65,144,Auto Approval,Intercoastal Financial Group LLC - 17401746,IFG,FL,Vero Beach,2026-08-24,2026-08-24,,2013,Boat,Used,,9.44,5.23,S1House,,50,10.99,275000,275000,false,,,12.24,Core,Core,0.46,0,,0,425000,748,Source One Financial Services,FL, hunter miller,1,1,17401746,Core
251870,,65291.18,180,Auto Decline,Fun Town RV - Surprise - AZ353,Fun Town,AZ,Surprise,2026-08-24,,,2027,RV,New,,38.12,6.21,edominguez,,0,14.99,15000,15000,false,,,15.99,Silver 2,Silver 2,0.72,0,,0,90174,626,Source One Financial Services,NV,,0,0,AZ353,Silver
252125,,23395,180,Auto Decline,Blue Compass RV - Charleston - SC138,Blue Compass,SC,Ladson,2026-08-24,,,2024,RV,Used,,13.4,5.45,jsmith,,0,14.99,2000,2000,false,,,15.99,Silver 2,Silver 2,0.72,0,,0,32300,638,Source One Financial Services,SC,,0,0,SC138,Silver
251854,hhisek,31571.29,204,Approved,Fun Town RV - Cleburne -TX108,Fun Town,TX,Cleburne,2026-08-24,2026-08-24,,2025,RV,New,,49.82,3.18,S1House,,54,8.24,0,0,false,,,9.74,Core,Core,0.95,0,,0,33179,761,Source One Financial Services,TX, brenden boggs,1,1,TX108,Core
252093,mlomedico,19796.1,144,Conditional Approval,Blue Compass RV - North Myrtle Beach - SC137,Blue Compass,SC,North Myrtle Beach,2026-08-24,2026-08-24,,2022,RV,Used,,36.13,6.61,jsmith,,44,10.74,1995,1995,false,,,12.24,Core,Core,0.88,0,,0,22550,694,Source One Financial Services,NC, adam dix,1,1,SC137,Core
252130,eavila,39960.31,180,Conditional Approval,RV DEPOT OF CLEBURNE - TX461,,TX,JOSHUA,2026-08-24,2026-08-24,,2023,RV,Used,,25.27,10.18,gott,,23,10.24,26300,26300,false,,,11.74,Core,Core,0.5,0,,0,80000,740,Source One Financial Services,OR, timothy harrison,1,1,TX461,Core
252042,mlomedico,59953.95,180,Conditional Approval,PPL MOTORHOMES - OK124,,OK,EL RENO,2026-08-24,2026-08-24,,2018,RV,Used,,39.89,6.26,jweller,,166,9.99,6000,6000,false,,,10.74,Core,Not Applicable,0.88,0,,0,67802,717,Connexus Credit Union,OK, brandon ray,1,1,OK124,Not Applicable
251875,hhisek,40239.62,180,Decline,GREAT AMERICAN RV SUPERSTORE-HATTIESBURG - MS113,,MS,HATTIESBURG,2026-08-24,,,2026,RV,New,,71.31,11.67,jsmith,,6,10.24,5000,5000,false,,,11.74,Core,Core,0.97,0,,0,41280,685,Source One Financial Services,MS, ryan campbell,0,0,MS113,Core
252006,avera,15357,144,Auto Approval,RV Value Mart-Asheboro-NC140,,NC,Franklinville,2026-08-24,2026-08-24,,2022,RV,Used,,23.29,2.66,jsmith,,40,13.24,1643,1643,false,,,14.24,Silver 1,Silver 1,0.71,0,,0,21700,668,Source One Financial Services,NC, chase rhodes,1,1,NC140,Silver
251983,ccampos,28053.35,180,Booked,Atlantic Pro - FL333,,FL,Palmetto,2026-08-24,2026-08-26,2026-08-26,2016,Boat,Used,674,26.8,1.88,wstoutimore,3060,3049,8.49,10000,10000,false,6,5,9.99,Core,Core,0.9,1683.2,6,0,31255,811,Source One Financial Services,FL, yelena mikhelson,1,0,FL333,Core
251782,ccampos,23884,180,Auto Approval,LEOS VACATION CENTER INC - MD102,,MD,GAMBRILLS,2026-08-24,2026-08-24,,2025,RV,New,680,43.49,2.38,gcoulombe,,114,10.24,0,12000,false,,,11.74,Core,Core,0.63,0,,0,37767,689,Source One Financial Services,MD,,1,1,MD102,Core
251780,avera,57172.95,204,Conditional Approval,PPL MOTORHOMES - SUMMERFIELD - FL194,,FL,SUMMERFIELD,2026-08-24,2026-08-24,,2024,RV,Used,,34.88,4.87,pcarter,,34,13.24,15000,15000,false,,,14.24,Silver 1,Silver 1,0.66,0,,0,86000,648,Source One Financial Services,AL, connor cockfield,1,1,FL194,Silver
252000,rsimmons,52176.76,180,Decline,Blue Compass RV - South Beumont - TX551,Blue Compass,TX,Vidor,2026-08-24,,,2022,RV,Used,576,39.15,7.78,gott,,16,22.99,7000,7000,false,,,23.99,Core,Core,0.93,0,,0,56155,738,Source One Financial Services,LA, brett massey,0,0,TX551,Core
251895,lgrace,125567.94,240,Decline,Beckley's Camping Center - MD111,,MD,Thurmont,2026-08-24,,,2026,RV,New,662,37.29,13.01,gcoulombe,,107,9.99,13000,13000,false,,,11.49,Core,Core,1.1,0,,0,114605,707,Source One Financial Services,PA, justin todd,0,0,MD111,Core
251891,edominguez,87890.96,240,Booked,RV STATION LLC - COLBERT - OK125,,OK,COLBERT,2026-08-24,2026-08-29,2026-09-02,2026,RV,New,,28.1,7.68,jweller,13190,7189,9.24,2000,12265,false,1458,4543,7.39,Core,Core,1.31,878.91,1,0,66860,767,Source One Financial Services,OK, calvin parrish,1,0,OK125,Core
252118,mlomedico,57119,180,Conditional Approval,"Vantage Recreational Finance, Inc. -FL291",VRF,FL,FORT LAUDERDALE,2026-08-24,2026-08-24,,2026,RV,New,,28.73,9.81,S1House,,48,12.49,20000,20000,false,,,13.49,Silver 1,Silver 1,0.84,0,,0,68152,672,Source One Financial Services,CT, linda lemire,1,1,FL291,Silver
252079,hhisek,26573.73,180,Booked,GIANT RECREATION WORLD PALM BAY - FL175,,FL,Palm Bay,2026-08-24,2026-08-28,2026-08-28,2016,RV,Used,,24.99,5.03,pcarter,5844,5697,8.99,2000,3814.66,false,126,21,10.49,Core,Core,0.81,1594.42,6,0,32950,791,Source One Financial Services,FL, bryan brescia,1,0,FL175,Core
252014,mlomedico,30424,120,Auto Approval,"Vantage Recreational Finance, Inc. -FL291",VRF,FL,FORT LAUDERDALE,2026-08-24,2026-09-03,,2006,Boat,Used,,38.18,6.65,S1House,,14430,11.99,3000,3000,false,,,13.49,Core,Core,0.9,0,,0,33745,700,Source One Financial Services,OK, sean fitzpatrick,1,1,FL291,Core
251816,ccampos,37175.38,180,Decline,SUSQUEHANNA VALLEY RV - SELINSGROVE - PA115,,PA,SELINSGROVE,2026-08-24,,,2026,RV,New,,51.04,2.11,jharrington1,,118,7.49,3800,3800,false,,,8.99,Core,Core,0.86,0,,0,43393,803,Source One Financial Services,NC, danielle wagner,0,0,PA115,Core
251840,ccampos,32853.23,204,Auto Approval,CAMPERS INN RV OF ACWORTH - GA123,Campers Inn,GA,ACWORTH,2026-08-24,2026-08-24,,2025,RV,Used,,49.64,4.94,jsmith,,133,7.49,15000,15000,false,,,8.99,Core,Core,0.74,0,,0,44650,857,Source One Financial Services,GA, steven goins,1,1,GA123,Core
252133,pmeza,54314.33,240,Decline,Blue Compass RV - Jacksonville - FL336,Blue Compass,FL,Jacksonville,2026-08-24,,,2026,RV,New,699,19.68,6.27,pcarter,,8,10.24,7000,3958,false,,,11.74,Core,Core,0.94,0,,0,57636.75,693,Source One Financial Services,FL, koby johnson,0,0,FL336,Core
252099,thovey,20496,180,Auto Approval,Optimum RV - Bonne Terre - MO215,Optimum RV,MO,Bonne Terre,2026-08-24,2026-08-25,,2026,RV,New,,38.76,3.33,jweller,,1029,10.24,2500,2500,false,,,11.74,Core,Core,0.87,0,,0,23551,683,Source One Financial Services,MO, justin biancardi,1,1,MO215,Core
252102,,51728.36,240,Auto Decline,OPTIMUM RV Titusville - FL165,Optimum RV,FL,MIMS,2026-08-24,,,2021,RV,Used,,31.05,11.59,pcarter,,0,15.74,7000,7000,false,,,16.74,Silver 2,Silver 2,1.2,0,,0,43065,631,Source One Financial Services,FL,,0,0,FL165,Silver
251960,eavila,11973.5,120,Approved,PREMIER RV LLC - IA217,,IA,BLUE GRASS,2026-08-24,2026-08-24,,2017,RV,Used,,33.97,2.06,gcoulombe,,41,10.99,2000,2000,false,,,12.49,Core,Core,1.14,0,,0,10500,684,Source One Financial Services,IA, kelly scott,1,1,IA217,Core
251824,,31396.25,180,Auto Decline,A and L RV Sales - Columbia -TN142,,TN,Columbia,2026-08-24,,,2021,RV,Used,,17.69,10.64,jsmith,,0,12.74,3000,3000,false,,,14.24,Core,Core,1.29,0,,0,24250,680,Source One Financial Services,TN,,0,0,TN142,Core
251776,hhisek,76469.94,180,Conditional Approval,FUN TOWN RV CONROE -TX400,Fun Town,TX,CONROE,2026-08-24,2026-08-24,,2025,RV,New,,33.03,12.41,gott,,237,8.64,8000,8000,false,,,9.39,Silver 1,Not Applicable,0.84,0,,0,91240,656,Ideal Credit Union,TX, michal procek,1,1,TX400,Not Applicable
252105,hhisek,55045.16,204,Conditional Approval,BLUE COMPASS RV - DALLAS - TX147,Blue Compass,TX,Mesquite,2026-08-24,2026-08-24,,2022,RV,Used,,28.51,4.31,gott,,10,10.74,2600,2600,false,,,12.24,Core,Core,0.88,0,,0,62500,689,Source One Financial Services,LA, canyon downing,1,1,TX147,Core
252072,sbaker,21188.5,144,Auto Decline,"EPIC FINANCE, LLC. - 17401748",EPIC,NC,WILMINGTON,2026-08-24,2026-08-24,,2026,RV,Used,,360.11,40.33,S1House,,11290,10.24,2030,2030,false,,,11.74,Core,Core,1.01,0,,0,20950,686,Source One Financial Services,AZ, mia williams,0,0,17401748,Core
251963,eavila,52354,180,Decline,Campinc LLC - OK110,,OK,McAlester,2026-08-24,,,2024,RV,Used,687,69.66,7.3,jweller,,103,9.49,2700,2805,false,,,9.49,Core,Not Applicable,1.2,0,,0,43800,693,Ideal Credit Union,OK, jack elgin,0,0,OK110,Not Applicable
252129,pmeza,13491.59,120,Decline,Blue Compass RV - Katy - TX571,Blue Compass,TX,Katy,2026-08-24,,,2026,RV,New,593,9.24,0.46,gott,,830,9.99,650,650,false,,,11.49,Core,Not Applicable,0.68,0,,0,19959,702,Connexus Credit Union,TX, kevin miranda,0,0,TX571,Not Applicable
251873,Jhill,25674.79,120,Decline,"Ron Hoover Companies of Donna, Inc -Tx277",Ron Hoover,TX,Donna,2026-08-24,,,2026,RV,New,,7.91,5.24,gott,,10,12.49,2500,2500,false,,,13.49,Silver 1,Silver 1,1.21,0,,0,21180,678,Source One Financial Services,TX, julio pena,0,0,TX277,Silver
251958,eavila,43485.68,204,Conditional Approval,RV TRUCK SALES LLC - MT100,,MT,MISSOULA,2026-08-24,2026-08-24,,2025,RV,New,679,30.12,5.68,dzilberchtein,,15,9.99,0,-7602.68,false,,,11.49,Core,Core,1.14,0,,0,37985,692,Source One Financial Services,MT, brian giffin,1,1,MT100,Core
252104,mlomedico,48330.66,240,Auto Approval,Campers Unlimited - Gadsden-AL152,,AL,Gadsden,2026-08-24,2026-08-24,,2023,RV,Used,,22.76,3.73,jsmith,,11,9.99,3000,5400,false,,,11.49,Core,Core,0.94,0,,0,51400,759,Source One Financial Services,AL, david tyler,1,1,AL152,Core
252086,sbaker,96341.52,204,Booked,Rocky Ridge RV - Tyler - TX574,Rocky Ridge,TX,Tyler,2026-08-24,2026-08-27,2026-08-27,2027,RV,New,,36.7,10.14,gott,4068,4033,8.74,2000,11203.36,false,34,1,10.49,Core,Core,1.21,6743.91,7,0,79852.2,775,Source One Financial Services,MO, brandon barsh,1,0,TX574,Core
251769,sdelarosa,14688.64,144,Auto Approval,A and L RV SALES - LAKE PARK - GA143,,GA,LAKE PARK,2026-08-24,2026-08-24,,2025,RV,Used,,32.03,3.05,jsmith,,95,10.24,2000,2000,false,,,11.74,Core,Core,0.92,0,,0,16050,683,Source One Financial Services,GA, michael gibson,1,1,GA143,Core
251793,ccampos,30437.8,180,Auto Approval,Gagnon Boats & Motors LLC - EME102,EPIC,ME,Livermore Falls,2026-08-24,2026-08-24,,2027,Boat,New,,13.57,11.1,S1House,,12,8.74,6000,6000,false,,,10.24,Core,Core,1.01,0,,0,30203,774,Source One Financial Services,ME, david bounphasaysonh,1,1,EME102,Core
252040,hhisek,18847.75,120,Decline,PRIMEAUX RV SUPERSTORE - CARENCRO - LA102,,LA,CARENCRO,2026-08-24,,,2026,RV,New,,38.37,2.3,gott,,57,13.74,2000,2000,false,,,14.74,Silver 1,Not Applicable,0.82,0,,0,22849,647,Connexus Credit Union,LA, rebecca scherff,0,0,LA102,Not Applicable
251901,sbaker,37269.75,180,Auto Approval,"PANAMA CITY CYCLES, INC. - FL290",,FL,Panama City,2026-08-24,2026-08-25,,2027,Boat,New,708,44.85,2.72,wstoutimore,,1559,8.74,2500,2500,false,,,10.24,Core,Core,1.18,0,,0,31621,764,Source One Financial Services,AL, brandon hartley,1,1,FL290,Core
252027,,54397.59,240,Auto Decline,"Ron Hoover Companies of Donna, Inc -Tx277",Ron Hoover,TX,Donna,2026-08-24,,,2027,Boat,New,,49.41,6.45,gott,,0,13.74,6500,6500,false,,,14.74,Silver 1,Silver 1,1.13,0,,,47929.43,650,Source One Financial Services,TX,,0,0,TX277,Silver
251759,hhisek,32567.8,180,Decline,GREAT AMERICAN RV SUPERSTORE-BREAUX BRIDGE - LA104,,LA,BREAUX BRIDGE,2026-08-24,,,2024,RV,Used,,15.49,5.03,gott,,121,9.74,12000,12000,false,,,11.24,Core,Not Applicable,0.71,0,,0,46150,726,Connexus Credit Union,LA, james duos,0,0,LA104,Not Applicable
252043,jharrington1,19019.74,144,Decline,General RV - Elizabethtown - PA112,General RV,PA,Elizabethtown,2026-08-24,,,2021,RV,Used,729,31.3,3.17,jharrington1,,20,10.74,2000,2000,false,,,12.24,Core,Core,1.02,0,,0,18590,693,Source One Financial Services,PA, terrek teal,0,0,PA112,Core
252001,rsimmons,44271.19,240,Booked,SMITH MOTOR CO OF HATTIESBURG INC - MS107,,MS,HATTIESBURG,2026-08-24,2026-08-28,2026-08-28,2027,Boat,New,723,26.84,4.29,jsmith,5679,5466,7.99,3000,3000,false,213,0,8.74,Core,Core,0.98,1328.14,3,0,45174,800,Source One Financial Services,LA, elizabeth aycox,1,0,MS107,Core
251973,hhisek,57131.91,180,Auto Approval,RV Country - Show Low - AZ366,RV Country,AZ,Lakeside,2026-08-24,2026-08-31,,2018,RV,Used,783,40.2,7.66,edominguez,,9777,8.24,3000,3000,false,,,9.24,Core,Not Applicable,0.92,0,,0,61886,760,Connexus Credit Union,AZ, mark zemeckis,1,1,AZ366,Not Applicable
251842,jrubi,39658,180,Conditional Approval,St Louis RV - MO155,,MO,O'Fallon,2026-08-24,2026-08-24,,2027,RV,New,688,27.39,2.08,jweller,,23,10.24,4350,4350,false,,,11.74,Core,Core,0.98,0,,0,40560,687,Source One Financial Services,MO, jason miller,1,1,MO155,Core
251927,mnava,37168.21,180,Decline,Campers Inn RV - Tucson - AZ365,Campers Inn,AZ,TUCSON,2026-08-24,,,2026,RV,Used,,32.37,12.06,edominguez,,8,10.24,1000,1000,false,,,11.74,Core,Core,1.02,0,,0,36410,683,Source One Financial Services,AZ, rob rhein,0,0,AZ365,Core
251959,,201062.76,240,Auto Decline,Blue Compass RV - Palm Desert - SCA166,Blue Compass,CA,Palm Desert,2026-08-24,,,2026,RV,New,,59,14.09,jrubi,,0,13.74,35000,-1645.54,false,,,14.74,Silver 1,Silver 1,1.07,0,,0,188785,645,Source One Financial Services,CA,,0,0,SCA166,Silver
251948,eavila,93772.79,180,Decline,Rock Solid Funding LLC - TX536,RSF,TX,BEDFORD,2026-08-24,2026-08-24,,2024,RV,Used,,52.61,11.18,S1House,,4102,10.49,5000,5000,false,,,11.24,Core,Core,0.88,0,,0,106215,755,Source One Financial Services,NM, ashley rogers,0,0,TX536,Core
252005,,39118.99,180,Auto Decline,Economy RVS LLC - MD112,,MD,Mechanicsville,2026-08-24,,,2027,RV,New,,8.35,3.59,gcoulombe,,0,13.74,4500,4500,false,,,14.74,Silver 1,Silver 1,1.1,0,,0,35678,657,Source One Financial Services,MD,,0,0,MD112,Silver
251919,jharrington1,60511,240,Decline,RV LEADERS - PA108,,PA,ADAMSBURG,2026-08-24,,,2026,RV,New,,35.29,6.12,jharrington1,,43,12.49,7000,7000,false,,,13.49,Silver 1,Silver 1,1,0,,0,60345,673,Source One Financial Services,SC, patty atkinson,0,0,PA108,Silver
252076,hhisek,71096.85,240,Decline,Fun Town Rv/Angelo RV LLC -TX247,Fun Town,TX,San Angelo,2026-08-24,,,2025,RV,New,,34.65,3.38,gott,,30,10.24,7000,7000,false,,,11.74,Core,Core,0.87,0,,0,81486,691,Source One Financial Services,TX, brenden boggs,0,0,TX247,Core
251989,hhisek,73806.08,240,Verifications Incomplete,FUN TOWN RV CORSICANA LP- TX451,Fun Town,TX,CORSICANA,2026-08-24,2026-09-03,,2027,RV,New,638,34.31,2.44,gott,,14297,8.24,16000,19172.67,false,,46,9.49,Core,Core,1.24,3690.3,5,0,59525,764,Source One Financial Services,TX, laci boulware,1,1,TX451,Core
251768,avera,24510.8,180,Decline,General RV Center - North Canton - OH200,General RV,OH,North Canton,2026-08-24,,,2027,RV,New,,37.8,4.19,jharrington1,,305,14.99,3000,3000,false,,,15.99,Silver 2,Not Applicable,0.95,0,,0,25689,622,Ideal Credit Union,OH, tim mccorkle,0,0,OH200,Not Applicable
251929,,67874.68,240,Auto Decline,AC Nelsen RV World -MN5005,,MN,SHAKOPEE,2026-08-24,,,2027,RV,Used,634,17.76,6.98,S1House,,0,14.99,3000,3000,false,,,15.99,Silver 2,Silver 2,0.99,0,,0,68564,637,Source One Financial Services,MN,,0,0,MN5005,Silver
251886,thovey,28818,180,Auto Approval,"Vantage Recreational Finance, Inc. -FL291",VRF,FL,FORT LAUDERDALE,2026-08-24,2026-08-26,,2018,Boat,Used,737,17.85,1.94,S1House,,2877,8.49,3100,3100,false,,,9.99,Core,Core,0.89,0,,0,32375,798,Source One Financial Services,SD, sean fitzpatrick,1,1,FL291,Core
251871,,54919.98,240,Auto Decline,Fun Town RV-Denton -TX322,Fun Town,TX,Denton,2026-08-24,,,2026,RV,New,,38.49,6.15,gott,,0,14.99,1000,1000,false,,,15.99,Silver 2,Silver 2,1,0,,0,55082,629,Source One Financial Services,TX,,0,0,TX322,Silver
252036,jharrington1,7499,60,Decline,Indian Valley Camping Center Inc- PA119,,PA,Souderton,2026-08-24,,,2019,RV,Used,,51.49,2.09,jharrington1,,25,12.99,3000,3000,false,,,13.49,Core,Core,0.44,0,,0,17150,693,Source One Financial Services,PA,,0,0,PA119,Core
252127,jrubi,40006.1,180,Decline,TRIPLE H RVS - AL119,,AL,HALEYVILLE,2026-08-24,,,2027,RV,New,639,44.87,3.52,jsmith,,8,10.24,0,5000,false,,,11.74,Core,Core,0.99,0,,0,40426,682,Source One Financial Services,SC, tyler spann,0,0,AL119,Core
251811,ccampos,41410.78,180,Decline,Marshall's Marine Inc - SC146,,SC,Lake City,2026-08-24,,,2027,Boat,New,,7.39,7.22,jsmith,,45,10.24,16000,16000,false,,,11.74,Core,Core,0.77,0,,0,53999.49,690,Source One Financial Services,SC, hope huggins,0,0,SC146,Core
251833,,12285.86,144,Auto Decline,RV Station LTD - Bryan/College Station -TX193,,TX,College Station,2026-08-24,,,2015,RV,Used,,4.03,3.14,gott,,0,16.24,5000,5000,false,,,17.24,Silver 2,Silver 2,1.19,0,,0,10340,627,Source One Financial Services,TX,,0,0,TX193,Silver
251771,thovey,15850.91,120,Decline,ROTH RV - BEMIDJI - MN168,,MN,BEMIDJI,2026-08-24,,,2021,RV,Used,,97.49,5.31,S1House,,94,9.24,500,500,false,,,10.74,Core,Core,1.13,0,,0,14000,761,Source One Financial Services,MN, tracy perpich,0,0,MN168,Core
252021,Jhill,40207.77,180,Auto Approval,Prossers Premium RV Outlet -WI170,,WI,Sturtevant,2026-08-24,2026-08-24,,2025,RV,Used,,45.35,4.12,S1House,,184,9.49,400,54400,false,,,10.99,Core,Core,0.33,0,,0,121110,743,Source One Financial Services,WI, walter miller,1,1,WI170,Core
252016,hhisek,45775.21,204,Booked,Fun Town RV Dallas -TX327,Fun Town,TX,Fate,2026-08-24,2026-08-28,2026-08-31,2023,RV,Used,722,32.86,1.96,gott,10412,5784,10.24,0,0,false,180,4448,10.49,Core,Core,0.89,457.75,1,0,51350,730,Source One Financial Services,TX, brenden boggs,1,0,TX327,Core
252064,eavila,29014,180,Auto Approval,Fun Town RV - Little Rock - AR126,Fun Town,AR,Bryant,2026-08-24,2026-08-25,,2026,RV,New,,5.25,2.27,jweller,,1212,8.74,3000,3000,false,,,10.24,Core,Core,0.93,0,,0,31308,780,Source One Financial Services,AR, wade meeks,1,1,AR126,Core
251890,hhisek,28561.57,180,Approved,"Ron Hoover Companies of Lake Conroe, Inc -TX280",Ron Hoover,TX,Willis,2026-08-24,2026-08-24,,2026,RV,New,,36.7,1.63,gott,,8,9.99,1500,1500,false,,,11.49,Core,Core,1.01,0,,0,28220,714,Source One Financial Services,TX, gilbert salazar,1,1,TX280,Core
252107,,82382.42,240,Auto Decline,HAPPY CAMPERS RV SALES and SERVICE - IN182,,IN,LAFAYETTE,2026-08-24,,,2026,RV,New,,18.17,5.76,jharrington1,,0,14.99,0,0,false,,,15.99,Silver 2,Silver 2,0.98,0,,0,84401,629,Source One Financial Services,IN,,0,0,IN182,Silver
252082,hhisek,20170.25,144,Approved,Boat-N-RV Supercenter  - TN157,,TN,Crossville,2026-08-24,2026-08-24,,2022,RV,Used,,28.89,1.24,jsmith,,8,14.49,2300,2300,false,,,15.49,Silver 1,Silver 1,0.86,0,,0,23400,656,Source One Financial Services,TN, kim yaeger,1,1,TN157,Silver
251865,mlomedico,15339,120,Auto Approval,"Vantage Recreational Finance, Inc. -FL291",VRF,FL,FORT LAUDERDALE,2026-08-24,2026-08-24,,2006,Boat,Used,678,24.68,1.18,S1House,,77,9.99,500,500,false,,,11.49,Core,Core,1.12,0,,0,13697.25,797,Source One Financial Services,MA, andrea strawn-ingram,1,1,FL291,Core
252106,eavila,25919,140,Auto Approval,"Vantage Recreational Finance, Inc. -FL291",VRF,FL,FORT LAUDERDALE,2026-08-24,2026-08-25,,2015,Boat,Used,,32.86,1.77,S1House,,1469,10.49,1500,1500,false,,,11.99,Core,Core,0.92,0,,0,28260,748,Source One Financial Services,TX, joe lary,1,1,FL291,Core
252068,ccampos,60423.4,214,Auto Approval,Meyers RV Sales & Marine - Sayre - PA149,,PA,Sayre,2026-08-24,2026-09-01,,2017,RV,Used,,21.63,7.06,jharrington1,,11185,10.99,3600,3066,false,,,12.49,Core,Core,1.16,0,,0,52000,700,Source One Financial Services,PA, chirs crowley,1,1,PA149,Core
251943,hhisek,38916.25,108,Auto Approval,Bama RV - Opelika - AL151,,AL,Opelika,2026-08-24,2026-08-27,,2023,RV,Used,,20.25,13.94,jsmith,,4512,11.49,3039.1,-3960.9,false,,,12.99,Core,Core,1.18,0,,0,33000,706,Source One Financial Services,AL, kevin horne,1,1,AL151,Core
251971,Jhill,33071,180,Booked,Ron Hoover - Georgetown - TX497,Ron Hoover,TX,Georgetown,2026-08-24,2026-08-31,2026-09-02,2026,RV,New,,49.86,8.25,gott,13056,10290,9.49,0,0,false,2712,54,10.99,Core,Core,1.01,1984.26,6,0,32670,748,Source One Financial Services,TX, edgar duran,1,0,TX497,Core
251930,hhisek,78535.88,216,Booked,Fun Town RV - Las Vegas - NV116,Fun Town,NV,Las Vegas,2026-08-24,2026-08-29,2026-08-29,2026,RV,New,,28.62,11.16,ljablonoski,7197,7087,9.99,2000,3047.76,false,110,0,11.49,Core,Core,1.36,4712.15,6,0,57813,754,Source One Financial Services,NV, julie ronquillo,1,0,NV116,Core
251914,eavila,20077.79,204,Decline,Rock Solid Funding LLC - TX536,RSF,TX,BEDFORD,2026-08-24,,,2022,Boat,Used,,50.51,3.68,S1House,,35,9.74,6000,6000,false,,,11.24,Core,Core,0.54,0,,0,37213,740,Source One Financial Services,SC, serena pulliam,0,0,TX536,Core
251924,hhisek,73179.92,180,Decline,Fun Town RV-Waller -TX539,Fun Town,TX,Waller,2026-08-24,,,2025,RV,Used,,26.21,4.2,gott,,46,12.49,0,20788.77,false,,,13.49,Silver 1,Silver 1,0.9,0,,0,81550,662,Source One Financial Services,TX, meddie nieto,0,0,TX539,Silver
251881,ccampos,78509,240,Auto Approval,"Vantage Recreational Finance, Inc. -FL291",VRF,FL,FORT LAUDERDALE,2026-08-24,2026-08-24,,2017,Boat,Used,,34.9,5.85,S1House,,75,8.49,10000,10000,false,,,9.99,Core,Core,0.9,0,,0,87440,869,Source One Financial Services,CA, jenica carpentier,1,1,FL291,Core
252132,sflynn,92290.68,240,Auto Approval,RGV RV SALES - TX569,,TX,Mission,2026-08-24,2026-08-25,,2027,RV,New,,14.07,6.16,gott,,990,8.99,9450,9450,false,,,10.49,Core,Core,0.94,0,,0,98449,749,Source One Financial Services,TX, aldo camarillo,1,1,TX569,Core
251915,,67874.68,240,Auto Decline,AC Nelsen RV World -MN5005,,MN,SHAKOPEE,2026-08-24,,,2027,RV,Used,,23.83,13.19,S1House,,0,14.99,3000,3000,false,,,15.99,Silver 2,Silver 2,0.99,0,,0,68564,634,Source One Financial Services,MN,,0,0,MN5005,Silver
251819,lgrace,43478,180,Approved,"HAPPY TOWN RV, LLC - SC122",,SC,ST GEORGE,2026-08-24,2026-08-24,,2023,RV,Used,,25.07,13.82,jsmith,,93,11.49,4000,4000,false,,,12.99,Core,Core,0.65,0,,0,66750,708,Source One Financial Services,SC, cody doody,1,1,SC122,Core
252069,ccampos,30119.45,180,Decline,Aloha Marine Florida LLC - FL286,,FL,Holly Hill,2026-08-24,,,2023,Boat,Used,,38.65,7.21,pcarter,,57,13.24,1500,4000,false,,,14.24,Silver 1,Not Applicable,0.99,0,,0,30395,679,Connexus Credit Union,FL, tim schmoker,0,0,FL286,Not Applicable
251941,eavila,99582,204,Auto Approval,Poulsbo RV - Mt Vernon - WA132,,WA,Mt Vernon,2026-08-24,2026-08-24,,2027,RV,New,688,42.49,4.2,ljablonoski,,391,10.24,132000,105729,false,,,11.74,Core,Core,0.52,0,,0,190192,693,Source One Financial Services,WA,,1,1,WA132,Core
251857,,29496.95,120,Auto Decline,SAVA RV - FL284,,FL,Fort Myers,2026-08-24,,,2021,RV,Used,,17.1,4.69,wstoutimore,,0,22.99,3500,3500,false,,,23.99,Bronze,Bronze,0.99,0,,0,29930,612,Source One Financial Services,GA,,0,0,FL284,Business First
251758,lgrace,23570,204,Conditional Approval,ADVENTURE MOTORHOMES - SC118,,SC,GREEER,2026-08-24,2026-08-24,,2022,RV,Used,686,21.98,3.54,jsmith,,105,10.74,2600,2600,false,,,12.24,Core,Core,0.83,0,,0,28500,692,Source One Financial Services,SC, keith palmer,1,1,SC118,Core
251821,sbaker,42072.79,84,Conditional Approval,Rock Solid Funding LLC - TX536,RSF,TX,BEDFORD,2026-08-24,2026-08-24,,2007,Boat,Used,,12.94,2.88,S1House,,444,10.24,35000,35000,false,,,11.74,Core,Core,0.85,0,,0,49350,892,Source One Financial Services,OH, caleb grassi,1,1,TX536,Core
252056,,40207.77,180,Cancelled,Prossers Premium RV Outlet -WI170,,WI,Sturtevant,2026-08-24,,,2025,RV,Used,,0,0,S1House,,,22.99,400,54400,false,,,23.99,Bronze,Bronze,0.44,0,,0,90400,,Source One Financial Services,WI, michael prosser,0,0,WI170,Business First
252050,eavila,30910.08,180,Decline,PRIMEAUX RV SUPERSTORE - CARENCRO - LA102,,LA,CARENCRO,2026-08-24,,,2022,RV,Used,,40.01,5.35,gott,,121,22.99,3500,3500,false,,,23.99,Bronze,Bronze,0.88,0,,0,34980,599,Source One Financial Services,LA, shannon rogers,0,0,LA102,Business First
251797,ccampos,25417.79,180,Auto Approval,Rock Solid Funding LLC - TX536,RSF,TX,BEDFORD,2026-08-24,2026-08-24,,2022,RV,Used,,33.76,3.45,S1House,,106,7.74,5000,5000,false,,,9.24,Core,Core,0.74,0,,0,34450,808,Source One Financial Services,LA, caleb grassi,1,1,TX536,Core
251991,thovey,37279,204,Auto Approval,Blue Compass RV - Springfield - MO229,Blue Compass,MO,Strafford,2026-08-24,2026-08-24,,2018,RV,Used,,12.31,2.96,jweller,,17,10.49,1500,5950,false,,,11.99,Core,Core,1.16,0,,0,32200,711,Source One Financial Services,MO, steve petley,1,1,MO229,Core
251946,,70912.48,240,Auto Decline,"Kris Willis RV, LLC -MO127",,MO,Dexter,2026-08-24,,,2027,RV,New,,82.54,29.33,jweller,,0,22.99,2000,2000,false,,,23.99,Bronze,Bronze,0.9,0,,0,78957,457,Source One Financial Services,AR,,0,0,MO127,Business First
252108,Jhill,22844.76,204,Decline,BISHS RV OF LONGVIEW - TX473,Bish's RV,TX,LONGVIEW,2026-08-24,,,2026,RV,New,,61.31,2.6,gott,,11,10.24,5000,5000,false,,,11.74,Core,Core,0.92,0,,0,24838,695,Source One Financial Services,TX, david mcclanahan,0,0,TX473,Core
251806,sbaker,15685.11,168,Verifications Incomplete,The Boat Dock LTD - IL214,,IL,Springfield,2026-08-24,2026-08-29,,2020,Boat,Used,,3.4,2.96,gcoulombe,,7619,7.99,3000,4000,false,,2,9.49,Core,Core,0.71,941.11,6,0,22210,815,Source One Financial Services,IL, jd harris,1,1,IL214,Core
251954,hhisek,36833.75,180,Booked,Gil Cherry Family RV Center LLC -TX130,,TX,Sweetwater,2026-08-24,2026-08-24,2026-08-24,2023,RV,Used,,12.02,2.7,gott,337,261,10.74,3300,3300,false,22,54,12.24,Core,Core,1.07,2210.03,6,0,34450,688,Source One Financial Services,TX, rick posey,1,0,TX130,Core
252098,hhisek,28206.39,180,Auto Approval,CAMPERS INN RV OF MADISON - AL116,Campers Inn,AL,MADISON,2026-08-24,2026-08-25,,2026,RV,New,710,19.33,1.4,jsmith,,1122,9.74,7500,7500,false,,,11.24,Core,Core,0.81,0,,0,34879,732,Source One Financial Services,AL, robert orwat,1,1,AL116,Core
252126,thovey,55714.01,240,Decline,BLUE COMPASS RV  DES MOINES-IA222,Blue Compass,IA,ALTOONA,2026-08-24,,,2026,RV,New,,13.83,3.23,gcoulombe,,1048,10.24,5500,5500,false,,,11.74,Core,Core,1.03,0,,0,54312,686,Source One Financial Services,KS, roscoe vacco,0,0,IA222,Core
251766,rsimmons,35574.48,180,Auto Approval,CRESTVIEW RV SUPERSTORE - SELMA - TX484,Campers Inn,TX,SELMA,2026-08-24,2026-08-24,,2027,RV,New,,30.53,5.27,gott,,252,9.99,2000,2000,false,,,11.49,Core,Core,1.01,0,,0,35350,714,Source One Financial Services,TX, tom allen,1,1,TX484,Core
251826,,14347.68,144,Auto Decline,"EPIC FINANCE, LLC. - 17401748",EPIC,NC,WILMINGTON,2026-08-24,,,2011,RV,Used,,84.42,6.59,S1House,,0,15.49,1500,1500,false,,,16.49,Silver 1,Silver 1,1.51,0,,0,9515,660,Source One Financial Services,AZ,,0,0,17401748,Silver
252103,hhisek,63012.97,180,Decline,T and S RV and SPORT LLC -TX377,,TX,NAVASOTA,2026-08-24,,,2022,RV,Used,,38.52,5.05,gott,,7,14.49,6500,6500,false,,,15.49,Silver 1,Silver 1,1.02,0,,0,61850,653,Source One Financial Services,TX, anthony wiese,0,0,TX377,Silver
252100,mnava,38723.68,180,Approved,Moix RV - Conway - AR134,,AR,Conway,2026-08-24,2026-08-24,,2019,RV,Used,,35.36,3.78,jweller,,8,10.74,4008.38,4008.38,false,,,12.24,Core,Core,0.93,0,,0,41550,722,Source One Financial Services,AR, chad cantrell,1,1,AR134,Core
251990,lgrace,11073.82,120,Auto Approval,NewCoast - Boatzon - FL356,Marine Max,FL,Oldsmar,2026-08-24,2026-08-28,,2008,Boat,Used,,18.74,3.32,S1House,,5753,11.49,1550,1550,false,,,12.99,Core,Core,1.03,0,,0,10718,713,Source One Financial Services,TX, john womble,1,1,FL356,Core
251993,rsimmons,38222.7,180,Decline,RV STATION-INEZ TX443,,TX,INEZ,2026-08-24,,,2026,RV,New,,27.5,2.49,gott,,6,12.49,1500,11500,false,,,13.49,Silver 1,Silver 1,0.82,0,,0,46424,664,Source One Financial Services,TX, alan marquez,0,0,TX443,Silver
252074,mlomedico,30612,180,Decline,BISH'S RV OF BOZEMAN - MT103,Bish's RV,MT,BOZEMAN,2026-08-24,,,2026,RV,New,589,32.73,5.21,dzilberchtein,,30,13.74,100,100,false,,,14.74,Silver 1,Silver 1,1,0,,0,30690,647,Source One Financial Services,MT,,0,0,MT103,Silver
252023,Jhill,32111.68,180,Auto Approval,Fun Town RV - Texarkana - AR120,Fun Town,AR,Texarkana,2026-08-24,2026-08-25,,2026,RV,New,662,26.61,2.97,jweller,,1615,9.74,4000,4000,false,,,11.24,Core,Core,0.76,0,,0,42176,723,Source One Financial Services,AR, henry reyna,1,1,AR120,Core
251804,Jhill,13119.14,144,Auto Approval,Gregg Orr Marine -TX365,,TX,TEXARKANA,2026-08-24,2026-08-24,,2015,Boat,Used,,47.99,1.73,jweller,,1,10.49,2000,2000,false,,,11.99,Core,Core,1.02,0,,0,12860,759,Source One Financial Services,AR, justin jones,1,1,TX365,Core
252140,avera,35370.01,144,Decline,Sun City RV -AZ205,,AZ,Peoria,2026-08-24,,,2018,RV,Used,,29,6.19,edominguez,,736,14.99,10800,10800,false,,,15.99,Silver 1,Not Applicable,0.99,0,,0,35550,658,Connexus Credit Union,AZ, rory fields,0,0,AZ205,Not Applicable
252111,,56208.8,180,Auto Decline,M&M Watersports - UT120,,UT,Springville,2026-08-24,,,2014,Boat,Used,,23.55,5.15,ljablonoski,,0,16.74,5800,5800,false,,,17.74,Silver 2,Silver 2,1.06,0,,0,53113.5,633,Source One Financial Services,ID,,0,0,UT120,Silver
252002,,28799,96,Auto Decline,KITSAP RV - WA107,,WA,PORT ORCHARD,2026-08-24,,,2007,RV,Used,,0,0,ljablonoski,,0,22.99,3200,3200,false,,,23.99,Bronze,Bronze,0,0,,0,0,,Source One Financial Services,WA,,0,0,WA107,Business First
252030,mlomedico,48232,180,Decline,Campers Inn RV - Johnstown - CO163,Campers Inn,CO,Johnstown,2026-08-24,,,2019,RV,Used,,30.68,12.92,dzilberchtein,,20,10.49,1000,1000,false,,,11.99,Core,Core,1.01,0,,0,47960,743,Source One Financial Services,CO, scott hayes,0,0,CO163,Core
251955,lgrace,18006.28,120,Auto Approval,Couch Family RV - FL299,,FL,Cross City,2026-08-24,2026-08-26,,2022,RV,Used,,32.01,3.21,wstoutimore,,2943,11.99,2500,2500,false,,,12.24,Silver 1,Not Applicable,0.8,0,,0,22550,664,Connexus Credit Union,FL, fiona earp,1,1,FL299,Not Applicable
252087,rsimmons,10980.62,180,Auto Approval,Blue Compass RV - Tyler - TX552,Blue Compass,TX,Tyler,2026-08-24,2026-08-24,,2026,RV,New,,18.1,3.83,gott,,11,7.99,0,0,false,,,9.49,Core,Core,0.8,0,,0,13770,781,Source One Financial Services,TX, clay coleman,1,1,TX552,Core
251827,hhisek,56590.34,240,Decline,Blue Compass RV - Austin - TX522,Blue Compass,TX,Buda,2026-08-24,,,2027,RV,New,616,35.62,2.53,gott,,37,13.74,6200,6200,false,,,14.74,Silver 1,Silver 1,1.09,0,,0,52128,650,Source One Financial Services,TX, caleb munoz,0,0,TX522,Silver
251936,,63462.16,240,Auto Decline,RV COUNTRY HOLDING CO - NV102,RV Country,NV,SPARKS,2026-08-24,,,2021,RV,Used,,62.46,21.63,ljablonoski,,0,10.24,6000,6000,false,,,11.74,Core,Core,1.02,0,,0,61930,739,Source One Financial Services,NV,,0,0,NV102,Core
252035,hhisek,27553.54,180,Conditional Approval,Fun Town RV - Indianapolis - IN215,Fun Town,IN,Edinburgh,2026-08-24,2026-08-24,,2026,RV,New,670,31.56,1.66,jharrington1,,10,9.74,6800,11800,false,,,11.24,Core,Core,1.3,0,,0,21229,734,Source One Financial Services,IN, chase ackeret,1,1,IN215,Core
251872,pmeza,26112.39,180,Decline,Nice Campers.com-AR129,,AR,Russellville,2026-08-24,,,2026,RV,New,684,52.12,1.12,jweller,,3024,9.49,6000,6000,false,,,10.99,Core,Core,0.69,0,,0,37709,706,Source One Financial Services,AR, mike dolente,0,0,AR129,Core
251763,,230371,240,Auto Decline,RV Select-FL270,,FL,Seffner,2026-08-24,,,2017,RV,Used,,50.79,26.7,wstoutimore,,0,11.24,40000,40000,false,,,12.74,Core,Core,0.89,0,,0,259400,686,Source One Financial Services,WI,,0,0,FL270,Core
252077,,22441,120,Auto Decline,BISH'S RV OF GREAT FALLS - MT104,Bish's RV,MT,GREAT FALLS,2026-08-24,,,2025,RV,New,626,13.86,5.48,dzilberchtein,,0,14.99,2500,2500,false,,,15.99,Silver 2,Silver 2,0.58,0,,0,38491,626,Source One Financial Services,MT,,0,0,MT104,Silver
251975,pmeza,22135.01,180,Auto Approval,Cooks Boats and Motors -MO150,,MO,Troy,2026-08-24,2026-08-27,,2023,Boat,Used,,20.44,2.53,jweller,,4113,13.24,10000,10000,false,,,14.24,Silver 1,Silver 1,0.93,0,,0,23840,671,Source One Financial Services,MO,,1,1,MO150,Silver
251792,sbaker,27755,180,Booked,Jimmy Jones Polaris - Kingsland - EGA111,EPIC,GA,Kingsland,2026-08-24,2026-08-26,2026-08-27,2023,Boat,Used,,14.4,4.86,S1House,4554,3264,14.49,2750,2750,false,219,1071,15.49,Silver 1,Silver 1,0.96,1110.2,4,0,29015,651,Source One Financial Services,GA, brett light,1,0,EGA111,Silver
251922,lgrace,73832,240,Booked,Blue Compass RV - Columbia - SC136,Blue Compass,SC,Lexington,2026-08-24,2026-08-27,2026-08-28,2026,RV,New,660,36.71,7.55,jsmith,5835,4324,9.99,7000,7000,false,1443,68,10.24,Core,Core,0.85,738.32,1,0,86990,713,Source One Financial Services,SC, taylor graziano,1,0,SC136,Core
252066,rsimmons,23702.88,180,Booked,AMERICA GO RV - COMFORT - TX471,,TX,COMFORT,2026-08-24,2026-08-28,2026-08-28,2011,RV,Used,,42.06,2.34,gott,5777,5759,10.99,8000,8000,false,10,8,12.49,Core,Core,1.18,1422.17,6,0,20100,759,Source One Financial Services,TX, charlie flippen,1,0,TX471,Core
252009,lgrace,39245,180,Approved,Intercoastal Financial Group LLC - 17401746,IFG,FL,Vero Beach,2026-08-24,2026-08-24,,2010,Boat,Used,825,17.37,2.2,S1House,,40,9.49,5000,5000,false,,,10.74,Core,Core,1.44,0,,0,27250,815,Source One Financial Services,VA, nicole chaney,1,1,17401746,Core
251779,Jhill,15683.5,120,Decline,GREAT AMERICAN RV SUPERSTORE-BREAUX BRIDGE - LA104,,LA,BREAUX BRIDGE,2026-08-24,,,2023,RV,Used,595,47.35,2.27,gott,,10,14.49,1500,1500,false,,,15.49,Silver 1,Silver 1,1.08,0,,0,14500,654,Source One Financial Services,LA, james duos,0,0,LA104,Silver
251992,Jhill,70060.75,204,Conditional Approval,Bish's RV of Sioux Falls - SD112,Bish's RV,SD,Tea,2026-08-24,2026-08-24,,2020,RV,Used,671,35,7.77,dzilberchtein,,27,10.49,4000,11100,false,,,11.99,Core,Core,1.15,0,,0,60800,701,Source One Financial Services,IA, david mcclanahan,1,1,SD112,Core
251803,avera,144003.23,240,Booked,Blue Compass RV - Chattanooga - GA156,Blue Compass,GA,Ringgold,2026-08-24,2026-08-29,2026-08-30,2027,RV,New,,41.13,11.17,jsmith,8665,7632,9.74,15000,36000,false,1031,2,11.24,Core,Core,1.1,8640.19,6,0,130578,700,Source One Financial Services,TN, carson callender,1,0,GA156,Core
252020,hhisek,49120.41,204,Booked,Fun Town RV - Cleburne -TX108,Fun Town,TX,Cleburne,2026-08-24,2026-08-28,2026-08-28,2027,RV,New,664,26.45,3.71,S1House,5845,5836,9.99,0,0,false,8,1,10.49,Core,Core,1.09,982.41,2,0,44888,717,Source One Financial Services,TX, laci boulware,1,0,TX108,Core
252038,hhisek,64585.23,180,Decline,Blue Compass RV - Nashville - TN158,Blue Compass,TN,Lebanon,2026-08-24,,,2026,RV,New,,28.67,17,jsmith,,15,13.74,7200,7200,false,,,14.74,Silver 1,Silver 1,1,0,,0,64851,655,Source One Financial Services,TN, karrie haynes,0,0,TN158,Silver
251888,sbaker,27037.49,180,Booked,Carpenters Campers Inc - FL226,,FL,Pensacola,2026-08-24,2026-08-28,2026-08-28,2021,RV,Used,,37.38,5.56,wstoutimore,6183,6138,9.24,3500,3500,false,33,12,10.74,Core,Core,1.28,1622.25,6,0,21100,764,Source One Financial Services,FL, tracey carpenter,1,0,FL226,Core
251862,jharrington1,24271.99,240,Decline,Campers Inn RV - Wilmington - OH231,Campers Inn,OH,Wilmington,2026-08-24,,,2026,RV,New,673,45.18,1.65,jharrington1,,32,9.74,2500,4940,false,,,11.24,Core,Core,0.95,0,,0,25499,721,Source One Financial Services,OH, zachary blevins,0,0,OH231,Core
252138,eavila,36392.87,180,Booked,Blue Compass RV - South Beumont - TX551,Blue Compass,TX,Vidor,2026-08-24,2026-08-27,2026-08-28,2019,RV,Used,,18.04,3.16,gott,5423,3682,11.24,3500,3500,false,1648,93,12.74,Core,Core,1.45,2183.57,6,0,25150,691,Source One Financial Services,TX, leah sligar,1,0,TX551,Core
251786,,67141.05,240,Auto Decline,GREAT AMERICAN RV SUPERSTORE-BREAUX BRIDGE - LA104,,LA,BREAUX BRIDGE,2026-08-24,,,2026,RV,New,,67.17,22.73,gott,,0,22.99,6000,16250,false,,,23.99,Bronze,Bronze,0.84,0,,0,79660,611,Source One Financial Services,AL,,0,0,LA104,Business First
251950,mlomedico,29338.5,180,Conditional Approval,Blue Compass RV - St. Louis - MO230,Blue Compass,MO,Eureka,2026-08-24,2026-08-24,,2026,RV,New,,14.75,1.47,jweller,,41,12.49,2875,2875,false,,,13.49,Silver 1,Silver 1,0.91,0,,0,32400,678,Source One Financial Services,TX, alex kennard,1,1,MO230,Silver
251965,jharrington1,44345.4,144,Conditional Approval,OWENSBORO RV - KY119,,KY,OWENSBORO,2026-08-24,2026-08-24,,2026,RV,New,,23.38,12.66,jharrington1,,14,7.49,10000,10500,false,,,8.99,Core,Core,0.94,0,,0,47335,843,Source One Financial Services,KY, scott stacy,1,1,KY119,Core
251968,sbaker,27588.65,180,Decline,"Vantage Recreational Finance, Inc. -FL291",VRF,FL,FORT LAUDERDALE,2026-08-24,,,2023,Boat,Used,660,46,3.45,S1House,,26,13.24,2730,2730,false,,,14.24,Silver 1,Silver 1,0.54,0,,0,51395,678,Source One Financial Services,GA, sean fitzpatrick,0,0,FL291,Silver
251999,jharrington1,58491.32,240,Auto Approval,Spend-A-Day Marina -OH125,OneWater,OH,Russels Point,2026-08-24,2026-08-24,,2022,Boat,Used,,40.57,6.58,jharrington1,,25,7.74,6500,6500,false,,,9.24,Core,Core,0.97,0,,0,60115,825,Source One Financial Services,OH, brittany daniel,1,1,OH125,Core
252049,mlomedico,42617.78,180,Approved,Blue Compass RV - Longmont - CO161,Blue Compass,CO,Longmont,2026-08-24,2026-08-24,,2026,RV,New,686,20.32,3.27,dzilberchtein,,20,9.74,10000,10000,false,,,10.49,Core,Core,0.7,0,,0,61128,765,Source One Financial Services,CO, anthony bova,1,1,CO161,Core
251835,hhisek,64952.9,240,Decline,Campers Inn RV of Knoxville E - TN160,Campers Inn,TN,Knoxville,2026-08-24,,,2026,RV,New,,43.09,16.89,jsmith,,34,12.49,10000,10000,false,,,13.49,Silver 1,Silver 1,0.98,0,,0,66153.32,668,Source One Financial Services,KY, radu puraci,0,0,TN160,Silver
251931,hhisek,43310.45,180,Approved,Blue Compass - Mobile - AL170,Blue Compass,AL,Theodore,2026-08-24,2026-08-24,,2025,RV,Used,,26.37,8.31,jsmith,,20,10.24,0,11000,false,,,11.74,Core,Core,0.87,0,,0,50050,695,Source One Financial Services,AL, dylan howard,1,1,AL170,Core
251879,eavila,27919.64,180,Auto Approval,Open Road RV Center - Monroe - WA156,,WA,Monroe,2026-08-24,2026-08-24,,2023,RV,Used,657,16.44,1.98,ljablonoski,,11,7.99,5000,5000,false,,,9.49,Core,Core,0.99,0,,0,28100,802,Source One Financial Services,WA, nichole stephenson,1,1,WA156,Core
252071,,172899,240,Auto Decline,"Vantage Recreational Finance, Inc. -FL291",VRF,FL,FORT LAUDERDALE,2026-08-24,,,2023,RV,Used,,46.28,15.7,S1House,,0,15.74,5000,5000,false,,,16.74,Silver 2,Silver 2,1.07,0,,0,161250,632,Source One Financial Services,MN,,0,0,FL291,Silver
252135,eavila,20270.38,120,Verifications Incomplete,Blue Compass RV - Palm Desert - SCA166,Blue Compass,CA,Palm Desert,2026-08-24,2026-09-01,,2014,RV,Used,,28.6,7.52,jrubi,,11168,11.24,2120,2120,false,,1,12.74,Core,Core,1.8,0,,0,11260,738,Source One Financial Services,CA, chayse pauser,1,1,SCA166,Core
252007,,320135,240,Auto Decline,General RV - Richmond - VA117,General RV,VA,Ashland,2026-08-24,,,2026,RV,Used,,43.36,43.36,jsmith,,0,22.99,34000,34000,false,,,23.99,Bronze,Bronze,1.06,0,,0,300729,,Source One Financial Services,VA,,0,0,VA117,Business First
251986,,170792,240,Auto Decline,"Vantage Recreational Finance, Inc. -FL291",VRF,FL,FORT LAUDERDALE,2026-08-24,,,2027,Boat,New,,18.57,7.65,S1House,,0,14.99,30000,30000,false,,,15.99,Silver 2,Silver 2,0.92,0,,0,185690,628,Source One Financial Services,NC,,0,0,FL291,Silver
251796,lgrace,141790.53,240,Conditional Approval,SR1 Companies-Turner-ME108,,ME,Turner,2026-08-24,2026-08-24,,2026,RV,New,860,48.75,11.42,gcoulombe,,43,7.24,22000,22000,false,,,8.74,Core,Core,1.25,0,,0,113690,857,Source One Financial Services,ME, shawn martin,1,1,ME108,Core
252119,mlomedico,26432.69,204,Booked,Blue Compass RV - Katy - TX571,Blue Compass,TX,Katy,2026-08-24,2026-08-26,2026-08-28,2022,RV,Used,,22.42,4.56,gott,5586,2816,9.99,0,0,false,2770,0,7.39,Core,Core,1.27,264.33,1,0,20750,747,Source One Financial Services,TX, kevin miranda,1,0,TX571,Core
251908,,24388.66,120,Decline,SAVA RV - FL284,,FL,Fort Myers,2026-08-24,,,2021,RV,Used,,20.75,5.22,wstoutimore,,92,22.99,5500,5500,false,,,23.99,Silver 1,Silver 1,0.9,0,,0,27032,654,Source One Financial Services,MD, victoria childress,0,0,FL284,Silver
252047,mnava,63757.3,216,Booked,BLUE COMPASS RV - ROCKPORT - TX460,Blue Compass,TX,ROCKPORT,2026-08-24,2026-08-28,2026-08-28,2026,RV,New,774,19.06,4.36,gott,5730,5651,9.99,2900,3140,false,79,0,11.49,Core,Core,1.32,3825.44,6,0,48119.75,756,Source One Financial Services,TX, darby warren,1,0,TX460,Core
251982,avera,56948.05,240,Decline,Pete's RV Center - Chesapeake - VA113,Pete's RV,VA,Chesapeake,2026-08-24,,,2026,RV,New,690,57.34,3.67,jsmith,,12,7.49,0,0,false,,,8.99,Core,Core,1.02,0,,0,56065,804,Source One Financial Services,VA, jason loper,0,0,VA113,Core
252128,mnava,22390.75,204,Auto Approval,Georgia Campers - GA145,,GA,Newman,2026-08-24,2026-08-25,,2022,RV,Used,,24,4.21,jsmith,,1187,7.74,2000,2000,false,,,9.24,Core,Core,1.19,0,,0,18800,838,Source One Financial Services,GA, gustavo egidi,1,1,GA145,Core
251987,,49012.94,180,Auto Decline,Blue Compass RV - Albuquerque - NM112,Blue Compass,NM,Albuquerque,2026-08-24,,,2027,RV,New,,33.18,11.3,edominguez,,0,22.99,4000,4000,false,,,23.99,Bronze,Bronze,1.15,0,,0,42599,608,Source One Financial Services,NM,,0,0,NM112,Business First
251900,ccampos,22645,180,Decline,Blue Compass RV - Spartanburg - SC144,Blue Compass,SC,Duncan,2026-08-24,2026-08-24,,2026,RV,New,,15.55,2.56,jsmith,,138,7.49,0,300,false,,,8.99,Core,Core,0.95,0,,0,23806,850,Source One Financial Services,SC, john balma,0,0,SC144,Core
252048,mlomedico,14950,120,Auto Approval,LEOS VACATION CENTER INC - MD102,,MD,GAMBRILLS,2026-08-24,2026-08-28,,2025,RV,Used,,8.3,0.52,gcoulombe,,5538,12.49,0,4300,false,,,13.49,Silver 1,Silver 1,0.48,0,,0,31000,673,Source One Financial Services,MD,,1,1,MD102,Silver
251867,,33204.95,180,Auto Decline,TRIPLE H RVS - AL119,,AL,HALEYVILLE,2026-08-24,,,2027,RV,New,,45.35,3.77,jsmith,,0,12.49,4000,4000,false,,,13.49,Silver 1,Silver 1,0.92,0,,0,36212,668,Source One Financial Services,LA,,0,0,AL119,Silver
251794,jharrington1,28059.7,180,Approved,Best Choice Trailers & RV-PA123,Canopy Financial,PA,Irwin,2026-08-24,2026-08-24,,2022,RV,Used,,41.2,6.53,jharrington1,,13,7.99,0,0,false,,,9.49,Core,Core,0.88,0,,0,32050,802,Source One Financial Services,PA, mac mclelland,1,1,PA123,Core
251995,Jhill,15800,144,Booked,Blue Compass RV - Hickory - NC156,Blue Compass,NC,Claremont,2026-08-24,2026-08-28,2026-08-28,2026,RV,New,,30.81,2.56,jsmith,5792,5530,10.24,2000,2000,false,254,8,11.74,Core,Core,0.81,948,6,0,19604,688,Source One Financial Services,NC, nathan mcpherson,1,0,NC156,Core
251876,Jhill,20000,180,Auto Approval,American Marine - Chippewa Falls - WI732,,WI,Chippewa Falls,2026-08-24,2026-08-24,,2026,Boat,New,,15.16,1.01,S1House,,471,7.99,19578.75,51578.75,false,,,9.49,Core,Core,0.37,0,,0,54120,783,Source One Financial Services,KS, missy prissel,1,1,WI732,Core
252094,mnava,42893,180,Decline,BEAUMONT RV - SCA108,,CA,BEAUMONT,2026-08-24,,,2021,RV,Used,,28.85,8.84,jrubi,,13,14.49,4500,4500,false,,,15.49,Silver 1,Silver 1,0,0,,0,0,644,Source One Financial Services,CA,,0,0,SCA108,Silver
252008,ccampos,48442.21,204,Auto Approval,Intercoastal Financial Group LLC - 17401746,IFG,FL,Vero Beach,2026-08-24,2026-08-24,,2018,RV,Used,,35.58,5.76,S1House,,215,11.24,5000,5000,false,,,12.49,Core,Core,1.1,0,,0,43900,699,Source One Financial Services,CA, stephen jolles,1,1,17401746,Core
252084,thovey,21971,144,Booked,CAMPING NATION RVS LLC - AZ322,,AZ,MESA,2026-08-24,2026-08-26,2026-08-28,2021,RV,Used,843,14.28,4.9,edominguez,5738,2828,7.99,1000,1000,false,2898,12,8.99,Core,Core,1.1,878.84,4,0,20000,832,Source One Financial Services,AZ, zachary booth,1,0,AZ322,Core
251920,jharrington1,72004,180,Decline,Bullitt County Auto and RV Sales Inc - KY138,,KY,Shephersville,2026-08-24,,,2021,RV,Used,,79.72,9,jharrington1,,46,9.24,0,0,false,,,10.74,Core,Core,72004,0,,0,1,761,Source One Financial Services,KY, cheyanne anderson,0,0,KY138,Core
251899,,16965,84,Auto Decline,Bobby Combs RV AZ - AZ312,,AZ,Mesa,2026-08-24,,,2026,RV,New,,39.17,6.84,edominguez,,0,22.99,2000,2000,false,,,23.99,Bronze,Bronze,0.75,0,,0,22596,606,Source One Financial Services,AZ,,0,0,AZ312,Business First
251788,Jhill,160189.95,240,Decline,AEONrv - ENV100,EPIC,NV,Reno,2026-08-24,,,2026,RV,New,,11.27,10.51,S1House,,24,7.74,100000,100000,false,,,9.24,Core,Core,0.83,0,,0,192200,782,Source One Financial Services,NV, brett light,0,0,ENV100,Core
251884,mnava,18922.48,180,Decline,KUNES STOUGHTON RV INC - WI713,KunesRV,WI,DEFOREST,2026-08-24,,,2022,RV,Used,,46.66,3.3,S1House,,17,10.49,8000,8000,false,,,11.99,Core,Core,0.68,0,,0,27650,704,Source One Financial Services,WI, morgan gross,0,0,WI713,Core
251970,jrubi,17232.83,180,Approved,B&D RV Center - UT124,Easy Care,UT,Vernal,2026-08-24,2026-08-24,,2017,RV,Used,,14.22,3.72,ljablonoski,,20,8.49,10000,10000,false,,,9.99,Core,Core,0.83,0,,0,20850,819,Source One Financial Services,TX, bradley taylor,1,1,UT124,Core
251868,,50030.81,240,Auto Decline,Miles RV Center - NC165,,NC,Hendersonville,2026-08-24,,,2026,RV,New,,32.64,29.04,jsmith,,112,22.99,6500,6500,false,,,23.99,Bronze,Core,0.91,0,,0,55184,765,Source One Financial Services,NC, jevon bryant,0,0,NC165,Business First
251760,rsimmons,15659,180,Auto Approval,Southern Michigan RV- MI452,,MI,Hillsdale,2026-08-24,2026-08-25,,2022,RV,Used,,7.67,0.28,dzilberchtein,,1468,7.99,1000,1000,false,,,9.49,Core,Core,1.12,0,,0,14000,868,Source One Financial Services,MI,,1,1,MI452,Core
251923,sbaker,25942,120,Decline,NewCoast - Boatzon - FL356,Marine Max,FL,Oldsmar,2026-08-24,2026-08-24,,2026,Boat,New,,37.2,6.52,S1House,,6071,7.49,3300,3300,false,,,8.74,Core,Not Applicable,1.25,0,,0,20800,753,Connexus Credit Union,TX, justin veghte,0,0,FL356,Not Applicable
252024,,31544,180,Auto Decline,Foothills Marine of Lake Norman- NC144,,NC,Mooresville,2026-08-24,,,2023,Boat,Used,,46.27,5.43,jsmith,,0,22.99,0,13500,false,,,23.99,Bronze,Bronze,0.84,0,,0,37495,590,Source One Financial Services,NC,,0,0,NC144,Business First
252003,avera,30000,180,Conditional Approval,Blue Compass RV - Spartanburg - SC144,Blue Compass,SC,Duncan,2026-08-24,2026-08-24,,2026,RV,New,,35.3,4.87,jsmith,,112,7.24,11450,11450,false,,,8.24,Core,Not Applicable,0.64,0,,0,46934,764,Connexus Credit Union,SC, john balma,1,1,SC144,Not Applicable
251856,avera,65592.57,240,Decline,WATERSPORTS CENTRAL - BUFORD - GA148,,GA,BUFORD,2026-08-24,,,2025,Boat,New,,37.16,14.5,jsmith,,151,9.49,3400,3400,false,,,10.99,Core,Not Applicable,1.17,0,,0,55931.85,717,Connexus Credit Union,SC, rick trottier,0,0,GA148,Not Applicable
252067,ccampos,119688.05,240,Decline,Walnut Ridge Family RV Sales -IN101,,IN,New Castle,2026-08-24,,,2026,RV,New,649,36.94,7.54,jharrington1,,30,12.49,12000,12000,false,,,13.49,Silver 1,Not Applicable,1.05,0,,0,113485,678,Connexus Credit Union,IN, justin lee,0,0,IN101,Not Applicable
251897,ccampos,74952.94,240,Decline,BYRON POWERSPORTS LLC - GA140,,GA,BYRON,2026-08-24,,,2027,RV,New,,57.48,5.46,jsmith,,95,10.24,10000,10190,false,,,11.74,Core,Core,1.16,0,,0,64367,697,Source One Financial Services,GA, tom bulger,0,0,GA140,Core
251866,ccampos,96602.93,240,Decline,General RV - Jacksonville - FL236,General RV,FL,Orange Park,2026-08-24,,,2027,RV,Used,,61.84,6.47,pcarter,,130,9.99,10000,10000,false,,,11.49,Core,Core,0.97,0,,0,99245,714,Source One Financial Services,FL, lou marino,0,0,FL236,Core
251831,ccampos,15902.63,144,Auto Approval,NewCoast - Boatzon - FL356,Marine Max,FL,Oldsmar,2026-08-24,2026-08-24,,2018,Boat,Used,,41.2,1.92,S1House,,90,11.24,1425,1425,false,,,12.74,Core,Core,1.05,0,,0,15210,694,Source One Financial Services,CA, christopher rogers,1,1,FL356,Core
251928,mnava,64092.35,204,Booked,"Vantage Recreational Finance, Inc. -FL291",VRF,FL,FORT LAUDERDALE,2026-08-24,2026-08-31,2026-09-01,2021,RV,Used,,12,2.9,S1House,11892,9935,7.74,2000,2000,false,1895,62,8.74,Core,Core,1.28,2563.69,4,0,50150,822,Source One Financial Services,FL, alphonzo bowe,1,0,FL291,Core
252065,hhisek,59598.81,240,Auto Approval,JEFF COUCHS CAMPERS -OH107,Jeff Couchs,OH,Trenton,2026-08-24,2026-08-26,,2027,RV,New,,18.34,2.47,jharrington1,,2649,7.49,6700,6700,false,,,8.49,Core,Not Applicable,0.8,0,,0,74125,727,Connexus Credit Union,OH, derek hensley,1,1,OH107,Not Applicable
252083,eavila,127506.6,216,Conditional Approval,Intercoastal Financial Group LLC - 17401746,IFG,FL,Vero Beach,2026-08-24,2026-08-24,,2019,Boat,Used,,10.57,2.3,S1House,,47,12.74,13000,13000,false,,,13.99,Core,Core,0.98,0,,0,130000,680,Source One Financial Services,FL, hunter miller,1,1,17401746,Core
252031,,84660,240,Auto Decline,AIRPORT MARINE INC - AL102,,AL,ALABASTER,2026-08-24,,,2026,Boat,New,,35.24,34.4,jsmith,,0,22.99,0,0,false,,,23.99,Bronze,Bronze,1.19,0,,0,71000,463,Source One Financial Services,TN,,0,0,AL102,Business First
251926,sbaker,40673.12,240,Decline,BLUE COMPASS RV - BOERNE - TX422,Blue Compass,TX,Boerne,2026-08-24,,,2027,RV,New,,9.51,5.71,gott,,20,9.74,5500,5500,false,,,11.24,Core,Core,0.94,0,,0,43105.25,733,Source One Financial Services,TX, nicholas flagg,0,0,TX422,Core
251799,sbaker,50372.79,180,Approved,Rock Solid Funding LLC - TX536,RSF,TX,BEDFORD,2026-08-24,2026-08-24,,2018,RV,Used,,42.57,6.28,S1House,,24,10.74,5000,5000,false,,,12.24,Core,Core,1,0,,0,50545,739,Source One Financial Services,NJ, ashley rogers,1,1,TX536,Core
252097,thovey,92411.11,240,Decline,General RV Center - Longmont - CO156,General RV,CO,Longmont,2026-08-24,,,2025,RV,New,,51.57,10.2,dzilberchtein,,7,9.99,1000,13500,false,,,11.49,Core,Core,1.13,0,,0,81996,711,Source One Financial Services,CO, tim mccorkle,0,0,CO156,Core
251756,avera,53158.14,240,Auto Approval,Freedom RV LLC - TX490,Canopy Financial,TX,Dodd City,2026-08-24,2026-08-24,,2026,RV,New,,44.78,4.52,gott,,366,7.99,0,5240,false,,,9.49,Core,Core,1.26,0,,0,42044,795,Source One Financial Services,TX, matt kurtz,1,1,TX490,Core
251957,rsimmons,64932.93,240,Booked,"Ron Hoover Companies of Donna, Inc -Tx277",Ron Hoover,TX,Donna,2026-08-24,2026-08-29,2026-09-01,2020,RV,Used,723,38.59,4.69,gott,11876,7058,10.24,5201,6510.45,false,13,4805,11.74,Core,Core,1.07,3895.98,6,0,60490,733,Source One Financial Services,TX, julio pena,1,0,TX277,Core
251952,,72777.06,180,Auto Decline,RV Country - Show Low - AZ366,RV Country,AZ,Lakeside,2026-08-24,,,2025,RV,New,,44.49,23.41,edominguez,,0,22.99,15000,15000,false,,,23.99,Bronze,Bronze,0.75,0,,0,96757,601,Source One Financial Services,AZ,,0,0,AZ366,Business First
251918,jharrington1,27965.01,180,Approved,The Outpost RV Inc -IN144,,IN,Middlebury,2026-08-24,2026-08-24,,2026,RV,New,,23.08,1.87,jharrington1,,41,7.24,1300,1300,false,,,8.74,Core,Core,0.85,0,,0,32829,842,Source One Financial Services,IL,,1,1,IN144,Core
251934,pmeza,20252.88,168,Booked,Titan Auto & Rv Sales - AR117,,AR,Searcy,2026-08-24,2026-08-24,2026-08-24,2026,RV,Used,,16.64,3.22,jweller,380,51,7.99,0,0,false,14,315,8.74,Core,Core,1.24,607.59,3,0,16300,793,Source One Financial Services,AR, dylan melton,1,0,AR117,Core
251828,ccampos,25968.91,144,Auto Approval,Buckeye RV LLC -OH225,,OH,Jefferson,2026-08-24,2026-08-24,,2020,RV,Used,,12.81,5.6,jharrington1,,67,13.99,5000,5000,false,,,13.99,Silver 1,Not Applicable,0.9,0,,0,28750,641,Connexus Credit Union,VA, nick mullins,1,1,OH225,Not Applicable
251832,jharrington1,57676.94,240,Decline,"Freedom Outdoors of Southern Ohio, Inc. -OH148",,OH,Wheelersburg,2026-08-24,,,2025,Boat,Used,721,11.46,3.62,jharrington1,,66,9.49,5000,20000,false,,,10.99,Core,Core,0.88,0,,0,65370,741,Source One Financial Services,KY, russell jay,0,0,OH148,Core
252055,hhisek,31366.56,180,Decline,Fun Town RV Amarillo - TX508,Fun Town,TX,Amarillo,2026-08-24,,,2026,RV,New,727,29.4,2.18,gott,,11,13.74,3300,3300,false,,,14.74,Silver 1,Silver 1,1.01,0,,0,31167,646,Source One Financial Services,TX, eric adams,0,0,TX508,Silver
251937,mlomedico,28610.05,180,Booked,Fun Town RV- Waco-TX212,Fun Town,TX,Hewitt,2026-08-24,2026-08-26,2026-08-26,2017,RV,Used,,19.43,8.09,gott,3286,3281,8.49,1000,1000,false,4,1,9.99,Core,Core,1.41,1716.6,6,0,20350,814,Source One Financial Services,TX, tyler witt,1,0,TX212,Core
252137,pmeza,41401.78,204,Auto Approval,BLUE COMPASS RV - CORPUS CHRISTI - TX459,Blue Compass,TX,CORPUS CHRISTI,2026-08-24,2026-08-24,,2022,RV,Used,,15.13,1.67,gott,,24,8.24,10000,10000,false,,,9.74,Core,Core,0.93,0,,0,44400,781,Source One Financial Services,TX, elisa escamilla,1,1,TX459,Core
252112,ccampos,20999.58,144,Verifications Incomplete,DADS CAMPER OUTLET - LUCEDALE - MS102,,MS,LUCEDALE,2026-08-24,2026-08-28,,2022,RV,Used,,46.61,8.27,jsmith,,5361,9.24,1600,1600,false,,1,10.74,Core,Core,1.16,1259.97,6,0,18050,764,Source One Financial Services,MS, ricky arnaud,1,1,MS102,Core
252124,mnava,23378.34,180,Auto Approval,KUNES STOUGHTON RV INC - WI713,KunesRV,WI,DEFOREST,2026-08-24,2026-08-24,,2024,RV,Used,791,4.05,1.21,S1House,,20,7.49,4000,4000,false,,,8.99,Core,Core,1.2,0,,0,19450,804,Source One Financial Services,WI, morgan gross,1,1,WI713,Core
251844,ccampos,111586.41,240,Auto Approval,General RV - Richmond - VA117,General RV,VA,Ashland,2026-08-24,2026-09-02,,2024,RV,Used,,22,2.83,jsmith,,13005,7.24,12000,12000,false,,,8.74,Core,Core,0.77,0,,0,144600,838,Source One Financial Services,VA, colby hall,1,1,VA117,Core
251904,hhisek,48670.89,180,Conditional Approval,GIBBS OUTDOOR and RECREATION - TX454,,TX,WACO,2026-08-24,2026-08-24,,2022,RV,Used,782,26.92,4.21,gott,,7,8.49,3000,6769,false,,,9.99,Core,Core,1.16,0,,0,42000,789,Source One Financial Services,TX, colby longenbaugh,1,1,TX454,Core
251812,ccampos,16197.79,144,Auto Approval,Rock Solid Funding LLC - TX536,RSF,TX,BEDFORD,2026-08-24,2026-08-24,,2027,RV,New,,21.02,1.82,S1House,,317,8.74,1200,1200,false,,,10.24,Core,Core,1.3,0,,0,12500,763,Source One Financial Services,GA, ashley rogers,1,1,TX536,Core
251903,thovey,97337.76,240,Booked,La Mesa RV Center - Albuquerque - NM109,La Mesa,NM,Albuquerque,2026-08-24,2026-09-01,2026-09-03,2022,RV,Used,828,32.86,4.73,edominguez,14612,11816,7.74,8000,8000,false,1789,1007,6.99,Core,Core,1.35,973.38,1,0,72135,864,Source One Financial Services,NM, erika davidson,1,0,NM109,Core
251945,ahunt,33063.03,180,Auto Approval,Southern Mud Sports of the Midwest - IA225,,IA,Blue Grass,2026-08-24,2026-08-24,,2026,Boat,New,,25.58,5.41,gcoulombe,,376,9.49,3348,3348,false,,,10.99,Core,Core,1.13,0,,0,29197.5,741,Source One Financial Services,WI, jeff cantey,1,1,IA225,Core
251869,lgrace,79845.75,240,Booked,A and L RV SALES LLC -Chocowinity - NC120,,NC,CHOCWINITY,2026-08-24,2026-09-02,2026-09-02,2026,RV,New,,37.96,8.89,jsmith,13222,13012,8.99,7000,12984.65,false,210,0,10.49,Core,Core,1.15,4790.74,6,0,69538,713,Source One Financial Services,NC, ryan branch,1,0,NC120,Core
251846,thovey,15563.68,144,Auto Approval,Moix RV - McGaugh Outpost - AR136,,AR,Springdale,2026-08-24,2026-08-24,,2018,RV,Used,781,19.75,1.53,jweller,,16,8.99,1600,1600,false,,,10.49,Core,Core,1.1,0,,0,14150,802,Source One Financial Services,AR, bobby wood,1,1,AR136,Core
251818,rsimmons,34660.23,204,Auto Approval,Blue Compass - Mobile - AL170,Blue Compass,AL,Theodore,2026-08-24,2026-08-24,,2022,RV,Used,675,25.69,2.67,jsmith,,21,9.99,1000,1000,false,,,11.49,Core,Core,1.13,0,,0,30700,752,Source One Financial Services,MS, dylan howard,1,1,AL170,Core
251969,mlomedico,77380,180,Auto Approval,Hawkeye Boat Sales - IA173,,IA,Dubuque,2026-08-24,2026-08-24,,2022,RV,Used,787,15.39,8.97,gcoulombe,,17,8.99,13000,13000,false,,,9.74,Core,Core,1.17,0,,0,66300,828,Source One Financial Services,IA, josh billmeyer,1,1,IA173,Core
251764,jharrington1,44605.74,180,Decline,Fretz RV -PA126,,PA,Souderton,2026-08-24,,,2011,RV,Used,,47.08,8.24,jharrington1,,20,10.99,4600,4600,false,,,12.49,Core,Core,1.17,0,,0,38060,741,Source One Financial Services,PA, tony eidle,0,0,PA126,Core
251836,hhisek,44072.74,180,Decline,SMITH MOTOR CO OF HATTIESBURG INC - MS107,,MS,HATTIESBURG,2026-08-24,,,2027,Boat,New,672,34.87,2.11,jsmith,,35,9.74,3000,3000,false,,,11.24,Core,Core,1.23,0,,0,35941.4,723,Source One Financial Services,LA, elizabeth aycox,0,0,MS107,Core
251985,sbaker,53254.48,180,Verifications Incomplete,Premier Yamaha Boating Center/Aransas -TX209,,TX,Aransas,2026-08-24,2026-08-31,,2026,Boat,New,,21.29,7.75,gott,,9923,13.74,4790,4790,false,,0,14.74,Silver 1,Silver 1,1.29,0,,0,41418.7,648,Source One Financial Services,TX, paul mcminn,1,1,TX209,Silver
251980,eavila,28234.87,180,Approved,GREAT AMERICAN RV SUPERSTORE-TUPELO - MS114,,MS,BELDEN,2026-08-24,2026-08-24,,2026,RV,New,,17.84,2.39,jsmith,,166,7.49,500,500,false,,,8.99,Core,Core,1.29,0,,0,21884,819,Source One Financial Services,MS, dj miller,1,1,MS114,Core
251935,thovey,40480.58,204,Decline,CAMPERS INN ATLANTA -GA122,Campers Inn,GA,TUCKER,2026-08-24,,,2026,RV,New,,16.86,4.08,jsmith,,195,11.99,0,33500,false,,,12.99,Silver 1,Not Applicable,0.71,0,,0,57145.68,661,Connexus Credit Union,GA, brett horton,0,0,GA122,Not Applicable
251916,jharrington1,100450.12,220,Booked,Fun Town RV Factory Connect LLC-IN205,Fun Town,IN,Elkhart,2026-08-24,2026-08-28,2026-08-28,2026,RV,New,,39.04,6.97,jharrington1,5966,5717,9.99,8700,8700,false,232,17,11.49,Core,Core,1.46,6027.01,6,0,68724,703,Source One Financial Services,FL, trever rizor,1,0,IN205,Core
252029,hhisek,47971.6,180,Auto Approval,Fun Town RV - North Detroit - MI447,Fun Town,MI,North Detroit,2026-08-24,2026-08-24,,2026,RV,New,,47.12,2.44,dzilberchtein,,83,7.49,0,0,false,,,8.99,Core,Core,0.94,0,,0,51025,808,Source One Financial Services,TX, tara back,1,1,MI447,Core
252046,,20192.42,180,Auto Decline,EMPIRE RV and MARINE - TX463,,TX,LIBERTY,2026-08-24,,,2017,RV,Used,,25.59,5.65,gott,,0,22.99,2000,2000,false,,,23.99,Bronze,Bronze,0.92,0,,0,22000,601,Source One Financial Services,TX,,0,0,TX463,Business First
251893,avera,20942.9,180,Conditional Approval,Huggy Bear RV Sales -OH162,Canopy Financial,OH,Middle Point,2026-08-24,2026-08-24,,2014,RV,Used,772,40.24,1.77,jharrington1,,97,9.49,11520,11520,false,,,10.99,Core,Core,1.25,0,,0,16800,783,Source One Financial Services,IN, mac mclelland,1,1,OH162,Core
251887,eavila,15736.42,180,Decline,AC Nelsen RV World - NE103,,NE,Omaha,2026-08-24,,,2025,RV,New,,5.8,4.4,dzilberchtein,,45,22.99,11000,13000,false,,,23.99,Silver 2,Silver 2,0.61,0,,0,25750,634,Source One Financial Services,NE, rian white,0,0,NE103,Silver
251940,thovey,10004,144,Auto Approval,Cheyenne Camping Center - IA184,,IA,Walcott,2026-08-24,2026-08-27,,2016,RV,Used,,32.67,2.28,gcoulombe,,4579,9.74,1000,1000,false,,,11.24,Core,Core,0.68,0,,0,14800,774,Source One Financial Services,TX, isabella craig,1,1,IA184,Core
252004,lgrace,153656.97,240,Booked,Legendary Marine - Destin - FL142,OneWater,FL,Destin,2026-08-24,2026-09-02,2026-09-02,2026,Boat,New,,42.56,10.43,wstoutimore,12996,12608,8.24,38800,40274.17,false,323,65,8.99,Core,Core,1.44,6146.28,4,0,107017.14,777,Source One Financial Services,FL, nolon saucier,1,0,FL142,Core
251981,pmeza,14778.79,120,Verifications Incomplete,WEHR FORD OF MTN. GROVE - 2ND LOCATION- MO186,,MO,MTN. GROVE,2026-08-24,2026-09-01,,2015,RV,Used,731,4.62,0.41,jweller,,11228,8.49,2000,2000,false,,1,9.99,Core,Core,0.96,886.73,6,0,15350,802,Source One Financial Services,MO, chase barnes,1,1,MO186,Core
251838,Jhill,40904.73,204,Booked,Premier Yamaha Boating Center/Aransas -TX209,,TX,Aransas,2026-08-24,2026-08-28,2026-08-28,2020,Boat,Used,730,36.33,4.82,gott,6065,6011,10.24,1000,1000,false,46,8,11.49,Core,Core,0.99,2045.24,5,0,41270,733,Source One Financial Services,LA, ashton janise,1,0,TX209,Core
251988,mnava,57355.85,240,Decline,ANGLERS CHOICE - LEXINGTON - NC101,,NC,LEXINGTON,2026-08-24,2026-08-24,,2026,Boat,New,,57.8,8.4,jsmith,,56,9.74,6100,6100,false,,,11.24,Core,Core,0.91,0,,0,62961,700,Source One Financial Services,NC, lee parker,0,0,NC101,Core
251762,,17227,120,Auto Decline,Fun Time Campers -IN122,,IN,Indianapolis,2026-08-24,,,2017,RV,Used,,30.85,7.08,jharrington1,,0,22.99,2000,2000,false,,,23.99,Bronze,Bronze,1.02,0,,0,16850,480,Source One Financial Services,IN,,0,0,IN122,Business First
251956,pmeza,175146.14,204,Verifications Incomplete,Motor Home Specialist - TX567,Blue Compass,TX,Alvarado,2026-08-24,2026-08-31,,2011,RV,Used,749,44.43,5.76,gott,,10014,8.74,34500,34500,false,,1,8.74,Core,Core,0.79,0,,0,220850,811,Source One Financial Services,CA, michael briers,1,1,TX567,Core
251855,hhisek,32897.23,180,Booked,Ron Hoover - Georgetown - TX497,Ron Hoover,TX,Georgetown,2026-08-24,2026-08-25,2026-08-25,2025,RV,New,,24.75,5.05,gott,1842,1810,9.74,0,0,false,31,1,11.24,Core,Core,1.06,1973.83,6,0,31160,725,Source One Financial Services,TX, edgar duran,1,0,TX497,Core
252088,ccampos,19449.41,144,Auto Approval,BLUE COMPASS RV  COLUMBUS-OH210,Blue Compass,OH,DELAWARE,2026-08-24,2026-08-24,,2019,RV,Used,,33.17,3.99,jharrington1,,51,11.24,2000,2000,false,,,12.74,Core,Core,0.91,0,,0,21450,699,Source One Financial Services,OH, steven duty,1,1,OH210,Core
252054,rsimmons,24417.46,180,Auto Approval,A and L RV Sales - Johnson City - TN123,,TN,Johnson City,2026-08-24,2026-08-24,,2025,RV,Used,849,15.31,1.89,jsmith,,21,7.49,3000,3000,false,,,8.99,Core,Core,0.91,0,,0,26750,872,Source One Financial Services,TN, amber bailey,1,1,TN123,Core
251892,Jhill,19476.59,180,Decline,"Campers Inn RV of Myrtle Beach, Inc - SC109",Campers Inn,SC,Myrtle Beach,2026-08-24,,,2020,RV,Used,603,17.6,0.73,jsmith,,6,9.99,5000,5000,false,,,11.49,Core,Core,0.93,0,,0,20900,750,Source One Financial Services,SC, dion sexton,0,0,SC109,Core
251949,mnava,148414.79,204,Auto Approval,BLUE COMPASS RV - MESA - AZ245,Blue Compass,AZ,MESA,2026-08-24,2026-08-28,,2013,RV,Used,752,27.53,14.94,edominguez,,6011,10.49,36000,50000,false,,,11.99,Core,Core,0.82,0,,0,181850,751,Source One Financial Services,AZ, tara price,1,1,AZ245,Core
251802,lgrace,50030.81,240,Decline,Miles RV Center - NC165,,NC,Hendersonville,2026-08-24,,,2026,RV,New,613,28.01,4.93,jsmith,,47,8.74,6500,6500,false,,,10.24,Core,Core,0.91,0,,0,55184,765,Source One Financial Services,NC, jevon bryant,0,0,NC165,Core
251829,mlomedico,10343,120,Auto Approval,GEORGIA RV OUTLET LLC - GA107,,GA,CARTERSVILLE,2026-08-24,2026-08-24,,2014,RV,Used,677,32.63,1.57,jsmith,,85,11.74,900,900,false,,,13.24,Core,Core,1,0,,0,10350,693,Source One Financial Services,AL, shawn deuber,1,1,GA107,Core
251798,lgrace,15005.7,144,Decline,ANGLERS CHOICE - LEXINGTON - NC101,,NC,LEXINGTON,2026-08-24,,,2014,Boat,Used,,12.23,4.46,jsmith,,44,11.74,1500,1500,false,,,13.24,Core,Core,1.05,0,,0,14305,689,Source One Financial Services,NC, lee parker,0,0,NC101,Core
252063,mnava,49564.31,180,Ready to Book,Ron Hoover - Laredo - TX498,Ron Hoover,TX,Laredo,2026-08-24,2026-09-02,,2027,RV,New,,25.84,9.36,gott,,12642,7.74,7800,7800,false,,2,7.74,Core,Not Applicable,1.27,0,0,0,39002,787,Connexus Credit Union,TX, geno quintanilla,1,1,TX498,Not Applicable
252051,eavila,34743.63,180,Decline,"Vantage Recreational Finance, Inc. -FL291",VRF,FL,FORT LAUDERDALE,2026-08-24,,,2018,RV,Used,,5.47,5.14,S1House,,15,8.99,10000,10000,false,,,10.49,Core,Core,0.66,0,,0,52727,787,Source One Financial Services,CA, emily stratton,0,0,FL291,Core
251848,hhisek,78405.13,180,Decline,General RV - Tampa - FL238,General RV,FL,Dover,2026-08-24,,,2022,RV,Used,693,50.73,15.74,wstoutimore,,72,11.24,10000,32489.92,false,,,12.74,Core,Core,1.26,0,,0,62040,729,Source One Financial Services,FL, toni zamorano,0,0,FL238,Core
251898,,19938.51,180,Auto Decline,PKB RVs- WV108,Canopy Financial,WV,Parkersburg,2026-08-24,,,2026,RV,New,,68.52,6.42,jharrington1,,0,13.74,2000,2000,false,,,14.74,Silver 1,Silver 1,0.9,0,,0,22256,649,Source One Financial Services,OH,,0,0,WV108,Silver
251882,jharrington1,21629,144,Booked,"Midwest RV and Vans, Inc. -IN137",Canopy Financial,IN,Terre Haute,2026-08-24,2026-08-26,2026-08-28,2027,RV,New,,32.35,4.64,jharrington1,5650,3180,7.49,0,9000,false,2469,1,8.49,Not Applicable,Not Applicable,0.65,865.16,4,0,33031,735,Connexus Credit Union,IN, matt kurtz,1,0,IN137,Not Applicable
251978,jharrington1,16149.7,168,Conditional Approval,Ansley RV - PA144,,PA,Duncansville,2026-08-24,2026-08-24,,2021,RV,Used,,16.15,2.48,jharrington1,,16,13.24,1600,1600,false,,,14.24,Silver 1,Silver 1,1.14,0,,0,14135,672,Source One Financial Services,PA, joe barbera,1,1,PA144,Silver
251791,lgrace,23773.75,144,Verifications Incomplete,Campers Inn Kings Mountain -NC108,Campers Inn,NC,Kings Mountain,2026-08-24,2026-08-27,,2022,RV,Used,,22.62,6.28,jsmith,,4598,8.49,3500,3500,false,,10131,9.49,Core,Not Applicable,1.26,0,,0,18800,738,Connexus Credit Union,SC, hunter lee,1,1,NC108,Not Applicable
252136,,38302.92,240,Auto Decline,GREAT AMERICAN RV SUPERSTORE-TUPELO - MS114,,MS,BELDEN,2026-08-24,,,2026,RV,New,,62.53,5.55,jsmith,,0,13.74,5000,5000,false,,,14.74,Silver 1,Silver 1,1.3,0,,0,29559,656,Source One Financial Services,MS,,0,0,MS114,Silver
252039,lgrace,40759.44,180,Booked,Aloha Marine Florida LLC - FL286,,FL,Holly Hill,2026-08-24,2026-08-25,2026-08-26,2020,Boat,Used,,38.34,7,pcarter,2996,1460,10.74,3600,3600,false,1527,9,12.24,Core,Core,0.83,2445.57,6,0,48900,685,Source One Financial Services,FL, james pearson,1,0,FL286,Core
252114,jharrington1,38160.4,180,Approved,SPECIALTY OUTDOORS - OH189,,OH,LANCASTER,2026-08-24,2026-08-24,,2015,RV,Used,,34.67,2.01,jharrington1,,20,9.74,2000,4500,false,,,11.24,Core,Core,0.88,0,,0,43400,771,Source One Financial Services,PA, russ miller,1,1,OH189,Core
252109,pmeza,30452.81,144,Conditional Approval,Cycle Springs Powersports - FL311,,FL,Clearwater,2026-08-24,2026-08-24,,2021,Boat,Used,,20.85,2.9,wstoutimore,,80,12.24,3400,3400,false,,,12.24,Silver 1,Not Applicable,1,0,,0,30550,662,Connexus Credit Union,FL, jt beaty,1,1,FL311,Not Applicable
252061,Jhill,143201.56,180,Auto Approval,Minneapolis Trailer Sales - MN824,,MN,Rogers,2026-08-24,2026-08-24,,2027,RV,New,842,18.69,10.01,S1House,,184,8.49,13000,13817.01,false,,,9.24,Core,Core,1.15,0,,0,124100,887,Source One Financial Services,MN, ricky carlson,1,1,MN824,Core
251845,Jhill,43519.6,180,Booked,Gil Cherry Family RV Center LLC -TX130,,TX,Sweetwater,2026-08-24,2026-08-24,2026-08-26,2025,RV,New,,18.64,3.68,gott,3247,109,10.24,4000,4000,false,3130,8,11.74,Core,Core,1.11,2611.18,6,0,39323,691,Source One Financial Services,NV, pierre simmons,1,0,TX130,Core
251823,rsimmons,72268.31,240,Decline,Blue Compass RV - San Antonio - TX572,Blue Compass,TX,San Antonio,2026-08-24,,,2019,RV,Used,,48.14,5.43,gott,,53,10.99,2500,10500,false,,,12.49,Core,Core,0.98,0,,0,73535,717,Source One Financial Services,TX, qyn loza,0,0,TX572,Core
251841,pmeza,7838.58,120,Decline,GEORGIA RV OUTLET LLC - GA107,,GA,CARTERSVILLE,2026-08-24,,,2018,RV,Used,,25.8,2.82,jsmith,,81,11.99,700,700,false,,,12.49,Core,Core,0.61,0,,0,12850,710,Source One Financial Services,GA, shawn deuber,0,0,GA107,Core
251998,eavila,33492,180,Auto Approval,"Kris Willis RV, LLC -MO127",,MO,Dexter,2026-08-24,2026-08-24,,2026,RV,New,,20.71,1.69,jweller,,52,7.99,0,6493,false,,,8.74,Core,Not Applicable,1.06,0,,0,31460,729,Connexus Credit Union,MO, leagh willis,1,1,MO127,Not Applicable
251917,Jhill,34367.5,180,Decline,Dixie Horse & Mule - AL150,,AL,Newton,2026-08-24,,,2024,RV,Used,,27.95,6.05,jsmith,,76,9.99,5000,5000,false,,,11.49,Core,Core,0,0,,0,0,717,Source One Financial Services,AL, cindy wilson,0,0,AL150,Core
251814,thovey,71429.75,240,Approved,CAMPERLAND OF OKLAHOMA - OK129,,OK,TULSA,2026-08-24,2026-08-24,,2026,RV,New,684,41.23,4.96,jweller,,27,9.24,7500,7500,false,,,10.99,Core,Core,0.88,0,,0,81276,725,Source One Financial Services,TX, joe sexson,1,1,OK129,Core
251860,hhisek,46017.19,240,Booked,BLUE COMPASS RV - DENTON - TX148,Blue Compass,TX,Denton,2026-08-24,2026-08-25,2026-08-26,2026,RV,New,,23.72,3.39,gott,3088,1366,9.74,7000,7000,false,1718,4,11.24,Core,Core,0.99,2761.03,6,0,46354,723,Source One Financial Services,OK, steven lawrence,1,0,TX148,Core
251757,avera,123434.09,216,Auto Approval,Warrior Financial - OH236,Warrior Performance,OH,Columbus,2026-08-24,2026-08-27,,2022,RV,Used,821,26.64,3,jharrington1,,4855,7.99,5000,24806,false,,,9.49,Core,Core,1.21,0,,0,102150,853,Source One Financial Services,CA, jayeann hart,1,1,OH236,Core
251787,,51959.3,240,Auto Decline,FUN TOWN RV CONROE -TX400,Fun Town,TX,CONROE,2026-08-24,,,2026,RV,New,,15.15,5.38,gott,,0,22.99,0,0,false,,,23.99,Bronze,Bronze,0.94,0,,0,55095,616,Source One Financial Services,IA,,0,0,TX400,Business First
251785,Jhill,110612.75,144,Auto Decline,Intercoastal Financial Group LLC - 17401746,IFG,FL,Vero Beach,2026-08-24,,,2004,Boat,Used,,29.15,5.65,S1House,,59,22.99,20000,20000,false,,,23.99,Core,Core,0.76,0,,0,145000,741,Source One Financial Services,IL, zach edwards,0,0,17401746,Core
252060,ccampos,36485.25,204,Auto Approval,General RV - Richmond - VA117,General RV,VA,Ashland,2026-08-24,2026-08-24,,2026,RV,New,774,29.93,3.12,jsmith,,22,7.49,3000,3700,false,,,8.99,Core,Core,1.22,0,,0,29975,848,Source One Financial Services,VA, tim mccorkle,1,1,VA117,Core
251805,Jhill,32016.73,180,Approved,Homestead RV Center - OH211,Canopy Financial,OH,Girard,2026-08-24,2026-08-24,,2023,RV,Used,,25.77,6.55,jharrington1,,6,9.24,0,0,false,,,10.74,Core,Core,0.92,0,,0,34900,772,Source One Financial Services,OH, matt kurtz,1,1,OH211,Core
252019,mnava,38723.68,180,Auto Approval,Moix RV - Conway - AR134,,AR,Conway,2026-08-24,2026-08-25,,2019,RV,Used,,4.18,3.78,jweller,,1352,10.74,4000,4000,false,,,12.24,Core,Core,0.93,0,,0,41550,722,Source One Financial Services,AR, blake moore,1,1,AR134,Core
251822,rsimmons,71392.23,240,Booked,Blue Compass - Mobile - AL170,Blue Compass,AL,Theodore,2026-08-24,2026-08-25,2026-09-02,2026,RV,New,,21.88,6.65,jsmith,13204,1947,7.99,3000,3000,false,11257,0,9.49,Core,Core,1.3,4283.53,6,0,54904,798,Source One Financial Services,MS, dylan howard,1,0,AL170,Core
252057,,21695,120,Auto Decline,"Rapid Sport Marine Center, Inc.-Rogers -MN3013",,MN,Rogers,2026-08-24,,,2017,Boat,New,,30.96,3.62,S1House,,0,22.99,500,500,false,,,23.99,Bronze,Bronze,1.21,0,,0,18000,522,Source One Financial Services,MN,,0,0,MN3013,Business First
251974,,32773.79,180,Auto Decline,Blue Compass RV - Katy - TX571,Blue Compass,TX,Katy,2026-08-24,,,2021,RV,Used,,36.36,7.27,gott,,0,22.99,10000,10000,false,,,23.99,Bronze,Bronze,0.88,0,,0,37070,618,Source One Financial Services,TX,,0,0,TX571,Business First
251851,,91788.53,180,Auto Decline,Blue Compass RV - Redmond - OR146,Blue Compass,OR,Rendmond,2026-08-24,,,2024,RV,Used,,35.83,6.49,ljablonoski,,0,14.99,11500,11500,false,,,15.99,Silver 2,Silver 2,1.16,0,,0,79365,638,Source One Financial Services,MN,,0,0,OR146,Silver
252022,jharrington1,51376,220,Conditional Approval,Campers Inn of Chichester - NH103,Campers Inn,NH,Chichester,2026-08-24,2026-08-24,,2022,RV,Used,,20.64,8.72,gcoulombe,,30,10.49,5650,5650,false,,,11.99,Core,Core,0.89,0,,0,57500,682,Source One Financial Services,NH, david keller,1,1,NH103,Core
251878,mlomedico,28936.59,180,Auto Approval,RV's of America - Lindon - UT125,,UT,Lindon,2026-08-24,2026-08-24,,2026,RV,New,,25.28,3,ljablonoski,,37,7.49,3000,3000,false,,,8.99,Core,Core,1.18,0,,0,24500,859,Source One Financial Services,UT, will smith,1,1,UT125,Core
251850,jrubi,44079.57,240,Approved,Blue Compass RV - Park City-KS117,Blue Compass,KS,Park City,2026-08-24,2026-08-24,,2027,RV,New,672,37.56,8.96,jweller,,24,9.49,5000,5000,false,,,10.99,Core,Core,0.95,0,,0,46423,741,Source One Financial Services,KS, hailli barnes,1,1,KS117,Core
251858,mlomedico,115867.01,180,Auto Approval,Clearwater Marine - FL227,OneWater,FL,Clearwater,2026-08-24,2026-08-24,,2015,Boat,Used,,39.96,14.79,wstoutimore,,100,10.74,22000,22000,false,,,12.24,Core,Core,0.91,0,,0,126799,735,Source One Financial Services,FL, jared gooch,1,1,FL227,Core
251861,hhisek,18568.21,144,Conditional Approval,Blue Compass RV - Seguin - TX573,Blue Compass,TX,Sequin,2026-08-24,2026-08-24,,2022,RV,Used,,40.54,4.45,gott,,26,10.49,1900,1900,false,,,11.99,Core,Core,1.01,0,,0,18400,702,Source One Financial Services,TX, gus ponce,1,1,TX573,Core
251912,pmeza,95502.81,240,Auto Approval,Liberty RV-MO107,,MO,Liberty,2026-08-24,2026-08-24,,2025,RV,New,715,44.22,6.98,jweller,,24,7.74,0,16195,false,,,9.24,Core,Core,1.27,0,,0,75213,795,Source One Financial Services,MO, shawn wiegers,1,1,MO107,Core
252131,eavila,107407.78,204,Auto Approval,Fun Town RV - Cleburne -TX108,Fun Town,TX,Cleburne,2026-08-24,2026-08-25,,2027,RV,New,,22.15,8.89,S1House,,955,9.49,0,10534.47,false,,,7.39,Core,Core,1.33,0,,0,80664,741,Source One Financial Services,TX, cody kirkman,1,1,TX108,Core
252115,thovey,18182.74,144,Booked,"Ron Hoover Companies of Corpus Christi, Inc -TX278",Ron Hoover,TX,Corpus Christi,2026-08-24,2026-09-02,2026-09-02,2021,Boat,Used,,23.55,2.43,gott,12821,12748,10.74,5000,5000,false,73,0,12.24,Core,Core,0.94,1090.96,6,0,19260,683,Source One Financial Services,TX, david carrillo,1,0,TX278,Core
252059,eavila,47468,180,Decline,Intercoastal Financial Group LLC - 17401746,IFG,FL,Vero Beach,2026-08-24,,,2026,RV,New,,92.51,6.5,S1House,,12,9.74,5000,5000,false,,,10.99,Core,Core,1.31,0,,0,36245,729,Source One Financial Services,OH, hal jolles,0,0,17401746,Core
251896,,69564.5,180,Auto Decline,FUN TOWN RV CONROE -TX400,Fun Town,TX,CONROE,2026-08-24,,,2027,RV,New,,49.06,16.06,gott,,0,14.99,0,0,false,,,15.99,Silver 2,Silver 2,1.1,0,,0,63096,634,Source One Financial Services,TX,,0,0,TX400,Silver
252096,ccampos,20396.45,120,Auto Approval,Roy's RV Adventures LLC - FL327,,FL,Tallahassee,2026-08-24,2026-09-01,,2026,RV,Used,670,28.55,2.77,wstoutimore,,11383,10.74,225,1726,false,,,10.99,Silver 1,Not Applicable,0.48,0,,0,42150,657,Connexus Credit Union,FL, aliya purtee,1,1,FL327,Not Applicable
251977,rsimmons,71841.71,240,Auto Approval,Campers Inn RV of Knoxville E - TN160,Campers Inn,TN,Knoxville,2026-08-24,2026-08-24,,2027,RV,New,804,37.16,6.4,jsmith,,22,7.99,10000,10000,false,,,9.49,Core,Core,1.11,0,,0,64937,785,Source One Financial Services,TN, radu puraci,1,1,TN160,Core
252081,rsimmons,75831.37,240,Booked,Ron Hoover Marine Inc - La Marque -TX279,Ron Hoover,TX,Houston,2026-08-24,2026-08-28,2026-08-28,2025,Boat,New,,27.89,4.04,gott,5625,5309,7.99,0,-767.48,false,150,166,7.39,Core,Core,1.3,758.31,1,0,58201,786,Source One Financial Services,TX, quentin lasker,1,0,TX279,Core
252092,,48917.37,180,Auto Decline,Transwest - CO109,,CO,Frederick,2026-08-24,,,2018,RV,Used,666,15.14,2.35,dzilberchtein,,0,13.49,0,0,true,,,15.49,Business First,Business First,1.12,0,,0,43670,,Source One Financial Services,CO,,0,0,CO109,Business First
252053,pmeza,111202.69,240,Decline,Campers Inn of Davenport - IA216,Campers Inn,IA,Davenport,2026-08-24,,,2026,RV,New,742,14.03,12.97,gcoulombe,,5824,7.74,60000,60000,false,,,9.24,Core,Core,0.7,0,,0,157947,787,Source One Financial Services,IA, thomas greer,0,0,IA216,Core
252033,,34071.85,180,Auto Decline,Blue Compass RV - South Beumont - TX551,Blue Compass,TX,Vidor,2026-08-24,,,2021,RV,Used,,38.6,4.42,gott,,0,16.99,3500,3500,false,,,17.99,Silver 2,Silver 2,0.94,0,,0,36080,620,Source One Financial Services,TX,,0,0,TX551,Silver
251894,,23755,144,Auto Decline,Bent's RV - LA117,,LA,Boutte,2026-08-24,,,2026,RV,New,,43.13,14.71,gott,,0,22.99,10000,10000,false,,,23.99,Bronze,Bronze,0.75,0,,0,31850,552,Source One Financial Services,LA,,0,0,LA117,Business First
251907,jharrington1,42173,180,Decline,Best Choice Trailers & RV-PA123,Canopy Financial,PA,Irwin,2026-08-24,,,2026,RV,New,675,43.59,6.51,jharrington1,,11,9.74,200,200,false,,,11.24,Core,Core,1.07,0,,0,39539,739,Source One Financial Services,PA, mac mclelland,0,0,PA123,Core
251984,avera,17063.16,144,Booked,Buckeye RV LLC -OH225,,OH,Jefferson,2026-08-24,2026-08-28,2026-08-31,2026,RV,New,,7.35,5.21,jharrington1,10380,5458,7.24,1500,1500,false,4921,1,8.24,Core,Not Applicable,0.86,682.53,4,0,19785,744,Connexus Credit Union,OH, nick mullins,1,0,OH225,Not Applicable
251864,jharrington1,111070.12,240,Decline,RCD Sales Co. LTD -OH127,,OH,Pataskala,2026-08-24,,,2026,RV,New,,28.45,10.94,jharrington1,,32,8.74,10000,10000,false,,,10.24,Core,Core,0.97,0,,0,114292,776,Source One Financial Services,OH, kevin seitz,0,0,OH127,Core
252044,ccampos,146955.88,240,Decline,NewCoast - Boatzon - FL356,Marine Max,FL,Oldsmar,2026-08-24,,,2023,Boat,Used,,27.82,12.31,S1House,,65,10.24,20000,20000,false,,,11.74,Core,Not Applicable,0.91,0,,0,160925,737,Connexus Credit Union,TX, michael mclamb,0,0,FL356,Not Applicable
252015,hhisek,41933.93,180,Booked,JOHNNY'S RV SUPERSTORE LLC - AL124,,AL,THEODORE,2026-08-24,2026-08-25,2026-08-31,2022,RV,Used,,43.84,9.55,jsmith,10315,1454,8.49,6500,6500,false,5839,3022,9.49,Core,Not Applicable,1.03,1677.36,4,0,40850,728,Connexus Credit Union,AL,,1,0,AL124,Not Applicable
252013,thovey,55389,204,Auto Approval,Texoma Boat House - OK146,,OK,Calera,2026-08-24,2026-08-26,,2025,Boat,New,885,27.69,3.48,jweller,,2641,7.24,20000,20000,false,,,8.74,Core,Core,0.74,0,,0,74927,857,Source One Financial Services,OK, kristen thorn,1,1,OK146,Core
251972,,54979.98,240,Auto Decline,Fun Town RV-Denton -TX322,Fun Town,TX,Denton,2026-08-24,,,2026,RV,New,,45.02,5.74,gott,,0,13.74,1000,1000,false,,,14.74,Silver 1,Silver 1,1,0,,0,55082,650,Source One Financial Services,TX,,0,0,TX322,Silver
252025,,49760.18,240,Auto Decline,General RV-Birch Run -MI412,General RV,MI,Birch Run,2026-08-24,,,2018,RV,Used,,59.01,11.23,dzilberchtein,,0,22.99,1000,1000,false,,,23.99,Bronze,Bronze,0.69,0,,0,72610,601,Source One Financial Services,MI,,0,0,MI412,Business First
251961,edominguez,55752.15,240,Decline,ROCKY MOUNTAIN RV and MARINE - NM101,,NM,ALBUQUERQUE,2026-08-24,,,2026,RV,New,,54.15,4.26,edominguez,,91,7.49,6500,2512.91,false,,,8.99,Core,Core,1,0,,0,55662,855,Source One Financial Services,NM, roy hacker,0,0,NM101,Core
252080,mlomedico,35517.96,180,Booked,"SUN CAMPER LIQUIDATORS, LLC - FL113",,FL,FORT PIERCE,2026-08-24,2026-08-28,2026-08-31,2022,RV,Used,813,4.72,3.9,pcarter,10137,5524,7.99,3500,3500,false,4337,276,9.49,Core,Core,1.38,2131.08,6,0,25800,802,Source One Financial Services,FL, chad landry,1,0,FL113,Core
252113,mlomedico,26639.5,180,Booked,Southaven RV & Marine - MS115,,MS,Southaven,2026-08-24,2026-08-28,2026-08-28,2024,RV,Used,,45.97,4.5,jsmith,5690,5457,7.49,2000,2000,false,219,14,8.99,Core,Core,1.05,1598.37,6,0,25400,805,Source One Financial Services,MS, valerie thomas,1,0,MS115,Core
252045,,45622.7,180,Auto Decline,General RV - Elizabethtown - PA112,General RV,PA,Elizabethtown,2026-08-24,,,2026,RV,New,,60.7,15.08,jharrington1,,0,14.99,2000,2000,false,,,15.99,Silver 2,Silver 2,1.01,0,,0,45236,624,Source One Financial Services,PA,,0,0,PA112,Silver
252011,mnava,61494,240,Decline,BRETZ RV & MARINE - BUTTE - MT117,Bretz RV,MT,Butte,2026-08-24,,,2023,RV,Used,,45.26,13.6,dzilberchtein,,14,10.49,4000,4000,false,,,11.99,Core,Core,0.93,0,,0,66330,715,Source One Financial Services,MT, taylor lovell,0,0,MT117,Core
251778,jharrington1,35370,204,Booked,OWENSBORO RV - KY119,,KY,OWENSBORO,2026-08-24,2026-08-24,2026-08-26,2027,RV,New,,22.51,8.82,jharrington1,3226,49,9.99,3800,3800,false,1281,1896,11.49,Core,Core,0.96,2122.2,6,0,36840,707,Source One Financial Services,KY, scott stacy,1,0,KY119,Core
251913,thovey,20558.68,144,Booked,Moix RV - McGaugh Outpost - AR136,,AR,Springdale,2026-08-24,2026-08-25,2026-08-25,2018,RV,Used,781,20.19,1.96,jweller,1816,1794,8.49,1600,1600,false,18,4,9.99,Core,Core,1.45,1233.52,6,0,14150,802,Source One Financial Services,AR, bobby wood,1,0,AR136,Core
251996,Jhill,17000,180,Decline,Blue Compass RV - Hickory - NC156,Blue Compass,NC,Claremont,2026-08-24,,,2026,RV,New,,30.79,2.53,jsmith,,37,10.24,0,0,false,,,11.74,Core,Core,0.87,0,,0,19604,688,Source One Financial Services,NC, nathan mcpherson,0,0,NC156,Core
251837,hhisek,13374.44,120,Contract Received,Willis and Co RV - TX566,Easy Care,TX,Granbury,2026-08-24,2026-08-31,,2012,RV,Used,,27.73,2.75,gott,,10350,8.99,5000,5000,false,,45,10.49,Core,Core,1.27,0,,0,10500,808,Source One Financial Services,TX, jim lakes,1,1,TX566,Core
252090,hhisek,32007.15,144,Booked,Seguin RV Inc -TX201,,TX,Seguin,2026-08-24,2026-08-26,2026-09-02,2022,RV,Used,,18.96,6.1,gott,12569,2611,11.99,7000,7000,false,9480,478,12.24,Silver 1,Not Applicable,0.82,320.07,1,0,38850,670,Connexus Credit Union,TX, mark hatfield,1,0,TX201,Not Applicable
251874,rsimmons,53178.94,180,Booked,TEX Star RV- TX535,,TX,Azle,2026-08-24,2026-08-24,2026-08-25,2018,RV,Used,,30.32,7.27,gott,1684,136,8.99,6500,6500,false,216,1332,10.24,Core,Core,1.04,2658.95,5,0,50963,794,Source One Financial Services,TX,,1,0,TX535,Core
251944,pmeza,174397.94,180,Auto Approval,Ugly Johns Custom Boats LLC - OK136,,OK,Afton,2026-08-24,2026-08-24,,2023,Boat,Used,672,25.25,2.56,jweller,,96,7.49,18000,18000,false,,,8.74,Core,Not Applicable,0.99,0,,0,175685,816,Ideal Credit Union,AR, eric fatkin,1,1,OK136,Not Applicable
251976,hhisek,15220,144,Booked,ADVENTURE MOTORHOMES - SC118,,SC,GREEER,2026-08-24,2026-09-03,2026-09-03,2026,RV,New,,32.31,2.64,jsmith,14453,14335,7.49,0,0,false,98,20,7.99,Core,Core,0.69,304.4,2,0,22214,874,Source One Financial Services,TN, keith palmer,1,0,SC118,Core
251877,hhisek,23659,120,Decline,JOHNNY'S RV SUPERSTORE LLC - AL124,,AL,THEODORE,2026-08-24,,,2015,RV,Used,,12.72,2.99,jsmith,,6,14.99,6000,6000,false,,,15.99,Silver 1,Silver 1,0,0,,0,0,646,Source One Financial Services,AL,,0,0,AL124,Silver
251795,rsimmons,22799.19,180,Decline,Willis and Co RV - TX566,Easy Care,TX,Granbury,2026-08-24,,,2022,RV,Used,,68.92,7.26,gott,,2890,8.49,2500,2500,false,,,9.99,Core,Core,1,0,,0,22750,782,Source One Financial Services,TX, jim lakes,0,0,TX566,Core
252089,eavila,13219.68,120,Approved,ROTH RV - BEMIDJI - MN168,,MN,BEMIDJI,2026-08-24,2026-08-24,,2021,RV,Used,,15.67,2.1,S1House,,14,10.74,3000,3000,false,,,12.24,Core,Core,1.04,0,,0,12750,691,Source One Financial Services,MN, tracy perpich,1,1,MN168,Core
251939,eavila,69778.32,204,Conditional Approval,Moix RV - Conway - AR134,,AR,Conway,2026-08-24,2026-08-24,,2024,RV,Used,,33.45,6.96,jweller,,11,10.24,7300,7300,false,,,11.74,Core,Core,1.08,0,,0,64600,682,Source One Financial Services,AR, chad cantrell,1,1,AR134,Core
252085,hhisek,79070.94,180,Decline,GIBBS OUTDOOR and RECREATION - TX454,,TX,WACO,2026-08-24,,,2027,RV,New,,38.42,15.67,gott,,6,10.24,1000,1000,false,,,11.74,Core,Core,1.01,0,,0,78041,684,Source One Financial Services,TX, colby longenbaugh,0,0,TX454,Core
251994,sbaker,36112.9,180,Booked,CRESTVIEW RV SUPERSTORE - SELMA - TX484,Campers Inn,TX,SELMA,2026-08-24,2026-08-31,2026-08-31,2026,RV,New,,39.43,3.8,gott,10213,9871,10.24,3000,3000,false,342,0,11.74,Core,Core,1.16,2166.77,6,0,31050,697,Source One Financial Services,TX, tom allen,1,0,TX484,Core
251951,mnava,45902.27,204,Decline,BYRON POWERSPORTS LLC - GA140,,GA,BYRON,2026-08-24,,,2026,RV,New,,50.21,2.2,jsmith,,57,10.24,10000,18000,false,,,11.74,Core,Core,0.87,0,,0,52947,693,Source One Financial Services,GA, tom bulger,0,0,GA140,Core
251966,ccampos,11748.58,120,Auto Approval,GEORGIA RV OUTLET LLC - GA107,,GA,CARTERSVILLE,2026-08-24,2026-08-24,,2022,RV,Used,,20.63,1.48,jsmith,,17,9.24,0,0,false,,,10.74,Core,Core,0.66,0,,0,17800,763,Source One Financial Services,GA, shawn deuber,1,1,GA107,Core
251761,lgrace,31996.72,180,Booked,Cedar City RV  - ETN103,EPIC,TN,Lebanon,2026-08-24,2026-08-27,2026-08-31,2016,RV,Used,,8.57,6.6,S1House,11019,4739,10.99,1500,1500,false,2,6278,12.49,Core,Core,0.86,1919.8,6,0,37300,708,Source One Financial Services,TN, mia williams,1,0,ETN103,Core
251863,eavila,31502.79,180,Approved,Rock Solid Funding LLC - TX536,RSF,TX,BEDFORD,2026-08-24,2026-08-24,,2022,RV,Used,753,36.29,3.54,S1House,,24,7.99,0,0,false,,,9.49,Core,Core,1.11,0,,0,28450,813,Source One Financial Services,SC, serena pulliam,1,1,TX536,Core
252078,hhisek,29538.13,180,Decline,Fun Town Rv/Angelo RV LLC -TX247,Fun Town,TX,San Angelo,2026-08-24,,,2026,RV,New,,12.37,3.2,gott,,24,9.99,3000,3000,false,,,11.49,Core,Core,0.86,0,,0,34256,705,Source One Financial Services,TX, brenden boggs,0,0,TX247,Core
252122,thovey,22586.38,180,Auto Approval,Premier Yamaha Boating Center/Aransas -TX209,,TX,Aransas,2026-08-24,2026-08-25,,2015,Boat,Used,,33.35,1.79,gott,,1374,10.99,2500,2500,false,,,12.49,Core,Core,1.02,0,,0,22200,706,Source One Financial Services,TX, mauri haygood,1,1,TX209,Core
251809,,29344,180,Auto Decline,"Vantage Recreational Finance, Inc. -FL291",VRF,FL,FORT LAUDERDALE,2026-08-24,,,2013,RV,Used,,53.91,5.23,S1House,,0,14.24,3000,3000,false,,,15.24,Silver 1,Silver 1,0.82,0,,0,35900,661,Source One Financial Services,NC,,0,0,FL291,Silver
251947,jharrington1,28059.7,180,Decline,Best Choice Trailers & RV-PA123,Canopy Financial,PA,Irwin,2026-08-24,,,2022,RV,Used,475,24.19,3.46,jharrington1,,6,7.99,0,0,false,,,9.49,Core,Core,0.8,0,,0,35255,802,Source One Financial Services,PA, mac mclelland,0,0,PA123,Core
251800,hhisek,19365.8,120,Booked,BLUE STAR RV - MI437,,MI,HOLLAND,2026-08-24,2026-08-28,2026-08-31,2025,RV,Used,,22.14,4.29,dzilberchtein,10632,6104,10.99,1000,1000,false,4522,6,10.99,Silver 1,Not Applicable,0.76,193.66,1,0,25650,667,Connexus Credit Union,MI,,1,0,MI437,Not Applicable
251910,jharrington1,58982.84,180,Ready to Book,GEORGIA RV OUTLET LLC - GA107,,GA,CARTERSVILLE,2026-08-24,2026-08-31,,2021,RV,Used,,45.41,8.14,jsmith,,9987,8.24,6000,6000,false,,3246,9.24,Core,Not Applicable,1.1,2359.31,4,0,53580,762,Connexus Credit Union,FL, shawn deuber,1,1,GA107,Not Applicable
252139,eavila,25577.65,204,Booked,Sky River RV - Pismo Beach - SCA147,SkyRiver,CA,Pismo Beach,2026-08-24,2026-08-31,2026-09-01,2025,RV,Used,852,10.51,0.94,jrubi,11168,10317,7.49,5000,5000,false,850,1,8.99,Core,Core,1.13,1534.66,6,0,22700,866,Source One Financial Services,CA, nancy garcia,1,0,SCA147,Core
251962,jharrington1,9355.88,96,Approved,J Burton Auto Sales LLC-KY145,Warrior Performance,KY,Bardstown,2026-08-24,2026-08-24,,2023,RV,Used,,31.24,1.86,jharrington1,,27,11.49,500,500,false,,,11.99,Core,Core,0.71,0,,0,13100,704,Source One Financial Services,KY, dave waters,1,1,KY145,Core
251773,sbaker,67068,204,Auto Approval,"Southeastern Marine, Inc- EVA112",EPIC,VA,Henrico,2026-08-24,2026-09-02,,2007,Boat,Used,,48.13,5.21,S1House,,13346,11.99,10000,10000,false,,,12.99,Core,Core,0.94,0,,0,71480,707,Source One Financial Services,MD, chuck smith,1,1,EVA112,Core
252058,ccampos,21985.64,144,Booked,"Vantage Recreational Finance, Inc. -FL291",VRF,FL,FORT LAUDERDALE,2026-08-24,2026-09-01,2026-09-02,2023,RV,Used,,34.43,3.28,S1House,12978,11293,10.74,1825,1825,false,1681,4,12.24,Core,Core,0.9,1319.14,6,0,24300,699,Source One Financial Services,TX, trenton cott,1,0,FL291,Core
252134,pmeza,86443.27,240,Decline,Blue Compass RV - Katy - TX571,Blue Compass,TX,Katy,2026-08-24,,,2026,RV,New,,24.67,7.78,gott,,810,13.74,15000,15000,false,,,14.74,Silver 1,Not Applicable,0.89,0,,0,96650,648,Connexus Credit Union,TX, kevin miranda,0,0,TX571,Not Applicable
251825,,29486.46,180,Auto Decline,General RV-Birch Run -MI412,General RV,MI,Birch Run,2026-08-24,,,2016,RV,Used,625,35.39,9.54,dzilberchtein,,0,16.24,15000,15000,false,,,17.24,Silver 2,Silver 2,0.55,0,,0,53790,637,Source One Financial Services,MI,,0,0,MI412,Silver
252037,rsimmons,22480.34,180,Conditional Approval,San Antonio Rvs -TX265,,TX,Seguin,2026-08-24,2026-08-24,,2021,RV,Used,,30.74,4.42,gott,,18,13.24,9000,9600,false,,,14.24,Silver 1,Silver 1,1.08,0,,0,20900,668,Source One Financial Services,TX, cody flores,1,1,TX265,Silver
252010,hhisek,55030,180,Auto Approval,BLUE STAR RV - MI437,,MI,HOLLAND,2026-08-24,2026-08-24,,2022,RV,Used,728,21.94,3.15,dzilberchtein,,9,8.49,2500,2500,false,,,9.99,Core,Core,0.99,0,,0,55850,782,Source One Financial Services,OH,,1,1,MI437,Core
251777,sbaker,19209.74,144,Decline,Rock Solid Funding LLC - TX536,RSF,TX,BEDFORD,2026-08-24,,,2016,RV,Used,567,46.41,2.13,S1House,,27,8.49,0,0,false,,,9.99,Core,Core,0.83,0,,0,23150,803,Source One Financial Services,FL, caleb grassi,0,0,TX536,Core
252120,eavila,42973.12,180,Decline,AMERICA GO RV (Seguin) -TX419,,TX,SEGUIN,2026-08-24,,,2020,RV,Used,,80.46,7.32,gott,,37,10.24,2000,2000,false,,,11.74,Core,Core,1.11,0,,0,38800,731,Source One Financial Services,TX, harl vanderheck,0,0,TX419,Core
252041,hhisek,32940.79,180,Verifications Incomplete,Blue Compass RV - South Beumont - TX551,Blue Compass,TX,Vidor,2026-08-24,2026-08-31,,2027,RV,New,,30.73,8.06,gott,,10329,13.74,2800,2800,false,,19,14.74,Silver 1,Silver 1,1.07,1317.63,4,0,30853,644,Source One Financial Services,TX, leah sligar,1,1,TX551,Silver
251843,lgrace,70416.25,240,Decline,Direct Automotive Transport - NC123,,NC,Monroe,2026-08-24,,,2026,RV,New,,69.25,12.36,jsmith,,69,9.74,0,23000,false,,,11.24,Core,Core,0.69,0,,0,101618,732,Source One Financial Services,SC, richard abi-nadar,0,0,NC123,Core
251767,avera,40740.08,144,Conditional Approval,General RV Center - Wixom - MI446,General RV,MI,Wixom,2026-08-24,2026-08-24,,2027,RV,New,,13.72,1.81,dzilberchtein,,121,9.49,2000,2000,false,,,9.99,Core,Not Applicable,0.82,0,,0,49490,683,Connexus Credit Union,MI, jack smith,1,1,MI446,Not Applicable
252123,pmeza,92137.51,240,Decline,Blue Compass RV - San Antonio - TX572,Blue Compass,TX,San Antonio,2026-08-24,,,2025,RV,Used,626,10.12,7.25,gott,,36,12.49,9500,9500,false,,,13.49,Silver 1,Silver 1,0.81,0,,0,113300,675,Source One Financial Services,CA, ryan johnson,0,0,TX572,Silver
252017,mnava,23096,144,Conditional Approval,Apache Village RV-Hazelwood -MO113,,MO,Hazelwood,2026-08-24,2026-08-24,,2027,RV,New,,29.78,4.98,jweller,,166,8.99,2000,2900,false,,,9.74,Core,Not Applicable,1.17,0,,0,19740,700,Connexus Credit Union,MO,,1,1,MO113,Not Applicable
251817,,150073.23,240,Cancelled,Blue Compass RV - Chattanooga - GA156,Blue Compass,GA,Ringgold,2026-08-24,,,2027,RV,New,,0,0,jsmith,,,22.99,10000,30000,false,,,23.99,Bronze,Bronze,1.15,0,,0,130578,,Source One Financial Services,TN, carson callender,0,0,GA156,Business First
251770,ccampos,27095.7,180,Auto Approval,ANGLERS CHOICE - LEXINGTON - NC101,,NC,LEXINGTON,2026-08-24,2026-08-24,,2026,Boat,New,647,32.6,2.38,jsmith,,123,9.49,2800,2800,false,,,10.99,Core,Core,0.91,0,,0,29668,756,Source One Financial Services,NC, lee parker,1,1,NC101,Core
251921,sbaker,44606,180,Decline,Dixie Horse & Mule - AL150,,AL,Newton,2026-08-24,,,2026,RV,New,,11.11,4.9,jsmith,,170,10.24,5000,5000,false,,,11.74,Core,Not Applicable,1.12,0,,0,40000,695,Connexus Credit Union,NY, cindy wilson,0,0,AL150,Not Applicable
251813,,24255.48,180,Auto Decline,CAMP EZ RV - TX528,,TX,LIVINGSTON,2026-08-24,,,2021,RV,Used,639,35.41,2.52,gott,,0,15.74,2500,2500,false,,,16.74,Silver 2,Silver 2,0.99,0,,0,24517.5,622,Source One Financial Services,TX,,0,0,TX528,Silver
252095,mnava,38732.06,180,Auto Approval,Moix RV - Conway - AR134,,AR,Conway,2026-08-24,2026-08-28,,2019,RV,Used,628,26.36,2.31,jweller,,5788,10.74,4000,4000,false,,,12.24,Core,Core,0.93,0,,0,41550,722,Source One Financial Services,AR, chad cantrell,1,1,AR134,Core
252018,avera,29595,180,Approved,Marshall's Marine Inc - SC146,,SC,Lake City,2026-08-24,2026-08-24,,2027,Boat,New,,40.96,4.67,jsmith,,50,10.24,3300,3300,false,,,11.74,Core,Core,1.1,0,,0,26850.58,694,Source One Financial Services,SC, chelsea richardson,1,1,SC146,Core
252070,hhisek,33946.1,180,Auto Approval,TRIPLE H RVS - AL119,,AL,HALEYVILLE,2026-08-24,2026-08-24,,2026,RV,Used,,30.46,5.15,jsmith,,124,12.49,3500,3500,false,,,13.49,Silver 1,Silver 1,0.69,0,,0,49500,666,Source One Financial Services,AL, tyler spann,1,1,AL119,Silver
251834,Jhill,41795.84,180,Auto Approval,Ron Hoover - San Antonio - TX500,Ron Hoover,TX,San Antonio,2026-08-24,2026-08-24,,2017,Boat,Used,,34.73,5.3,gott,,328,10.49,0,0,false,,,11.99,Core,Core,1.09,0,,0,38200,741,Source One Financial Services,TX, trevor lemasters,1,1,TX500,Core
251765,,12503.38,120,Auto Decline,"Campers Inn RV of Myrtle Beach, Inc - SC109",Campers Inn,SC,Myrtle Beach,2026-08-24,,,2020,RV,Used,,43.18,2.58,jsmith,,0,22.99,4000,4000,false,,,23.99,Bronze,Bronze,1.13,0,,0,11055,619,Source One Financial Services,TX,,0,0,SC109,Business First
251906,hhisek,86057.75,240,Auto Approval,PRIMEAUX RV SUPERSTORE - CARENCRO - LA102,,LA,CARENCRO,2026-08-24,2026-08-24,,2026,RV,New,685,12.24,2.27,gott,,248,8.99,11320,11320,false,,,10.49,Core,Core,1.2,0,,0,71661,749,Source One Financial Services,LA, rebecca scherff,1,1,LA102,Core
251810,jharrington1,59090.7,220,Conditional Approval,Royal RV & Auto Center Inc - IN203,,IN,Middleberry,2026-08-24,2026-08-24,,2024,RV,Used,632,41.42,4.64,jharrington1,,49,9.24,1000,1000,false,,,10.74,Core,Core,0.72,0,,0,82350,733,Source One Financial Services,IN, terry lapierre,1,1,IN203,Core
251774,lgrace,44486.42,240,Auto Approval,Blue Compass RV - Charlotte - NC153,Blue Compass,NC,Concord,2026-08-24,2026-08-24,,2020,RV,Used,655,39.81,3.23,jsmith,,164,10.74,6000,8700,false,,,12.24,Core,Core,1.16,0,,0,38500,685,Source One Financial Services,NC, alex kottenstette,1,1,NC153,Core
251911,mlomedico,246594,240,Booked,JOLLEY'S MARINE AND RV CENTER - OR130,,OR,SALEM,2026-08-24,2026-08-27,2026-08-27,2026,Boat,Used,756,39.43,8.23,ljablonoski,4522,4501,9.49,42000,43826.21,false,20,1,7.39,Core,Core,1.04,2465.94,1,0,236019,751,Source One Financial Services,WY,,1,0,OR130,Core
252121,eavila,37559.93,180,Booked,Fun Town RV-Giddings -TX314,Fun Town,TX,Giddings,2026-08-24,2026-08-28,2026-08-28,2026,RV,New,643,33.58,2.52,gott,5628,5468,9.74,1600,1600,false,18,142,11.24,Core,Core,0.96,2253.6,6,0,39103,734,Source One Financial Services,NV, thomas jordan,1,0,TX314,Core
251967,ccampos,22945,180,Auto Approval,Blue Compass RV - Spartanburg - SC144,Blue Compass,SC,Duncan,2026-08-24,2026-08-24,,2026,RV,New,,25.46,2.59,jsmith,,28,7.49,0,0,false,,,8.99,Core,Core,0.96,0,,0,23806,850,Source One Financial Services,SC, john balma,1,1,SC144,Core
252075,mlomedico,90134,180,Auto Approval,"Vantage Recreational Finance, Inc. -FL291",VRF,FL,FORT LAUDERDALE,2026-08-24,2026-08-24,,2025,RV,Used,,39.14,5.29,S1House,,79,9.99,4415,4415,false,,,11.49,Core,Core,0.67,0,,0,135350,709,Source One Financial Services,IL, alphonzo bowe,1,1,FL291,Core
251830,hhisek,24219,180,Decline,DADS CAMPER OUTLET - PICAYUNE - MS101,,MS,PICAYUNE,2026-08-24,,,2020,RV,Used,,15.19,4.86,jsmith,,39,22.99,2500,2500,false,,,23.99,Silver 1,Silver 1,0.9,0,,0,26800,667,Source One Financial Services,LA, austin carney,0,0,MS101,Silver
251885,hhisek,49247.75,180,Decline,PRIMEAUX RV SUPERSTORE - CARENCRO - LA102,,LA,CARENCRO,2026-08-24,,,2021,RV,Used,573,20.56,1.87,gott,,2,7.99,9000,9000,false,,,9.49,Core,Core,0.93,0,,0,53050,850,Source One Financial Services,LA, rebecca scherff,0,0,LA102,Core
251942,edominguez,27371.08,180,Auto Approval,UNLIMITED RV - MO192,,MO,INDEPENDENCE,2026-08-24,2026-08-24,,2026,RV,Used,,30.19,3.97,jweller,,448,12.49,7000,7000,false,,,13.49,Silver 1,Silver 1,0.64,0,,0,42600,663,Source One Financial Services,MO, nate donaldson,1,1,MO192,Silver
251933,hhisek,74981.54,180,Conditional Approval,FUN TOWN RV - JACKSON - MI455,Fun Town,MI,Jackson,2026-08-24,2026-08-24,,2026,RV,New,,31.84,6.51,dzilberchtein,,40,13.74,6650,15650,false,,,14.74,Silver 1,Silver 1,0.96,0,,0,77954,646,Source One Financial Services,MI, dan shew,1,1,MI455,Silver
251909,,23421.4,84,Cancelled,Bobby Combs RV AZ - AZ312,,AZ,Mesa,2026-08-24,,,2026,RV,New,,0,0,edominguez,,,22.99,2000,2000,false,,,23.99,Bronze,Bronze,1.04,0,,0,22596,,Source One Financial Services,AZ, tim mcclean,0,0,AZ312,Business First
251781,jharrington1,35277.2,180,Auto Approval,Campers Inn Louisville -IN138,Campers Inn,IN,Clarksville,2026-08-24,2026-08-28,,2020,RV,Used,,11.18,4.72,jharrington1,,5709,11.49,3500,3500,false,,,12.99,Core,Core,0.83,0,,0,42550,717,Source One Financial Services,IN, mark unger,1,1,IN138,Core
252116,eavila,67344.71,180,Decline,Fun Town RV-Waller -TX539,Fun Town,TX,Waller,2026-08-24,,,2026,RV,New,,36.19,6.58,gott,,35,9.99,0,0,false,,,11.49,Core,Core,0.87,0,,0,77206,719,Source One Financial Services,TX, meddie nieto,0,0,TX539,Core
251784,,67275.46,240,Auto Decline,FUN TOWN RV CONROE -TX400,Fun Town,TX,CONROE,2026-08-24,,,2026,RV,New,,22.74,8.71,gott,,0,22.99,7500,7500,false,,,23.99,Bronze,Bronze,0.81,0,,0,82992,604,Source One Financial Services,TX,,0,0,TX400,Business First
251847,jharrington1,49928.74,240,Auto Approval,Sky Marine - Orlando - FL307,,FL,Sanford,2026-08-24,2026-08-24,,2027,Boat,New,,28.79,3.09,pcarter,,83,7.24,3500,3500,false,,,8.74,Core,Core,1.3,0,,0,38515,827,Source One Financial Services,FL, lisa pruchniewski,1,1,FL307,Core
251775,sbaker,57522.79,180,Conditional Approval,Rock Solid Funding LLC - TX536,RSF,TX,BEDFORD,2026-08-24,2026-08-24,,2020,RV,Used,,46.92,9.42,S1House,,68,8.49,8700,8700,false,,,9.49,Core,Not Applicable,1,0,,0,57530,739,Connexus Credit Union,WA, serena pulliam,1,1,TX536,Not Applicable
251772,,23810.65,144,Auto Decline,Intercoastal Financial Group LLC - 17401746,IFG,FL,Vero Beach,2026-08-24,,,2002,Boat,Used,,0,0,S1House,,0,22.99,0,14000,false,,,23.99,Bronze,Bronze,0.96,0,,0,24850,,Source One Financial Services,FL,,0,0,17401746,Business First
251902,,45489.04,180,Auto Decline,A and L RV Sales - Columbia -TN142,,TN,Columbia,2026-08-24,,,2026,RV,Used,,43.87,10.49,jsmith,,2,22.99,5000,5000,false,,,23.99,Bronze,Silver 2,0.97,0,,0,46700,635,Source One Financial Services,TN, gary smith,0,0,TN142,Business First
251849,rsimmons,28945.34,180,Auto Approval,Southern Mud Sports LLC - AL165,,AL,Waverly,2026-08-24,2026-08-24,,2027,Boat,New,668,32,2.07,jsmith,,42,7.49,2917,2917,false,,,8.99,Core,Core,1.07,0,,0,27116,811,Source One Financial Services,KY, jeff cantey,1,1,AL165,Core
251938,sbaker,19405,144,Booked,RV Glamping - EFL111,EPIC,FL,Merritt Island,2026-08-24,2026-08-26,2026-08-31,2022,RV,Used,,32.68,2.54,S1House,10779,2938,9.99,500,500,false,213,7628,11.49,Core,Core,0.9,1164.3,6,0,21500,759,Source One Financial Services,FL, mia williams,1,0,EFL111,Core
251790,,59539.11,240,Auto Decline,Spend-A-Day Marina -OH125,OneWater,OH,Russels Point,2026-08-24,,,2022,Boat,Used,,34.81,10.86,jharrington1,,0,22.99,5000,5000,false,,,23.99,Bronze,Bronze,0.99,0,,0,60425,614,Source One Financial Services,OH,,0,0,OH125,Business First
252431,thovey,61233,180,Decline,I-15 RV - SCA114,,CA,HESPERIA,2026-08-25,,,2022,RV,Used,,29.06,9.81,jrubi,,3,14.49,6200,6200,false,,,15.49,Silver 1,Silver 1,0,0,,0,0,643,Source One Financial Services,CA,,0,0,SCA114,Silver
252329,lgrace,59707.94,240,Booked,NewCoast - Boatzon - FL356,Marine Max,FL,Oldsmar,2026-08-25,2026-08-31,2026-09-02,2026,RV,New,,30.23,3.87,S1House,11568,8356,7.49,6045,6045,false,3204,8,8.99,Core,Core,1.1,4179.56,7,0,54413,840,Source One Financial Services,WI, dan welte,1,0,FL356,Core
252245,ahunt,30637.78,180,Auto Approval,OPTIMUM RV PHILADELPHIA - PA106,Optimum RV,PA,POTTSTOWN,2026-08-25,2026-08-25,,2026,RV,New,,43.48,1.88,jharrington1,,19,8.74,5000,5000,false,,,10.24,Core,Core,1.16,0,,0,26320,767,Source One Financial Services,PA, wesley faust,1,1,PA106,Core
252374,ahunt,85919,240,Auto Approval,PALMETTO BOAT CENTER INC - SC101,,SC,PIEDMONT,2026-08-25,2026-08-25,,2027,Boat,New,,34.11,7.89,jsmith,,11,9.99,11000,21000,false,,,11.49,Core,Core,0.99,0,,0,86646,720,Source One Financial Services,SC, zach whitehead,1,1,SC101,Core
252210,,33833.42,180,Auto Decline,GREAT AMERICAN RV SUPERSTORE-HATTIESBURG - MS113,,MS,HATTIESBURG,2026-08-25,,,2027,RV,New,,47.89,10.51,jsmith,,0,12.49,0,0,false,,,13.49,Silver 1,Silver 1,1.09,0,,0,31174,671,Source One Financial Services,MS,,0,0,MS113,Silver
252176,rsimmons,77880.72,240,Auto Approval,La Mesa RV Center - Albuquerque - NM109,La Mesa,NM,Albuquerque,2026-08-25,2026-08-27,,2024,RV,Used,,49.18,12.26,edominguez,,3192,7.49,20000,20000,false,,,8.49,Core,Not Applicable,0.71,0,,0,109746,775,Connexus Credit Union,NM, erika davidson,1,1,NM109,Not Applicable
252261,,28802,240,Auto Decline,Intercoastal Financial Group LLC - 17401746,IFG,FL,Vero Beach,2026-08-25,,,2019,RV,Used,,9.67,7.56,S1House,,0,19.49,1400,1400,false,,,20.49,Silver 2,Silver 2,1.44,0,,0,20000,618,Source One Financial Services,NC,,0,0,17401746,Silver
252154,Jhill,21480.9,120,Booked,Blackbeard Marine Kingston -OK151,,OK,Kingston,2026-08-25,2026-09-03,2026-09-03,2013,Boat,Used,,12.88,2.05,jweller,13251,13022,15.49,8000,8000,false,226,3,16.49,Silver 1,Silver 1,0.76,859.24,4,0,28310,643,Source One Financial Services,OK, andrew harmon,1,0,OK151,Silver
252312,pmeza,18179.36,144,Booked,HALLS RV INC - AL121,,AL,ALBERTVILLE,2026-08-25,2026-08-26,2026-08-26,2021,RV,Used,,29.94,1.6,jsmith,1474,1458,10.74,1600,1600,false,16,0,11.99,Core,Core,1.15,908.97,5,0,15750,699,Source One Financial Services,AL, kim levert,1,0,AL121,Core
252237,eavila,21277.1,72,Auto Approval,Union City Marine - ETN113,EPIC,TN,Union City,2026-08-25,2026-08-25,,2027,Boat,New,836,43.73,6.29,S1House,,329,8.24,2145,2145,false,,,9.74,Core,Core,1.29,0,,0,16490,832,Source One Financial Services,TN, donavon evenson,1,1,ETN113,Core
252409,thovey,45917,204,Auto Approval,Blue Compass RV - Springfield - MO229,Blue Compass,MO,Strafford,2026-08-25,2026-08-25,,2026,RV,New,,15.81,3.43,jweller,,18,9.49,0,7450,false,,,10.99,Core,Core,0.87,0,,0,52845,711,Source One Financial Services,MO, blaine sherrill,1,1,MO229,Core
252326,mlomedico,142949,240,Auto Approval,Hughes Marine LLC - MO226,,MO,Branson,2026-08-25,2026-08-25,,2026,Boat,New,,37.87,12.09,jweller,,196,7.49,16800,16800,false,,,8.99,Core,Core,1.25,0,,0,114459,850,Source One Financial Services,MO, dana hughes,1,1,MO226,Core
252201,hhisek,49647.8,180,Decline,Fun Town RV Ottawa LLC - KS125,Fun Town,KS,Ottawa,2026-08-25,,,2025,RV,Used,,26.75,4.72,jweller,,4,9.49,7000,7000.04,false,,,10.99,Core,Core,1.17,0,,0,42515,745,Source One Financial Services,MA, john lucas,0,0,KS125,Core
252332,,23669.35,180,Auto Decline,COUNTRY TYME RV CENTER - TX170,,TX,GEORGETOWN,2026-08-25,,,2022,RV,Used,582,33.56,3.59,gott,,0,22.99,0,0,false,,,23.99,Bronze,Bronze,0,0,,,0,615,Source One Financial Services,TX,,0,0,TX170,Business First
252299,,50368.3,240,Auto Decline,RAM MOTORS RV AND TRUCK - NM102,,NM,ALBUQUERQUE,2026-08-25,,,2026,RV,New,713,6.58,2.13,edominguez,,0,22.99,65000,65000,false,,,23.99,Bronze,Bronze,0.39,0,,0,128927,540,Source One Financial Services,NM,,0,0,NM102,Business First
252295,avera,23395.72,120,Conditional Approval,SAVA RV - FL284,,FL,Fort Myers,2026-08-25,2026-08-25,,2025,RV,Used,,24.96,4.68,wstoutimore,,66,12.99,2200,2200,false,,,12.99,Silver 1,Not Applicable,1,0,,0,23400,648,Connexus Credit Union,TX, victoria childress,1,1,FL284,Not Applicable
252185,mlomedico,16939,144,Auto Approval,RUGBY HOMES AND RV CENTER - ND121,,ND,RUGBY,2026-08-25,2026-08-25,,2021,RV,Used,,35.8,2.02,dzilberchtein,,50,7.99,0,7000,false,,,9.49,Core,Core,0.87,0,,0,19400,836,Source One Financial Services,ND,,1,1,ND121,Core
252160,rsimmons,35004,204,Auto Approval,Barton Lake RV Sales -IN104,,IN,Fremont,2026-08-25,2026-08-25,,2026,RV,New,754,12.74,1.62,jharrington1,,21,9.74,0,6000,false,,,11.24,Core,Core,0.9,0,,0,38915,740,Source One Financial Services,IN, shane housholder,1,1,IN104,Core
252236,,40691.62,180,Auto Decline,Millican RV America - AL103,,AL,Hanceville,2026-08-25,,,2023,RV,Used,,24.02,5.48,jsmith,,0,22.99,4500,4500,false,,,23.99,Bronze,Bronze,0.92,0,,0,44000,473,Source One Financial Services,TN,,0,0,AL103,Business First
252287,mlomedico,20777.85,180,Auto Approval,Gregg Orr Marine - Hot Springs - AR123,,AR,Hot Springs,2026-08-25,2026-08-25,,2026,Boat,New,631,14.58,1.39,jweller,,12,9.99,5000,5000,false,,,11.49,Core,Core,1.08,0,,0,19214,707,Source One Financial Services,LA, alistair cook,1,1,AR123,Core
252372,,12455.7,120,Auto Decline,GREAT AMERICAN RV SUPERSTORE-HAMMOND - LA105,,LA,HAMMOND,2026-08-25,,,2026,RV,New,,55.18,4.67,gott,,0,14.99,1500,1500,false,,,15.99,Silver 2,Silver 2,0.9,0,,0,13781,622,Source One Financial Services,LA,,0,0,LA105,Silver
252208,mlomedico,24145,120,Decline,Intercoastal Financial Group LLC - 17401746,IFG,FL,Vero Beach,2026-08-25,,,2007,Boat,Used,,40.41,3.03,S1House,,29,11.99,5000,5000,false,,,13.24,Core,Core,1.34,0,,0,18000,708,Source One Financial Services,NY, hunter miller,0,0,17401746,Core
252447,lgrace,29442.25,180,Approved,"Vantage Recreational Finance, Inc. -FL291",VRF,FL,FORT LAUDERDALE,2026-08-25,2026-08-26,,2016,Boat,Used,,31.59,7.44,S1House,,570,13.74,18000,18000,false,,,14.74,Silver 1,Silver 1,0.81,0,,0,36380,675,Source One Financial Services,FL, andrea strawn-ingram,1,1,FL291,Silver
252349,mnava,46692.79,180,Auto Approval,Rock Solid Funding LLC - TX536,RSF,TX,BEDFORD,2026-08-25,2026-08-25,,2017,RV,Used,733,27.48,1.78,S1House,,81,8.49,0,0,false,,,9.99,Core,Core,0.82,0,,0,56950,805,Source One Financial Services,AZ, ashley rogers,1,1,TX536,Core
252255,ahunt,29734.04,180,Auto Approval,SUSQUEHANNA VALLEY RV - SELINSGROVE - PA115,,PA,SELINSGROVE,2026-08-25,2026-08-25,,2026,RV,New,,44.96,8.14,jharrington1,,14,9.49,500,500,false,,,10.99,Core,Core,0.85,0,,0,34800,758,Source One Financial Services,PA, danielle wagner,1,1,PA115,Core
252169,avera,30000,144,Booked,O'CONNELL YACHTS-SC129,,SC,Boiling Springs,2026-08-25,2026-08-26,2026-08-26,2023,Boat,Used,770,14.22,3.89,jsmith,1840,1801,7.99,3000,3000,false,39,0,8.74,Core,Core,0.94,900,3,0,31765,828,Source One Financial Services,GA, jodie oconnell,1,0,SC129,Core
252434,mlomedico,51213.4,180,Decline,FUN TOWN RV CORSICANA LP- TX451,Fun Town,TX,CORSICANA,2026-08-25,,,2020,RV,Used,,58.43,4.23,gott,,7,10.49,3000,10887.95,false,,,11.99,Core,Core,1.29,0,,0,39700,700,Source One Financial Services,TX, brenden boggs,0,0,TX451,Core
252319,ccampos,43403.82,180,Decline,Sunrise Camping Center - NC162,,NC,Hickory,2026-08-25,,,2017,RV,Used,,19.01,11.41,jsmith,,102,13.74,0,8500,false,,,14.74,Silver 1,Not Applicable,0.77,0,,0,56584,676,Ideal Credit Union,NC, dwight fowler,0,0,NC162,Not Applicable
252386,mlomedico,41425.27,180,Auto Approval,Campinawe LLC - KS129,,KS,Shawnee,2026-08-25,2026-08-27,,2026,RV,New,744,28.59,1.23,jweller,,2804,8.74,1995,3495,false,,,7.39,Core,Core,0.98,0,,0,42482,773,Source One Financial Services,KS,,1,1,KS129,Core
252212,hhisek,42618.55,204,Booked,COUNTRY TYME RV CENTER - TX170,,TX,GEORGETOWN,2026-08-25,2026-08-31,2026-09-02,2019,RV,Used,,35.77,2.76,gott,11715,8621,7.99,0,0,false,1122,1972,6.99,Core,Core,1.01,426.19,1,0,42350,872,Source One Financial Services,TX,,1,0,TX170,Core
252296,thovey,153955,240,Approved,Blue Compass RV - Springfield - MO229,Blue Compass,MO,Strafford,2026-08-25,2026-08-25,,2026,RV,New,765,24.18,6.06,jweller,,51,7.24,20000,20000,false,,,8.74,Core,Core,0.92,0,,0,167012,804,Source One Financial Services,MO, blaine sherrill,1,1,MO229,Core
252254,mlomedico,39655.61,180,Decline,General RV - Richmond - VA117,General RV,VA,Ashland,2026-08-25,,,2024,RV,Used,587,43.22,2.97,jsmith,,9,8.74,10000,10000,false,,,10.24,Core,Core,0.68,0,,0,57907,769,Source One Financial Services,VA, joey gormus,0,0,VA117,Core
252333,sbaker,112203.16,240,Auto Approval,Johnston RV Center - AL134,,AL,Decatur,2026-08-25,2026-08-25,,2025,RV,New,660,40.08,7.22,jsmith,,88,9.24,2000,21070.42,false,,,10.74,Core,Core,1.07,0,,0,105279,729,Source One Financial Services,TN, marcus clarke,1,1,AL134,Core
252265,hhisek,39878.89,180,Decline,Clear Creek Camping LLC-TX396,,TX,Abilene,2026-08-25,,,2026,RV,Used,,31.58,6.5,gott,,9,12.49,2000,3500,false,,,13.49,Silver 1,Silver 1,0.9,0,,0,44550,667,Source One Financial Services,TX, clay anderson,0,0,TX396,Silver
252228,ahunt,28374.42,120,Auto Approval,NXTLVL Marine LLC - TX502,,TX,New Braunfels,2026-08-25,2026-08-25,,2027,Boat,New,,24.25,3.4,gott,,42,9.74,6000,6000,false,,,11.24,Core,Core,0.73,0,,0,38892.84,729,Source One Financial Services,TX, melanie stehling,1,1,TX502,Core
252406,hhisek,54380,204,Booked,Fun Town RV- Waco-TX212,Fun Town,TX,Hewitt,2026-08-25,2026-08-28,2026-08-31,2027,RV,New,655,22.32,5.15,gott,8627,4069,7.49,1000,1000,false,4502,56,8.99,Core,Core,1.24,3262.8,6,0,43941,851,Source One Financial Services,TX, eric cuffee,1,0,TX212,Core
252303,ahunt,118914.98,240,Auto Approval,RV'S OF AMERICA - COLORADO SPRINGS  - CO150,,CO,COLORADO SPRINGS,2026-08-25,2026-08-25,,2026,RV,New,,24.41,5.75,dzilberchtein,,138,7.49,5000,11200,false,,,8.99,Core,Core,1.14,0,,0,104671,810,Source One Financial Services,CO, anthony downs,1,1,CO150,Core
252379,,36985,144,Auto Decline,O'CONNELL YACHTS-SC129,,SC,Boiling Springs,2026-08-25,,,2023,Boat,Used,,40.8,1.5,jsmith,,0,15.74,3890,3890,false,,,16.74,Silver 2,Silver 2,1.32,0,,0,28000,627,Source One Financial Services,GA,,0,0,SC129,Silver
252175,hhisek,61722.56,240,Decline,BLUE COMPASS RV - SOUTH HOUSTON  - TX421,Blue Compass,TX,Alvin,2026-08-25,,,2026,RV,New,,15.52,5.37,gott,,11,13.74,0,16000,false,,,14.74,Silver 1,Silver 1,0.96,0,,0,64364,641,Source One Financial Services,TX, lucy anzaldua,0,0,TX421,Silver
252423,lgrace,32931.56,180,Auto Approval,Keystone RV Center  - PA110,Pete's RV,PA,Greencastle,2026-08-25,2026-08-25,,2026,RV,New,701,28.18,3.72,jharrington1,,20,7.49,4000,4000,false,,,8.99,Core,Core,0.87,0,,0,37993,802,Source One Financial Services,WV, jen habina,1,1,PA110,Core
252320,mnava,56497.56,240,Booked,Rocky Ridge - Idabel - OK149,Rocky Ridge,OK,Idabel,2026-08-25,2026-08-27,2026-08-31,2026,RV,New,673,40.08,4.75,jweller,8940,3119,8.74,4483,15055,false,5820,1,8.99,Core,Core,0.89,564.98,1,0,63743,719,Source One Financial Services,TX, nash archuleta,1,0,OK149,Core
252444,eavila,52581.25,180,Booked,Fun Town RV-Giddings -TX314,Fun Town,TX,Giddings,2026-08-25,2026-08-28,2026-08-28,2027,RV,New,,35.37,4.47,gott,3932,3893,10.24,6298.67,6323.79,false,14,25,11.74,Core,Core,1.39,3154.88,6,0,37858,699,Source One Financial Services,TX, thomas jordan,1,0,TX314,Core
252269,,9442.1,120,Auto Decline,PPL MOTORHOMES - CLEBURNE - TX440,,TX,CLEBURNE,2026-08-25,,,2021,RV,Used,,49.48,2.43,gott,,0,15.49,900,900,false,,,15.99,Silver 1,Silver 1,0.61,0,,0,15565,652,Source One Financial Services,TX,,0,0,TX440,Silver
252338,Jhill,44830.9,240,Approved,SMITH MOTOR CO OF HATTIESBURG INC - MS107,,MS,HATTIESBURG,2026-08-25,2026-08-25,,2027,Boat,New,,21.24,6.67,jsmith,,14,9.74,13000,13000,false,,,11.24,Core,Core,0.82,0,,0,54963.72,728,Source One Financial Services,VA, lisa hartfield,1,1,MS107,Core
252275,avera,180253.58,240,Auto Approval,QUALITY BOATS OF CHARLOTTE HARBOR - FL203,OneWater,FL,ENGLEWOOD,2026-08-25,2026-09-01,,2017,Boat,Used,780,40.17,6.91,wstoutimore,,10198,8.24,18500,18500,false,,,9.74,Core,Core,0.9,0,,0,201255,857,Source One Financial Services,MD, josh van ness,1,1,FL203,Core
252159,sflynn,26519.52,180,Booked,Ashley Marine LLC - GA147,,GA,Columbus,2026-08-25,2026-08-29,2026-08-31,2026,Boat,New,,46.66,4.88,jsmith,9263,5921,8.74,500,3500,false,3341,1,7.39,Core,Core,0.87,265.2,1,0,30536,771,Source One Financial Services,GA, james pressley,1,0,GA147,Core
252162,hhisek,57746.56,180,Conditional Approval,Fun Town RV-Denton -TX322,Fun Town,TX,Denton,2026-08-25,2026-08-25,,2026,RV,New,,21.66,7.75,gott,,85,10.99,20000,20000,false,,,10.99,Silver 1,Not Applicable,0.7,0,,0,82892,679,Connexus Credit Union,TX, jacob redante,1,1,TX322,Not Applicable
252376,rsimmons,54044.32,204,Booked,Blue Compass RV - Katy - TX571,Blue Compass,TX,Katy,2026-08-25,2026-08-27,2026-09-01,2026,RV,New,,38.03,5.02,gott,9951,3098,9.99,1500,5900,false,6853,0,9.99,Core,Core,1.2,0,0,0,45091,693,Source One Financial Services,TX, eddie johnson,1,0,TX571,Core
252350,pmeza,56193.78,180,Decline,Bob Hurley RV-Tulsa OK137,,OK,Tulsa,2026-08-25,,,2022,RV,Used,,37.95,4.98,jweller,,35,22.99,7000,7000,false,,,23.99,Not Applicable,Not Applicable,0.95,0,,0,59034,544,Ideal Credit Union,KS, ryan jensen,0,0,OK137,Not Applicable
252325,eavila,24340,204,Auto Approval,BRETZ RV & MARINE - BILLINGS - MT115,Bretz RV,MT,Billings,2026-08-25,2026-08-29,,2027,RV,New,,19.43,1,dzilberchtein,,5670,8.99,3000,20559,false,,,9.99,Core,Core,0.77,0,,0,31492,732,Source One Financial Services,MT, nikolaus hinebauch,1,1,MT115,Core
252357,eavila,41713,180,Booked,"Kris Willis RV, LLC -MO127",,MO,Dexter,2026-08-25,2026-08-26,2026-08-31,2027,RV,New,,23.23,2.14,jweller,8839,1633,7.99,2500,16493,false,6009,1197,8.74,Core,Not Applicable,0.91,1251.39,3,0,46055,729,Connexus Credit Union,MO, mikayla hall,1,0,MO127,Not Applicable
252224,pmeza,32798.26,204,Booked,Gregg Orr Marine -TX365,,TX,TEXARKANA,2026-08-25,2026-08-27,2026-08-27,2026,Boat,New,,34.45,6.94,jweller,2993,2973,11.99,3000,3000,false,20,0,12.99,Silver 1,Silver 1,1.26,1311.93,4,0,26039,671,Source One Financial Services,TX, adam henderson,1,0,TX365,Silver
252285,mlomedico,17976.52,144,Auto Approval,GEORGIA RV OUTLET LLC - GA107,,GA,CARTERSVILLE,2026-08-25,2026-09-01,,2017,RV,Used,,21.02,2.59,jsmith,,9959,12.24,3600,3600,false,,,12.99,Core,Core,1.22,0,,0,14750,681,Source One Financial Services,GA, shawn deuber,1,1,GA107,Core
252340,,22924.93,180,Auto Decline,Blue Compass RV - Bowling Green - KY152,Blue Compass,KY,Bowling Green,2026-08-25,,,2021,RV,Used,,57.24,7.52,jharrington1,,0,13.24,2000,2000,false,,,14.24,Silver 1,Silver 1,1.06,0,,0,21700,671,Source One Financial Services,IN,,0,0,KY152,Silver
252400,mlomedico,100409,240,Decline,PALMETTO BOAT CENTER INC - SC101,,SC,PIEDMONT,2026-08-25,,,2026,Boat,New,,89.23,8.74,jsmith,,27,10.24,13000,12800,false,,,11.74,Core,Core,1.13,0,,0,88730.96,697,Source One Financial Services,SC, zach whitehead,0,0,SC101,Core
252194,sbaker,54248.48,180,Booked,Plano Marine -TX112,,TX,Pottsboro,2026-08-25,2026-08-31,2026-08-31,2009,Boat,Used,,21.41,2.64,gott,8873,8745,11.99,2650,2650,false,128,0,12.99,Core,Core,0.78,2169.94,4,0,69960,707,Source One Financial Services,TX, bill tharpe,1,0,TX112,Core
252263,pmeza,16750,120,Auto Approval,HAPPY CAMPERS RV SALES and SERVICE - IN182,,IN,LAFAYETTE,2026-08-25,2026-08-25,,2018,RV,Used,,29.64,6.54,jharrington1,,60,13.99,1600,1600,false,,,13.99,Silver 1,Not Applicable,0.89,0,,0,18750,653,Connexus Credit Union,WA, ashley herrera,1,1,IN182,Not Applicable
252443,eavila,114576.54,180,Decline,Fun Town RV - Las Vegas - NV116,Fun Town,NV,Las Vegas,2026-08-25,,,2025,RV,New,,16.8,13.99,ljablonoski,,875,22.99,25000,25000,false,,,23.99,Not Applicable,Not Applicable,0.84,0,,0,136250,607,Ideal Credit Union,FL, julie ronquillo,0,0,NV116,Not Applicable
252335,mnava,16947.74,180,Decline,Blue Compass RV - Post Falls - ID123,Blue Compass,ID,Post Falls,2026-08-25,,,2018,RV,Used,,4.03,3.23,ljablonoski,,9,10.99,3300,3300,false,,,12.49,Core,Core,0.94,0,,0,18040,705,Source One Financial Services,ID, william reed,0,0,ID123,Core
252217,mlomedico,26414.28,180,Auto Approval,SMITH MOTOR CO OF HATTIESBURG INC - MS107,,MS,HATTIESBURG,2026-08-25,2026-08-26,,2026,Boat,New,,25.49,4.37,jsmith,,1568,9.99,1290,1290,false,,,11.49,Core,Core,1.04,0,,0,25398,717,Source One Financial Services,MS, elizabeth aycox,1,1,MS107,Core
252294,thovey,94844.72,240,Decline,La Mesa RV Center - Albuquerque - NM109,La Mesa,NM,Albuquerque,2026-08-25,,,2024,RV,Used,683,31.75,11.73,edominguez,,12,10.24,1000,1000,false,,,11.74,Core,Core,0.96,0,,0,98479,683,Source One Financial Services,NM, leon garcia,0,0,NM109,Core
252402,rsimmons,53645.74,240,Auto Approval,Phil Dill Boats -TX104,OneWater,TX,Lewisville,2026-08-25,2026-08-25,,2026,Boat,New,685,34.07,4.63,gott,,11,9.99,0,0,false,,,11.49,Core,Core,1.19,0,,0,45121.56,720,Source One Financial Services,TX, baily blackney,1,1,TX104,Core
252373,ahunt,39094.23,180,Conditional Approval,Blue Compass RV - Knoxville - TN159,Blue Compass,TN,Louisville,2026-08-25,2026-08-25,,2026,RV,New,,39.04,9.45,jsmith,,54,12.49,15000,25900,false,,,13.49,Silver 1,Silver 1,0.9,0,,0,43408,678,Source One Financial Services,TN, joseph ward,1,1,TN159,Silver
252278,,123046.78,240,Auto Decline,General RV-Wayland -MI339,General RV,MI,MOUNT VERNON,2026-08-25,,,2026,RV,New,,71.86,15.92,dzilberchtein,,0,12.49,3000,21000,false,,,13.49,Silver 1,Silver 1,1.18,0,,0,103995,670,Source One Financial Services,MI,,0,0,MI339,Silver
252177,rsimmons,20579.58,180,Decline,DADS CAMPER OUTLET - GULFPORT - MS100,,MS,GULFPORT,2026-08-25,,,2021,RV,Used,,20.17,2.47,jsmith,,10,14.49,2000,2000,false,,,15.49,Silver 1,Silver 1,0.63,0,,0,32645,654,Source One Financial Services,TX, ricky arnaud,0,0,MS100,Silver
252449,avera,72933,180,Approved,BRETZ RV & MARINE - MISSOULA - MT116,Bretz RV,MT,Missoula,2026-08-25,2026-08-26,,2027,RV,New,725,38,8.44,dzilberchtein,,539,9.74,5000,8519,false,,,11.24,Core,Core,1.15,0,,0,63237,727,Source One Financial Services,MT, julia mills,1,1,MT116,Core
252222,lgrace,33603.6,180,Approved,The Outpost RV Inc -IN144,,IN,Middlebury,2026-08-25,2026-08-25,,2027,RV,New,,5.92,5.92,jharrington1,,292,7.89,2609.43,2609.43,false,,,8.64,Not Applicable,Not Applicable,1.02,0,,0,32855,,Ideal Credit Union,IN,,1,1,IN144,Not Applicable
252334,ccampos,59962.68,240,Auto Approval,BLUE COMPASS RV - CORPUS CHRISTI - TX459,Blue Compass,TX,CORPUS CHRISTI,2026-08-25,2026-08-25,,2027,RV,New,830,42.21,4.19,gott,,31,7.49,6000,6000,false,,,8.99,Core,Core,0.81,0,,0,74051,831,Source One Financial Services,TX, elisa escamilla,1,1,TX459,Core
252397,lgrace,48294,180,Auto Approval,"Vantage Recreational Finance, Inc. -FL291",VRF,FL,FORT LAUDERDALE,2026-08-25,2026-08-26,,2021,RV,Used,,37.47,5.7,S1House,,1483,10.24,5000,5000,false,,,11.74,Core,Core,0.96,0,,0,50250,729,Source One Financial Services,OH, megan fitzkee,1,1,FL291,Core
252257,lgrace,60127.91,240,Approved,"A to Z Supercenter, LLC - FL242",,FL,Ocala,2026-08-25,2026-08-25,,2024,RV,New,,24.87,4.16,pcarter,,16,9.49,2700,2700,false,,,10.99,Core,Core,0.83,0,,0,72725,711,Source One Financial Services,CA, austin haase,1,1,FL242,Core
252262,rsimmons,22575.23,180,Auto Approval,Southern Mud Sports LLC - AL165,,AL,Waverly,2026-08-25,2026-08-25,,2026,Boat,New,659,21.96,0.84,jsmith,,26,9.74,2222,2222,false,,,11.24,Core,Core,1.25,0,,0,18001,722,Source One Financial Services,FL, jeff cantey,1,1,AL165,Core
252164,thovey,66755.41,180,Decline,United RV -TX228,,TX,Fort Worth,2026-08-25,,,2026,RV,New,532,23.89,3.42,gott,,30,10.24,0,13679,false,,,11.99,Core,Core,0.9,0,,0,74174,698,Source One Financial Services,TX, brent sullivan,0,0,TX228,Core
252281,ccampos,21776.47,144,Decline,Ashley Marine - Salem - AL157,,AL,Salem,2026-08-25,,,2026,Boat,New,,6.31,5.29,jsmith,,66,8.74,2000,2000,false,,,10.24,Core,Not Applicable,1.14,0,,0,19121,762,Connexus Credit Union,AL, shirley ashley,0,0,AL157,Not Applicable
252241,lgrace,23949.46,144,Decline,Campers Inn of Chichester - NH103,Campers Inn,NH,Chichester,2026-08-25,,,2027,RV,New,,46.82,5.68,gcoulombe,,70,10.24,2500,2500,false,,,11.74,Core,Not Applicable,0.95,0,,0,25326,689,Connexus Credit Union,CT, david keller,0,0,NH103,Not Applicable
252331,mlomedico,119821.33,240,Decline,NAUTIQUE BOATS OF UTAH - UT103,,UT,DRAPER,2026-08-25,,,2026,Boat,New,,59.91,10.24,ljablonoski,,12,7.74,31000,79000,false,,,9.24,Core,Core,0.86,0,,0,139283.8,792,Source One Financial Services,UT, jake anderson,0,0,UT103,Core
252264,eavila,49603.7,240,Decline,Central Marine - Tyrone - FL134,OneWater,FL,St. Petersburg,2026-08-25,,,2026,Boat,New,,2.47,0.09,wstoutimore,,19,10.24,296000,296000,false,,,11.74,Core,Core,0.19,0,,0,257894,687,Source One Financial Services,FL, robert cummins,0,0,FL134,Core
252438,thovey,65969.06,180,Decline,Blue Compass RV - Orlando - FL337,Blue Compass,FL,Casselberry,2026-08-25,,,2026,RV,New,571,19.98,12.9,pcarter,,11,9.99,6000,9000,false,,,11.49,Core,Core,1.2,0,,0,55095,711,Source One Financial Services,FL, steven soto,0,0,FL337,Core
252292,pmeza,54212.5,180,Decline,ROTH RV - GRAND RAPIDS - MN164,,MN,GRAND RAPIDS,2026-08-25,,,2017,RV,Used,684,29.15,10.45,S1House,,5,14.99,4000,4000,false,,,15.99,Silver 1,Silver 1,1.13,0,,0,48000,647,Source One Financial Services,MN, mike roth,0,0,MN164,Silver
252272,eavila,32819.67,180,Auto Approval,OASIS RV - IL256,,IL,MARION,2026-08-25,2026-08-25,,2026,RV,New,,30.29,7.7,gcoulombe,,47,9.5,3360,3360,false,,,10,Silver 1,Not Applicable,0.9,0,,0,36345,676,Ideal Credit Union,IL, don hart,1,1,IL256,Not Applicable
252186,Jhill,24896.24,180,Auto Approval,JEFF COUCHS CAMPERS -OH107,Jeff Couchs,OH,Trenton,2026-08-25,2026-09-02,,2027,RV,New,691,32.28,1.98,jharrington1,,11503,9.99,75000,75000,false,,,11.49,Core,Core,0.23,0,,0,106525,707,Source One Financial Services,OH, derek hensley,1,1,OH107,Core
252166,thovey,20272.9,84,Decline,Blackbeard Marine Kingston -OK151,,OK,Kingston,2026-08-25,,,2013,Boat,Used,630,24.54,4.65,jweller,,32,15.49,8000,8000,false,,,16.49,Silver 1,Silver 1,0.77,0,,0,26470,645,Source One Financial Services,OK, andrew harmon,0,0,OK151,Silver
252153,,25800.82,180,Auto Decline,Ketelsen RV - IA121,,IA,Hiawatha,2026-08-25,,,2024,RV,Used,,43.27,5.95,gcoulombe,,0,22.99,2700,2700,false,,,23.99,Bronze,Bronze,0.87,0,,0,29600,616,Source One Financial Services,VA,,0,0,IA121,Business First
252354,rsimmons,12914.19,180,Approved,Willis and Co RV - TX566,Easy Care,TX,Granbury,2026-08-25,2026-08-25,,2026,RV,New,,36.14,1.68,gott,,8,10.24,6000,6000,false,,,11.74,Core,Core,0.78,0,,0,16480,693,Source One Financial Services,TX, jim lakes,1,1,TX566,Core
252214,rsimmons,59390.25,240,Booked,Campers & More LLC - AL164,,AL,Mobile,2026-08-25,2026-08-27,2026-08-27,2026,RV,New,,38.29,10.88,jsmith,3043,2921,9.74,1000,1000,false,111,11,10.99,Core,Core,0.96,2969.51,5,0,61592,730,Source One Financial Services,AL, shane taylor,1,0,AL164,Core
252341,,124788,240,Auto Decline,Intercoastal Financial Group LLC - 17401746,IFG,FL,Vero Beach,2026-08-25,,,2026,Boat,New,,59.67,17.77,S1House,,0,13.74,15000,15000,false,,,14.74,Silver 1,Silver 1,1.13,0,,0,110200,659,Source One Financial Services,OH,,0,0,17401746,Silver
252158,sbaker,33595.66,180,Decline,MILLERS MARINE - FL178,,FL,OCALA,2026-08-25,,,2027,Boat,New,624,54.93,1.66,pcarter,,15,7.99,4000,4000,false,,,9.49,Core,Core,1.19,0,,0,28270.28,784,Source One Financial Services,FL, johnmichael zayas,0,0,FL178,Core
252300,ccampos,18655.72,144,Booked,DeMontrond RV - Texas City - TX514,,TX,Texas city,2026-08-25,2026-08-27,2026-08-27,2027,RV,New,,35.06,5.66,gott,2947,2924,11.24,2500,10000,false,23,0,12.74,Core,Core,0.65,1119.34,6,0,28513,682,Source One Financial Services,TX, shedrick donnette,1,0,TX514,Core
252410,Jhill,145163.15,180,Conditional Approval,General RV - Jacksonville - FL236,General RV,FL,Orange Park,2026-08-25,2026-08-25,,2026,RV,New,756,35.57,12.02,pcarter,,148,7.24,0,16397.64,false,,,8.24,Core,Not Applicable,1.18,0,,0,122725,824,Ideal Credit Union,FL, scott mcleod,1,1,FL236,Not Applicable
252170,hhisek,29400.23,144,Decline,Next Motors Sales LLC-TX537,,TX,Rio Grande City,2026-08-25,,,2022,RV,Used,,5.77,5.41,gott,,8,9.99,3000,3000,false,,,11.49,Core,Core,0.97,0,,0,30240,760,Source One Financial Services,TX,,0,0,TX537,Core
252192,mlomedico,55913.15,204,Booked,Midwest RV Center -MO114,,MO,St Louis,2026-08-25,2026-08-28,2026-08-28,2026,RV,New,736,11.53,6.7,jweller,4608,4505,8.99,5000,5000,false,103,0,10.74,Core,Core,1.2,3913.92,7,0,46630,756,Source One Financial Services,MO, randy starkey,1,0,MO114,Core
252342,pmeza,98972.48,240,Decline,RAM MOTORS RV AND TRUCK - NM102,,NM,ALBUQUERQUE,2026-08-25,,,2022,RV,Used,,39.32,4.21,edominguez,,29,10.49,10000,16289.74,false,,,11.99,Core,Not Applicable,0.93,0,,0,105930,714,Connexus Credit Union,NM, donnie martinez,0,0,NM102,Not Applicable
252429,mlomedico,23384.23,180,Auto Approval,Fun Town RV Amarillo - TX508,Fun Town,TX,Amarillo,2026-08-25,2026-08-26,,2027,RV,New,,17.88,1.63,gott,,1275,13.74,2500,2500,false,,,14.74,Silver 1,Silver 1,0.84,0,,0,27786,646,Source One Financial Services,TX, eric adams,1,1,TX508,Silver
252414,mnava,15973.36,120,Auto Approval,Western Skies RV - NV111,,NV,Reno,2026-08-25,2026-08-25,,2025,RV,Used,,36.84,4.51,ljablonoski,,19,7.49,2500,2500,false,,,8.99,Core,Core,0.91,0,,0,17650,837,Source One Financial Services,NV, scott bailey,1,1,NV111,Core
252422,mlomedico,100409,240,Decline,PALMETTO BOAT CENTER INC - SC101,,SC,PIEDMONT,2026-08-25,,,2026,Boat,New,697,63.47,6.22,jsmith,,16,12.49,13000,12800,false,,,13.49,Silver 1,Silver 1,1.13,0,,0,88730.96,671,Source One Financial Services,SC, zach whitehead,0,0,SC101,Silver
252413,hhisek,18225.51,144,Approved,FUN TOWN RV OK LLC - OK121,Fun Town,OK,OKLAHOMA CITY,2026-08-25,2026-08-25,,2026,RV,New,745,32.11,1.19,jweller,,24,9.74,0,0,false,,,11.24,Core,Core,0.87,0,,0,20922.25,739,Source One Financial Services,OK, arthur fenimore,1,1,OK121,Core
252172,lgrace,47065.7,216,Auto Approval,ANGLERS CHOICE - LEXINGTON - NC101,,NC,LEXINGTON,2026-08-25,2026-08-28,,2018,Boat,Used,641,38.72,4.79,jsmith,,4332,10.99,2400,2400,false,,,12.49,Core,Core,0.75,0,,0,62490,700,Source One Financial Services,NC, lee parker,1,1,NC101,Core
252165,sflynn,83655.69,180,Auto Approval,Marshall's Marine Inc - SC146,,SC,Lake City,2026-08-25,2026-08-25,,2026,Boat,New,,29.52,3.66,jsmith,,29,8.74,8700,8700,false,,,10.24,Core,Core,1.08,0,,0,77145,764,Source One Financial Services,TX, hope huggins,1,1,SC146,Core
252353,lgrace,132433.98,240,Booked,LDRV of Tampa - FL340,Campers Inn,FL,Seffner,2026-08-25,2026-08-29,2026-08-31,2024,RV,Used,781,32.94,4.79,wstoutimore,8707,5453,7.24,25000,39798.99,false,2957,297,8.74,Core,Core,1.22,7946.04,6,0,108950,840,Source One Financial Services,FL, maria amatangelo,1,0,FL340,Core
252174,lgrace,23381.79,180,Auto Approval,PETE'S RV CENTER - CONNECTICUT - CT102,Pete's RV,CT,SOUTH WINDSOR,2026-08-25,2026-08-26,,2024,RV,Used,682,33.05,1.11,gcoulombe,,1388,9.49,500,6500,false,,,10.99,Core,Core,0.88,0,,0,26650,714,Source One Financial Services,CT, samantha rice,1,1,CT102,Core
252351,ccampos,52504,240,Decline,"Vantage Recreational Finance, Inc. -FL291",VRF,FL,FORT LAUDERDALE,2026-08-25,,,2025,Boat,Used,,167.73,1.78,S1House,,8552,8.74,1000,1000,false,,,10.24,Core,Core,0.88,0,,0,59420,761,Source One Financial Services,MD, linda lemire,0,0,FL291,Core
252216,mlomedico,19479.34,180,Decline,REEDER TRAUSCH MARINES - IN187,,IN,ROCKVILLE,2026-08-25,,,2025,Boat,Used,,14.58,3.41,jharrington1,,22,12.49,3000,3000,false,,,13.49,Silver 1,Silver 1,1.06,0,,0,18355,664,Source One Financial Services,IL, peter woollacott,0,0,IN187,Silver
252337,thovey,37617.13,180,Auto Approval,"Vantage Recreational Finance, Inc. -FL291",VRF,FL,FORT LAUDERDALE,2026-08-25,2026-08-25,,2014,Boat,Used,656,15.28,1,S1House,,42,8.99,3750,3750,false,,,10.49,Core,Core,0.52,0,,0,72260,836,Source One Financial Services,NJ, jennifer richter,1,1,FL291,Core
252207,,58313.72,180,Auto Decline,North Country RV - MN829,Markquart,MN,Ham Lake,2026-08-25,,,2023,RV,Used,,59.94,15.34,S1House,,0,22.99,6000,6019,false,,,23.99,Bronze,Bronze,0.91,0,,0,64350,605,Source One Financial Services,MN,,0,0,MN829,Business First
252243,Jhill,47965.91,180,Auto Approval,ROTH RV - BEMIDJI - MN168,,MN,BEMIDJI,2026-08-25,2026-08-25,,2027,RV,New,,40.21,6.66,S1House,,171,9.74,3500,-900,false,,,11.24,Core,Core,1.25,0,,0,38500,737,Source One Financial Services,MN, tracy perpich,1,1,MN168,Core
252152,lgrace,45266,180,Auto Approval,Foothills Marine of Lake Norman- NC144,,NC,Mooresville,2026-08-25,2026-08-25,,2025,Boat,New,,30.35,6.71,jsmith,,147,8.49,2500,2500,false,,,9.49,Core,Not Applicable,1.03,0,,0,44035,708,Connexus Credit Union,SC, james siems,1,1,NC144,Not Applicable
252180,,14273.84,144,Auto Decline,SOUTHERN RV INC - GA128,,GA,MCDONOUGH,2026-08-25,,,2026,RV,New,,27.33,2.29,jsmith,,0,22.99,1600,1600,false,,,23.99,Bronze,Bronze,1.25,0,,0,11405,606,Source One Financial Services,GA,,0,0,GA128,Business First
252408,,16572.4,216,Auto Decline,GEORGIA RV OUTLET LLC - GA107,,GA,CARTERSVILLE,2026-08-25,,,2022,RV,Used,,14.16,9.77,jsmith,,0,22.99,1500,1500,false,,,23.99,Bronze,Bronze,0.54,0,,0,30850,591,Source One Financial Services,IL,,0,0,GA107,Business First
252442,pmeza,46741.4,204,Auto Approval,Bretz RV & Marine - Lake Crystal - MN842,Bretz RV,MN,Lake Crystal,2026-08-25,2026-08-25,,2026,RV,New,,39.42,9.62,S1House,,24,7.24,21510,-5231,false,,,8.74,Core,Core,1.3,0,,0,35955,870,Source One Financial Services,MN, hayley archuleta,1,1,MN842,Core
252189,thovey,60797.79,204,Conditional Approval,Rock Solid Funding LLC - TX536,RSF,TX,BEDFORD,2026-08-25,2026-08-25,,2020,RV,Used,,32.1,3.38,S1House,,226,9.24,0,0,false,,,9.99,Core,Core,1.21,0,,0,50300,796,Source One Financial Services,TX, serena pulliam,1,1,TX536,Core
252302,sbaker,31936.11,180,Booked,Mid-State Camper Sales - IL232,,IL,Vandalia,2026-08-25,2026-08-31,2026-08-31,2021,RV,Used,,11.64,1.93,gcoulombe,8889,8877,9.99,2631,2631,false,11,1,10.74,Core,Core,1,958.08,3,0,32050,760,Source One Financial Services,IL,,1,0,IL232,Core
252182,avera,26927.26,180,Decline,Ashley Marine LLC - Pensacola - FL325,,FL,Pensacola,2026-08-25,,,2026,Boat,New,604,53.93,3.92,wstoutimore,,39,12.49,2800,2800,false,,,13.49,Silver 1,Silver 1,0.87,0,,0,31090,672,Source One Financial Services,FL, joey hawkins,0,0,FL325,Silver
252344,mlomedico,43817.14,180,Verifications Incomplete,Moix RV - Conway - AR134,,AR,Conway,2026-08-25,2026-09-02,,2025,RV,New,714,32.24,5.97,jweller,,11616,8.99,1011.75,1011.75,false,,0,9.74,Core,Core,1.03,1314.51,3,0,42504,797,Source One Financial Services,AR, chad cantrell,1,1,AR134,Core
252288,,28983.03,180,Auto Decline,Gerzeny's RV World - Nokomis - FL259,,FL,Nokomis,2026-08-25,,,2023,RV,Used,,46.42,8.22,wstoutimore,,0,22.99,5000,5000,false,,,23.99,Bronze,Bronze,1.15,0,,0,25190,591,Source One Financial Services,FL,,0,0,FL259,Business First
252143,avera,36558.8,144,Auto Approval,Country Roads RV Center INC.- NC139,,NC,Lexington,2026-08-25,2026-08-25,,2026,RV,New,,30.25,6.77,jsmith,,138,11.49,3900,3900,false,,,11.74,Silver 1,Not Applicable,0.88,0,,0,41738,671,Connexus Credit Union,NC, scott champion,1,1,NC139,Not Applicable
252276,mlomedico,68287.94,180,Booked,American Campers - WV110,,WV,Mount Hop,2026-08-25,2026-08-28,2026-08-28,2026,RV,New,,26.46,8.22,jharrington1,4456,4381,7.49,0,0,false,75,0,8.99,Core,Core,1,4097.28,6,0,68205,864,Source One Financial Services,WV,,1,0,WV110,Core
252396,,26624.65,144,Auto Decline,SMITH MOTOR CO OF HATTIESBURG INC - MS107,,MS,HATTIESBURG,2026-08-25,,,2026,Boat,New,635,12.49,1.72,jsmith,,0,14.99,6000,6000,false,,,15.99,Silver 2,Silver 2,1.65,0,,0,16154.6,634,Source One Financial Services,AL,,0,0,MS107,Silver
252436,mlomedico,27610.03,180,Decline,BLUE COMPASS RV  DES MOINES-IA222,Blue Compass,IA,ALTOONA,2026-08-25,,,2023,RV,Used,,35.63,2.08,gcoulombe,,11,10.74,1500,1500,false,,,12.24,Core,Core,0.73,0,,0,37565,689,Source One Financial Services,OK, rich wilso,0,0,IA222,Core
252179,eavila,20958.64,144,Booked,"Vantage Recreational Finance, Inc. -FL291",VRF,FL,FORT LAUDERDALE,2026-08-25,2026-08-25,2026-08-26,2022,RV,Used,,15.98,1.62,S1House,1796,399,9.24,4000,4000,false,1286,111,10.74,Core,Core,0.93,1257.52,6,0,22550,769,Source One Financial Services,LA, trenton cott,1,0,FL291,Core
252229,avera,64068.41,216,Conditional Approval,Campers Unlimited-Chattanooga-TN148,,TN,Ooltewah,2026-08-25,2026-08-25,,2026,RV,New,,35.69,10.33,jsmith,,12,7.24,0,38000,false,,,8.74,Core,Core,0.68,0,,0,94025,870,Source One Financial Services,GA, abbi stone,1,1,TN148,Core
252381,hhisek,36697.92,180,Decline,GREAT AMERICAN RV SUPERSTORE-TUPELO - MS114,,MS,BELDEN,2026-08-25,,,2026,RV,New,661,51.38,4.64,jsmith,,10,13.74,5000,5000,false,,,14.74,Silver 1,Silver 1,1.24,0,,0,29559,656,Source One Financial Services,MS, dj miller,0,0,MS114,Silver
252366,avera,24014.61,180,Booked,HOWARD RV CENTER - NC145,,NC,Wilmington,2026-08-25,2026-08-31,2026-08-31,2026,RV,New,739,35.71,1.65,jsmith,8745,8732,9.49,5000,5000,false,13,0,10.99,Core,Core,0.89,1440.88,6,0,26890,759,Source One Financial Services,NC, dan hilton,1,0,NC145,Core
252235,hhisek,64761.52,216,Booked,Alabama Campers Tuscaloosa-AL161,,AL,Tuscaloosa,2026-08-25,2026-08-26,2026-08-26,2026,RV,New,,35.24,4.38,jsmith,1622,1613,10.24,6500,6500,false,9,0,11.24,Core,Core,0.97,2590.46,4,0,66659,696,Source One Financial Services,AL, anne huntsinger,1,0,AL161,Core
252193,avera,59533.23,240,Approved,JEFF COUCHS CAMPERS -OH107,Jeff Couchs,OH,Trenton,2026-08-25,2026-08-25,,2025,RV,New,,38.25,5.67,jharrington1,,43,8.49,6000,6000,false,,,9.74,Core,Core,0.76,0,,0,78456,759,Source One Financial Services,GA, bryon spencer,1,1,OH107,Core
252147,avera,117186.8,240,Conditional Approval,Collins Inc of Johnston Co - NC148,,NC,Smithfield,2026-08-25,2026-08-25,,2027,Boat,New,,44.47,12.98,jsmith,,58,7.24,55000,50843.3,false,,,8.74,Core,Core,0.84,0,,0,139621.37,819,Source One Financial Services,NC, melissa sexton,1,1,NC148,Core
252181,hhisek,98205.55,204,Booked,Fun Town RV Amarillo - TX508,Fun Town,TX,Amarillo,2026-08-25,2026-09-02,2026-09-03,2026,RV,New,798,38.77,5.99,gott,13265,11958,7.24,0,0,false,11,1296,6.99,Core,Core,0.98,982.06,1,0,100088,870,Source One Financial Services,SD, eric adams,1,0,TX508,Core
252361,lgrace,6025.95,60,Booked,All Stars RV - ECO103,EPIC,CO,Littleton,2026-08-25,2026-08-25,2026-09-02,2019,RV,Used,868,30.42,0.97,S1House,11455,30,9.24,1500,1500,false,295,11130,9.74,Core,Core,0.65,120.52,2,0,9300,847,Source One Financial Services,CO, chuck smith,1,0,ECO103,Core
252411,rsimmons,79981.37,240,Decline,OPTIMUM RV TX LLC - Robstown - TX481,Optimum RV,TX,ROBSTOWN,2026-08-25,,,2011,RV,Used,,32.75,6.51,gott,,13,14.24,9000,9000,false,,,15.24,Silver 1,Silver 1,0.99,0,,0,80410,663,Source One Financial Services,TX, nicholas cicala,0,0,TX481,Silver
252202,lgrace,34217.76,204,Approved,SUSQUEHANNA VALLEY RV - SELINSGROVE - PA115,,PA,SELINSGROVE,2026-08-25,2026-08-25,,2026,RV,Used,,25.07,11.51,jharrington1,,18,8.24,100,100,false,,,9.74,Core,Core,0.88,0,,0,38800,771,Source One Financial Services,PA, danielle wagner,1,1,PA115,Core
252398,hhisek,30315.3,180,Decline,PPL Motorhomes - Decatur -  TX583,,TX,Decatur,2026-08-25,,,2023,RV,Used,,12.28,4.37,gott,,4,14.49,3100,3100,false,,,15.49,Silver 1,Silver 1,0.61,0,,0,50105,642,Source One Financial Services,TX, wesley meyer,0,0,TX583,Silver
252311,edominguez,18305.05,144,Booked,"Destination RV, LLC - AZ309",,AZ,Phoenix,2026-08-25,2026-09-01,2026-09-01,2015,RV,Used,,14.82,2.23,edominguez,10281,10061,8.49,4000,4000,false,220,0,9.99,Core,Core,1.68,1098.3,6,0,10920,802,Source One Financial Services,TX, chris coates,1,0,AZ309,Core
252240,eavila,18899,180,Decline,"Vantage Recreational Finance, Inc. -FL291",VRF,FL,FORT LAUDERDALE,2026-08-25,,,2021,RV,Used,,32.43,6.34,S1House,,11,14.49,1000,1000,false,,,15.49,Silver 1,Silver 1,1.08,0,,0,17450,650,Source One Financial Services,AR, alphonzo bowe,0,0,FL291,Silver
252260,thovey,85220,240,Approved,"EPIC FINANCE, LLC. - 17401748",EPIC,NC,WILMINGTON,2026-08-25,2026-08-25,,2024,RV,Used,,23.68,12.01,S1House,,22,7.24,1000,5000,false,,,8.74,Core,Core,0.83,0,,0,102700,848,Source One Financial Services,PA, mia williams,1,1,17401748,Core
252274,ccampos,18677.23,204,Decline,HAPPY CAMPERS RV SALES and SERVICE - IN182,,IN,LAFAYETTE,2026-08-25,,,2027,RV,New,,49.86,3.95,jharrington1,,8692,7.99,3000,3000,false,,,9.49,Core,Core,0.69,0,,0,26993.1,784,Source One Financial Services,IN, jacob lebeau,0,0,IN182,Core
252221,,13825,72,Auto Decline,Team Winnebagoland -WI5022,,WI,Oshkosh,2026-08-25,,,2020,Boat,New,,29.44,5.3,S1House,,0,15.74,0,0,false,,,16.74,Silver 2,Silver 2,0,0,,0,0,623,Source One Financial Services,WI,,0,0,WI5022,Silver
252352,pmeza,47692.78,240,Decline,Blue Compass RV - Jacksonville - FL336,Blue Compass,FL,Jacksonville,2026-08-25,,,2026,RV,New,,28.44,12.01,pcarter,,12,22.99,13500,15458,false,,,23.99,Core,Core,0.83,0,,0,57636.75,693,Source One Financial Services,FL, koby johnson,0,0,FL336,Core
252305,,68121.8,240,Auto Decline,BLUE COMPASS RV INDIANAPOLIS-IN206,Blue Compass,IN,INDIANAPOLIS,2026-08-25,,,2026,RV,New,,24.83,7.6,jharrington1,,0,22.99,1000,11000,false,,,23.99,Bronze,Bronze,0.86,0,,0,79175,576,Source One Financial Services,OH,,0,0,IN206,Business First
252220,,87044,240,Auto Decline,BRETZ RV & MARINE - BILLINGS - MT115,Bretz RV,MT,Billings,2026-08-25,,,2022,RV,Used,626,25.22,13.7,dzilberchtein,,0,14.49,0,48000,false,,,15.49,Silver 1,Silver 1,0.94,0,,0,92350,641,Source One Financial Services,FL,,0,0,MT115,Silver
252249,,43327.98,240,Auto Decline,A and L RV Sales - Christiana TN103,,TN,Christiana,2026-08-25,,,2027,RV,New,,50.8,2.17,jsmith,,0,12.49,5000,5000,false,,,13.49,Silver 1,Silver 1,1.01,0,,0,42929,668,Source One Financial Services,TN,,0,0,TN103,Silver
252430,pmeza,68015.25,240,Auto Approval,Blue Compass-RV KC - Grain Valley - MO121,Blue Compass,MO,Grain Valley,2026-08-25,2026-08-25,,2027,RV,New,,34.01,4.7,jweller,,47,9.49,1000,1000,false,,,10.99,Core,Core,1.01,0,,0,67551.25,706,Source One Financial Services,MO, aaron shockey,1,1,MO121,Core
252328,thovey,44028.8,180,Decline,Bent's RV - LA117,,LA,Boutte,2026-08-25,,,2026,RV,New,752,50.77,5.83,gott,,27,13.74,4285,4285,false,,,14.74,Silver 1,Silver 1,1.03,0,,0,42840,644,Source One Financial Services,LA, chris klotz,0,0,LA117,Silver
252407,mnava,38489.61,180,Auto Approval,Nice Campers.com-AR129,,AR,Russellville,2026-08-25,2026-08-31,,2026,RV,New,,36.26,10.63,jweller,,8788,9.74,0,0,false,,,10.49,Core,Core,1.03,0,,0,37333,778,Source One Financial Services,AR, aliya purtee,1,1,AR129,Core
252252,,36723.94,180,Cancelled,Ansley RV - PA144,,PA,Duncansville,2026-08-25,,,2022,RV,Used,,0,0,jharrington1,,,22.99,3000,3000,false,,,23.99,Bronze,Bronze,1.2,0,,0,30580,,Source One Financial Services,PA, joe barbera,0,0,PA144,Business First
252183,,51852.24,180,Auto Decline,Texas Marine Conroe - TX355,OneWater,TX,Conroe,2026-08-25,,,2022,Boat,Used,,47.91,5.02,gott,,0,13.24,6000,6000,false,,,14.24,Silver 1,Silver 1,1.18,0,,0,43810,676,Source One Financial Services,TX,,0,0,TX355,Silver
252314,sflynn,20028.36,180,Auto Approval,BLUE COMPASS RV - CORPUS CHRISTI - TX459,Blue Compass,TX,CORPUS CHRISTI,2026-08-25,2026-08-25,,2026,RV,New,,17.23,3.34,gott,,16,9.74,0,0,false,,,11.24,Core,Core,0.92,0,,0,21821.75,730,Source One Financial Services,TX, elisa escamilla,1,1,TX459,Core
252218,mnava,79105.23,240,Auto Approval,General RV Center - Salisbury - NC137,General RV,NC,Salisbury,2026-08-25,2026-08-25,,2026,RV,New,864,38.72,4.75,jsmith,,44,7.24,8000,8283.07,false,,,8.74,Core,Core,1.3,0,,0,61015,858,Source One Financial Services,NC, tim mccorkle,1,1,NC137,Core
252347,hhisek,91169.72,204,Booked,Fun Town RV Houston LLC -TX244,Fun Town,TX,Wharton,2026-08-25,2026-09-03,2026-09-03,2026,RV,New,,37.26,8.91,gott,12878,12764,10.99,8000,10988.4,false,114,0,12.49,Core,Core,1.04,5470.18,6,0,87369,696,Source One Financial Services,TX, brenden boggs,1,0,TX244,Core
252178,hhisek,23193.75,180,Decline,Fun Town RV Ottawa LLC - KS125,Fun Town,KS,Ottawa,2026-08-25,,,2022,RV,Used,657,48.8,1.79,jweller,,19,10.74,1000,11526,false,,,12.24,Core,Core,0.71,0,,0,32600,684,Source One Financial Services,KS, john lucas,0,0,KS125,Core
252266,rsimmons,28215.23,180,Decline,Blue Compass RV - Tyler - TX552,Blue Compass,TX,Tyler,2026-08-25,,,2021,RV,Used,,10.65,5.75,gott,,9,10.74,2890,2890,false,,,12.24,Core,Core,0.96,0,,0,29480,698,Source One Financial Services,TX, brian vaseleck,0,0,TX552,Core
252371,rsimmons,14806.27,144,Decline,HOWDY RANCH RV - TX315,,TX,Mathis,2026-08-25,,,2006,Boat,Used,,9.79,2.96,gott,,4,14.74,2000,2000,false,,,15.74,Silver 1,Silver 1,1.18,0,,0,12530,676,Source One Financial Services,TX, ivy martinez,0,0,TX315,Silver
252167,sbaker,38627.75,144,Auto Approval,Intercoastal Financial Group LLC - 17401746,IFG,FL,Vero Beach,2026-08-25,2026-08-28,,2023,Boat,Used,,3.34,2.94,S1House,,4738,9.24,5000,5000,false,,,10.49,Core,Core,0.76,0,,0,51125,764,Source One Financial Services,MD, hunter miller,1,1,17401746,Core
252206,avera,36558.8,180,Approved,Country Roads RV Center INC.- NC139,,NC,Lexington,2026-08-25,2026-08-25,,2026,RV,New,671,25.22,2.28,jsmith,,79,8.99,3900,3900,false,,,9.74,Core,Not Applicable,0.88,0,,0,41738,706,Connexus Credit Union,NC, scott champion,1,1,NC139,Not Applicable
252432,thovey,49192.35,240,Booked,BLUE COMPASS RV - CORPUS CHRISTI - TX459,Blue Compass,TX,CORPUS CHRISTI,2026-08-25,2026-08-28,2026-08-31,2026,RV,New,698,23.12,1.51,gott,8959,4257,9.49,4200,4200,false,4702,0,10.99,Core,Core,1.12,2951.54,6,0,44026,709,Source One Financial Services,TX, elisa escamilla,1,0,TX459,Core
252324,jrubi,22885,144,Booked,BEAUMONT RV - SCA108,,CA,BEAUMONT,2026-08-25,2026-08-29,2026-08-29,2017,RV,Used,,30.87,5.3,jrubi,5799,5678,11.24,2500,2500,false,118,3,12.74,Core,Core,1.5,1373.1,6,0,15250,684,Source One Financial Services,CA,,1,0,SCA108,Core
252197,Jhill,48000,204,Booked,Walstrom Marine - MI472,,MI,Harbor Springs,2026-08-25,2026-08-28,2026-08-28,2006,Boat,Used,883,8.06,1.96,dzilberchtein,4542,4400,9.49,18760,18760,false,138,4,10.74,Core,Core,0.66,2400,5,0,73260,874,Source One Financial Services,OH, david towner,1,0,MI472,Core
252209,hhisek,61043.56,240,Decline,PRINCESS CRAFT - TX483,,TX,KATY,2026-08-25,,,2027,RV,New,648,30.67,4.29,gott,,4,10.24,6300,6300,false,,,11.74,Core,Core,0.88,0,,0,69675,693,Source One Financial Services,TX, lane lambright-reed,0,0,TX483,Core
252446,avera,28402.51,144,Booked,RV COUNTRY - FRESNO - NCA115,RV Country,CA,FRESNO,2026-08-25,2026-08-31,2026-08-31,2027,RV,New,,23.77,4.73,jrubi,8212,8210,7.99,3200,3200,false,2,0,9.49,Core,Core,0.99,1704.15,6,0,28665,784,Source One Financial Services,CA, travis jury,1,0,NCA115,Core
252419,hhisek,41592.54,180,Auto Approval,FUN TOWN RV SAN ANTONIO LP - TX465,Fun Town,TX,CIBOLO,2026-08-25,2026-08-27,,2026,RV,New,,26.4,9.84,gott,,2926,10.24,3000,5144,false,,,11.74,Core,Core,1.5,0,,0,27686,684,Source One Financial Services,TX, franz grimes,1,1,TX465,Core
252363,pmeza,37610.45,204,Auto Approval,Colaw RV Sales -MO110,,MO,Carthage,2026-08-25,2026-08-27,,2018,RV,Used,717,44.19,3.39,jweller,,2663,9.99,0,0,false,,,11.24,Core,Core,0.88,0,,0,42950,720,Source One Financial Services,MO, hailey coss,1,1,MO110,Core
252316,Jhill,11519.5,120,Booked,Campers Inn of Davenport - IA216,Campers Inn,IA,Davenport,2026-08-25,2026-08-31,2026-08-31,2015,RV,Used,,26.22,3.05,gcoulombe,9014,8520,8.99,2000,2000,false,493,1,10.49,Core,Core,1.02,691.17,6,0,11300,782,Source One Financial Services,IA, thomas greer,1,0,IA216,Core
252368,,25029.88,144,Auto Decline,Blackbeard Marine Kingston -OK151,,OK,Kingston,2026-08-25,,,2018,Boat,Used,,24.12,0,jweller,,0,16.24,7000,7000,false,,,17.24,Silver 2,Silver 2,0.81,0,,0,30900,631,Source One Financial Services,TX,,0,0,OK151,Silver
252184,rsimmons,32831.18,180,Decline,Southern Mud Sports LLC - AL165,,AL,Waverly,2026-08-25,2026-08-25,,2027,Boat,New,,27.75,5.77,jsmith,,191,13.74,3800,3800,false,,,14.74,Silver 1,Silver 1,1.2,0,,0,27270.92,658,Source One Financial Services,WY, jeff cantey,0,0,AL165,Silver
252322,,67316.87,240,Auto Decline,RV Station LTD- Katy -TX290,,TX,Katy,2026-08-25,,,2021,RV,Used,,31.03,6.36,gott,,0,15.74,0,10168,false,,,16.74,Silver 2,Silver 2,1.11,0,,0,60665,638,Source One Financial Services,LA,,0,0,TX290,Silver
252437,ahunt,115180.72,240,Auto Approval,La Mesa RV Center - Albuquerque - NM109,La Mesa,NM,Albuquerque,2026-08-25,2026-08-25,,2027,RV,New,,35.85,10.9,edominguez,,91,7.24,10000,13000,false,,,8.74,Core,Core,0.99,0,,0,116790,870,Source One Financial Services,NM, leon garcia,1,1,NM109,Core
252346,sbaker,37231.58,180,Auto Approval,Parkland RV-MO220,Canopy Financial,MO,Leadington,2026-08-25,2026-08-25,,2025,RV,Used,,7.28,1.99,jweller,,186,9.74,500,500,false,,,11.24,Core,Core,0.7,0,,0,53000,734,Source One Financial Services,MO, matt kurtz,1,1,MO220,Core
252270,avera,75175.72,240,Auto Approval,Four Lakes RV -MI344,,MI,Union,2026-08-25,2026-08-27,,2026,RV,New,,15.65,3.95,dzilberchtein,,2951,10.74,8279,8279,false,,,10.99,Core,Core,1.3,0,,0,57987,739,Source One Financial Services,WI,,1,1,MI344,Core
252390,lgrace,19792.16,144,Auto Approval,BOAT AND MOTOR SUPERSTORES PALM HARBOUR - FL155,,FL,PALM HARBOUR,2026-08-25,2026-08-26,,2023,Boat,Used,,20.44,1.49,wstoutimore,,982,9.49,19000,19000,false,,,10.99,Core,Core,0.51,0,,0,38440,743,Source One Financial Services,FL, sandy sigman,1,1,FL155,Core
252394,hhisek,108041.71,240,Decline,Blue Compass RV - South Beumont - TX551,Blue Compass,TX,Vidor,2026-08-25,,,2026,RV,New,624,40.86,7.66,gott,,9,13.74,10000,15600,false,,,14.74,Silver 1,Silver 1,1.11,0,,0,97480,652,Source One Financial Services,TX, brett massey,0,0,TX551,Silver
252141,avera,20865.3,204,Approved,Keystone RV Center  - PA110,Pete's RV,PA,Greencastle,2026-08-25,2026-08-25,,2026,RV,New,,30.41,3.21,jharrington1,,14,9.49,1000,4300,false,,,10.99,Core,Core,0.92,0,,0,22692,717,Source One Financial Services,MD, jen habina,1,1,PA110,Core
252268,,30229.03,180,Auto Decline,General RV - Jacksonville - FL236,General RV,FL,Orange Park,2026-08-25,,,2027,RV,New,,15,3.06,pcarter,,0,14.99,1000,1000,false,,,15.99,Silver 2,Silver 2,0.92,0,,0,32783,627,Source One Financial Services,FL,,0,0,FL236,Silver
252435,,29257.93,240,Auto Decline,AMERICA GO RV (Seguin) -TX419,,TX,SEGUIN,2026-08-25,,,2024,RV,Used,,35.78,2.05,gott,,0,14.99,3000,3000,false,,,15.99,Silver 2,Silver 2,0.94,0,,0,31290,622,Source One Financial Services,TX,,0,0,TX419,Silver
252283,lgrace,244213.95,240,Decline,RV Select-FL270,,FL,Seffner,2026-08-25,,,2022,RV,Used,676,27.63,7.46,wstoutimore,,63,10.49,110000,110000,false,,,11.99,Core,Core,0.71,0,,0,345400,700,Source One Financial Services,OH, bradley mitchell,0,0,FL270,Core
252242,hhisek,32192.95,204,Conditional Approval,Blue Compass - Mobile - AL170,Blue Compass,AL,Theodore,2026-08-25,2026-08-25,,2022,RV,Used,,24.16,6.09,jsmith,,10,10.74,0,14000,false,,,12.24,Core,Core,0.98,0,,0,32900,695,Source One Financial Services,AL, dylan howard,1,1,AL170,Core
252271,,24287,180,Auto Decline,Liberty RV-MO107,,MO,Liberty,2026-08-25,,,2021,RV,Used,,22.85,6.76,jweller,,0,15.74,0,0,false,,,16.74,Silver 2,Silver 2,1.2,0,,0,20295,637,Source One Financial Services,MO,,0,0,MO107,Silver
252362,,95538.57,180,Auto Decline,Legendary Marine - AL105,OneWater,AL,Gulf Shores,2026-08-25,,,2003,Boat,Used,,0,0,jsmith,,0,22.99,10000,10000,false,,,23.99,Bronze,Bronze,1.01,0,,0,94695,,Source One Financial Services,AL,,0,0,AL105,Business First
252204,rsimmons,24011.85,180,Booked,Your Fun Country RV's & Marine Center - TX549,,TX,Anthony,2026-08-25,2026-08-25,2026-09-03,2016,RV,Used,,39.37,6.06,gott,13274,277,8.99,800,800,false,350,12647,10.49,Core,Core,1.1,1440.71,6,0,21850,795,Source One Financial Services,NM, kasey peralta,1,0,TX549,Core
252321,thovey,84799.68,180,Approved,RV Value Mart-Bethlehem-PA125,,PA,Bath,2026-08-25,2026-08-25,,2026,RV,New,,43.36,8.84,jharrington1,,84,7.74,10000,11143,false,,,8.74,Core,Not Applicable,0.94,0,,0,90131,842,Connexus Credit Union,NY, marty dieppa,1,1,PA125,Not Applicable
252317,ccampos,49225.61,144,Conditional Approval,LDRV of Tampa - FL340,Campers Inn,FL,Seffner,2026-08-25,2026-08-25,,2026,RV,New,,24.8,4.94,wstoutimore,,78,11.74,5100,5100,false,,,11.74,Silver 1,Not Applicable,1.03,0,,0,47605,667,Connexus Credit Union,FL, cesar rodriguez,1,1,FL340,Not Applicable
252163,thovey,22427.15,144,Auto Approval,Atlantic Pro - FL333,,FL,Palmetto,2026-08-25,2026-08-25,,2013,Boat,Used,,27.63,0.81,wstoutimore,,47,7.99,5000,5000,false,,,8.24,Core,Core,0.67,0,,0,33230,833,Source One Financial Services,FL, yelena mikhelson,1,1,FL333,Core
252259,mlomedico,15489.87,120,Conditional Approval,Riva Motorsports and Marine - FL293,,FL,Key Largo,2026-08-25,2026-08-25,,2025,Boat,Used,688,48.05,1.07,wstoutimore,,84,8.99,15000,15000,false,,,9.74,Silver 1,Not Applicable,0.57,0,,0,27380,660,Connexus Credit Union,FL, marcos castro,1,1,FL293,Not Applicable
252247,ahunt,38030.23,180,Auto Approval,Ron Hoover Companies of Tulsa - OK157,Ron Hoover,OK,Claremore,2026-08-25,2026-08-25,,2025,RV,New,,33.91,4.89,jweller,,88,8.74,0,0,false,,,10.24,Core,Core,0.92,0,,0,41412,764,Source One Financial Services,OK, rick perez,1,1,OK157,Core
252211,Jhill,32797.64,180,Auto Approval,Southern Mud Sports LLC - AL165,,AL,Waverly,2026-08-25,2026-08-25,,2027,Boat,New,,37.37,3.63,jsmith,,637,12.49,3412,3412,false,,,13.49,Silver 1,Silver 1,1.07,0,,0,30690.95,667,Source One Financial Services,AL, jeff cantey,1,1,AL165,Silver
252306,,57469.8,240,Auto Decline,CHESACO RV - STUART - FL296,,FL,STUART,2026-08-25,,,2025,RV,Used,,44.95,14.13,pcarter,,0,22.99,7000,7000,false,,,23.99,Bronze,Bronze,0.88,0,,0,65602,604,Source One Financial Services,FL,,0,0,FL296,Business First
252304,eavila,50368.3,180,Pending,RAM MOTORS RV AND TRUCK - NM102,,NM,ALBUQUERQUE,2026-08-25,2026-08-25,,2026,RV,New,,6.65,2.46,edominguez,,29,9.99,65000,65000,false,,,11.49,Core,Core,0.39,0,,0,128927,713,Source One Financial Services,NM, uriah holland,0,0,NM102,Core
252339,edominguez,49211.49,180,Auto Approval,"RV WORLD RECREATION VEHICLE CENTER , LLC - AZ340",,AZ,YUMA,2026-08-25,2026-08-31,,2026,RV,New,719,32.68,5.43,edominguez,,8769,7.99,6500,16250,false,,,9.49,Core,Core,1.3,0,,0,37901,793,Source One Financial Services,AZ, greg svalstad,1,1,AZ340,Core
252289,pmeza,21720,180,Decline,ANGLERS CHOICE - SPINDALE - NC102,,NC,SPINDALE,2026-08-25,,,2017,Boat,Used,,38.74,4.33,jsmith,,92,13.24,5470,5470,false,,,14.74,Core,Not Applicable,1,0,,0,21720,680,Allegius Credit Union,SC, lee parker,0,0,NC102,Not Applicable
252378,,29893.81,180,Auto Decline,Century Auto/RV -TX344,,TX,AMARILLO,2026-08-25,,,2026,RV,New,663,17.65,9.28,gott,,0,13.74,50000,50000,false,,,14.74,Silver 1,Silver 1,0.41,0,,,72739,660,Source One Financial Services,TX,,0,0,TX344,Silver
252253,pmeza,27231.3,204,Booked,General RV-West Palm Beach-FL266,General RV,FL,West Palm Beach,2026-08-25,2026-08-31,2026-09-01,2025,RV,Used,744,22.09,2.44,pcarter,10193,8542,8.24,1000,4372.64,false,1650,1,9.74,Core,Core,1.11,1633.88,6,0,24600,770,Source One Financial Services,FL, tim mccorkle,1,0,FL266,Core
252171,thovey,100000,240,Conditional Approval,Blue Compass RV - Springfield - MO229,Blue Compass,MO,Strafford,2026-08-25,2026-08-25,,2026,RV,New,,20.41,6.75,jweller,,100,8.74,74268.29,74268.29,false,,,10.24,Core,Core,0.6,0,,0,167012,765,Source One Financial Services,MO, blaine sherrill,1,1,MO229,Core
252318,,125291,240,Cancelled,CALIFORNIA BOAT COMPANY-ECA109,EPIC,CA,Discovery Bay,2026-08-25,,,2026,Boat,New,,0,0,S1House,,,22.99,35000,35000,false,,,23.99,Bronze,Bronze,1.15,0,,0,108965,,Source One Financial Services,CA, brett light,0,0,ECA109,Business First
252355,sbaker,119094.75,240,Auto Approval,ZOOMERS RV OF IOWA LLC - IA206,,IA,LAMONI,2026-08-25,2026-08-25,,2026,RV,New,693,41.08,10.15,gcoulombe,,65,9.49,20000,20000,false,,,10.99,Core,Core,1.04,0,,0,114275,744,Source One Financial Services,MO, david fausnaugh,1,1,IA206,Core
252198,,16411.47,84,Auto Decline,"Ron Hoover Companies of Lake Conroe, Inc -TX280",Ron Hoover,TX,Willis,2026-08-25,,,2026,RV,New,,9.08,8.27,gott,,0,22.99,3000,3000,false,,,23.99,Bronze,Bronze,0.69,0,,0,23841,,Source One Financial Services,TX,,0,0,TX280,Business First
252387,ccampos,36940,240,Decline,Blue Compass RV - Columbia - SC136,Blue Compass,SC,Lexington,2026-08-25,,,2026,RV,New,,18.11,5.65,jsmith,,25,9.99,4000,4000,false,,,11.49,Core,Core,0.86,0,,0,43133,716,Source One Financial Services,SC, taylor graziano,0,0,SC136,Core
252215,,44653.2,216,Cancelled,CAMPERS INN ATLANTA -GA122,Campers Inn,GA,TUCKER,2026-08-25,,,2026,RV,New,,0,0,jsmith,,,22.99,1000,5256.76,false,,,23.99,Bronze,Bronze,1.2,0,,0,37211,,Source One Financial Services,GA, brett horton,0,0,GA122,Business First
252173,mlomedico,148604.54,240,Decline,Thunder Marine,EPIC,FL,St. Petersburg,2026-08-25,,,2026,Boat,New,682,35.91,11.74,S1House,,30,9.49,5000,30583,false,,,10.99,Core,Core,1.24,0,,0,119580,748,Source One Financial Services,FL, brett light,0,0,EFL130,Core
252377,pmeza,19284,168,Auto Approval,BOLAND RV - MO199,,MO,HANNIBAL,2026-08-25,2026-08-25,,2026,RV,New,,25.53,2.99,jweller,,87,9.49,0,0,false,,,10.99,Core,Core,0.87,0,,0,22197,752,Source One Financial Services,IL, ryan taylor,1,1,MO199,Core
252187,thovey,31040.63,180,Auto Approval,Razorback Camper Sales-AR130,,AR,Hot Springs,2026-08-25,2026-08-25,,2026,RV,New,,36.42,5.68,jweller,,109,10.24,4000,4000,false,,,11.74,Core,Core,0.82,0,,0,37947,686,Source One Financial Services,AR, doug johnson,1,1,AR130,Core
252348,pmeza,23483.93,204,Auto Approval,Heartland Marine -MO131,,MO,Sunrise Beach,2026-08-25,2026-08-25,,2008,Boat,Used,715,35.17,2.47,jweller,,52,9.74,9000,9000,false,,,10.74,Core,Core,1.08,0,,0,21650,767,Source One Financial Services,KS, ashley maass,1,1,MO131,Core
252380,mlomedico,32944.6,180,Booked,Humphrey RV - CO108,,CO,Grand Junction,2026-08-25,2026-08-29,2026-08-31,2026,RV,New,686,31.51,4.05,dzilberchtein,8666,5662,9.99,15500,15500,false,411,2593,11.49,Core,Core,0.76,1976.68,6,0,43352.5,700,Source One Financial Services,CO, ashley williams,1,0,CO108,Core
252370,hhisek,86022.89,240,Decline,Blue Compass RV - Katy - TX571,Blue Compass,TX,Katy,2026-08-25,,,2025,RV,Used,656,14.02,4.98,gott,,9,10.24,10000,10000,false,,,11.74,Core,Core,0.83,0,,0,103895,688,Source One Financial Services,TX, eddie johnson,0,0,TX571,Core
252250,mnava,48244.21,240,Approved,UNLIMITED RV - MO192,,MO,INDEPENDENCE,2026-08-25,2026-08-25,,2027,RV,New,,22.15,6.78,jweller,,26,9.74,20000,20000,false,,,11.24,Core,Core,0.75,0,,0,63906,729,Source One Financial Services,MO, nate donaldson,1,1,MO192,Core
252412,mlomedico,95034,180,Conditional Approval,"Vantage Recreational Finance, Inc. -FL291",VRF,FL,FORT LAUDERDALE,2026-08-25,2026-08-25,,2015,Boat,Used,689,34.89,3.44,S1House,,38,10.74,15435,15435,false,,,12.24,Core,Core,0.54,0,,0,177550,740,Source One Financial Services,CA, richard cosentino,1,1,FL291,Core
252389,hhisek,274458.93,144,Decline,LDRV of Tampa - FL340,Campers Inn,FL,Seffner,2026-08-25,2026-08-27,,2023,RV,Used,,37.16,10.41,wstoutimore,,3881,11.5,60000,84897.3,false,,,11.5,Silver 1,Not Applicable,0.74,0,,0,370850,678,Ideal Credit Union,GA, craig haselbush,0,0,FL340,Not Applicable
252364,avera,28313.92,180,Decline,Hufnagel and Majors Inc - PA109,,PA,Harmony,2026-08-25,,,2026,RV,New,639,41.36,2.15,jharrington1,,11,7.99,1000,1000,false,,,9.49,Core,Core,0.84,0,,0,33590,791,Source One Financial Services,PA, anthony talerico,0,0,PA109,Core
252227,,37367.01,180,Auto Decline,DADS CAMPER OUTLET - GULFPORT - MS100,,MS,GULFPORT,2026-08-25,,,2026,RV,New,684,54.4,0.11,jsmith,,0,22.99,4000,4000,false,,,23.99,Bronze,Bronze,1.07,0,,0,34831,577,Source One Financial Services,MS,,0,0,MS100,Business First
252168,sflynn,20448.6,180,Auto Approval,Western Skies RV - NV111,,NV,Reno,2026-08-25,2026-08-25,,2026,RV,New,,16.59,4.47,ljablonoski,,123,8.74,16000,16000,false,,,10.24,Core,Core,0.69,0,,0,29802,772,Source One Financial Services,NV, scott bailey,1,1,NV111,Core
252383,ccampos,46182,240,Auto Approval,Carpenters Campers Inc - FL226,,FL,Pensacola,2026-08-25,2026-08-25,,2027,RV,New,,39.1,5.05,wstoutimore,,24,8.74,5000,5000,false,,,10.24,Core,Core,1,0,,0,46365,765,Source One Financial Services,FL, tracey carpenter,1,1,FL226,Core
252149,lgrace,70815,240,Decline,Recreation USA LLC - Myrtle Beach - SC134,,SC,Myrtle Beach,2026-08-25,,,2026,RV,Used,691,61.7,6.39,jsmith,,15,7.49,7500,7500,false,,,8.99,Core,Core,0.9,0,,0,78354,830,Source One Financial Services,VA, stan johnson,0,0,SC134,Core
252188,mlomedico,44348.32,240,Decline,General RV Center - Salisbury - NC137,General RV,NC,Salisbury,2026-08-25,,,2027,RV,New,688,57.42,5.36,jsmith,,47,12.49,5000,12306.04,false,,,13.49,Silver 1,Silver 1,1.38,0,,0,32120,678,Source One Financial Services,NC, tim mccorkle,0,0,NC137,Silver
252401,Jhill,42091.01,180,Auto Approval,RV Value Mart-Asheboro-NC140,,NC,Franklinville,2026-08-25,2026-08-25,,2025,RV,New,,28.4,2.52,jsmith,,31,7.99,0,7848.18,false,,,9.49,Core,Core,0.76,0,,0,55227,799,Source One Financial Services,NC, chase rhodes,1,1,NC140,Core
252441,thovey,31619.75,180,Approved,Fun Town RV - Cleburne -TX108,Fun Town,TX,Cleburne,2026-08-25,2026-08-25,,2022,RV,Used,,16.23,7.57,S1House,,34,7.99,0,0,false,,,9.49,Core,Core,1.09,0,,0,29100,826,Source One Financial Services,TX, stephen hager,1,1,TX108,Core
252428,mlomedico,19345.29,144,Conditional Approval,Rock Solid Funding LLC - TX536,RSF,TX,BEDFORD,2026-08-25,2026-08-25,,2026,RV,New,,36.21,3.49,S1House,,22,12.49,1850,1850,false,,,13.49,Silver 1,Silver 1,0.95,0,,0,20350,670,Source One Financial Services,PA, amy derryberry,1,1,TX536,Silver
252315,ccampos,17749.86,120,Conditional Approval,Bent's RV - LA117,,LA,Boutte,2026-08-25,2026-08-25,,2026,RV,New,,17.29,4.92,gott,,141,11.49,1500,1500,false,,,11.74,Silver 1,Not Applicable,0.93,0,,0,19070,674,Connexus Credit Union,LA, louis lebreton,1,1,LA117,Not Applicable
252258,mnava,82022.97,180,Pending,Riva Motorsports and Marine - FL293,,FL,Key Largo,2026-08-25,,,2026,Boat,New,619,9.74,0.7,wstoutimore,,,13.74,52000,52000,false,,,14.74,Silver 1,Not Applicable,0.8,0,,0,102658,660,Ideal Credit Union,FL, marcos castro,0,0,FL293,Not Applicable
252238,sbaker,35671.84,180,Decline,Premier Yamaha Boating Center/Aransas -TX209,,TX,Aransas,2026-08-25,,,2023,Boat,New,,19.33,6.39,gott,,330,10.74,4000,4000,false,,,12.24,Core,Core,0.99,0,,0,35875,687,Source One Financial Services,TX, charles ferguson,0,0,TX209,Core
252273,pmeza,89998.91,240,Auto Approval,BISHS RV - ELDRIDGE - IA214,Bish's RV,IA,ELDRIDGE,2026-08-25,2026-08-25,,2027,RV,New,700,20.82,4.57,gcoulombe,,15,9.24,3800,11275.54,false,,,10.74,Core,Core,1.12,0,,0,80541,724,Source One Financial Services,IL, todd miillsap,1,1,IA214,Core
252233,pmeza,24361.4,180,Auto Approval,Blue Compass RV - South Beumont - TX551,Blue Compass,TX,Vidor,2026-08-25,2026-08-25,,2022,RV,Used,,28.08,5.32,gott,,25,14.49,2500,2500,false,,,15.49,Silver 1,Silver 1,1.06,0,,0,23000,649,Source One Financial Services,TX, brett massey,1,1,TX551,Silver
252395,,26624.65,144,Auto Decline,SMITH MOTOR CO OF HATTIESBURG INC - MS107,,MS,HATTIESBURG,2026-08-25,,,2026,Boat,New,635,12.64,2.1,jsmith,,0,22.99,6000,6000,false,,,23.99,Bronze,Bronze,1.65,0,,0,16154.6,,Source One Financial Services,AL,,0,0,MS107,Business First
252445,avera,22521.56,180,Auto Decline,Blue Compass RV - Post Falls - ID123,Blue Compass,ID,Post Falls,2026-08-25,,,2017,RV,Used,,20.28,7.39,ljablonoski,,729,14.99,2100,2100,false,,,15.99,Silver 1,Silver 2,0.91,0,,0,24750,627,Source One Financial Services,WA, william reed,0,0,ID123,Silver
252388,rsimmons,54443.5,204,Auto Approval,SMITH MOTOR CO OF HATTIESBURG INC - MS107,,MS,HATTIESBURG,2026-08-25,2026-08-26,,2027,Boat,New,,19.26,6.33,jsmith,,1270,10.24,5629,5629,false,,,11.74,Core,Core,1.04,0,,0,52244,697,Source One Financial Services,AR, lisa hartfield,1,1,MS107,Core
252433,mnava,41400,180,Auto Approval,Nelson RV -AZ233,,AZ,Tucson,2026-08-25,2026-08-26,,2019,RV,Used,,50.65,8.03,edominguez,,1211,7.99,7000,7000,false,,,9.24,Core,Not Applicable,0.89,0,,0,46400,833,Connexus Credit Union,VT,,1,1,AZ233,Not Applicable
252267,hhisek,65540.6,204,Booked,FUN TOWN RV SAN ANTONIO LP - TX465,Fun Town,TX,CIBOLO,2026-08-25,2026-08-30,2026-08-31,2026,RV,New,,22.87,6.59,gott,8939,7224,9.74,0,0,false,261,1454,11.24,Core,Core,1.22,3932.44,6,0,53605,730,Source One Financial Services,TX, franz grimes,1,0,TX465,Core
252405,,34525.92,180,Auto Decline,Budget RVs of Texas -TX109,,TX,Royse City,2026-08-25,,,2018,RV,Used,648,22.07,13.27,gott,,0,22.99,4000,4000,false,,,23.99,Bronze,Bronze,1.66,0,,0,20845,581,Source One Financial Services,TX,,0,0,TX109,Business First
252375,thovey,7602.98,984,Decline,BRETZ RV & MARINE - NAMPA - ID119,Bretz RV,ID,Nampa,2026-08-25,,,2015,RV,Used,,48.23,0,ljablonoski,,42,11.99,3000,4011,false,,,12.49,Core,Core,0.86,0,,0,8800,710,Source One Financial Services,ID, blake kezar,0,0,ID119,Core
252230,thovey,35076.7,180,Booked,BLUE COMPASS RV - CORPUS CHRISTI - TX459,Blue Compass,TX,CORPUS CHRISTI,2026-08-25,2026-08-26,2026-08-31,2026,RV,New,610,12.68,2.08,gott,9305,1858,10.24,0,0,false,7447,0,11.74,Core,Core,1.22,2104.6,6,0,28789.75,689,Source One Financial Services,TX, elisa escamilla,1,0,TX459,Core
252301,mnava,60692.44,240,Decline,BLUE COMPASS RV - SOUTH HOUSTON  - TX421,Blue Compass,TX,Alvin,2026-08-25,,,2026,RV,New,819,35.42,4.3,gott,,1595,7.24,2500,2500,false,,,8.74,Core,Core,0.95,0,,0,63640,815,Source One Financial Services,TX, frank carranza,0,0,TX421,Core
252157,lgrace,182258,180,Auto Approval,NewCoast - Boatzon - FL356,Marine Max,FL,Oldsmar,2026-08-25,2026-08-26,,2018,RV,Used,783,30.51,9.57,S1House,,1852,8.55,20000,20000,false,,,9.55,Core,Not Applicable,0.91,0,,0,199900,780,Ideal Credit Union,GA, dan welte,1,1,FL356,Not Applicable
252239,mlomedico,65598.65,204,Auto Approval,Blue Compass RV - Bakersfield - Sales - NCA145,Blue Compass,CA,Bakersfield,2026-08-25,2026-08-25,,2026,RV,New,714,37.01,4.1,jrubi,,8,9.74,1000,1000,false,,,11.24,Core,Core,1.12,0,,0,58595,721,Source One Financial Services,CA, martha quiroz,1,1,NCA145,Core
252150,,45481.91,240,Auto Decline,ROCKINGHAM MARINE - TN139,,TN,JOHNSON CITY,2026-08-25,,,2023,Boat,Used,619,54.77,4.16,jsmith,,0,15.74,1500,1500,false,,,16.74,Silver 2,Silver 2,1.48,0,,0,30778,628,Source One Financial Services,TN,,0,0,TN139,Silver
252369,mnava,16242.2,144,Contract Received,Bish's RV of Sioux Falls - SD112,Bish's RV,SD,Tea,2026-08-25,2026-09-02,,2012,RV,Used,712,13.24,2.19,dzilberchtein,,11758,11.49,1300,1300,false,,1370,12.74,Core,Core,1.18,0,,0,13750,715,Source One Financial Services,IA, stephine dunn,1,1,SD112,Core
252200,mlomedico,35600,180,Decline,Bills Happy Camper Rv LLC-PA135,Warrior Performance,PA,Mill Hall,2026-08-25,,,2026,RV,New,665,50.89,3.44,jharrington1,,50,13.74,3700,3700,false,,,14.74,Silver 1,Silver 1,0.93,0,,0,38089,644,Source One Financial Services,PA, bob rose iii,0,0,PA135,Silver
252226,Jhill,82242.81,180,Booked,Fish and Ski Marine - Canton - TX575,,TX,Canton,2026-08-25,2026-08-31,2026-09-02,2026,Boat,New,,16.62,6.63,gott,11464,9213,7.64,8700,11200,false,2250,1,8.89,Core,Not Applicable,1.13,4112.14,5,0,72677.06,718,Ideal Credit Union,TX, paul hyland,1,0,TX575,Not Applicable
252425,sflynn,31172.06,180,Auto Approval,Fun Town RV - Texarkana - AR120,Fun Town,AR,Texarkana,2026-08-25,2026-08-25,,2025,RV,New,,35.94,2.12,jweller,,50,9.49,0,0,false,,,10.99,Core,Core,0.83,0,,0,37640,760,Source One Financial Services,TX, henry reyna,1,1,AR120,Core
252190,rsimmons,26004.48,180,Decline,SMITH MOTOR CO OF HATTIESBURG INC - MS107,,MS,HATTIESBURG,2026-08-25,,,2026,Boat,New,,23.01,6.52,jsmith,,17,13.74,2500,2500,false,,,14.74,Silver 1,Silver 1,1.99,0,,0,13050.24,657,Source One Financial Services,LA, lisa hartfield,0,0,MS107,Silver
252290,mnava,149964.17,240,Decline,General RV Center- Draper - UT126,General RV,UT,Draper,2026-08-25,,,2026,RV,New,,18.12,10.24,ljablonoski,,39,7.49,39600,39600,false,,,8.99,Core,Not Applicable,0.83,0,,0,181140,806,Connexus Credit Union,UT, sofiane yahiaoui,0,0,UT126,Not Applicable
252196,avera,17947.27,144,Approved,Bumgarner Camping Center-NC142,Canopy Financial,NC,Lenoir,2026-08-25,2026-08-25,,2026,RV,New,650,31.12,1.46,jsmith,,54,9.99,2000,2000,false,,,11.49,Core,Core,0.91,0,,0,19815,709,Source One Financial Services,NC, mac mclelland,1,1,NC142,Core
252298,,17626.15,144,Auto Decline,Coastal Recreaction Center LLC - FL283,,FL,Ormond Beach,2026-08-25,,,2011,RV,Used,,25.37,5.97,pcarter,,0,16.74,0,12000,false,,,17.74,Silver 2,Silver 2,0,0,,0,0,638,Source One Financial Services,FL,,0,0,FL283,Silver
252282,sbaker,30212.78,180,Auto Approval,"AMERICAN DREAM VACATIONS-BOERNE, TX - TX408",,TX,BOERNE,2026-08-25,2026-08-26,,2022,RV,Used,,37.23,5.17,gott,,1518,10.74,2600,2600,false,,,10.99,Core,Core,1.18,0,,0,25600,686,Source One Financial Services,TX,,1,1,TX408,Core
252323,rsimmons,10980.62,120,Auto Approval,Blue Compass RV - Tyler - TX552,Blue Compass,TX,Tyler,2026-08-25,2026-08-25,,2026,RV,New,,28.6,1.52,gott,,9,7.49,0,0,false,,,8.99,Core,Core,0.8,0,,0,13770,804,Source One Financial Services,TX, brian vaseleck,1,1,TX552,Core
252439,eavila,25029.88,120,Decline,Blackbeard Marine Kingston -OK151,,OK,Kingston,2026-08-25,,,2018,Boat,Used,,33.5,2.48,jweller,,30,11.24,7000,7000,false,,,12.74,Core,Core,0.81,0,,0,30900,698,Source One Financial Services,TX, andrew harmon,0,0,OK151,Core
252199,hhisek,18974.58,180,Decline,DADS CAMPER OUTLET - GULFPORT - MS100,,MS,GULFPORT,2026-08-25,,,2017,RV,Used,,38.17,6.73,jsmith,,8,14.99,2000,2000,false,,,15.99,Silver 1,Silver 1,0.89,0,,0,21410,654,Source One Financial Services,MS, ricky arnaud,0,0,MS100,Silver
252146,lgrace,74428.8,216,Auto Approval,A and L RV SALES LLC -Chocowinity - NC120,,NC,CHOCWINITY,2026-08-25,2026-08-25,,2026,RV,New,872,22.45,3.73,jsmith,,61,8.49,20000,20000,false,,,9.99,Core,Core,0.78,0,,0,94884,862,Source One Financial Services,NH, ryan branch,1,1,NC120,Core
252343,mlomedico,42294,180,Decline,"Vantage Recreational Finance, Inc. -FL291",VRF,FL,FORT LAUDERDALE,2026-08-25,,,2014,RV,Used,,22.86,2.56,S1House,,5,15.49,6000,6000,false,,,16.49,Silver 1,Silver 1,1.09,0,,0,38665,652,Source One Financial Services,WV, brian decastro,0,0,FL291,Silver
252155,avera,29146.84,180,Decline,Rocky Ridge RV - Tyler - TX574,Rocky Ridge,TX,Tyler,2026-08-25,,,2026,RV,New,,22.22,4.82,gott,,72,8.49,1000,5000,false,,,9.24,Core,Not Applicable,0.79,0,,0,37120,714,Connexus Credit Union,TX, brandon barsh,0,0,TX574,Not Applicable
252213,,24545.15,180,Auto Decline,A and L RV Sales - Christiana TN103,,TN,Christiana,2026-08-25,,,2026,RV,New,635,21.61,2.87,jsmith,,0,13.49,2500,2500,true,,,15.49,Business First,Business First,0.77,0,,0,31900,,Source One Financial Services,TN,,0,0,TN103,Business First
252336,rsimmons,60184.01,240,Auto Approval,"AMERICAN DREAM VACATIONS-BOERNE, TX - TX408",,TX,BOERNE,2026-08-25,2026-08-25,,2018,RV,Used,,35.24,7.08,gott,,88,10.74,5500,5500,false,,,11.74,Core,Core,1.1,0,,0,54800,737,Source One Financial Services,TX,,1,1,TX408,Core
252246,,13021.59,180,Auto Decline,Camping World RV Sales - Lubbock -TX135,,TX,Lubbock,2026-08-25,,,2020,RV,Used,,49.69,5.92,gott,,0,22.99,2000,2000,false,,,23.99,Bronze,Bronze,0.9,0,,0,14515,601,Source One Financial Services,NM,,0,0,TX135,Business First
252421,mlomedico,28414.97,180,Auto Approval,A and L RV Sales - Johnson City - TN123,,TN,Johnson City,2026-08-25,2026-08-25,,2020,RV,Used,,4.15,0.98,jsmith,,37,8.49,500,500,false,,,9.99,Core,Core,1.18,0,,0,24050,783,Source One Financial Services,TN, amber bailey,1,1,TN123,Core
252426,mlomedico,54136.75,240,Auto Approval,Optimum RV Zephyr Hills - FL164,Optimum RV,FL,Zephyr Hills,2026-08-25,2026-08-25,,2023,RV,Used,,28.4,3.6,wstoutimore,,8,8.99,6000,6000,false,,,9.74,Core,Core,0.81,0,,0,66950,839,Source One Financial Services,FL, todd glenn,1,1,FL164,Core
252291,Jhill,65399.62,180,Booked,STOKLEYS MARINE - KY120,,KY,NICHOLASVILLE,2026-08-25,2026-09-02,2026-09-02,2027,Boat,New,,35.47,5.52,jharrington1,11711,11685,7.49,3000,419.08,false,26,0,8.99,Core,Core,1.2,3923.98,6,0,54675,813,Source One Financial Services,KY, erin tuttle,1,0,KY120,Core
252203,sflynn,76413.1,240,Auto Approval,Fun Town RV Orange LP - TX468,Fun Town,TX,Orange,2026-08-25,2026-08-25,,2026,RV,New,,17.66,4.38,gott,,52,9.74,11459.13,16261.54,false,,,11.24,Core,Core,1.15,0,,0,66274,723,Source One Financial Services,TX, brenden boggs,1,1,TX468,Core
252415,,13199,144,Auto Decline,"Vantage Recreational Finance, Inc. -FL291",VRF,FL,FORT LAUDERDALE,2026-08-25,,,2014,RV,Used,,50.99,5.61,S1House,,0,22.99,6800,6800,false,,,23.99,Bronze,Bronze,1.2,0,,0,11000,595,Source One Financial Services,TX,,0,0,FL291,Business First
252231,sbaker,19754.58,168,Auto Approval,Ashley Marine - Panama City -  FL255,,FL,Panama City,2026-08-25,2026-09-01,,2027,Boat,New,,49.85,4.23,wstoutimore,,10025,9.49,0,0,false,,,10.99,Core,Core,1.27,0,,0,15548,751,Source One Financial Services,FL, amy silas,1,1,FL255,Core
252416,thovey,25325.92,180,Booked,BRETZ RV & MARINE - NAMPA - ID119,Bretz RV,ID,Nampa,2026-08-25,2026-09-01,2026-09-02,2026,RV,New,,38.63,2.47,ljablonoski,11357,9928,12.49,15000,15000,false,1427,2,13.49,Silver 1,Silver 1,0.84,1013.04,4,0,30093,674,Source One Financial Services,ID, blake kezar,1,0,ID119,Silver
252286,rsimmons,54519.06,204,Verifications Incomplete,"Ron Hoover Companies of Donna, Inc -Tx277",Ron Hoover,TX,Donna,2026-08-25,2026-08-29,,2018,RV,Used,,32.38,9.84,gott,,5679,12.24,0,6846,false,,7136,12.24,Core,Core,1.2,0,0,0,45550,685,Source One Financial Services,TX, julio pena,1,1,TX277,Core
252385,sbaker,78922.64,240,Verifications Incomplete,Big D Marine and Powersports -TX205,,TX,Huntsville,2026-08-25,2026-09-01,,2026,Boat,New,,48.83,4,gott,,10107,9.49,10000,10000,false,,2,10.74,Core,Core,0.96,3946.13,5,0,81877,743,Source One Financial Services,TX, ethan brown,1,1,TX205,Core
252251,Jhill,27187.98,180,Pending,CAMPERS INN RV OF MADISON - AL116,Campers Inn,AL,MADISON,2026-08-25,2026-08-28,,2026,RV,Used,,34.27,4.63,jsmith,,4453,13.74,3500,3500,false,,,14.74,Silver 1,Silver 1,1.06,0,,0,25550,655,Source One Financial Services,AL, lynn dees,0,0,AL116,Silver
252151,,57000.29,240,Auto Decline,Rock Solid Funding LLC - TX536,RSF,TX,BEDFORD,2026-08-25,,,2023,RV,Used,,21.7,15.3,S1House,,0,22.99,0,0,false,,,23.99,Bronze,Bronze,0.94,0,,0,60850,,Source One Financial Services,TX,,0,0,TX536,Business First
252244,rsimmons,92137.51,240,Decline,Blue Compass RV - San Antonio - TX572,Blue Compass,TX,San Antonio,2026-08-25,,,2025,RV,Used,626,13.61,4.31,gott,,16,9.74,9500,9500,false,,,11.24,Core,Core,0.89,0,,0,103000,732,Source One Financial Services,CA, ryan johnson,0,0,TX572,Core
252205,Jhill,19540.75,144,Auto Approval,Blue Compass - Mobile - AL170,Blue Compass,AL,Theodore,2026-08-25,2026-08-25,,2026,RV,New,737,4.48,3.62,jsmith,,27,8.74,2000,2000,false,,,10.24,Core,Core,0.97,0,,0,20065,765,Source One Financial Services,AL, dylan howard,1,1,AL170,Core
252248,eavila,34638.3,180,Auto Approval,"RV COUNTRY ARIZONA, LLC - MESA -AZ333",RV Country,AZ,MESA,2026-08-25,2026-08-25,,2022,RV,Used,,36.91,4.45,edominguez,,75,10.74,13000,12933.82,false,,,12.24,Core,Core,1.19,0,,0,29200,690,Source One Financial Services,AZ, mark zemeckis,1,1,AZ333,Core
252234,mnava,32367,180,Decline,"Lone Star RV Sales, INC -TX206",,TX,Houston,2026-08-25,,,2027,RV,New,627,75.98,9.18,gott,,25,12.49,4000,4002,false,,,13.49,Silver 1,Silver 1,0.94,0,,0,34254,677,Source One Financial Services,TX,,0,0,TX206,Silver
252440,mlomedico,96552.66,240,Auto Approval,ROCKY MOUNTAIN RV and MARINE - NM101,,NM,ALBUQUERQUE,2026-08-25,2026-08-25,,2027,RV,New,722,44.86,8.33,edominguez,,6,9.74,11000,11000,false,,,11.24,Core,Core,1.18,0,,0,81612,723,Source One Financial Services,NM, bianca mcclaskey,1,1,NM101,Core
252310,hhisek,97850.96,240,Decline,Premier Watersports - Gallatin - ETN132,EPIC,TN,Gallatin,2026-08-25,,,2019,Boat,Used,,33.63,16.13,S1House,,33,13.74,5000,5000,false,,,14.74,Silver 1,Silver 1,1.01,0,,0,96547,663,Source One Financial Services,TN, brett light,0,0,ETN132,Silver
252327,,15483.43,144,Auto Decline,Courvelle's RV - LA113,,LA,Opelousas,2026-08-25,,,2024,RV,Used,,3.32,3.32,gott,,0,22.99,20000,20000,false,,,23.99,Bronze,Bronze,0.47,0,,0,32615,,Source One Financial Services,LA,,0,0,LA113,Business First
252161,sbaker,69500,204,Conditional Approval,CAMPERS INN OF MOCKSVILLE - NC107,Campers Inn,NC,MOCKSVILLE,2026-08-25,2026-08-25,,2026,RV,New,,40.66,14.96,jsmith,,112,9.49,4421.52,12421.52,false,,,10.99,Core,Core,0.93,0,,0,74579.2,749,Source One Financial Services,NC, troy egebrecht,1,1,NC107,Core
252404,ccampos,66703,240,Decline,Blue Compass RV - Greensboro - NC155,Blue Compass,NC,Colfax,2026-08-25,,,2024,RV,Used,,10.29,9.86,jsmith,,22,8.74,7000,7000,false,,,10.24,Core,Core,0.72,0,,0,92820,775,Source One Financial Services,NC, melinda patino,0,0,NC155,Core
252424,thovey,55432,240,Decline,Liberty RV-MO107,,MO,Liberty,2026-08-25,,,2026,RV,New,,20.78,7.5,jweller,,43,9.99,0,9000,false,,,11.49,Core,Core,1.34,0,,0,41247,712,Source One Financial Services,MO, shawn wiegers,0,0,MO107,Core
252382,hhisek,108698.64,216,Auto Approval,BLUE COMPASS RV - DALLAS - TX147,Blue Compass,TX,Mesquite,2026-08-25,2026-08-26,,2023,RV,Used,,44.04,11.8,gott,,1153,8.74,11200,11200,false,,,10.24,Core,Core,0.89,0,,0,121900,774,Source One Financial Services,NM, canyon downing,1,1,TX147,Core
252367,hhisek,32954.03,204,Conditional Approval,Fun Town RV Win LLC - OK109,Fun Town,OK,Thackerville,2026-08-25,2026-08-25,,2026,RV,New,,44.68,5.44,jweller,,10,9.99,1600,1600,false,,,11.49,Core,Core,1,0,,0,33022,706,Source One Financial Services,OK, rob miller,1,1,OK109,Core
252279,mlomedico,41003.26,180,Booked,"AMERICAN DREAM VACATIONS-BOERNE, TX - TX408",,TX,BOERNE,2026-08-25,2026-08-28,2026-08-28,2026,RV,New,857,21.45,2.74,gott,4412,4236,7.49,8100,7200,false,172,4,6.99,Core,Core,1.25,410.03,1,0,32749,855,Source One Financial Services,TX,,1,0,TX408,Core
252297,,49166.2,180,Auto Decline,"Vantage Recreational Finance, Inc. -FL291",VRF,FL,FORT LAUDERDALE,2026-08-25,,,2021,RV,Used,,40.23,6.41,S1House,,0,15.74,5500,5500,false,,,16.74,Silver 2,Silver 2,1.17,0,,0,42000,626,Source One Financial Services,FL,,0,0,FL291,Silver
252156,rsimmons,81260.47,240,Auto Approval,Ashley Marine LLC - Dothan - AL163,,AL,Dothan,2026-08-25,2026-08-28,,2026,Boat,New,792,35.9,3.73,jsmith,,4363,8.74,0,0,false,,,10.24,Core,Core,1.1,0,,0,73710,774,Source One Financial Services,AL, james pressley,1,1,AL163,Core
252403,ccampos,23550.92,144,Booked,Ashley Marine - Panama City -  FL255,,FL,Panama City,2026-08-25,2026-08-28,2026-08-31,2026,Boat,New,,11.1,5.84,wstoutimore,8148,4195,7.49,0,0,false,3953,0,8.74,Core,Not Applicable,1.22,1177.55,5,0,19338,760,Connexus Credit Union,AL, amy silas,1,0,FL255,Not Applicable
252427,Jhill,137028.94,240,Conditional Approval,JEFF COUCHS CAMPERS -OH107,Jeff Couchs,OH,Trenton,2026-08-25,2026-08-26,,2027,RV,New,,28.06,10.47,jharrington1,,1230,7.74,31000,31000,false,,,8.74,Core,Not Applicable,0.91,0,,0,151365,730,Connexus Credit Union,TX, bryon spencer,1,1,OH107,Not Applicable
252345,rsimmons,32352.76,180,Booked,Texas Marine - Clear Lake -TX354,OneWater,TX,SEABROOK,2026-08-25,2026-09-02,2026-09-03,2017,Boat,Used,,18.94,3.13,gott,12989,11731,10.99,3000,3000,false,1258,0,12.49,Core,Core,0.94,1941.17,6,0,34270,710,Source One Financial Services,TX, seth franco,1,0,TX354,Core
252219,jrubi,29199.48,204,Auto Approval,SUSQUEHANNA VALLEY RV - SELINSGROVE - PA115,,PA,SELINSGROVE,2026-08-25,2026-08-25,,2026,RV,New,743,9.08,2.55,jharrington1,,10,9.49,0,0,false,,,10.99,Core,Core,0.84,0,,0,34800,750,Source One Financial Services,PA, danielle wagner,1,1,PA115,Core
252142,,50134.14,180,Auto Decline,MOUNTAINEER RV and OUTDOOR CENTER - WV102,,WV,JANE LEW,2026-08-25,,,2026,RV,New,641,37.49,10.47,jharrington1,,0,22.99,0,0,false,,,23.99,Bronze,Bronze,1.31,0,,0,38250,618,Source One Financial Services,WV,,0,0,WV102,Business First
252399,thovey,32234,144,Decline,Easy Camping RV - IA141,,IA,Nevada,2026-08-25,,,2020,RV,Used,,8.74,6.28,gcoulombe,,44,14.49,0,4500,false,,,15.49,Silver 1,Not Applicable,0.95,0,,0,33950,643,Connexus Credit Union,IA, ryan jensen,0,0,IA141,Not Applicable
252330,Jhill,68845.4,144,Auto Approval,Fun Town RV - Cleburne -TX108,Fun Town,TX,Cleburne,2026-08-25,2026-08-25,,2025,RV,New,,25.53,11.94,S1House,,105,7.49,7100,7100,false,,,8.74,Core,Not Applicable,0.84,0,,0,81486,826,Connexus Credit Union,TX, jonathan riley,1,1,TX108,Not Applicable
252309,eavila,249698.35,240,Booked,BRETZ RV & MARINE - BOISE - ID118,Bretz RV,ID,Boise,2026-08-25,2026-08-29,2026-08-29,2027,RV,New,869,46.51,14.45,ljablonoski,5661,5562,8.99,156500,156500,true,97,2,10.99,Business First,Business First,0.74,9987.93,4,0,335520,,Source One Financial Services,UT, kaymbree lauer,1,0,ID118,Business First
252232,lgrace,35923.94,180,Decline,Ansley RV - PA144,,PA,Duncansville,2026-08-25,,,2022,RV,Used,678,27.92,3.75,jharrington1,,498,10.74,3800,3800,false,,,12.24,Core,Core,1.36,0,,0,26500,694,Source One Financial Services,PA, joe barbera,0,0,PA144,Core
252392,rsimmons,107519.51,240,Booked,Blue Compass RV - San Antonio - TX572,Blue Compass,TX,San Antonio,2026-08-25,2026-09-01,2026-09-02,2025,RV,Used,626,27.42,9.49,gott,11397,10106,7.24,9500,9500,false,1279,12,8.74,Core,Core,1.04,6451.17,6,0,103000,837,Source One Financial Services,TX, ryan johnson,1,0,TX572,Core
252448,lgrace,45994,180,Conditional Approval,"Vantage Recreational Finance, Inc. -FL291",VRF,FL,FORT LAUDERDALE,2026-08-25,2026-08-26,,2021,RV,Used,,40.15,5.54,S1House,,547,10.49,4600,4600,false,,,11.99,Core,Core,0.75,0,,0,61650,710,Source One Financial Services,NC, andrea strawn-ingram,1,1,FL291,Core
252360,thovey,38844.64,180,Auto Decline,BRETZ RV & MARINE - NAMPA - ID119,Bretz RV,ID,Nampa,2026-08-25,,,2019,RV,Used,,29.44,11.89,ljablonoski,,36,16.24,20000,20000,false,,,17.24,Silver 2,Silver 2,0.66,0,,0,59015,639,Source One Financial Services,ID, blake kezar,0,0,ID119,Silver
252359,mlomedico,226351.79,204,Auto Approval,CLAYS RV and POWERSPORTS - UT106,,UT,SALT LAKE CITY,2026-08-25,2026-08-26,,2014,RV,Used,,15.12,5.44,ljablonoski,,1238,8.74,70000,70000,false,,,10.24,Core,Core,0.74,0,,0,304250,813,Source One Financial Services,MT, seth holtman,1,1,UT106,Core
252391,ccampos,99999.55,180,Pending,Intercoastal Financial Group LLC - 17401746,IFG,FL,Vero Beach,2026-08-25,2026-08-25,,2020,Boat,Used,,38.33,10.96,S1House,,31,10.74,16300,16300,false,,,11.99,Core,Core,1,0,,0,99820,693,Source One Financial Services,FL, joe burton,0,0,17401746,Core
252191,hhisek,28537.35,180,Decline,Freedom RV LLC - TX490,Canopy Financial,TX,Dodd City,2026-08-25,,,2025,RV,Used,,34.58,8.87,gott,,9,12.49,0,0,false,,,13.49,Silver 1,Silver 1,0.68,0,,0,41690,675,Source One Financial Services,TX, mac mclelland,0,0,TX490,Silver
252284,avera,114461.56,156,Conditional Approval,Blue Compass RV - Charlotte - NC153,Blue Compass,NC,Concord,2026-08-25,2026-08-25,,2026,RV,New,,42.24,14.98,jsmith,,24,9.99,32000,39827.44,false,,,11.49,Core,Core,0.99,0,,0,115235,710,Source One Financial Services,SC, alex kottenstette,1,1,NC153,Core
252420,mnava,56432,240,Decline,Liberty RV-MO107,,MO,Liberty,2026-08-25,,,2026,RV,New,,1.89,1.03,jweller,,13,13.74,0,7000,false,,,14.74,Silver 1,Silver 1,1.38,0,,0,40974,654,Source One Financial Services,MO, shawn wiegers,0,0,MO107,Silver
252313,hhisek,37054.38,144,Decline,BLUE COMPASS RV - SOUTH HOUSTON  - TX421,Blue Compass,TX,Alvin,2026-08-25,,,2026,RV,New,,26.33,8.14,gott,,21,13.74,0,0,false,,,14.74,Silver 1,Not Applicable,1.02,0,,0,36350,643,Connexus Credit Union,TX, frank carranza,0,0,TX421,Not Applicable
252417,,71476.73,240,Auto Decline,"Campers Inn RV of Myrtle Beach, Inc - SC109",Campers Inn,SC,Myrtle Beach,2026-08-25,,,2023,RV,Used,,90.79,12.3,jsmith,,0,13.24,0,0,false,,,14.24,Silver 1,Silver 1,1.22,0,,0,58795,661,Source One Financial Services,FL,,0,0,SC109,Silver
252256,mlomedico,25371.02,180,Booked,PELICAN MARINE CENTER - FL120,,FL,HUDSON,2026-08-25,2026-08-31,2026-09-01,2023,Boat,Used,,20.87,8.57,wstoutimore,10162,8916,7.99,24500,24500,false,1246,0,8.99,Core,Core,0.5,1014.84,4,0,50660,808,Source One Financial Services,FL, richie bernett,1,0,FL120,Core
252144,avera,35991.42,180,Conditional Approval,PETE'S RV CENTER - CONNECTICUT - CT102,Pete's RV,CT,SOUTH WINDSOR,2026-08-25,2026-08-25,,2026,RV,New,652,20.32,3.11,gcoulombe,,49,10.24,8200,8200,false,,,11.74,Core,Core,0.85,0,,0,42323,682,Source One Financial Services,CT, samantha rice,1,1,CT102,Core
252393,hhisek,37814.1,180,Auto Approval,Adventure Campers USA - MS116,,MS,Sherman,2026-08-25,2026-08-25,,2022,RV,Used,,7.08,6.52,jsmith,,30,8.49,5000,5000,false,,,9.99,Core,Core,0.91,0,,0,41700,797,Source One Financial Services,FL, josh brown,1,1,MS116,Core
252384,jrubi,51031,240,Approved,BEAUMONT RV - SCA108,,CA,BEAUMONT,2026-08-25,2026-08-25,,2025,RV,New,,44.03,3.14,jrubi,,10,8.74,4500,4500,false,,,10.24,Core,Core,0.87,0,,0,58509,775,Source One Financial Services,CA,,1,1,SCA108,Core
252280,pmeza,90898.69,240,Verifications Incomplete,BISHS RV - ELDRIDGE - IA214,Bish's RV,IA,ELDRIDGE,2026-08-25,2026-08-31,,2027,RV,New,700,20.84,4.6,gcoulombe,,8873,9.24,4179.61,11874.76,false,,8,10.74,Core,Core,1.13,5453.92,6,0,80541,724,Source One Financial Services,IL, todd miillsap,1,1,IA214,Core
252356,Jhill,11298.94,120,Decline,CRESTVIEW RV SUPERSTORE - SELMA - TX484,Campers Inn,TX,SELMA,2026-08-25,,,2018,RV,Used,,57.45,1.38,gott,,7,10.99,5000,5000,false,,,12.49,Core,Core,0.96,0,,0,11800,706,Source One Financial Services,TX, rob galvan,0,0,TX484,Core
252365,,70436.91,240,Auto Decline,Rocky Ridge RV - Nacogdoches - TX525,Rocky Ridge,TX,Nacogdoches,2026-08-25,,,2026,RV,New,,58.9,9.88,gott,,0,12.49,1500,4527,false,,,13.49,Silver 1,Silver 1,1.35,0,,0,52147,671,Source One Financial Services,TX,,0,0,TX525,Silver
252307,rsimmons,23381.56,144,Verifications Incomplete,Texas Trader RV - TX267,Ron Hoover,TX,La Feria,2026-08-25,2026-09-02,,2020,RV,Used,,25.34,2.76,gott,,11272,9.24,4300,4300,false,,8,10.74,Core,Core,1.68,1402.89,6,0,13950,780,Source One Financial Services,TX, trey flores,1,1,TX267,Core
252225,hhisek,62094.61,240,Conditional Approval,Blue Compass RV - South Beumont - TX551,Blue Compass,TX,Vidor,2026-08-25,2026-08-25,,2026,RV,New,,29.4,5.41,gott,,10,10.24,6400,6400,false,,,11.74,Core,Core,0.87,0,,0,71140,683,Source One Financial Services,TX, jermiah huerta,1,1,TX551,Core
252293,lgrace,45296.7,204,Booked,OWENSBORO RV - KY119,,KY,OWENSBORO,2026-08-25,2026-08-28,2026-08-28,2026,RV,New,,40.69,5.9,jharrington1,4545,4510,9.24,4000,4000,false,33,2,9.99,Core,Core,1.02,1358.9,3,0,44282,727,Source One Financial Services,IN, scott stacy,1,0,KY119,Core
252223,,21133.42,180,Auto Decline,GREAT AMERICAN RV SUPERSTORE-HATTIESBURG - MS113,,MS,HATTIESBURG,2026-08-25,,,2022,RV,Used,,36.6,11.54,jsmith,,0,22.99,2000,2000,false,,,23.99,Bronze,Bronze,1.03,0,,0,20515,618,Source One Financial Services,MS,,0,0,MS113,Business First
252418,thovey,64001.21,240,Auto Approval,General RV - Tampa - FL238,General RV,FL,Dover,2026-08-25,2026-08-27,,2026,RV,New,851,18.87,3.29,wstoutimore,,2863,8.24,200000,200000,false,,,8.99,Core,Core,0.22,0,,0,293367,859,Source One Financial Services,FL, tommy miranda,1,1,FL238,Core
252358,ccampos,169835.53,240,Auto Approval,"EPIC FINANCE, LLC. - 17401748",EPIC,NC,WILMINGTON,2026-08-25,2026-09-02,,2025,Boat,New,,39.84,6.69,S1House,,11444,7.74,36000,32671.49,false,,,9.24,Core,Core,1.23,0,,0,137935,794,Source One Financial Services,FL, donavon evenson,1,1,17401748,Core
252145,hhisek,33003.88,180,Conditional Approval,Fun Town RV Factory Connect LLC-IN205,Fun Town,IN,Elkhart,2026-08-25,2026-08-25,,2026,RV,New,,32.42,3.96,jharrington1,,5,10.24,1600,1600,false,,,11.74,Core,Core,0.78,0,,0,42425,694,Source One Financial Services,MI, trever rizor,1,1,IN205,Core
252308,avera,39694,180,Decline,Ashley Marine LLC - GA147,,GA,Columbus,2026-08-25,,,2026,Boat,New,,69.68,8.08,jsmith,,123,7.49,5000,5300,false,,,8.99,Core,Not Applicable,1,0,,0,39684,815,Connexus Credit Union,SC, shirley ashley,0,0,GA147,Not Applicable
252277,rsimmons,23644.2,204,Auto Approval,Blue Compass RV - Tyler - TX552,Blue Compass,TX,Tyler,2026-08-25,2026-08-25,,2026,RV,Used,,22.09,7.83,gott,,19,7.99,0,0,false,,,9.49,Core,Core,0.95,0,,0,25000,781,Source One Financial Services,TX, clay coleman,1,1,TX552,Core
252195,mlomedico,16495,144,Approved,Blue Compass RV - Myrtle Beach - SC143,Blue Compass,SC,29575,2026-08-25,2026-08-25,,2018,RV,Used,733,34.6,2.1,jsmith,,44,10.74,2000,2000,false,,,12.24,Core,Core,1,0,,0,16495,738,Source One Financial Services,PA, stacy cobb,1,1,SC143,Core
252148,,19324,144,Auto Decline,"Vantage Recreational Finance, Inc. -FL291",VRF,FL,FORT LAUDERDALE,2026-08-25,,,2018,RV,Used,,12.9,9.64,S1House,,0,22.99,1700,1700,false,,,23.99,Bronze,Bronze,0.73,0,,0,26455,619,Source One Financial Services,NV,,0,0,FL291,Business First
252580,pmeza,40109.24,180,Decline,General RV - West Chester - PA113,General RV,PA,West Chester,2026-08-26,,,2015,RV,Used,,43.38,5.93,jharrington1,,65,14.99,6000,6000,false,,,15.99,Silver 1,Silver 1,0.68,0,,0,58863,648,Source One Financial Services,PA, michael quigley,0,0,PA113,Silver
252595,,35578,120,Auto Decline,Prestige RV Center - Shawnee - OK128,,OK,Shawnee,2026-08-26,,,2025,RV,New,,48.13,7.38,jweller,,0,14.99,3500,3500,false,,,15.99,Silver 2,Silver 2,0.84,0,,0,42568,624,Source One Financial Services,OK,,0,0,OK128,Silver
252549,,41700.84,180,Auto Decline,LDRV of Tampa - FL340,Campers Inn,FL,Seffner,2026-08-26,,,2022,RV,Used,,35.55,14.41,wstoutimore,,0,22.99,5000,10000,false,,,23.99,Bronze,Bronze,0.72,0,,0,58080,558,Source One Financial Services,FL,,0,0,FL340,Business First
252516,hhisek,83166.54,180,Decline,San Antonio Rvs -TX265,,TX,Seguin,2026-08-26,,,2026,RV,New,,25.69,12.93,gott,,2787,13.74,12000,12000,false,,,14.74,Silver 1,Not Applicable,0.95,0,,0,87895,645,Connexus Credit Union,TX, cody flores,0,0,TX265,Not Applicable
252653,mnava,88185,240,Decline,JOHNNY'S RV SUPERSTORE LLC - AL124,,AL,THEODORE,2026-08-26,,,2026,RV,New,,45.51,8.25,jsmith,,22,10.24,10000,13900,false,,,11.74,Core,Core,1.17,0,,0,75200,692,Source One Financial Services,LA,,0,0,AL124,Core
252632,jrubi,34034.96,180,Booked,LEMKE RV LLC - NCA116,,CA,ROCKLIN,2026-08-26,2026-09-01,2026-09-02,2010,RV,Used,,18.87,1.82,jrubi,9951,8456,9.49,25000,25000,false,112,1383,9.49,Core,Core,0.64,0,0,0,53400,865,Source One Financial Services,NV,,1,0,NCA116,Core
252535,lgrace,73785.71,240,Conditional Approval,Safe Harbor Emerald Coast - FL324,,FL,Santa Rosa Beach,2026-08-26,2026-08-26,,2025,Boat,New,785,30.05,11.89,wstoutimore,,10,7.24,5500,28650.57,false,,,8.74,Core,Core,1.29,0,,0,57328,804,Source One Financial Services,FL, jeff henley,1,1,FL324,Core
252457,Jhill,20390.08,144,Booked,The Great Outdoors Marine - WV111,,WV,Lavalette,2026-08-26,2026-08-31,2026-08-31,2016,Boat,Used,,28.04,2.71,jharrington1,7783,7777,10.74,0,3500,false,6,0,12.24,Core,Core,0.98,1223.4,6,0,20765,725,Source One Financial Services,KY, bradlee matzdorff,1,0,WV111,Core
252603,avera,29750,144,Decline,INLAND BOAT CENTER INC - SCA106,,CA,PERRIS,2026-08-26,,,2007,Boat,Used,645,65.67,4.1,jrubi,,4,11.99,10000,10000,false,,,13.49,Core,Core,0.77,0,,0,38483,704,Source One Financial Services,CA, taylor nissen,0,0,SCA106,Core
252491,lgrace,27762.19,180,Auto Approval,ROSS MOTORSPORTS INC - TX457,,TX,LUFKIN,2026-08-26,2026-08-26,,2014,Boat,Used,,37.28,3.05,gott,,25,10.24,3000,3000,false,,,11.74,Core,Core,1.04,0,,0,26640,764,Source One Financial Services,TX, ryan williams,1,1,TX457,Core
252550,sbaker,22471,180,Decline,Peach State Motorhomes & RV's - GA163,,GA,Buford,2026-08-26,,,2013,RV,Used,,53.12,5.36,jsmith,,13,9.49,0,0,false,,,10.99,Core,Core,2.14,0,,0,10500,796,Source One Financial Services,KY, christopher williams,0,0,GA163,Core
252490,,89966.19,240,Auto Decline,Blue Compass RV - San Antonio - TX572,Blue Compass,TX,San Antonio,2026-08-26,,,2026,RV,New,,36.96,8.09,gott,,0,14.99,9300,9300,false,,,15.99,Silver 2,Silver 2,0.93,0,,0,96928.75,633,Source One Financial Services,TX,,0,0,TX572,Silver
252598,hhisek,66749.57,180,Decline,AIRPORT MARINE INC - AL102,,AL,ALABASTER,2026-08-26,,,2026,Boat,New,,12.37,12.37,jsmith,,24,13.74,0,46360,false,,,14.74,Silver 1,Not Applicable,0.67,0,,0,99995,646,Connexus Credit Union,AL, kenneth hollis,0,0,AL102,Not Applicable
252474,lgrace,29208.56,180,Pending,T and S RV and SPORT LLC -TX377,,TX,NAVASOTA,2026-08-26,2026-09-02,,2022,RV,Used,,22.05,7.65,gott,,10313,10.49,500,2500,false,,,11.99,Core,Core,1.39,0,,0,20950,706,Source One Financial Services,TX, anthony wiese,0,0,TX377,Core
252570,sbaker,19900,144,Approved,CENTRAL KY BOAT AND RV SALES - KY108,,KY,RICHMOND,2026-08-26,2026-08-26,,2022,RV,Used,,21.37,7.21,jharrington1,,15,10.24,0,0,false,,,11.74,Core,Core,0.72,0,,0,27650,739,Source One Financial Services,KY,,1,1,KY108,Core
252541,hhisek,13915,120,Auto Approval,Gil Cherry Family RV Center LLC -TX130,,TX,Sweetwater,2026-08-26,2026-09-03,,2019,RV,Used,690,23.23,1.31,gott,,11608,10.74,1510,1510,false,,,12.24,Core,Core,1.1,0,,0,12650,733,Source One Financial Services,TX, brad walker,1,1,TX130,Core
252463,sflynn,26124,180,Auto Approval,Source One Financial -327210,,MN,Burnsville,2026-08-26,2026-08-26,,2026,RV,New,,13.15,3.15,defi admin,,46,10.99,1000,1000,false,,,11.99,Core,Bronze,1.04,0,,0,25000,,Source One Financial Services,MN,,1,1,327210,Core
252607,hhisek,53624.32,204,Booked,Ashley Marine - Salem - AL157,,AL,Salem,2026-08-26,2026-08-27,2026-08-27,2026,Boat,New,722,25.54,4.89,jsmith,1308,1114,9.24,0,0,false,193,1,10.74,Core,Core,1.05,3217.46,6,0,51047,722,Source One Financial Services,AL, tim holloway,1,0,AL157,Core
252544,ccampos,26077.79,180,Auto Approval,Rock Solid Funding LLC - TX536,RSF,TX,BEDFORD,2026-08-26,2026-08-27,,2022,Boat,Used,738,48.82,2.84,S1House,,1633,10.24,0,0,false,,,11.74,Core,Core,0.79,0,,0,33040,740,Source One Financial Services,SC, trevor bescherer,1,1,TX536,Core
252661,thovey,14677.39,120,Decline,Big D Marine and Powersports -TX205,,TX,Huntsville,2026-08-26,,,2010,Boat,Used,,24.97,3.63,gott,,24,12.24,1600,1600,false,,,13.74,Core,Core,1.05,0,,0,14035,681,Source One Financial Services,TX, ronald brown,0,0,TX205,Core
252574,sflynn,23794.7,120,Booked,Ashley Marine LLC - GA147,,GA,Columbus,2026-08-26,2026-08-29,2026-08-29,2027,Boat,New,,21.05,2.32,jsmith,4445,4353,7.49,6000,6000,false,25,67,7.99,Core,Core,1.05,475.89,2,0,22584.99,844,Source One Financial Services,GA, shirley ashley,1,0,GA147,Core
252647,,36499,180,Auto Decline,BISH'S RV OF BOZEMAN - MT103,Bish's RV,MT,BOZEMAN,2026-08-26,,,2024,RV,Used,,34.81,18.94,dzilberchtein,,0,22.99,5000,5000,false,,,23.99,Bronze,Bronze,0,0,,0,0,583,Source One Financial Services,CO,,0,0,MT103,Business First
252591,rsimmons,44811.82,240,Booked,LMC Marine Center -TX273,,TX,Houston,2026-08-26,2026-08-28,2026-09-01,2022,Boat,Used,,23.33,2.33,gott,8662,2634,10.24,2500,2500,false,55,5973,11.74,Core,Core,0.94,2688.71,6,0,47900,731,Source One Financial Services,TX,,1,0,TX273,Core
252475,rsimmons,39584.46,204,Booked,Bills Happy Camper Rv LLC-PA135,Warrior Performance,PA,Mill Hall,2026-08-26,2026-08-28,2026-08-28,2027,RV,New,,46.76,11.74,jharrington1,3250,3208,9.74,0,0,false,40,2,11.24,Core,Core,1.01,2375.07,6,0,39224,730,Source One Financial Services,PA, kyle smith,1,0,PA135,Core
252531,ccampos,29702.16,144,Ready to Book,Alabama Campers Tuscaloosa-AL161,,AL,Tuscaloosa,2026-08-26,2026-08-29,,2026,RV,New,,35.48,5.81,jsmith,,4449,9.99,5000,5000,false,,7118,10.49,Core,Not Applicable,0.94,594.04,2,0,31537,697,Connexus Credit Union,AL, anne huntsinger,1,1,AL161,Not Applicable
252505,ahunt,89772.79,120,Conditional Approval,Rock Solid Funding LLC - TX536,RSF,TX,BEDFORD,2026-08-26,2026-08-26,,2026,RV,New,,15.44,8.78,S1House,,63,8.49,9000,9000,false,,,8.99,Core,Core,1.2,0,,0,75000,830,Source One Financial Services,SD, serena pulliam,1,1,TX536,Core
252651,ahunt,27536.68,204,Verifications Incomplete,Blue Compass RV - South Beumont - TX551,Blue Compass,TX,Vidor,2026-08-26,2026-09-01,,2027,RV,New,,19.2,4.33,gott,,8767,9.74,0,0,false,,0,11.24,Core,Core,1.26,0,,0,21780,726,Source One Financial Services,TX, leah sligar,1,1,TX551,Core
252560,mlomedico,70723.92,120,Decline,OASIS RV - IL256,,IL,MARION,2026-08-26,,,2026,RV,New,696,198.26,2.37,gcoulombe,,26,9.74,0,32000,false,,,11.24,Core,Core,0.7,0,,0,100958,725,Source One Financial Services,IL, larry webb,0,0,IL256,Core
252630,rsimmons,29746,180,Auto Approval,O'CONNELL YACHTS-SC129,,SC,Boiling Springs,2026-08-26,2026-08-27,,2022,Boat,Used,,37.45,3.37,jsmith,,985,10.49,4500,4500,false,,,11.99,Core,Core,0.89,0,,0,33315,718,Source One Financial Services,SC, jodie oconnell,1,1,SC129,Core
252480,,56285.76,244,Auto Decline,BLUE COMPASS RV - CORPUS CHRISTI - TX459,Blue Compass,TX,CORPUS CHRISTI,2026-08-26,,,2026,RV,New,,70.08,17.46,gott,,0,14.99,5800,5800,false,,,15.99,Silver 2,Silver 2,0.97,0,,0,57787.5,629,Source One Financial Services,TX,,0,0,TX459,Silver
252633,ccampos,156599,180,Auto Approval,"Vantage Recreational Finance, Inc. -FL291",VRF,FL,FORT LAUDERDALE,2026-08-26,2026-08-28,,2019,RV,Used,,25.68,4.78,S1House,,2642,10.49,25000,25000,false,,,11.99,Core,Core,0.95,0,,0,164100,750,Source One Financial Services,CA, andrea strawn-ingram,1,1,FL291,Core
252639,Jhill,35856.21,180,Auto Approval,Texas Marine - Clear Lake -TX354,OneWater,TX,SEABROOK,2026-08-26,2026-08-27,,2014,Boat,Used,855,18.51,2.52,gott,,1673,8.99,8000,8000,false,,,10.49,Core,Core,0.82,0,,0,43600,866,Source One Financial Services,TX, seth franco,1,1,TX354,Core
252614,lgrace,19551.72,144,Approved,Roy's RV Adventures LLC - FL327,,FL,Tallahassee,2026-08-26,2026-08-26,,2026,RV,New,836,42.05,4.34,wstoutimore,,13,7.49,0,0,false,,,8.99,Core,Core,1.03,0,,0,18923.15,821,Source One Financial Services,FL, aliya purtee,1,1,FL327,Core
252515,hhisek,43962.77,144,Decline,Premier Yamaha Boating Center/Aransas -TX209,,TX,Aransas,2026-08-26,,,2026,Boat,New,561,39.01,2.14,gott,,2,9.49,12000,12000,false,,,10.99,Core,Core,0.93,0,,0,47282,749,Source One Financial Services,TX, ashton janise,0,0,TX209,Core
252609,sbaker,74622.44,240,Decline,"Vantage Recreational Finance, Inc. -FL291",VRF,FL,FORT LAUDERDALE,2026-08-26,,,2027,RV,New,686,66.69,16.88,S1House,,42,9.99,23000,23000,false,,,11.49,Core,Core,1.11,0,,0,67500,705,Source One Financial Services,TX, robyn lemke,0,0,FL291,Core
252643,,55125.2,240,Auto Decline,Trailer Source Inc - Longmont - CO166,,CO,Longmont,2026-08-26,,,2022,RV,Used,,64.71,7.89,dzilberchtein,,0,22.99,0,1500,false,,,23.99,Bronze,Bronze,1.04,0,,0,52855,556,Source One Financial Services,CO,,0,0,CO166,Business First
252575,avera,14213.54,120,Approved,"Campers Inn RV of South Louisville, Inc. - KY147",Campers Inn,KY,Lebanon Junction,2026-08-26,2026-08-26,,2025,RV,New,,30.95,2.27,jharrington1,,10,7.99,0,9000,false,,,9.49,Core,Core,0.47,0,,0,30142,800,Source One Financial Services,KY, david williams,1,1,KY147,Core
252583,lgrace,41193,180,Decline,"Vantage Recreational Finance, Inc. -FL291",VRF,FL,FORT LAUDERDALE,2026-08-26,,,2014,RV,Used,652,26.76,1.7,S1House,,49,11.74,6000,6000,false,,,13.24,Core,Core,1.07,0,,0,38665,690,Source One Financial Services,WV, brian decastro,0,0,FL291,Core
252517,avera,8505.94,72,Booked,"Campers Inn RV of South Louisville, Inc. - KY147",Campers Inn,KY,Lebanon Junction,2026-08-26,2026-08-29,2026-09-02,2018,RV,Used,,27.42,2.41,jharrington1,10334,4501,9.99,3000,3000,false,5829,4,10.74,Core,Core,0.89,255.18,3,0,9550,773,Source One Financial Services,WV, david williams,1,0,KY147,Core
252627,rsimmons,54230.67,240,Decline,Blue Compass RV - Katy - TX571,Blue Compass,TX,Katy,2026-08-26,,,2025,RV,Used,,73.91,7.49,gott,,6,10.24,2000,7000,false,,,11.74,Core,Core,1.04,0,,0,52360,694,Source One Financial Services,TX, kevin miranda,0,0,TX571,Core
252534,hhisek,22548.68,120,Conditional Approval,Titan Auto & Rv Sales - AR117,,AR,Searcy,2026-08-26,2026-08-27,,2021,RV,Used,,17.14,12.57,jweller,,1688,13.99,7395,7395,false,,,13.99,Silver 1,Not Applicable,1,0,,0,22650,652,Connexus Credit Union,AR, toby wallace,1,1,AR117,Not Applicable
252482,ccampos,17359.7,144,Auto Approval,Best Choice Trailers & RV-PA123,Canopy Financial,PA,Irwin,2026-08-26,2026-08-26,,2022,RV,Used,808,11.55,2.44,jharrington1,,21,7.99,0,0,false,,,9.49,Core,Core,1.08,0,,0,16000,826,Source One Financial Services,PA, mac mclelland,1,1,PA123,Core
252624,sbaker,43889.79,180,Decline,BANKSTON MOTORHOMES INC - AL111,,AL,HUNTSVILLE,2026-08-26,,,2026,RV,Used,,17.55,8.83,jsmith,,988,9.99,5000,5000,false,,,11.49,Core,Core,0.76,0,,0,57800,701,Source One Financial Services,AL, richard archer,0,0,AL111,Core
252524,Jhill,18427.06,144,Auto Approval,"Whittle Boats, Inc -TX114",,TX,Lewisville,2026-08-26,2026-08-26,,2016,Boat,Used,685,48.59,2.18,gott,,228,10.99,4000,4000,false,,,12.49,Core,Core,0.75,0,,0,24560,720,Source One Financial Services,TX, cory whittle,1,1,TX114,Core
252650,thovey,29408.26,180,Decline,Gregg Orr Marine -TX365,,TX,TEXARKANA,2026-08-26,,,2027,Boat,New,682,42.49,3.82,jweller,,19,10.24,3000,3000,false,,,11.74,Core,Core,1.24,0,,0,23684,681,Source One Financial Services,TX, adam henderson,0,0,TX365,Core
252469,sbaker,77306.65,180,Auto Approval,Southaven RV & Marine - MS115,,MS,Southaven,2026-08-26,2026-08-26,,2020,RV,Used,,44.54,10.46,jsmith,,40,9.74,3750,3750,false,,,10.49,Core,Not Applicable,0.8,0,,0,96841,704,Connexus Credit Union,TN, valerie thomas,1,1,MS115,Not Applicable
252602,,52921.7,240,Auto Decline,PKB RVs- WV108,Canopy Financial,WV,Parkersburg,2026-08-26,,,2026,RV,Used,,37.02,16.95,jharrington1,,0,14.99,5300,5300,false,,,15.99,Silver 2,Silver 2,1.06,0,,0,50000,636,Source One Financial Services,WV,,0,0,WV108,Silver
252552,mnava,18150,120,Decline,CENTRAL KY BOAT AND RV SALES - KY108,,KY,RICHMOND,2026-08-26,,,2022,RV,Used,,8.86,7.76,jharrington1,,13,9.24,1500,1500,false,,,10.74,Core,Core,0,0,,0,0,765,Source One Financial Services,KY,,0,0,KY108,Core
252468,ccampos,14795.05,144,Decline,Razorback Camper Sales-AR130,,AR,Hot Springs,2026-08-26,,,2014,RV,Used,,27.46,4.58,jweller,,6,15.49,2000,2000,false,,,16.49,Silver 1,Silver 1,1.33,0,,0,11165,648,Source One Financial Services,AR, doug johnson,0,0,AR130,Silver
252613,ahunt,59849.34,240,Auto Approval,REEDER TRAUSCH MARINES - IN187,,IN,ROCKVILLE,2026-08-26,2026-08-27,,2022,Boat,Used,,25.29,2.9,jharrington1,,965,8.49,6500,6500,false,,,9.99,Core,Core,1.26,0,,0,47655,787,Source One Financial Services,OH, peter woollacott,1,1,IN187,Core
252596,avera,41249.31,156,Conditional Approval,Maxie Price RV - GA161,,GA,Loganville,2026-08-26,2026-08-26,,2024,RV,Used,,20.93,4.73,jsmith,,23,8.74,4344,3287,false,,,10.24,Core,Core,1.15,0,,0,35950,776,Source One Financial Services,GA, matt eaton,1,1,GA161,Core
252473,avera,34798.82,180,Decline,Sunrise Camping Center - NC162,,NC,Hickory,2026-08-26,,,2024,RV,Used,,62.29,9.07,jsmith,,4,9.99,5000,5000,false,,,11.49,Core,Core,0.99,0,,0,35000,703,Source One Financial Services,NC, dwight fowler,0,0,NC162,Core
252521,thovey,47393.9,180,Auto Approval,Parkland RV-MO220,Canopy Financial,MO,Leadington,2026-08-26,2026-08-26,,2027,RV,New,753,42.11,4.63,jweller,,48,7.49,500,6655.8,false,,,8.99,Core,Core,1.19,0,,0,39926,802,Source One Financial Services,MO, mac mclelland,1,1,MO220,Core
252450,avera,80832.01,204,Auto Approval,GREAT AMERICAN RV SUPERSTORE- FL224,,FL,DEFUNIAK SPRINGS,2026-08-26,2026-08-26,,2025,RV,Used,654,31.19,7.28,wstoutimore,,515,9.99,500,13500,false,,,11.49,Core,Core,0.85,0,,0,94650,694,Source One Financial Services,FL, dave gerber,1,1,FL224,Core
252547,lgrace,53386.54,240,Auto Approval,CAMPERS INN OF JACKSONVILLE - FL157,Campers Inn,FL,JACKSONVILLE,2026-08-26,2026-08-26,,2026,RV,New,,23.57,2.06,pcarter,,102,9.49,8264.07,9212.91,false,,,10.99,Core,Core,1.14,0,,0,46754,688,Source One Financial Services,FL, casey beck,1,1,FL157,Core
252471,Jhill,78542.52,240,Decline,General RV - West Chester - PA113,General RV,PA,West Chester,2026-08-26,,,2026,RV,New,687,46.52,5.91,jharrington1,,9,9.74,10000,24800,false,,,11.24,Core,Core,0.8,0,,0,97646,727,Source One Financial Services,PA, dan hixon,0,0,PA113,Core
252573,pmeza,28345,120,Conditional Approval,4Zs RVs -IN163,Easy Care,IN,PERU,2026-08-26,2026-08-26,,2022,RV,Used,,18.63,8.29,jharrington1,,54,11.85,20000,20000,false,,,12.35,Silver 1,Not Applicable,0.51,0,,0,55550,663,Ideal Credit Union,MS, jim lakes,1,1,IN163,Not Applicable
252604,avera,149380.61,216,Decline,General RV - Tampa - FL238,General RV,FL,Dover,2026-08-26,,,2021,RV,Used,583,41.86,3.38,wstoutimore,,7,10.74,188000,211000,false,,,12.24,Core,Core,0.62,0,,0,242200,697,Source One Financial Services,FL, christopher coleman,0,0,FL238,Core
252477,sbaker,43522.79,180,Auto Approval,Rock Solid Funding LLC - TX536,RSF,TX,BEDFORD,2026-08-26,2026-08-26,,2020,RV,Used,,22.26,5.07,S1House,,22,7.99,1000,1000,false,,,9.49,Core,Core,0.77,0,,0,56350,879,Source One Financial Services,TX, ashley rogers,1,1,TX536,Core
252512,mlomedico,36287.36,180,Conditional Approval,RV'S OF AMERICA - COLORADO SPRINGS  - CO150,,CO,COLORADO SPRINGS,2026-08-26,2026-08-26,,2026,RV,New,762,27.74,1.85,dzilberchtein,,11,7.49,5000,12500,false,,,8.99,Core,Core,1.03,0,,0,35200,803,Source One Financial Services,NM, anthony downs,1,1,CO150,Core
252529,mnava,45485.74,240,Booked,Bradford Marine & ATV-Mountain Home - AR146,Bradford Marine,AR,Mountain Home,2026-08-26,2026-08-29,2026-08-29,2026,Boat,New,701,19.98,3.94,jweller,4492,4485,9.24,2000,2000,false,6,1,9.95,Core,Core,1.14,1364.57,3,0,39976,733,Source One Financial Services,AR, danny keesee,1,0,AR146,Core
252495,Jhill,117887.52,240,Auto Approval,Slalom Shop -TX159,OneWater,TX,Lewisville,2026-08-26,2026-08-27,,2020,Boat,Used,,30.23,4.41,gott,,2048,7.99,16400,16400,false,,,9.49,Core,Core,1.06,0,,0,111020,817,Source One Financial Services,TX, monica bedenbaugh,1,1,TX159,Core
252568,ccampos,188254.19,180,Decline,Campers Inn RV of Sewell - NJ105,Campers Inn,NJ,Sewell,2026-08-26,,,2025,RV,Used,747,50.37,13.29,gcoulombe,,9,8.74,40000,40000,false,,,10.24,Core,Core,0.86,0,,0,218650,766,Source One Financial Services,NJ, jacob helms,0,0,NJ105,Core
252590,mnava,57957.44,108,Decline,Blue Compass RV - Oklahoma City - OK158,Blue Compass,OK,Norman,2026-08-26,,,2026,RV,New,,10.65,9.9,jweller,,86,10.24,0,40500,false,,,11.74,Core,Core,0.52,0,,0,111485,753,Source One Financial Services,OK, jacqueline armendariz,0,0,OK158,Core
252578,lgrace,23409.51,180,Booked,LEES COUNTRY RV- IN129,Easy Care,IN,BATESVILLE,2026-08-26,2026-09-02,2026-09-03,2021,RV,Used,,17.75,6.05,jharrington1,11655,10258,9.24,500,3500,false,1396,1,10.74,Core,Core,1.29,1404.57,6,0,18100,765,Source One Financial Services,IN, jim lakes,1,0,IN129,Core
252605,pmeza,57910.03,204,Auto Approval,STAGECOACH RV SALES - IN180,,IN,PERU,2026-08-26,2026-08-27,,2020,RV,Used,728,24.35,3.44,jharrington1,,1423,8.24,2500,2500,false,,,9.74,Core,Core,1.1,0,,0,52600,782,Source One Financial Services,OH, brent saylor,1,1,IN180,Core
252657,mnava,91793.54,216,Auto Approval,Blue Compass RV - Winston-Salem - NC159,Blue Compass,NC,Rural Hall,2026-08-26,2026-09-03,,2026,RV,New,,35.52,5.4,jsmith,,10971,10.24,10000,10000,false,,,11.74,Core,Core,0.86,0,,0,107090,682,Source One Financial Services,VA, ryan wall,1,1,NC159,Core
252623,Jhill,74611.13,240,Auto Approval,American Marine - Chippewa Falls - WI732,,WI,Chippewa Falls,2026-08-26,2026-08-26,,2027,Boat,New,,8.76,3.28,S1House,,69,7.49,50000,50000,false,,,8.99,Core,Core,0.88,0,,0,84421,847,Source One Financial Services,WI, bryan sorensen,1,1,WI732,Core
252539,ccampos,20000,180,Auto Approval,Blue Compass RV - Concord - NC154,Blue Compass,NC,Concord,2026-08-26,2026-08-26,,2022,RV,Used,,24.44,2.57,jsmith,,19,10.74,2000,2000,false,,,12.24,Core,Core,0.8,0,,0,25050,690,Source One Financial Services,NC, aidan ahern,1,1,NC154,Core
252498,ccampos,30367.43,204,Booked,Blue Compass RV - Fort Wayne - IN217,Blue Compass,IN,Columbia City,2026-08-26,2026-08-31,2026-08-31,2021,RV,Used,,32.42,4.69,jharrington1,7948,7630,13.24,10000,10000,false,310,8,14.24,Silver 1,Silver 1,0.89,1214.7,4,0,34300,675,Source One Financial Services,IN, jesse lazzarino,1,0,IN217,Silver
252666,mnava,67152.5,240,Decline,"RV COUNTRY NEVADA, LLC - LAUGHLIN -NV103",RV Country,NV,LAUGHLIN,2026-08-26,,,2021,RV,Used,617,44.54,6.56,ljablonoski,,5,10.24,15000,15000,false,,,11.74,Core,Core,1.04,0,,0,64295,732,Source One Financial Services,CA, stephanie corona,0,0,NV103,Core
252523,rsimmons,41721.4,204,Auto Approval,RGV RV SALES - TX569,,TX,Mission,2026-08-26,2026-08-26,,2027,RV,New,,27.31,6.25,gott,,19,9.99,2000,2000,false,,,11.49,Core,Core,0.99,0,,0,42000,712,Source One Financial Services,TX, aldo camarillo,1,1,TX569,Core
252589,sbaker,38145.64,144,Auto Approval,NXTLVL Marine LLC - TX502,,TX,New Braunfels,2026-08-26,2026-08-26,,2009,Boat,Used,684,41.84,4.55,gott,,53,11.99,11100,11100,false,,,13.49,Core,Core,0.75,0,,0,51080,716,Source One Financial Services,TX, melanie stehling,1,1,TX502,Core
252636,rsimmons,25212.03,180,Verifications Incomplete,Ron Hoover Companies Katy -TX275,Ron Hoover,TX,Katy,2026-08-26,2026-08-31,,2018,RV,Used,,25.07,5.65,gott,,6941,10.99,1300,1300,false,,11,12.49,Core,Core,1.44,1512.72,6,0,17450,720,Source One Financial Services,TX, greg woods,1,1,TX275,Core
252461,rsimmons,8147.41,120,Decline,WHITE SANDS RV LLC - AL122,,AL,SUMMEDALE,2026-08-26,,,2016,RV,Used,,42.08,1.67,jsmith,,21,15.99,800,800,false,,,16.49,Silver 1,Silver 1,0.84,0,,0,9750,647,Source One Financial Services,AL, connor stuckey,0,0,AL122,Silver
252572,ccampos,40839,180,Decline,"Vantage Recreational Finance, Inc. -FL291",VRF,FL,FORT LAUDERDALE,2026-08-26,,,2020,Boat,Used,,44.13,9.67,S1House,,17,15.74,4000,4000,false,,,16.74,Silver 1,Silver 1,0.94,0,,0,43549,640,Source One Financial Services,OK, alicia bryson,0,0,FL291,Silver
252557,pmeza,142474.41,240,Decline,La Mesa RV Center - Mesa - AZ356,La Mesa,AZ,Mesa,2026-08-26,,,2019,RV,Used,,18.11,10.16,edominguez,,229,10.99,30000,30000,false,,,12.49,Core,Core,0.77,0,,0,184170,704,Source One Financial Services,AZ, seamus hennessey,0,0,AZ356,Core
252585,avera,99080.85,240,Decline,BOAT AND MOTOR SUPERSTORES PALM HARBOUR - FL155,,FL,PALM HARBOUR,2026-08-26,,,2025,Boat,New,,12.18,5.77,wstoutimore,,19,12.49,10000,10000,false,,,13.49,Silver 1,Silver 1,0.84,0,,0,117442,677,Source One Financial Services,FL, mike cauthen,0,0,FL155,Silver
252652,thovey,15644.64,120,Conditional Approval,BISHS RV - MERIDIAN - ID110,Bish's RV,ID,MERIDIAN,2026-08-26,2026-08-26,,2018,RV,Used,,33.74,3.46,ljablonoski,,24,8.49,6100,6100,false,,,9.99,Core,Core,1.23,0,,0,12700,860,Source One Financial Services,ID, david mcclanahan,1,1,ID110,Core
252546,rsimmons,24063.82,180,Decline,San Antonio Rvs -TX265,,TX,Seguin,2026-08-26,,,2021,RV,Used,,9.65,4.66,gott,,15,13.24,5000,5000,false,,,14.24,Silver 1,Silver 1,0.95,0,,0,25300,667,Source One Financial Services,TX, cody flores,0,0,TX265,Silver
252488,rsimmons,27050.75,180,Booked,CAMPERS RV CENTER - LA103,,LA,SHREVEPORT,2026-08-26,2026-08-28,2026-08-28,2027,RV,New,778,53.89,1.33,gott,3381,2891,7.49,5000,12000,false,82,408,7.99,Core,Core,0.74,541.01,2,0,36464,824,Source One Financial Services,TX, dustin pinkston,1,0,LA103,Core
252492,lgrace,63709.75,204,Conditional Approval,General RV - Richmond - VA117,General RV,VA,Ashland,2026-08-26,2026-08-26,,2018,RV,Used,761,29.69,2.77,jsmith,,8,8.49,7600,14100,false,,,9.99,Core,Core,1.17,0,,0,54495,862,Source One Financial Services,VA, tim mccorkle,1,1,VA117,Core
252577,rsimmons,53943.86,240,Booked,GIANT RECREATION WORLD PALM BAY - FL175,,FL,Palm Bay,2026-08-26,2026-08-28,2026-08-28,2026,RV,New,,29.99,4.41,pcarter,3007,2952,7.49,7000,9496.43,false,19,36,8.99,Core,Core,1.39,3236.63,6,0,38704,813,Source One Financial Services,NJ, javitz roebuck,1,0,FL175,Core
252638,mnava,17286.7,144,Booked,Campers Inn Louisville -IN138,Campers Inn,IN,Clarksville,2026-08-26,2026-08-27,2026-08-28,2018,RV,Used,,27.59,3.82,jharrington1,2667,1067,10.99,1000,1000,false,1599,1,12.49,Core,Core,1.29,1037.2,6,0,13450,701,Source One Financial Services,KY, mark unger,1,0,IN138,Core
252587,hhisek,52918.6,180,Approved,Fun Town RV - Texarkana - AR120,Fun Town,AR,Texarkana,2026-08-26,2026-08-26,,2023,RV,Used,,27.51,5.39,jweller,,10,10.74,5500,5500,false,,,12.24,Core,Core,0.8,0,,0,66400,683,Source One Financial Services,TX, henry reyna,1,1,AR120,Core
252611,,32983,180,Auto Decline,Midway Auto and RV Cody LLC - WY101,,WY,Cody,2026-08-26,,,2022,RV,Used,,45.06,11.79,dzilberchtein,,0,22.99,500,500,false,,,23.99,Bronze,Bronze,0,0,,0,0,573,Source One Financial Services,WY,,0,0,WY101,Business First
252518,pmeza,125127.33,240,Booked,24/7 Motorcoach Luxury Sales - NV114,,NV,Las Vegas,2026-08-26,2026-09-01,2026-09-01,2027,RV,New,,34.35,6.14,ljablonoski,8772,8533,7.24,60000,170000,false,237,2,6.99,Core,Core,0.48,1251.27,1,0,258587,864,Source One Financial Services,NV, tony clark,1,0,NV114,Core
252581,,24042.43,180,Auto Decline,Network Automotive Inc - AZ311,,AZ,Mesa,2026-08-26,,,2022,RV,Used,,0,0,edominguez,,0,22.99,3000,3000,false,,,23.99,Bronze,Bronze,0.96,0,,,24999,,Source One Financial Services,AZ,,0,0,AZ311,Business First
252479,rsimmons,66307.35,180,Decline,Blue Compass RV - South Beumont - TX551,Blue Compass,TX,Vidor,2026-08-26,,,2026,RV,New,,42.55,6.86,gott,,110,10.24,7090,7090,false,,,11.74,Core,Not Applicable,0.88,0,,0,75406,694,Connexus Credit Union,TX, leah sligar,0,0,TX551,Not Applicable
252668,avera,32540.1,204,Auto Approval,Blue Compass RV - Colorado Springs - CO160,Blue Compass,CO,COLORADO SPRINGS,2026-08-26,2026-08-28,,2016,RV,Used,,33.95,7.32,dzilberchtein,,2704,10.74,10000,10000,false,,,12.24,Core,Core,0.68,0,,0,47750,763,Source One Financial Services,CO, brandan montera,1,1,CO160,Core
252564,hhisek,32520.91,180,Approved,FUN TOWN RV SAN ANTONIO LP - TX465,Fun Town,TX,CIBOLO,2026-08-26,2026-08-28,,2026,RV,New,,24.18,2.42,gott,,2996,10.24,3200,3200,false,,,11.74,Core,Core,1.05,0,,0,31095,681,Source One Financial Services,TX, franz grimes,1,1,TX465,Core
252494,,53994.23,240,Auto Decline,Blue Compass RV - Knoxville - TN159,Blue Compass,TN,Louisville,2026-08-26,,,2026,RV,New,526,50.55,8.85,jsmith,,0,12.49,100,11000,false,,,13.49,Silver 1,Silver 1,1.24,0,,0,43408,678,Source One Financial Services,TN,,0,0,TN159,Silver
252470,,19618.79,180,Auto Decline,A and L RV SALES LLC - TN129,,TN,JACKSON,2026-08-26,,,2026,RV,New,,55.2,3.9,jsmith,,0,13.74,3000,3000,false,,,14.74,Silver 1,Silver 1,0.71,0,,0,27684,641,Source One Financial Services,MS,,0,0,TN129,Silver
252462,sbaker,42777,180,Auto Approval,FREDRICKS OUTDOOR - AL117,,AL,DECATUR,2026-08-26,2026-08-26,,2016,Boat,Used,,27.1,2.54,jsmith,,11,8.49,10000,10000,false,,,9.99,Core,Core,0.82,0,,0,52010,843,Source One Financial Services,AL,,1,1,AL117,Core
252554,lgrace,34500,204,Approved,Uwharrie RV  (740 Motors) - NC125,,NC,Albemarle,2026-08-26,2026-08-26,,2026,RV,New,683,35.42,1.98,jsmith,,21,9.99,5000,5000,false,,,11.49,Core,Core,0.88,0,,0,39388,682,Source One Financial Services,NC, brian bailey,1,1,NC125,Core
252548,,32466.09,180,Auto Decline,Fun Town RV Amarillo - TX508,Fun Town,TX,Amarillo,2026-08-26,,,2026,RV,New,,56.94,13.16,gott,,0,22.99,3500,3500,false,,,23.99,Bronze,Bronze,1.01,0,,0,32238,601,Source One Financial Services,NM,,0,0,TX508,Business First
252496,ccampos,64229.2,240,Auto Approval,RV'S OF AMERICA - COLORADO SPRINGS  - CO150,,CO,COLORADO SPRINGS,2026-08-26,2026-08-26,,2027,RV,New,725,43.15,3.98,dzilberchtein,,74,8.99,5000,5000,false,,,10.49,Core,Core,1.19,0,,0,53787,750,Source One Financial Services,CO, anthony downs,1,1,CO150,Core
252642,thovey,57354.94,204,Auto Approval,RGV RV SALES - TX569,,TX,Mission,2026-08-26,2026-08-26,,2027,RV,New,,37.86,6.44,gott,,76,9.99,10000,10000,false,,,11.49,Core,Core,0.97,0,,0,58975,688,Source One Financial Services,TX, aldo camarillo,1,1,TX569,Core
252601,rsimmons,233998.65,240,Decline,Holiday World of Houston -TX195,,TX,Katy,2026-08-26,,,2026,RV,New,,34.38,8.22,gott,,1079,9.74,30000,30000,false,,,11.24,Core,Core,1,0,,0,234985,723,Source One Financial Services,TX, larry pickens,0,0,TX195,Core
252569,lgrace,42568.15,180,Auto Approval,ROYS RV SUPERCENTER LLC - WV101,,WV,ELKINS,2026-08-26,2026-08-26,,2027,RV,New,837,19.36,3.97,jharrington1,,38,7.49,1300,-9205.81,false,,,8.99,Core,Core,1.3,0,,0,32794,824,Source One Financial Services,PA, aaron harlan,1,1,WV101,Core
252644,thovey,61134.94,240,Auto Approval,RGV RV SALES - TX569,,TX,Mission,2026-08-26,2026-08-26,,2027,RV,New,688,38.27,3.19,gott,,97,9.24,6220,6220,false,,,10.74,Core,Core,1.04,0,,0,58975,723,Source One Financial Services,TX, aldo camarillo,1,1,TX569,Core
252456,sbaker,35050.49,240,Decline,BLUE COMPASS RV - SOUTH HOUSTON  - TX421,Blue Compass,TX,Alvin,2026-08-26,,,2026,RV,New,,46.54,3.55,gott,,1443,9.99,3600,3600,false,,,11.49,Core,Core,0.93,0,,0,37650,683,Source One Financial Services,TX, frank carranza,0,0,TX421,Core
252571,mlomedico,74294.07,240,Conditional Approval,Walnut Ridge Family RV Sales -IN101,,IN,New Castle,2026-08-26,2026-08-26,,2027,RV,New,748,8.37,7.32,jharrington1,,10,7.24,27100,27099.99,false,,,8.74,Core,Core,1.3,0,,0,57207,810,Source One Financial Services,IN, jesse trennepohl,1,1,IN101,Core
252645,ccampos,44640.68,180,Auto Decline,M20 MARINE OUTFITTERS - SCA107,,CA,SAN DIEGO,2026-08-26,,,2020,Boat,Used,,46.88,6.13,jrubi,,9701,14.49,2000,2000,false,,,15.49,Silver 1,Silver 1,1.59,0,,0,28000,641,Source One Financial Services,CA, carter allen,0,0,SCA107,Silver
252506,thovey,25282,144,Auto Approval,I-70 RV CENTER - MO200,,MO,WILLIAMSBURG,2026-08-26,2026-08-27,,2026,RV,New,,21.65,4.87,jweller,,1371,12.99,4200,4200,false,,,12.99,Silver 1,Not Applicable,0.91,0,,0,27735,659,Connexus Credit Union,MO, gina meyer,1,1,MO200,Not Applicable
252519,hhisek,39239.88,180,Approved,PERFORMANCE EAST - NC113,,NC,GOLDSBORO,2026-08-26,2026-08-26,,2027,Boat,New,,29.82,9.2,jsmith,,11,9.74,4360,4360,false,,,11.24,Core,Core,1.23,0,,0,31887.23,738,Source One Financial Services,NC, brandon winstead,1,1,NC113,Core
252510,mlomedico,55850.96,240,Auto Approval,Premier Watersports - Gallatin - ETN132,EPIC,TN,Gallatin,2026-08-26,2026-08-26,,2019,Boat,Used,663,30.04,5.75,S1House,,52,10.74,47000,47000,false,,,12.24,Core,Core,0.58,0,,0,96547,726,Source One Financial Services,TN, brett light,1,1,ETN132,Core
252476,avera,25094.44,144,Auto Approval,Fretz RV -PA126,,PA,Souderton,2026-08-26,2026-08-26,,2024,RV,Used,,13.83,2.83,jharrington1,,153,7.24,2500,2500,false,,,8.74,Core,Core,1.13,0,,0,22150,807,Source One Financial Services,PA, tony eidle,1,1,PA126,Core
252618,rsimmons,13614.6,120,Auto Approval,"OUTBACK RV OF TEXAS, CO. - TX410",,TX,DENTON,2026-08-26,2026-08-27,,2026,RV,New,,36.12,1.73,gott,,1101,7.49,5000,5000,false,,,8.99,Core,Core,0.83,0,,0,16500,829,Source One Financial Services,TX, tiffanie dodson,1,1,TX410,Core
252499,rsimmons,48330.66,240,Auto Approval,Campers Unlimited - Gadsden-AL152,,AL,Gadsden,2026-08-26,2026-08-26,,2023,RV,Used,822,29.97,3.73,jsmith,,13,9.99,3000,5400,false,,,11.49,Core,Core,0.94,0,,0,51400,759,Source One Financial Services,AL, david tyler,1,1,AL152,Core
252537,sbaker,84260.96,204,Conditional Approval,Ron Hoover Companies Katy -TX275,Ron Hoover,TX,Katy,2026-08-26,2026-08-26,,2026,Boat,New,698,33.65,3.84,gott,,19,9.74,0,0,false,,,9.74,Core,Core,1.19,0,,0,70958.84,738,Source One Financial Services,TX, greg woods,1,1,TX275,Core
252452,avera,24763,144,Decline,General RV - Richmond - VA117,General RV,VA,Ashland,2026-08-26,,,2020,RV,Used,,24.96,8.85,jsmith,,9,10.49,1500,1500,false,,,11.99,Core,Core,0.89,0,,0,27720,719,Source One Financial Services,DC, joey gormus,0,0,VA117,Core
252467,avera,37377,204,Booked,Rocky Ridge RV - Muskogee - OK148,Rocky Ridge,OK,Muskogee,2026-08-26,2026-08-31,2026-08-31,2026,RV,New,,26.96,7.06,jweller,7538,7447,9.99,0,0,false,90,1,11.74,Core,Core,1.14,2616.39,7,0,32762,712,Source One Financial Services,TX, jt thomas,1,0,OK148,Core
252576,mlomedico,25471,180,Pending,Midway Auto & RV - Billings - MT107,,MT,Billings,2026-08-26,2026-08-26,,2024,RV,Used,,18.72,4.44,dzilberchtein,,24,7.49,7000,7000,false,,,8.99,Core,Core,0.73,0,,0,34700,825,Source One Financial Services,MT,,0,0,MT107,Core
252503,sbaker,27655.6,180,Auto Approval,"Southeastern Marine, Inc- EVA112",EPIC,VA,Henrico,2026-08-26,2026-08-26,,2026,Boat,New,,15.27,1.73,S1House,,13,7.49,3000,3000,false,,,8.99,Core,Core,1.18,0,,0,23403.5,821,Source One Financial Services,VA, david bounphasaysonh,1,1,EVA112,Core
252465,avera,20360,180,Decline,B&D RV Center - UT124,Easy Care,UT,Vernal,2026-08-26,,,2022,RV,Used,675,60.05,2.63,ljablonoski,,7,14.49,0,0,false,,,15.49,Silver 1,Silver 1,1.04,0,,0,19525,657,Source One Financial Services,UT, jim lakes,0,0,UT124,Silver
252629,mnava,16087.14,144,Auto Approval,Campers Inn Louisville -IN138,Campers Inn,IN,Clarksville,2026-08-26,2026-08-26,,2018,RV,Used,,35.56,3.57,jharrington1,,21,10.99,2200,2200,false,,,12.49,Core,Core,1.2,0,,0,13450,701,Source One Financial Services,KY, mark unger,1,1,IN138,Core
252659,,16269.08,144,Auto Decline,Freedom RV-AZ252,,AZ,Tucson,2026-08-26,,,2026,RV,New,,24.76,7.4,edominguez,,0,22.99,5000,5000,false,,,23.99,Bronze,Bronze,0.92,0,,0,17765.6,614,Source One Financial Services,AZ,,0,0,AZ252,Business First
252640,sbaker,14765.81,144,Booked,SCENIC VIEW RV - VA109,,VA,WEST POINT,2026-08-26,2026-08-27,2026-08-27,2022,RV,Used,,31.37,2.39,jsmith,1439,1329,7.99,3000,3000,false,108,2,9.49,Core,Core,1.2,885.95,6,0,12300,813,Source One Financial Services,VA, nick bollhorst,1,0,VA109,Core
252563,mlomedico,234119.26,240,Auto Decline,Lifestyle Wake LLC - OR147,Easy Care,OR,Bend,2026-08-26,,,2026,Boat,New,822,168.21,28.65,ljablonoski,,270,9.49,26000,26000,true,,,11.49,Business First,Business First,1.14,0,,0,205152,,Source One Financial Services,OR, jim lakes,0,0,OR147,Business First
252566,pmeza,35474,180,Decline,FUN TOWN RV OK LLC - OK121,Fun Town,OK,OKLAHOMA CITY,2026-08-26,,,2026,RV,New,,12.73,8.97,jweller,,14,13.74,3700,3700,false,,,14.74,Silver 1,Silver 1,0.59,0,,0,59835,653,Source One Financial Services,OK, calvin mullins,0,0,OK121,Silver
252665,mnava,115261.5,240,Decline,BISHS RV - URBANA - IA215,Bish's RV,IA,URBANA,2026-08-26,,,2026,RV,New,,37.98,11.75,gcoulombe,,1039,13.74,500,14000,false,,,14.74,Silver 1,Not Applicable,1.22,0,,0,94630,654,Connexus Credit Union,IA, chad knight,0,0,IA215,Not Applicable
252543,lgrace,130900,180,Decline,HAPPY CAMPERS RV SALES and SERVICE - IN182,,IN,LAFAYETTE,2026-08-26,,,2011,RV,Used,,36.14,19.63,jharrington1,,4,14.24,25000,25000,false,,,15.24,Silver 1,Silver 1,0.87,0,,0,150340,679,Source One Financial Services,PA, ashley herrera,0,0,IN182,Silver
252484,hhisek,51984.11,204,Booked,Fun Town RV- Waco-TX212,Fun Town,TX,Hewitt,2026-08-26,2026-08-28,2026-08-28,2026,RV,New,,32.63,7.22,gott,3407,3369,7.49,1000,1000,false,22,16,8.99,Core,Core,1.33,3119.05,6,0,39052,805,Source One Financial Services,TX, eric cuffee,1,0,TX212,Core
252504,lgrace,20563.58,144,Booked,"Southeastern Marine, Inc- EVA112",EPIC,VA,Henrico,2026-08-26,2026-08-28,2026-09-02,2026,Boat,New,,36.24,7.11,S1House,10026,2815,8.24,10000,10000,false,7210,1,9.24,Core,Not Applicable,0.85,822.54,4,0,24096.5,716,Connexus Credit Union,VA, jp lixie,1,0,EVA112,Not Applicable
252532,,109928,216,Auto Decline,RV SUPERCENTER - SCA145,,CA,MENIFEE,2026-08-26,,,2016,RV,Used,,51.55,9.48,jrubi,,0,14.99,6000,9400,false,,,15.99,Silver 1,Silver 1,0.79,0,,0,139645,659,Source One Financial Services,CA,,0,0,SCA145,Silver
252610,avera,36403.62,144,Conditional Approval,Optimum RV Zephyr Hills - FL164,Optimum RV,FL,Zephyr Hills,2026-08-26,2026-08-26,,2018,RV,Used,664,18.18,6.55,wstoutimore,,122,11.99,5050,5050,false,,,12.49,Core,Not Applicable,1,0,,0,36450,692,Connexus Credit Union,FL, todd glenn,1,1,FL164,Not Applicable
252594,avera,61405,240,Auto Approval,Intercoastal Financial Group LLC - 17401746,IFG,FL,Vero Beach,2026-08-26,2026-08-26,,2017,Boat,Used,,25,3.82,S1House,,15,8.49,6000,6000,false,,,9.74,Core,Core,0.99,0,,0,61880,832,Source One Financial Services,WA, beulah coleman,1,1,17401746,Core
252625,,8815.44,84,Auto Decline,Uwharrie RV  (740 Motors) - NC125,,NC,Albemarle,2026-08-26,,,2019,RV,Used,,3.99,3.99,jsmith,,0,22.99,7000,7000,false,,,23.99,Bronze,Bronze,0.93,0,,0,9500,,Source One Financial Services,NC,,0,0,NC125,Business First
252528,,68002.5,240,Auto Decline,SR1 Companies-Turner-ME108,,ME,Turner,2026-08-26,,,2024,RV,Used,,49.58,8.52,gcoulombe,,0,13.74,500,500,false,,,14.74,Silver 1,Silver 1,0.8,0,,0,85350,641,Source One Financial Services,ME,,0,0,ME108,Silver
252526,,17402.03,144,Auto Decline,GIANT RECREATION WORLD WINTER GARDEN - FL172,,FL,WINTER GARDEN,2026-08-26,,,2018,RV,Used,,11.22,11.22,pcarter,,0,22.99,5000,5000,false,,,23.99,Bronze,Bronze,0.82,0,,0,21145,,Source One Financial Services,FL,,0,0,FL172,Business First
252533,,49951.69,180,Auto Decline,PERFORMANCE EAST - NC113,,NC,GOLDSBORO,2026-08-26,,,2026,Boat,New,,63.84,6.67,jsmith,,0,13.74,2500,2500,false,,,14.74,Silver 1,Silver 1,1.23,0,,0,40552,647,Source One Financial Services,NC,,0,0,NC113,Silver
252530,hhisek,76676.95,240,Booked,BLUE COMPASS RV - DENTON - TX148,Blue Compass,TX,Denton,2026-08-26,2026-08-31,2026-08-31,2026,RV,New,,37.61,9.89,gott,7505,7480,9.49,3500,3500,false,24,1,10.99,Core,Core,1.2,4600.62,6,0,63826,714,Source One Financial Services,TX, chad pickens,1,0,TX148,Core
252658,ahunt,38372.32,180,Booked,Gregg Orr Marine -TX365,,TX,TEXARKANA,2026-08-26,2026-08-28,2026-08-28,2027,Boat,New,,38.98,4.44,jweller,2585,2452,9.74,3600,3600,false,132,1,11.24,Core,Core,1.25,2302.34,6,0,30742.12,740,Source One Financial Services,TX, adam henderson,1,0,TX365,Core
252617,avera,34998.92,180,Decline,Hufnagel and Majors Inc - PA109,,PA,Harmony,2026-08-26,,,2026,RV,New,,13.7,5.15,jharrington1,,5,9.74,2000,2000,false,,,11.24,Core,Core,0.97,0,,0,36202,722,Source One Financial Services,PA, brian hooker,0,0,PA109,Core
252556,ccampos,21561.28,144,Booked,GREAT AMERICAN RV SUPERSTORE- FL224,,FL,DEFUNIAK SPRINGS,2026-08-26,2026-08-26,2026-08-31,2022,RV,Used,,17.35,7.76,wstoutimore,6910,318,9.74,4000,4000,false,5439,1153,10.49,Core,Not Applicable,0.74,646.84,3,0,29100,708,Connexus Credit Union,FL, debbie fischer,1,0,FL224,Not Applicable
252662,mnava,31252.73,204,Contract Received,UNLIMITED RV - MO192,,MO,INDEPENDENCE,2026-08-26,2026-08-31,,2027,RV,New,,34.2,4.5,jweller,,7175,9.99,15000,15000,false,,6,11.49,Core,Core,0.68,0,,0,45626,685,Source One Financial Services,MO, nate donaldson,1,1,MO192,Core
252606,thovey,68923.41,240,Decline,Paradise Marine Center - AL148,,AL,Gulf Shores,2026-08-26,,,2022,Boat,Used,,61.95,9.78,jsmith,,4126,10.74,0,0,false,,,12.24,Core,Core,1.24,0,,0,55525,688,Source One Financial Services,AL, jon lizana,0,0,AL148,Core
252641,mnava,31190.16,204,Auto Approval,ROTH RV - BEMIDJI - MN168,,MN,BEMIDJI,2026-08-26,2026-08-26,,2026,RV,New,734,44.79,1.99,S1House,,164,9.74,15000,15000,false,,,11.24,Core,Core,0.73,0,,0,43000,738,Source One Financial Services,UT, tracy perpich,1,1,MN168,Core
252464,lgrace,13646.13,168,Conditional Approval,Bish's RV of Birmingham - AL172,Bish's RV,AL,calera,2026-08-26,2026-08-26,,2020,RV,Used,,27.21,1.64,jsmith,,10,10.24,1000,1000,false,,,11.74,Core,Core,0.94,0,,0,14450,736,Source One Financial Services,AL, chad knight,1,1,AL172,Core
252551,ccampos,48600.92,144,Decline,Chesaco RV - Hamburg - PA142,,PA,Hamburg,2026-08-26,,,2021,RV,Used,568,38.62,4.61,jharrington1,,11,10.24,7000,22000,false,,,11.74,Core,Core,0.72,0,,0,67585,727,Source One Financial Services,NJ, dave conard,0,0,PA142,Core
252511,sbaker,58355.1,204,Auto Approval,NewCoast - Boatzon - FL356,Marine Max,FL,Oldsmar,2026-08-26,2026-08-28,,2012,Boat,Used,,36.61,2.76,S1House,,3031,11.49,6000,6000,false,,,12.99,Core,Core,0.95,0,,0,61695,688,Source One Financial Services,FL, ian woodward,1,1,FL356,Core
252597,lgrace,187199,240,Decline,"Vantage Recreational Finance, Inc. -FL291",VRF,FL,FORT LAUDERDALE,2026-08-26,,,2011,RV,Used,,4.07,2.01,S1House,,14,14.24,25000,25000,false,,,15.24,Silver 1,Silver 1,1.08,0,,0,173580,668,Source One Financial Services,NV, alicia bryson,0,0,FL291,Silver
252483,Jhill,28426.2,180,Decline,GREAT AMERICAN RV SUPERSTORE-HATTIESBURG - MS113,,MS,HATTIESBURG,2026-08-26,,,2025,RV,Used,667,8.83,3.22,jsmith,,230,12.49,6000,6000,false,,,13.49,Silver 1,Not Applicable,1.11,0,,0,25700,674,Ideal Credit Union,MS, ryan campbell,0,0,MS113,Not Applicable
252565,mnava,42957,180,Decline,Klines Auto World Inc -MI223,,MI,Warren,2026-08-26,,,2017,RV,Used,655,15.31,4.4,dzilberchtein,,70,10.99,2200,2200,false,,,12.49,Core,Not Applicable,0.97,0,,0,44200,707,Ideal Credit Union,MI,,0,0,MI223,Not Applicable
252648,ccampos,10168.4,120,Auto Approval,Blue Compass RV - Tyler - TX552,Blue Compass,TX,Tyler,2026-08-26,2026-08-26,,2016,RV,Used,,26.35,1.71,gott,,56,14.99,2100,2100,false,,,15.99,Silver 1,Silver 1,1.11,0,,0,9150,659,Source One Financial Services,TX, brian vaseleck,1,1,TX552,Silver
252628,,74083.9,240,Auto Decline,White Pine Marine sales and Service - ETN127,EPIC,TN,White Pine,2026-08-26,,,2026,Boat,New,,18.43,2.49,S1House,,0,22.99,0,22000,false,,,23.99,Bronze,Bronze,0.89,0,,0,83360.6,556,Source One Financial Services,NC,,0,0,ETN127,Business First
252562,thovey,46457.39,180,Pending,Nelson RV -AZ233,,AZ,Tucson,2026-08-26,,,2021,RV,Used,608,58.57,9.33,edominguez,,22,10.49,8000,8000,false,,,11.99,Core,Core,0.93,0,,0,50000,716,Source One Financial Services,AZ,,0,0,AZ233,Core
252592,mnava,18486.77,144,Booked,SPARTAN RV LLC - AZ305,,AZ,GILBERT,2026-08-26,2026-08-27,2026-08-31,2024,RV,Used,,47.05,3.17,edominguez,7329,1514,8.74,10000,10000,false,5778,37,9.99,Core,Core,0.58,924.34,5,0,31750,774,Source One Financial Services,AZ,,1,0,AZ305,Core
252493,mlomedico,60964.63,180,Auto Approval,"Ron Hoover Companies of Corpus Christi, Inc -TX278",Ron Hoover,TX,Corpus Christi,2026-08-26,2026-08-26,,2027,Boat,New,,26.58,6.2,gott,,40,12.49,6000,6000,false,,,13.49,Silver 1,Silver 1,0.99,0,,0,61281.33,664,Source One Financial Services,TX, david carrillo,1,1,TX278,Silver
252558,mnava,93877.5,240,Decline,Capital RV - Minot - ND118,Campers Inn,ND,Minot,2026-08-26,,,2027,RV,New,,49.63,10.05,dzilberchtein,,90,9.99,45000,48200,false,,,11.49,Core,Core,0.87,0,,0,107737.1,702,Source One Financial Services,ND, michelle barber,0,0,ND118,Core
252508,,31688.72,240,Auto Decline,Holiday World of Houston -TX195,,TX,Katy,2026-08-26,,,2026,RV,New,,26.54,3.79,gott,,0,22.99,3500,3500,false,,,23.99,Bronze,Bronze,0.7,0,,0,45583,605,Source One Financial Services,TX,,0,0,TX195,Business First
252584,,94644.92,240,Auto Decline,Dry Dock Boat Sales - NV100,,NV,Las Vegas,2026-08-26,,,2024,Boat,Used,664,13.32,1.81,ljablonoski,,0,14.99,25000,25000,false,,,15.99,Silver 2,Silver 2,0.84,0,,0,112715,637,Source One Financial Services,NV,,0,0,NV100,Silver
252561,Jhill,94382.8,240,Auto Approval,La Mesa RV Center - Albuquerque - NM109,La Mesa,NM,Albuquerque,2026-08-26,2026-08-26,,2024,RV,Used,821,11.87,6.24,edominguez,,144,7.49,9800,9800,false,,,8.99,Core,Core,0.73,0,,0,128750,843,Source One Financial Services,NM, leon garcia,1,1,NM109,Core
252453,rsimmons,29266.06,204,Auto Approval,BLUE COMPASS RV - SOUTH HOUSTON  - TX421,Blue Compass,TX,Alvin,2026-08-26,2026-08-26,,2026,RV,New,,42.82,3.1,gott,,376,10.24,3000,3000,false,,,11.74,Core,Core,0.86,0,,0,33865,699,Source One Financial Services,TX, frank carranza,1,1,TX421,Core
252619,mnava,84108.16,240,Auto Approval,Dicks RV - WI120,Markquart,WI,Arkansaw,2026-08-26,2026-08-26,,2026,RV,New,854,33.08,5.35,S1House,,20,7.24,500,10500,false,,,8.74,Core,Core,1.06,0,,0,79226,863,Source One Financial Services,WI, casey stanton,1,1,WI120,Core
252637,pmeza,51137.79,180,Auto Approval,Minneapolis Trailer Sales - MN824,,MN,Rogers,2026-08-26,2026-08-27,,2018,RV,Used,,41.16,6.02,S1House,,1386,11.74,5500,5500,false,,,12.49,Core,Core,1.05,0,,0,48550,726,Source One Financial Services,MN, ricky carlson,1,1,MN824,Core
252509,avera,40055.6,216,Auto Approval,White Horse RV Center-NJ107,,NJ,Williamstown,2026-08-26,2026-08-26,,2025,RV,New,743,26.56,2.32,gcoulombe,,203,7.49,12000,22000,false,,,8.99,Core,Core,0.62,0,,0,64168.82,864,Source One Financial Services,NJ, maria ostapovich,1,1,NJ107,Core
252579,thovey,13650.5,120,Booked,Network Automotive Inc - AZ311,,AZ,Mesa,2026-08-26,2026-08-30,2026-08-31,2025,RV,Used,,36.6,5.12,edominguez,7372,5818,10.24,1700,1700,false,336,1218,11.74,Core,Core,1.11,819.03,6,0,12300,722,Source One Financial Services,AZ,,1,0,AZ311,Core
252559,sbaker,35323.08,204,Decline,Blue Compass - Fort Myers - FL300,Blue Compass,FL,Fort Myers,2026-08-26,,,2026,RV,New,,49.41,7.43,wstoutimore,,13,10.24,3500,3500,false,,,11.74,Core,Core,0.87,0,,0,40757,688,Source One Financial Services,FL, anthony gagliardi,0,0,FL300,Core
252485,thovey,44750.14,204,Booked,Ron Hoover Companies of Tulsa - OK157,Ron Hoover,OK,Claremore,2026-08-26,2026-08-28,2026-08-28,2025,RV,New,,23.78,3.98,jweller,3221,3212,9.24,4000,4000,false,7,2,10.49,Core,Core,1.05,2237.51,5,0,42541,705,Source One Financial Services,OK, rick perez,1,0,OK157,Core
252608,pmeza,71698.1,204,Contract Received,Ashley Marine - Salem - AL157,,AL,Salem,2026-08-26,2026-08-31,,2026,Boat,New,737,13.74,1.87,jsmith,,7314,7.24,0,0,false,,48,8.74,Core,Core,1.2,0,,0,59811,832,Source One Financial Services,LA, tim holloway,1,1,AL157,Core
252497,hhisek,45671.34,180,Decline,Fun Town RV-Giddings -TX314,Fun Town,TX,Giddings,2026-08-26,,,2026,RV,New,674,19.32,7.47,gott,,4,9.99,4800,4800,false,,,11.49,Core,Core,0.94,0,,0,48521,716,Source One Financial Services,TX, thomas jordan,0,0,TX314,Core
252502,hhisek,53482.03,144,Decline,Blue Compass RV - Katy - TX571,Blue Compass,TX,Katy,2026-08-26,2026-08-27,,2021,RV,Used,,34.58,19.32,gott,,1422,12.24,0,10000,false,,,12.24,Silver 1,Not Applicable,0.74,0,,0,72000,670,Connexus Credit Union,TX, kevin miranda,0,0,TX571,Not Applicable
252487,ccampos,14983.21,144,Auto Approval,Williamson RV LLC-IN209,,IN,Seymour,2026-08-26,2026-08-26,,2026,RV,New,781,28.05,1.16,jharrington1,,24,7.49,0,0,false,,,8.99,Core,Core,1.01,0,,0,14790,859,Source One Financial Services,IN, jerry hale,1,1,IN209,Core
252599,rsimmons,36740.7,180,Auto Approval,Century Auto/RV -TX344,,TX,AMARILLO,2026-08-26,2026-08-26,,2025,RV,New,749,34.16,2.1,gott,,23,9.49,0,0,false,,,10.99,Core,Core,1.29,0,,0,28520,826,Source One Financial Services,TX,,1,1,TX344,Core
252455,avera,25290.29,180,Decline,FUN TOWN RV - JACKSON - MI455,Fun Town,MI,Jackson,2026-08-26,,,2021,RV,Used,566,52.04,4.5,dzilberchtein,,6,9.99,3000,3000,false,,,11.49,Core,Core,1.33,0,,0,19015,745,Source One Financial Services,MI, dan shew,0,0,MI455,Core
252660,thovey,63462.16,240,Decline,RV COUNTRY HOLDING CO - NV102,RV Country,NV,SPARKS,2026-08-26,,,2021,RV,Used,809,38.08,7.24,ljablonoski,,33,10.24,6000,6000,false,,,11.74,Core,Core,1.02,0,,0,61930,739,Source One Financial Services,NV, mike ransohoff,0,0,NV102,Core
252520,ccampos,41867.95,180,Auto Approval,Atlantic Pro - FL333,,FL,Palmetto,2026-08-26,2026-08-28,,2016,Boat,Used,657,23.23,8.82,wstoutimore,,2959,13.74,50000,50000,false,,,14.74,Silver 1,Silver 1,0.44,0,,0,94610,668,Source One Financial Services,FL, yelena mikhelson,1,1,FL333,Silver
252472,ccampos,9965,72,Auto Approval,4Zs RVs -IN163,Easy Care,IN,PERU,2026-08-26,2026-08-26,,2016,RV,Used,,6.61,5.03,jharrington1,,126,15.24,4000,4000,false,,,15.74,Silver 1,Silver 1,0.74,0,,0,13450,676,Source One Financial Services,IN, jim lakes,1,1,IN163,Silver
252507,lgrace,82459,204,Booked,KY Boats LLC - KY149,,KY,Richmond,2026-08-26,2026-08-29,2026-08-31,2022,Boat,Used,,26.58,4.08,jharrington1,7930,4578,8.74,4000,4000,false,3352,0,9.49,Core,Core,1,2473.77,3,0,82627,762,Source One Financial Services,KY, christan wilson,1,0,KY149,Core
252555,,22321,144,Auto Decline,GARLANDS RV OF TENNESSEE - TN122,,TN,SPRINGVILLE,2026-08-26,,,2021,RV,Used,649,34.34,3.46,jsmith,,0,15.74,2100,2100,false,,,16.74,Silver 2,Silver 2,1.31,0,,0,16985,639,Source One Financial Services,AR,,0,0,TN122,Silver
252478,hhisek,31365.3,180,Decline,Fun Town RV Ottawa LLC - KS125,Fun Town,KS,Ottawa,2026-08-26,,,2026,RV,New,578,18.53,2.51,jweller,,14,8.74,1000,1000,false,,,10.24,Core,Core,0.91,0,,0,34403,775,Source One Financial Services,KS, justin hernandez,0,0,KS125,Core
252586,,55437.32,180,Auto Decline,Fun Town RV Amarillo - TX508,Fun Town,TX,Amarillo,2026-08-26,,,2026,RV,New,580,7.57,1.76,gott,,0,16.99,7500,7500,false,,,17.99,Silver 2,Silver 2,0.74,0,,0,74774,620,Source One Financial Services,TX,,0,0,TX508,Silver
252451,lgrace,41265.53,204,Approved,JEFF COUCHS CAMPERS -OH107,Jeff Couchs,OH,Trenton,2026-08-26,2026-08-26,,2027,RV,New,,32.19,3.61,jharrington1,,9,8.99,5606.97,5606.97,false,,,10.49,Core,Core,0.93,0,,0,44245,750,Source One Financial Services,FL, derek hensley,1,1,OH107,Core
252582,thovey,100000,240,Conditional Approval,M20 MARINE OUTFITTERS - SCA107,,CA,SAN DIEGO,2026-08-26,2026-08-26,,2026,Boat,New,,24.72,7.14,jrubi,,32,9.99,128576.13,128576.13,false,,,11.49,Core,Core,0.66,0,,0,152308.65,695,Source One Financial Services,CA, carter allen,1,1,SCA107,Core
252621,thovey,67152.5,240,Decline,"RV COUNTRY NEVADA, LLC - LAUGHLIN -NV103",RV Country,NV,LAUGHLIN,2026-08-26,,,2021,RV,Used,,73.28,14.24,ljablonoski,,10,10.24,15000,15000,false,,,11.74,Core,Core,1.04,0,,0,64295,732,Source One Financial Services,CA, stephanie corona,0,0,NV103,Core
252500,lgrace,56336.19,240,Booked,Keith's Boat Service LLC - EVA116,EPIC,VA,Colonial Heights,2026-08-26,2026-09-02,2026-09-02,2027,Boat,New,753,29.38,3.29,S1House,10350,10168,7.49,0,0,false,181,1,8.99,Core,Core,1.14,3380.17,6,0,49207,818,Source One Financial Services,NC, jp lixie,1,0,EVA116,Core
252654,mnava,19850.11,144,Booked,GIBBS OUTDOOR and RECREATION - TX454,,TX,WACO,2026-08-26,2026-08-27,2026-08-27,2012,RV,Used,,29.72,4.07,gott,1276,938,14.24,3000,3000,false,318,20,15.24,Silver 1,Silver 1,0.95,794,4,0,21000,677,Source One Financial Services,TX, colby longenbaugh,1,0,TX454,Silver
252567,avera,39834.65,180,Auto Approval,Intercoastal Financial Group LLC - 17401746,IFG,FL,Vero Beach,2026-08-26,2026-08-26,,2018,Boat,Used,,36.25,2.82,S1House,,19,10.74,4000,4000,false,,,11.99,Core,Core,0.89,0,,0,45000,734,Source One Financial Services,FL, zach edwards,1,1,17401746,Core
252655,mnava,50883.35,180,Pending,Capital RV - Minot - ND118,Campers Inn,ND,Minot,2026-08-26,2026-08-26,,2020,RV,Used,,38.71,9.27,dzilberchtein,,38,9.99,5300,5300,false,,,11.49,Core,Core,0.94,0,,0,53900,745,Source One Financial Services,WI, michelle barber,0,0,ND118,Core
252663,jrubi,26648.95,180,Approved,BISH'S RV OF CHEYENNE - WY100,Bish's RV,WY,CHEYENNE,2026-08-26,2026-08-26,,2017,RV,Used,,2.89,2.89,dzilberchtein,,36,10.49,1000,1000,false,,,11.99,Core,Core,1.07,0,,0,24950,745,Source One Financial Services,WY, david mcclanahan,1,1,WY100,Core
252612,mnava,66857,180,Ready to Book,Gull Boats & RV - Missoula - MT118,Bretz RV,MT,Missoula,2026-08-26,2026-08-27,,2026,RV,New,,27.42,11.17,dzilberchtein,,1523,7.74,6651,6651,false,,6,8.74,Core,Not Applicable,1.04,2674.28,4,0,64062,748,Connexus Credit Union,MT, nathan deuter,1,1,MT118,Not Applicable
252593,pmeza,24042.43,180,Decline,Network Automotive Inc - AZ311,,AZ,Mesa,2026-08-26,,,2022,RV,Used,653,60.1,3.15,edominguez,,28,14.49,3000,3000,false,,,15.49,Silver 1,Silver 1,0.96,0,,0,24999,647,Source One Financial Services,AZ,,0,0,AZ311,Silver
252588,,24042.43,180,Auto Decline,Network Automotive Inc - AZ311,,AZ,Mesa,2026-08-26,,,2022,RV,Used,,0,0,edominguez,,0,22.99,3000,3000,false,,,23.99,Bronze,Bronze,0.96,0,,,24999,,Source One Financial Services,AZ,,0,0,AZ311,Business First
252649,mnava,31255.09,204,Verifications Incomplete,Blue Compass RV - Knoxville - TN159,Blue Compass,TN,Louisville,2026-08-26,2026-09-01,,2027,RV,New,,39.35,3.35,jsmith,,8081,9.99,5000,5000,false,,2,11.49,Core,Core,1.08,1875.31,6,0,28943.5,703,Source One Financial Services,TN, david smith jr.,1,1,TN159,Core
252527,mnava,29920.86,180,Decline,BRETZ RV & MARINE - NAMPA - ID119,Bretz RV,ID,Nampa,2026-08-26,,,2021,RV,Used,,41.44,10.18,ljablonoski,,12,15.74,2000,4513,false,,,16.74,Silver 1,Silver 1,1.19,0,,0,25080,640,Source One Financial Services,ID, taylor roby,0,0,ID119,Silver
252459,,29701.69,180,Auto Decline,SPECIALTY OUTDOORS - OH189,,OH,LANCASTER,2026-08-26,,,2025,RV,Used,640,40.61,7.71,jharrington1,,0,22.99,3100,3100,false,,,23.99,Bronze,Bronze,0.91,0,,0,32750,603,Source One Financial Services,OH,,0,0,OH189,Business First
252542,mnava,72735,240,Decline,Highway Trailer Sales Inc - OR119,,OR,Salem,2026-08-26,,,2026,RV,New,789,21.72,11.72,ljablonoski,,36,7.49,0,0,false,,,8.99,Core,Not Applicable,1.02,0,,0,71114,805,Connexus Credit Union,OR,,0,0,OR119,Not Applicable
252525,mnava,76891,240,Decline,RV SUPERCENTER - SCA145,,CA,MENIFEE,2026-08-26,,,2026,RV,New,,42.35,9,jrubi,,69,9.74,3500,3500,false,,,11.24,Core,Not Applicable,0.9,0,,0,85781,731,Connexus Credit Union,CA, veronica costa,0,0,SCA145,Not Applicable
252656,thovey,59097.3,180,Auto Approval,ROCKINGHAM MARINE - TN139,,TN,JOHNSON CITY,2026-08-26,2026-08-27,,2027,Boat,New,,36.67,14.08,jsmith,,1184,8.49,6000,6000,false,,,9.49,Core,Not Applicable,0.99,0,,0,59654,717,Connexus Credit Union,NY, natalie hilton,1,1,TN139,Not Applicable
252646,mnava,112237.94,240,Pending,RV'S OF AMERICA - COLORADO SPRINGS  - CO150,,CO,COLORADO SPRINGS,2026-08-26,2026-08-26,,2027,RV,New,869,25.82,5.63,dzilberchtein,,18,7.24,13000,13000,false,,,8.74,Core,Core,1.25,0,,0,90005,879,Source One Financial Services,CO, anthony downs,0,0,CO150,Core
252458,lgrace,39522.46,180,Booked,"Southeastern Marine, Inc- EVA112",EPIC,VA,Henrico,2026-08-26,2026-09-01,2026-09-03,2027,Boat,New,,27.62,4.27,S1House,11926,8813,10.99,4500,4500,false,3113,0,12.49,Core,Core,1.07,2371.35,6,0,37098,706,Source One Financial Services,VA, chuck smith,1,0,EVA112,Core
252616,pmeza,128378.58,240,Decline,24/7 Motorcoach Luxury Sales - NV114,,NV,Las Vegas,2026-08-26,,,2027,RV,New,717,36.65,7.2,ljablonoski,,39,7.24,60000,170000,false,,,8.74,Core,Core,0.51,0,,0,252494,864,Source One Financial Services,NV, tony clark,0,0,NV114,Core
252513,,40559.72,180,Auto Decline,Terry Town RV Superstore -MI318,Selvius RV,MI,Grand Rapids,2026-08-26,,,2026,RV,New,,65.56,13.32,dzilberchtein,,0,14.99,500,500,false,,,15.99,Silver 1,Silver 1,1.2,0,,0,33853.8,640,Source One Financial Services,MI,,0,0,MI318,Silver
252486,Jhill,71652.5,180,Auto Approval,"McKee Auto Center, Inc. - IA163",,IA,Perry,2026-08-26,2026-08-27,,2026,RV,New,,26.75,7.13,gcoulombe,,1525,8.74,0,7000,false,,,10.24,Core,Core,1.01,0,,0,71000,767,Source One Financial Services,TX, dave geiger,1,1,IA163,Core
252481,avera,39694,180,Booked,Ashley Marine LLC - GA147,,GA,Columbus,2026-08-26,2026-08-31,2026-08-31,2026,Boat,New,815,25.86,1.42,jsmith,7923,7899,7.99,5000,5300,false,24,0,7.39,Core,Core,1,396.94,1,0,39684,782,Source One Financial Services,SC, shirley ashley,1,0,GA147,Core
252538,lgrace,29959,180,Booked,PRECISION UNIBODY & AUTO SALES - ENE103,EPIC,NE,COLUMBUS,2026-08-26,2026-08-28,2026-08-29,2013,RV,Used,825,42.2,2.74,S1House,4449,3137,8.99,4000,4000,false,23,1289,9.99,Core,Core,0.99,1198.36,4,0,30378,869,Source One Financial Services,NE, mark roberts,1,0,ENE103,Core
252626,edominguez,286499,240,Auto Approval,Tobler Marina - ID124,,ID,Hayden,2026-08-26,2026-08-27,,2027,Boat,New,850,32.05,3.3,ljablonoski,,1278,8.99,201000,201000,true,,,10.99,Business First,Business First,0.77,0,,0,372654,,Source One Financial Services,MT, jade harlocker,1,1,ID124,Business First
252501,hhisek,34526.51,144,Decline,Blue Compass RV - South Beumont - TX551,Blue Compass,TX,Vidor,2026-08-26,,,2027,RV,New,,16.48,5.16,gott,,25,13.74,5000,5000,false,,,14.74,Silver 1,Not Applicable,0.88,0,,0,39115,644,Connexus Credit Union,LA, leah sligar,0,0,TX551,Not Applicable
252667,mnava,26236,204,Auto Approval,Giant RV - Montclair - SCA155,Giant RV,CA,Montclair,2026-08-26,2026-08-26,,2026,RV,New,,38.34,6.39,jrubi,,18,9.74,6000,6000,false,,,11.24,Core,Core,0.95,0,,0,27665,722,Source One Financial Services,CA, julio sanchez,1,1,SCA155,Core
252489,mlomedico,68352.06,240,Decline,NewCoast - Boatzon - FL356,Marine Max,FL,Oldsmar,2026-08-26,,,2026,RV,New,,18.95,3.38,S1House,,14,9.99,7000,7000,false,,,11.49,Core,Core,1.08,0,,0,63004,709,Source One Financial Services,PA, dan welte,0,0,FL356,Core
252466,lgrace,88119.51,240,Booked,LEES COUNTRY RV- IN129,Easy Care,IN,BATESVILLE,2026-08-26,2026-09-01,2026-09-03,2026,RV,New,840,22.97,12.41,jharrington1,11922,9085,7.24,0,9675,false,1815,1022,8.74,Core,Core,1.4,5287.17,6,0,62910,809,Source One Financial Services,KY, bradley taylor,1,0,IN129,Core
252536,,63799,204,Auto Decline,"Vantage Recreational Finance, Inc. -FL291",VRF,FL,FORT LAUDERDALE,2026-08-26,,,2026,RV,New,,46.56,10.85,S1House,,0,12.49,0,0,false,,,13.49,Silver 1,Silver 1,1.05,0,,0,61000,661,Source One Financial Services,NM,,0,0,FL291,Silver
252522,sbaker,50666.12,240,Booked,I-70 RV CENTER - MO200,,MO,WILLIAMSBURG,2026-08-26,2026-09-02,2026-09-02,2027,RV,New,,47.27,10.16,jweller,10175,10073,7.49,10000,10000,false,101,1,8.99,Core,Core,0.84,3039.97,6,0,60285.75,828,Source One Financial Services,MO, gina meyer,1,0,MO200,Core
252634,,77368.58,240,Auto Decline,Blue Compass RV - Bowling Green - KY152,Blue Compass,KY,Bowling Green,2026-08-26,,,2024,RV,Used,634,54.92,14.09,jharrington1,,0,22.99,8600,8600,false,,,23.99,Bronze,Bronze,0.72,0,,0,107700,598,Source One Financial Services,TN,,0,0,KY152,Business First
252460,avera,31586.48,180,Approved,FUN TOWN RV - JACKSON - MI455,Fun Town,MI,Jackson,2026-08-26,2026-08-26,,2026,RV,New,,19.54,2.2,dzilberchtein,,11,13.74,3300,3300,false,,,14.74,Silver 1,Silver 1,0.84,0,,0,37447,660,Source One Financial Services,MI, dan shew,1,1,MI455,Silver
252620,,286499,180,Auto Decline,Tobler Marina - ID124,,ID,Hayden,2026-08-26,,,2027,Boat,New,,6.61,6.61,ljablonoski,,0,22.99,201000,201000,false,,,23.99,Bronze,Bronze,0.77,0,,0,372654,,Source One Financial Services,MT,,0,0,ID124,Business First
252615,hhisek,150000,180,Decline,NewCoast - Boatzon - FL356,Marine Max,FL,Oldsmar,2026-08-26,,,2015,RV,Used,730,18.84,14.79,S1House,,9,9.74,44815.19,44815.19,false,,,11.24,Core,Core,0.68,0,,0,219725,775,Source One Financial Services,DE, julia nickolson,0,0,FL356,Core
252514,mlomedico,13787,120,Decline,I-70 RV CENTER - MO200,,MO,WILLIAMSBURG,2026-08-26,,,2025,RV,New,,5.95,5.95,jweller,,54,9.74,1000,1000,false,,,11.24,Core,Not Applicable,0.91,0,,0,15107,726,Connexus Credit Union,MO, gina meyer,0,0,MO200,Not Applicable
252553,,234300,240,Auto Decline,Lifestyle Wake LLC - OR147,Easy Care,OR,Bend,2026-08-26,,,2026,Boat,New,822,7.94,2.23,ljablonoski,,0,22.99,26000,26000,false,,,23.99,Bronze,Bronze,1.14,0,,0,205152,,Source One Financial Services,OR,,0,0,OR147,Business First
252622,,155765,240,Auto Decline,Airstream of Minnesota - MN841,Campers Inn,MN,Ransey,2026-08-26,,,2027,RV,New,,35.06,18.89,S1House,,0,22.99,17000,17000,false,,,23.99,Bronze,Bronze,1.19,0,,0,131038,599,Source One Financial Services,FL,,0,0,MN841,Business First
252635,lgrace,21299,180,Booked,NewCoast - Boatzon - FL356,Marine Max,FL,Oldsmar,2026-08-26,2026-09-01,2026-09-01,2026,Boat,New,,15.54,2.29,S1House,8499,8414,8.99,23000,23000,false,84,1,9.99,Core,Core,0.74,851.96,4,0,28814.35,741,Source One Financial Services,CO, john womble,1,0,FL356,Core
252545,mlomedico,25471,180,Auto Approval,Midway Auto & RV - Billings - MT107,,MT,Billings,2026-08-26,2026-08-31,,2024,RV,Used,825,19.4,5.12,dzilberchtein,,7594,9.49,7000,7000,true,,,11.49,Business First,Business First,0.73,0,,0,34700,,Source One Financial Services,MT,,1,1,MT107,Business First
252600,sbaker,13604.44,120,Decline,BOBBY COMBS RV NORTHWEST - OR103,,OR,COBURG,2026-08-26,,,2018,RV,Used,,34.73,3.81,ljablonoski,,84,10.49,2000,2000,false,,,11.99,Core,Not Applicable,0.99,0,,0,13700,747,Connexus Credit Union,OR, conchita korth,0,0,OR103,Not Applicable
252540,rsimmons,68309.59,180,Decline,Blue Compass RV - South Beumont - TX551,Blue Compass,TX,Vidor,2026-08-26,2026-08-27,,2026,RV,New,,17.38,3.69,gott,,1498,9.5,4500,4500,false,,,10,Silver 1,Not Applicable,0.88,0,,0,77941,661,Ideal Credit Union,TX, leah sligar,0,0,TX551,Not Applicable
252454,hhisek,22615.3,144,Decline,BANKSTON MOTORHOMES INC - AL111,,AL,HUNTSVILLE,2026-08-26,,,2019,RV,Used,,15.93,8.91,jsmith,,7,14.99,2500,2500,false,,,15.99,Silver 1,Silver 1,0.76,0,,0,29645,655,Source One Financial Services,TN, justin cheatwood,0,0,AL111,Silver
252664,mnava,33424.11,180,Decline,Fun Town RV Fairfield LP - TX492,Fun Town,TX,Fairfield,2026-08-26,2026-08-28,,2025,RV,New,,40.27,3.52,gott,,2489,8.74,0,0,false,,,10.24,Core,Core,0.84,0,,0,40017,764,Source One Financial Services,TX, brenden boggs,0,0,TX492,Core
252827,,13006.93,84,Auto Decline,JOHNNY'S RV SUPERSTORE LLC - AL124,,AL,THEODORE,2026-08-27,,,2019,RV,Used,,40.36,8.42,jsmith,,0,16.24,2500,2500,false,,,17.24,Silver 2,Silver 2,1.15,0,,0,11330,630,Source One Financial Services,AL,,0,0,AL124,Silver
252891,eavila,13506.43,120,Approved,Colaw RV Sales -MO110,,MO,Carthage,2026-08-27,2026-08-27,,2026,RV,New,844,36.58,1.79,jweller,,12,7.49,0,0,false,,,8.99,Core,Core,0.65,0,,0,20698,836,Source One Financial Services,MO, hailey coss,1,1,MO110,Core
252934,ccampos,48121.9,240,Decline,Blue Compass RV - North Myrtle Beach - SC137,Blue Compass,SC,North Myrtle Beach,2026-08-27,,,2022,RV,Used,,54.56,9,jsmith,,39,7.99,25000,9323.1,false,,,9.49,Core,Core,1.08,0,,0,44400,874,Source One Financial Services,SC, adam dix,0,0,SC137,Core
252868,eavila,36211.01,180,Decline,Blue Compass RV - South Beumont - TX551,Blue Compass,TX,Vidor,2026-08-27,,,2027,RV,New,,52.01,5.67,gott,,43,11.25,3800,3800,false,,,11.5,Silver 1,Not Applicable,0.78,0,,0,46404,679,Ideal Credit Union,TX, brett massey,0,0,TX551,Not Applicable
252876,thovey,12998.48,144,Booked,Dalton RV LLC-AR132,Warrior Performance,AR,Morrilton,2026-08-27,2026-08-29,2026-08-29,2018,RV,Used,788,16.39,0.94,jweller,2881,2854,8.99,0,0,false,27,0,10.49,Core,Core,1.04,779.91,6,0,12550,820,Source One Financial Services,AR, jimmy orapello,1,0,AR132,Core
252917,Jhill,64285,180,Decline,"Holman Motors, Inc. -OH111",,OH,Batavia,2026-08-27,,,2027,RV,New,,18.64,2.82,jharrington1,,8,13.74,13000,13000,false,,,14.74,Silver 1,Silver 1,1.02,0,,0,62795,649,Source One Financial Services,OH,,0,0,OH111,Silver
252947,mlomedico,20458.5,180,Auto Approval,GREAT AMERICAN RV SUPERSTORE-BREAUX BRIDGE - LA104,,LA,BREAUX BRIDGE,2026-08-27,2026-08-27,,2024,RV,Used,,31.51,2.31,gott,,13,12.49,2000,2000,false,,,13.49,Silver 1,Silver 1,1,0,,0,20500,677,Source One Financial Services,LA, james duos,1,1,LA104,Silver
252832,mnava,23778.56,204,Approved,Blue Compass RV - Springfield - MO229,Blue Compass,MO,Strafford,2026-08-27,2026-08-27,,2021,RV,Used,,46.6,4.24,jweller,,35,9.74,2300,2300,false,,,11.24,Core,Core,1.18,0,,0,20200,730,Source One Financial Services,IL, blaine sherrill,1,1,MO229,Core
252957,eavila,41414.25,180,Decline,VOGT RV CENTER 5301 - TX448,,TX,FORT WORTH,2026-08-27,,,2026,RV,New,,35.31,9.01,gott,,39,12.49,2000,2000,false,,,13.49,Silver 1,Silver 1,0.97,0,,0,42897,661,Source One Financial Services,TX, ty davidson,0,0,TX448,Silver
252797,eavila,35809,180,Decline,"Vantage Recreational Finance, Inc. -FL291",VRF,FL,FORT LAUDERDALE,2026-08-27,,,2016,RV,Used,,53.33,11.23,S1House,,24,11.24,3890,3890,false,,,12.74,Core,Core,0.89,0,,0,40310,682,Source One Financial Services,MT, jennifer richter,0,0,FL291,Core
252893,,44952.42,180,Auto Decline,Blue Compass RV - Charlotte - NC153,Blue Compass,NC,Concord,2026-08-27,,,2021,RV,Used,,38.33,11.2,jsmith,,47,22.99,6000,18000,false,,,23.99,Bronze,Silver 2,0.93,0,,0,48550,623,Source One Financial Services,NC, josh ball,0,0,NC153,Business First
252863,hhisek,74927.05,240,Conditional Approval,Fun Town RV Factory Connect LLC-IN205,Fun Town,IN,Elkhart,2026-08-27,2026-08-27,,2026,RV,New,675,15.99,4.91,jharrington1,,29,12.49,27200,27200,false,,,13.49,Silver 1,Silver 1,0.81,0,,0,92227,676,Source One Financial Services,IN, trever rizor,1,1,IN205,Silver
252765,hhisek,39147.55,204,Auto Approval,Fun Town RV Amarillo - TX508,Fun Town,TX,Amarillo,2026-08-27,2026-08-27,,2027,RV,New,,37.73,3.46,gott,,11,9.74,0,0,false,,,11.24,Core,Core,0.97,0,,0,40384,723,Source One Financial Services,NM, eric adams,1,1,TX508,Core
252741,pmeza,37610.45,204,Approved,Colaw RV Sales -MO110,,MO,Carthage,2026-08-27,2026-08-27,,2018,RV,Used,717,44.19,3.39,jweller,,40,9.99,0,0,false,,,11.24,Core,Core,0.88,0,,0,42950,720,Source One Financial Services,MO, hailey coss,1,1,MO110,Core
252841,,21676.52,180,Auto Decline,OPTIMUM RV OCALA - FL162,Optimum RV,FL,OCALA,2026-08-27,,,2022,RV,Used,,45.03,4.58,pcarter,,0,14.49,2000,2000,false,,,15.49,Silver 1,Silver 1,1.05,0,,0,20680,646,Source One Financial Services,FL,,0,0,FL162,Silver
252696,ccampos,40606.67,180,Verifications Incomplete,Uwharrie RV  (740 Motors) - NC125,,NC,Albemarle,2026-08-27,2026-08-31,,2025,RV,New,,8.32,1.92,jsmith,,5850,10.24,4000,4419.8,false,,472,11.74,Core,Core,1.08,2436.4,6,0,37493,699,Source One Financial Services,NC, marko stamatovich,1,1,NC125,Core
252831,mnava,27767.28,180,Booked,LEMKE RV LLC - NCA116,,CA,ROCKLIN,2026-08-27,2026-08-27,2026-08-28,2025,RV,Used,793,34.75,2.75,jrubi,1447,104,7.24,500,500,false,149,1194,7.49,Core,Core,1.14,277.67,1,0,24400,866,Source One Financial Services,CA,,1,0,NCA116,Core
252718,eavila,19071.19,144,Auto Approval,Ketelsen RV DeSoto - IA211,,IA,De Soto,2026-08-27,2026-09-03,,2018,RV,Used,794,20.13,1.89,gcoulombe,,10164,8.49,5111.17,5711.56,false,,,9.99,Core,Core,1.09,0,,0,17450,803,Source One Financial Services,IA, troy pulse,1,1,IA211,Core
252713,eavila,16796.21,120,Booked,Thomas RV and Auto Sales - AR118,,AR,Searcy,2026-08-27,2026-08-27,2026-08-28,2021,RV,Used,639,18.82,1.49,jweller,1655,427,14.49,2000,2000,false,1212,16,15.49,Silver 1,Silver 1,1.08,671.85,4,0,15500,649,Source One Financial Services,AR, chris moffit,1,0,AR118,Silver
252956,eavila,117885.88,240,Auto Approval,SUSQUEHANNA VALLEY RV - SELINSGROVE - PA115,,PA,SELINSGROVE,2026-08-27,2026-08-27,,2027,RV,New,759,37.02,7.97,jharrington1,,39,8.24,15000,18300,false,,,9.74,Core,Core,1.05,0,,0,112394,766,Source One Financial Services,PA, danielle wagner,1,1,PA115,Core
252905,ccampos,32644.72,72,Decline,Blue Compass RV - St. Augustine - FL339,Blue Compass,FL,ST. AUGUSTINE,2026-08-27,,,2026,RV,New,,10.95,10.26,pcarter,,52,7.99,3500,4000,false,,,9.49,Core,Core,0.82,0,,0,39715,784,Source One Financial Services,FL, matthew braziel,0,0,FL339,Core
252748,hhisek,70766.29,216,Conditional Approval,Bish's RV of Sioux Falls - SD112,Bish's RV,SD,Tea,2026-08-27,2026-08-27,,2020,RV,Used,,19.83,4.47,dzilberchtein,,20,8.24,16800,16630,false,,,9.74,Core,Core,1.16,0,,0,60800,781,Source One Financial Services,SD, david mcclanahan,1,1,SD112,Core
252756,,67707.16,180,Auto Decline,Minneapolis Trailer Sales - MN824,,MN,Rogers,2026-08-27,,,2026,RV,New,670,48.91,5.54,S1House,,0,22.99,7500,7500,false,,,23.99,Bronze,Bronze,1.24,0,,0,54395,544,Source One Financial Services,NJ,,0,0,MN824,Business First
252723,ccampos,64667,240,Auto Approval,NewCoast - Boatzon - FL356,Marine Max,FL,Oldsmar,2026-08-27,2026-08-27,,2022,Boat,Used,,25.69,4.33,S1House,,47,10.49,6500,6500,false,,,11.99,Core,Core,0.87,0,,0,74470,700,Source One Financial Services,MS, christopher rogers,1,1,FL356,Core
252762,mlomedico,17064,180,Decline,BISH'S RV OF OMAHA - NE100,Bish's RV,NE,BELLEVUE,2026-08-27,,,2023,RV,Used,,76.81,2.57,dzilberchtein,,25,10.49,500,500,false,,,11.99,Core,Core,1.12,0,,0,15300,717,Source One Financial Services,CA, todd miillsap,0,0,NE100,Core
252746,mlomedico,43749.37,240,Decline,Ron Hoover Companies of Tulsa - OK157,Ron Hoover,OK,Claremore,2026-08-27,,,2025,RV,New,608,46.55,9.69,jweller,,19,13.74,1000,6142.19,false,,,14.74,Silver 1,Silver 1,0.89,0,,0,49302,646,Source One Financial Services,AR, rick perez,0,0,OK157,Silver
252881,Jhill,31162.52,180,Auto Approval,Keystone RV Center  - PA110,Pete's RV,PA,Greencastle,2026-08-27,2026-08-28,,2026,RV,New,682,25.4,5.19,jharrington1,,1010,12.49,5000,5000,false,,,13.49,Silver 1,Silver 1,0.76,0,,0,40949,668,Source One Financial Services,PA, jen habina,1,1,PA110,Silver
252798,mlomedico,8122.41,72,Booked,Cedar City RV  - ETN103,EPIC,TN,Lebanon,2026-08-27,2026-08-28,2026-09-01,2021,RV,Used,650,31.73,3.42,S1House,7478,1693,14.49,800,800,false,12,5773,14.49,Core,Core,1,0,0,0,8150,684,Source One Financial Services,TN, mia williams,1,0,ETN103,Core
252760,sbaker,37998.21,180,Approved,Southern Mud Sports LLC - AL165,,AL,Waverly,2026-08-27,2026-08-27,,2027,Boat,New,,21.53,4.87,jsmith,,12,9.49,5000,5000,false,,,10.99,Core,Core,1.16,0,,0,32771,741,Source One Financial Services,GA, jeff cantey,1,1,AL165,Core
252774,Jhill,21150.04,180,Auto Approval,Campers Inn RV - Tucson - AZ365,Campers Inn,AZ,TUCSON,2026-08-27,2026-08-27,,2021,RV,Used,750,44.18,3.9,edominguez,,211,9.24,3600,163.43,false,,,10.74,Core,Core,1.21,0,,0,17450,773,Source One Financial Services,AZ, rob rhein,1,1,AZ365,Core
252714,sbaker,60041.47,180,Auto Approval,Ashley Marine LLC - Stapleton - AL168,,AL,Stapleton,2026-08-27,2026-08-27,,2022,Boat,Used,,40.42,4.52,jsmith,,10,10.49,1100,3100,false,,,11.99,Core,Core,0.97,0,,0,61999,707,Source One Financial Services,AL, joey hawkins,1,1,AL168,Core
252695,lgrace,71331.35,240,Approved,OWENSBORO RV - KY119,,KY,OWENSBORO,2026-08-27,2026-08-27,,2026,RV,New,,27.5,8.78,jharrington1,,7,7.49,15000,15000,false,,,8.99,Core,Core,0.96,0,,0,74630,798,Source One Financial Services,IN, scott stacy,1,1,KY119,Core
252854,eavila,7613.98,84,Decline,BRETZ RV & MARINE - NAMPA - ID119,Bretz RV,ID,Nampa,2026-08-27,,,2015,RV,Used,683,27.64,1.37,ljablonoski,,25,11.99,4000,4000,false,,,12.49,Core,Core,0.87,0,,0,8800,710,Source One Financial Services,ID, blake kezar,0,0,ID119,Core
252847,,22888.44,180,Auto Decline,JAKES RV - GA139,,GA,WARNER ROBINS,2026-08-27,,,2018,RV,Used,,48.64,5.8,jsmith,,0,14.99,0,0,false,,,15.99,Silver 1,Silver 1,0.79,0,,,29000,647,Source One Financial Services,GA,,0,0,GA139,Silver
252730,eavila,12434,144,Auto Approval,Cheyenne Camping Center - IA184,,IA,Walcott,2026-08-27,2026-08-27,,2019,RV,Used,,33.88,1.97,gcoulombe,,26,10.99,1400,1400,false,,,12.49,Core,Core,0.89,0,,0,13950,684,Source One Financial Services,IA, isabella craig,1,1,IA184,Core
252675,avera,17515.29,120,Approved,RV DEPOT LLC - FL188,,FL,THONOTOSASSA,2026-08-27,2026-08-27,,2019,RV,Used,,19.46,1.69,wstoutimore,,20,8.99,5000,5000,false,,,10.49,Core,Core,0.75,0,,0,23300,792,Source One Financial Services,FL, valon topalli,1,1,FL188,Core
252821,Jhill,136453.41,120,Decline,T and S RV and SPORT LLC -TX377,,TX,NAVASOTA,2026-08-27,,,2027,RV,New,758,26.05,10.34,gott,,7,11.24,50000,50000,true,,,13.24,Business First,Business First,0.79,0,,0,172932,,Source One Financial Services,TX, anthony wiese,0,0,TX377,Business First
252871,lgrace,39768.15,144,Conditional Approval,RV Value Mart-Bethlehem-PA125,,PA,Bath,2026-08-27,2026-08-27,,2026,RV,New,,25.99,7.15,jharrington1,,176,10.74,3900,3900,false,,,10.99,Silver 1,Not Applicable,0.85,0,,0,46928,666,Connexus Credit Union,PA, marty dieppa,1,1,PA125,Not Applicable
252707,,36285.62,180,Auto Decline,Ron Hoover - Amarillo - TX513,Ron Hoover,TX,Amarillo,2026-08-27,,,2026,RV,New,,17.59,4.2,gott,,0,16.99,2000,2000,false,,,17.99,Silver 2,Silver 2,1.05,0,,0,34450,620,Source One Financial Services,TX,,0,0,TX513,Silver
252676,lgrace,32779.35,180,Contract Received,NewCoast - Boatzon - FL356,Marine Max,FL,Oldsmar,2026-08-27,2026-09-02,,2026,Boat,New,729,13.16,1.69,S1House,,8976,7.49,4400,4400,false,,74,8.74,Core,Not Applicable,1.24,0,,0,26338,756,Connexus Credit Union,LA, michael mclamb,1,1,FL356,Not Applicable
252848,lgrace,42846.4,180,Approved,KY Boats LLC - KY149,,KY,Richmond,2026-08-27,2026-08-27,,2026,Boat,New,855,34.75,2.23,jharrington1,,20,7.49,10000,10000,false,,,8.99,Core,Core,1.02,0,,0,42204,833,Source One Financial Services,KY, christan wilson,1,1,KY149,Core
252872,mlomedico,103773.07,240,Decline,Safe Harbor Emerald Coast - FL324,,FL,Santa Rosa Beach,2026-08-27,,,2027,Boat,New,,56.21,3.56,wstoutimore,,71,7.24,147000,147000,false,,,8.74,Core,Core,0.62,0,,0,167048,828,Source One Financial Services,FL, jeff henley,0,0,FL324,Core
252699,thovey,32599,180,Decline,"Vantage Recreational Finance, Inc. -FL291",VRF,FL,FORT LAUDERDALE,2026-08-27,,,2023,RV,Used,,16.77,2.03,S1House,,28,8.49,5000,5000,false,,,9.99,Core,Core,1.08,0,,0,30200,786,Source One Financial Services,VA, alphonzo bowe,0,0,FL291,Core
252952,eavila,62352.68,180,Conditional Approval,Fun Town RV Tyler-TX387,Fun Town,TX,Mineola,2026-08-27,2026-08-27,,2026,RV,New,,24.83,8.24,gott,,23,10.24,6425,6425,false,,,11.74,Core,Core,0.78,0,,0,79878,691,Source One Financial Services,TX, travon reveile,1,1,TX387,Core
252901,,18170.64,120,Cancelled,RV DEPOT LLC - FL188,,FL,THONOTOSASSA,2026-08-27,,,2023,RV,Used,,0,0,wstoutimore,,,22.99,2000,2000,false,,,23.99,Bronze,Bronze,0.97,0,,0,18800,,Source One Financial Services,FL, valon topalli,0,0,FL188,Business First
252865,ccampos,29733.54,180,Decline,Rock Solid Funding LLC - TX536,RSF,TX,BEDFORD,2026-08-27,,,2017,RV,Used,716,42.02,4.49,S1House,,171,11.24,2800,2800,false,,,12.74,Core,Not Applicable,0.56,0,,0,53100,693,Ideal Credit Union,TX, caleb grassi,0,0,TX536,Not Applicable
252899,lgrace,119999,180,Auto Approval,Grand Pointe Marina of Lansing - MI464,,MI,Dimondale,2026-08-27,2026-08-27,,2025,Boat,New,,16.81,13.37,dzilberchtein,,83,7.74,72000,72000,false,,,8.74,Core,Not Applicable,0.65,0,,0,184395,691,Ideal Credit Union,MI, patrick crowley,1,1,MI464,Not Applicable
252709,Jhill,29001.63,180,Decline,Blue Compass RV - Park City-KS117,Blue Compass,KS,Park City,2026-08-27,,,2022,RV,Used,,18.02,7.15,jweller,,26,13.24,1000,1000,false,,,14.24,Silver 1,Silver 1,1.1,0,,0,26455,679,Source One Financial Services,CO, hailli barnes,0,0,KS117,Silver
252948,mlomedico,20155.16,204,Conditional Approval,Blue Compass RV - Tyler - TX552,Blue Compass,TX,Tyler,2026-08-27,2026-08-27,,2026,RV,New,,45,2.3,gott,,48,10.24,15300,15300,false,,,11.74,Core,Core,0.51,0,,0,39359,699,Source One Financial Services,TX, brian vaseleck,1,1,TX552,Core
252768,mlomedico,42709.67,180,Auto Approval,RV STATION-INEZ TX443,,TX,INEZ,2026-08-27,2026-08-27,,2026,RV,New,,18.58,5.8,gott,,48,12.49,1400,12400,false,,,13.49,Silver 1,Silver 1,1.2,0,,0,35662,676,Source One Financial Services,TX, alan marquez,1,1,TX443,Silver
252919,Jhill,12171.03,120,Booked,Campers Inn Of Troy Inc-OH199,Campers Inn,OH,Troy,2026-08-27,2026-08-28,2026-08-31,2022,RV,Used,660,34.49,1.04,jharrington1,6172,1230,10.24,4000,4000,false,4941,1,11.74,Core,Core,0.61,730.26,6,0,19950,726,Source One Financial Services,OH, zach kimrey,1,0,OH199,Core
252910,rsimmons,50042.34,216,Auto Approval,RGV RV SALES - TX569,,TX,Mission,2026-08-27,2026-08-27,,2027,RV,New,,34.68,5.52,gott,,61,9.99,5070,5070,false,,,11.49,Core,Core,0.98,0,,0,51085,704,Source One Financial Services,TX, aldo camarillo,1,1,TX569,Core
252803,mlomedico,15515,144,Decline,GARLANDS RV OF TENNESSEE - TN122,,TN,SPRINGVILLE,2026-08-27,,,2017,RV,Used,,19.94,4.29,jsmith,,4,14.99,2000,2000,false,,,15.99,Silver 1,Silver 1,1.3,0,,0,11900,649,Source One Financial Services,TN, pat hayes,0,0,TN122,Silver
252822,mnava,24494,144,Booked,Gull Boats & RV - Missoula - MT118,Bretz RV,MT,Missoula,2026-08-27,2026-08-28,2026-09-02,2021,Boat,Used,,8.34,1.7,dzilberchtein,8421,1737,7.74,5000,5000,false,5706,978,9.24,Core,Not Applicable,0.89,1469.64,6,0,27520,815,Connexus Credit Union,MT, nathan deuter,1,0,MT118,Not Applicable
252687,sbaker,51760.9,204,Decline,Ultimate Marine - EFL121,EPIC,FL,Orlando,2026-08-27,,,2027,Boat,New,,18.72,4.84,S1House,,9,9.99,40000,40000,false,,,11.49,Core,Core,0.65,0,,0,79780,720,Source One Financial Services,FL, sierra whitmire,0,0,EFL121,Core
252925,lgrace,16411.16,180,Auto Decline,Bills Happy Camper Rv LLC-PA135,Warrior Performance,PA,Mill Hall,2026-08-27,,,2026,RV,New,,46,4.53,jharrington1,,32,12.49,0,0,false,,,13.49,Silver 1,Silver 1,1.1,0,,0,14936,674,Source One Financial Services,PA, jimmy orapello,0,0,PA135,Silver
252914,mlomedico,19573.74,144,Auto Approval,ROYS RV SUPERCENTER LLC - WV101,,WV,ELKINS,2026-08-27,2026-08-27,,2023,RV,Used,,44.83,6.47,jharrington1,,27,9.99,0,0,false,,,11.49,Core,Core,0.9,0,,0,21800,756,Source One Financial Services,WV, aaron harlan,1,1,WV101,Core
252911,hhisek,27092.29,180,Auto Approval,Rocky Ridge RV - Nacogdoches - TX525,Rocky Ridge,TX,Nacogdoches,2026-08-27,2026-08-27,,2026,RV,New,,40.64,3.84,gott,,50,10.24,2800,2800,false,,,11.99,Core,Core,0.71,0,,0,38049.99,696,Source One Financial Services,TX, troy ansley,1,1,TX525,Core
252844,lgrace,34631.61,144,Decline,Pete's RV Center - Chesapeake - VA113,Pete's RV,VA,Chesapeake,2026-08-27,,,2021,RV,Used,,18.55,7.12,jsmith,,79,14.49,10000,10000,false,,,15.49,Silver 1,Not Applicable,0.85,0,,0,40800,645,Connexus Credit Union,VA, jason loper,0,0,VA113,Not Applicable
252958,mlomedico,249005,240,Auto Approval,TAYLORS BOATS INC - UT112,,UT,DRAPER,2026-08-27,2026-09-03,,2026,Boat,New,,26.19,2,ljablonoski,,10092,8.99,38000,38000,false,,,10.49,Core,Core,1.07,0,,0,232483,748,Source One Financial Services,NV,,1,1,UT112,Core
252936,,14159.55,120,Auto Decline,"Ron Hoover Companies of Donna, Inc -Tx277",Ron Hoover,TX,Donna,2026-08-27,,,2021,RV,Used,,13.47,5.31,gott,,0,22.99,1500,1500,false,,,23.99,Bronze,Bronze,0.82,0,,0,17370,587,Source One Financial Services,TX,,0,0,TX277,Business First
252816,rsimmons,102387.42,240,Decline,RV DEPOT OF CLEBURNE - TX461,,TX,JOSHUA,2026-08-27,,,2015,RV,Used,,17.15,14.88,gott,,41,9.74,100000,100000,false,,,11.24,Core,Core,0.49,0,,0,207300,775,Source One Financial Services,DE, timothy harrison,0,0,TX461,Core
252799,rsimmons,14991.41,144,Decline,PRIMEAUX RV SUPERSTORE - ALEXANDRIA - LA101,,LA,ALEXANDRIA,2026-08-27,,,2019,RV,Used,,25.62,4.29,gott,,7,14.99,2000,2000,false,,,15.99,Silver 1,Silver 1,1.01,0,,0,14850,658,Source One Financial Services,LA, vaughn mcbride,0,0,LA101,Silver
252963,eavila,49244.65,204,Decline,Blue Compass RV - Oklahoma City - OK158,Blue Compass,OK,Norman,2026-08-27,,,2027,RV,New,,36.6,4.9,jweller,,1385,13.24,45000,24500,false,,,14.24,Silver 1,Silver 1,0.63,0,,0,78256,644,Source One Financial Services,TX, carl cobb,0,0,OK158,Silver
252755,hhisek,32011.09,180,Decline,RGV RV SALES - TX569,,TX,Mission,2026-08-27,,,2022,RV,Used,,51.28,3.76,gott,,8,9.99,0,0,false,,,11.49,Core,Core,1.13,0,,0,28450,756,Source One Financial Services,TX, aldo camarillo,0,0,TX569,Core
252921,mlomedico,20409.3,144,Auto Approval,Capital RV - Bismarck - ND119,Campers Inn,ND,Bismarck,2026-08-27,2026-08-27,,2022,RV,Used,711,29.46,1.49,dzilberchtein,,30,9.24,1000,1000,false,,,10.74,Core,Core,1.03,0,,0,19800,762,Source One Financial Services,ND, tyler biberdorf,1,1,ND119,Core
252853,hhisek,32264.43,180,Auto Approval,Fun Town RV Factory Connect LLC-IN205,Fun Town,IN,Elkhart,2026-08-27,2026-08-28,,2026,RV,New,644,15.49,3.36,jharrington1,,1066,10.24,1560,1560,false,,,11.74,Core,Core,0.88,0,,0,36773,681,Source One Financial Services,IL, trever rizor,1,1,IN205,Core
252706,ccampos,21761.77,120,Conditional Approval,Razorback Camper Sales-AR130,,AR,Hot Springs,2026-08-27,2026-08-27,,2026,RV,New,,6.45,5.34,jweller,,107,12.49,2500,2500,false,,,12.49,Silver 1,Not Applicable,0.84,0,,0,25829,649,Connexus Credit Union,AR, doug johnson,1,1,AR130,Not Applicable
252819,Jhill,40222.7,180,Decline,STAGECOACH RV SALES - IN180,,IN,PERU,2026-08-27,,,2014,RV,Used,,22.73,2.43,jharrington1,,7,15.49,6000,6000,false,,,16.49,Silver 1,Silver 1,1.08,0,,0,37356,652,Source One Financial Services,WV, kodi rybolt,0,0,IN180,Silver
252964,,99182.8,240,Cancelled,La Mesa RV Center - Albuquerque - NM109,La Mesa,NM,Albuquerque,2026-08-27,,,2024,RV,Used,,0,0,edominguez,,,22.99,5000,5000,false,,,23.99,Bronze,Bronze,0.77,0,,0,129152,,Source One Financial Services,NM, alfredo franco,0,0,NM109,Business First
252878,avera,28980.94,144,Booked,American Campers - WV110,,WV,Mount Hop,2026-08-27,2026-08-28,2026-08-28,2025,RV,New,,33.75,8.78,jharrington1,1449,1381,9.49,3000,3000,false,64,4,10.99,Core,Core,0.87,1738.86,6,0,33386,751,Source One Financial Services,WV,,1,0,WV110,Core
252815,lgrace,38174.21,180,Conditional Approval,RV Value Mart-Bethlehem-PA125,,PA,Bath,2026-08-27,2026-08-27,,2026,RV,New,798,43.74,5.71,jharrington1,,13,7.49,8300,8950,false,,,8.99,Core,Core,1.3,0,,0,29401,853,Source One Financial Services,PA, marty dieppa,1,1,PA125,Core
252688,hhisek,84779.76,180,Decline,SMG Wake of Houston -TX105,OneWater,TX,Conroe,2026-08-27,,,2017,Boat,Used,,33.68,14.14,gott,,15,13.74,13000,13000,false,,,14.74,Silver 1,Silver 1,0.94,0,,0,90370,676,Source One Financial Services,TX, george harsh,0,0,TX105,Silver
252858,mlomedico,60486,180,Booked,Gull Boats & RV - Missoula - MT118,Bretz RV,MT,Missoula,2026-08-27,2026-08-29,2026-09-02,2027,RV,New,772,18.57,8.57,dzilberchtein,8807,2870,8.99,5000,5000,false,5919,18,9.74,Core,Core,1.1,1814.58,3,0,54782,795,Source One Financial Services,MT, nathan deuter,1,0,MT118,Core
252896,hhisek,29464.82,180,Approved,Southern Mud Sports of Huntsville - AL167,,AL,Athens,2026-08-27,2026-08-27,,2026,Boat,New,,17.11,4.43,jsmith,,19,9.99,3000,3000,false,,,11.49,Core,Core,1.09,0,,0,27025,718,Source One Financial Services,MO, jeff cantey,1,1,AL167,Core
252719,,36773.15,144,Auto Decline,RV Value Mart-Bethlehem-PA125,,PA,Bath,2026-08-27,,,2026,RV,New,511,40.21,6.02,jharrington1,,0,22.99,2000,2000,false,,,23.99,Bronze,Bronze,0.9,0,,0,40935,,Source One Financial Services,PA,,0,0,PA125,Business First
252959,,141690.05,240,Auto Decline,SKYRIVER RV - FRESNO - NCA138,SkyRiver,CA,Fresno,2026-08-27,,,2026,RV,New,,55.55,23.03,jrubi,,35,22.99,5000,5000,false,,,23.99,Bronze,Core,1.14,0,,0,124219.18,765,Source One Financial Services,CA, julien castillo,0,0,NCA138,Business First
252823,Jhill,114872.99,240,Decline,Campers Inn of I-84 CT Inc - CT100,Campers Inn,CT,Union,2026-08-27,,,2025,RV,New,786,41.05,16.53,gcoulombe,,88,7.99,5000,17500,false,,,9.49,Core,Core,0.87,0,,0,131642,796,Source One Financial Services,CT, dave hunter,0,0,CT100,Core
252937,,38403,180,Auto Decline,COUNTY LINE CAMPERS - MS108,,MS,GULFPORT,2026-08-27,,,2021,RV,Used,552,41.73,5.17,jsmith,,0,22.99,4200,4200,false,,,23.99,Bronze,Bronze,0,0,,0,0,598,Source One Financial Services,MS,,0,0,MS108,Business First
252909,hhisek,42844.13,180,Decline,BISHS RV - ELDRIDGE - IA214,Bish's RV,IA,ELDRIDGE,2026-08-27,,,2022,RV,Used,771,40.43,6.16,gcoulombe,,6740,8.49,1250,8550,false,,,9.99,Core,Core,1.17,0,,0,36700,799,Source One Financial Services,IL, todd miillsap,0,0,IA214,Core
252708,hhisek,59724.58,204,Booked,Fun Town RV Ottawa LLC - KS125,Fun Town,KS,Ottawa,2026-08-27,2026-08-31,2026-08-31,2026,RV,New,629,31.96,6.02,jweller,6288,5654,9.99,3000,3000.17,false,627,7,11.49,Core,Core,1.28,3583.47,6,0,46600,711,Source One Financial Services,KS, john lucas,1,0,KS125,Core
252849,avera,51289.22,216,Conditional Approval,D and H RV CENTER - NC117,,NC,APEX,2026-08-27,2026-08-27,,2026,RV,New,,40.6,8.36,jsmith,,45,7.49,500,500,false,,,8.99,Core,Core,1.2,0,,0,42590,828,Source One Financial Services,FL, david williams,1,1,NC117,Core
252698,Jhill,20607,144,Approved,"Holman Motors, Inc. -OH111",,OH,Batavia,2026-08-27,2026-08-27,,2026,RV,New,843,8.67,1.38,jharrington1,,11,7.49,56000,56000,false,,,8.99,Core,Core,0.25,0,,0,83387,841,Source One Financial Services,KY,,1,1,OH111,Core
252817,mlomedico,18367,144,Auto Approval,Prestige RV Center - Shawnee - OK128,,OK,Shawnee,2026-08-27,2026-08-28,,2023,RV,Used,,14.8,1.68,jweller,,1791,13.24,15000,15000,false,,,14.24,Silver 1,Silver 1,0.5,0,,0,36900,675,Source One Financial Services,OK, prestige finance,1,1,OK128,Silver
252940,thovey,17605.52,144,Auto Approval,RV's of Sacramento - NCA136,,CA,Elk Grove,2026-08-27,2026-08-27,,2018,RV,Used,,37.96,4.91,jrubi,,46,8.49,5000,0,false,,,9.99,Core,Core,1.19,0,,0,14750,820,Source One Financial Services,CA, branda morgan,1,1,NCA136,Core
252885,ccampos,14508.01,144,Auto Approval,Campers Inn - Ocala - FL158,Campers Inn,FL,Ocala,2026-08-27,2026-08-29,,2021,RV,Used,,37.13,1.92,pcarter,,2870,14.49,1400,1400,false,,,15.49,Silver 1,Silver 1,0.52,0,,0,28000,647,Source One Financial Services,FL, scott mckeever,1,1,FL158,Silver
252793,mlomedico,46526.96,180,Auto Approval,Boaters World - Islamorada - FL303,,FL,Islamorada,2026-08-27,2026-08-27,,2018,Boat,Used,,43.59,6.83,wstoutimore,,35,8.49,0,0,false,,,9.99,Core,Core,0.96,0,,0,48590,831,Source One Financial Services,FL, dawson oesch,1,1,FL303,Core
252939,edominguez,36694.5,180,Auto Approval,Good Life RV - Webster City - IA135,,IA,Webster City,2026-08-27,2026-08-28,,2022,RV,Used,,35.85,6.41,gcoulombe,,1219,8.24,7000,7000,false,,,9.24,Core,Not Applicable,1,0,,0,36700,770,Connexus Credit Union,IA, nick smith,1,1,IA135,Not Applicable
252694,Jhill,41816.18,180,Auto Approval,General RV - Fort Myers - FL240,General RV,FL,Fort Myers,2026-08-27,2026-08-27,,2026,RV,New,,31.66,11.28,wstoutimore,,266,9.5,10000,10000,false,,,10,Core,Not Applicable,0.75,0,,0,55495,686,Ideal Credit Union,FL, dustin knaggs,1,1,FL240,Not Applicable
252736,,104138.93,240,Auto Decline,PPL MOTORHOMES - SUMMERFIELD - FL194,,FL,SUMMERFIELD,2026-08-27,,,2020,RV,Used,,34.04,13.41,pcarter,,0,15.74,15000,15000,false,,,16.74,Silver 2,Silver 2,0.79,0,,0,131385,636,Source One Financial Services,TX,,0,0,FL194,Silver
252953,eavila,45029.73,180,Auto Approval,FUN TOWN RV SAN ANTONIO LP - TX465,Fun Town,TX,CIBOLO,2026-08-27,2026-08-28,,2026,RV,New,711,31.25,3.72,gott,,1011,9.49,0,0,false,,,10.99,Core,Core,1.06,0,,0,42294,743,Source One Financial Services,TX, franz grimes,1,1,TX465,Core
252856,rsimmons,127839.41,200,Decline,General RV - Richmond - VA117,General RV,VA,Ashland,2026-08-27,,,2023,RV,Used,663,56.98,15.82,jsmith,,42,22.99,16000,16000,false,,,23.99,Silver 1,Silver 1,1.03,0,,0,123805,648,Source One Financial Services,VA, john snyder,0,0,VA117,Silver
252834,thovey,22557.94,180,Booked,Mid-State Camper Sales - IL232,,IL,Vandalia,2026-08-27,2026-09-03,2026-09-03,2017,RV,Used,,13.66,2.05,gcoulombe,10210,10197,8.99,1200,1200,false,13,0,10.24,Core,Core,0.95,1127.9,5,0,23700,798,Source One Financial Services,IL,,1,0,IL232,Core
252720,hhisek,52002.77,180,Approved,Fun Town RV-Denton -TX322,Fun Town,TX,Denton,2026-08-27,2026-08-27,,2026,RV,New,,24.03,6.65,gott,,5,9.99,5350,5350,false,,,11.49,Core,Core,0.92,0,,0,56434,716,Source One Financial Services,TX, jacob redante,1,1,TX322,Core
252689,avera,23077.79,180,Approved,Rock Solid Funding LLC - TX536,RSF,TX,BEDFORD,2026-08-27,2026-08-27,,2014,RV,Used,,31.55,4.46,S1House,,239,11.74,3000,3000,false,,,13.24,Core,Core,0.7,0,,0,33180,685,Source One Financial Services,TN, ashley rogers,1,1,TX536,Core
252767,eavila,30352,216,Conditional Approval,HOWARD RV CENTER - NC145,,NC,Wilmington,2026-08-27,2026-08-27,,2025,RV,Used,832,49.97,3.96,jsmith,,312,7.24,179500,179500,false,,,8.74,Core,Core,0.16,0,,0,193950,874,Source One Financial Services,OH, dan hilton,1,1,NC145,Core
252855,ccampos,104025.3,240,Decline,Thunder Marine,EPIC,FL,St. Petersburg,2026-08-27,,,2026,Boat,New,,18.65,3.29,S1House,,147,9.74,34000,34000,false,,,11.24,Core,Not Applicable,0.92,0,,0,112780,739,Connexus Credit Union,FL, sierra whitmire,0,0,EFL130,Not Applicable
252739,ahunt,148474.52,180,Auto Approval,RV's Of America - Duncan - SC130,,SC,Duncan,2026-08-27,2026-08-27,,2026,RV,New,,29.63,8.09,jsmith,,18,7.49,0,-8250,false,,,8.99,Core,Core,1.2,0,,0,123629,849,Source One Financial Services,NC, dakota giardino,1,1,SC130,Core
252859,rsimmons,22746.9,180,Decline,GREAT AMERICAN RV SUPERSTORE-GRAND BAY - AL144,,AL,GRAND BAY,2026-08-27,,,2016,RV,Used,525,33.25,1.02,jsmith,,8,8.49,2100,2100,false,,,9.99,Core,Core,1.08,0,,0,21000,803,Source One Financial Services,CA, molly ritzel,0,0,AL144,Core
252702,,246061.51,240,Auto Decline,GREAT AMERICAN RV SUPERSTORE-HAMMOND - LA105,,LA,HAMMOND,2026-08-27,,,2026,RV,New,709,12.6,2.37,gott,,0,11.99,102000,267000,true,,,13.99,Business First,Business First,0.45,0,,0,543220,,Source One Financial Services,AL,,0,0,LA105,Business First
252922,hhisek,84585,120,Verifications Incomplete,HAPPY CAMPERS RV SALES and SERVICE - IN182,,IN,LAFAYETTE,2026-08-27,2026-08-31,,2025,RV,Used,,13.09,3.68,jharrington1,,5990,8.74,0,0,false,,1,9.99,Core,Core,0.94,4229.25,5,0,89995,762,Source One Financial Services,TX, jacob lebeau,1,1,IN182,Core
252712,,21318.76,180,Auto Decline,San Antonio Rvs -TX265,,TX,Seguin,2026-08-27,,,2021,RV,Used,,21.82,3.88,gott,,0,22.99,2200,2200,false,,,23.99,Bronze,Bronze,0.99,0,,0,21450,585,Source One Financial Services,TX,,0,0,TX265,Business First
252861,rsimmons,59368.77,240,Auto Approval,ROSS MOTORSPORTS INC - TX457,,TX,LUFKIN,2026-08-27,2026-08-28,,2021,Boat,Used,,26.98,6.67,gott,,1396,10.74,0,6300,false,,,12.24,Core,Core,1.09,0,,0,54329,741,Source One Financial Services,TX, ryan williams,1,1,TX457,Core
252916,pmeza,32254.69,180,Conditional Approval,Blue Compass RV - St. Louis - MO230,Blue Compass,MO,Eureka,2026-08-27,2026-08-27,,2026,RV,New,,32.04,5.58,jweller,,54,7.74,3000,3000,false,,,8.74,Core,Not Applicable,0.88,0,,0,36517,728,Connexus Credit Union,IL, alex kennard,1,1,MO230,Not Applicable
252924,hhisek,15813.81,84,Verifications Incomplete,Premier Yamaha Boating Center/Aransas -TX209,,TX,Aransas,2026-08-27,2026-08-31,,2018,Boat,Used,,23.73,2.33,gott,,5846,11.49,7000,7000,false,,139,11.99,Core,Core,0.77,316.28,2,0,20550,706,Source One Financial Services,TX, paul mcminn,1,1,TX209,Core
252879,,38609.24,204,Auto Decline,General RV - West Chester - PA113,General RV,PA,West Chester,2026-08-27,,,2015,RV,Used,648,26.59,3.58,jharrington1,,0,22.99,7500,7500,false,,,23.99,Bronze,Bronze,0.66,0,,0,58863,605,Source One Financial Services,PA,,0,0,PA113,Business First
252866,ccampos,18234.69,144,Auto Approval,RV DEPOT LLC - FL188,,FL,THONOTOSASSA,2026-08-27,2026-08-27,,2023,RV,Used,,18.51,1.53,wstoutimore,,99,14.49,2000,2000,false,,,15.49,Silver 1,Silver 1,0.75,0,,0,24400,655,Source One Financial Services,FL, valon topalli,1,1,FL188,Silver
252906,eavila,107632.74,216,Booked,BISH'S RV OF GREAT FALLS - MT104,Bish's RV,MT,GREAT FALLS,2026-08-27,2026-09-02,2026-09-02,2026,RV,New,659,43.31,7.07,dzilberchtein,8559,8302,8.74,5000,14848.59,false,257,0,7.39,Core,Core,1.08,1076.33,1,0,99661,769,Source One Financial Services,MT, dylan higgins,1,0,MT104,Core
252750,lgrace,26886.86,204,Conditional Approval,General RV Center - North Canton - OH200,General RV,OH,North Canton,2026-08-27,2026-08-27,,2027,RV,New,689,12.65,3.91,jharrington1,,20,9.49,5000,11000,false,,,10.99,Core,Core,0.8,0,,0,33593,708,Source One Financial Services,OH, patsy santone,1,1,OH200,Core
252886,Jhill,36661.46,180,Auto Approval,Phil Dill Boats -TX104,OneWater,TX,Lewisville,2026-08-27,2026-08-27,,2015,Boat,Used,,32.09,4.02,gott,,68,10.49,4000,4000,false,,,11.99,Core,Core,0.97,0,,0,37795,745,Source One Financial Services,TX, baily blackney,1,1,TX104,Core
252864,,27927.7,180,Auto Decline,GREAT AMERICAN RV SUPERSTORE-TUPELO - MS114,,MS,BELDEN,2026-08-27,,,2018,RV,Used,,83.17,8.09,jsmith,,0,13.74,2700,2700,false,,,14.74,Silver 1,Silver 1,0.97,0,,0,28800,678,Source One Financial Services,MS,,0,0,MS114,Silver
252961,,29279.23,204,Auto Decline,BLUE COMPASS RV - CORPUS CHRISTI - TX459,Blue Compass,TX,CORPUS CHRISTI,2026-08-27,,,2027,RV,New,,9.26,2.63,gott,,0,14.99,3000,3000,false,,,15.99,Silver 2,Silver 2,0.94,0,,0,31060.5,631,Source One Financial Services,TX,,0,0,TX459,Silver
252752,sbaker,19886.92,144,Booked,Lawrenceburg Marine - ETN108,EPIC,TN,Lawrenceburg,2026-08-27,2026-08-28,2026-08-28,2024,Boat,New,,36.95,2.97,S1House,1833,1810,7.99,2020,2020,false,20,3,8.99,Core,Core,1.07,795.48,4,0,18670,782,Source One Financial Services,TN, donavon evenson,1,0,ETN108,Core
252700,,36537,180,Auto Decline,Liberty RV-MO107,,MO,Liberty,2026-08-27,,,2026,RV,New,,18.34,6.32,jweller,,0,22.99,0,4750,false,,,23.99,Bronze,Bronze,0.97,0,,0,37723,618,Source One Financial Services,OH,,0,0,MO107,Business First
252703,rsimmons,71906.32,240,Booked,Ron Hoover - Amarillo - TX513,Ron Hoover,TX,Amarillo,2026-08-27,2026-08-29,2026-08-31,2026,RV,New,,39.44,6.21,gott,6215,2870,9.49,5000,5000,false,314,3031,10.99,Core,Core,1.27,4314.38,6,0,56438,745,Source One Financial Services,TX, travis newsom,1,0,TX513,Core
252938,,67804.39,240,Auto Decline,Fun N Sun Sports Center - Cleburne -ETX116,EPIC,TX,Cleburne,2026-08-27,,,2022,Boat,Used,,50.16,19.14,S1House,,0,22.99,0,3835,false,,,23.99,Bronze,Bronze,1.13,0,,0,60000,557,Source One Financial Services,TX,,0,0,ETX116,Business First
252697,lgrace,59581.98,204,Booked,"Campers Inn RV of Myrtle Beach, Inc - SC109",Campers Inn,SC,Myrtle Beach,2026-08-27,2026-08-31,2026-08-31,2024,RV,Used,,31.72,3.73,jsmith,6613,6604,9.99,2000,2000,false,7,2,11.49,Core,Core,1.17,3574.92,6,0,51050,693,Source One Financial Services,FL, dion sexton,1,0,SC109,Core
252933,jrubi,28920.69,220,Decline,BANNING RV DISCOUNT CENTER - SCA123,,CA,BANNING,2026-08-27,,,2027,RV,New,,85.42,4.65,jrubi,,41,7.99,2000,2000,false,,,9.49,Core,Core,1.21,0,,0,23986,784,Source One Financial Services,CA, alberto sanchez,0,0,SCA123,Core
252754,,10775,144,Auto Decline,American Marine - La Crosse - WI417,,WI,La Crosse,2026-08-27,,,2014,Boat,Used,,47.39,4.34,S1House,,0,16.74,1000,1000,false,,,17.74,Silver 2,Silver 2,0.52,0,,0,20880,624,Source One Financial Services,OK,,0,0,WI417,Silver
252751,ccampos,203033,240,Auto Approval,MarineMax - Charleston - SC154,Marine Max,SC,Charleston,2026-08-27,2026-09-02,,2026,Boat,New,,34.37,5.23,S1House,,8931,7.49,18500,-16300,false,,,8.99,Core,Core,1.45,0,,0,139575,829,Source One Financial Services,SC, eddie nuttall,1,1,SC154,Core
252888,mlomedico,248944.26,240,Pending,BISH'S RV - INDIANAPOLIS - IN199,Bish's RV,IN,ANDERSON,2026-08-27,,,2023,RV,Used,519,32.12,9.31,jharrington1,,48,7.74,15000,36445,false,,,9.24,Core,Core,1.16,0,,0,215250,832,Source One Financial Services,IN, stephen patterson,0,0,IN199,Core
252883,avera,38217.28,180,Booked,Colaw RV Sales -MO110,,MO,Carthage,2026-08-27,2026-09-01,2026-09-01,2017,RV,Used,652,22.11,6.14,jweller,7288,7216,10.74,1000,1000,false,70,2,12.24,Core,Core,0.83,2293.04,6,0,46200,738,Source One Financial Services,MO, hailey coss,1,0,MO110,Core
252836,lgrace,26860.67,180,Booked,GREAT AMERICAN RV SUPERSTORE- FL224,,FL,DEFUNIAK SPRINGS,2026-08-27,2026-08-29,2026-08-29,2027,RV,New,,30.82,3.87,wstoutimore,2892,2859,9.74,5000,5000,false,28,5,11.24,Core,Core,0.88,1611.64,6,0,30655,724,Source One Financial Services,FL, debbie fischer,1,0,FL224,Core
252930,mlomedico,245844.26,240,Verifications Incomplete,BISH'S RV - INDIANAPOLIS - IN199,Bish's RV,IN,ANDERSON,2026-08-27,2026-09-02,,2023,RV,Used,,36.73,13.81,jharrington1,,8407,7.74,18100,39545,false,,14,9.24,Core,Core,1.14,14750.66,6,0,215250,832,Source One Financial Services,IN, stephen patterson,1,1,IN199,Core
252778,hhisek,99519.75,216,Booked,Fun Town RV - Las Vegas - NV116,Fun Town,NV,Las Vegas,2026-08-27,2026-08-31,2026-08-31,2027,RV,New,637,39.11,9.6,ljablonoski,5995,5783,8.74,0,10091.87,false,212,0,9.99,Core,Core,1.04,4975.99,5,0,95383,798,Source One Financial Services,NV, julie ronquillo,1,0,NV116,Core
252810,hhisek,33286.54,144,Decline,"Ron Hoover Companies of Donna, Inc -Tx277",Ron Hoover,TX,Donna,2026-08-27,,,2027,RV,New,,39.47,3.92,gott,,41,12.49,5000,5391.93,false,,,13.49,Silver 1,Not Applicable,1.14,0,,0,29233,674,Connexus Credit Union,TX, julio pena,0,0,TX277,Not Applicable
252804,eavila,17593.27,120,Booked,OPTIMUM RV OCALA - FL162,Optimum RV,FL,OCALA,2026-08-27,2026-08-31,2026-08-31,2018,RV,Used,,30.33,5.05,pcarter,6064,5658,10.49,1500,1500,false,405,1,11.99,Core,Core,1.54,1055.6,6,0,11400,756,Source One Financial Services,FL, michael buskey,1,0,FL162,Core
252949,ccampos,33468.86,144,Decline,DeMontrond RV - Texas City - TX514,,TX,Texas city,2026-08-27,,,2027,RV,New,,25.05,9.7,gott,,30,10.24,15000,15000,false,,,11.74,Core,Core,0.77,0,,0,43401,693,Source One Financial Services,TX, shedrick donnette,0,0,TX514,Core
252731,lgrace,150104.3,240,Decline,MarineMax - Ft. Myers - FL372,Marine Max,FL,Ft Myers,2026-08-27,,,2020,Boat,Used,,28.76,6.61,S1House,,8831,8.49,91500,91500,false,,,9.99,Core,Core,0.73,0,,0,204736,797,Source One Financial Services,FL, eric whipple,0,0,FL372,Core
252941,,67518.13,240,Auto Decline,GIBBS OUTDOOR and RECREATION - TX454,,TX,WACO,2026-08-27,,,2026,RV,New,,73.65,15.99,gott,,0,14.99,10000,10000,false,,,15.99,Silver 2,Silver 2,0.82,0,,0,82111,630,Source One Financial Services,TX,,0,0,TX454,Silver
252869,Jhill,65700.31,204,Auto Approval,Ron Hoover - San Antonio - TX500,Ron Hoover,TX,San Antonio,2026-08-27,2026-08-27,,2026,Boat,New,,25.19,9.13,gott,,153,10.24,7000,10000,false,,,11.74,Core,Core,1.03,0,,0,63481,686,Source One Financial Services,TX, trevor lemasters,1,1,TX500,Core
252784,Jhill,29699.4,144,Auto Approval,ROYS RV SUPERCENTER LLC - WV101,,WV,ELKINS,2026-08-27,2026-08-27,,2026,RV,New,,48.6,2.98,jharrington1,,28,8.74,0,0,false,,,10.24,Core,Core,0.95,0,,0,31344.08,780,Source One Financial Services,WV, aaron harlan,1,1,WV101,Core
252960,eavila,50621.82,240,Auto Approval,PRIMEAUX RV SUPERSTORE - CARENCRO - LA102,,LA,CARENCRO,2026-08-27,2026-08-28,,2026,RV,New,,41.67,5,gott,,1324,9.99,2550,2567,false,,,11.49,Core,Core,1.24,0,,0,40697,706,Source One Financial Services,LA, shannon rogers,1,1,LA102,Core
252671,,36864,180,Auto Decline,RV VALUE MART- PA101,,PA,MANHEIM,2026-08-27,,,2026,RV,New,,38.27,7.68,jharrington1,,0,22.99,10000,11000,false,,,23.99,Bronze,Bronze,0.88,0,,0,41738,603,Source One Financial Services,PA,,0,0,PA101,Business First
252725,mlomedico,151255.08,180,Auto Approval,Riva Motorsports and Marine - FL293,,FL,Key Largo,2026-08-27,2026-08-28,,2014,Boat,Used,,49.45,10.07,wstoutimore,,1610,8.99,40000,40000,false,,,10.49,Core,Core,0.85,0,,0,178345,825,Source One Financial Services,FL, marcos castro,1,1,FL293,Core
252812,ccampos,38007.45,180,Auto Decline,MILLERS MARINE - FL178,,FL,OCALA,2026-08-27,,,2025,Boat,New,,75.92,12.72,pcarter,,3,12.49,3800,3800,false,,,13.49,Silver 1,Silver 1,1.48,0,,0,25620.28,661,Source One Financial Services,VA, johnmichael zayas,0,0,FL178,Silver
252950,eavila,27785.2,180,Contract Received,"OUTBACK RV OF TEXAS, CO. - TX410",,TX,DENTON,2026-08-27,2026-09-03,,2026,RV,New,,26.33,0.87,gott,,9611,9.74,6000,6000,false,,412,10.74,Core,Core,1.09,0,,0,25485,739,Source One Financial Services,OK, tiffanie dodson,1,1,TX410,Core
252830,lgrace,68532,180,Decline,Collins Inc of Johnston Co - NC148,,NC,Smithfield,2026-08-27,,,2022,Boat,Used,,44.12,8.85,jsmith,,14,13.24,10000,10000,false,,,14.24,Silver 1,Silver 1,1.19,0,,0,57500,671,Source One Financial Services,NC, melissa sexton,0,0,NC148,Silver
252884,rsimmons,49560.05,180,Decline,RGV RV SALES - TX569,,TX,Mission,2026-08-27,,,2027,RV,New,,20.14,5.39,gott,,33,12.49,5020,5020,false,,,13.49,Silver 1,Silver 1,1.04,0,,0,47496,666,Source One Financial Services,TX, aldo camarillo,0,0,TX569,Silver
252717,sbaker,28275.62,180,Decline,HOWDY RANCH RV - TX315,,TX,Mathis,2026-08-27,,,2022,RV,Used,,38.66,7.08,gott,,22,10.74,2900,2900,false,,,12.24,Core,Core,1.57,0,,0,18050,698,Source One Financial Services,TX, ivy martinez,0,0,TX315,Core
252758,,13953,120,Auto Decline,SAVA RV - FL284,,FL,Fort Myers,2026-08-27,,,2019,RV,Used,,60.15,5.54,wstoutimore,,0,22.99,10000,10000,false,,,23.99,Bronze,Bronze,0.65,0,,0,21500,610,Source One Financial Services,OK,,0,0,FL284,Business First
252818,rsimmons,42599.22,180,Conditional Approval,GREAT AMERICAN RV SUPERSTORE-BREAUX BRIDGE - LA104,,LA,BREAUX BRIDGE,2026-08-27,2026-08-27,,2027,RV,New,,24.65,6.23,gott,,15,13.74,4198,4198,false,,,14.74,Silver 1,Silver 1,1.02,0,,0,41800,660,Source One Financial Services,LA, james duos,1,1,LA104,Silver
252683,avera,89097.79,240,Auto Approval,Rock Solid Funding LLC - TX536,RSF,TX,BEDFORD,2026-08-27,2026-08-27,,2027,RV,New,736,31.69,2.74,S1House,,379,7.74,4250,4250,false,,,8.74,Core,Not Applicable,1.05,0,,0,84535,714,Connexus Credit Union,CA, caleb grassi,1,1,TX536,Not Applicable
252674,rsimmons,20631.6,180,Booked,Clear Creek Camping LLC-TX396,,TX,Abilene,2026-08-27,2026-09-01,2026-09-01,2025,RV,Used,,24.73,3.56,gott,7688,7642,9.74,2000,2000,false,46,0,11.24,Core,Core,1.09,1237.9,6,0,18850,736,Source One Financial Services,TX, mark connally,1,0,TX396,Core
252851,,54162.42,240,Auto Decline,Blue Compass RV - Charlotte - NC153,Blue Compass,NC,Concord,2026-08-27,,,2026,RV,Used,,36.23,9.09,jsmith,,0,14.99,6000,13000,false,,,15.99,Silver 2,Silver 2,0.9,0,,0,59994,623,Source One Financial Services,NC,,0,0,NC153,Silver
252908,mlomedico,125087.18,240,Booked,Lakeland RV -WI515,,WI,Milton,2026-08-27,2026-08-31,2026-08-31,2026,RV,New,753,20.23,3.72,S1House,6201,6179,9.24,1000,20625.23,false,17,5,7.39,Core,Core,1.17,1250.87,1,0,106615,762,Source One Financial Services,WI, kevin schmidt,1,0,WI515,Core
252954,edominguez,53330,180,Decline,BOBBY COMBS RV CENTER - HAYDEN - ID105,,ID,HAYDEN,2026-08-27,,,2024,RV,Used,,53.05,14.09,ljablonoski,,27,10.24,0,0,false,,,11.74,Core,Core,1.14,0,,0,46950,693,Source One Financial Services,ID,,0,0,ID105,Core
252862,Jhill,17426,144,Conditional Approval,"Holman Motors, Inc. -OH111",,OH,Batavia,2026-08-27,2026-08-27,,2022,RV,Used,,12.83,7.07,jharrington1,,33,10.49,2000,2000,false,,,11.99,Core,Core,0.95,0,,0,18300,700,Source One Financial Services,KY,,1,1,OH111,Core
252790,Jhill,37385.86,180,Booked,Gil Cherry Family RV Center LLC -TX130,,TX,Sweetwater,2026-08-27,2026-08-27,2026-08-28,2025,RV,New,,17.12,2.46,gott,1521,52,7.49,4000,4000,false,1456,13,8.99,Core,Core,0.99,2243.15,6,0,37842,833,Source One Financial Services,TX, zach burwick,1,0,TX130,Core
252685,lgrace,70834.2,240,Auto Approval,OWENSBORO RV - KY119,,KY,OWENSBORO,2026-08-27,2026-08-29,,2027,RV,New,,32.19,13.79,jharrington1,,2808,9.99,30000,30000,false,,,11.49,Core,Core,0.7,0,,0,100918,716,Source One Financial Services,IN, scott stacy,1,1,KY119,Core
252786,eavila,23960.95,180,Decline,Blue Compass RV - Surprise - AZ363,Blue Compass,AZ,Surprise,2026-08-27,,,2019,RV,Used,,14.71,2.68,edominguez,,10,16.24,2500,2500,false,,,17.24,Silver 1,Not Applicable,1.15,0,,0,20900,640,Source One,AZ, zachary lauer,0,0,AZ363,Not Applicable
252705,ccampos,115021.62,240,Conditional Approval,Campers Inn RV of Knoxville E - TN160,Campers Inn,TN,Knoxville,2026-08-27,2026-08-27,,2027,RV,New,,33.37,12.4,jsmith,,126,7.74,9300,19300,false,,,8.74,Core,Not Applicable,1.01,0,,0,114283,785,Connexus Credit Union,AL, radu puraci,1,1,TN160,Not Applicable
252690,lgrace,29993.9,180,Decline,Rinkers Boat World - Houston - ETX132,EPIC,TX,Houston,2026-08-27,,,2019,Boat,Used,,84.42,7.39,S1House,,3,10.74,0,0,false,,,12.24,Core,Core,1.05,0,,0,28545,729,Source One Financial Services,TX, sierra whitmire,0,0,ETX132,Core
252787,ccampos,5484.9,60,Decline,BUDS RV WORLD - KY101,,KY,Madisonville,2026-08-27,,,2026,RV,New,,20.41,1.42,jharrington1,,56,13.99,4000,4000,false,,,14.49,Silver 1,Not Applicable,0.39,0,,0,14074,672,Connexus Credit Union,KY, tom kimmel,0,0,KY101,Not Applicable
252839,,17293,144,Auto Decline,Foothills Marine of Lake Norman- NC144,,NC,Mooresville,2026-08-27,,,2026,Boat,New,,46.8,3.69,jsmith,,0,13.74,2000,2000,false,,,14.74,Silver 1,Silver 1,1.06,0,,0,16385,651,Source One Financial Services,NC,,0,0,NC144,Silver
252913,pmeza,30079,180,Decline,Bourbon RV - MO167,,MO,Bourbon,2026-08-27,,,2023,RV,Used,671,77.04,4.22,jweller,,13,9.99,3000,3000,false,,,11.49,Core,Core,0.9,0,,0,33400,741,Source One Financial Services,MO, devian williams,0,0,MO167,Core
252870,lgrace,108121.04,240,Approved,HOWARD RV CENTER - NC145,,NC,Wilmington,2026-08-27,2026-08-27,,2022,RV,Used,875,22.23,7.67,jsmith,,89,7.74,30000,30000,false,,,8.74,Core,Not Applicable,0.79,0,,0,136650,832,Connexus Credit Union,OK, dan hilton,1,1,NC145,Not Applicable
252966,lgrace,34000,180,Approved,Giant RV - Montclair - SCA155,Giant RV,CA,Montclair,2026-08-27,2026-08-28,,2023,RV,Used,,33.67,7.34,jrubi,,749,7.99,1200,1200,false,,,9.49,Core,Core,0.99,0,,0,34300,844,Source One Financial Services,CA, julio sanchez,1,1,SCA155,Core
252761,eavila,54872.34,204,Booked,Blue Compass RV - St. Louis - MO230,Blue Compass,MO,Eureka,2026-08-27,2026-08-29,2026-08-29,2027,RV,New,707,31.67,2.93,jweller,2913,2769,7.49,12200,-5048.73,false,143,1,8.99,Core,Core,1.51,3292.34,6,0,36361.5,803,Source One Financial Services,MO, alex kennard,1,0,MO230,Core
252935,Jhill,67370.29,240,Booked,Campers Inn Kings Mountain -NC108,Campers Inn,NC,Kings Mountain,2026-08-27,2026-09-01,2026-09-01,2027,RV,New,708,46.88,6.9,jsmith,7303,7269,7.49,500,500,false,23,11,8.99,Core,Core,1.27,4042.22,6,0,53228,829,Source One Financial Services,NC, hunter lee,1,0,NC108,Core
252829,pmeza,15161.73,144,Auto Approval,SUNRISE MARINE CENTER - AR109,,AR,SEARCY,2026-08-27,2026-08-27,,2027,Boat,New,,45.81,2.94,jweller,,223,9.49,5000,5000,false,,,10.99,Core,Core,1.06,0,,0,14322.06,749,Source One Financial Services,TX, makayla cheatham,1,1,AR109,Core
252828,Jhill,72557.4,204,Auto Approval,BLUE COMPASS RV - SOUTH HOUSTON  - TX421,Blue Compass,TX,Alvin,2026-08-27,2026-08-27,,2022,RV,Used,756,35.88,3.47,gott,,62,8.49,5000,5000,false,,,9.99,Core,Core,0.86,0,,0,84400,798,Source One Financial Services,TX, frank carranza,1,1,TX421,Core
252967,avera,48223.94,180,Decline,General Rv Center - Huntley IL - IL234,General RV,IL,Huntley,2026-08-27,,,2018,RV,Used,634,48.15,3.99,gcoulombe,,699,10.49,6000,6000,false,,,11.99,Core,Core,1.24,0,,0,38850,748,Source One Financial Services,IL, faraon ocampo,0,0,IL234,Core
252743,rsimmons,24006,180,Auto Approval,"Campers Inn RV of South Louisville, Inc. - KY147",Campers Inn,KY,Lebanon Junction,2026-08-27,2026-08-27,,2021,RV,Used,,15.24,3.31,jharrington1,,20,9.99,3000,3000,false,,,11.49,Core,Core,0.97,0,,0,24700,760,Source One Financial Services,CA, david williams,1,1,KY147,Core
252678,sbaker,160043.57,180,Decline,Gulf Coast Marine -TX266,,TX,Corpus Christi,2026-08-27,,,2026,Boat,New,,43.78,16.53,gott,,15,9.74,8000,-2800,false,,,11.24,Core,Core,1.09,0,,0,146765.8,739,Source One Financial Services,TX, melisa dlabaja,0,0,TX266,Core
252672,lgrace,8712.25,60,Booked,RCD RV - Medina - OH206,,OH,medina,2026-08-27,2026-09-01,2026-09-01,2014,RV,Used,,24.18,2.46,jharrington1,7724,7639,13.49,850,850,false,83,2,13.99,Core,Core,0.84,174.25,2,0,10350,696,Source One Financial Services,OH, nathan olesh,1,0,OH206,Core
252965,eavila,21623.43,180,Booked,RV's of Sacramento - NCA136,,CA,Elk Grove,2026-08-27,2026-08-31,2026-08-31,2026,RV,New,,44.3,2.46,jrubi,5823,5437,9.49,0,0,false,382,4,10.99,Core,Core,1.26,1297.41,6,0,17197,758,Source One Financial Services,CA, branda morgan,1,0,NCA136,Core
252792,mlomedico,129554.82,180,Decline,Bretz RV & Marine - WA153,Bretz RV,WA,Pasco,2026-08-27,2026-08-28,,2026,RV,New,763,44.67,14.67,ljablonoski,,8808,8.99,85000,54647.53,false,,,9.74,Core,Core,0.81,0,,0,159455,791,Source One Financial Services,WA, tawny hanson,0,0,WA153,Core
252898,thovey,64425,180,Conditional Approval,Countryside Campers - IL203,,IL,Pana,2026-08-27,2026-08-28,,2020,RV,Used,853,31.78,4.2,gcoulombe,,1100,8.24,14500,14500,false,,,9.24,Core,Not Applicable,0.88,0,,0,72828,835,Connexus Credit Union,IL,,1,1,IL203,Not Applicable
252670,lgrace,67384,180,Auto Approval,"Vantage Recreational Finance, Inc. -FL291",VRF,FL,FORT LAUDERDALE,2026-08-27,2026-09-03,,2011,RV,Used,,36.84,6.49,S1House,,10383,11.24,6900,6900,false,,,12.24,Core,Core,0.68,0,,0,99300,729,Source One Financial Services,OH, linda lemire,1,1,FL291,Core
252833,mlomedico,146492.5,240,Auto Approval,Germaine Marine/Tige Performance LLC -AZ131,,AZ,Mesa,2026-08-27,2026-08-31,,2026,Boat,New,,33.76,3.61,edominguez,,5951,8.24,20000,20000,false,,,9.74,Core,Core,1.05,0,,0,139735,780,Source One Financial Services,UT, adan brewer,1,1,AZ131,Core
252759,Jhill,58717.27,240,Approved,CAMPERS INN ATLANTA -GA122,Campers Inn,GA,TUCKER,2026-08-27,2026-08-27,,2025,RV,Used,,36.42,7.57,jsmith,,32,10.24,10000,10032.85,false,,,11.74,Core,Core,1.09,0,,0,53750,687,Source One Financial Services,GA, scott hayes,1,1,GA122,Core
252785,,13078.78,144,Auto Decline,Bob Hurley RV-Tulsa OK137,,OK,Tulsa,2026-08-27,,,2013,RV,Used,,52.75,3.22,jweller,,0,14.24,1000,1000,false,,,15.24,Silver 1,Silver 1,1.12,0,,0,11700,674,Source One Financial Services,OK,,0,0,OK137,Silver
252944,,54846.19,240,Auto Decline,B&D RV Center - UT124,Easy Care,UT,Vernal,2026-08-27,,,2026,RV,New,,34.02,7.31,ljablonoski,,0,14.99,0,8400,false,,,15.99,Silver 2,Silver 2,1.12,0,,0,49099,627,Source One Financial Services,UT,,0,0,UT124,Silver
252808,pmeza,36119.67,204,Auto Approval,ROCKINGHAM MARINE - TN139,,TN,JOHNSON CITY,2026-08-27,2026-08-27,,2022,Boat,Used,,23.55,1.6,jsmith,,28,7.74,0,0,false,,,9.24,Core,Core,0.87,0,,0,41650,881,Source One Financial Services,GA, natalie hilton,1,1,TN139,Core
252681,lgrace,30066.61,144,Decline,Hometown RV LLC- PA138,Warrior Performance,PA,Brockway,2026-08-27,,,2026,RV,New,645,27.45,3.36,jharrington1,,4,12.49,3000,3000,false,,,13.49,Silver 1,Silver 1,0.94,0,,0,32032,663,Source One Financial Services,PA, dave waters,0,0,PA138,Silver
252789,rsimmons,11581.9,144,Decline,Liberty Trail RV - Sulphur Springs - TX580,,TX,Sulphur Springs,2026-08-27,,,2014,RV,Used,,41.87,2.07,gott,,43,15.49,1157,1157,false,,,16.49,Silver 1,Silver 1,1.54,0,,0,7500,650,Source One Financial Services,TX, shawn ketchum,0,0,TX580,Silver
252742,hhisek,79897.15,216,Conditional Approval,RV Value Mart-Bethlehem-PA125,,PA,Bath,2026-08-27,2026-08-27,,2026,RV,New,676,28.58,4.52,jharrington1,,16,8.99,5000,6300,false,,,10.49,Core,Core,1.24,0,,0,64470,742,Source One Financial Services,PA, marty dieppa,1,1,PA125,Core
252791,mnava,49252,180,Decline,SIMI RECREATIONAL VEHICLE SALES - SCA144,,CA,SIMI VALLEY,2026-08-27,,,2026,RV,New,,21.68,4.81,jrubi,,13,9.99,5000,5000,false,,,11.49,Core,Core,0.94,0,,0,52485,702,Source One Financial Services,CA,,0,0,SCA144,Core
252875,lgrace,37078.71,180,Decline,FC MARINE - OH172,,OH,NEW FRANKLIN,2026-08-27,,,2026,Boat,New,,54.26,6.35,jharrington1,,55,9.49,3000,3000,false,,,10.99,Core,Core,1.11,0,,0,33257.27,750,Source One Financial Services,OH, kenneth grimes,0,0,OH172,Core
252894,rsimmons,37650.6,180,Decline,Big D Marine and Powersports -TX205,,TX,Huntsville,2026-08-27,,,2026,Boat,New,,39.16,3.14,gott,,17,13.74,0,0,false,,,14.74,Silver 1,Silver 1,1.36,0,,0,27761,657,Source One Financial Services,TX, ronald brown,0,0,TX205,Silver
252669,avera,33290.03,180,Auto Approval,Colaw RV Sales -MO110,,MO,Carthage,2026-08-27,2026-08-27,,2017,RV,Used,652,21.34,5.38,jweller,,49,10.74,1000,1000,false,,,12.24,Core,Core,0.72,0,,0,46200,738,Source One Financial Services,MO, hailey coss,1,1,MO110,Core
252680,lgrace,32881.72,180,Booked,PERFORMANCE EAST - NC113,,NC,GOLDSBORO,2026-08-27,2026-09-02,2026-09-02,2027,Boat,New,,35.08,4.13,jsmith,9012,8791,9.49,3400,3400,false,218,3,7.39,Core,Core,1.12,328.82,1,0,29231,754,Source One Financial Services,NC, dalton pearce,1,0,NC113,Core
252721,ccampos,47587,180,Auto Approval,Sea Ray of Cincinnati - OH240,,OH,Cincinnati,2026-08-27,2026-08-27,,2018,Boat,Used,,14.27,5.44,jharrington1,,16,10.99,2300,2300,false,,,12.49,Core,Core,1.12,0,,0,42660,706,Source One Financial Services,OH, john strietmann,1,1,OH240,Core
252842,,23133,144,Auto Decline,GARLANDS RV OF TENNESSEE - TN122,,TN,SPRINGVILLE,2026-08-27,,,2026,RV,Used,,25.04,4.13,jsmith,,0,22.99,3000,3000,false,,,23.99,Bronze,Bronze,0.81,0,,0,28700,584,Source One Financial Services,TN,,0,0,TN122,Business First
252722,,22513.79,180,Auto Decline,San Antonio Rvs -TX265,,TX,Seguin,2026-08-27,,,2024,RV,Used,,49.24,4.09,gott,,0,22.99,2300,2300,false,,,23.99,Bronze,Bronze,0.72,0,,0,31295,495,Source One Financial Services,TX,,0,0,TX265,Business First
252711,avera,30004.75,180,Approved,Casita Travel Trailers - TX563,RDS,TX,Rice,2026-08-27,2026-08-27,,2026,RV,New,,30.07,8.47,gott,,52,7.24,15000,15000,false,,,8.49,Core,Not Applicable,0.83,0,,0,36116,782,Connexus Credit Union,CA, andy krier,1,1,TX563,Not Applicable
252693,sbaker,36008.43,144,Verifications Incomplete,PRIMEAUX RV SUPERSTORE - CARENCRO - LA102,,LA,CARENCRO,2026-08-27,2026-09-01,,2022,RV,Used,,20.75,4.02,gott,,7393,12.74,3100.01,3100.01,false,,0,12.74,Silver 1,Not Applicable,1.15,0,,0,31285,660,Connexus Credit Union,LA, shannon rogers,1,1,LA102,Not Applicable
252846,lgrace,68230.56,240,Conditional Approval,RV Dynasty - IN177,,IN,Bunker Hill,2026-08-27,2026-08-27,,2026,RV,New,729,9.51,7.67,jharrington1,,99,7.24,7000,7000,false,,,8.24,Core,Not Applicable,0.81,0,,0,84401,772,Connexus Credit Union,TN, andrew overton,1,1,IN177,Not Applicable
252813,lgrace,97510.85,240,Decline,ANGLERS CHOICE - LEXINGTON - NC101,,NC,LEXINGTON,2026-08-27,,,2026,Boat,New,591,7.21,6.96,jsmith,,6,9.99,30000,30000,false,,,11.49,Core,Core,0.86,0,,0,113136,718,Source One Financial Services,NC, lee parker,0,0,NC101,Core
252732,thovey,54027.12,180,Booked,General RV - West Chester - PA113,General RV,PA,West Chester,2026-08-27,2026-09-01,2026-09-03,2019,RV,Used,605,36.22,4.35,jharrington1,10399,7145,8.49,10500,10500,false,3254,0,9.99,Core,Core,1.01,3241.63,6,0,53418,870,Source One Financial Services,PA, dan hixon,1,0,PA113,Core
252946,ccampos,56021.8,240,Approved,FUN TOWN RV SAN ANTONIO LP - TX465,Fun Town,TX,CIBOLO,2026-08-27,2026-08-27,,2026,RV,New,,42.95,5.62,gott,,27,9.74,5500,5500,false,,,11.24,Core,Core,0.95,0,,0,58847,729,Source One Financial Services,TX, franz grimes,1,1,TX465,Core
252882,,18176.5,144,Auto Decline,Intercoastal Financial Group LLC - 17401746,IFG,FL,Vero Beach,2026-08-27,,,2021,RV,Used,,9.34,1.97,S1House,,0,15.74,3000,3000,false,,,16.74,Silver 2,Silver 2,0.76,0,,0,24050,633,Source One Financial Services,MO,,0,0,17401746,Silver
252747,,17199,120,Auto Decline,I-70 RV CENTER - MO200,,MO,WILLIAMSBURG,2026-08-27,,,2021,RV,New,,9.35,1.99,jweller,,0,15.74,0,0,false,,,16.74,Silver 2,Silver 2,0.95,0,,0,18200,633,Source One Financial Services,MO,,0,0,MO200,Silver
252773,ahunt,21719,120,Auto Approval,RANGE RV - SCA118,,CA,HESPERIA,2026-08-27,2026-08-28,,2026,RV,New,,41.94,2.76,jrubi,,1829,7.49,10000,10000,false,,,8.99,Core,Core,0.72,0,,0,30274,824,Source One Financial Services,CA,,1,1,SCA118,Core
252811,thovey,55870.15,180,Decline,Toons Grand Lake LLC - OK144,Easy Care,OK,Grove,2026-08-27,,,2025,Boat,New,,18.49,3.01,jweller,,20,9.99,6000,6000,false,,,11.49,Core,Core,1.11,0,,0,50405,719,Source One Financial Services,MO, jim lakes,0,0,OK144,Core
252779,pmeza,13633.68,144,Booked,Titan Auto & Rv Sales - AR117,,AR,Searcy,2026-08-27,2026-08-28,2026-08-28,2021,RV,Used,650,29.54,1.32,jweller,1494,1303,13.24,1400,1400,false,191,0,14.24,Silver 1,Silver 1,0.93,545.35,4,0,14600,668,Source One Financial Services,AR, dylan melton,1,0,AR117,Silver
252781,lgrace,19274.32,144,Auto Approval,CAMP-A-RAMA - KY146,Warrior Performance,KY,Benton,2026-08-27,2026-08-28,,2016,RV,Used,758,33.2,1.97,jharrington1,,1800,8.99,0,0,false,,,10.24,Core,Core,1.34,0,,0,14350,788,Source One Financial Services,KY, kyle smith,1,1,KY146,Core
252715,ccampos,49032.35,240,Decline,Crowder RV Center- TN109,Canopy Financial,TN,Johnson City,2026-08-27,,,2026,RV,New,646,60.94,8.83,jsmith,,9,13.74,8000,20061.61,false,,,14.74,Silver 1,Silver 1,1.28,0,,0,38406.5,655,Source One Financial Services,TN, mac mclelland,0,0,TN109,Silver
252753,rsimmons,26051.25,180,Booked,ACTION MARINE -AL142,,AL,DOTHAN,2026-08-27,2026-09-01,2026-09-01,2023,Boat,Used,,11.28,1.32,jsmith,7462,7439,7.99,10000,10000,false,23,0,6.99,Core,Core,0.68,260.51,1,0,38440,833,Source One Financial Services,AL, greg schroll,1,0,AL142,Core
252897,rsimmons,52357.08,180,Conditional Approval,Ron Hoover - Amarillo - TX513,Ron Hoover,TX,Amarillo,2026-08-27,2026-08-27,,2026,RV,New,,34.36,5.82,gott,,30,13.74,6100,11709,false,,,14.74,Silver 1,Silver 1,1.15,0,,0,45665,642,Source One Financial Services,NM, travis newsom,1,1,TX513,Silver
252800,,67999.8,240,Auto Decline,La Mesa RV Center - Sanford - FL315,La Mesa,FL,Sanford,2026-08-27,,,2018,RV,Used,,27.21,6.78,pcarter,,0,16.24,15000,15000,false,,,17.24,Silver 2,Silver 2,0.92,0,,0,74030,627,Source One Financial Services,MA,,0,0,FL315,Silver
252776,avera,22690.16,180,Conditional Approval,Pikeville RV Sales Inc - KY137,,KY,Pikeville,2026-08-27,2026-08-27,,2026,RV,New,,27.88,6.97,jharrington1,,20,12.49,2500,2500,false,,,13.49,Silver 1,Silver 1,0.85,0,,0,26634,667,Source One Financial Services,KY, richard brown,1,1,KY137,Silver
252673,,17272.02,144,Auto Decline,OPTIMUM RV PHILADELPHIA - PA106,Optimum RV,PA,POTTSTOWN,2026-08-27,,,2018,RV,Used,562,35.04,1.1,jharrington1,,0,22.99,3000,3000,false,,,23.99,Bronze,Bronze,1.18,0,,0,14600,588,Source One Financial Services,PA,,0,0,PA106,Business First
252880,mnava,106269,240,Auto Approval,RNR RV CENTER - SPOKANE - WA150,,WA,Spokane,2026-08-27,2026-08-27,,2025,RV,New,,8.47,4.13,ljablonoski,,260,6.74,12000,12000,false,,,6.99,Core,Core,0.82,0,,0,129433,740,Source One Financial Services,WA,,1,1,WA150,Core
252873,Jhill,16071.36,144,Conditional Approval,JEFF COUCHS CAMPERS -OH107,Jeff Couchs,OH,Trenton,2026-08-27,2026-08-27,,2026,RV,New,,5.03,5.03,jharrington1,,120,7.49,1700,1700,false,,,8.49,Core,Not Applicable,0.72,0,,0,22319,734,Connexus Credit Union,FL, bryon spencer,1,1,OH107,Not Applicable
252955,jrubi,15405.43,144,Decline,RV's of Sacramento - NCA136,,CA,Elk Grove,2026-08-27,,,2016,RV,Used,,43.87,2.03,jrubi,,36,10.49,0,0,false,,,11.99,Core,Core,2.28,0,,0,6750,758,Source One Financial Services,CA, branda morgan,0,0,NCA136,Core
252843,rsimmons,17241.98,144,Decline,Princess Craft RV -TX191,,TX,Round Rock,2026-08-27,,,2018,RV,Used,,56.29,6.4,gott,,13,11.24,1400,-2372,false,,,12.74,Core,Core,1.49,0,,0,11605,682,Source One Financial Services,TX, lane lambright-reed,0,0,TX191,Core
252805,,16814.15,120,Auto Decline,BISH'S RV OF OMAHA - NE100,Bish's RV,NE,BELLEVUE,2026-08-27,,,2016,RV,Used,,19.03,5.4,dzilberchtein,,0,16.24,2500,2500,false,,,17.24,Silver 2,Silver 2,0.88,0,,0,19135,637,Source One Financial Services,IA,,0,0,NE100,Silver
252931,Jhill,60675.29,240,Approved,Campers Inn Kings Mountain -NC108,Campers Inn,NC,Kings Mountain,2026-08-27,2026-08-27,,2027,RV,New,708,46.22,6.23,jsmith,,26,7.49,500,500,false,,,8.99,Core,Core,1.04,0,,0,58486.2,829,Source One Financial Services,NC, hunter lee,1,1,NC108,Core
252945,,38403,180,Auto Decline,COUNTY LINE CAMPERS - MS108,,MS,GULFPORT,2026-08-27,,,2021,RV,Used,,54.57,14.71,jsmith,,13,22.99,4200,4200,false,,,23.99,Bronze,Bronze,0,0,,0,0,598,Source One Financial Services,MS,,0,0,MS108,Business First
252777,rsimmons,38862.5,180,Auto Approval,Willis and Co RV - TX566,Easy Care,TX,Granbury,2026-08-27,2026-08-28,,2021,RV,Used,723,42.72,1.22,gott,,1250,10.24,2500,2500,false,,,11.74,Core,Core,1.05,0,,0,37100,795,Source One Financial Services,TN, bradley taylor,1,1,TX566,Core
252729,lgrace,35700.48,180,Approved,NewCoast - Boatzon - FL356,Marine Max,FL,Oldsmar,2026-08-27,2026-08-27,,2026,RV,New,,27.76,3.63,S1House,,7,7.49,2000,2000,false,,,8.99,Core,Core,1.07,0,,0,33381,861,Source One Financial Services,VA, dan welte,1,1,FL356,Core
252962,,49963,180,Auto Decline,Ron Hoover Companies of Tulsa - OK157,Ron Hoover,OK,Claremore,2026-08-27,,,2024,RV,Used,,60.49,20.49,jweller,,0,22.99,4000,4000,false,,,23.99,Bronze,Bronze,0.92,0,,0,54100,,Source One Financial Services,OK,,0,0,OK157,Business First
252926,hhisek,219155.15,180,Decline,MarineMax - Monkey Island - OK162,Marine Max,OK,Monkey Island,2026-08-27,,,2018,Boat,Used,651,33.71,7.04,S1House,,58,14.99,23000,23000,false,,,15.99,Silver 1,Not Applicable,0.96,0,,0,229150,652,Ideal Credit Union,OK, jacqueline lipps,0,0,OK162,Not Applicable
252860,mlomedico,12713.75,120,Booked,"EPIC FINANCE, LLC. - 17401748",EPIC,NC,WILMINGTON,2026-08-27,2026-09-03,2026-09-03,2017,RV,Used,,10.31,3.5,S1House,10148,9880,8.49,2000,2000,false,268,0,9.99,Core,Core,0.72,762.82,6,0,17750,803,Source One Financial Services,NC, mia williams,1,0,17401748,Core
252923,pmeza,44239.54,240,Auto Approval,RV's of Sacramento - NCA136,,CA,Elk Grove,2026-08-27,2026-08-27,,2026,RV,New,810,46.07,1.87,jrubi,,21,7.24,0,22300,false,,,8.74,Core,Core,0.77,0,,0,57502,802,Source One Financial Services,CA, branda morgan,1,1,NCA136,Core
252771,ccampos,15486.44,144,Booked,SKYRIVER RV - FRESNO - NCA138,SkyRiver,CA,Fresno,2026-08-27,2026-08-29,2026-08-31,2019,RV,Used,,34.39,1.06,jrubi,6143,2996,10.24,5000,5000,false,3146,1,10.99,Core,Core,0.83,464.59,3,0,18650,741,Source One Financial Services,CA, julien castillo,1,0,NCA138,Core
252795,ccampos,91296.81,180,Decline,Bish's RV of Fairfield - SCA178,Bish's RV,CA,Fairfield,2026-08-27,,,2026,RV,New,701,21.52,7.36,jrubi,,221,10.24,7074,7074,false,,,11.74,Core,Not Applicable,1.13,0,,0,80770,723,Connexus Credit Union,CA, david mcclanahan,0,0,SCA178,Not Applicable
252701,avera,32722.64,204,Booked,Fun Time Campers -IN122,,IN,Indianapolis,2026-08-27,2026-09-01,2026-09-01,2026,RV,New,,10.94,1.63,jharrington1,7632,7483,9.49,5000,5000,false,149,0,10.99,Core,Core,1,1963.36,6,0,32863.11,712,Source One Financial Services,OH, hank bainbridge-blocker,1,0,IN122,Core
252682,,103906.41,240,Auto Decline,CAMPERS INN RV OF RALEIGH INC - NC109,Campers Inn,NC,SELMA,2026-08-27,,,2026,RV,New,,63.93,22.43,jsmith,,0,9.49,0,13063.67,false,,,10.99,Core,Core,1.28,0,,0,81074.2,752,Source One Financial Services,NC,,0,0,NC109,Core
252631,,45295,180,Auto Decline,"East Side Marine, Inc. -IN140",,IN,Evansville,2026-08-27,,,2023,Boat,Used,693,41.7,4.33,jharrington1,,0,13.24,0,0,false,,,14.24,Silver 1,Silver 1,1.12,0,,,40380,661,Source One Financial Services,IN,,0,0,IN140,Silver
252877,lgrace,26610.5,180,Decline,REEDER TRAUSCH MARINES - IN187,,IN,ROCKVILLE,2026-08-27,,,2007,Boat,Used,,34.89,5.12,jharrington1,,56,14.74,1000,1000,false,,,15.74,Silver 1,Silver 1,1.38,0,,0,19340,664,Source One Financial Services,IL, dillon furry,0,0,IN187,Silver
252802,rsimmons,10474.86,120,Decline,Liberty Trail RV - Sulphur Springs - TX580,,TX,Sulphur Springs,2026-08-27,,,2014,RV,Used,,42.24,2.44,gott,,19,22.99,1200,1200,false,,,23.99,Silver 1,Silver 1,1.4,0,,0,7500,650,Source One Financial Services,TX, shawn ketchum,0,0,TX580,Silver
252889,eavila,13817.18,144,Decline,"EPIC FINANCE, LLC. - 17401748",EPIC,NC,WILMINGTON,2026-08-27,,,2011,RV,Used,660,63.02,1.84,S1House,,28,11.74,1500,1500,false,,,13.24,Core,Core,1.45,0,,0,9515,681,Source One Financial Services,AZ, mark roberts,0,0,17401748,Core
252738,avera,111293,180,Auto Approval,HOWARD RV CENTER - NC145,,NC,Wilmington,2026-08-27,2026-09-03,,2026,RV,New,877,39.14,2.93,jsmith,,10205,9.49,12000,12000,true,,,11.49,Business First,Business First,1.01,0,,0,110443,,Source One Financial Services,NC, bill mirrielees,1,1,NC145,Business First
252691,Jhill,53375.5,240,Decline,Optimum RV - Bonne Terre - MO215,Optimum RV,MO,Bonne Terre,2026-08-27,,,2025,RV,New,,15.29,1.62,jweller,,2,12.49,1250,1250,false,,,13.49,Silver 1,Silver 1,1,0,,0,53438,663,Source One Financial Services,GA, joshua brewer,0,0,MO215,Silver
252769,,11633,144,Auto Decline,Salem RV Center Inc-PA118,,PA,Selinsgrove,2026-08-27,,,2019,RV,Used,621,19.93,2.01,jharrington1,,0,16.24,0,5000,false,,,17.24,Silver 2,Silver 2,0.61,0,,0,19110,625,Source One Financial Services,PA,,0,0,PA118,Silver
252824,avera,19710.75,168,Conditional Approval,General RV - Winter Garden - FL239,General RV,FL,Winter Garden,2026-08-27,2026-08-27,,2018,RV,Used,,40.36,4.75,pcarter,,20,10.74,1000,1000,false,,,12.24,Core,Core,1.2,0,,0,16400,740,Source One Financial Services,FL, dj daenzer,1,1,FL239,Core
252757,,25524.65,180,Cancelled,SMITH MOTOR CO OF HATTIESBURG INC - MS107,,MS,HATTIESBURG,2026-08-27,,,2027,Boat,New,,0,0,jsmith,,,22.99,48000,48000,false,,,23.99,Bronze,Bronze,0.69,0,,0,36818.7,,Source One Financial Services,TN, lisa hartfield,0,0,MS107,Business First
252890,hhisek,20045.63,144,Decline,Millican RV America - AL103,,AL,Hanceville,2026-08-27,2026-08-27,,2021,RV,Used,,21.79,4.56,jsmith,,6891,8.49,2000,2000,false,,,9.24,Core,Not Applicable,0.69,0,,0,29050,720,Connexus Credit Union,TX, tim hopkins,0,0,AL103,Not Applicable
252794,lgrace,12186.11,180,Decline,General RV - Fort Myers - FL240,General RV,FL,Fort Myers,2026-08-27,,,2020,RV,Used,660,46.26,1.94,wstoutimore,,20,13.24,2000,2000,false,,,14.24,Silver 1,Silver 1,1.06,0,,0,11450,664,Source One Financial Services,FL, dustin knaggs,0,0,FL240,Silver
252907,ccampos,78999,240,Decline,"Vantage Recreational Finance, Inc. -FL291",VRF,FL,FORT LAUDERDALE,2026-08-27,,,2023,RV,Used,681,28.28,6.98,S1House,,1407,14.49,5000,5000,false,,,15.49,Silver 1,Silver 1,0.85,0,,0,93022,644,Source One Financial Services,AL, megan fitzkee,0,0,FL291,Silver
252867,avera,27607,204,Auto Approval,Warrior Financial - OH236,Warrior Performance,OH,Columbus,2026-08-27,2026-09-03,,2022,RV,Used,,16.03,3.01,jharrington1,,9884,8.74,35000,35000,false,,,9.74,Core,Core,0.61,0,,0,45550,802,Source One Financial Services,SD, nate rose,1,1,OH236,Core
252749,mlomedico,23069.97,144,Decline,Dalton RV LLC-AR132,Warrior Performance,AR,Morrilton,2026-08-27,,,2026,RV,Used,,38.78,6.2,jweller,,28,12.49,0,4000,false,,,13.49,Silver 1,Silver 1,0.79,0,,0,29356,665,Source One Financial Services,AR, dave waters,0,0,AR132,Silver
252874,lgrace,69613,84,Decline,Blue Compass RV - Hickory - NC156,Blue Compass,NC,Claremont,2026-08-27,,,2023,RV,Used,780,19.76,17.99,jsmith,,42,8.74,0,18959,false,,,10.24,Core,Core,0.78,0,,0,88734,826,Source One Financial Services,NC, nathan mcpherson,0,0,NC156,Core
252892,lgrace,66544,240,Decline,PALMETTO BOAT CENTER INC - SC101,,SC,PIEDMONT,2026-08-27,,,2025,Boat,New,635,59.68,3.65,jsmith,,34,12.49,7500,7500,false,,,13.49,Silver 1,Silver 1,1.12,0,,0,59503.08,674,Source One Financial Services,SC, zach whitehead,0,0,SC101,Silver
252770,sbaker,93240.55,240,Booked,Nice Campers.com-AR129,,AR,Russellville,2026-08-27,2026-08-28,2026-08-28,2026,RV,New,696,32.75,6.4,jweller,1516,1349,7.74,10000,10000,false,165,2,9.24,Core,Core,1.02,5594.43,6,0,91189,794,Source One Financial Services,AR, mike dolente,1,0,AR129,Core
252740,hhisek,8498.5,60,Auto Approval,SAVA RV - FL284,,FL,Fort Myers,2026-08-27,2026-08-28,,2018,RV,Used,,13.25,3.57,wstoutimore,,1586,12.99,1000,1000,false,,,13.49,Core,Core,0.88,0,,0,9700,686,Source One Financial Services,PA, victoria childress,1,1,FL284,Core
252820,ahunt,40148.52,240,Booked,Moix RV - Hot Springs Landing LLC - AR135,,AR,Hot Springs,2026-08-27,2026-09-02,2026-09-02,2026,RV,New,,39.18,8.06,jweller,8882,8862,9.74,4000,7258.54,false,20,0,11.24,Core,Core,1.2,2408.91,6,0,33513,725,Source One Financial Services,AR, brayden fisher,1,0,AR135,Core
252727,Jhill,14334.57,144,Decline,Blue Compass RV - Hickory - NC156,Blue Compass,NC,Claremont,2026-08-27,,,2023,RV,Used,,24.31,4.16,jsmith,,11,10.74,1400,1400,false,,,12.24,Core,Core,1.09,0,,0,13100,682,Source One Financial Services,NC, nathan mcpherson,0,0,NC156,Core
252825,rsimmons,14776.44,180,Auto Decline,Ron Hoover - Odessa - TX495,Ron Hoover,TX,Odessa,2026-08-27,,,2019,RV,Used,,48.02,2.93,gott,,16,13.74,5800,5800,false,,,14.74,Silver 1,Silver 1,1.21,0,,0,12230,661,Source One Financial Services,NM, dexter traylor,0,0,TX495,Silver
252806,mnava,49508.43,180,Conditional Approval,THRILLS RV - IN194,,IN,COLUMBIA CITY,2026-08-27,2026-08-27,,2027,RV,New,636,23.47,2.65,jharrington1,,167,7.74,5000,5000,false,,,8.74,Core,Not Applicable,0.93,0,,0,53110,732,Connexus Credit Union,IN, josh mould,1,1,IN194,Not Applicable
252783,hhisek,249215.22,240,Approved,NXTLVL Marine - Fort Worth -  TX547,,TX,Fort Worth,2026-08-27,2026-08-27,,2026,Boat,New,,24.11,8.76,gott,,23,8.24,94000,94000,false,,,9.74,Core,Core,0.98,0,,0,254060,778,Source One Financial Services,TX, kandi ludwick,1,1,TX547,Core
252903,eavila,114446,240,Approved,RV SUPERCENTER - SCA145,,CA,MENIFEE,2026-08-27,2026-08-27,,2020,RV,Used,704,39.22,3.44,jrubi,,44,7.99,13000,13000,false,,,8.99,Core,Not Applicable,0.98,0,,0,116545,827,Connexus Credit Union,CA, veronica costa,1,1,SCA145,Not Applicable
252686,ccampos,77513,240,Decline,MIDWEST MARINE BOAT CO - EMO113,EPIC,MO,Grandview,2026-08-27,,,2026,Boat,New,,104.49,16.33,S1House,,11,9.74,15000,15000,false,,,11.24,Core,Core,0.9,0,,0,86355.08,736,Source One Financial Services,MO, mia williams,0,0,EMO113,Core
252801,ahunt,89118.39,180,Auto Approval,GREAT AMERICAN RV SUPERSTORE-HATTIESBURG - MS113,,MS,HATTIESBURG,2026-08-27,2026-08-27,,2026,RV,New,,13.54,2.17,jsmith,,72,8.74,500,500,false,,,10.24,Core,Core,1.07,0,,0,82980,780,Source One Financial Services,TN, ryan campbell,1,1,MS113,Core
252704,sbaker,62159,240,Auto Approval,Marker 17 Marine LLC - ENC113,EPIC,NC,Wilmington,2026-08-27,2026-08-27,,2022,Boat,Used,848,25.63,2.54,S1House,,249,7.99,40000,40000,false,,,8.99,Core,Core,0.74,0,,0,83860,807,Source One Financial Services,NC, brett light,1,1,ENC113,Core
252850,mlomedico,8444,84,Auto Approval,Rocky Ridge RV of Van Buren - AR115,Rocky Ridge,AR,Van Buren,2026-08-27,2026-08-27,,2026,RV,New,780,23.29,2.38,jweller,,54,8.24,0,5300,false,,,8.74,Core,Core,0.43,0,,0,19595,820,Source One Financial Services,AR,,1,1,AR115,Core
252857,eavila,22971.07,180,Approved,NORRIS MARINE - OK104,,OK,NORMAN,2026-08-27,2026-08-27,,2027,Boat,New,,39.49,2.4,jweller,,37,12.49,2500,2500,false,,,13.49,Silver 1,Silver 1,1.2,0,,0,19210,664,Source One Financial Services,OK,,1,1,OK104,Silver
252807,mlomedico,163890.83,240,Auto Approval,Royal RV & Auto Center Inc - IN203,,IN,Middleberry,2026-08-27,2026-08-28,,2026,RV,New,799,17.82,9.34,jharrington1,,1025,7.49,17042,17042,false,,,8.99,Core,Core,1.02,0,,0,161093,810,Source One Financial Services,MI, jason flick,1,1,IN203,Core
252837,edominguez,99040.37,240,Auto Decline,Southaven RV & Marine - MS115,,MS,Southaven,2026-08-27,,,2026,RV,New,,109.82,6.8,jsmith,,92,13.74,10000,10000,false,,,14.74,Silver 1,Silver 1,1.01,0,,0,98393,652,Source One Financial Services,MS, havanna klamm,0,0,MS115,Silver
252788,lgrace,43260,180,Decline,Optimum RV Inman - SC112,Optimum RV,SC,Inman,2026-08-27,,,2014,RV,Used,,13.3,6.11,jsmith,,6956,11.49,30000,30000,false,,,12.99,Core,Core,0.62,0,,0,69908,704,Source One Financial Services,NC, haven smith,0,0,SC112,Core
252895,hhisek,180782.5,240,Auto Approval,General RV - Tampa - FL238,General RV,FL,Dover,2026-08-27,2026-08-28,,2024,RV,Used,,26.01,8.01,wstoutimore,,1475,7.24,31000,53902,false,,,8.74,Core,Core,1.11,0,,0,162483,853,Source One Financial Services,FL, sebastian beltran,1,1,FL238,Core
252902,,38727.96,180,Auto Decline,Liberty Trail RV - Sulphur Springs - TX580,,TX,Sulphur Springs,2026-08-27,,,2027,RV,New,602,13.85,10.56,gott,,0,22.99,0,0,false,,,23.99,Bronze,Bronze,1.47,0,,0,26335,606,Source One Financial Services,TX,,0,0,TX580,Business First
252927,mlomedico,80064.64,240,Decline,BRETZ RV & MARINE - BOISE - ID118,Bretz RV,ID,Boise,2026-08-27,,,2020,Boat,Used,,33.59,3.38,ljablonoski,,21,13.24,5000,35264.15,false,,,14.24,Silver 1,Silver 1,0.84,0,,0,95117,667,Source One Financial Services,ID, kaymbree lauer,0,0,ID118,Silver
252716,Jhill,30728,144,Decline,Ron Hoover RV & Marine - Oklahoma City - OK155,,OK,Oklahoma City,2026-08-27,,,2024,RV,Used,,50.44,11.84,jweller,,19,11.74,3000,3000,false,,,12.24,Core,Core,0.95,0,,0,32500,736,Source One Financial Services,OK, schyler dayton,0,0,OK155,Core
252772,rsimmons,71456.12,204,Booked,MCLAUGHLINS RV and MARINE -ND112,,ND,FARGO,2026-08-27,2026-08-31,2026-08-31,2026,Boat,New,752,40.29,3.25,dzilberchtein,6272,6253,9.49,1000,1000,false,18,1,10.99,Core,Core,1.18,4287.37,6,0,60398,776,Source One Financial Services,MN, jess mclaughlin,1,0,ND112,Core
252684,Jhill,113543,240,Auto Approval,Docs Marine - ENC122,EPIC,NC,Hickory,2026-08-27,2026-08-27,,2026,Boat,New,,28.52,4.57,S1House,,212,7.24,30000,30000,false,,,8.74,Core,Core,0.98,0,,0,116301.37,863,Source One Financial Services,CA, mark roberts,1,1,ENC122,Core
252932,thovey,78000,120,Decline,HAPPY CAMPERS RV SALES and SERVICE - IN182,,IN,LAFAYETTE,2026-08-27,,,2025,RV,Used,,15.13,5.72,jharrington1,,30,22.99,0,0,false,,,23.99,Core,Core,1.16,0,,0,67250,762,Source One Financial Services,TX, jacob lebeau,0,0,IN182,Core
252845,avera,22807.2,180,Auto Approval,Coastal Recreaction Center LLC - FL283,,FL,Ormond Beach,2026-08-27,2026-08-27,,2024,RV,Used,,4.78,3.76,pcarter,,36,7.49,2400,2400,false,,,8.99,Core,Core,0.74,0,,0,30650,824,Source One Financial Services,SC, ken garrels,1,1,FL283,Core
252929,ccampos,27168.71,180,Auto Approval,Woody Futrell Marine & Aircraft - AR138,,AR,Nashville,2026-08-27,2026-09-03,,2026,Boat,New,,31.62,2.23,jweller,,10169,10.24,2750,2750,false,,,11.74,Core,Core,1.08,0,,0,25109.07,685,Source One Financial Services,TX, mary balch,1,1,AR138,Core
252928,mlomedico,25091.5,180,Auto Approval,"Vantage Recreational Finance, Inc. -FL291",VRF,FL,FORT LAUDERDALE,2026-08-27,2026-08-28,,2023,Boat,Used,,31.13,3.01,S1House,,1145,8.74,2500,2500,false,,,9.99,Core,Core,0.92,0,,0,27390,736,Source One Financial Services,NC, brian decastro,1,1,FL291,Core
252710,lgrace,37897.75,180,Auto Approval,Erie Marine Sales - OH234,,OH,Sheffield Lake,2026-08-27,2026-08-27,,2019,Boat,Used,,12.09,2.27,jharrington1,,13,8.49,4138.75,4138.75,false,,,9.99,Core,Core,0.85,0,,0,44770,860,Source One Financial Services,KS, shirley hetrick,1,1,OH234,Core
252734,,52320.73,180,Auto Decline,"Ron Hoover Companies of Donna, Inc -Tx277",Ron Hoover,TX,Donna,2026-08-27,,,2026,RV,New,,35.23,8.49,gott,,0,22.99,6000,6000,false,,,23.99,Bronze,Bronze,0.98,0,,0,53495,600,Source One Financial Services,TX,,0,0,TX277,Business First
252943,,20004.57,180,Auto Decline,Blue Compass RV - Winston-Salem - NC159,Blue Compass,NC,Rural Hall,2026-08-27,,,2023,RV,Used,642,31.13,3.7,jsmith,,0,15.74,5000,5000,false,,,16.74,Silver 2,Silver 2,0.54,0,,0,36900,629,Source One Financial Services,NC,,0,0,NC159,Silver
252942,ccampos,10317.93,120,Auto Approval,Network Automotive Inc - AZ311,,AZ,Mesa,2026-08-27,2026-08-27,,2025,RV,Used,,30.89,1.52,edominguez,,54,12.49,3000,3000,false,,,12.49,Silver 1,Not Applicable,0.75,0,,0,13800,649,Connexus Credit Union,UT,,1,1,AZ311,Not Applicable
252852,,67707.16,180,Auto Decline,Minneapolis Trailer Sales - MN824,,MN,Rogers,2026-08-27,,,2026,RV,New,,89.15,17.81,S1House,,20,22.99,7500,7500,false,,,23.99,Bronze,Silver 1,1.24,0,,0,54395,670,Source One Financial Services,NJ, ricky carlson,0,0,MN824,Business First
252735,Jhill,135442.56,240,Auto Approval,Rock Outdoors - NC151,,NC,Lexington,2026-08-27,2026-08-27,,2026,Boat,New,,18.71,1.92,jsmith,,38,7.24,18000,18000,false,,,8.74,Core,Core,1.38,0,,0,97960,828,Source One Financial Services,NC, dennis peters,1,1,NC151,Core
252775,,73186.2,240,Auto Decline,La Mesa RV Center - Sanford - FL315,La Mesa,FL,Sanford,2026-08-27,,,2021,RV,Used,,97.23,34.29,pcarter,,0,22.99,15000,15000,false,,,23.99,Bronze,Bronze,0.98,0,,0,75061,550,Source One Financial Services,FL,,0,0,FL315,Business First
252728,Jhill,88625.86,180,Auto Approval,Austin Water Sports Inc dba Ski Dock -TX190,,TX,Austin,2026-08-27,2026-08-27,,2026,Boat,New,,48.46,8.94,gott,,14,8.74,5000,5000,false,,,10.24,Core,Core,1.04,0,,0,85330,780,Source One Financial Services,TX, kevin brown,1,1,TX190,Core
252814,ccampos,30581.2,180,Auto Approval,MILLERS MARINE - FL178,,FL,OCALA,2026-08-27,2026-08-27,,2025,Boat,New,620,31.61,4.15,pcarter,,16,12.49,11200,11200,false,,,13.49,Silver 1,Silver 1,1.19,0,,0,25620.28,661,Source One Financial Services,VA, johnmichael zayas,1,1,FL178,Silver
252840,ccampos,17474.29,120,Decline,Rock Solid Funding LLC - TX536,RSF,TX,BEDFORD,2026-08-27,,,2020,RV,Used,,18.79,1.53,S1House,,47,13.24,900,900,false,,,14.24,Silver 1,Silver 1,0.81,0,,0,21450,677,Source One Financial Services,TX, serena pulliam,0,0,TX536,Silver
252835,,6038,48,Auto Decline,VERN EIDE MARINE - SD111,,SD,Sioux Falls,2026-08-27,,,2025,Boat,New,,59.22,4.56,dzilberchtein,,0,14.74,0,0,false,,,15.24,Silver 1,Silver 1,3.89,0,,0,1551,659,Source One Financial Services,SD,,0,0,SD111,Silver
252826,,22422.54,180,Auto Decline,CAMPING NATION RVS LLC - AZ322,,AZ,MESA,2026-08-27,,,2021,RV,Used,,39.43,11.63,edominguez,,0,22.99,500,500,false,,,23.99,Bronze,Bronze,0.93,0,,0,24050,612,Source One Financial Services,AZ,,0,0,AZ322,Business First
252763,ccampos,61785.26,180,Booked,TRIPLE H RVS - AL119,,AL,HALEYVILLE,2026-08-27,2026-08-29,2026-09-02,2027,RV,New,717,22.47,4.33,jsmith,8543,3078,7.74,1000,18000,false,2890,2575,8.24,Core,Not Applicable,0.75,1235.71,2,0,82387,739,Connexus Credit Union,AL, brian skelton,1,0,AL119,Not Applicable
252780,,73738.92,240,Auto Decline,Fun Town RV Ottawa LLC - KS125,Fun Town,KS,Ottawa,2026-08-27,,,2026,RV,New,,39.64,6.01,jweller,,0,22.99,5000,5000,false,,,23.99,Bronze,Bronze,0.95,0,,0,77470,617,Source One Financial Services,TX,,0,0,KS125,Business First
252915,rsimmons,23481.67,180,Booked,"Amos Motor and RV, INC-OH216",,OH,Bradner,2026-08-27,2026-08-31,2026-09-02,2025,RV,Used,,27.45,5.8,jharrington1,8807,5654,7.99,0,893.83,false,1455,1698,8.99,Core,Core,1.17,939.27,4,0,20150,791,Source One Financial Services,OH, katie haughawout,1,0,OH216,Core
252920,eavila,70282.99,204,Verifications Incomplete,Blue Compass RV - Reno - NV119,Blue Compass,NV,Reno,2026-08-27,2026-08-28,,2027,RV,New,,44.01,11.61,ljablonoski,,1394,9.99,3000,3000,false,,1,11.49,Core,Core,0.84,4216.98,6,0,83866,690,Source One Financial Services,NV, brina rounds,1,1,NV119,Core
252918,ccampos,36785.58,180,Auto Approval,A and L RV SALES LLC -Chocowinity - NC120,,NC,CHOCWINITY,2026-08-27,2026-09-03,,2026,RV,New,679,37.26,4.31,jsmith,,10201,10.24,4500,4500,false,,,11.74,Core,Core,0.99,0,,0,37304,695,Source One Financial Services,NC, tina rose,1,1,NC120,Core
252887,Jhill,174010.33,240,Decline,BLUE COMPASS RV - DALLAS - TX147,Blue Compass,TX,Mesquite,2026-08-27,,,2027,RV,New,758,26.11,10.4,gott,,33,11.24,18000,18000,true,,,13.24,Business First,Business First,0.98,0,,0,177660.25,,Source One Financial Services,TX, canyon downing,0,0,TX147,Business First
252904,hhisek,35518.05,180,Decline,"Ron Hoover Companies of Donna, Inc -Tx277",Ron Hoover,TX,Donna,2026-08-27,,,2027,RV,New,,37.25,3.95,gott,,11,13.74,4000,4000,false,,,14.74,Silver 1,Silver 1,0.99,0,,0,35738,647,Source One Financial Services,TX, julio pena,0,0,TX277,Silver
252744,,137462.22,240,Auto Decline,La Mesa RV Center - Davie - FL316,La Mesa,FL,Davie,2026-08-27,,,2026,RV,New,,41.84,7.67,pcarter,,0,14.99,1000,15820,false,,,15.99,Silver 2,Silver 2,0.89,0,,0,155045,626,Source One Financial Services,FL,,0,0,FL316,Silver
252692,hhisek,55916.83,120,Conditional Approval,Blue Compass RV - South Beumont - TX551,Blue Compass,TX,Vidor,2026-08-27,2026-08-27,,2021,RV,Used,,48.66,5.82,gott,,377,8.55,0,6106.8,false,,,9.55,Silver 1,Not Applicable,0.86,0,,0,64900,672,Ideal Credit Union,TX, brett massey,1,1,TX551,Not Applicable
252912,mlomedico,36249.32,180,Auto Approval,MILLERS MARINE - FL178,,FL,OCALA,2026-08-27,2026-08-27,,2026,Boat,New,,19.28,3.16,pcarter,,10,7.49,10000,13000,false,,,8.99,Core,Core,1.21,0,,0,29969.28,821,Source One Financial Services,LA, johnmichael zayas,1,1,FL178,Core
252809,,33145.3,180,Auto Decline,Blue Compass RV - San Antonio - TX572,Blue Compass,TX,San Antonio,2026-08-27,,,2027,RV,New,,16.35,5.88,gott,,0,14.99,3400,3400,false,,,15.99,Silver 2,Silver 2,0.84,0,,0,39535,639,Source One Financial Services,TX,,0,0,TX572,Silver
252766,lgrace,30070.48,180,Conditional Approval,GIANT RECREATION WORLD DAYTONA - FL176,,FL,Ormond Beach,2026-08-27,2026-08-27,,2025,RV,New,,38.02,4.36,pcarter,,16,12.49,3000,3000,false,,,13.49,Silver 1,Silver 1,0.71,0,,0,42519,662,Source One Financial Services,FL, peter feldmann,1,1,FL176,Silver
252679,Jhill,19556.55,120,Booked,Clear Creek Camping LLC-TX396,,TX,Abilene,2026-08-27,2026-09-01,2026-09-01,2023,RV,Used,,23.93,5.33,gott,7504,7331,9.24,1400,1400,false,171,2,10.74,Core,Core,1.49,1173.39,6,0,13100,764,Source One Financial Services,TX, mark connally,1,0,TX396,Core
252764,lgrace,48079.92,240,Decline,Blue Compass RV - Raleigh - NC157,Blue Compass,NC,Raleigh,2026-08-27,,,2026,RV,New,,43.49,6.78,jsmith,,9,12.49,5000,7000,false,,,13.49,Silver 1,Silver 1,1.05,0,,0,45952,670,Source One Financial Services,NC, kayla bays,0,0,NC157,Silver
252737,rsimmons,59805.12,240,Verifications Incomplete,Premier Yamaha Boating Center/Aransas -TX209,,TX,Aransas,2026-08-27,2026-08-31,,2026,Boat,New,664,24.79,3.11,gott,,5919,7.49,6500,6500,false,,4,8.74,Core,Core,1.13,2990.26,5,0,53062.5,820,Source One Financial Services,TX, paul mcminn,1,1,TX209,Core
252724,hhisek,14439.56,144,Decline,Ashley Marine LLC - Stapleton - AL168,,AL,Stapleton,2026-08-27,,,2026,Boat,New,,53.87,4.09,jsmith,,10,9.99,0,0,false,,,11.49,Core,Core,1.39,0,,0,10405,716,Source One Financial Services,MS, joey hawkins,0,0,AL168,Core
252726,hhisek,83066.44,240,Decline,Fun Town RV - Texarkana - AR120,Fun Town,AR,Texarkana,2026-08-27,,,2026,RV,New,,16.25,6.05,jweller,,5,12.49,8200,15761,false,,,13.49,Silver 1,Silver 1,1,0,,0,82954,667,Source One Financial Services,TX, henry reyna,0,0,AR120,Silver
252838,rsimmons,26370.99,180,Auto Approval,"Ron Hoover Companies of Corpus Christi, Inc -TX278",Ron Hoover,TX,Corpus Christi,2026-08-27,2026-08-27,,2022,RV,Used,,37.49,4.13,gott,,21,10.24,0,3010.79,false,,,11.74,Core,Core,1.1,0,,0,24000,728,Source One Financial Services,TX, david carrillo,1,1,TX278,Core
252782,hhisek,117026.52,240,Approved,Budget RVs of Texas -TX109,,TX,Royse City,2026-08-27,2026-08-27,,2019,RV,Used,,46.2,7.74,gott,,297,8.24,12000,12000,false,,,9.24,Core,Not Applicable,0.96,0,,0,122150,821,Connexus Credit Union,TX, benny nordin,1,1,TX109,Not Applicable
252951,eavila,29978.03,120,Auto Approval,Gregg Orr Marine of Destin - FL225,,FL,Destin,2026-08-27,2026-08-28,,2027,Boat,New,744,18.6,1.38,wstoutimore,,1322,9.49,2500,2500,false,,,10.99,Core,Core,1.02,0,,0,29407.84,755,Source One Financial Services,FL, jennifer krebsbach,1,1,FL225,Core
252745,sbaker,21029.32,144,Ready to Book,Boaters World - South GA - GA162,,GA,Americus,2026-08-27,2026-09-03,,2026,Boat,New,,5.67,3.63,jsmith,,10576,7.74,2250,2250,false,,1,8.74,Core,Not Applicable,1.16,841.17,4,0,18185,725,Connexus Credit Union,GA, kyle west,1,1,GA162,Not Applicable
252677,,22743.28,120,Auto Decline,RCD Sales Co. LTD - Hebron -OH128,,OH,Hebron,2026-08-27,,,2017,RV,Used,,17.3,2.37,jharrington1,,0,13.74,0,0,false,,,14.74,Silver 1,Silver 1,0.94,0,,0,24255,663,Source One Financial Services,OH,,0,0,OH128,Silver
252900,Jhill,42116.43,180,Auto Approval,Fun Town RV Amarillo - TX508,Fun Town,TX,Amarillo,2026-08-27,2026-08-27,,2026,RV,New,,23.62,4.41,gott,,28,7.99,0,0,false,,,9.49,Core,Core,0.99,0,,0,42593,787,Source One Financial Services,TX, eric adams,1,1,TX508,Core
252796,hhisek,104044.56,240,Conditional Approval,BLUE COMPASS RV - SOUTH HOUSTON  - TX421,Blue Compass,TX,Alvin,2026-08-27,2026-08-27,,2026,RV,New,719,14.62,1.33,gott,,9,9.24,10750,10750,false,,,10.74,Core,Core,0.99,0,,0,105295,725,Source One Financial Services,TX, frank carranza,1,1,TX421,Core
252733,rsimmons,114893.35,204,Booked,BLUE COMPASS RV - SOUTH HOUSTON  - TX421,Blue Compass,TX,Alvin,2026-08-27,2026-08-31,2026-08-31,2026,RV,New,620,26.92,7.76,gott,6374,5932,9.99,8000,11000,false,442,0,11.49,Core,Core,1.2,6893.6,6,0,96038,703,Source One Financial Services,GA, frank carranza,1,0,TX421,Core
252968,lgrace,16153.12,120,Booked,Giant RV - Montclair - SCA155,Giant RV,CA,Montclair,2026-08-27,2026-09-01,2026-09-01,2022,RV,Used,,38.4,3.14,jrubi,6920,6914,13.24,2000,2000,false,5,1,13.74,Silver 1,Silver 1,1.1,323.06,2,0,14700,665,Source One Financial Services,CA, julio sanchez,1,0,SCA155,Silver
253237,ccampos,61140.68,180,Decline,Fun Town RV-Giddings -TX314,Fun Town,TX,Giddings,2026-08-28,,,2026,RV,New,,17.48,15.96,gott,,1020,12.49,3000,3000,false,,,13.49,Silver 1,Not Applicable,0.79,0,,0,77371,665,Connexus Credit Union,TX, thomas jordan,0,0,TX314,Not Applicable
253145,thovey,18379.19,144,Booked,PPL MOTORHOMES - OK124,,OK,EL RENO,2026-08-28,2026-08-31,2026-08-31,2021,RV,Used,,31.53,4.73,jweller,4660,4626,10.74,2000,2000,false,33,1,12.24,Core,Core,1.18,1102.75,6,0,15550,689,Source One Financial Services,OK, brandon ray,1,0,OK124,Core
253255,jrubi,36041.55,180,Auto Approval,Sky River RV - Pismo Beach - SCA147,SkyRiver,CA,Pismo Beach,2026-08-28,2026-09-01,,2021,RV,Used,,40.64,7.35,jrubi,,5715,10.24,10000,10000,false,,,11.74,Core,Core,1.21,0,,0,29700,728,Source One Financial Services,CA, michael barnes,1,1,SCA147,Core
253006,lgrace,51419,180,Auto Approval,"Vantage Recreational Finance, Inc. -FL291",VRF,FL,FORT LAUDERDALE,2026-08-28,2026-08-28,,2018,Boat,Used,,38.58,4.45,S1House,,28,11.24,6000,6000,false,,,12.74,Core,Core,0.74,0,,0,69410,692,Source One Financial Services,AR, sean mccomas,1,1,FL291,Core
253190,,39241.6,180,Auto Decline,"AMERICAN DREAM VACATIONS-BOERNE, TX - TX408",,TX,BOERNE,2026-08-28,,,2026,RV,New,,43.52,15.27,gott,,0,22.99,0,4000,false,,,23.99,Bronze,Bronze,1.41,0,,,27808,599,Source One Financial Services,TX,,0,0,TX408,Business First
253109,ccampos,59445.41,180,Decline,Ideal RVs INC - FL228,,FL,Lakeland,2026-08-28,,,2016,RV,Used,652,22.34,18.47,wstoutimore,,5,14.99,0,0,false,,,15.99,Silver 1,Silver 1,1.14,0,,0,52000,647,Source One Financial Services,FL, john yanis,0,0,FL228,Silver
253098,avera,40037.08,180,Auto Approval,Blue Compass RV - Fort Wayne - IN217,Blue Compass,IN,Columbia City,2026-08-28,2026-08-28,,2027,RV,New,722,33.32,2.54,jharrington1,,66,8.74,27000,4000,false,,,10.24,Core,Core,1.17,0,,0,34185,769,Source One Financial Services,IN, tasha santos,1,1,IN217,Core
253239,mlomedico,20602.14,180,Auto Approval,Blue Compass RV - Post Falls - ID123,Blue Compass,ID,Post Falls,2026-08-28,2026-08-28,,2016,RV,Used,762,30.9,3.13,ljablonoski,,10,8.99,3600,1705.9,false,,,10.49,Core,Core,1.22,0,,0,16950,797,Source One Financial Services,ID, alan harvey,1,1,ID123,Core
253106,,24628.2,120,Auto Decline,"Ron Hoover Companies of Donna, Inc -Tx277",Ron Hoover,TX,Donna,2026-08-28,,,2021,RV,Used,,46.89,8.34,gott,,0,22.99,6000,6000,false,,,23.99,Bronze,Bronze,0.74,0,,0,33470,535,Source One Financial Services,TX,,0,0,TX277,Business First
253019,ccampos,98273.81,240,Decline,Bish's RV of Fairfield - SCA178,Bish's RV,CA,Fairfield,2026-08-28,,,2026,RV,New,701,21.91,7.25,jrubi,,13,10.24,7074,7074,false,,,11.74,Core,Core,1.22,0,,0,80770,694,Source One Financial Services,CA, shaun pope,0,0,SCA178,Core
252985,lgrace,68176.7,240,Auto Approval,MarineMax - Miami - FL359,Marine Max,FL,Miami,2026-08-28,2026-08-28,,2017,Boat,Used,,33.7,0.64,S1House,,412,10.74,15000,15000,false,,,12.24,Core,Core,1,0,,0,68176,730,Source One Financial Services,FL, daphne lastre,1,1,FL359,Core
252992,eavila,29138.6,180,Decline,Ashley Marine LLC - GA147,,GA,Columbus,2026-08-28,,,2026,Boat,New,,44.72,5.06,jsmith,,140,14.99,0,1500,false,,,15.99,Silver 2,Not Applicable,1.21,0,,0,24131,634,Ideal Credit Union,GA, tim holloway,0,0,GA147,Not Applicable
252989,ccampos,53125.51,240,Decline,CAMPERS INN RV OF ACWORTH - GA123,Campers Inn,GA,ACWORTH,2026-08-28,,,2024,RV,Used,,31.56,4.48,jsmith,,4579,9.74,0,14752.72,false,,,11.24,Core,Core,0.86,0,,0,62100,721,Source One Financial Services,GA, steven goins,0,0,GA123,Core
253010,rsimmons,52657.4,240,Booked,RV STATION-INEZ TX443,,TX,INEZ,2026-08-28,2026-08-29,2026-08-31,2026,RV,New,,28.59,3.26,gott,4736,1656,9.99,0,5821.48,false,3080,0,11.49,Core,Core,1.29,3159.44,6,0,40930,710,Source One Financial Services,TX, alan marquez,1,0,TX443,Core
253242,mlomedico,79392.5,180,Decline,Open Road RV Monticello LLC-MN834,,MN,Monticello,2026-08-28,,,2027,RV,New,,17.11,9.28,S1House,,4,9.74,15000,15000,false,,,11.24,Core,Core,0.79,0,,0,100042,731,Source One Financial Services,MT, sarah kane,0,0,MN834,Core
253184,,129989.08,240,Auto Decline,BLUE COMPASS RV - MESA - AZ245,Blue Compass,AZ,MESA,2026-08-28,,,2026,RV,New,,65.71,24.24,edominguez,,0,13.74,25000,25000,false,,,14.74,Silver 1,Silver 1,1,0,,0,129977,656,Source One Financial Services,AZ,,0,0,AZ245,Silver
253177,ahunt,38847.23,180,Auto Approval,Premier Yamaha Boating Center/Aransas -TX209,,TX,Aransas,2026-08-28,2026-08-28,,2020,Boat,Used,,42.94,8.56,gott,,133,10.24,2000,2000,false,,,11.74,Core,Core,0.98,0,,0,39595,737,Source One Financial Services,TX, ashton janise,1,1,TX209,Core
253096,,60221.8,240,Auto Decline,Lightnin RV Rental and Sales - GA149,,GA,Lawrenceville,2026-08-28,,,2026,RV,New,,21.76,6.48,jsmith,,0,22.99,6200,6200,false,,,23.99,Bronze,Bronze,0.78,0,,0,76921,605,Source One Financial Services,GA,,0,0,GA149,Business First
253159,ccampos,40009,180,Booked,Miles RV Center - NC165,,NC,Hendersonville,2026-08-28,2026-09-01,2026-09-01,2026,RV,New,,38.07,9.47,jsmith,5848,5832,10.24,0,6600,false,16,0,11.74,Core,Core,1.16,2400.54,6,0,34536,696,Source One Financial Services,SC, kyle stevens,1,0,NC165,Core
253259,rsimmons,56296.36,240,Auto Approval,Blue Compass RV - Tucson - AZ364,Blue Compass,AZ,Tucson,2026-08-28,2026-09-02,,2026,RV,New,,38.05,4.21,edominguez,,6996,8.74,1500,1500,false,,,10.24,Core,Core,1.21,0,,0,46488,761,Source One Financial Services,AZ, ambez miran,1,1,AZ364,Core
253089,mlomedico,65794.05,180,Conditional Approval,Fun Town RV-Denton -TX322,Fun Town,TX,Denton,2026-08-28,2026-08-28,,2026,RV,New,,18.59,6.07,gott,,50,8.49,6900,6900,false,,,9.24,Core,Not Applicable,0.82,0,,0,79958,715,Connexus Credit Union,TX, douglas santos,1,1,TX322,Not Applicable
253217,Jhill,48080.31,180,Decline,Fun Town RV Orange LP - TX468,Fun Town,TX,Orange,2026-08-28,,,2026,RV,New,693,66.02,6.6,gott,,8,10.24,5000,5032.82,false,,,11.74,Core,Core,0.91,0,,0,52810,693,Source One Financial Services,TX, derek stoner,0,0,TX468,Core
253193,ccampos,41911.13,180,Booked,LEMKE RV LLC - NCA116,,CA,ROCKLIN,2026-08-28,2026-08-31,2026-09-03,2017,RV,Used,802,17.96,7.66,jrubi,8135,4264,9.25,15000,15000,false,3870,1,9.25,Core,Not Applicable,0.93,0,0,0,45018,787,Allegius Credit Union,CA,,1,0,NCA116,Not Applicable
253003,,13008.33,120,Auto Decline,Hillman Motors and Marine - FL332,,FL,Winter Haven,2026-08-28,,,2022,Boat,Used,,41.72,3.53,wstoutimore,,0,22.99,1500,1500,false,,,23.99,Bronze,Bronze,1.23,0,,0,10560,561,Source One Financial Services,FL,,0,0,FL332,Business First
253172,thovey,110215,204,Pending,Keplinger Campers LLC-OH219,,OH,Piqua,2026-08-28,,,2015,RV,Used,852,33.63,7.61,jharrington1,,,8.49,24250,24250,false,,,9.99,Core,Core,0.83,0,,0,133350,855,Source One Financial Services,MI, matt seiber,0,0,OH219,Core
253092,hhisek,62888.46,204,Auto Approval,FUN TOWN RV CORSICANA LP- TX451,Fun Town,TX,CORSICANA,2026-08-28,2026-08-28,,2026,RV,New,,29.52,4.79,gott,,73,13.74,3000,7979.29,false,,,14.74,Silver 1,Silver 1,1,0,,0,62743,645,Source One Financial Services,TX, brenden boggs,1,1,TX451,Silver
253247,mnava,44308.98,204,Conditional Approval,Bailey Toliver RV and Truck Country LLC -TX369,,TX,STANTON,2026-08-28,2026-08-28,,2026,RV,New,,23.69,3.88,gott,,24,11.99,10000,10000,false,,,12.99,Silver 1,Silver 1,0.91,0,,0,48913,672,Source One Financial Services,TX, jim barben,1,1,TX369,Silver
253129,,82681.84,240,Auto Decline,BISH'S RV OF GREAT FALLS - MT104,Bish's RV,MT,GREAT FALLS,2026-08-28,,,2026,RV,New,,68.72,23.71,dzilberchtein,,11,22.99,6000,10150.49,false,,,23.99,Bronze,Core,1.12,0,,0,74024,859,Source One Financial Services,MT, todd miillsap,0,0,MT104,Business First
253013,Jhill,44482,240,Auto Approval,Gator Trax - LA110,,LA,Springfeild,2026-08-28,2026-08-28,,2026,Boat,New,,13.78,1.13,gott,,6,7.99,10000,10000,false,,,9.49,Core,Core,0.95,0,,0,47000,789,Source One Financial Services,PA, finance office,1,1,LA110,Core
252980,Jhill,28247.79,180,Auto Approval,Rock Solid Funding LLC - TX536,RSF,TX,BEDFORD,2026-08-28,2026-08-28,,2013,Boat,Used,,28.09,4.55,S1House,,18,9.49,0,0,false,,,10.99,Core,Core,0.82,0,,0,34622,799,Source One Financial Services,TX, serena pulliam,1,1,TX536,Core
253068,pmeza,55125.2,240,Decline,Trailer Source Inc - Longmont - CO166,,CO,Longmont,2026-08-28,,,2022,RV,Used,556,58.57,3.59,dzilberchtein,,19,14.49,0,1500,false,,,15.49,Silver 1,Silver 1,1.04,0,,0,52855,642,Source One Financial Services,CO, jared swell,0,0,CO166,Silver
253095,mlomedico,24616.88,204,Auto Approval,Mountaineer RV & Outdoor Center - MT. Nebo - WV105,,WV,Mt Nebo,2026-08-28,2026-08-28,,2026,RV,New,,27.24,5.31,jharrington1,,12,13.74,2500,2500,false,,,14.74,Silver 1,Silver 1,0.95,0,,0,25995,643,Source One Financial Services,WV, tim smith,1,1,WV105,Silver
253144,lgrace,20229.72,168,Booked,Chesaco RV - Hamburg - PA142,,PA,Hamburg,2026-08-28,2026-08-31,2026-08-31,2026,RV,New,,18.9,3.95,jharrington1,4405,4365,12.49,1700,1700,false,40,0,13.49,Silver 1,Silver 1,1.17,809.19,4,0,17343,664,Source One Financial Services,PA, dave conard,1,0,PA142,Silver
253148,pmeza,18435.06,144,Decline,Blue Compass RV - Santee - SCA168,Blue Compass,CA,Santee,2026-08-28,,,2025,RV,Used,605,25.54,2.99,jrubi,,7,13.74,4000,4000,false,,,14.74,Silver 1,Silver 1,1.08,0,,0,17000,657,Source One Financial Services,GA, matthew donath,0,0,SCA168,Silver
253192,hhisek,25483.67,180,Approved,Crowder RV Center- TN109,Canopy Financial,TN,Johnson City,2026-08-28,2026-08-28,,2026,RV,New,735,23.84,3.13,jsmith,,19,9.74,0,136.15,false,,,11.24,Core,Core,0.88,0,,0,28893,735,Source One Financial Services,VA, mac mclelland,1,1,TN109,Core
253017,ccampos,25888.89,180,Auto Approval,Unreel Marine - EFL129,EPIC,FL,Port Richey,2026-08-28,2026-08-28,,2020,Boat,Used,,23.22,2.5,S1House,,63,10.49,2500,2500,false,,,11.99,Core,Core,0.56,0,,0,46260,712,Source One Financial Services,FL, mia williams,1,1,EFL129,Core
252978,rsimmons,20385.88,180,Auto Approval,National RV Detroit -MI147,Selvius RV,MI,Belleville,2026-08-28,2026-08-28,,2026,RV,New,,32.35,3.64,dzilberchtein,,255,10.24,2100,2100,false,,,11.74,Core,Core,1.24,0,,0,16470,688,Source One Financial Services,TX, kyler rilett,1,1,MI147,Core
253081,avera,87769.45,240,Pending,MILLERS MARINE - FL178,,FL,OCALA,2026-08-28,2026-09-02,,2026,Boat,New,,34.58,13.14,pcarter,,7485,8.24,21600,8350.35,false,,,9.74,Core,Core,0.99,0,,0,88860,780,Source One Financial Services,FL, johnmichael zayas,0,0,FL178,Core
253000,thovey,23069.97,144,Decline,Dalton RV LLC-AR132,Warrior Performance,AR,Morrilton,2026-08-28,,,2026,RV,Used,665,40.33,3.71,jweller,,30,10.24,0,4000,false,,,11.74,Core,Core,0.79,0,,0,29356,695,Source One Financial Services,AR, dave waters,0,0,AR132,Core
252988,Jhill,70822.75,204,Auto Approval,General RV - Tampa - FL238,General RV,FL,Dover,2026-08-28,2026-08-28,,2027,RV,New,,47.45,3.81,wstoutimore,,409,8.74,0,0,false,,,10.24,Core,Core,0.94,0,,0,75622,777,Source One Financial Services,FL, tim mccorkle,1,1,FL238,Core
253117,,46512.35,180,Auto Decline,"Colonia Del Rey RV Sales, LLC -TX294",,TX,Corpus Christi,2026-08-28,,,2026,RV,New,601,27.92,1.15,gott,,0,14.99,4900,4900,false,,,15.99,Silver 2,Silver 2,0.88,0,,0,52689,626,Source One Financial Services,TX,,0,0,TX294,Silver
253050,pmeza,38150.47,180,Decline,Cycle Springs Powersports - FL311,,FL,Clearwater,2026-08-28,,,2025,Boat,Used,678,28.84,2.14,wstoutimore,,126,12.49,3698,3698,false,,,13.49,Silver 1,Not Applicable,0.96,0,,0,39750,662,Connexus Credit Union,FL, jt beaty,0,0,FL311,Not Applicable
253101,thovey,19427,144,Decline,LEMKE RV LLC - NCA116,,CA,ROCKLIN,2026-08-28,,,2018,RV,Used,,52.26,2.59,jrubi,,11,10.74,2000,2000,false,,,12.24,Core,Core,0.8,0,,0,24395,729,Source One Financial Services,CA,,0,0,NCA116,Core
253160,lgrace,77745,240,Approved,Woodland Airstream of Kentucky - KY151,,KY,Georgetown,2026-08-28,2026-08-28,,2024,RV,Used,,48.86,2.8,jharrington1,,34,7.24,8638,8638,false,,,8.74,Core,Core,0.86,0,,0,90350,831,Source One Financial Services,TN,,1,1,KY151,Core
253225,mlomedico,110435.4,240,Auto Approval,General RV - Tampa - FL238,General RV,FL,Dover,2026-08-28,2026-08-29,,2026,RV,New,829,23.17,6.57,wstoutimore,,998,7.24,7000,28000,false,,,8.74,Core,Core,1.31,0,,0,84426,822,Source One Financial Services,FL, sofiane yahiaoui,1,1,FL238,Core
253233,ccampos,128155.67,240,Decline,Austin Water Sports Inc dba Ski Dock -TX190,,TX,Austin,2026-08-28,,,2026,Boat,New,,54.15,8.59,gott,,6,9.99,0,15000,false,,,11.49,Core,Core,1.22,0,,0,105435,704,Source One Financial Services,TX, kevin brown,0,0,TX190,Core
253091,rsimmons,182739.61,240,Decline,Demontrond Automotive Group-TX397,,TX,Houston,2026-08-28,,,2026,RV,New,699,45.97,6.19,gott,,14,9.74,20000,20000,false,,,11.24,Core,Core,0.84,0,,0,217600,727,Source One Financial Services,TX, phil pasternak,0,0,TX397,Core
253039,rsimmons,51723.31,180,Auto Approval,TRIPLE H RVS - AL119,,AL,HALEYVILLE,2026-08-28,2026-08-28,,2026,RV,New,,45.61,11.69,jsmith,,23,7.49,20000,20000,false,,,8.99,Core,Core,0.84,0,,0,61330,848,Source One Financial Services,MS, tyler spann,1,1,AL119,Core
253252,eavila,35803,180,Auto Approval,BOBBY COMBS RV LLC - AZ338,,AZ,YUMA,2026-08-28,2026-09-02,,2027,RV,New,,37.36,2.82,edominguez,,7099,8.99,1000,1000,false,,,9.74,Core,Not Applicable,1.19,0,,0,30109,700,Connexus Credit Union,AZ,,1,1,AZ338,Not Applicable
253188,hhisek,49800.06,180,Booked,Fun Town RV-Giddings -TX314,Fun Town,TX,Giddings,2026-08-28,2026-08-31,2026-09-01,2027,RV,New,,30.65,9.13,gott,5791,4034,12.99,5000,5000,false,1741,16,12.99,Silver 1,Silver 1,0.92,0,0,0,53985,668,Source One Financial Services,TX, thomas jordan,1,0,TX314,Silver
253197,mnava,69477.79,180,Auto Approval,Rock Solid Funding LLC - TX536,RSF,TX,BEDFORD,2026-08-28,2026-08-28,,2022,Boat,Used,825,23.3,3.62,S1House,,17,7.99,0,0,false,,,9.49,Core,Core,1.01,0,,0,68690,803,Source One Financial Services,OH, ashley rogers,1,1,TX536,Core
253001,rsimmons,39932.06,180,Auto Approval,Premier Financial Service - TX548,,TX,Los Fresnos,2026-08-28,2026-08-28,,2023,Boat,Used,,31.23,3.17,gott,,44,10.24,4000,4000,false,,,11.74,Core,Core,1.23,0,,0,32475,722,Source One Financial Services,TX, oscar salinas,1,1,TX548,Core
253236,jrubi,12473.91,120,Booked,BOBBY WAYNES RV - SCA111,,CA,LANCASTER,2026-08-28,2026-08-28,2026-08-29,2022,RV,Used,,42.82,2.97,jrubi,1260,123,10.24,1000,1000,false,1132,5,11.74,Core,Core,1.2,748.43,6,0,10400,721,Source One Financial Services,CA,,1,0,SCA111,Core
253201,pmeza,43059.01,180,Booked,Texas Marine - Beaumont -TX199,OneWater,TX,Beaumont,2026-08-28,2026-09-01,2026-09-01,2016,Boat,Used,,18.09,3.98,gott,5731,5701,8.99,5000,5000,false,30,0,10.49,Core,Core,1.15,2583.54,6,0,37370,792,Source One Financial Services,TX,,1,0,TX199,Core
252991,lgrace,33324.24,204,Conditional Approval,Mountaineer RV & Outdoor Center - MT. Nebo - WV105,,WV,Mt Nebo,2026-08-28,2026-08-28,,2027,RV,New,726,43.54,2.71,jharrington1,,21,8.74,0,0,false,,,10.24,Core,Core,1.14,0,,0,29260.07,764,Source One Financial Services,WV, tim smith,1,1,WV105,Core
253150,hhisek,20218.36,180,Approved,Fun Town RV - Indianapolis - IN215,Fun Town,IN,Edinburgh,2026-08-28,2026-08-28,,2027,RV,New,751,47.31,3.36,jharrington1,,69,8.74,2000,2000,false,,,10.24,Core,Core,0.91,0,,0,22146,762,Source One Financial Services,IN, chase ackeret,1,1,IN215,Core
253023,rsimmons,29807.73,180,Booked,Southern Mud Sports of Huntsville - AL167,,AL,Athens,2026-08-28,2026-08-31,2026-08-31,2026,Boat,New,,31.61,2.29,jsmith,4955,4939,12.49,2500,2500,false,6,10,13.49,Silver 1,Silver 1,1.1,1192.31,4,0,27013,673,Source One Financial Services,AL, jeff cantey,1,0,AL167,Silver
253169,eavila,25478,144,Booked,"HAPPY TOWN RV, LLC - SC122",,SC,ST GEORGE,2026-08-28,2026-09-02,2026-09-02,2026,RV,New,,37.77,2.63,jsmith,7111,6828,9.99,6000,6000,false,282,1,9.99,Core,Core,0.84,0,0,0,30235,719,Source One Financial Services,SC, cody doody,1,0,SC122,Core
253027,mlomedico,65172,180,Decline,Goodhue SML LLC - VA118,,VA,Moneta,2026-08-28,,,2022,Boat,Used,,42.79,3.82,jsmith,,4,10.74,0,0,false,,,12.24,Core,Core,0.96,0,,0,68010,696,Source One Financial Services,VA, mike lewis,0,0,VA118,Core
252982,sbaker,21625.38,204,Booked,Blackbeard Marine Kingston -OK151,,OK,Kingston,2026-08-28,2026-09-03,2026-09-03,2018,Boat,Used,698,21.01,1.07,jweller,9048,8750,10.99,6000,6000,false,281,17,11.99,Core,Core,0.67,865.02,4,0,32415,700,Source One Financial Services,TX, andrew harmon,1,0,OK151,Core
253250,eavila,31881.14,180,Approved,Ron Hoover Companies of Tulsa - OK157,Ron Hoover,OK,Claremore,2026-08-28,2026-08-28,,2026,RV,New,593,24.77,2.77,jweller,,5,9.49,3000,3000,false,,,10.99,Core,Core,0.84,0,,0,38114,742,Source One Financial Services,OK, rick perez,1,1,OK157,Core
252994,Jhill,66752.42,240,Booked,Blue Compass RV - South Raleigh - NC158,Blue Compass,NC,Benson,2026-08-28,2026-09-01,2026-09-01,2027,RV,New,,32.72,6.04,jsmith,6087,6065,7.24,1000,1000,false,20,2,8.74,Core,Core,1.24,4005.15,6,0,53912,842,Source One Financial Services,NC, melissa hein,1,0,NC158,Core
253241,thovey,161913.07,240,Decline,Blue Compass RV - Colorado Springs - CO160,Blue Compass,CO,COLORADO SPRINGS,2026-08-28,,,2026,RV,New,,32.94,7.86,dzilberchtein,,8,12.49,18000,18000,false,,,13.49,Silver 1,Silver 1,0.99,0,,0,164306,662,Source One Financial Services,CO, chris manaois,0,0,CO160,Silver
252969,avera,28078.25,180,Decline,Old Salt Marine - FL234,,FL,Lakeland,2026-08-28,,,2026,Boat,New,,15.12,5.09,wstoutimore,,148,9.74,7000,7000,false,,,11.24,Core,Not Applicable,1,0,,0,28193,739,Connexus Credit Union,FL, dean old salt,0,0,FL234,Not Applicable
253120,sbaker,19659.05,144,Decline,Boaters World - Bradenton - FL229,,FL,Bradenton,2026-08-28,,,2021,Boat,Used,,20.05,3.49,wstoutimore,,104,9.24,3000,3000,false,,,10.74,Core,Core,1.31,0,,0,15010,767,Source One Financial Services,FL, hussein saleh,0,0,FL229,Core
253149,ahunt,29137.7,120,Auto Approval,Premier Yamaha Boating Center/Aransas -TX209,,TX,Aransas,2026-08-28,2026-08-28,,2011,Boat,Used,,48.12,4.21,gott,,54,11.24,0,0,false,,,12.74,Core,Core,1.08,0,,0,27040,737,Source One Financial Services,TX, ashton janise,1,1,TX209,Core
253139,eavila,40534.79,180,Approved,Rock Solid Funding LLC - TX536,RSF,TX,BEDFORD,2026-08-28,2026-08-28,,2021,RV,Used,715,35.73,2.64,S1House,,10,8.49,3988,3988,false,,,9.99,Core,Core,1.19,0,,0,34150,797,Source One Financial Services,CA, ashley rogers,1,1,TX536,Core
253072,rsimmons,87278.3,180,Decline,TRIPLE H RVS - AL119,,AL,HALEYVILLE,2026-08-28,,,2027,RV,New,677,45.19,4.72,jsmith,,2,13.74,0,10200,false,,,14.74,Silver 1,Silver 1,1.02,0,,0,85250,656,Source One Financial Services,TX, tyler spann,0,0,AL119,Silver
253046,pmeza,37153.82,180,Decline,PKB RVs- WV108,Canopy Financial,WV,Parkersburg,2026-08-28,,,2025,RV,Used,624,25.4,1.88,jharrington1,,45,9.49,4000,4000,false,,,10.99,Core,Not Applicable,0.71,0,,0,52250,745,Connexus Credit Union,VA, mac mclelland,0,0,WV108,Not Applicable
252974,rsimmons,13075.42,144,Decline,PPL MOTORHOMES - CLEBURNE - TX440,,TX,CLEBURNE,2026-08-28,,,2019,RV,Used,,26.92,2.12,gott,,9,10.99,1500,1500,false,,,12.49,Core,Core,0.67,0,,0,19450,717,Source One Financial Services,TX, bryce mcmakin,0,0,TX440,Core
253066,avera,13794.57,204,Decline,Blue Compass RV - South Raleigh - NC158,Blue Compass,NC,Benson,2026-08-28,,,2020,RV,Used,,30.18,1.72,jsmith,,20,9.99,0,0,false,,,11.49,Core,Core,0.82,0,,0,16850,741,Source One Financial Services,NC, melissa hein,0,0,NC158,Core
252986,Jhill,38118,180,Verifications Incomplete,"Vantage Recreational Finance, Inc. -FL291",VRF,FL,FORT LAUDERDALE,2026-08-28,2026-09-02,,2011,RV,Used,787,11.54,2.07,S1House,,7423,9.49,1675,1675,false,,255,10.74,Core,Core,1.06,0,,0,35850,783,Source One Financial Services,TN, kaye cryer,1,1,FL291,Core
253040,,50412.35,180,Auto Decline,"Colonia Del Rey RV Sales, LLC -TX294",,TX,Corpus Christi,2026-08-28,,,2026,RV,New,,21.28,1.86,gott,,0,14.99,1000,1000,false,,,15.99,Silver 2,Silver 2,0.96,0,,0,52689,626,Source One Financial Services,TX,,0,0,TX294,Silver
253203,thovey,11922,120,Auto Approval,SUNRISE MARINE CENTER - AR109,,AR,SEARCY,2026-08-28,2026-08-28,,2012,Boat,Used,,35.24,0.34,jweller,,25,10.24,1300,1300,false,,,11.74,Core,Core,1.09,0,,0,10910,770,Source One Financial Services,AR, makayla cheatham,1,1,AR109,Core
252979,avera,41810.29,180,Approved,Rock Solid Funding LLC - TX536,RSF,TX,BEDFORD,2026-08-28,2026-08-28,,2014,Boat,Used,656,15.6,1.12,S1House,,19,8.99,0,0,false,,,10.49,Core,Core,0.71,0,,0,58835,836,Source One Financial Services,NJ, caleb grassi,1,1,TX536,Core
253108,,21297.69,144,Auto Decline,Rocky Ridge RV - Nacogdoches - TX525,Rocky Ridge,TX,Nacogdoches,2026-08-28,,,2026,RV,New,566,28.47,4.05,gott,,0,22.99,2200,2200,false,,,23.99,Bronze,Bronze,0.76,0,,0,28050.47,606,Source One Financial Services,TX,,0,0,TX525,Business First
253135,pmeza,16313.18,144,Decline,Wright Campers LLC - NC163,,NC,Dobson,2026-08-28,,,2018,RV,Used,811,127.21,6.61,jsmith,,27,10.49,4000,4000,true,,,12.49,Business First,Business First,0.98,0,,0,16700,,Source One Financial Services,NC, kimberley wright,0,0,NC163,Business First
253060,pmeza,33899,204,Verifications Incomplete,Blue Compass-RV KC - Grain Valley - MO121,Blue Compass,MO,Grain Valley,2026-08-28,2026-09-01,,2021,RV,Used,,17.63,4.8,jweller,,6003,10.24,3000,3000,false,,18,11.74,Core,Core,1.04,0,,0,32550,722,Source One Financial Services,TX, aaron shockey,1,1,MO121,Core
252993,avera,25182.03,180,Approved,MILLERS MARINE - FL178,,FL,OCALA,2026-08-28,2026-08-28,,2026,Boat,New,,29.8,2.31,pcarter,,15,7.49,5000,5200,false,,,8.99,Core,Core,1.13,0,,0,22305.48,855,Source One Financial Services,FL, johnmichael zayas,1,1,FL178,Core
253127,lgrace,74966.91,240,Booked,Safe Harbor Emerald Coast - FL324,,FL,Santa Rosa Beach,2026-08-28,2026-08-31,2026-09-01,2025,Boat,New,785,30.2,12.04,wstoutimore,5792,4682,7.24,5500,28650.57,false,1110,0,8.74,Core,Core,1.28,4498.01,6,0,58499.73,804,Source One Financial Services,FL, jeff henley,1,0,FL324,Core
252981,sbaker,37309.27,180,Auto Approval,White Pine Marine sales and Service - ETN127,EPIC,TN,White Pine,2026-08-28,2026-08-28,,2026,Boat,New,,33.93,8.38,S1House,,192,9.99,0,0,false,,,11.49,Core,Core,1.23,0,,0,30436.3,717,Source One Financial Services,NC, david bounphasaysonh,1,1,ETN127,Core
253196,,45698.57,240,Cancelled,Campers Inn RV of Knoxville E - TN160,Campers Inn,TN,Knoxville,2026-08-28,,,2026,RV,New,,0,0,jsmith,,,22.99,5000,898.92,false,,,23.99,Bronze,Bronze,1.09,0,,0,41886,,Source One Financial Services,IL, radu puraci,0,0,TN160,Business First
253083,sbaker,240249.66,240,Decline,Motor Home Specialist - TX567,Blue Compass,TX,Alvarado,2026-08-28,,,2026,RV,New,712,14.68,3.84,gott,,46,9.99,200000,200000,false,,,11.49,Core,Core,0.58,0,,0,411731,717,Source One Financial Services,GA, christopher purcell,0,0,TX567,Core
253021,mlomedico,19313.46,144,Auto Approval,CRABTREE RV CENTER INC - AR101,,AR,ALMA,2026-08-28,2026-08-28,,2026,RV,New,676,33.43,2.8,jweller,,25,10.24,1900,1900,false,,,11.74,Core,Core,0.84,0,,0,23096,692,Source One Financial Services,OK, taylor joyce,1,1,AR101,Core
253257,,68343.12,240,Auto Decline,RV's of Sacramento - NCA136,,CA,Elk Grove,2026-08-28,,,2026,RV,New,,16.77,3.19,jrubi,,0,14.99,7000,7000,false,,,15.99,Silver 2,Silver 2,0.84,0,,0,80987,627,Source One Financial Services,CA,,0,0,NCA136,Silver
253093,,34179.55,180,Auto Decline,GAUTHIERS RV CENTER INC - LA100,,LA,SCOTT,2026-08-28,,,2027,RV,New,,45.14,5.87,gott,,0,13.74,0,0,false,,,14.74,Silver 1,Silver 1,0.96,0,,0,35729,655,Source One Financial Services,LA,,0,0,LA100,Silver
253228,mlomedico,36091.5,180,Decline,SMITH MOTOR CO OF HATTIESBURG INC - MS107,,MS,HATTIESBURG,2026-08-28,,,2027,Boat,New,,52.36,13.16,jsmith,,11,8.74,3600,3600,false,,,10.24,Core,Core,1.67,0,,0,21579.19,765,Source One Financial Services,LA, elizabeth aycox,0,0,MS107,Core
253212,,43679,180,Auto Decline,BOBBY COMBS RV LLC - AZ338,,AZ,YUMA,2026-08-28,,,2026,RV,New,,14.39,14.39,edominguez,,12,22.99,4300,4300,false,,,23.99,Bronze,Bronze,0.91,0,,0,48078,,Source One Financial Services,AZ,,0,0,AZ338,Business First
253256,rsimmons,12572,144,Verifications Incomplete,LEMKE RV LLC - NCA116,,CA,ROCKLIN,2026-08-28,2026-08-31,,2023,RV,Used,,21.27,2.94,jrubi,,4429,10.49,11000,11000,false,,1,10.49,Core,Core,0.63,0,0,0,20050,719,Source One Financial Services,CA,,1,1,NCA116,Core
253053,sbaker,53613.25,240,Auto Approval,Boating Atlanta - GA133,,GA,Gainesville,2026-08-28,2026-08-28,,2026,Boat,New,697,2.52,0.3,jsmith,,30,7.99,6000,6000,false,,,9.49,Core,Core,1.07,0,,0,50000,792,Source One Financial Services,GA, josh haynes,1,1,GA133,Core
253024,avera,54103.02,240,Auto Approval,Boaters World - Bradenton - FL229,,FL,Bradenton,2026-08-28,2026-08-28,,2019,Boat,Used,,11.84,9.8,wstoutimore,,124,13.24,32000,32000,false,,,14.24,Silver 1,Silver 1,0.7,0,,0,77325,668,Source One Financial Services,FL, hussein saleh,1,1,FL229,Silver
253218,,23935.68,180,Auto Decline,WAGNERS OUTDOOR EXPRESS RV LLC - WV103,Easy Care,WV,FALLING WATERS,2026-08-28,,,2026,RV,New,,27.86,6.21,jharrington1,,0,22.99,2400,2400,false,,,23.99,Bronze,Bronze,0.93,0,,0,25783,602,Source One Financial Services,MD,,0,0,WV103,Business First
253132,ahunt,91792.79,240,Auto Approval,Rock Solid Funding LLC - TX536,RSF,TX,BEDFORD,2026-08-28,2026-08-28,,2026,RV,New,,12.09,1.45,S1House,,222,7.74,20000,20000,false,,,9.24,Core,Core,1.08,0,,0,85000,796,Source One Financial Services,CO, ashley rogers,1,1,TX536,Core
253012,Jhill,58136.07,240,Auto Approval,Fun Town RV Tyler-TX387,Fun Town,TX,Mineola,2026-08-28,2026-08-28,,2025,RV,New,,34.36,6.02,gott,,56,9.49,6000,6000,false,,,10.99,Core,Core,0.77,0,,0,75969,750,Source One Financial Services,TX, travon reveile,1,1,TX387,Core
253094,eavila,30699,180,Auto Approval,RV STATION LLC - COLBERT - OK125,,OK,COLBERT,2026-08-28,2026-08-28,,2026,RV,Used,,35.29,2.92,jweller,,12,8.74,37200,39600,false,,,10.24,Core,Core,1.11,0,,0,27700,767,Source One Financial Services,TX, calvin parrish,1,1,OK125,Core
252972,lgrace,51368.94,180,Auto Approval,Brooks Camper Sales LLC-PA136,Warrior Performance,PA,CONNELSVILLE,2026-08-28,2026-08-28,,2026,RV,New,,13.43,9.4,jharrington1,,181,11.74,5300,5300,false,,,11.74,Silver 1,Not Applicable,0.91,0,,0,56405,672,Connexus Credit Union,FL, dave waters,1,1,PA136,Not Applicable
252983,lgrace,39023.25,180,Decline,Blue Compass RV - South Raleigh - NC158,Blue Compass,NC,Benson,2026-08-28,2026-08-28,,2015,RV,Used,641,52.83,7.4,jsmith,,449,10.74,1000,1000,false,,,12.24,Core,Core,0.91,0,,0,42904,736,Source One Financial Services,NC, melissa hein,0,0,NC158,Core
253182,mnava,18294,144,Auto Approval,FREEDOM MARINE CENTER - AL138,,AL,GUNTERSVILLE,2026-08-28,2026-08-28,,2024,Boat,Used,,42.84,3.41,jsmith,,17,10.24,7000,7000,false,,,11.74,Core,Core,0.9,0,,0,20268,692,Source One Financial Services,AL,,1,1,AL138,Core
253173,hhisek,25299.7,180,Booked,Alabama Campers Tuscaloosa-AL161,,AL,Tuscaloosa,2026-08-28,2026-08-30,2026-08-30,2026,RV,New,,10.43,4.87,jsmith,3050,3045,9.99,10000,10000,false,4,1,11.49,Core,Core,0.7,1517.98,6,0,36358,712,Source One Financial Services,MS, anne huntsinger,1,0,AL161,Core
253030,pmeza,45114.17,204,Auto Approval,KUNES STOUGHTON RV INC - WI713,KunesRV,WI,DEFOREST,2026-08-28,2026-08-28,,2021,RV,Used,824,34.41,4.48,S1House,,33,7.99,33093.73,20955,false,,,9.49,Core,Core,1.16,0,,0,38900,838,Source One Financial Services,IA, taylor moore,1,1,WI713,Core
253085,ccampos,24557,144,Booked,Recreation USA LLC - Myrtle Beach - SC134,,SC,Myrtle Beach,2026-08-28,2026-08-31,2026-08-31,2026,RV,New,738,30.47,2.18,jsmith,4748,4241,8.74,0,0,false,495,12,9.24,Core,Core,0.97,491.14,2,0,25245,770,Source One Financial Services,SC, stan johnson,1,0,SC134,Core
253045,mlomedico,65909.85,240,Decline,Basecamp RV Sales - ECA115,EPIC,CA,Auburn,2026-08-28,,,2021,RV,Used,,39.74,4.64,S1House,,8,13.24,0,0,false,,,14.24,Silver 1,Silver 1,1.48,0,,0,44385,671,Source One Financial Services,CA, mark roberts,0,0,ECA115,Silver
253224,mlomedico,31478.44,180,Decline,Fun Town RV-Waller -TX539,Fun Town,TX,Waller,2026-08-28,,,2026,RV,New,,33.64,2.92,gott,,32,13.74,0,0,false,,,14.74,Silver 1,Silver 1,0.99,0,,0,31660,653,Source One Financial Services,TX, meddie nieto,0,0,TX539,Silver
253011,eavila,55575.96,180,Auto Approval,Three Way Campers - GA155,,GA,Marietta,2026-08-28,2026-08-28,,2027,RV,New,,23.73,2.93,jsmith,,26,7.89,5700,5700,false,,,8.64,Silver 2,Not Applicable,1.07,0,,0,52123,628,Ideal Credit Union,GA, cody porter,1,1,GA155,Not Applicable
252997,,20131,120,Auto Decline,NewCoast - Boatzon - FL356,Marine Max,FL,Oldsmar,2026-08-28,,,2026,Boat,New,,36.38,5.24,S1House,,0,22.99,1900,1900,false,,,23.99,Bronze,Bronze,20131,0,,0,1,619,Source One Financial Services,TN,,0,0,FL356,Business First
253130,rsimmons,36211.09,120,Booked,RGV RV SALES - TX569,,TX,Mission,2026-08-28,2026-08-28,2026-08-31,2027,RV,New,,14.16,5.73,gott,4475,66,7.49,2000,2000,false,4395,14,8.99,Core,Core,1.08,2172.67,6,0,33586,806,Source One Financial Services,TX, aldo camarillo,1,0,TX569,Core
253058,Jhill,330286.05,240,Decline,Intercoastal Financial Group LLC - 17401746,IFG,FL,Vero Beach,2026-08-28,,,2019,Boat,Used,,32.28,11.13,S1House,,5,10.99,77000,77000,false,,,12.24,Core,Core,0.96,0,,0,344250,703,Source One Financial Services,FL, david ashley,0,0,17401746,Core
253100,,10127.71,120,Auto Decline,PRINCESS CRAFT - TX483,,TX,KATY,2026-08-28,,,2026,RV,New,674,6.18,0.72,gott,,0,22.99,4000,4000,false,,,23.99,Bronze,Bronze,0.52,0,,0,19529.78,610,Source One Financial Services,TX,,0,0,TX483,Business First
253167,mlomedico,23021,180,Decline,Bish's RV of Sioux Falls - SD112,Bish's RV,SD,Tea,2026-08-28,,,2024,RV,Used,626,31.1,3.13,dzilberchtein,,8,12.49,1000,1000,false,,,13.49,Silver 1,Silver 1,0.88,0,,0,26235,667,Source One Financial Services,SD, david mcclanahan,0,0,SD112,Silver
253248,mnava,80570.5,240,Auto Approval,FUN TOWN RV SAN ANTONIO LP - TX465,Fun Town,TX,CIBOLO,2026-08-28,2026-08-28,,2025,RV,New,789,24.74,2.85,gott,,25,7.49,0,0,false,,,8.99,Core,Core,1,0,,0,80600,819,Source One Financial Services,TX, franz grimes,1,1,TX465,Core
253179,hhisek,107798.82,216,Decline,Crestview RV 2 - Buda -TX180,Campers Inn,TX,Buda,2026-08-28,,,2026,RV,New,,24.95,9.66,gott,,3,10.24,5000,14871.6,false,,,11.74,Core,Core,1.21,0,,0,88760,694,Source One Financial Services,TX, luckett lowry,0,0,TX180,Core
253015,,15069.64,120,Auto Decline,SAVA RV - FL284,,FL,Fort Myers,2026-08-28,,,2022,RV,Used,,68.35,6.71,wstoutimore,,0,22.99,2000,2000,false,,,23.99,Bronze,Bronze,1,0,,0,14999,565,Source One Financial Services,FL,,0,0,FL284,Business First
253055,mlomedico,73421.49,240,Decline,Blue Compass RV - Park City-KS117,Blue Compass,KS,Park City,2026-08-28,,,2023,RV,Used,,38.14,6.27,jweller,,8717,10.74,0,6500,false,,,12.24,Core,Core,0.86,0,,0,85030,682,Source One Financial Services,TX, kurt bull,0,0,KS117,Core
253141,Jhill,27737.77,204,Conditional Approval,Campers Inn RV of Sewell - NJ105,Campers Inn,NJ,Sewell,2026-08-28,2026-08-28,,2021,RV,Used,,42.93,3.12,gcoulombe,,31,9.24,6700,1976,false,,,10.74,Core,Core,1.15,0,,0,24050,773,Source One Financial Services,NJ, jacob helms,1,1,NJ105,Core
253185,mlomedico,33305.5,180,Auto Approval,Blue Compass-RV KC - Grain Valley - MO121,Blue Compass,MO,Grain Valley,2026-08-28,2026-08-28,,2027,RV,New,624,3.7,3.17,jweller,,20,7.99,3400,3400,false,,,9.49,Core,Core,0.91,0,,0,36525.25,791,Source One Financial Services,MO, aaron shockey,1,1,MO121,Core
253056,,20799,180,Auto Decline,"Vantage Recreational Finance, Inc. -FL291",VRF,FL,FORT LAUDERDALE,2026-08-28,,,2023,RV,Used,,29.08,2.07,S1House,,0,22.99,5000,5000,false,,,23.99,Bronze,Bronze,1.2,0,,0,17270,619,Source One Financial Services,CA,,0,0,FL291,Business First
253210,rsimmons,44544.06,180,Conditional Approval,Rocky Ridge RV - Texarkana - TX526,Rocky Ridge,TX,Texarkana,2026-08-28,2026-08-28,,2026,RV,New,,36.38,6.14,jweller,,9,10.24,5293,10093,false,,,11.99,Core,Core,1.04,0,,0,42849,694,Source One Financial Services,TX, ronald lundy,1,1,TX526,Core
253121,ahunt,15863.41,120,Auto Approval,Texas Boat World -TX378,,TX,Harker Heights,2026-08-28,2026-08-28,,2013,Boat,Used,,43.29,2.92,gott,,62,10.99,0,0,false,,,12.49,Core,Core,1.14,0,,0,13880,754,Source One Financial Services,TX, maggie drake,1,1,TX378,Core
253216,ahunt,22283.84,180,Auto Approval,DADS CAMPER OUTLET - GULFPORT - MS100,,MS,GULFPORT,2026-08-28,2026-08-28,,2026,RV,New,,14.87,5.09,jsmith,,64,9.49,12000,12000,false,,,10.99,Core,Core,0.72,0,,0,31045,746,Source One Financial Services,LA, ricky arnaud,1,1,MS100,Core
253078,mnava,9995.99,60,Auto Approval,INLAND BOAT CENTER INC - SCA106,,CA,PERRIS,2026-08-28,2026-08-28,,2006,Boat,Used,,47.02,2.33,jrubi,,286,12.24,2500,2500,false,,,12.99,Core,Core,1.05,0,,0,9520.05,744,Source One Financial Services,CA, kim artiga,1,1,SCA106,Core
253147,hhisek,31353.59,180,Decline,OPTIMUM RV OCALA - FL162,Optimum RV,FL,OCALA,2026-08-28,,,2022,RV,Used,,44.39,9.72,pcarter,,11,14.49,400,400,false,,,15.49,Silver 1,Silver 1,0.95,0,,0,33100,656,Source One Financial Services,FL, michael buskey,0,0,FL162,Silver
253143,rsimmons,31159.3,180,Auto Approval,BANKSTON MOTORHOMES INC - AL111,,AL,HUNTSVILLE,2026-08-28,2026-08-28,,2026,RV,New,,14.24,5.52,jsmith,,135,8.49,5000,5000,false,,,9.24,Core,Not Applicable,0.83,0,,0,37609,701,Connexus Credit Union,AL, richard archer,1,1,AL111,Not Applicable
253036,sbaker,40450.91,180,Booked,Gregg Orr Marine -TX365,,TX,TEXARKANA,2026-08-28,2026-08-28,2026-08-28,2026,Boat,New,,24.37,6.08,jweller,234,218,10.24,4000,4000,false,16,0,11.74,Core,Core,1.16,2427.05,6,0,34729.73,693,Source One Financial Services,LA, chad jordan,1,0,TX365,Core
253133,mnava,43038,180,Decline,UNITED RV CENTERS INC - GA150,,GA,CHATSWORTH,2026-08-28,,,2027,RV,New,,8.62,6.07,jsmith,,6,9.74,0,0,false,,,11.24,Core,Core,0.99,0,,0,43496,736,Source One Financial Services,GA, ryan lasuer,0,0,GA150,Core
253140,avera,52917.97,216,Conditional Approval,Cookeville RV and Marine - TN154,Easy Care,TN,Cookeville,2026-08-28,2026-08-28,,2022,RV,Used,,27.6,3.8,jsmith,,27,10.49,9700,16541.43,false,,,11.99,Core,Core,1.15,0,,0,45900,715,Source One Financial Services,TN, jim lakes,1,1,TN154,Core
253102,pmeza,58774.65,240,Booked,RUGBY HOMES AND RV CENTER - ND121,,ND,RUGBY,2026-08-28,2026-08-31,2026-09-02,2023,RV,Used,712,15.7,1.59,dzilberchtein,7548,4326,8.24,10210,10210,false,33,3189,7.39,Core,Core,1.29,587.75,1,0,45400,797,Source One Financial Services,ND,,1,0,ND121,Core
253114,Jhill,82681.84,240,Decline,BISH'S RV OF GREAT FALLS - MT104,Bish's RV,MT,GREAT FALLS,2026-08-28,,,2026,RV,New,632,33.73,4.29,dzilberchtein,,6,7.24,6000,10150.49,false,,,8.74,Core,Core,1.12,0,,0,74024,859,Source One Financial Services,MT, todd miillsap,0,0,MT104,Core
253195,ccampos,144378.05,240,Decline,Sky Marine - Orlando - FL307,,FL,Sanford,2026-08-28,,,2026,Boat,New,,36.69,6.28,pcarter,,42,13.74,16000,16000,false,,,14.74,Silver 1,Not Applicable,0.96,0,,0,150202,659,Connexus Credit Union,FL, lisa pruchniewski,0,0,FL307,Not Applicable
253069,Jhill,109288.84,204,Booked,RV Station LTD - Bryan/College Station -TX193,,TX,College Station,2026-08-28,2026-08-29,2026-08-29,2025,RV,New,,28.51,5.82,gott,1626,1614,9.99,4000,4000,false,11,1,11.49,Core,Core,1.05,6557.33,6,0,103880,710,Source One Financial Services,TX, curtis hunsinger,1,0,TX193,Core
253207,mnava,36149.77,180,Decline,ROUTE 66 RVS INC - OK117,Canopy Financial,OK,CLAREMORE,2026-08-28,,,2026,RV,New,,17.31,3.51,jweller,,35,9.99,1800,1800,false,,,11.49,Core,Core,0.85,0,,0,42604,702,Source One Financial Services,OK, mac mclelland,0,0,OK117,Core
253084,rsimmons,26529.38,144,Booked,QUALITY MARINE ASSOCIATES INC - TX415,,TX,ONALASKA,2026-08-28,2026-09-02,2026-09-02,2026,Boat,New,,19.91,2.89,gott,7266,6980,9.74,0,0,false,285,1,11.24,Core,Core,1.35,1591.76,6,0,19698,724,Source One Financial Services,TX, ronnie heldenbrand,1,0,TX415,Core
253075,avera,22506.73,180,Decline,Blue Compass RV - Fort Wayne - IN217,Blue Compass,IN,Columbia City,2026-08-28,,,2026,RV,New,477,19.44,1.26,jharrington1,,7,8.74,1000,1000,false,,,10.24,Core,Core,0.86,0,,0,26197,763,Source One Financial Services,UT, tasha santos,0,0,IN217,Core
253090,,5212.24,48,Auto Decline,Fun Town RV - Kansas City - MO231,Fun Town,MO,Buckner,2026-08-28,,,2011,RV,Used,,59.76,4.29,jweller,,0,22.99,2000,2000,false,,,23.99,Bronze,Bronze,0.91,0,,0,5700,612,Source One Financial Services,MO,,0,0,MO231,Business First
253126,mlomedico,57772.69,240,Decline,Moix RV - Hot Springs Landing LLC - AR135,,AR,Hot Springs,2026-08-28,,,2016,RV,Used,,52.04,9.69,jweller,,7,10.99,1000,1000,false,,,12.49,Core,Core,1.19,0,,0,48730,715,Source One Financial Services,AR, brayden fisher,0,0,AR135,Core
253165,ccampos,38545.08,204,Auto Approval,Keystone RV Center  - PA110,Pete's RV,PA,Greencastle,2026-08-28,2026-08-29,,2026,RV,New,,39.11,6.4,jharrington1,,1210,9.74,2700,-6763.82,false,,,11.24,Core,Core,1.1,0,,0,34995,723,Source One Financial Services,WV, jennifer vance,1,1,PA110,Core
253057,pmeza,23446.22,180,Decline,Liberty RV-MO107,,MO,Liberty,2026-08-28,,,2021,RV,Used,,23.85,4.13,jweller,,29,12.74,2400,2400,false,,,14.24,Core,Not Applicable,0.97,0,,0,24100,680,Ideal Credit Union,KS, shawn wiegers,0,0,MO107,Not Applicable
253198,,49916.25,180,Auto Decline,Colaw RV Sales -MO110,,MO,Carthage,2026-08-28,,,2023,RV,Used,713,59.37,11.48,jweller,,0,22.99,0,0,false,,,23.99,Bronze,Bronze,1.02,0,,0,48950,616,Source One Financial Services,MO,,0,0,MO110,Business First
253082,thovey,20181.21,180,Booked,LEMKE RV LLC - NCA116,,CA,ROCKLIN,2026-08-28,2026-08-28,2026-08-31,2020,RV,Used,875,24.62,0.81,jrubi,4525,79,7.99,5000,5000,false,93,4353,7.99,Core,Core,0.82,0,0,0,24550,871,Source One Financial Services,CA,,1,0,NCA116,Core
253088,pmeza,35180.29,144,Auto Approval,Ricks RV Center - IL186,,IL,Joilet,2026-08-28,2026-09-02,,2021,RV,Used,670,43.35,2.76,gcoulombe,,7270,12.49,3630,3630,false,,,12.74,Silver 1,Not Applicable,0.99,0,,0,35635,678,Connexus Credit Union,OK, jim freeland,1,1,IL186,Not Applicable
252995,thovey,60812.19,240,Decline,General RV - Fort Myers - FL240,General RV,FL,Fort Myers,2026-08-28,,,2027,RV,New,,16.44,4.61,wstoutimore,,13,12.49,15000,15000,false,,,13.49,Silver 1,Silver 1,0.88,0,,0,69166,668,Source One Financial Services,FL, dustin knaggs,0,0,FL240,Silver
253097,thovey,84159.1,204,Auto Approval,M20 MARINE OUTFITTERS - SCA107,,CA,SAN DIEGO,2026-08-28,2026-08-28,,2026,Boat,New,,23.98,6.39,jrubi,,17,10.24,8500,8500,false,,,11.74,Core,Core,1.18,0,,0,71292,695,Source One Financial Services,CA, carter allen,1,1,SCA107,Core
253103,rsimmons,23314.95,144,Booked,Blue Compass - Mobile - AL170,Blue Compass,AL,Theodore,2026-08-28,2026-08-28,2026-08-28,2026,RV,New,,31.21,3.08,jsmith,265,247,9.74,0,0,false,14,4,11.24,Core,Core,1.47,1398.9,6,0,15832,721,Source One Financial Services,AL, dylan howard,1,0,AL170,Core
253061,Jhill,42090,180,Approved,Rocky Ridge - Idabel - OK149,Rocky Ridge,OK,Idabel,2026-08-28,2026-08-28,,2023,RV,Used,,35.25,1.89,jweller,,89,9.5,5000,5000,false,,,10,Core,Not Applicable,0.89,0,,0,47300,697,Ideal Credit Union,OK, nash archuleta,1,1,OK149,Not Applicable
253087,avera,44151.3,240,Verifications Incomplete,BOAT AND MOTOR SUPERSTORES PALM HARBOUR - FL155,,FL,PALM HARBOUR,2026-08-28,2026-09-03,,2026,Boat,New,703,38.49,3.09,wstoutimore,,8528,8.24,0,14194.33,false,,2,8.99,Core,Core,0.99,1324.54,3,0,44538.44,768,Source One Financial Services,FL, sandy sigman,1,1,FL155,Core
253124,,38886.42,180,Auto Decline,Blue Compass RV - Charlotte - NC153,Blue Compass,NC,Concord,2026-08-28,,,2022,RV,Used,,45.81,10.09,jsmith,,0,22.99,20000,30500,false,,,23.99,Bronze,Bronze,0.63,0,,0,62040,591,Source One Financial Services,NC,,0,0,NC153,Business First
253245,,34049.47,180,Auto Decline,HOWDY RANCH RV - TX315,,TX,Mathis,2026-08-28,,,2023,RV,Used,,34.67,4.23,gott,,0,15.74,3500,3500,false,,,16.74,Silver 2,Silver 2,1.04,0,,0,32600,635,Source One Financial Services,TX,,0,0,TX315,Silver
253202,Jhill,48961.8,180,Conditional Approval,CampNorth RV  - MI462,,MI,Schoolcraft,2026-08-28,2026-08-28,,2019,RV,Used,791,23.27,5.21,dzilberchtein,,49,7.99,10500,10500,false,,,9.24,Core,Not Applicable,1,0,,0,49100,844,Connexus Credit Union,MI, calvin helmuth,1,1,MI462,Not Applicable
252970,avera,52984.62,180,Conditional Approval,General RV - West Chester - PA113,General RV,PA,West Chester,2026-08-28,2026-08-28,,2026,RV,Used,,19.86,5.46,jharrington1,,32,13.74,39300,60567.24,false,,,14.74,Silver 1,Silver 1,0.53,0,,0,99300,645,Source One Financial Services,TX, michael quigley,1,1,PA113,Silver
253206,mlomedico,33046.59,180,Auto Approval,Fun Town RV- Waco-TX212,Fun Town,TX,Hewitt,2026-08-28,2026-08-28,,2026,RV,New,,36.86,3.88,gott,,48,9.99,1612,1612,false,,,11.49,Core,Core,0.84,0,,0,39417,709,Source One Financial Services,TX, eric cuffee,1,1,TX212,Core
252977,Jhill,19214,144,Approved,"Vantage Recreational Finance, Inc. -FL291",VRF,FL,FORT LAUDERDALE,2026-08-28,2026-08-28,,2020,Boat,Used,,11.8,1.97,S1House,,18,10.74,2000,2000,false,,,12.24,Core,Core,0.98,0,,0,19700,691,Source One Financial Services,CA, richard cosentino,1,1,FL291,Core
253222,ccampos,23477.83,180,Auto Approval,RCD Sales Co. LTD -OH127,,OH,Pataskala,2026-08-28,2026-08-28,,2020,RV,Used,,10.86,4.69,jharrington1,,18,13.24,4999,4999,false,,,14.24,Silver 1,Silver 1,0.85,0,,0,27750,677,Source One Financial Services,OH, kevin seitz,1,1,OH127,Silver
253227,eavila,160421.9,204,Conditional Approval,Ron Hoover Companies Katy -TX275,Ron Hoover,TX,Katy,2026-08-28,2026-08-28,,2025,RV,New,,33.81,12.49,gott,,21,9.49,20000,20391.08,false,,,10.99,Core,Core,1.1,0,,0,146340,741,Source One Financial Services,TX, greg woods,1,1,TX275,Core
253220,edominguez,153340.82,240,Decline,INTEGRITY RV - AZ323,,AZ,MESA,2026-08-28,,,2023,RV,Used,756,59.8,11.42,edominguez,,25,7.74,45000,45000,false,,,9.24,Core,Core,0.75,0,,0,205650,818,Source One Financial Services,AZ, stephen greeene,0,0,AZ323,Core
253162,,16058.47,144,Auto Decline,Fun Town RV Ottawa LLC - KS125,Fun Town,KS,Ottawa,2026-08-28,,,2025,RV,Used,630,27.45,5.81,jweller,,0,22.99,0,0,false,,,23.99,Bronze,Bronze,0.88,0,,0,18260,556,Source One Financial Services,KS,,0,0,KS125,Business First
253049,lgrace,47038.01,180,Approved,SMG Used Boat Supercenter -GA111,OneWater,GA,Buford,2026-08-28,2026-08-28,,2014,Boat,Used,749,32.67,2.33,jsmith,,10,9.49,5000,5000,false,,,10.99,Core,Core,1.46,0,,0,32216,791,Source One Financial Services,AL, chris whiten jr,1,1,GA111,Core
253042,ccampos,103385,168,Auto Approval,Intercoastal Financial Group LLC - 17401746,IFG,FL,Vero Beach,2026-08-28,2026-08-28,,2011,Boat,Used,,36.69,9.58,S1House,,58,9.49,12000,12000,false,,,10.74,Core,Core,1.05,0,,0,98400,785,Source One Financial Services,VA, nicole chaney,1,1,17401746,Core
253187,ccampos,48189.16,180,Decline,Rock Solid Funding LLC - TX536,RSF,TX,BEDFORD,2026-08-28,,,2025,Boat,Used,,32.56,6.79,S1House,,48,9.99,18000,18000,false,,,11.49,Core,Not Applicable,0.76,0,,0,63310,716,Connexus Credit Union,FL, serena pulliam,0,0,TX536,Not Applicable
253025,,65083,180,Auto Decline,Route 1 Motorsports - FL306,,FL,Malabar,2026-08-28,,,2026,Boat,New,,38.96,7.45,pcarter,,0,22.99,0,0,false,,,23.99,Bronze,Bronze,1.58,0,,0,41194,556,Source One Financial Services,FL,,0,0,FL306,Business First
253115,,26859.67,240,Cancelled,GREAT AMERICAN RV SUPERSTORE- FL224,,FL,DEFUNIAK SPRINGS,2026-08-28,,,2027,RV,New,,0,0,wstoutimore,,,22.99,5000,5000,false,,,23.99,Bronze,Bronze,0.88,0,,0,30655,,Source One Financial Services,FL, debbie fischer,0,0,FL224,Business First
253249,,37138.27,180,Auto Decline,Blue Compass RV - San Marcos - SCA167,Blue Compass,CA,San Marcos,2026-08-28,,,2021,RV,Used,,27.57,3.5,jrubi,,0,22.99,5000,5000,false,,,23.99,Bronze,Bronze,1.01,0,,0,36950,591,Source One Financial Services,CA,,0,0,SCA167,Business First
253234,mnava,23363.83,180,Pending,WAKE AUTHORITY - TX449,,TX,CARTHAGE,2026-08-28,2026-08-28,,2026,Boat,New,662,8.21,2.21,gott,,18,8.74,2500,2500,false,,,10.24,Core,Core,0.94,0,,0,24930.04,771,Source One Financial Services,TX, floyd rucks,0,0,TX449,Core
253080,lgrace,53698.06,240,Approved,Royal RV & Auto Center Inc - IN203,,IN,Middleberry,2026-08-28,2026-08-28,,2023,RV,Used,,24.73,2.97,jharrington1,,19,9.49,10000,10000,false,,,10.99,Core,Core,0.78,0,,0,68500,744,Source One Financial Services,TN, jason flick,1,1,IN203,Core
253176,lgrace,21077.39,204,Booked,Ashley Marine - Panama City -  FL255,,FL,Panama City,2026-08-28,2026-09-02,2026-09-02,2026,Boat,New,657,48.16,3.97,wstoutimore,7189,7060,9.74,1300,1300,false,115,14,10.74,Core,Core,1.21,843.1,4,0,17429,726,Source One Financial Services,FL, amy silas,1,0,FL255,Core
253223,thovey,23295.2,180,Booked,Keystone RV Center  - PA110,Pete's RV,PA,Greencastle,2026-08-28,2026-08-29,2026-08-29,2026,RV,New,,28.65,2.24,jharrington1,1160,1155,7.99,0,0,false,5,0,9.49,Core,Core,1.08,1397.71,6,0,21650,782,Source One Financial Services,WV, jennifer vance,1,0,PA110,Core
253240,pmeza,21487.55,180,Decline,Blue Compass RV - Katy - TX571,Blue Compass,TX,Katy,2026-08-28,,,2027,RV,New,661,17.58,1.16,gott,,12,10.24,0,0,false,,,11.74,Core,Core,0.91,0,,0,23676,688,Source One Financial Services,TX, eddie johnson,0,0,TX571,Core
253037,,29692.47,180,Auto Decline,A and L RV SALES - LAKE PARK - GA143,,GA,LAKE PARK,2026-08-28,,,2022,RV,Used,,33.1,8.47,jsmith,,0,18.99,3500,3500,false,,,19.99,Silver 2,Silver 2,0.98,0,,0,30150,620,Source One Financial Services,GA,,0,0,GA143,Silver
252999,hhisek,15619.36,180,Decline,A and L RV Sales - Columbia -TN142,,TN,Columbia,2026-08-28,,,2017,RV,Used,,13.15,4.24,jsmith,,17,10.74,4000,4000,false,,,12.24,Core,Core,1.12,0,,0,13899.76,722,Source One Financial Services,TN, gary smith,0,0,TN142,Core
253209,thovey,30270,180,Conditional Approval,St Louis RV - MO155,,MO,O'Fallon,2026-08-28,2026-08-28,,2026,RV,New,,40.43,3.41,jweller,,39,9.99,1500,1500,false,,,11.49,Core,Core,1.1,0,,0,27410,711,Source One Financial Services,MO, jason miller,1,1,MO155,Core
253128,Jhill,24355.75,204,Auto Approval,Campers Inn of Naperville - IL249,Campers Inn,IL,Naperville,2026-08-28,2026-08-28,,2026,RV,New,,22.71,1.2,gcoulombe,,69,10.24,500,500,false,,,11.74,Core,Core,1,0,,0,24249,696,Source One Financial Services,TX, eddie unger,1,1,IL249,Core
253032,,14297.89,120,Auto Decline,JOLLEY'S MARINE AND RV CENTER - OR130,,OR,SALEM,2026-08-28,,,2016,RV,Used,,14.34,4.76,ljablonoski,,0,22.99,1500,1500,false,,,23.99,Bronze,Bronze,0.97,0,,,14800,562,Source One Financial Services,OR,,0,0,OR130,Business First
253205,ccampos,12500,144,Verifications Incomplete,Peach State Motorhomes & RV's - GA163,,GA,Buford,2026-08-28,2026-08-31,,2020,RV,Used,794,25.73,1.34,jsmith,,3987,9.24,0,0,false,,4314,7.34,Core,Core,0.74,125,1,0,16850,777,Source One Financial Services,GA, christopher williams,1,1,GA163,Core
253067,ccampos,11864.29,120,Auto Approval,Rock Solid Funding LLC - TX536,RSF,TX,BEDFORD,2026-08-28,2026-08-28,,2020,RV,Used,,38.54,1.82,S1House,,39,10.24,0,0,false,,,11.74,Core,Core,0.36,0,,0,32600,733,Source One Financial Services,MO, ashley rogers,1,1,TX536,Core
253079,eavila,111634.72,240,Approved,La Mesa RV Center - Albuquerque - NM109,La Mesa,NM,Albuquerque,2026-08-28,2026-08-28,,2018,RV,Used,722,21.83,13.14,edominguez,,11,9.99,5000,20000,false,,,11.49,Core,Core,0.84,0,,0,133056,752,Source One Financial Services,NM, alfredo franco,1,1,NM109,Core
253016,Jhill,34881.27,180,Auto Approval,The Outpost RV Inc -IN144,,IN,Middlebury,2026-08-28,2026-08-28,,2025,RV,New,,5.88,3.87,jharrington1,,6,7.49,500,500,false,,,8.99,Core,Core,1.11,0,,0,31442,826,Source One Financial Services,AR,,1,1,IN144,Core
252996,ccampos,15538.82,144,Booked,Sunrise Camping Center - NC162,,NC,Hickory,2026-08-28,2026-09-03,2026-09-03,2021,RV,Used,,22.65,4.4,jsmith,8935,8836,14.49,1600,1600,false,89,10,15.49,Silver 1,Silver 1,0.85,621.55,4,0,18250,642,Source One Financial Services,NC, dwight fowler,1,0,NC162,Silver
253221,mlomedico,40682.58,144,Auto Approval,Brooks Camper Sales LLC-PA136,Warrior Performance,PA,CONNELSVILLE,2026-08-28,2026-09-03,,2025,RV,New,,27.18,8.38,jharrington1,,8368,11.74,3700,3700,false,,,11.74,Silver 1,Not Applicable,1.03,0,,0,39540,662,Connexus Credit Union,PA, jimmy orapello,1,1,PA136,Not Applicable
253253,eavila,41954.25,180,Auto Approval,Freedom RV-AZ252,,AZ,Tucson,2026-08-28,2026-08-28,,2019,RV,Used,602,35.54,4.67,edominguez,,16,11.24,4300,4300,false,,,12.74,Core,Core,1.2,0,,0,35000,681,Source One Financial Services,AZ, keith hausmann,1,1,AZ252,Core
253238,,46684.62,180,Auto Decline,BLUE COMPASS RV - ROCKPORT - TX460,Blue Compass,TX,ROCKPORT,2026-08-28,,,2019,RV,Used,,39.6,8.6,gott,,0,16.24,20000,20000,false,,,17.24,Silver 2,Silver 2,0.67,0,,0,69410,631,Source One Financial Services,FL,,0,0,TX460,Silver
253137,mlomedico,29299,180,Decline,Basecamp RV Sales - ECA115,EPIC,CA,Auburn,2026-08-28,,,2021,RV,Used,755,23.32,0.91,S1House,,4497,7.99,10000,10000,false,,,9.49,Core,Core,0.69,0,,0,42735,831,Source One Financial Services,WA, david bounphasaysonh,0,0,ECA115,Core
253251,eavila,16711.19,144,Conditional Approval,Blue Compass RV - Tucson - AZ364,Blue Compass,AZ,Tucson,2026-08-28,2026-08-28,,2019,RV,Used,753,27.91,2.27,edominguez,,11,10.49,6000,6000,false,,,11.99,Core,Core,0.86,0,,0,19500,743,Source One Financial Services,AZ, ambez miran,1,1,AZ364,Core
252976,,35173.7,240,Cancelled,BLUE COMPASS RV  COLUMBUS-OH210,Blue Compass,OH,DELAWARE,2026-08-28,,,2026,RV,New,,0,0,jharrington1,,,22.99,1000,23280,false,,,23.99,Bronze,Bronze,0.62,0,,0,56970,,Source One Financial Services,OH, anja merchant,0,0,OH210,Business First
253014,avera,44532.15,180,Decline,BOAT AND MOTOR SUPERSTORES PALM HARBOUR - FL155,,FL,PALM HARBOUR,2026-08-28,,,2026,Boat,New,,63.41,11.69,wstoutimore,,8,8.74,0,14000,false,,,10.24,Core,Core,0.99,0,,0,44860,768,Source One Financial Services,FL, sandy sigman,0,0,FL155,Core
253166,,29517.12,180,Auto Decline,Fun Town RV - Texarkana - AR120,Fun Town,AR,Texarkana,2026-08-28,,,2026,RV,New,,13.18,5.44,jweller,,0,22.99,6000,6000,false,,,23.99,Bronze,Bronze,0.73,0,,0,40657,,Source One Financial Services,AR,,0,0,AR120,Business First
253153,pmeza,42656.75,180,Approved,General RV - Tampa - FL238,General RV,FL,Dover,2026-08-28,2026-08-28,,2025,RV,New,,24.56,7.51,wstoutimore,,23,9.99,4600,4600,false,,,11.49,Core,Core,0.92,0,,0,46185,705,Source One Financial Services,FL, angel cordero,1,1,FL238,Core
253020,avera,39503.44,180,Conditional Approval,RV DEPOT LLC - FL188,,FL,THONOTOSASSA,2026-08-28,2026-08-28,,2022,RV,Used,,17.44,6.03,wstoutimore,,51,9.74,1000,1000,false,,,10.49,Core,Not Applicable,0.67,0,,0,58900,717,Connexus Credit Union,FL, valon topalli,1,1,FL188,Not Applicable
252990,,42254.62,180,Auto Decline,Clear Creek Camping LLC-TX396,,TX,Abilene,2026-08-28,,,2026,RV,New,,19.83,2.86,gott,,0,22.99,6000,6000,false,,,23.99,Bronze,Bronze,0.79,0,,0,53178,607,Source One Financial Services,TX,,0,0,TX396,Business First
253214,eavila,108152.46,240,Decline,Moix RV - Conway - AR134,,AR,Conway,2026-08-28,,,2026,RV,New,558,46.81,7.59,jweller,,29,7.99,75000,77281.22,false,,,9.49,Core,Core,0.75,0,,0,143812,781,Source One Financial Services,AR, blake moore,0,0,AR134,Core
253152,avera,25848.01,222,Auto Approval,RV Value Mart-Bethlehem-PA125,,PA,Bath,2026-08-28,2026-09-01,,2026,RV,New,,49.74,3.6,jharrington1,,5758,9.24,50000,75000,false,,,10.74,Core,Core,0.28,0,,0,93200,740,Source One Financial Services,PA, marty dieppa,1,1,PA125,Core
253219,pmeza,26727.37,180,Decline,Rock Solid Funding LLC - TX536,RSF,TX,BEDFORD,2026-08-28,,,2022,RV,Used,,7.05,2.8,S1House,,26,7.99,2600,2600,false,,,9.49,Core,Core,1.19,0,,0,22550,805,Source One Financial Services,TX, caleb grassi,0,0,TX536,Core
253051,pmeza,85062.69,240,Decline,CAMPING NATION RVS LLC - AZ322,,AZ,MESA,2026-08-28,,,2011,RV,Used,,16.12,6.26,edominguez,,5,11.49,2000,2000,false,,,12.99,Core,Core,0.96,0,,0,89000,708,Source One Financial Services,CA, zachary booth,0,0,AZ322,Core
253246,,32804,180,Auto Decline,Ron Hoover Companies of Tulsa - OK157,Ron Hoover,OK,Claremore,2026-08-28,,,2023,RV,Used,,50.97,4.45,jweller,,0,13.24,0,0,false,,,14.24,Silver 1,Silver 1,0.8,0,,0,40890,661,Source One Financial Services,OK,,0,0,OK157,Silver
253086,pmeza,8898,72,Decline,VERN EIDE MARINE - SD111,,SD,Sioux Falls,2026-08-28,,,2007,Boat,Used,,48.98,3.59,dzilberchtein,,7,13.99,5000,5000,false,,,14.49,Core,Core,0,0,,0,0,696,Source One Financial Services,NE, john morel,0,0,SD111,Core
253232,thovey,42217.73,180,Decline,General RV - Tampa - FL238,General RV,FL,Dover,2026-08-28,,,2026,RV,New,,41.35,2.79,wstoutimore,,10,12.49,5000,5000,false,,,13.49,Silver 1,Silver 1,0.86,0,,0,49055,667,Source One Financial Services,FL, sebastian beltran,0,0,FL238,Silver
253156,mlomedico,9631.89,120,Booked,Ashley Marine - Panama City -  FL255,,FL,Panama City,2026-08-28,2026-08-31,2026-08-31,2026,RV,New,,13.26,2.86,wstoutimore,4438,4094,13.74,1500,1500,false,341,3,14.74,Silver 1,Silver 1,0.88,385.28,4,0,10898,651,Source One Financial Services,FL, amy silas,1,0,FL255,Silver
253074,pmeza,84750.07,240,Decline,Fun Town RV Win LLC - OK109,Fun Town,OK,Thackerville,2026-08-28,,,2026,RV,New,,63.04,9.41,jweller,,17,10.24,0,8964.55,false,,,11.74,Core,Core,1.17,0,,0,72640,688,Source One Financial Services,OK, rob miller,0,0,OK109,Core
253028,mlomedico,41553.72,204,Booked,Cookeville RV and Marine - TN154,Easy Care,TN,Cookeville,2026-08-28,2026-09-03,2026-09-03,2027,RV,New,,44.02,8.27,jsmith,8826,8771,10.24,0,8512.67,false,51,4,11.74,Core,Core,1.25,2493.22,6,0,33120,681,Source One Financial Services,TN, bradley taylor,1,0,TN154,Core
253123,pmeza,27000,180,Decline,INLAND BOAT CENTER INC - SCA106,,CA,PERRIS,2026-08-28,,,2023,Boat,Used,,42.9,5.73,jrubi,,6,14.49,3000,3000,false,,,15.49,Silver 1,Silver 1,0.9,0,,0,29837.5,648,Source One Financial Services,CA, kim artiga,0,0,SCA106,Silver
253235,thovey,48417.35,240,Decline,GREAT AMERICAN RV SUPERSTORE-HATTIESBURG - MS113,,MS,HATTIESBURG,2026-08-28,,,2027,RV,New,,26.11,5.06,jsmith,,12,13.74,2000,2000,false,,,14.74,Silver 1,Silver 1,1.04,0,,0,46580,641,Source One Financial Services,MS, ryan campbell,0,0,MS113,Silver
253031,avera,87788.05,240,Decline,La Mesa RV Center - Sanford - FL315,La Mesa,FL,Sanford,2026-08-28,,,2025,RV,Used,,75.13,13.83,pcarter,,13,9.74,10000,10000,false,,,11.24,Core,Core,0.97,0,,0,90750,729,Source One Financial Services,FL, thomas mihok,0,0,FL315,Core
253231,,41287,180,Auto Decline,Liberty RV-MO107,,MO,Liberty,2026-08-28,,,2026,RV,New,,12.55,3.5,jweller,,0,22.99,5000,5000,false,,,23.99,Bronze,Bronze,0.91,0,,0,45435,614,Source One Financial Services,MO,,0,0,MO107,Business First
253119,thovey,36900.63,180,Auto Approval,Toons Grand Lake LLC - OK144,Easy Care,OK,Grove,2026-08-28,2026-08-28,,2026,Boat,New,760,34.72,6.26,jweller,,221,7.49,5500,5500,false,,,8.99,Core,Core,1.3,0,,0,28389,851,Source One Financial Services,MO, jim lakes,1,1,OK144,Core
253047,rsimmons,34028.92,180,Decline,Ron Hoover - Odessa - TX495,Ron Hoover,TX,Odessa,2026-08-28,,,2026,RV,New,,8.09,8.09,gott,,17,10.24,3300,3300,false,,,11.74,Core,Core,1.38,0,,0,24722.95,681,Source One Financial Services,TX, dexter traylor,0,0,TX495,Core
253022,,32643,180,Auto Decline,"Vantage Recreational Finance, Inc. -FL291",VRF,FL,FORT LAUDERDALE,2026-08-28,,,2013,RV,Used,547,38.21,2.68,S1House,,0,16.74,3300,3300,false,,,17.74,Silver 2,Silver 2,0.74,0,,0,43972,634,Source One Financial Services,TX,,0,0,FL291,Silver
253183,pmeza,12626.15,180,Decline,Thomas RV and Auto Sales - AR118,,AR,Searcy,2026-08-28,,,2018,RV,Used,599,28.05,1.06,jweller,,30,13.74,4000,4000,false,,,14.74,Silver 1,Silver 1,1.01,0,,0,12500,669,Source One Financial Services,AR, chris moffit,0,0,AR118,Silver
253174,,24722,180,Auto Decline,Sun Team Marine - AR148,,AR,Hot Springs,2026-08-28,,,2026,Boat,New,,50.05,2.86,jweller,,0,13.74,5000,5000,false,,,14.74,Silver 1,Silver 1,1.22,0,,,20295,645,Source One Financial Services,TX,,0,0,AR148,Silver
253136,mnava,18502.16,120,Booked,WEHR RVS - MO195,,MO,SPRINGFIELD,2026-08-28,2026-09-01,2026-09-01,2026,RV,New,,5.16,3.93,jweller,5708,5521,10.24,0,5200,false,177,10,11.74,Core,Core,1.1,1110.13,6,0,16745,681,Source One Financial Services,MO, brian johnson,1,0,MO195,Core
253200,,28384,180,Auto Decline,Midway Auto & RV - Billings - MT107,,MT,Billings,2026-08-28,,,2011,RV,Used,,48.72,5.75,dzilberchtein,,0,15.49,7000,7000,false,,,16.49,Silver 1,Silver 1,0,0,,0,0,649,Source One Financial Services,MT,,0,0,MT107,Silver
253018,mlomedico,26351,180,Decline,"Bill Thomas Camper Sales, Inc -MO105",,MO,Wentzville,2026-08-28,,,2026,RV,New,,26.32,3.98,jweller,,8,12.49,2000,2000,false,,,13.49,Silver 1,Silver 1,0.94,0,,0,27994,674,Source One Financial Services,MO, ronald koenig,0,0,MO105,Silver
253186,edominguez,29491.1,240,Decline,Blue Compass RV - Albuquerque - NM112,Blue Compass,NM,Albuquerque,2026-08-28,,,2019,RV,Used,594,16.18,0,edominguez,,9,11.24,0,0,false,,,12.74,Core,Core,1.11,0,,0,26650,694,Source One Financial Services,NM, raymond ruiz,0,0,NM112,Core
253258,thovey,112675.88,120,Decline,Intercoastal Financial Group LLC - 17401746,IFG,FL,Vero Beach,2026-08-28,,,2005,Boat,Used,,14.43,7.12,S1House,,5137,14.74,75000,75000,false,,,23.99,Silver 1,Silver 1,0.7,0,,0,160000,674,Source One Financial Services,GA, hunter miller,0,0,17401746,Silver
252984,rsimmons,53200.03,240,Auto Approval,BLUE COMPASS RV - SOUTH HOUSTON  - TX421,Blue Compass,TX,Alvin,2026-08-28,2026-08-28,,2026,RV,New,,36.64,3.36,gott,,9,9.74,30000,57000,false,,,11.24,Core,Core,0.51,0,,0,105295,736,Source One Financial Services,TX, frank carranza,1,1,TX421,Core
253178,ccampos,120179,240,Auto Approval,General RV Center - North Canton - OH200,General RV,OH,North Canton,2026-08-28,2026-08-28,,2023,RV,Used,,34.1,12.34,jharrington1,,93,8.24,10000,18500,false,,,9.74,Core,Core,0.94,0,,0,128250,791,Source One Financial Services,OH, angelina evans,1,1,OH200,Core
253204,lgrace,16517.42,180,Pending,Blue Compass RV - South Raleigh - NC158,Blue Compass,NC,Benson,2026-08-28,2026-08-28,,2018,RV,Used,740,44.99,1.74,jsmith,,9,10.49,1600,1600,false,,,11.99,Core,Core,1.52,0,,0,10900,750,Source One Financial Services,NC, melissa hein,0,0,NC158,Core
253111,sbaker,51559.41,180,Approved,United RV -TX228,,TX,Fort Worth,2026-08-28,2026-08-28,,2025,RV,Used,,31.23,7.46,gott,,16,9.49,5800,5800,false,,,11.24,Core,Core,0.87,0,,0,59050,742,Source One Financial Services,TX, brent sullivan,1,1,TX228,Core
253131,pmeza,14136.01,120,Auto Approval,Fun Town RV Ottawa LLC - KS125,Fun Town,KS,Ottawa,2026-08-28,2026-08-28,,2021,RV,Used,,36.29,4.63,jweller,,26,10.49,2000,2000,false,,,11.99,Core,Core,1.03,0,,0,13750,719,Source One Financial Services,MN, justin hernandez,1,1,KS125,Core
253113,eavila,60663.61,204,Decline,Blue Compass RV - St. George - UT136,Blue Compass,UT,Hurrican,2026-08-28,,,2024,RV,Used,,17.74,15.65,ljablonoski,,16,10.24,6000,6000,false,,,11.74,Core,Core,0.85,0,,0,71656,693,Source One Financial Services,UT, patricia loster,0,0,UT136,Core
253171,jharrington1,33613.83,204,Decline,Buckeye RV LLC -OH225,,OH,Jefferson,2026-08-28,,,2026,RV,New,,3.5,2.38,jharrington1,,4011,9.49,70000,70000,false,,,10.99,Core,Core,0.32,0,,0,104415,754,Source One Financial Services,MO, nick mullins,0,0,OH225,Core
253044,sbaker,25000,180,Auto Approval,SMITH MOTOR CO OF HATTIESBURG INC - MS107,,MS,HATTIESBURG,2026-08-28,2026-08-28,,2027,Boat,New,,26.27,3.21,jsmith,,26,9.99,0,0,false,,,11.49,Core,Core,1.08,0,,0,23202.08,700,Source One Financial Services,MS, lisa hartfield,1,1,MS107,Core
252971,lgrace,116698,180,Approved,Intercoastal Financial Group LLC - 17401746,IFG,FL,Vero Beach,2026-08-28,2026-08-28,,2017,RV,Used,,15.82,12.4,S1House,,7,8.49,25000,25000,false,,,9.74,Core,Core,1.14,0,,0,101970,824,Source One Financial Services,NM, stephen jolles,1,1,17401746,Core
253146,eavila,15495,168,Conditional Approval,Blue Compass RV - Myrtle Beach - SC143,Blue Compass,SC,29575,2026-08-28,2026-08-28,,2026,RV,New,781,28.07,2.91,jsmith,,11,7.49,0,15995,false,,,8.99,Core,Core,0.4,0,,0,38600,869,Source One Financial Services,SC, stacy cobb,1,1,SC143,Core
252998,avera,33906.18,180,Conditional Approval,United RV -TX228,,TX,Fort Worth,2026-08-28,2026-08-28,,2026,RV,New,,31.92,4.54,gott,,53,10.24,3700,3700,false,,,11.99,Core,Core,0.9,0,,0,37565,698,Source One Financial Services,OR, brent sullivan,1,1,TX228,Core
253077,edominguez,30870,180,Decline,Rowley White RV- McDowell -AZ288,,AZ,Phoenix,2026-08-28,,,2022,RV,Used,,45.77,3.14,edominguez,,115,10.74,12500,12500,false,,,12.24,Core,Not Applicable,1,0,,0,30900,695,Connexus Credit Union,CA, taylor geohagan,0,0,AZ288,Not Applicable
253175,mlomedico,108770.45,240,Decline,San Antonio Rvs -TX265,,TX,Seguin,2026-08-28,,,2019,RV,Used,,9.78,9.55,gott,,18,10.49,20000,20000,false,,,11.99,Core,Core,0.54,0,,0,201300,754,Source One Financial Services,TX, cody flores,0,0,TX265,Core
253064,ccampos,17225.52,144,Auto Approval,Campers Inn Of Troy Inc-OH199,Campers Inn,OH,Troy,2026-08-28,2026-08-28,,2026,RV,New,722,16.89,1.42,jharrington1,,25,9.74,1000,1000,false,,,11.24,Core,Core,0.78,0,,0,21998,721,Source One Financial Services,OH, zach kimrey,1,1,OH199,Core
253076,,56393.55,240,Auto Decline,Complete Marine -AZ257,,AZ,Phoenix,2026-08-28,,,2026,Boat,New,,93.53,25.46,edominguez,,0,22.99,2000,2000,false,,,23.99,Bronze,Bronze,1.18,0,,0,47751,539,Source One Financial Services,NM,,0,0,AZ257,Business First
253033,mlomedico,93586.3,180,Conditional Approval,Fun Town RV - Las Vegas - NV116,Fun Town,NV,Las Vegas,2026-08-28,2026-08-28,,2027,RV,New,,33.33,9.18,ljablonoski,,58,9.5,5000,10018.14,false,,,10,Silver 1,Not Applicable,1,0,,0,93478,656,Ideal Credit Union,TX, julie ronquillo,1,1,NV116,Not Applicable
253213,,10494,144,Auto Decline,Bob Hurley RV-Tulsa OK137,,OK,Tulsa,2026-08-28,,,2026,RV,New,,25.85,1.65,jweller,,0,14.99,1500,1500,false,,,15.99,Silver 2,Silver 2,0.67,0,,0,15673,622,Source One Financial Services,OK,,0,0,OK137,Silver
253026,Jhill,86302.16,220,Decline,Williamson RV LLC-IN209,,IN,Seymour,2026-08-28,,,2021,RV,Used,747,54.23,7.02,jharrington1,,1439,9.24,0,10000,false,,,10.74,Core,Core,1.12,0,,0,76835,770,Source One Financial Services,IN, jerry hale,0,0,IN209,Core
253008,mlomedico,52950.12,180,Booked,Optimum RV Bushnell - FL163,Optimum RV,FL,Bushnell,2026-08-28,2026-08-28,2026-08-29,2017,RV,Used,,47.21,3.06,wstoutimore,1536,376,7.99,5600,5600,false,1159,1,9.49,Core,Core,1.14,3177.01,6,0,46650,815,Source One Financial Services,FL, presley wallace,1,0,FL163,Core
253034,ccampos,73999.65,180,Decline,Three Way Campers - GA155,,GA,Marietta,2026-08-28,,,2027,RV,New,,24.12,11.05,jsmith,,42,9.74,2500,2500,false,,,11.24,Core,Not Applicable,0.91,0,,0,80954.31,722,Connexus Credit Union,GA, cody porter,0,0,GA155,Not Applicable
253138,,38988,180,Auto Decline,"Kris Willis RV, LLC -MO127",,MO,Dexter,2026-08-28,,,2027,RV,New,,27.46,11.56,jweller,,0,22.99,0,0,false,,,23.99,Bronze,Bronze,0.9,0,,0,43374,592,Source One Financial Services,MO,,0,0,MO127,Business First
253170,hhisek,13338.94,120,Decline,CAMP EZ RV - WILLIS - TX560,,TX,Willis,2026-08-28,,,2026,RV,New,,39.09,2.98,gott,,12,13.74,1800,1800,false,,,14.74,Silver 1,Silver 1,0.94,0,,0,14250,647,Source One Financial Services,TX, ashley igo,0,0,TX560,Silver
253151,ccampos,24172.75,180,Decline,Georgia Campers - GA145,,GA,Newman,2026-08-28,,,2026,RV,New,,18.84,8.49,jsmith,,120,13.74,3000,3000,false,,,14.74,Silver 1,Not Applicable,0.76,0,,0,31820,650,Connexus Credit Union,GA, gustavo egidi,0,0,GA145,Not Applicable
253155,mlomedico,80844.24,180,Auto Approval,Bish's RV of Oak Grove - KY154,Bish's RV,KY,Oak Grove,2026-08-28,2026-08-28,,2026,RV,New,641,36.89,7.48,jharrington1,,131,9.74,0,21500,false,,,11.24,Core,Core,0.94,0,,0,85554,724,Source One Financial Services,MO, stormy pitts,1,1,KY154,Core
253191,rsimmons,65325.58,240,Approved,Texas Tige - TX562,,TX,Conroe,2026-08-28,2026-08-28,,2017,Boat,Used,,28.25,3.91,gott,,6,10.99,10000,10000,false,,,12.49,Core,Core,1.17,0,,0,55759,701,Source One Financial Services,TX, eric jones,1,1,TX562,Core
253041,Jhill,60500,240,Booked,CAMPERS INN MACON - GA121,Campers Inn,GA,BYRON,2026-08-28,2026-08-29,2026-08-31,2026,RV,New,,45.17,6.74,jsmith,4532,1646,8.74,2000,12612,false,2880,6,7.39,Core,Core,1.45,605,1,0,41636,766,Source One Financial Services,GA, brandon tarleton,1,0,GA121,Core
253052,ahunt,85715,240,Decline,MY RV SD - SCA112,,CA,EL CAJON,2026-08-28,,,2027,RV,New,,33.96,9.91,jrubi,,8,12.49,15000,5000,false,,,13.49,Silver 1,Silver 1,1.26,0,,0,68289,663,Source One Financial Services,CA,,0,0,SCA112,Silver
253180,hhisek,25371.56,180,Verifications Incomplete,Bama RV - Dothan - AL171,,AL,Dothan,2026-08-28,2026-09-03,,2026,RV,New,,10.85,2.94,jsmith,,8414,9.74,2000,2000,false,,1,11.24,Core,Core,0.92,1522.29,6,0,27529,730,Source One Financial Services,AL,,1,1,AL171,Core
253104,,56989,180,Cancelled,RUGBY HOMES AND RV CENTER - ND121,,ND,RUGBY,2026-08-28,,,2023,RV,Used,,0,0,dzilberchtein,,,22.99,6000,6000,false,,,23.99,Bronze,Bronze,0,0,,0,0,,Source One Financial Services,ND,,0,0,ND121,Business First
253107,thovey,45629,180,Auto Approval,Bobby Combs RV - Treasure Valley - ID115,,ID,Caldwell,2026-08-28,2026-08-28,,2026,RV,New,,18.91,5.57,ljablonoski,,180,12.49,30000,30000,false,,,13.49,Silver 1,Silver 1,0.62,0,,0,74050,667,Source One Financial Services,NV,,1,1,ID115,Silver
253229,pmeza,23723.15,180,Booked,Kellys RV INC-AR133,,AR,Paragould,2026-08-28,2026-09-01,2026-09-01,2026,RV,New,,35.17,2.94,jweller,5840,5819,9.99,1070,1070,false,21,0,10.99,Core,Core,0.97,948.93,4,0,24528,704,Source One Financial Services,MO, ron richardson,1,0,AR133,Core
253062,ccampos,37294,180,Decline,"Vantage Recreational Finance, Inc. -FL291",VRF,FL,FORT LAUDERDALE,2026-08-28,,,2015,RV,Used,,35.8,4.59,S1House,,16,14.99,5000,5000,false,,,15.99,Silver 1,Silver 1,1.08,0,,0,34600,648,Source One Financial Services,PA, robyn lemke,0,0,FL291,Silver
253189,mlomedico,30583.6,204,Auto Approval,MILLERS MARINE - FL178,,FL,OCALA,2026-08-28,2026-08-29,,2026,Boat,New,,37.99,2.55,pcarter,,1099,9.99,8000,8000,false,,,11.49,Core,Core,0.88,0,,0,34678.48,684,Source One Financial Services,GA, johnmichael zayas,1,1,FL178,Core
253226,,25684.87,120,Auto Decline,Fun Town RV- Waco-TX212,Fun Town,TX,Hewitt,2026-08-28,,,2022,RV,Used,,20.52,7.19,gott,,0,22.99,3000,3000,false,,,23.99,Bronze,Bronze,1.12,0,,0,22990,617,Source One Financial Services,TX,,0,0,TX212,Business First
252987,avera,25051,180,Decline,Colmans Country Campers - IL155,,IL,Hartford,2026-08-28,,,2026,RV,New,615,35.03,3.56,gcoulombe,,80,9.99,0,0,false,,,11.49,Core,Not Applicable,1.17,0,,0,21381,701,Connexus Credit Union,IL, david sanders,0,0,IL155,Not Applicable
253168,,53094.93,240,Auto Decline,Blue Fox RV - UT131,,UT,North Logan,2026-08-28,,,2015,RV,Used,,7.06,7.05,ljablonoski,,0,22.99,0,0,false,,,23.99,Bronze,Bronze,1.23,0,,0,42995,,Source One Financial Services,UT,,0,0,UT131,Business First
253158,thovey,12966.25,120,Verifications Incomplete,Moix RV - McGaugh Outpost - AR136,,AR,Springdale,2026-08-28,2026-09-01,,2021,RV,Used,,31.19,1.35,jweller,,5658,13.24,3000,3000,false,,8,14.24,Silver 1,Silver 1,1.36,518.65,4,0,9550,678,Source One Financial Services,TX, bobby wood,1,1,AR136,Silver
253125,mlomedico,56647.31,180,Verifications Incomplete,La Mesa RV Center - San Diego - SCA161,La Mesa,CA,San Diego,2026-08-28,2026-09-02,,2017,RV,Used,,45.25,6.04,jrubi,,7072,10.99,4000,4000,false,,29,12.25,Core,Core,1.31,2832.37,5,0,43078,719,Source One Financial Services,CA, sam gammo,1,1,SCA161,Core
253215,Jhill,78890.31,180,Decline,River Valley Power and Sport Inc. Rochester-MN671,,MN,Rochester,2026-08-28,,,2019,Boat,Used,588,19.27,1.65,S1House,,13,11.24,8500,7946.11,false,,,12.74,Core,Core,0.97,0,,0,81550,688,Source One Financial Services,MN, jason redalen,0,0,MN671,Core
253004,,30210.69,120,Auto Decline,SAVA RV - FL284,,FL,Fort Myers,2026-08-28,,,2017,RV,Used,579,42.26,3.65,wstoutimore,,0,16.24,3000,3000,false,,,17.24,Silver 2,Silver 2,1.01,0,,0,29999,621,Source One Financial Services,FL,,0,0,FL284,Silver
253122,,53393,180,Auto Decline,Family RV LLC - OR129,,OR,Salem,2026-08-28,,,2014,RV,Used,,43.44,32.48,ljablonoski,,0,10.99,5000,5000,false,,,12.49,Core,Core,0.75,0,,,70944,749,Source One Financial Services,OR,,0,0,OR129,Core
253244,,49701,240,Auto Decline,COUNTY LINE CAMPERS - MS108,,MS,GULFPORT,2026-08-28,,,2026,RV,New,641,42.19,13.28,jsmith,,0,22.99,4717,24717,false,,,23.99,Bronze,Bronze,0.84,0,,0,59292,594,Source One Financial Services,MS,,0,0,MS108,Business First
253035,mlomedico,109505.11,240,Auto Approval,PLEASURELAND RV CENTER - WEST SALEM - WI718,Pleasureland,WI,WEST SALEM,2026-08-28,2026-08-28,,2026,RV,New,731,26.43,6.21,S1House,,22,8.99,1000,35094,false,,,10.49,Core,Core,1.11,0,,0,99068,748,Source One Financial Services,WI, sarah krause,1,1,WI718,Core
253157,,130920.11,240,Auto Decline,"ANCIRA MOTORHOMES, INC - TX523",,TX,BOERNE,2026-08-28,,,2026,RV,New,647,20.38,11.6,gott,,0,22.99,6000,6000,false,,,23.99,Bronze,Bronze,1.12,0,,0,116786,582,Source One Financial Services,TX,,0,0,TX523,Business First
253059,eavila,55742.3,240,Auto Approval,Buell's Marine - IL266,RDS,IL,Canton,2026-08-28,2026-08-28,,2027,Boat,New,,28.71,4.49,gcoulombe,,30,9.99,0,6800,false,,,11.49,Core,Core,1.25,0,,0,44546.16,701,Source One Financial Services,IL, andy krier,1,1,IL266,Core
253029,pmeza,37381.55,180,Auto Approval,I-70 RV CENTER - MO200,,MO,WILLIAMSBURG,2026-08-28,2026-08-29,,2027,RV,New,764,36.76,3.22,jweller,,1479,8.74,5000,14295,false,,,10.24,Core,Core,0.77,0,,0,48505,773,Source One Financial Services,MO, gina meyer,1,1,MO200,Core
253161,hhisek,24385.17,180,Approved,Fish and Ski Marine -TX215,,TX,Sanger,2026-08-28,2026-08-28,,2024,Boat,Used,,10.62,6.67,gott,,7,8.74,8000,8000,false,,,10.24,Core,Core,1,0,,0,24386,775,Source One Financial Services,TX, troy travis,1,1,TX215,Core
253163,mlomedico,54702,240,Decline,Toons Grand Lake LLC - OK144,Easy Care,OK,Grove,2026-08-28,,,2025,Boat,New,719,22.59,1.94,jweller,,13,7.99,1400,1400,false,,,9.49,Core,Core,1.72,0,,0,31771,800,Source One Financial Services,MO, jim lakes,0,0,OK144,Core
253065,thovey,303457.41,180,Decline,Tobler Marina - ID124,,ID,Hayden,2026-08-28,,,2026,Boat,New,752,32.84,7.72,ljablonoski,,39,7.49,30000,28085.33,false,,,8.99,Core,Core,1.27,0,,0,238299,871,Source One Financial Services,ID, jade harlocker,0,0,ID124,Core
253105,Jhill,21079.3,144,Decline,Klines Auto World Inc -MI223,,MI,Warren,2026-08-28,,,2027,RV,New,,26.72,1.81,dzilberchtein,,10,12.24,500,500,false,,,13.74,Core,Core,1.01,0,,0,20965,680,Source One Financial Services,GA, addison doyle,0,0,MI223,Core
253181,thovey,22557.82,144,Booked,RV's of Sacramento - NCA136,,CA,Elk Grove,2026-08-28,2026-08-31,2026-08-31,2018,RV,Used,807,25.47,1.88,jrubi,4549,4209,8.49,5000,178.95,false,340,0,9.99,Core,Core,1.53,1353.47,6,0,14750,820,Source One Financial Services,CA, branda morgan,1,0,NCA136,Core
253243,,20830.12,144,Auto Decline,BISHS RV OF LONGVIEW - TX473,Bish's RV,TX,LONGVIEW,2026-08-28,,,2025,RV,Used,,21.35,1.58,gott,,0,14.99,1000,1000,false,,,15.99,Silver 2,Silver 2,0.86,0,,0,24350,631,Source One Financial Services,TX,,0,0,TX473,Silver
253199,eavila,46339.88,240,Auto Approval,BOBBY COMBS RV LLC - AZ338,,AZ,YUMA,2026-08-28,2026-09-03,,2026,RV,New,,19.45,6.18,edominguez,,8535,9.49,4300,4300,false,,,10.99,Core,Core,0.96,0,,0,48078,741,Source One Financial Services,AZ, andy ostiguin,1,1,AZ338,Core
253073,,28725,180,Auto Decline,NewCoast - Boatzon - FL356,Marine Max,FL,Oldsmar,2026-08-28,,,2015,Boat,Used,,68.04,6.94,S1House,,0,13.74,2500,2500,false,,,14.74,Silver 1,Silver 1,1.37,0,,0,21000,674,Source One Financial Services,MS,,0,0,FL356,Silver
252973,lgrace,35173.7,204,Conditional Approval,BLUE COMPASS RV  COLUMBUS-OH210,Blue Compass,OH,DELAWARE,2026-08-28,2026-08-28,,2026,RV,New,,26.61,4.19,jharrington1,,20,8.49,1000,23280,false,,,9.99,Core,Core,0.62,0,,0,56970,849,Source One Financial Services,OH, anja merchant,1,1,OH210,Core
253194,mlomedico,134968.15,216,Booked,FUN TOWN RV CORSICANA LP- TX451,Fun Town,TX,CORSICANA,2026-08-28,2026-08-31,2026-08-31,2027,RV,New,,23.72,10.45,gott,4398,4381,9.49,6000,6000,false,16,1,10.99,Core,Core,1.17,8098.09,6,0,115751,744,Source One Financial Services,TX, brenden boggs,1,0,TX451,Core
253048,avera,135441.08,240,Auto Approval,General RV - Elizabethtown - PA112,General RV,PA,Elizabethtown,2026-08-28,2026-08-28,,2026,RV,New,,41.83,11.23,jharrington1,,25,9.49,24000,-32419.22,false,,,10.99,Core,Core,1.25,0,,0,108615,751,Source One Financial Services,PA, terrek teal,1,1,PA112,Core
253071,avera,118365.36,240,Booked,General RV - Fort Myers - FL240,General RV,FL,Fort Myers,2026-08-28,2026-08-31,2026-08-31,2026,RV,New,743,26.38,5.18,wstoutimore,4752,4715,8.49,10000,14160.42,false,36,1,9.74,Core,Core,1.04,5918.27,5,0,113824,744,Source One Financial Services,FL, michael smith,1,0,FL240,Core
253070,mnava,27389.03,180,Auto Approval,PLEASURELAND RV CENTER - WEST SALEM - WI718,Pleasureland,WI,WEST SALEM,2026-08-28,2026-08-28,,2027,RV,New,705,31.13,1.89,S1House,,320,9.74,1000,1000,false,,,11.24,Core,Core,1.25,0,,0,21855,721,Source One Financial Services,WI, sarah krause,1,1,WI718,Core
253118,,30432.42,180,Auto Decline,Blue Compass RV - Charlotte - NC153,Blue Compass,NC,Concord,2026-08-28,,,2020,RV,Used,621,36.64,4.24,jsmith,,0,15.74,6000,6000,false,,,16.74,Silver 2,Silver 2,0.72,0,,0,42350,626,Source One Financial Services,NC,,0,0,NC153,Silver
253112,lgrace,20897.12,120,Verifications Incomplete,BISH'S RV - INDIANAPOLIS - IN199,Bish's RV,IN,ANDERSON,2026-08-28,2026-09-02,,2020,RV,Used,,42.52,6.02,jharrington1,,7428,10.49,0,7000,false,,40,11.99,Core,Core,1.07,1253.83,6,0,19500,703,Source One Financial Services,IN, chad knight,1,1,IN199,Core
253110,lgrace,18725,120,Conditional Approval,"Zoomers RV of Indiana, LLC -IN168",,IN,WABASH,2026-08-28,2026-08-28,,2026,RV,New,,22.42,4.86,jharrington1,,53,10.74,8000,8000,false,,,10.99,Silver 1,Not Applicable,0.53,0,,0,35430,661,Connexus Credit Union,CO, dave fausnaugh,1,1,IN168,Not Applicable
253099,mnava,22505.79,180,Auto Approval,Top Notch RV LLC - NC149,,NC,Benson,2026-08-28,2026-08-28,,2020,RV,Used,,37.36,0.59,jsmith,,51,7.99,0,0,false,,,9.49,Core,Core,1.05,0,,0,21450,805,Source One Financial Services,NC, david hall,1,1,NC149,Core
253002,,21319.83,180,Auto Decline,San Antonio Rvs -TX265,,TX,Seguin,2026-08-28,,,2023,RV,Used,,22.18,5.17,gott,,0,22.99,2200,2200,false,,,23.99,Bronze,Bronze,0.93,0,,0,22880,504,Source One Financial Services,TX,,0,0,TX265,Business First
253009,ccampos,7162.58,60,Decline,LEES COUNTRY RV- IN129,Easy Care,IN,BATESVILLE,2026-08-28,,,2021,RV,Used,,50.36,3.83,jharrington1,,19,10.74,2000,7500,false,,,11.24,Core,Core,0.61,0,,0,11715,721,Source One Financial Services,IN, bradley taylor,0,0,IN129,Core
252975,sbaker,10000.63,120,Decline,618 FIX MY RV - IL259,,IL,BENTON,2026-08-28,2026-08-28,,2025,RV,New,,39.37,7.93,gcoulombe,,166,10.24,1000,1000,false,,,11.74,Core,Core,0.85,0,,0,11710,688,Source One Financial Services,IL,,0,0,IL259,Core
253007,ahunt,37423.85,180,Approved,Grandpas Marine - ENC108,EPIC,NC,Greensboro,2026-08-28,2026-08-28,,2018,Boat,Used,,16.17,2.29,S1House,,21,10.74,4500,4500,false,,,12.24,Core,Core,1.02,0,,0,36685,732,Source One Financial Services,NC, brett light,1,1,ENC108,Core
253038,Jhill,62674,180,Decline,Bobby Combs RV - Treasure Valley - ID115,,ID,Caldwell,2026-08-28,,,2026,RV,New,751,22.11,3.37,ljablonoski,,7,7.99,7000,7000,false,,,9.49,Core,Core,0.79,0,,0,79106,796,Source One Financial Services,TX,,0,0,ID115,Core
253134,sbaker,40117,240,Verifications Incomplete,NewCoast - Boatzon - FL356,Marine Max,FL,Oldsmar,2026-08-28,2026-09-03,,2026,Boat,Used,,38.84,3.87,S1House,,8497,8.74,4000,4000,false,,1,9.99,Core,Core,1.16,0,,0,34590,773,Source One Financial Services,TX, justin veghte,1,1,FL356,Core
253063,rsimmons,79514.83,240,Auto Approval,Blue Compass - Mobile - AL170,Blue Compass,AL,Theodore,2026-08-28,2026-08-28,,2026,RV,Used,,28.58,7.09,jsmith,,19,9.99,0,11000,false,,,11.49,Core,Core,1.03,0,,0,77050,715,Source One Financial Services,TX, dylan howard,1,1,AL170,Core
253230,eavila,21194,180,Decline,Gull Boats & RV - Missoula - MT118,Bretz RV,MT,Missoula,2026-08-28,,,2018,RV,Used,,51.94,4.26,dzilberchtein,,21,8.99,500,1300,false,,,10.49,Core,Core,1.33,0,,0,15900,794,Source One Financial Services,MT, nathan deuter,0,0,MT118,Core
253164,jharrington1,19386.7,180,Conditional Approval,Meyer's RV Sales - Ellwood City - PA147,,PA,Ellwood City,2026-08-28,2026-08-28,,2020,RV,Used,,30.35,1.58,jharrington1,,18,10.74,5200,5200,false,,,12.24,Core,Core,1.19,0,,0,16250,699,Source One Financial Services,PA, scott nail,1,1,PA147,Core
253142,,53094.93,240,Auto Decline,Blue Fox RV - UT131,,UT,North Logan,2026-08-28,,,2015,RV,Used,,22.49,22.47,ljablonoski,,0,22.99,0,0,false,,,23.99,Bronze,Bronze,1.23,0,,0,42995,,Source One Financial Services,UT,,0,0,UT131,Business First
253043,mnava,45627.72,180,Approved,GREAT AMERICAN RV SUPERSTORE-TUPELO - MS114,,MS,BELDEN,2026-08-28,2026-08-28,,2026,RV,New,,31.71,11.44,jsmith,,66,7.74,500,500,false,,,8.74,Core,Not Applicable,1.05,0,,0,43355,750,Connexus Credit Union,MS, dj miller,1,1,MS114,Not Applicable
253154,ahunt,43732.92,180,Auto Approval,Gator Trax - LA110,,LA,Springfeild,2026-08-28,2026-08-28,,2026,Boat,New,,47.53,5.06,gott,,184,9.74,4350,4350,false,,,11.24,Core,Core,1.07,0,,0,41000,738,Source One Financial Services,OK, finance office,1,1,LA110,Core
253054,mnava,30564.29,180,Auto Approval,Rock Solid Funding LLC - TX536,RSF,TX,BEDFORD,2026-08-28,2026-08-28,,2021,RV,Used,,19.17,10.54,S1House,,39,8.99,3000,3000,false,,,9.74,Core,Core,1.11,0,,0,27650,824,Source One Financial Services,FL, ashley rogers,1,1,TX536,Core
253116,rsimmons,52754.26,240,Booked,Campers Inn RV of Knoxville E - TN160,Campers Inn,TN,Knoxville,2026-08-28,2026-08-31,2026-08-31,2026,RV,New,774,28.44,6.13,jsmith,4770,4736,7.49,6500,2398.92,false,34,0,6.99,Core,Core,1.26,527.54,1,0,41886,814,Source One Financial Services,IL, radu puraci,1,0,TN160,Core
253211,rsimmons,19615.75,180,Auto Approval,National RV Detroit -MI147,Selvius RV,MI,Belleville,2026-08-28,2026-08-29,,2026,RV,New,,32.21,3.5,dzilberchtein,,983,10.24,0,0,false,,,11.74,Core,Core,1.19,0,,0,16470,688,Source One Financial Services,TX, kyler rilett,1,1,MI147,Core
253005,Jhill,69142.37,204,Auto Approval,MarineMax - Charleston - SC154,Marine Max,SC,Charleston,2026-08-28,2026-09-01,,2025,Boat,New,,20.55,9.22,S1House,,5939,13.74,6000,6000,false,,,14.74,Silver 1,Silver 1,1.16,0,,0,59860.2,645,Source One Financial Services,SC, eddie nuttall,1,1,SC154,Silver
253208,Jhill,25331.93,144,Decline,Bish's RV of Rapid City - SD114,Bish's RV,SD,Piedmont,2026-08-28,,,2026,RV,New,,16.45,3.6,dzilberchtein,,38,13.74,2585,2585,false,,,14.74,Silver 1,Not Applicable,0.98,0,,0,25774,654,Connexus Credit Union,WY, dylan higgins,0,0,SD114,Not Applicable
253578,eavila,45518.8,216,Auto Decline,Johnnie Walker RV - NV117,,NV,Las Vegas,2026-08-29,2026-08-30,,2027,RV,New,,50.35,5.97,ljablonoski,,3821,12.49,1000,1000,false,,,13.49,Silver 1,Silver 1,1.19,0,,0,38253,672,Source One Financial Services,TX, jay jones,0,0,NV117,Silver
253597,eavila,27314.82,180,Conditional Approval,Ron Hoover Companies of Tulsa - OK157,Ron Hoover,OK,Claremore,2026-08-29,2026-08-31,,2026,RV,New,599,39.49,1.79,jweller,,1502,12.49,2750,2750,false,,,13.49,Silver 1,Silver 1,0.92,0,,0,29664.33,673,Source One Financial Services,OK, rick perez,1,1,OK157,Silver
253287,sflynn,38422,180,Booked,Moix RV - Conway - AR134,,AR,Conway,2026-08-29,2026-09-01,2026-09-01,2019,RV,Used,628,26.33,2.28,jweller,4839,4609,10.74,4000,4000,false,229,1,12.24,Core,Core,0.92,2305.32,6,0,41550,722,Source One Financial Services,AR, blake moore,1,0,AR134,Core
253418,rsimmons,70318.5,240,Booked,"Campers Inn RV of Myrtle Beach, Inc - SC109",Campers Inn,SC,Myrtle Beach,2026-08-29,2026-08-31,2026-08-31,2026,RV,New,636,25.36,3.87,jsmith,2968,2887,10.24,2000,8000,false,81,0,11.74,Core,Core,1.14,4219.11,6,0,61492,690,Source One Financial Services,SC, murphy jackson,1,0,SC109,Core
253317,ccampos,99624.67,180,Decline,ROSS MOTORSPORTS INC - TX457,,TX,LUFKIN,2026-08-29,,,2026,Boat,New,,45.58,16.62,gott,,21,13.74,12000,12000,false,,,14.74,Silver 1,Not Applicable,1.1,0,,0,90792,649,Connexus Credit Union,TX, ryan williams,0,0,TX457,Not Applicable
253280,sflynn,15033.25,144,Decline,Cook's Campers LLC - OK159,Canopy Financial,OK,Kiefer,2026-08-29,,,2022,RV,Used,689,48.79,3.01,jweller,,27,8.49,1570,1570,false,,,9.99,Core,Core,0.79,0,,0,18920,783,Source One Financial Services,OK, mac mclelland,0,0,OK159,Core
253580,ccampos,17480.37,144,Decline,CRESTVIEW RV SUPERSTORE - SELMA - TX484,Campers Inn,TX,SELMA,2026-08-29,,,2027,RV,New,555,47.2,2.41,gott,,1562,10.24,2000,2000,false,,,11.74,Core,Core,0.81,0,,0,21610,697,Source One Financial Services,TX, tom allen,0,0,TX484,Core
253312,,21674.5,120,Auto Decline,"Ron Hoover Companies of Donna, Inc -Tx277",Ron Hoover,TX,Donna,2026-08-29,,,2019,RV,Used,,29.69,7,gott,,0,22.99,4000,4000,false,,,23.99,Bronze,Bronze,0.98,0,,0,22105,600,Source One Financial Services,TX,,0,0,TX277,Business First
253284,rsimmons,19418.94,180,Approved,Brooks Camper Sales LLC-PA136,Warrior Performance,PA,CONNELSVILLE,2026-08-29,2026-08-29,,2025,RV,New,,14.2,3.05,jharrington1,,58,9.99,0,15000,false,,,11.49,Core,Core,0.53,0,,0,36653,716,Source One Financial Services,PA, jimmy orapello,1,1,PA136,Core
253530,mnava,86515.75,240,Auto Approval,AC Nelsen RV World - NE103,,NE,Omaha,2026-08-29,2026-08-29,,2027,RV,New,727,38.85,4.7,dzilberchtein,,32,8.24,1000,1000,false,,,9.74,Core,Core,1.12,0,,0,77541,773,Source One Financial Services,NE, rian white,1,1,NE103,Core
253451,mlomedico,76962.5,180,Conditional Approval,FUN TOWN RV SAN ANTONIO LP - TX465,Fun Town,TX,CIBOLO,2026-08-29,2026-08-29,,2026,RV,New,,8.96,8.67,gott,,13,10.49,0,6500,false,,,11.24,Core,Core,1.03,0,,0,74749,758,Source One Financial Services,TX, connor johnson,1,1,TX465,Core
253413,mlomedico,49502.62,180,Auto Approval,CLEVELAND RV - GA125,,GA,CLEVELAND,2026-08-29,2026-09-03,,2024,RV,Used,,11.6,10.67,jsmith,,7296,7.74,9200,9200,false,,,8.74,Core,Not Applicable,1,0,,0,49550,748,Connexus Credit Union,GA, cleveland rv,1,1,GA125,Not Applicable
253304,mlomedico,34783.58,180,Decline,Blue Compass RV - Nashville - TN158,Blue Compass,TN,Lebanon,2026-08-29,,,2024,RV,Used,658,19.05,2.68,jsmith,,30,10.24,58000,59700,false,,,11.74,Core,Core,0.38,0,,0,92520,699,Source One Financial Services,AL, austin jacobs,0,0,TN158,Core
253575,mnava,21597,180,Conditional Approval,GREAT AMERICAN RV SUPERSTORE-TUPELO - MS114,,MS,BELDEN,2026-08-29,2026-08-29,,2021,RV,Used,804,23.37,4,jsmith,,12,7.99,7900,7900,false,,,9.49,Core,Core,1.27,0,,0,17000,828,Source One Financial Services,MS, dj miller,1,1,MS114,Core
253570,eavila,104976.56,240,Auto Approval,Blue Compass RV - Katy - TX571,Blue Compass,TX,Katy,2026-08-29,2026-08-31,,2026,RV,New,,48.65,5.41,gott,,2669,7.74,2500,14900,false,,,9.24,Core,Core,1.23,0,,0,85020.06,797,Source One Financial Services,WA, kevin miranda,1,1,TX571,Core
253489,sflynn,20855.44,180,Booked,Beckley's Camping Center - MD111,,MD,Thurmont,2026-08-29,2026-09-02,2026-09-03,2019,RV,New,766,19.47,2.13,gcoulombe,7191,5824,9.74,1000,1000,false,1366,1,11.24,Core,Core,1.18,1251.33,6,0,17600,777,Source One Financial Services,MD, tony mills,1,0,MD111,Core
253353,sbaker,15966,144,Decline,"Kris Willis RV, LLC -MO127",,MO,Dexter,2026-08-29,,,2017,RV,Used,638,46.3,3.83,jweller,,9,11.24,0,0,false,,,12.74,Core,Core,2,0,,0,8000,683,Source One Financial Services,MO, leagh willis,0,0,MO127,Core
253387,,43427,180,Auto Decline,"Bill Thomas Camper Sales, Inc -MO105",,MO,Wentzville,2026-08-29,,,2024,RV,Used,,13.06,4.42,jweller,,0,14.99,3000,3000,false,,,15.99,Silver 2,Silver 2,1.24,0,,0,34900,626,Source One Financial Services,MO,,0,0,MO105,Silver
253419,thovey,71400.39,240,Verifications Incomplete,Texas Marine - Clear Lake -TX354,OneWater,TX,SEABROOK,2026-08-29,2026-09-03,,2022,Boat,Used,,23.41,3.01,gott,,7421,7.74,7000,7000,false,,7,9.24,Core,Core,1.12,4284.02,6,0,63685,817,Source One Financial Services,TX, seth franco,1,1,TX354,Core
253349,,48651.48,240,Auto Decline,Marine World of Texas-TX532,,TX,Whitehouse,2026-08-29,,,2018,Boat,Used,,12.63,2.12,gott,,0,10.99,5000,5000,false,,,12.49,Core,Core,0.85,0,,0,57120,703,Source One Financial Services,TX,,0,0,TX532,Core
253529,sflynn,34706.01,180,Decline,Bish's RV of Fairfield - SCA178,Bish's RV,CA,Fairfield,2026-08-29,,,2026,RV,New,,51.05,4.15,jrubi,,9,9.99,500,8000,false,,,11.49,Core,Core,0.85,0,,0,40945,702,Source One Financial Services,CA, david mcclanahan,0,0,SCA178,Core
253343,sflynn,38495.96,180,Booked,Rocky Ridge - Idabel - OK149,Rocky Ridge,OK,Idabel,2026-08-29,2026-08-31,2026-09-03,2015,RV,Used,,32.36,5.32,jweller,7450,3104,13.74,10500,10500,false,4346,0,14.74,Silver 1,Silver 1,0.93,1539.84,4,0,41322,673,Source One Financial Services,TX, nash archuleta,1,0,OK149,Silver
253535,thovey,43683.92,180,Conditional Approval,Campers Inn - Collinsville - IL257,Campers Inn,IL,Collinsville,2026-08-29,2026-08-31,,2026,RV,New,,23.26,8.11,gcoulombe,,2576,7.99,5000,5000,false,,,8.74,Core,Not Applicable,0.99,0,,0,44072.75,760,Connexus Credit Union,CO, robb best,1,1,IL257,Not Applicable
253514,mlomedico,29401.9,180,Decline,General RV Center - Salisbury - NC137,General RV,NC,Salisbury,2026-08-29,,,2027,RV,New,,29.91,3.36,jsmith,,10,10.24,2000,2000,false,,,11.74,Core,Core,0.97,0,,0,30290,692,Source One Financial Services,NC, justin clearfield,0,0,NC137,Core
253561,mlomedico,57430.76,180,Auto Approval,RV ROADWAY - CALERA - AL130,,AL,CALERA,2026-08-29,2026-08-29,,2027,RV,New,728,38.96,9.44,jsmith,,15,10.49,650,1150,false,,,11.24,Core,Core,1.2,0,,0,47872,753,Source One Financial Services,AL, robin thurmond,1,1,AL130,Core
253384,ccampos,34922.56,180,Decline,Blue Compass RV - South Beumont - TX551,Blue Compass,TX,Vidor,2026-08-29,,,2026,RV,New,666,57.33,5.47,gott,,9,7.49,0,0,false,,,8.99,Core,Core,0.94,0,,0,37080,836,Source One Financial Services,LA, brett massey,0,0,TX551,Core
253496,eavila,35803.14,180,Decline,Campers Inn Of Troy Inc-OH199,Campers Inn,OH,Troy,2026-08-29,,,2024,RV,Used,,63.94,6.81,jharrington1,,10,9.99,0,0,false,,,11.49,Core,Core,1.08,0,,0,33000,720,Source One Financial Services,OH, zach kimrey,0,0,OH199,Core
253572,eavila,37763.96,120,Conditional Approval,Budget RVs of Texas -TX109,,TX,Royse City,2026-08-29,2026-08-29,,2015,RV,Used,795,22.39,3.45,gott,,16,9.74,6000,6000,false,,,11.24,Core,Core,0.99,0,,0,38295,774,Source One Financial Services,TX, benny nordin,1,1,TX109,Core
253479,rsimmons,99334.83,240,Auto Approval,PERFORMANCE EAST - NC113,,NC,GOLDSBORO,2026-08-29,2026-09-01,,2026,Boat,New,,29.28,17,jsmith,,3914,9.99,16000,86000,false,,,11.49,Core,Core,0.67,0,,0,149281,701,Source One Financial Services,NC, dalton pearce,1,1,NC113,Core
253519,mlomedico,80599.69,240,Verifications Incomplete,Clear Creek Camping LLC-TX396,,TX,Abilene,2026-08-29,2026-09-03,,2025,RV,Used,,10.53,3.75,gott,,6845,7.99,4500,4500,false,,1,9.49,Core,Core,1.15,4835.98,6,0,69900,797,Source One Financial Services,TX, clay anderson,1,1,TX396,Core
253394,sbaker,14998.14,120,Booked,ROYS RV SUPERCENTER LLC - WV101,,WV,ELKINS,2026-08-29,2026-09-01,2026-09-02,2024,RV,Used,,31.48,2.98,jharrington1,6021,4370,9.99,700,700,false,1651,0,11.49,Core,Core,0.9,899.89,6,0,16700,701,Source One Financial Services,WV, aaron harlan,1,0,WV101,Core
253272,,14768,120,Auto Decline,Fun Time Campers -IN122,,IN,Indianapolis,2026-08-29,,,2016,RV,Used,,36.52,4.76,jharrington1,,0,22.99,500,500,false,,,23.99,Bronze,Bronze,1.41,0,,0,10505,521,Source One Financial Services,IN,,0,0,IN122,Business First
253310,,14040.99,180,Auto Decline,Optimum RV - Bonne Terre - MO215,Optimum RV,MO,Bonne Terre,2026-08-29,,,2013,RV,Used,,38.62,7.11,jweller,,0,22.99,0,10000,false,,,23.99,Bronze,Bronze,0.64,0,,0,21915,609,Source One Financial Services,MO,,0,0,MO215,Business First
253491,,32576.21,180,Auto Decline,Fun Town RV Ottawa LLC - KS125,Fun Town,KS,Ottawa,2026-08-29,,,2016,RV,Used,,42.21,14.09,jweller,,0,22.99,0,9000,false,,,23.99,Bronze,Bronze,1.07,0,,0,30360,616,Source One Financial Services,KS,,0,0,KS125,Business First
253527,ccampos,53533.41,180,Decline,RV COUNTRY- TUALATIN - OR131,RV Country,OR,TUALATIN,2026-08-29,2026-08-29,,2026,RV,New,761,30.64,2.72,ljablonoski,,3032,8.74,0,0,false,,,10.24,Core,Core,1.29,0,,0,41554,766,Source One Financial Services,OR, travis tsosie,0,0,OR131,Core
253501,mlomedico,32808.24,180,Decline,Blue Compass RV - Winston-Salem - NC159,Blue Compass,NC,Rural Hall,2026-08-29,,,2022,RV,Used,,51.27,7.52,jsmith,,14,9.99,500,3600,false,,,11.49,Core,Core,1.16,0,,0,28270,760,Source One Financial Services,VA, ryan wall,0,0,NC159,Core
253430,mlomedico,37071.97,180,Decline,JEFF COUCHS CAMPERS -OH107,Jeff Couchs,OH,Trenton,2026-08-29,,,2027,RV,New,,4.27,3.79,jharrington1,,4120,12.49,4100,4100,false,,,13.49,Silver 1,Silver 1,0.9,0,,0,41158,662,Source One Financial Services,CO, charles thomas,0,0,OH107,Silver
253507,ccampos,26558.25,84,Decline,PRIMEAUX RV SUPERSTORE - ALEXANDRIA - LA101,,LA,ALEXANDRIA,2026-08-29,,,2026,RV,New,640,21.88,6.54,gott,,7,13.74,7000,7000,false,,,14.74,Silver 1,Silver 1,0.73,0,,0,36459,650,Source One Financial Services,LA, vaughn mcbride,0,0,LA101,Silver
253435,,27341.57,204,Auto Decline,Blue Compass RV - South Beumont - TX551,Blue Compass,TX,Vidor,2026-08-29,,,2027,RV,New,,47.15,10.52,gott,,0,13.74,1000,1000,false,,,14.74,Silver 1,Silver 1,1.04,0,,0,26358,660,Source One Financial Services,LA,,0,0,TX551,Silver
253590,jrubi,16185.91,144,Conditional Approval,Sky River RV - Pismo Beach - SCA147,SkyRiver,CA,Pismo Beach,2026-08-29,2026-08-30,,2018,RV,Used,,32.74,2.27,jrubi,,896,10.74,3500,6500,false,,,12.24,Core,Core,1.26,0,,0,12850,733,Source One Financial Services,CA, michael barnes,1,1,SCA147,Core
253378,mlomedico,84239,240,Decline,"Holman Motors, Inc. -OH111",,OH,Batavia,2026-08-29,,,2026,RV,New,637,60.31,16.08,jharrington1,,4,12.49,1000,1500,false,,,13.49,Silver 1,Silver 1,1,0,,0,84562,661,Source One Financial Services,KY,,0,0,OH111,Silver
253576,eavila,74796.19,180,Pending,Blue Compass RV - Colorado Springs - CO160,Blue Compass,CO,COLORADO SPRINGS,2026-08-29,2026-08-29,,2025,RV,Used,,28.99,3.9,dzilberchtein,,11,12.49,10400,10400,false,,,13.49,Silver 1,Silver 1,1.02,0,,0,73600,662,Source One Financial Services,CO, brandan montera,0,0,CO160,Silver
253290,,75304,180,Auto Decline,Blackbeard Marine Kingston -OK151,,OK,Kingston,2026-08-29,,,2026,Boat,New,600,26.16,6.36,jweller,,0,14.99,15000,15000,false,,,15.99,Silver 2,Silver 2,0.86,0,,0,87106,637,Source One Financial Services,IA,,0,0,OK151,Silver
253522,mlomedico,59555,180,Decline,Fun Town RV - Texarkana - AR120,Fun Town,AR,Texarkana,2026-08-29,,,2025,RV,New,,50.51,5.77,jweller,,86,8.74,0,0,false,,,10.24,Core,Core,0.9,0,,0,66324,765,Source One Financial Services,AR, joe wright,0,0,AR120,Core
253279,thovey,32301,180,Auto Approval,Tulsa RV Outlet Center - OK108,,OK,TULSA,2026-08-29,2026-08-29,,2020,RV,Used,,33.51,5.52,jweller,,24,10.24,5000,5000,false,,,10.24,Core,Core,0.95,0,,0,34000,737,Source One Financial Services,OK, david digiovanni,1,1,OK108,Core
253315,,19706.6,144,Auto Decline,Rinkers Boat World - Conroe - ETX133,EPIC,TX,Montgomery,2026-08-29,,,1996,Boat,Used,,0,0,S1House,,0,22.99,2000,2000,false,,,23.99,Bronze,Bronze,1.72,0,,0,11473,,Source One Financial Services,TX,,0,0,ETX133,Business First
253301,sflynn,63733.74,180,Conditional Approval,Ron Hoover - Odessa - TX495,Ron Hoover,TX,Odessa,2026-08-29,2026-08-29,,2026,RV,New,,16.19,4.43,gott,,34,13.74,14500,14500,false,,,14.74,Silver 1,Silver 1,0.83,0,,0,76496,660,Source One Financial Services,TX, dexter traylor,1,1,TX495,Silver
253492,ccampos,53204.2,240,Decline,Blue Compass RV - Macon - GA157,Blue Compass,GA,Byron,2026-08-29,,,2026,RV,New,,38.65,7.72,jsmith,,13,13.74,6000,6000,false,,,14.74,Silver 1,Silver 1,1,0,,0,53345,651,Source One Financial Services,GA, zach carmichael,0,0,GA157,Silver
253372,eavila,40113.5,180,Auto Approval,LDRV of Tampa - FL340,Campers Inn,FL,Seffner,2026-08-29,2026-08-29,,2026,RV,New,,39.12,1.63,wstoutimore,,69,13.74,14950,24950,false,,,14.74,Silver 1,Silver 1,1.2,0,,0,33453,660,Source One Financial Services,FL, craig haselbush,1,1,FL340,Silver
253262,rsimmons,28118.82,180,Pending,BLUE COMPASS RV - CINCINNATI - OH114,Blue Compass,OH,Cincinnati,2026-08-29,2026-09-01,,2027,RV,New,,20.43,0,jharrington1,,4565,12.49,0,10000,false,,,13.49,Silver 1,Silver 1,0.88,0,,0,31790.25,664,Source One Financial Services,OH, mattew farrell,0,0,OH114,Silver
253541,mnava,59318,240,Auto Approval,Cheyenne Camping Center - IA184,,IA,Walcott,2026-08-29,2026-09-03,,2026,RV,New,728,40.93,4.98,gcoulombe,,7188,9.49,7000,7000,false,,,10.99,Core,Core,0.85,0,,0,69443,741,Source One Financial Services,IA,,1,1,IA184,Core
253550,mlomedico,46943.86,180,Decline,ROCKY MOUNTAIN RV and MARINE - NM101,,NM,ALBUQUERQUE,2026-08-29,,,2026,RV,New,,41.87,13.59,edominguez,,2,13.74,5000,5000,false,,,14.74,Silver 1,Silver 1,1.04,0,,0,45261,642,Source One Financial Services,NM, bianca mcclaskey,0,0,NM101,Silver
253443,sbaker,53794.29,240,Decline,Johnston RV Center - AL134,,AL,Decatur,2026-08-29,,,2025,RV,New,,32.55,17.28,jsmith,,4,9.99,500,500,false,,,11.49,Core,Core,0.72,0,,0,74758,701,Source One Financial Services,AL, sarah kirkpatrick,0,0,AL134,Core
253474,eavila,27041.57,204,Conditional Approval,Blue Compass RV - South Beumont - TX551,Blue Compass,TX,Vidor,2026-08-29,2026-08-29,,2027,RV,New,660,21.27,2.2,gott,,16,12.49,1300,1300,false,,,13.49,Silver 1,Silver 1,1.03,0,,0,26358,679,Source One Financial Services,LA, brazos hesskew,1,1,TX551,Silver
253513,jrubi,23058.19,144,Auto Approval,RV South LLC - GA160,,GA,Sylvester,2026-08-29,2026-08-29,,2024,RV,Used,,38.5,4.52,jsmith,,54,9.74,1000,1000,false,,,11.24,Core,Core,1.29,0,,0,17850,723,Source One Financial Services,GA, trace abraham,1,1,GA160,Core
253364,rsimmons,35765,180,Approved,RTE 125 RV & Marine - NH106,,NH,Rochester,2026-08-29,2026-08-29,,2026,RV,New,717,26.6,2.13,gcoulombe,,10,9.49,0,0,false,,,10.99,Core,Core,0.97,0,,0,36707,745,Source One Financial Services,NH, christopher wuelper,1,1,NH106,Core
253270,rsimmons,108246.71,240,Decline,La Mesa RV Center - Davie - FL316,La Mesa,FL,Davie,2026-08-29,,,2021,RV,Used,,38.94,6.24,pcarter,,57,13.24,3000,13389,false,,,14.24,Silver 1,Not Applicable,1.3,0,,0,83215,668,Connexus Credit Union,FL, justin blackmon,0,0,FL316,Not Applicable
253598,ccampos,18803,144,Auto Decline,Ron Hoover Companies of Tulsa - OK157,Ron Hoover,OK,Claremore,2026-08-29,,,2025,RV,New,,103.42,4.81,jweller,,1230,13.74,2500,2500,false,,,14.74,Silver 1,Silver 1,0.59,0,,0,31687,659,Source One Financial Services,OK, rick perez,0,0,OK157,Silver
253396,sflynn,28019.14,120,Approved,Maxie Price RV - GA161,,GA,Loganville,2026-08-29,2026-08-29,,2027,RV,New,,8.4,7.45,jsmith,,2,9.49,0,26000,false,,,10.99,Core,Core,0.44,0,,0,64025,754,Source One Financial Services,GA, matt eaton,1,1,GA161,Core
253494,,10493,120,Auto Decline,GEORGIA RV OUTLET LLC - GA107,,GA,CARTERSVILLE,2026-08-29,,,2016,RV,Used,,21.09,2.05,jsmith,,0,16.24,4000,4000,false,,,17.24,Silver 2,Silver 2,0.84,0,,0,12450,632,Source One Financial Services,SC,,0,0,GA107,Silver
253481,,117908.9,240,Auto Decline,GREAT AMERICAN RV SUPERSTORE-GRAND BAY - AL144,,AL,GRAND BAY,2026-08-29,,,2027,RV,New,660,48.77,11.35,jsmith,,0,14.99,13000,13000,false,,,15.99,Silver 2,Silver 2,0.85,0,,0,138395,628,Source One Financial Services,AL,,0,0,AL144,Silver
253334,sflynn,66337.5,240,Approved,"Campers Inn RV of Myrtle Beach, Inc - SC109",Campers Inn,SC,Myrtle Beach,2026-08-29,2026-08-29,,2027,RV,New,759,29.28,5.86,jsmith,,18,7.99,3000,10900,false,,,9.49,Core,Core,1.05,0,,0,63163,788,Source One Financial Services,SC, dion sexton,1,1,SC109,Core
253340,ccampos,12950.8,120,Decline,ADVENTURE MOTORHOMES - SC118,,SC,GREEER,2026-08-29,2026-08-29,,2026,RV,New,717,1.65,0.89,jsmith,,48,8.74,1500,1500,false,,,10.24,Core,Core,0.64,0,,0,20175,775,Source One Financial Services,SC, keith palmer,0,0,SC118,Core
253506,,26841.35,180,Auto Decline,Blue Compass RV - Tyler - TX552,Blue Compass,TX,Tyler,2026-08-29,,,2026,RV,Used,,21.57,3.67,gott,,0,22.99,0,0,false,,,23.99,Bronze,Bronze,1.01,0,,0,26510,606,Source One Financial Services,TX,,0,0,TX552,Business First
253408,thovey,32708.89,204,Auto Approval,Blue Compass RV - San Antonio - TX572,Blue Compass,TX,San Antonio,2026-08-29,2026-08-29,,2027,RV,New,,38.79,4.75,gott,,47,9.49,3400,3400,false,,,10.99,Core,Core,1.04,0,,0,31445,708,Source One Financial Services,TX, qyn loza,1,1,TX572,Core
253431,thovey,75228.03,240,Decline,Johnston RV Center - AL134,,AL,Decatur,2026-08-29,,,2026,RV,New,600,36.88,9.63,jsmith,,18,10.24,7500,13500,false,,,11.74,Core,Core,0.97,0,,0,77356,696,Source One Financial Services,AL, marcus clarke,0,0,AL134,Core
253585,hhisek,81843.88,240,Conditional Approval,Fun Town RV Tyler-TX387,Fun Town,TX,Mineola,2026-08-29,2026-08-31,,2027,RV,New,666,44.98,5.41,gott,,2277,9.99,2000,16365,false,,,11.49,Core,Core,1.02,0,,0,80285,701,Source One Financial Services,TX, tyler waggoner,1,1,TX387,Core
253466,sbaker,258914.32,144,Conditional Approval,Demontrond Automotive Group-TX397,,TX,Houston,2026-08-29,2026-08-31,,2026,RV,New,,30.93,13.91,gott,,2645,11.5,35000,62000,false,,,11.5,Core,Not Applicable,0.91,0,,0,283220,732,Ideal Credit Union,TX, joshua moore,1,1,TX397,Not Applicable
253568,jrubi,28287.06,144,Booked,Giant RV - Montclair - SCA155,Giant RV,CA,Montclair,2026-08-29,2026-08-31,2026-08-31,2026,RV,New,,39.57,7.62,jrubi,2822,2498,9.74,6000,6000,false,321,3,10.49,Core,Core,1.02,848.61,3,0,27665,722,Source One Financial Services,CA, julio sanchez,1,0,SCA155,Core
253564,mlomedico,18843.88,144,Conditional Approval,Fun Town RV Tyler-TX387,Fun Town,TX,Mineola,2026-08-29,2026-08-31,,2027,RV,New,,40,2.22,gott,,2462,12.49,65000,79365,false,,,13.49,Silver 1,Silver 1,0.23,0,,0,80285,666,Source One Financial Services,TX, travon reveile,1,1,TX387,Silver
253475,sflynn,36472.54,180,Auto Approval,Quality RV Sales and Service Inc. -TX359,,TX,NACOGDOCHES,2026-08-29,2026-08-29,,2026,RV,New,,25.84,5.2,gott,,18,9.49,1500,1500,false,,,10.99,Core,Core,0.88,0,,0,41316,743,Source One Financial Services,TX, john villarreal,1,1,TX359,Core
253536,ccampos,10381.77,120,Auto Approval,WHITE SANDS RV LLC - AL122,,AL,SUMMEDALE,2026-08-29,2026-09-03,,2021,RV,Used,644,28.86,1.67,jsmith,,7314,13.24,10000,10000,false,,,14.24,Silver 1,Silver 1,0.54,0,,0,19200,679,Source One Financial Services,AL, melissa carroll,1,1,AL122,Silver
253517,rsimmons,13746.57,180,Decline,Bogue RV - NC131,,NC,newport,2026-08-29,,,2019,RV,Used,693,9.72,2.15,jsmith,,10,9.74,2400,2400,false,,,11.24,Core,Core,0.99,0,,0,13860,769,Source One Financial Services,OH, matt weiler,0,0,NC131,Core
253390,sflynn,95475.58,240,Auto Approval,BLUE COMPASS RV - CORPUS CHRISTI - TX459,Blue Compass,TX,CORPUS CHRISTI,2026-08-29,2026-08-29,,2026,RV,New,,39.48,6.6,gott,,9,9.49,22300,22300,false,,,10.99,Core,Core,1.25,0,,0,76381,748,Source One Financial Services,TX, elisa escamilla,1,1,TX459,Core
253449,sflynn,33424.11,180,Auto Approval,Fun Town RV Fairfield LP - TX492,Fun Town,TX,Fairfield,2026-08-29,2026-09-01,,2025,RV,New,764,23.55,1.23,gott,,4260,7.49,0,0,false,,,8.99,Core,Core,0.84,0,,0,40017,818,Source One Financial Services,TX, brenden boggs,1,1,TX492,Core
253412,rsimmons,14352.94,120,Booked,Recreation USA LLC - Myrtle Beach - SC134,,SC,Myrtle Beach,2026-08-29,2026-09-01,2026-09-02,2026,RV,New,687,19.21,3.36,jsmith,5884,4143,12.49,1159,1159,false,1741,0,12.99,Silver 1,Silver 1,1.02,287.06,2,0,14099,676,Source One Financial Services,NC, stan johnson,1,0,SC134,Silver
253348,mlomedico,45688.26,240,Decline,Blue Compass RV - Austin - TX522,Blue Compass,TX,Buda,2026-08-29,,,2027,RV,New,629,52.4,3.57,gott,,7,13.74,4700,4700,false,,,14.74,Silver 1,Silver 1,1.04,0,,0,43978,642,Source One Financial Services,TX, nicolas paez,0,0,TX522,Silver
253547,mlomedico,20059.35,180,Decline,CENTENNIAL RV LLC - CO141,,CO,GRAND JUNCTION,2026-08-29,,,2021,RV,Used,608,29.07,0.92,dzilberchtein,,9,10.74,5000,5000,false,,,12.24,Core,Core,0.72,0,,0,28050,688,Source One Financial Services,CO, tyson alegria,0,0,CO141,Core
253555,ccampos,72057.01,240,Contract Received,Optimum RV - Tallahassee - FL252,Optimum RV,FL,Tallahassee,2026-08-29,2026-08-31,,2018,RV,Used,,27.26,9.57,wstoutimore,,2863,8.49,20000,13000,false,,43,9.74,Core,Core,1.42,0,,0,50808,851,Source One Financial Services,LA, joshua ellis,1,1,FL252,Core
253377,,42936.49,180,Auto Decline,Blue Compass RV - Austin - TX522,Blue Compass,TX,Buda,2026-08-29,,,2027,RV,New,629,88.48,3.8,gott,,0,14.99,0,0,false,,,15.99,Silver 2,Silver 2,0.73,0,,0,58489,636,Source One Financial Services,TX,,0,0,TX522,Silver
253452,thovey,23825.25,180,Booked,Titan Auto & Rv Sales - AR117,,AR,Searcy,2026-08-29,2026-09-01,2026-09-03,2026,RV,New,,26.95,3.45,jweller,7302,4258,7.99,0,0,false,3043,1,8.99,Core,Core,0.87,953.01,4,0,27375.75,781,Source One Financial Services,AR, dylan melton,1,0,AR117,Core
253497,rsimmons,31978,144,Verifications Incomplete,ADVENTURE MOTORHOMES - SC118,,SC,GREEER,2026-08-29,2026-09-03,,2026,RV,New,,23.97,3.93,jsmith,,7134,9.99,1546,1546,false,,0,10.49,Core,Core,0.84,639.56,2,0,37925,711,Source One Financial Services,SC, keith palmer,1,1,SC118,Core
253439,mlomedico,23146.25,180,Auto Approval,WAGNERS OUTDOOR EXPRESS RV LLC - WV103,Easy Care,WV,FALLING WATERS,2026-08-29,2026-09-01,,2026,RV,New,,13.09,1.27,jharrington1,,4218,12.49,8000,8000,false,,,13.49,Silver 1,Silver 1,0.62,0,,0,37481,663,Source One Financial Services,VA, bradley taylor,1,1,WV103,Silver
253515,,48275.79,180,Auto Decline,Blue Compass RV - Tyler - TX552,Blue Compass,TX,Tyler,2026-08-29,,,2026,RV,New,,34.8,13.05,gott,,0,22.99,0,0,false,,,23.99,Bronze,Bronze,0.88,0,,0,54904,609,Source One Financial Services,TX,,0,0,TX552,Business First
253341,thovey,39945,240,Verifications Incomplete,Blue Compass RV - Spartanburg - SC144,Blue Compass,SC,Duncan,2026-08-29,2026-09-01,,2026,RV,New,,19.16,3.66,jsmith,,4286,7.74,1000,1000,false,,1,9.24,Core,Core,0.91,0,,0,43923,785,Source One Financial Services,SC, john balma,1,1,SC144,Core
253267,,50417.25,180,Auto Decline,General RV - Richmond - VA117,General RV,VA,Ashland,2026-08-29,,,2026,RV,New,,35.32,4.97,jsmith,,0,14.99,3500,7500,false,,,15.99,Silver 2,Silver 2,1.29,0,,0,39173,637,Source One Financial Services,SC,,0,0,VA117,Silver
253274,,33373.96,204,Auto Decline,General RV - Elizabethtown - PA112,General RV,PA,Elizabethtown,2026-08-29,,,2018,RV,Used,601,22.78,3.56,jharrington1,,0,16.24,2000,22000,false,,,17.24,Silver 2,Silver 2,0.71,0,,0,46962,625,Source One Financial Services,OH,,0,0,PA112,Silver
253543,ccampos,79808.88,240,Booked,RV STATION LLC - COLBERT - OK125,,OK,COLBERT,2026-08-29,2026-08-31,2026-09-02,2026,RV,New,693,16.2,3.96,jweller,5630,2574,9.74,4000,11000,false,3053,3,11.24,Core,Core,1.21,4788.53,6,0,66205,732,Source One Financial Services,LA, calvin parrish,1,0,OK125,Core
253495,rsimmons,52807,180,Conditional Approval,United Recreation Financing LLC-GA152,,GA,Chatsworth,2026-08-29,2026-08-29,,2019,RV,Used,,23.28,2.93,jsmith,,116,7.74,0,0,false,,,8.99,Core,Not Applicable,0.8,0,,0,65710,806,Connexus Credit Union,AL, ryan lasuer,1,1,GA152,Not Applicable
253566,thovey,10744.88,120,Auto Approval,Magic Touch Inc - NCA143,,CA,Tulare,2026-08-29,2026-08-29,,2017,RV,Used,,27.61,1.88,jrubi,,12,8.49,2000,2000,false,,,9.99,Core,Core,0.93,0,,0,11500,813,Source One Financial Services,CA, duane nichols,1,1,NCA143,Core
253465,mnava,16117.4,120,Booked,Setzer's World of Camping Inc - WV106,,WV,Huntington,2026-08-29,2026-08-29,2026-08-31,2017,RV,Used,,22.34,2.63,jharrington1,3382,103,10.74,0,0,false,3267,12,12.24,Core,Core,1.63,967.04,6,0,9900,738,Source One Financial Services,WV, eric collinsworth,1,0,WV106,Core
253365,ccampos,12950.8,120,Booked,ADVENTURE MOTORHOMES - SC118,,SC,GREEER,2026-08-29,2026-08-29,2026-08-31,2026,RV,New,717,1.65,0.89,jsmith,2965,124,8.74,1500,1500,false,34,2807,10.24,Core,Core,0.64,777.05,6,0,20175.8,775,Source One Financial Services,SC, keith palmer,1,0,SC118,Core
253471,mlomedico,29819.96,180,Auto Approval,RV COUNTRY- TUALATIN - OR131,RV Country,OR,TUALATIN,2026-08-29,2026-08-29,,2024,RV,Used,,37.12,1.92,ljablonoski,,18,8.74,3000,3000,false,,,10.24,Core,Core,0.92,0,,0,32350,764,Source One Financial Services,OR, travis tsosie,1,1,OR131,Core
253444,mlomedico,49109.28,240,Decline,Blue Compass RV - Seguin - TX573,Blue Compass,TX,Sequin,2026-08-29,,,2022,RV,Used,,20.25,3.19,gott,,10,10.49,6000,6000,false,,,11.99,Core,Core,0.94,0,,0,52470,705,Source One Financial Services,TX, ryan campos,0,0,TX573,Core
253432,mnava,17680.95,120,Booked,Thomas RV and Auto Sales - AR118,,AR,Searcy,2026-08-29,2026-08-31,2026-09-03,2018,RV,Used,,16.83,4.33,jweller,6869,2984,11.99,4000,6000,false,2686,1199,12.49,Core,Not Applicable,1.13,353.62,2,0,15700,681,Connexus Credit Union,AR, ricky thomas,1,0,AR118,Not Applicable
253470,,149598.97,240,Auto Decline,JEFF COUCHS CAMPERS -OH107,Jeff Couchs,OH,Trenton,2026-08-29,,,2027,RV,New,622,37.64,10.05,jharrington1,,0,14.99,17000,17000,false,,,15.99,Silver 2,Silver 2,0.94,0,,0,158999,638,Source One Financial Services,OH,,0,0,OH107,Silver
253505,sbaker,84913.22,240,Decline,Sky Marine - Orlando - FL307,,FL,Sanford,2026-08-29,,,2027,Boat,New,,50.72,7.39,pcarter,,10,9.99,4375,9375,false,,,11.49,Core,Core,1.41,0,,0,60193,712,Source One Financial Services,FL, lisa pruchniewski,0,0,FL307,Core
253468,eavila,57041.89,240,Approved,Slalom Shop -TX159,OneWater,TX,Lewisville,2026-08-29,2026-08-29,,2020,Boat,Used,,35.32,2.56,gott,,9,10.49,8000,8000,false,,,11.99,Core,Core,0.94,0,,0,60663.32,719,Source One Financial Services,TX, monica bedenbaugh,1,1,TX159,Core
253265,rsimmons,61903,204,Conditional Approval,AIRSTREAM OF NASHUA - NH108,Blue Compass,NH,NASHUA,2026-08-29,2026-08-29,,2015,RV,Used,,32.19,7.15,gcoulombe,,59,13.74,30000,32500,false,,,14.74,Silver 1,Silver 1,0.75,0,,0,82100,670,Source One Financial Services,FL, xan peterson,1,1,NH108,Silver
253277,sbaker,29008.22,144,Approved,Campers Unlimited-Chattanooga-TN148,,TN,Ooltewah,2026-08-29,2026-08-29,,2018,RV,Used,840,17.3,4.07,jsmith,,17,8.49,500,500,false,,,9.99,Core,Core,0.85,0,,0,34050,829,Source One Financial Services,TN, abbi stone,1,1,TN148,Core
253351,,61488,180,Auto Decline,Blackbeard Marine Kingston -OK151,,OK,Kingston,2026-08-29,,,2026,Boat,New,,32.53,5.45,jweller,,0,14.99,15000,15000,false,,,15.99,Silver 2,Silver 2,0.89,0,,0,68999,623,Source One Financial Services,AR,,0,0,OK151,Silver
253525,rsimmons,59509.75,240,Decline,OPTIMUM RV OCALA - FL162,Optimum RV,FL,OCALA,2026-08-29,,,2027,RV,New,,50.54,11.27,pcarter,,12,8.74,6000,6001,false,,,10.24,Core,Core,1.06,0,,0,55983,770,Source One Financial Services,FL, lauren freeland,0,0,FL162,Core
253504,thovey,48968.41,180,Approved,ROTH RV - BEMIDJI - MN168,,MN,BEMIDJI,2026-08-29,2026-08-29,,2027,RV,New,655,36.85,3.26,S1House,,10,8.74,300,11500,false,,,10.24,Core,Core,1,0,,0,48900,765,Source One Financial Services,MN, tracy perpich,1,1,MN168,Core
253544,mlomedico,59793.03,180,Decline,Blue Compass RV - South Beumont - TX551,Blue Compass,TX,Vidor,2026-08-29,,,2022,RV,Used,,39.81,13.51,gott,,9,13.24,0,-7000,false,,,14.24,Silver 1,Silver 1,1.01,0,,0,59235,668,Source One Financial Services,TX, brett massey,0,0,TX551,Silver
253303,thovey,22050.64,120,Auto Approval,Moix RV - Conway - AR134,,AR,Conway,2026-08-29,2026-08-29,,2018,RV,Used,,24.22,6.52,jweller,,109,11.49,25000,25000,false,,,11.99,Core,Not Applicable,0.55,0,,0,39800,688,Connexus Credit Union,AR, blake moore,1,1,AR134,Not Applicable
253436,rsimmons,25487.61,144,Decline,Liberty Trail RV - Sulphur Springs - TX580,,TX,Sulphur Springs,2026-08-29,,,2021,RV,Used,642,48.47,5.26,gott,,8,10.24,2600,2600,false,,,11.74,Core,Core,1.26,0,,0,20250,730,Source One Financial Services,TX, shawn ketchum,0,0,TX580,Core
253445,rsimmons,49653,240,Verifications Incomplete,Blue Compass RV - Columbia - SC136,Blue Compass,SC,Lexington,2026-08-29,2026-09-02,,2022,RV,Used,,33.59,3.91,jsmith,,5615,10.49,7000,7000,false,,1,11.99,Core,Core,0.96,0,,0,51800,709,Source One Financial Services,SC, zach smith,1,1,SC136,Core
253460,sflynn,15721.75,144,Auto Approval,Rocky Ridge RV of McAlester - OK145,Rocky Ridge,OK,McAlester,2026-08-29,2026-09-01,,2026,RV,New,,25.96,1.21,jweller,,4391,7.49,2000,2000,false,,,9.24,Core,Core,0.71,0,,0,22227,881,Source One Financial Services,TX, doug menees,1,1,OK145,Core
253410,ccampos,41585.38,240,Auto Approval,Heartland Marine -MO131,,MO,Sunrise Beach,2026-08-29,2026-09-02,,2026,Boat,New,,2.43,2.26,jweller,,5627,9.99,1995,1995,false,,,11.49,Core,Core,1.04,0,,0,39823.83,710,Source One Financial Services,MO, ashley maass,1,1,MO131,Core
253332,mlomedico,26903,180,Auto Approval,American RV Center - IN219,,IN,Evansville,2026-08-29,2026-08-29,,2022,RV,Used,,16.9,4.38,jharrington1,,19,10.49,2800,2800,false,,,12.24,Core,Core,1.07,0,,0,25100,701,Source One Financial Services,IN, chad s. bruce,1,1,IN219,Core
253327,thovey,25803.57,180,Decline,Blue Compass RV - Greensboro - NC155,Blue Compass,NC,Colfax,2026-08-29,,,2027,RV,New,,14.88,5.11,jsmith,,9,12.49,6000,6000,false,,,13.49,Silver 1,Silver 1,0.68,0,,0,37721,668,Source One Financial Services,NC, melinda patino,0,0,NC155,Silver
253268,sbaker,30865.74,180,Approved,FUN TOWN RV CONROE -TX400,Fun Town,TX,CONROE,2026-08-29,2026-08-29,,2026,RV,New,,28.74,5.95,gott,,70,9.74,0,0,false,,,11.24,Core,Core,1.02,0,,0,30136,729,Source One Financial Services,TX, michal procek,1,1,TX400,Core
253295,sbaker,40969.57,180,Decline,COASTAL RV - VA102,,VA,CARROLLTON,2026-08-29,,,2021,RV,Used,,27.06,9.5,jsmith,,181,10.24,4600,4600,false,,,11.99,Core,Not Applicable,0.9,0,,0,45600,733,Connexus Credit Union,VA, rick kirby,0,0,VA102,Not Applicable
253462,sflynn,44971,180,Approved,Fourwinds RV - IL181,,IL,Maroa,2026-08-29,2026-08-29,,2027,RV,New,696,35.69,6.08,gcoulombe,,28,10.24,23000,1400,false,,,11.74,Core,Core,1.13,0,,0,39761,719,Source One Financial Services,IL, jessica hornickel,1,1,IL181,Core
253480,,38817.39,180,Auto Decline,Coastal Recreaction Center LLC - FL283,,FL,Ormond Beach,2026-08-29,,,2023,RV,Used,,31.78,16.52,pcarter,,0,22.99,2500,2500,false,,,23.99,Bronze,Bronze,0.86,0,,0,44900,612,Source One Financial Services,FL,,0,0,FL283,Business First
253415,mnava,77503.06,240,Decline,RV Station LTD - Donna -TX289,,TX,Donna,2026-08-29,,,2026,RV,New,,22.79,8.17,gott,,42,9.74,0,17900,false,,,11.24,Core,Not Applicable,1,0,,0,77639,723,Connexus Credit Union,TX, sonia leal,0,0,TX289,Not Applicable
253329,sbaker,12978.42,168,Auto Approval,Hufnagel and Majors Inc - PA109,,PA,Harmony,2026-08-29,2026-08-29,,2024,RV,Used,652,23.49,1.15,jharrington1,,29,9.74,1300,1300,false,,,11.24,Core,Core,1.02,0,,0,12750,726,Source One Financial Services,PA, anthony talerico,1,1,PA109,Core
253264,rsimmons,17064.44,120,Approved,Gerzeny's RV World - Bradenton - FL257,,FL,Bradenton,2026-08-29,2026-08-29,,2026,RV,New,,22.82,2.54,wstoutimore,,464,11.49,1525,1525,false,,,11.74,Silver 1,Not Applicable,0.95,0,,0,17875,662,Connexus Credit Union,FL, aaron dahlgren,1,1,FL257,Not Applicable
253523,mlomedico,23931.84,180,Decline,Blue Compass RV - Longmont - CO161,Blue Compass,CO,Longmont,2026-08-29,,,2018,RV,New,,72.53,4.5,dzilberchtein,,6,10.99,3500,3500,false,,,12.49,Core,Core,0.94,0,,0,25500,708,Source One Financial Services,CO, anthony bova,0,0,CO161,Core
253347,mnava,70903.12,120,Auto Approval,Blue Compass RV - Chattanooga - GA156,Blue Compass,GA,Ringgold,2026-08-29,2026-08-29,,2027,RV,New,,9.42,9.01,jsmith,,31,7.49,6000,16000,false,,,8.99,Core,Core,0.75,0,,0,94235,821,Source One Financial Services,GA, carson callender,1,1,GA156,Core
253346,sbaker,88683.44,240,Decline,Sky River RV - Paso Robles - SCA146,SkyRiver,CA,Paso Robles,2026-08-29,,,2025,RV,New,,62.18,4.38,jrubi,,13,22.99,6000,6000,false,,,23.99,Core,Core,0.83,0,,0,106676.6,749,Source One Financial Services,CA, austin harding,0,0,SCA146,Core
253502,,25857.4,180,Auto Decline,GREAT AMERICAN RV SUPERSTORE-BREAUX BRIDGE - LA104,,LA,BREAUX BRIDGE,2026-08-29,,,2027,RV,New,,35.84,11.93,gott,,0,22.99,1500,1500,false,,,23.99,Bronze,Bronze,1.07,0,,0,24135,616,Source One Financial Services,LA,,0,0,LA104,Business First
253296,,21405,180,Auto Decline,General RV Center - North Canton - OH200,General RV,OH,North Canton,2026-08-29,,,2021,RV,Used,,56.84,9.67,jharrington1,,0,13.24,1000,3800,false,,,14.24,Silver 1,Silver 1,1,0,,0,21450,668,Source One Financial Services,OH,,0,0,OH200,Silver
253373,mlomedico,38998.82,180,Auto Approval,Sky Marine - Orlando - FL307,,FL,Sanford,2026-08-29,2026-08-29,,2027,Boat,New,,46.13,5.54,pcarter,,5,7.49,4000,4000,false,,,8.99,Core,Core,1.15,0,,0,34000,864,Source One Financial Services,FL, lisa pruchniewski,1,1,FL307,Core
253359,sflynn,31031.4,180,Auto Approval,OWENSBORO RV - KY119,,KY,OWENSBORO,2026-08-29,2026-09-03,,2021,RV,Used,,39.76,5.28,jharrington1,,7171,10.49,1500,1500,false,,,11.99,Core,Core,1.19,0,,0,26150,717,Source One Financial Services,KY, scott stacy,1,1,KY119,Core
253531,ccampos,29069.85,180,Decline,Blue Compass RV - Tyler - TX552,Blue Compass,TX,Tyler,2026-08-29,,,2026,RV,Used,476,29.26,2.59,gott,,5,7.49,0,0,false,,,8.99,Core,Core,1.1,0,,0,26510,851,Source One Financial Services,TX, clay coleman,0,0,TX552,Core
253486,mlomedico,156699.35,240,Decline,Olathe Ford Sales INC-KS127,,KS,Gardner,2026-08-29,,,2026,RV,New,594,48.05,9.46,jweller,,15,8.74,15700,15700,false,,,10.24,Core,Core,0.98,0,,0,159231,764,Source One Financial Services,KS, dan hill,0,0,KS127,Core
253339,mlomedico,12837.02,120,Booked,GEORGIA RV OUTLET LLC - GA107,,GA,CARTERSVILLE,2026-08-29,2026-09-02,2026-09-02,2014,RV,Used,677,33.01,1.95,jsmith,5940,5706,11.74,900,900,false,234,0,13.24,Core,Core,1.24,770.22,6,0,10350,693,Source One Financial Services,AL, shawn deuber,1,0,GA107,Core
253361,sflynn,22775.32,144,Auto Approval,Millican RV America - AL103,,AL,Hanceville,2026-08-29,2026-08-29,,2027,RV,New,,16.34,2.6,jsmith,,13,7.49,500,17000,false,,,8.99,Core,Core,0.58,0,,0,39072,836,Source One Financial Services,AL, tim hopkins,1,1,AL103,Core
253392,mlomedico,174095,240,Auto Approval,MarineMax - Lake Norman - NC167,Marine Max,NC,Cornelius,2026-08-29,2026-09-03,,2025,Boat,New,,42.12,10.48,S1House,,7132,8.99,27300,67300,false,,,10.49,Core,Core,1.25,0,,0,139310,748,Source One Financial Services,NC, brandon debose,1,1,NC167,Core
253518,eavila,31491.68,180,Decline,CAMPERS INN OF MOCKSVILLE - NC107,Campers Inn,NC,MOCKSVILLE,2026-08-29,,,2026,RV,New,,52.23,5.22,jsmith,,18,9.99,3500,3500,false,,,11.49,Core,Not Applicable,0.79,0,,0,39825.42,714,Connexus Credit Union,NC, troy egebrecht,0,0,NC107,Not Applicable
253382,mlomedico,67696.35,204,Booked,Blue Compass RV - Oklahoma City - OK158,Blue Compass,OK,Norman,2026-08-29,2026-08-31,2026-08-31,2022,RV,Used,,19.33,7.97,jweller,3141,3059,10.74,6000,6000,false,82,0,12.24,Core,Core,1.41,4061.78,6,0,47850,684,Source One Financial Services,OK, jacqueline armendariz,1,0,OK158,Core
253289,jharrington1,41392.41,220,Auto Approval,Meyer's I-79 RV Sales - PA148,,PA,Mount Morris,2026-08-29,2026-08-29,,2018,RV,Used,728,24.37,1.88,jharrington1,,98,8.49,8000,837.73,false,,,9.99,Core,Core,1.15,0,,0,35900,816,Source One Financial Services,WV, matthew stuchell,1,1,PA148,Core
253389,ccampos,62075,180,Auto Approval,MASON RV - NE114,,NE,KEARNEY,2026-08-29,2026-09-01,,2027,RV,New,,27.38,5.08,dzilberchtein,,4389,8.99,6500,6500,false,,,9.74,Core,Not Applicable,1.05,0,,0,59171,700,Connexus Credit Union,LA, elysia mason,1,1,NE114,Not Applicable
253560,,85018.2,240,Auto Decline,Blue Compass RV - Katy - TX571,Blue Compass,TX,Katy,2026-08-29,,,2026,RV,New,,45.69,14.87,gott,,0,14.99,25000,21000,false,,,15.99,Silver 2,Silver 2,0.85,0,,0,100595,632,Source One Financial Services,TX,,0,0,TX571,Silver
253537,eavila,20861.4,180,Auto Approval,AC Nelsen RV World - NE103,,NE,Omaha,2026-08-29,2026-08-29,,2024,RV,Used,,22.49,2.65,dzilberchtein,,20,7.49,500,500,false,,,8.99,Core,Core,0.9,0,,0,23200,804,Source One Financial Services,IA, rian white,1,1,NE103,Core
253440,sflynn,84165,240,Booked,Northwest Boat Center - OR118,,OR,Portland,2026-08-29,2026-09-03,2026-09-03,2026,Boat,New,,22.98,9.18,ljablonoski,7295,7120,7.24,7500,7500,false,175,0,8.74,Core,Core,1.03,5049.9,6,0,81792.4,810,Source One Financial Services,OR, william nielsen,1,0,OR118,Core
253510,sflynn,39094.53,204,Verifications Incomplete,BLUE COMPASS RV - SOUTH HOUSTON  - TX421,Blue Compass,TX,Alvin,2026-08-29,2026-08-31,,2025,RV,Used,,18.56,3.6,gott,,2827,7.49,700,700,false,,1,8.99,Core,Core,1.45,0,,0,27000,820,Source One Financial Services,TX, frank carranza,1,1,TX421,Core
253592,jrubi,34214.89,180,Decline,Blue Compass RV - Bakersfield - Sales - NCA145,Blue Compass,CA,Bakersfield,2026-08-29,,,2021,RV,Used,,38.58,4.42,jrubi,,2343,13.24,0,8000,false,,,14.24,Silver 1,Silver 1,0.89,0,,0,38650,662,Source One Financial Services,CA, martha quiroz,0,0,NCA145,Silver
253401,sflynn,42827.73,180,Auto Approval,Fish and Ski Marine - Canton - TX575,,TX,Canton,2026-08-29,2026-08-29,,2018,Boat,Used,,44.71,5.7,gott,,80,8.99,10000,5490.96,false,,,10.49,Core,Core,0.98,0,,0,43775,800,Source One Financial Services,TX, paul hyland,1,1,TX575,Core
253308,mlomedico,150150.15,240,Decline,Blue Compass - Fort Myers - FL300,Blue Compass,FL,Fort Myers,2026-08-29,,,2013,RV,Used,738,68.65,13.16,wstoutimore,,20,10.99,22500,22500,false,,,12.49,Core,Core,0.87,0,,0,173195,755,Source One Financial Services,MT, anthony gagliardi,0,0,FL300,Core
253533,ccampos,27708.25,180,Decline,North Trail RV Center - FL347,,FL,Ft. Myers,2026-08-29,,,2025,RV,Used,694,24.04,4.43,wstoutimore,,2475,9.74,3100,3100,false,,,11.24,Core,Not Applicable,0.67,0,,0,41500,723,Connexus Credit Union,FL, michael engh,0,0,FL347,Not Applicable
253582,jrubi,71185,180,Decline,MY RV SD - SCA112,,CA,EL CAJON,2026-08-29,,,2026,RV,New,710,22.14,3.29,jrubi,,2410,9.74,5000,5000,false,,,11.24,Core,Core,1.07,0,,0,66334,773,Source One Financial Services,CA,,0,0,SCA112,Core
253335,thovey,60884.17,240,Decline,Bradford Marine & ATV-Hot Springs-AR143,Bradford Marine,AR,Hot Springs,2026-08-29,,,2026,Boat,New,615,14.73,6.79,jweller,,3,13.74,0,0,false,,,14.74,Silver 1,Silver 1,1.1,0,,0,55587,656,Source One Financial Services,AR, danny keesee,0,0,AR143,Silver
253554,mnava,53632.58,180,Conditional Approval,BLUE COMPASS RV - FT WORTH - TX420,Blue Compass,TX,Fort Worth,2026-08-29,2026-08-31,,2021,RV,Used,717,36.52,5.1,gott,,2455,8.24,0,0,false,,,9.24,Core,Not Applicable,0.86,0,,0,62550,859,Connexus Credit Union,TX, rj norman,1,1,TX420,Not Applicable
253595,,17618.55,144,Auto Decline,Auction Direct RV - FL319,,FL,Ocala,2026-08-29,,,2019,RV,Used,,66.06,2.88,pcarter,,0,22.99,2000,2000,false,,,23.99,Bronze,Bronze,0.98,0,,0,18000,602,Source One Financial Services,FL,,0,0,FL319,Business First
253374,,26613.54,180,Auto Decline,OPTIMUM RV PHILADELPHIA - PA106,Optimum RV,PA,POTTSTOWN,2026-08-29,,,2026,RV,New,,49.78,3.33,jharrington1,,0,12.49,1600,1600,false,,,13.49,Silver 1,Silver 1,1.2,0,,0,22164,669,Source One Financial Services,PA,,0,0,PA106,Silver
253409,,34091.12,180,Auto Decline,AC Nelsen RV World -MN5005,,MN,SHAKOPEE,2026-08-29,,,2026,RV,New,,25.98,11.46,S1House,,0,22.99,5000,5000,false,,,23.99,Bronze,Bronze,0.96,0,,0,35427,606,Source One Financial Services,MN,,0,0,MN5005,Business First
253539,rsimmons,16757.42,180,Conditional Approval,Blue Compass RV - South Raleigh - NC158,Blue Compass,NC,Benson,2026-08-29,2026-08-29,,2026,RV,New,,20.93,3.94,jsmith,,21,12.49,1650,1650,false,,,13.49,Silver 1,Silver 1,0.76,0,,0,21942,667,Source One Financial Services,NC, melissa hein,1,1,NC158,Silver
253586,ccampos,37082,180,Decline,Sunrise Rv's - WA124,,WA,Omak,2026-08-29,,,2018,RV,Used,,32.89,12.89,ljablonoski,,2321,13.74,4000,4000,false,,,14.74,Silver 1,Not Applicable,1.18,0,,0,31300,677,Connexus Credit Union,WA,,0,0,WA124,Not Applicable
253338,mnava,59220,216,Decline,WADES RV SUPERCENTER - OK114,,OK,GLENPOOL,2026-08-29,,,2026,RV,New,714,22.94,8.61,jweller,,9,10.24,7000,7000,false,,,11.74,Core,Core,0.84,0,,0,70720,687,Source One Financial Services,OK, glenpool currey,0,0,OK114,Core
253363,sbaker,30044.87,181,Auto Approval,COASTAL RV - VA102,,VA,CARROLLTON,2026-08-29,2026-08-31,,2026,RV,New,,9.46,4.43,jsmith,,2903,9.49,5000,5000,false,,,11.24,Core,Core,0.88,0,,0,34080,706,Source One Financial Services,VA, ron beagle,1,1,VA102,Core
253358,,80120.52,240,Auto Decline,Premier Yamaha Boating Center/Aransas -TX209,,TX,Aransas,2026-08-29,,,2024,Boat,Used,,68.06,11.01,gott,,0,13.74,0,0,false,,,14.74,Silver 1,Silver 1,1.04,0,,0,77030,651,Source One Financial Services,LA,,0,0,TX209,Silver
253453,,98000,240,Auto Decline,Blue Compass RV - Raleigh - NC157,Blue Compass,NC,Raleigh,2026-08-29,,,2026,RV,New,603,42.89,7.6,jsmith,,0,14.99,0,6500,false,,,15.99,Silver 2,Silver 2,0.98,0,,0,100453,639,Source One Financial Services,NC,,0,0,NC157,Silver
253367,mnava,87626.49,240,Decline,Blue Compass RV - Katy - TX571,Blue Compass,TX,Katy,2026-08-29,,,2026,RV,New,,22.2,8.65,gott,,72,13.74,0,10000,false,,,14.74,Silver 1,Not Applicable,0.82,0,,0,107027.75,649,Connexus Credit Union,TX, jakob cunningham,0,0,TX571,Not Applicable
253385,mnava,26155.63,180,Pending,Rocky Ridge RV - Muskogee - OK148,Rocky Ridge,OK,Muskogee,2026-08-29,2026-08-29,,2026,RV,New,,38.91,2.01,jweller,,26,12.49,2800,2800,false,,,13.49,Silver 1,Silver 1,0.89,0,,0,29237,673,Source One Financial Services,OK, jt thomas,0,0,OK148,Silver
253503,mlomedico,37622.66,204,Auto Approval,Blue Compass RV - St. Augustine - FL339,Blue Compass,FL,ST. AUGUSTINE,2026-08-29,2026-08-29,,2024,RV,New,606,33.56,1.8,pcarter,,36,13.74,4000,4000,false,,,14.74,Silver 1,Silver 1,0.9,0,,0,41700,648,Source One Financial Services,GA, matthew braziel,1,1,FL339,Silver
253473,,80894.99,240,Auto Decline,Blue Compass RV - Danville - VA125,Blue Compass,VA,Ringgold,2026-08-29,,,2026,RV,New,,17.4,12.74,jsmith,,1,22.99,5000,5000,false,,,23.99,Bronze,Bronze,1.34,0,,0,60340,,Source One Financial Services,VA, doran mccormick,0,0,VA125,Business First
253406,rsimmons,29879.11,144,Decline,Jacksonville Marine Inc - FL103,,FL,Fleming Island,2026-08-29,,,2022,Boat,Used,,53.84,4.16,pcarter,,11,10.74,1000,1000,false,,,12.24,Core,Core,0.79,0,,0,37940,682,Source One Financial Services,FL, ben fontaine,0,0,FL103,Core
253552,sflynn,32322.07,180,Decline,SMG Wake of Houston -TX105,OneWater,TX,Conroe,2026-08-29,,,2015,Boat,Used,,52.12,3.38,gott,,5,10.74,8000,8000,false,,,12.24,Core,Core,0.97,0,,0,33480,737,Source One Financial Services,TX, george harsh,0,0,TX105,Core
253549,thovey,50342.74,180,Approved,"Colonia Del Rey RV Sales, LLC -TX294",,TX,Corpus Christi,2026-08-29,2026-08-29,,2025,RV,Used,,8.38,7.91,gott,,17,13.74,5200,5200,false,,,14.74,Silver 1,Silver 1,0.98,0,,0,51450,657,Source One Financial Services,TX, jesse nuncio,1,1,TX294,Silver
253428,mlomedico,118425.21,204,Auto Approval,Hanner RV Supercenter -TX165,,TX,Baird,2026-08-29,2026-08-29,,2026,RV,New,,31.72,10.75,gott,,21,9.49,10000,10000,false,,,10.99,Core,Core,1.1,0,,0,108030,758,Source One Financial Services,TX, lance finley,1,1,TX165,Core
253414,sflynn,22344.61,144,Conditional Approval,LEES COUNTRY RV- IN129,Easy Care,IN,BATESVILLE,2026-08-29,2026-08-29,,2019,RV,Used,,33.78,6.78,jharrington1,,27,14.99,5500,5500,false,,,15.99,Silver 1,Silver 1,1.11,0,,0,20050,649,Source One Financial Services,IN, bradley taylor,1,1,IN129,Silver
253455,,7007.08,144,Auto Decline,Blue Compass RV - Knoxville - TN159,Blue Compass,TN,Louisville,2026-08-29,,,2011,RV,Used,,50.11,1.44,jsmith,,0,16.74,2000,2000,false,,,17.24,Silver 2,Silver 2,1.2,0,,0,5850,625,Source One Financial Services,TN,,0,0,TN159,Silver
253370,ccampos,46916.14,180,Decline,Basecamp RV Sales - ECA115,EPIC,CA,Auburn,2026-08-29,,,2024,RV,Used,719,62.34,6.36,S1House,,14,7.49,8000,8000,false,,,8.99,Core,Core,1.27,0,,0,36850,848,Source One Financial Services,CA, mark roberts,0,0,ECA115,Core
253469,mlomedico,11953,120,Auto Approval,Fourwinds RV - IL181,,IL,Maroa,2026-08-29,2026-09-01,,2017,RV,Used,,35.54,2.13,gcoulombe,,4356,10.49,0,1000,false,,,11.49,Core,Core,1.04,0,,0,11500,744,Source One Financial Services,IL, jessica hornickel,1,1,IL181,Core
253448,ccampos,23666.8,180,Auto Approval,RVs R Us LLC -OH136,Canopy Financial,OH,Higginsport,2026-08-29,2026-08-29,,2026,RV,New,750,38.23,2.7,jharrington1,,15,9.49,3000,3000,false,,,10.99,Core,Core,0.8,0,,0,29660,763,Source One Financial Services,OH, mac mclelland,1,1,OH136,Core
253574,eavila,41032.5,180,Decline,Blue Compass RV - San Antonio - TX572,Blue Compass,TX,San Antonio,2026-08-29,,,2027,RV,New,649,42.34,4.84,gott,,6,13.74,6000,6000,false,,,14.74,Silver 1,Silver 1,0.9,0,,0,45624,656,Source One Financial Services,TX, ryan johnson,0,0,TX572,Silver
253292,jharrington1,64655.5,240,Approved,"Amos Motor and RV, INC-OH216",,OH,Bradner,2026-08-29,2026-08-29,,2027,RV,New,730,35.38,4.3,jharrington1,,23,9.24,0,4397,false,,,9.24,Core,Core,0.99,0,,0,65501,737,Source One Financial Services,OH, katie haughawout,1,1,OH216,Core
253421,,10721.42,120,Auto Decline,East Coast RV - PA111,,PA,Bedford,2026-08-29,,,2018,RV,Used,608,30.63,2.28,jharrington1,,0,22.99,8000,8000,false,,,23.99,Bronze,Bronze,0.59,0,,0,18200,598,Source One Financial Services,PA,,0,0,PA111,Business First
253316,mlomedico,72492.58,204,Auto Approval,Airstream of Austin - TX570,Blue Compass,TX,Buda,2026-08-29,2026-09-01,,2017,RV,Used,,41.14,7.89,gott,,4484,11.24,8000,8000,false,,,12.74,Core,Core,0.86,0,,0,84600,684,Source One Financial Services,FL, holly mendez,1,1,TX570,Core
253331,mlomedico,27599.41,180,Auto Decline,A and L RV - Kodak -TN104,,TN,Kodak,2026-08-29,,,2026,RV,New,,47,4.41,jsmith,,94,12.49,2500,2500,false,,,13.49,Silver 1,Silver 1,0.94,0,,0,29395,662,Source One Financial Services,TN, eric seehafer,0,0,TN104,Silver
253557,mlomedico,22556.6,180,Conditional Approval,FUN TOWN RV SAN ANTONIO LP - TX465,Fun Town,TX,CIBOLO,2026-08-29,2026-08-29,,2020,RV,Used,778,19.27,1.94,gott,,7,9.24,1200,1200,false,,,10.74,Core,Core,1.19,0,,0,19000,771,Source One Financial Services,TX, franz grimes,1,1,TX465,Core
253294,thovey,78640.03,240,Auto Approval,PLEASURELAND RV CENTER - WEST SALEM - WI718,Pleasureland,WI,WEST SALEM,2026-08-29,2026-08-29,,2026,RV,New,731,31.59,4.46,S1House,,16,8.99,1000,11150,false,,,10.49,Core,Core,1.12,0,,0,70346,748,Source One Financial Services,WI, sarah krause,1,1,WI718,Core
253442,ccampos,40963.07,144,Auto Approval,GREAT AMERICAN RV SUPERSTORE-HATTIESBURG - MS113,,MS,HATTIESBURG,2026-08-29,2026-08-29,,2026,RV,New,,33.96,7.75,jsmith,,37,9.99,4100,4100,false,,,10.49,Core,Not Applicable,0.86,0,,0,47375,687,Connexus Credit Union,MS, ryan campbell,1,1,MS113,Not Applicable
253538,,249706.85,240,Auto Decline,Motor Home Specialist - TX567,Blue Compass,TX,Alvarado,2026-08-29,,,2026,RV,New,,53.59,25.02,gott,,0,8.99,43500,43500,false,,,10.49,Core,Core,0.91,0,,0,274243,749,Source One Financial Services,TX,,0,0,TX567,Core
253587,ccampos,56352,240,Auto Approval,Smith RV & Marine - ID112,,ID,Idaho Falls,2026-08-29,2026-09-02,,2023,RV,Used,653,4.69,0.66,ljablonoski,,5374,8.99,28000,34000,false,,,9.74,Core,Not Applicable,1,0,,0,56500,710,Connexus Credit Union,MT,,1,1,ID112,Not Applicable
253350,,119766,240,Auto Decline,Optimum RV Inman - SC112,Optimum RV,SC,Inman,2026-08-29,,,2026,RV,New,,42.03,13.13,jsmith,,0,22.99,10000,24000,false,,,23.99,Bronze,Bronze,1.17,0,,0,102794,580,Source One Financial Services,SC,,0,0,SC112,Business First
253375,sbaker,68029.42,204,Auto Approval,Fun Town RV Amarillo - TX508,Fun Town,TX,Amarillo,2026-08-29,2026-08-31,,2026,RV,New,675,21.7,3.58,gott,,2629,10.24,0,5276,false,,,10.99,Core,Core,0.95,0,,0,71949,693,Source One Financial Services,TX, eric adams,1,1,TX508,Core
253345,,43105.35,180,Auto Decline,RV Dynasty - IN177,,IN,Bunker Hill,2026-08-29,,,2026,RV,New,,40.62,12.78,jharrington1,,0,22.99,0,0,false,,,23.99,Bronze,Bronze,0.84,0,,0,51325,618,Source One Financial Services,IN,,0,0,IN177,Business First
253511,thovey,50745.56,180,Decline,Bailey Toliver RV and Truck Country LLC -TX369,,TX,STANTON,2026-08-29,2026-08-29,,2026,RV,New,,52.53,6.82,gott,,99,9.99,2500,2500,false,,,11.49,Core,Core,1.03,0,,0,49226,714,Source One Financial Services,TX, jim barben,0,0,TX369,Core
253467,thovey,21333.46,180,Conditional Approval,CRABTREE RV CENTER INC - AR101,,AR,ALMA,2026-08-29,2026-08-31,,2027,RV,New,,20.56,2.78,jweller,,3035,12.49,2100,2100,false,,,13.49,Silver 1,Silver 1,0.92,0,,0,23096,667,Source One Financial Services,AR, taylor joyce,1,1,AR101,Silver
253420,sflynn,38637.01,180,Booked,SUNRISE MARINE CENTER - AR109,,AR,SEARCY,2026-08-29,2026-09-01,2026-09-01,2012,Boat,Used,,32.35,2.85,jweller,4385,4268,8.99,4300,4300,false,117,0,10.49,Core,Core,1,2318.22,6,0,38630,846,Source One Financial Services,AR, makayla cheatham,1,0,AR109,Core
253297,sflynn,69689.19,240,Booked,Boaters World - Bradenton - FL229,,FL,Bradenton,2026-08-29,2026-09-01,2026-09-01,2027,Boat,New,,20.96,6.29,wstoutimore,4777,4711,9.99,6200,6200,false,21,45,11.49,Core,Core,1.51,4181.35,6,0,46303.44,719,Source One Financial Services,FL, hussein saleh,1,0,FL229,Core
253583,jrubi,52788,180,Decline,Giant RV - Colton - SCA157,Giant RV,CA,Colton,2026-08-29,,,2026,RV,New,,18.05,18.05,jrubi,,2711,8.74,7500,7500,false,,,10.24,Core,Core,0.9,0,,0,58335,773,Source One Financial Services,CA, c.c. lafrades,0,0,SCA157,Core
253362,ccampos,24601.04,144,Decline,Tailwater Marine and Tackle - ETN112,EPIC,TN,Clarksville,2026-08-29,,,2020,Boat,Used,,76.88,9.85,S1House,,10,10.74,1000,1000,false,,,12.24,Core,Core,1.27,0,,0,19355,683,Source One Financial Services,TN, mark roberts,0,0,ETN112,Core
253521,ccampos,25534.12,180,Decline,TRAILER SOURCE INC - CO127,,CO,WHEAT RIDGE,2026-08-29,,,2026,RV,New,,36.89,3.55,dzilberchtein,,5,13.74,0,6000,false,,,14.74,Silver 1,Silver 1,0.94,0,,0,27130,646,Source One Financial Services,CO, jared swell,0,0,CO127,Silver
253488,sflynn,26299,120,Conditional Approval,Wilder RV -MO108,,MO,Clinton,2026-08-29,2026-08-29,,2018,RV,Used,,24.88,11.1,jweller,,19,11.24,15000,15000,false,,,12.74,Core,Core,0.54,0,,0,48800,689,Source One Financial Services,MO, clinton bales,1,1,MO108,Core
253565,thovey,34523.2,180,Decline,"Myers RV Center, Inc - NM105",,NM,Albuquerque,2026-08-29,,,2026,RV,New,611,60.17,4.78,edominguez,,15,10.24,0,0,false,,,11.99,Core,Core,0.97,0,,0,35581,699,Source One Financial Services,NM, scott pierce,0,0,NM105,Core
253508,ccampos,21975.3,180,Booked,Olathe Ford Sales INC-KS127,,KS,Gardner,2026-08-29,2026-09-01,2026-09-02,2023,RV,Used,,30.32,1.72,jweller,5978,4148,10.49,2100,2100,false,1801,29,11.99,Core,Core,0.92,1318.52,6,0,23900,700,Source One Financial Services,KS, dan hill,1,0,KS127,Core
253477,mlomedico,20245,120,Auto Approval,Blue Compass RV - North Myrtle Beach - SC137,Blue Compass,SC,North Myrtle Beach,2026-08-29,2026-08-29,,2011,RV,Used,767,46.45,1.84,jsmith,,10,8.99,8500,8500,false,,,10.49,Core,Core,0.88,0,,0,23050,819,Source One Financial Services,SC, adam dix,1,1,SC137,Core
253456,mlomedico,53966.3,180,Decline,Campers Inn - Ocala - FL158,Campers Inn,FL,Ocala,2026-08-29,2026-08-31,,2014,RV,Used,,46.15,17.73,pcarter,,4129,8.99,0,0,false,,,10.49,Core,Core,1.07,0,,0,50652,864,Source One Financial Services,FL, scott mckeever,0,0,FL158,Core
253305,mlomedico,44590.1,180,Auto Approval,Liberty Trail RV - TX407,,TX,VALLEY VIEW,2026-08-29,2026-08-29,,2026,RV,New,,32.38,4.24,gott,,30,9.49,0,0,false,,,10.99,Core,Core,1.09,0,,0,41009,751,Source One Financial Services,LA, stanley mccracken,1,1,TX407,Core
253584,jrubi,54569,240,Decline,La Mesa RV Center - San Diego - SCA161,La Mesa,CA,San Diego,2026-08-29,,,2021,RV,Used,670,30.63,2.98,jrubi,,51,13.24,0,16809,false,,,14.24,Silver 1,Silver 1,1.02,0,,0,53708,662,Source One Financial Services,CA, sam gammo,0,0,SCA161,Silver
253484,rsimmons,18235.16,144,Booked,Rocky Ridge RV - Nacogdoches - TX525,Rocky Ridge,TX,Nacogdoches,2026-08-29,2026-09-01,2026-09-01,2023,RV,Used,740,13.66,1.18,gott,4350,4327,7.99,5000,5000,false,22,1,6.99,Core,Core,1.05,182.35,1,0,17300,824,Source One Financial Services,TX, kolten archuleta,1,0,TX525,Core
253498,mnava,52062,240,Verifications Incomplete,I-70 RV CENTER - MO200,,MO,WILLIAMSBURG,2026-08-29,2026-09-02,,2026,RV,New,706,34.33,8.99,jweller,,5893,9.99,500,8100,false,,1515,11.49,Core,Core,1.12,3123.72,6,0,46679,708,Source One Financial Services,MO, gina meyer,1,1,MO200,Core
253429,mlomedico,32494.21,240,Decline,Blue Compass RV - Seguin - TX573,Blue Compass,TX,Sequin,2026-08-29,,,2025,RV,Used,,11.04,4.38,gott,,9,12.49,5000,5000,false,,,13.49,Silver 1,Silver 1,0.85,0,,0,38390,667,Source One Financial Services,TX, gus ponce,0,0,TX573,Silver
253482,mlomedico,42517.27,240,Auto Approval,Blue Compass RV - Post Falls - ID123,Blue Compass,ID,Post Falls,2026-08-29,2026-08-29,,2026,RV,New,758,31.03,3.98,ljablonoski,,44,7.99,10000,9250.47,false,,,9.49,Core,Core,1.3,0,,0,32819.8,800,Source One Financial Services,ID, alan harvey,1,1,ID123,Core
253395,,52999.3,240,Auto Decline,Blue Compass RV - Albuquerque - NM112,Blue Compass,NM,Albuquerque,2026-08-29,,,2026,RV,New,,22.09,3.25,edominguez,,0,7.49,5000,950,false,,,8.99,Core,Core,1.24,0,,0,42788,872,Source One Financial Services,NM,,0,0,NM112,Core
253397,mlomedico,48438.92,180,Decline,BISH'S RV - INDIANAPOLIS - IN199,Bish's RV,IN,ANDERSON,2026-08-29,,,2021,RV,Used,617,46.63,7.47,jharrington1,,6,14.49,0,15000,false,,,15.49,Silver 1,Silver 1,0.93,0,,0,52250,649,Source One Financial Services,IN, chad knight,0,0,IN199,Silver
253434,ccampos,69995,240,Conditional Approval,COUNTY LINE CAMPERS - MS108,,MS,GULFPORT,2026-08-29,2026-08-29,,2026,RV,New,,32.15,4.37,jsmith,,19,9.99,27050,27050,false,,,11.49,Core,Core,0.74,0,,0,94342,700,Source One Financial Services,TX,,1,1,MS108,Core
253320,eavila,19272.65,120,Approved,Lightnin RV Rental and Sales - GA149,,GA,Lawrenceville,2026-08-29,2026-08-29,,2024,RV,Used,743,29.6,1.29,jsmith,,18,8.74,0,0,false,,,10.24,Core,Core,1.01,0,,0,19100,778,Source One Financial Services,GA, cody pruitt,1,1,GA149,Core
253579,jrubi,37784.94,204,Auto Approval,Blue Compass RV - Albuquerque - NM112,Blue Compass,NM,Albuquerque,2026-08-29,2026-08-31,,2027,RV,New,683,11.68,4.91,edominguez,,2745,9.49,5000,5000,false,,,10.99,Core,Core,0.98,0,,0,38672,741,Source One Financial Services,NM, derrick brennan,1,1,NM112,Core
253490,thovey,101630.02,180,Decline,MARINE CONNECTION - FL173,,FL,WEST PALM BEACH,2026-08-29,,,2025,Boat,Used,,29.75,8.84,pcarter,,61,12.49,20000,20000,false,,,13.49,Silver 1,Not Applicable,0.99,0,,0,102250,673,Connexus Credit Union,FL, arianne buel,0,0,FL173,Not Applicable
253458,ccampos,23660,180,Decline,Blue Compass RV - Springfield - MO229,Blue Compass,MO,Strafford,2026-08-29,,,2017,RV,Used,,20.28,9.4,jweller,,54,13.74,3000,3000,false,,,14.74,Silver 1,Silver 1,0.93,0,,0,25355,665,Source One Financial Services,MO, blaine sherrill,0,0,MO229,Silver
253524,sflynn,89913.22,180,Conditional Approval,OPTIMUM RV OCALA - FL162,Optimum RV,FL,OCALA,2026-08-29,2026-08-29,,2016,RV,Used,758,18.25,14.47,pcarter,,13,8.49,2000,22000,false,,,9.99,Core,Core,0.94,0,,0,95736,828,Source One Financial Services,FL, michael buskey,1,1,FL162,Core
253485,sflynn,39000,180,Conditional Approval,CAMPERS INN RV OF RALEIGH INC - NC109,Campers Inn,NC,SELMA,2026-08-29,2026-08-29,,2024,RV,Used,692,22.98,2.14,jsmith,,12,9.99,2000,2000,false,,,11.49,Core,Core,0.89,0,,0,43650,710,Source One Financial Services,NC, tressa row,1,1,NC109,Core
253571,mnava,25256.2,144,Booked,MY RV SD - SCA112,,CA,EL CAJON,2026-08-29,2026-08-30,2026-08-31,2020,RV,Used,,9.2,3.8,jrubi,3234,1273,9.99,5000,5000,false,4,1957,7.39,Core,Core,1.15,252.56,1,0,22000,744,Source One Financial Services,CA,,1,0,SCA112,Core
253423,eavila,21500,144,Auto Approval,DeMontrond RV - Texas City - TX514,,TX,Texas city,2026-08-29,2026-08-29,,2027,RV,New,,34.57,1.75,gott,,71,7.49,0,3000,false,,,8.99,Core,Core,0.8,0,,0,26876,831,Source One Financial Services,TX, shedrick donnette,1,1,TX514,Core
253299,eavila,71073.75,240,Decline,CAMPERS INN RV OF RALEIGH INC - NC109,Campers Inn,NC,SELMA,2026-08-29,,,2027,RV,New,829,17.19,8.91,jsmith,,39,13.74,6000,6000,false,,,14.74,Silver 1,Silver 1,0.92,0,,0,77473,646,Source One Financial Services,NC, tressa row,0,0,NC109,Silver
253325,sbaker,33161.17,180,Decline,Ron Hoover - Odessa - TX495,Ron Hoover,TX,Odessa,2026-08-29,,,2026,RV,New,,21.06,3.29,gott,,7,10.24,3300,3300,false,,,11.74,Core,Core,1.3,0,,0,25550.85,686,Source One Financial Services,TX, leo correa,0,0,TX495,Core
253450,eavila,27341.57,204,Decline,Blue Compass RV - South Beumont - TX551,Blue Compass,TX,Vidor,2026-08-29,,,2027,RV,New,679,21.45,2.38,gott,,40,13.74,1000,1000,false,,,14.74,Silver 1,Silver 1,1.04,0,,0,26358,660,Source One Financial Services,LA, leah sligar,0,0,TX551,Silver
253302,sbaker,61635.46,180,Auto Approval,Maxie Price RV - GA161,,GA,Loganville,2026-08-29,2026-08-29,,2027,RV,New,852,21.61,3.52,jsmith,,10,7.49,5000,5608,false,,,8.99,Core,Core,0.96,0,,0,64025,858,Source One Financial Services,GA, matt eaton,1,1,GA161,Core
253424,mlomedico,27128.68,180,Decline,Campers Inn RV of Knoxville E - TN160,Campers Inn,TN,Knoxville,2026-08-29,,,2027,RV,New,,49.51,7.93,jsmith,,7,22.99,10000,10000,false,,,23.99,Core,Core,0.83,0,,0,32855,718,Source One Financial Services,TN, radu puraci,0,0,TN160,Core
253441,mlomedico,10104,120,Auto Approval,Trailer Source Inc - Wheat Ridge - CO164,,CO,Wheat Ridge,2026-08-29,2026-08-29,,2020,RV,Used,,32.55,1.7,dzilberchtein,,8,10.24,1100,1100,false,,,11.74,Core,Core,1.09,0,,0,9300,723,Source One Financial Services,CO, ray rivera,1,1,CO164,Core
253306,sbaker,128294,240,Auto Approval,MarineMax - Greenville - SC153,Marine Max,SC,Greenville,2026-08-29,2026-08-29,,2027,Boat,New,,36.08,5.16,S1House,,36,8.74,15000,-3400,false,,,10.24,Core,Core,1.24,0,,0,103434,773,Source One Financial Services,SC, brandon debose,1,1,SC153,Core
253319,thovey,64483.75,240,Decline,Miles RV Center - NC165,,NC,Hendersonville,2026-08-29,,,2023,RV,Used,,29.15,7.02,jsmith,,5,14.49,14000,14000,false,,,15.49,Silver 1,Silver 1,0.71,0,,0,91135,645,Source One Financial Services,NC, jevon bryant,0,0,NC165,Silver
253336,,90163.65,240,Auto Decline,Action Water Sports Texas-ETX125,EPIC,TX,Lewisville,2026-08-29,,,2021,Boat,Used,,64.68,13.36,S1House,,2854,14.49,0,0,false,,,15.49,Silver 1,Silver 1,1.28,0,,0,70510,655,Source One Financial Services,TX, brett light,0,0,ETX125,Silver
253354,thovey,43947.78,180,Decline,ROTH RV - BEMIDJI - MN168,,MN,BEMIDJI,2026-08-29,,,2027,RV,New,,46.56,9.05,S1House,,8,13.74,5000,16500,false,,,14.74,Silver 1,Silver 1,0.9,0,,0,48900,655,Source One Financial Services,MN, tracy perpich,0,0,MN168,Silver
253478,,28540.79,180,Auto Decline,Fun Town RV Amarillo - TX508,Fun Town,TX,Amarillo,2026-08-29,,,2026,RV,New,,55.17,6.09,gott,,0,22.99,3000,3000,false,,,23.99,Bronze,Bronze,0.87,0,,0,32863,618,Source One Financial Services,TX,,0,0,TX508,Business First
253309,sflynn,41864,180,Decline,Jimmy Jones Polaris - ESC120,EPIC,SC,Orangeburg,2026-08-29,,,2026,Boat,New,,56.91,8.94,S1House,,5,9.74,0,0,false,,,11.24,Core,Core,1.07,0,,0,39175,732,Source One Financial Services,SC, brett light,0,0,ESC120,Core
253388,,25487.61,144,Auto Decline,Liberty Trail RV - Sulphur Springs - TX580,,TX,Sulphur Springs,2026-08-29,,,2021,RV,Used,,60.14,9.1,gott,,0,14.49,2600,2600,false,,,15.49,Silver 1,Silver 1,1.26,0,,0,20250,642,Source One Financial Services,TX,,0,0,TX580,Silver
253366,thovey,48947.78,180,Auto Approval,ROTH RV - BEMIDJI - MN168,,MN,BEMIDJI,2026-08-29,2026-08-29,,2027,RV,New,655,36.85,3.26,S1House,,21,8.74,0,11500,false,,,10.24,Core,Core,1,0,,0,48900,765,Source One Financial Services,MN, tracy perpich,1,1,MN168,Core
253275,rsimmons,44471.01,240,Decline,OPTIMUM RV OCALA - FL162,Optimum RV,FL,OCALA,2026-08-29,,,2025,RV,New,,24.02,11.52,pcarter,,72,9.49,4000,4000,false,,,10.99,Core,Core,0.94,0,,0,47440,753,Source One Financial Services,FL, michael buskey,0,0,FL162,Core
253263,rsimmons,44471.01,240,Decline,OPTIMUM RV OCALA - FL162,Optimum RV,FL,OCALA,2026-08-29,,,2025,RV,New,519,24.4,5.62,pcarter,,92,9.49,4000,4000,false,,,10.99,Core,Core,0.94,0,,0,47440,753,Source One Financial Services,FL, michael buskey,0,0,FL162,Core
253369,sbaker,40379.92,180,Verifications Incomplete,Boaters World - South GA - GA162,,GA,Americus,2026-08-29,2026-09-03,,2026,Boat,New,,6.83,6.83,jsmith,,7467,10.24,4500,4500,false,,1,11.74,Core,Core,1.18,2422.8,6,0,34356.24,689,Source One Financial Services,GA, kyle west,1,1,GA162,Core
253457,mnava,31081.53,180,Decline,BAILEY TOLIVER RV - VICTORIA - TX472,,TX,VICTORIA,2026-08-29,,,2027,RV,New,,50.27,4.62,gott,,17,10.24,5000,5000,false,,,11.74,Core,Core,0.87,0,,0,35916,695,Source One Financial Services,TX, jake boots,0,0,TX472,Core
253464,ccampos,9317.73,144,Conditional Approval,Campers Inn - Ocala - FL158,Campers Inn,FL,Ocala,2026-08-29,2026-08-29,,2018,RV,Used,,36.47,1.26,pcarter,,22,14.99,3400,3400,false,,,15.99,Silver 1,Silver 1,1.19,0,,0,7850,647,Source One Financial Services,FL, scott mckeever,1,1,FL158,Silver
253383,ccampos,25983.33,180,Decline,AIRPORT MARINE INC - AL102,,AL,ALABASTER,2026-08-29,,,2019,Boat,Used,,5.1,5.1,jsmith,,27,10.74,11700,11700,false,,,12.24,Core,Not Applicable,1.05,0,,0,24800,740,Connexus Credit Union,AL, kenneth hollis,0,0,AL102,Not Applicable
253379,mlomedico,44735,180,Auto Decline,Bell Camper Sales - OK127,,OK,Bartlesville,2026-08-29,,,2026,RV,New,,50.43,15.89,jweller,,42,13.74,5000,5000,false,,,14.74,Silver 1,Silver 1,1.27,0,,0,35363,648,Source One Financial Services,OK,,0,0,OK127,Silver
253399,rsimmons,51014.83,240,Decline,SCENIC VIEW RV - VA109,,VA,WEST POINT,2026-08-29,,,2026,RV,New,,28.06,7.29,jsmith,,5,9.74,5300,5300,false,,,11.24,Core,Core,1.02,0,,0,50055,738,Source One Financial Services,VA, nick bollhorst,0,0,VA109,Core
253573,eavila,67059.39,240,Approved,Blue Compass RV - Austin - TX522,Blue Compass,TX,Buda,2026-08-29,2026-08-29,,2027,RV,New,,31.55,0.49,gott,,21,10.24,58950,58950,false,,,11.74,Core,Core,0.49,0,,0,136075,681,Source One Financial Services,TX, abel lopez,1,1,TX522,Core
253376,sflynn,24401,180,Conditional Approval,Miles RV Center - NC165,,NC,Hendersonville,2026-08-29,2026-08-29,,2027,RV,New,,44.82,5.96,jsmith,,14,11.24,22000,26500,false,,,12.24,Core,Core,0.51,0,,0,47826,685,Source One Financial Services,SC, jevon bryant,1,1,NC165,Core
253328,sflynn,34343,180,Auto Approval,General RV - Fort Myers - FL240,General RV,FL,Fort Myers,2026-08-29,2026-08-31,,2027,RV,New,,35.78,9.93,wstoutimore,,2832,9.74,6000,6000,false,,,11.24,Core,Core,0.95,0,,0,36170,737,Source One Financial Services,FL, dustin knaggs,1,1,FL240,Core
253380,mnava,54224,240,Decline,Giant RV - Montclair - SCA155,Giant RV,CA,Montclair,2026-08-29,,,2022,RV,Used,601,30.92,3.93,jrubi,,98,14.49,12000,12000,false,,,15.49,Silver 1,Silver 1,0.92,0,,0,58850,643,Source One Financial Services,CA, julio sanchez,0,0,SCA155,Silver
253520,mlomedico,32438.28,180,Booked,GARLANDS RV OF TENNESSEE - TN122,,TN,SPRINGVILLE,2026-08-29,2026-08-31,2026-08-31,2027,RV,New,,13.69,3.67,jsmith,2899,2524,8.74,20000,20000,false,374,1,10.24,Core,Core,0.68,1946.3,6,0,47751,765,Source One Financial Services,TN, howard willis,1,0,TN122,Core
253589,jrubi,12045.48,144,Approved,Blue Compass RV - Palm Desert - SCA166,Blue Compass,CA,Palm Desert,2026-08-29,2026-08-30,,2026,RV,New,689,31.01,1.35,jrubi,,909,9.99,3900,3900,false,,,11.49,Core,Core,0.57,0,,0,21159,704,Source One Financial Services,CA, chayse pauser,1,1,SCA166,Core
253403,mnava,36230.8,180,Booked,GIBBS OUTDOOR and RECREATION - TX454,,TX,WACO,2026-08-29,2026-08-31,2026-09-02,2026,RV,New,,43.14,4.53,gott,5847,2851,10.24,3300,3300,false,2723,273,11.74,Core,Core,1.27,2173.85,6,0,28505,699,Source One Financial Services,TX, colby longenbaugh,1,0,TX454,Core
253337,thovey,40539.23,180,Decline,DADS CAMPER OUTLET - LUCEDALE - MS102,,MS,LUCEDALE,2026-08-29,,,2026,RV,New,676,17.89,6.65,jsmith,,7,10.24,4500,4500,false,,,11.74,Core,Core,1.01,0,,0,40119,683,Source One Financial Services,MS, ricky arnaud,0,0,MS102,Core
253368,mlomedico,21581,144,Booked,Tulsa RV Outlet Center - OK108,,OK,TULSA,2026-08-29,2026-08-29,2026-09-01,2018,RV,Used,,25.11,7.37,jweller,4599,78,8.49,2000,2000,false,4503,18,9.99,Core,Core,1.22,1294.86,6,0,17750,807,Source One Financial Services,OK, david digiovanni,1,0,OK108,Core
253483,mnava,89566.29,240,Booked,Fun Town RV-Denton -TX322,Fun Town,TX,Denton,2026-08-29,2026-08-31,2026-08-31,2026,RV,New,,43.87,6.96,gott,3233,3200,7.99,2000,9000,false,33,0,9.49,Core,Core,1.1,5373.98,6,0,81690,792,Source One Financial Services,TX, douglas santos,1,0,TX322,Core
253352,rsimmons,17613,144,Decline,GARLANDS RV OF TENNESSEE - TN122,,TN,SPRINGVILLE,2026-08-29,,,2017,RV,Used,,47.96,6.28,jsmith,,2,10.49,2000,2000,false,,,11.99,Core,Core,1.68,0,,0,10500,753,Source One Financial Services,TN, pat hayes,0,0,TN122,Core
253300,rsimmons,51413.67,240,Booked,General RV Center - Salisbury - NC137,General RV,NC,Salisbury,2026-08-29,2026-08-31,2026-08-31,2021,RV,Used,,21.9,11.05,jsmith,3281,3242,10.24,5000,5000,false,38,1,11.49,Core,Core,1.16,2570.68,5,0,44235,734,Source One Financial Services,NC, muhanad malka,1,0,NC137,Core
253532,sflynn,15006.64,144,Auto Approval,Jeff England Motor Co Inc -TX328,,TX,Cleburne,2026-08-29,2026-09-03,,2022,RV,Used,617,29.58,1.28,gott,,7314,13.24,2000,2000,false,,,14.24,Silver 1,Silver 1,1,0,,0,15050,667,Source One Financial Services,TX,,1,1,TX328,Silver
253402,mlomedico,18973.31,144,Booked,BLUE COMPASS RV INDIANAPOLIS-IN206,Blue Compass,IN,INDIANAPOLIS,2026-08-29,2026-08-31,2026-08-31,2026,RV,New,,21.81,7.37,jharrington1,3277,2668,7.99,0,0,false,609,0,9.49,Core,Core,0.92,1138.4,6,0,20619,793,Source One Financial Services,IN, ron hamilton,1,0,IN206,Core
253569,thovey,8583.46,96,Decline,Blue Compass RV - Seguin - TX573,Blue Compass,TX,Sequin,2026-08-29,,,2018,RV,Used,,29.15,1.06,gott,,11,12.99,5500,5500,false,,,13.49,Core,Core,0.82,0,,0,10500,683,Source One Financial Services,TX, gabe calderon,0,0,TX573,Core
253322,mlomedico,76899,180,Verifications Incomplete,Rocky Ridge RV of Van Buren - AR115,Rocky Ridge,AR,Van Buren,2026-08-29,2026-09-02,,2022,RV,Used,,21.5,4.6,jweller,,5875,7.99,0,0,false,,4,8.99,Core,Core,1.29,3075.96,4,0,59600,871,Source One Financial Services,AR,,1,1,AR115,Core
253298,sbaker,24166,180,Decline,Andalusia Marine & Powersports - AL173,RDS,AL,Andalusia,2026-08-29,,,2027,Boat,New,,25.15,6.92,jsmith,,29,13.74,2370,2370,false,,,14.74,Silver 1,Silver 1,1.17,0,,0,20700,649,Source One Financial Services,FL, andy krier,0,0,AL173,Silver
253411,,35456.79,180,Auto Decline,Optimum RV Bushnell - FL163,Optimum RV,FL,Bushnell,2026-08-29,,,2022,RV,Used,,44.97,6.39,wstoutimore,,0,15.74,4000,4000,false,,,16.74,Silver 2,Silver 2,0.7,0,,0,50395,624,Source One Financial Services,FL,,0,0,FL163,Silver
253391,rsimmons,31384.07,144,Decline,OPTIMUM RV OCALA - FL162,Optimum RV,FL,OCALA,2026-08-29,,,2025,RV,Used,,25.91,2.57,pcarter,,2,10.24,1500,1500,false,,,11.74,Core,Core,1.16,0,,0,26985,695,Source One Financial Services,FL, lauren freeland,0,0,FL162,Core
253425,rsimmons,16328.39,144,Decline,Ashley Marine - Panama City -  FL255,,FL,Panama City,2026-08-29,,,2026,Boat,Used,753,32.41,3.63,wstoutimore,,8,9.74,3000,3000,false,,,11.24,Core,Core,1.09,0,,0,15000,736,Source One Financial Services,FL, amy silas,0,0,FL255,Core
253313,mlomedico,51731,240,Decline,FOUR SEASONS RV - KS122,,KS,ABILENE,2026-08-29,,,2026,RV,New,,11,9.23,jweller,,69,9.99,10000,10000,false,,,11.49,Core,Not Applicable,0.85,0,,0,61003,707,Connexus Credit Union,WY, travis purser,0,0,KS122,Not Applicable
253528,mlomedico,152114.94,240,Approved,CAMPERS INN RV OF ACWORTH - GA123,Campers Inn,GA,ACWORTH,2026-08-29,2026-08-29,,2026,RV,New,727,48.97,9.3,jsmith,,33,7.24,0,22995,false,,,8.74,Core,Core,1.19,0,,0,127942.57,810,Source One Financial Services,GA, matthew martinez,1,1,GA123,Core
253500,ccampos,36621.77,180,Decline,Ron Hoover - Lubbock - TX499,Ron Hoover,TX,Slaton,2026-08-29,,,2019,RV,Used,,37.43,4.54,gott,,29,10.99,4000,4000,false,,,12.49,Core,Not Applicable,1.1,0,,0,33200,707,Connexus Credit Union,TX, jon vidaure,0,0,TX499,Not Applicable
253276,thovey,14703.34,120,Auto Approval,KUNES STOUGHTON RV INC - WI713,KunesRV,WI,DEFOREST,2026-08-29,2026-08-29,,2021,RV,Used,,11.76,2.08,S1House,,190,9.99,5000,5000,false,,,11.49,Core,Core,1.23,0,,0,11950,760,Source One Financial Services,WI, taylor moore,1,1,WI713,Core
253563,eavila,25065.31,180,Approved,Open Road RV Center - Monroe - WA156,,WA,Monroe,2026-08-29,2026-08-29,,2022,RV,Used,868,40.48,3.65,ljablonoski,,16,7.99,30000,40000,false,,,9.49,Core,Core,0.42,0,,0,59792,880,Source One Financial Services,WA, nichole stephenson,1,1,WA156,Core
253534,ccampos,17898,60,Decline,RV South LLC - GA160,,GA,Sylvester,2026-08-29,,,2026,RV,New,,52.02,8.19,jsmith,,13,9.74,0,0,false,,,11.24,Core,Core,0.84,0,,0,21284,721,Source One Financial Services,GA, trace abraham,0,0,GA160,Core
253357,rsimmons,23172.25,180,Decline,"CSRA Camperland, Inc - GA159",,GA,Martinez,2026-08-29,,,2026,RV,New,,47.99,3.05,jsmith,,10,12.49,2500,2500,false,,,13.49,Silver 1,Silver 1,1.04,0,,0,22327,664,Source One Financial Services,GA, phillip price,0,0,GA159,Silver
253567,eavila,17345.08,144,Decline,Open Road RV Center - Monroe - WA156,,WA,Monroe,2026-08-29,,,2012,RV,Used,,58.48,5.33,ljablonoski,,17,8.99,1500,1500,false,,,10.49,Core,Core,1.02,0,,0,16950,818,Source One Financial Services,WA, nichole stephenson,0,0,WA156,Core
253282,eavila,46459.79,204,Auto Approval,BLUE COMPASS RV - CORPUS CHRISTI - TX459,Blue Compass,TX,CORPUS CHRISTI,2026-08-29,2026-08-29,,2024,RV,Used,,7.55,7.07,gott,,96,13.74,6000,6000,false,,,14.74,Silver 1,Silver 1,0.96,0,,0,48250,657,Source One Financial Services,TX, elisa escamilla,1,1,TX459,Silver
253266,,30865.74,180,Auto Decline,FUN TOWN RV CONROE -TX400,Fun Town,TX,CONROE,2026-08-29,,,2026,RV,New,,19.18,8.34,gott,,0,22.99,0,0,false,,,23.99,Bronze,Bronze,1.02,0,,0,30136,,Source One Financial Services,TX,,0,0,TX400,Business First
253422,ccampos,73538.88,180,Decline,RV STATION LLC - COLBERT - OK125,,OK,COLBERT,2026-08-29,,,2026,RV,New,,15.85,7.29,jweller,,42,10.24,4000,11000,false,,,11.74,Core,Not Applicable,1.11,0,,0,66205,693,Connexus Credit Union,LA, calvin parrish,0,0,OK125,Not Applicable
253333,sbaker,36357.32,180,Auto Approval,Boaters World - South GA - GA162,,GA,Americus,2026-08-29,2026-08-29,,2026,Boat,New,,16.18,6.18,jsmith,,63,10.24,4500,4500,false,,,11.74,Core,Core,1.15,0,,0,31735.1,696,Source One Financial Services,GA, kyle west,1,1,GA162,Core
253311,sflynn,110269.88,180,Auto Approval,RV Station LTD - Donna -TX289,,TX,Donna,2026-08-29,2026-09-01,,2027,RV,New,,29.4,10.77,gott,,4266,8.74,4700,19700,false,,,10.24,Core,Core,1.15,0,,0,95595,763,Source One Financial Services,TX, sonia leal,1,1,TX289,Core
253476,,32465,180,Auto Decline,Fun Town RV-Waller -TX539,Fun Town,TX,Waller,2026-08-29,,,2026,RV,New,664,22.32,5.19,gott,,0,12.49,3000,3000,true,,,14.49,Business First,Business First,0.92,0,,0,35465,,Source One Financial Services,TX,,0,0,TX539,Business First
253324,rsimmons,18571.56,144,Auto Approval,CAMPERS INN RV OF JACKSONVILLE NORTH - FL159,Campers Inn,FL,JACKSONVILLE,2026-08-29,2026-08-29,,2020,RV,Used,,47.08,1.51,pcarter,,16,10.24,650,650,false,,,11.74,Core,Core,1.23,0,,0,15050,740,Source One Financial Services,FL, jeff crane,1,1,FL159,Core
253577,Jhill,125837.51,240,Auto Approval,BLUE COMPASS RV - BOERNE - TX422,Blue Compass,TX,Boerne,2026-08-29,2026-08-31,,2026,RV,New,,33.53,5.04,gott,,2357,8.99,13000,13000,false,,,10.49,Core,Core,0.94,0,,0,133464,742,Source One Financial Services,TX, joshua hunter,1,1,TX422,Core
253291,sflynn,20005.81,180,Auto Approval,Intercoastal Financial Group LLC - 17401746,IFG,FL,Vero Beach,2026-08-29,2026-09-01,,2020,Boat,Used,,37,1.94,S1House,,4672,10.74,1250,1250,false,,,11.99,Core,Core,0.82,0,,0,24310,691,Source One Financial Services,CA, stephen jolles,1,1,17401746,Core
253463,thovey,14401,144,Decline,Tulsa RV Outlet Center - OK108,,OK,TULSA,2026-08-29,,,2014,RV,Used,,55.7,3.3,jweller,,6,10.99,2000,2000,false,,,12.49,Core,Core,1.04,0,,0,13830,745,Source One Financial Services,OK, david digiovanni,0,0,OK108,Core
253438,sbaker,41231.74,180,Conditional Approval,OPTIMUM RV TX LLC - Robstown - TX481,Optimum RV,TX,ROBSTOWN,2026-08-29,2026-08-29,,2027,RV,New,,13.35,5.85,gott,,151,8.99,2000,2000,false,,,9.74,Core,Not Applicable,0.98,0,,0,41887,712,Connexus Credit Union,TX, cade hall,1,1,TX481,Not Applicable
253400,eavila,22030.3,204,Approved,Midwest RV Center -MO114,,MO,St Louis,2026-08-29,2026-08-29,,2022,RV,Used,877,31.61,2.87,jweller,,10,7.99,10000,10000,false,,,9.74,Core,Core,0.82,0,,0,26950,863,Source One Financial Services,MO, randy starkey,1,1,MO114,Core
253416,,170705.03,240,Auto Decline,CAMPING NATION RVS LLC - AZ322,,AZ,MESA,2026-08-29,,,2017,RV,Used,,73.37,25.66,edominguez,,0,8.99,0,0,false,,,10.49,Core,Core,1.03,0,,0,166050,794,Source One Financial Services,AZ,,0,0,AZ322,Core
253323,thovey,90859.65,240,Decline,Blue Compass RV - Oklahoma City - OK158,Blue Compass,OK,Norman,2026-08-29,,,2027,RV,New,,49.17,14.01,jweller,,6,22.99,8000,10500,false,,,23.99,Silver 1,Silver 1,1.16,0,,0,78256,644,Source One Financial Services,TX, jacqueline armendariz,0,0,OK158,Silver
253553,thovey,101820.21,240,Decline,Liberty RV-MO107,,MO,Liberty,2026-08-29,,,2027,RV,New,782,32.77,11.24,jweller,,20,7.74,0,15607.79,false,,,9.24,Core,Core,1.14,0,,0,89138,798,Source One Financial Services,KS, shawn wiegers,0,0,MO107,Core
253269,rsimmons,11460.75,144,Booked,Dalton RV LLC-AR132,Warrior Performance,AR,Morrilton,2026-08-29,2026-08-31,2026-08-31,2015,RV,Used,626,8.68,1.57,jweller,3679,3637,11.24,0,0,false,40,2,12.74,Core,Core,1.33,687.64,6,0,8600,748,Source One Financial Services,AR, jimmy orapello,1,0,AR132,Core
253559,thovey,28614.45,120,Decline,Holiday World of Houston -TX195,,TX,Katy,2026-08-29,,,2018,RV,Used,730,35.23,3.09,gott,,2419,10.74,10000,10000,false,,,12.24,Core,Not Applicable,0.76,0,,0,37410,736,Connexus Credit Union,TX, troy derks,0,0,TX195,Not Applicable
253594,jrubi,83496.63,240,Booked,Giant RV - Colton - SCA157,Giant RV,CA,Colton,2026-08-29,2026-08-31,2026-08-31,2025,RV,Used,695,30.98,6.72,jrubi,3025,2986,9.49,7000,7000,false,10,29,10.74,Core,Core,1.06,4174.83,5,0,78802,747,Source One Financial Services,CA, lynn johnson,1,0,SCA157,Core
253546,,25766.42,180,Auto Decline,Blue Compass RV - St. Augustine - FL339,Blue Compass,FL,ST. AUGUSTINE,2026-08-29,,,2027,RV,New,,58.04,6.36,pcarter,,0,22.99,4500,4500,false,,,23.99,Bronze,Bronze,0.83,0,,0,30954,588,Source One Financial Services,FL,,0,0,FL339,Business First
253512,sbaker,24065.57,204,Conditional Approval,Blue Compass RV - Greensboro - NC155,Blue Compass,NC,Colfax,2026-08-29,2026-08-29,,2024,RV,Used,,21.9,4.14,jsmith,,19,9.49,3000,3000,false,,,10.99,Core,Core,0.72,0,,0,33250,759,Source One Financial Services,NC, karson hornung,1,1,NC155,Core
253355,eavila,62921.77,240,Decline,Ashley Marine LLC - Stapleton - AL168,,AL,Stapleton,2026-08-29,,,2026,Boat,New,,60.82,8.65,jsmith,,2,10.24,0,0,false,,,11.74,Core,Core,0.97,0,,0,64787,688,Source One Financial Services,AL, joey hawkins,0,0,AL168,Core
253281,thovey,46745.32,180,Auto Approval,Bama RV - Opelika - AL151,,AL,Opelika,2026-08-29,2026-08-29,,2026,RV,New,667,36.11,3.93,jsmith,,57,12.49,30000,30000,false,,,13.49,Silver 1,Silver 1,0.69,0,,0,67458,673,Source One Financial Services,AL, kevin horne,1,1,AL151,Silver
253398,sbaker,19633.17,144,Pending,ARROWHEAD BOAT SALES/ARROWHEAD YACHT CLUB - OK103,,OK,KETCHUM,2026-08-29,2026-08-29,,2017,Boat,Used,,21.49,3.21,jweller,,15,9.74,10000,10000,false,,,11.24,Core,Core,0.65,0,,0,30230,762,Source One Financial Services,OK, matthew jacob,0,0,OK103,Core
253371,rsimmons,26159.03,180,Decline,CAMPERS INN OF LEESBURG - FL156,Campers Inn,FL,FRUITLAND PARK,2026-08-29,,,2024,RV,Used,,17.66,4.26,pcarter,,14,9.49,2630,2630,false,,,10.99,Core,Core,0.77,0,,0,34150,750,Source One Financial Services,FL, catherine baum,0,0,FL156,Core
253271,rsimmons,80552.11,240,Auto Approval,American Marine - Chippewa Falls - WI732,,WI,Chippewa Falls,2026-08-29,2026-09-01,,2026,Boat,New,736,21.09,1.78,S1House,,4943,10.24,5000,18623,false,,,11.74,Core,Core,1.25,0,,0,64438,692,Source One Financial Services,MN, bryan sorensen,1,1,WI732,Core
253330,mnava,53631.2,240,Decline,General RV - Fort Pierce - FL235,General RV,FL,Fort Pierce,2026-08-29,,,2026,RV,New,,37.34,5.09,pcarter,,15,13.74,3500,3500,false,,,14.74,Silver 1,Silver 1,0.95,0,,0,56230,652,Source One Financial Services,SC, michael dimatteo,0,0,FL235,Silver
253286,thovey,57102,240,Decline,Bradford Marine & ATV-Rogers - AR145,Bradford Marine,AR,Rogers,2026-08-29,,,2026,Boat,New,641,50.5,5.59,jweller,,8,13.74,1200,5990,false,,,14.74,Silver 1,Silver 1,1.46,0,,0,39218,644,Source One Financial Services,AR, david sturgis,0,0,AR145,Silver
253285,ccampos,81773.98,240,Auto Approval,CAMPERS INN RV OF CONWAY - SC111,Campers Inn,SC,CONWAY,2026-08-29,2026-09-01,,2026,RV,New,,48.85,5.27,jsmith,,4446,9.24,8000,8551.27,false,,,10.74,Core,Core,0.83,0,,0,98264.2,722,Source One Financial Services,NC, mike napier,1,1,SC111,Core
253318,sflynn,44456.01,180,Booked,Fun Town RV Orange LP - TX468,Fun Town,TX,Orange,2026-08-29,2026-08-30,2026-08-30,2026,RV,New,666,39.38,5.66,gott,1924,1917,7.49,1800,1800,false,7,0,8.49,Core,Core,1.13,1778.24,4,0,39433,836,Source One Financial Services,LA, nicholas quicksell,1,0,TX468,Core
253548,mlomedico,13342.6,120,Auto Approval,AMERICA GO RV - COMFORT - TX471,,TX,COMFORT,2026-08-29,2026-08-29,,2026,RV,New,,35.31,2.62,gott,,10,12.49,1350,1350,false,,,13.49,Silver 1,Silver 1,0.76,0,,0,17468,676,Source One Financial Services,TX, charlie flippen,1,1,TX471,Silver
253437,,56999.68,240,Auto Decline,A and L RV Sales - Johnson City - TN123,,TN,Johnson City,2026-08-29,,,2026,RV,New,,21.84,4.48,jsmith,,0,14.99,20000,20000,false,,,15.99,Silver 2,Silver 2,0.78,0,,0,73517,629,Source One Financial Services,TN,,0,0,TN123,Silver
253404,,139463.37,240,Auto Decline,Blue Compass - Fort Myers - FL300,Blue Compass,FL,Fort Myers,2026-08-29,,,2026,RV,New,,29.81,21.19,wstoutimore,,0,9.74,5000,16260,false,,,11.24,Core,Core,1.02,0,,0,136212,737,Source One Financial Services,FL,,0,0,FL300,Core
253427,thovey,59744.93,204,Auto Approval,BRETZ RV & MARINE - BOISE - ID118,Bretz RV,ID,Boise,2026-08-29,2026-08-29,,2022,RV,Used,,23.55,5.23,ljablonoski,,9,10.49,8000,8000,false,,,11.99,Core,Core,1.2,0,,0,49650,718,Source One Financial Services,OH, kaymbree lauer,1,1,ID118,Core
253273,rsimmons,24835.12,180,Conditional Approval,Blue Compass RV - Macon - GA157,Blue Compass,GA,Byron,2026-08-29,2026-08-29,,2026,RV,New,,36.88,7.41,jsmith,,65,10.24,2400,2400,false,,,11.74,Core,Core,0.91,0,,0,27330,692,Source One Financial Services,GA, zach carmichael,1,1,GA157,Core
253283,ccampos,64000.93,240,Approved,Ron Hoover Companies of Texarkana - TX557,Ron Hoover,TX,Texarkana,2026-08-29,2026-08-29,,2026,RV,New,,47.26,8.96,gott,,61,9.49,6500,6500,false,,,10.99,Core,Core,0.86,0,,0,74724,750,Source One Financial Services,TX, bryce sowell,1,1,TX557,Core
253381,thovey,53619.01,240,Verifications Incomplete,Wilder RV -MO108,,MO,Clinton,2026-08-29,2026-09-01,,2025,RV,Used,700,36.16,7.87,jweller,,4550,9.99,0,6558.99,false,,1403,11.49,Core,Core,0.95,3217.14,6,0,56200,715,Source One Financial Services,MO, clinton bales,1,1,MO108,Core
253596,Jhill,46149.3,204,Booked,GREAT AMERICAN RV SUPERSTORE-TUPELO - MS114,,MS,BELDEN,2026-08-29,2026-08-31,2026-09-01,2026,RV,New,,45.96,16.04,jsmith,3854,2388,9.49,500,500,false,1462,4,10.99,Core,Core,1.47,2768.96,6,0,31350,751,Source One Financial Services,MS, dj miller,1,0,MS114,Core
253446,sbaker,19984.49,168,Contract Received,Ashley Marine - Panama City -  FL255,,FL,Panama City,2026-08-29,2026-09-01,,2026,Boat,New,,33.48,5,wstoutimore,,4087,7.49,2500,2500,false,,113,6.99,Core,Core,1.23,0,,0,16252.73,814,Source One Financial Services,FL, amy silas,1,1,FL255,Core
253314,eavila,12163.45,120,Decline,Walnut Ridge Family RV Sales -IN101,,IN,New Castle,2026-08-29,,,2023,RV,Used,,43.12,2.13,jharrington1,,11,22.99,20000,20000,false,,,23.99,Not Applicable,Not Applicable,0.38,0,,0,32150,603,Ideal Credit Union,CO, justin lee,0,0,IN101,Not Applicable
253556,mlomedico,12544.57,180,Decline,Blue Compass RV - South Raleigh - NC158,Blue Compass,NC,Benson,2026-08-29,,,2017,RV,Used,599,27.93,0.87,jsmith,,30,8.99,100,100,false,,,10.49,Core,Core,0.7,0,,0,17900,784,Source One Financial Services,NC, melissa hein,0,0,NC158,Core
253516,eavila,22010.14,180,Contract Received,Ashley Marine - Salem - AL157,,AL,Salem,2026-08-29,2026-08-31,,2026,Boat,New,,8.32,4.03,jsmith,,2959,13.74,3850,3850,false,,4,14.74,Silver 1,Silver 1,1.2,0,,0,18369,653,Source One Financial Services,AL, tim holloway,1,1,AL157,Silver
253293,thovey,59782.85,240,Auto Approval,ANGLERS CHOICE - MARTINSVILLE - VA100,,VA,MARTINSVILLE,2026-08-29,2026-08-29,,2026,Boat,New,,19.53,12.42,jsmith,,66,7.99,0,7733,false,,,9.49,Core,Core,0.95,0,,0,62961,795,Source One Financial Services,NC, brian shuler,1,1,VA100,Core
253540,thovey,28121.4,180,Auto Approval,OWENSBORO RV - KY119,,KY,OWENSBORO,2026-08-29,2026-08-29,,2027,RV,New,674,18.29,4.01,jharrington1,,18,10.24,1350,1350,false,,,11.74,Core,Core,1.18,0,,0,23926,684,Source One Financial Services,KY, scott stacy,1,1,KY119,Core
253426,mlomedico,13388.91,144,Decline,American Truck and RV -TX337,,TX,SAN ANGELO,2026-08-29,,,2019,RV,Used,,27.06,1.51,gott,,7,10.99,5000,5000,false,,,12.49,Core,Core,0.98,0,,0,13640,700,Source One Financial Services,TX, hector martinez,0,0,TX337,Core
253307,ccampos,34334.27,240,Decline,Premier Yamaha Boating Center/Aransas -TX209,,TX,Aransas,2026-08-29,,,2016,Boat,Used,650,50.96,3.76,gott,,66,10.99,3500,3500,false,,,12.49,Core,Core,1.15,0,,0,29935,717,Source One Financial Services,TX, mauri haygood,0,0,TX209,Core
253405,eavila,22279.59,144,Approved,Fun Town RV-Denton -TX322,Fun Town,TX,Denton,2026-08-29,2026-08-29,,2026,RV,New,,12.54,1.7,gott,,16,7.49,10000,10000,false,,,8.99,Core,Core,0.8,0,,0,27923,819,Source One Financial Services,TX, jacob redante,1,1,TX322,Core
253326,rsimmons,30490,180,Approved,Gunnells Marine Unlimited - SC145,,SC,Greenwood,2026-08-29,2026-08-29,,2024,Boat,New,,25.76,5.99,jsmith,,5,7.49,40750,45950,false,,,8.99,Core,Core,0.41,0,,0,74979,879,Source One Financial Services,SC, lisa pruchniewski,1,1,SC145,Core
253581,ccampos,31589.62,180,Decline,Fun Town RV- Waco-TX212,Fun Town,TX,Hewitt,2026-08-29,,,2026,RV,New,679,61.87,3.73,gott,,1560,9.99,2000,2000,false,,,11.49,Core,Core,0.83,0,,0,38069,706,Source One Financial Services,TX, eric cuffee,0,0,TX212,Core
253447,mlomedico,75924.85,216,Auto Approval,Campers Inn Kings Mountain -NC108,Campers Inn,NC,Kings Mountain,2026-08-29,2026-08-29,,2026,RV,New,,35.68,9.89,jsmith,,31,9.74,0,0,false,,,11.24,Core,Core,0.88,0,,0,85846.1,737,Source One Financial Services,NC, hunter lee,1,1,NC108,Core
253562,eavila,14665.05,120,Auto Approval,BISH'S RV OF OMAHA - NE100,Bish's RV,NE,BELLEVUE,2026-08-29,2026-08-29,,2021,RV,Used,,19.81,1.23,dzilberchtein,,12,10.74,1485,1485,false,,,12.24,Core,Core,0.9,0,,0,16350,687,Source One Financial Services,NE, stormy pitts,1,1,NE100,Core
253342,eavila,16240.05,120,Booked,Fun Town RV Tyler-TX387,Fun Town,TX,Mineola,2026-08-29,2026-08-29,2026-08-31,2026,RV,New,,40.67,3.33,gott,3151,182,10.24,0,0,false,2938,31,11.74,Core,Core,0.94,974.4,6,0,17346,688,Source One Financial Services,TX, travon reveile,1,0,TX387,Core
253499,,18371.09,180,Auto Decline,Blue Compass RV - Knoxville - TN159,Blue Compass,TN,Louisville,2026-08-29,,,2020,RV,Used,,41.99,6.35,jsmith,,0,22.99,0,0,false,,,23.99,Bronze,Bronze,1.25,0,,0,14700,598,Source One Financial Services,TN,,0,0,TN159,Business First
253588,ccampos,34324.94,180,Approved,FUN TOWN RV CONROE -TX400,Fun Town,TX,CONROE,2026-08-29,2026-08-30,,2027,RV,New,,32.36,3.33,gott,,1542,9.74,0,0,false,,,11.24,Core,Core,0.91,0,,0,37789,736,Source One Financial Services,TX, michal procek,1,1,TX400,Core
253321,mnava,23313,180,Auto Approval,Intercoastal Financial Group LLC - 17401746,IFG,FL,Vero Beach,2026-08-29,2026-08-29,,2021,RV,Used,,32.17,4.89,S1House,,15,13.24,5000,14000,false,,,14.24,Silver 1,Silver 1,0.52,0,,0,44450,663,Source One Financial Services,GA, stephen jolles,1,1,17401746,Silver
253493,,10786.44,144,Auto Decline,Rogers Motors TX542,,TX,Burnet,2026-08-29,,,2018,RV,Used,,3.72,1.96,gott,,0,22.99,1050,1050,false,,,23.99,Bronze,Bronze,1.03,0,,0,10500,538,Source One Financial Services,TX,,0,0,TX542,Business First
253526,thovey,21496.08,180,Approved,Maxie Price RV - GA161,,GA,Loganville,2026-08-29,2026-08-29,,2027,RV,New,,36.93,4.15,jsmith,,17,9.74,2000,2000,false,,,11.24,Core,Core,0.91,0,,0,23575,727,Source One Financial Services,GA, matt eaton,1,1,GA161,Core
253551,mlomedico,31972.79,144,Decline,RV DEPOT OF CLEBURNE - TX461,,TX,JOSHUA,2026-08-29,,,2013,RV,Used,,78.84,6.24,gott,,3,11.24,3300,3300,false,,,12.74,Core,Core,1,0,,0,31872,734,Source One Financial Services,TX, timothy harrison,0,0,TX461,Core
253509,,28166.67,144,Auto Decline,Demontrond Automotive Group-TX397,,TX,Houston,2026-08-29,,,2026,RV,New,,8.8,4.82,gott,,0,22.99,3000,3000,false,,,23.99,Bronze,Bronze,0.73,0,,0,38680,586,Source One Financial Services,TX,,0,0,TX397,Business First
253360,,16737.43,180,Auto Decline,MIG RV  MARINE SUPER CENTER INC - BELLEFONT-OH187,,OH,BELLEFONTAINE,2026-08-29,,,2026,RV,New,576,47,2.91,jharrington1,,0,14.99,0,0,false,,,15.99,Silver 2,Silver 2,0.9,0,,0,18495,636,Source One Financial Services,OH,,0,0,OH187,Silver
253356,,9891,120,Auto Decline,"Bill Thomas Camper Sales, Inc -MO105",,MO,Wentzville,2026-08-29,,,2017,RV,Used,,39.74,5.3,jweller,,0,22.99,1100,1100,false,,,23.99,Bronze,Bronze,1.22,0,,0,8100,569,Source One Financial Services,MO,,0,0,MO105,Business First
253288,jharrington1,16220.34,168,Decline,ROYS RV SUPERCENTER LLC - WV101,,WV,ELKINS,2026-08-29,,,2021,RV,Used,644,4.81,0.38,jharrington1,,63,10.49,4000,4000,false,,,11.99,Core,Core,0.96,0,,0,16900,708,Source One Financial Services,WV, lisa riggs,0,0,WV101,Core
253454,rsimmons,25411,180,Auto Approval,SOUTHERN RV INC - GA128,,GA,MCDONOUGH,2026-08-29,2026-08-29,,2027,RV,New,718,24.12,6.24,jsmith,,12,9.99,1265,1265,false,,,11.49,Core,Core,0.91,0,,0,28019,702,Source One Financial Services,SC, brad walden,1,1,GA128,Core
253459,rsimmons,22857.95,144,Booked,General RV - Tampa - FL238,General RV,FL,Dover,2026-08-29,2026-08-31,2026-09-03,2022,RV,Used,,42.82,2.09,wstoutimore,7253,2879,7.99,3000,3000,false,3117,1257,8.99,Core,Core,1.09,914.32,4,0,20950,804,Source One Financial Services,FL, sofiane yahiaoui,1,0,FL238,Core
253393,rsimmons,99720.45,240,Auto Approval,BOAT AND MOTOR SUPERSTORES PALM HARBOUR - FL155,,FL,PALM HARBOUR,2026-08-29,2026-09-01,,2027,Boat,New,,18.18,2.37,wstoutimore,,4181,10.24,37500,37500,false,,,11.74,Core,Core,0.84,0,,0,119210,692,Source One Financial Services,TX, sandy sigman,1,1,FL155,Core
253260,rsimmons,26215.63,204,Auto Approval,Optimum RV - Tallahassee - FL252,Optimum RV,FL,Tallahassee,2026-08-29,2026-09-01,,2026,RV,New,650,21.15,3.98,wstoutimore,,4710,12.49,6992,2469.07,false,,,13.49,Silver 1,Silver 1,0.81,0,,0,32217,665,Source One Financial Services,GA, joshua ellis,1,1,FL252,Silver
253417,sflynn,18347.13,144,Auto Approval,Fun Town RV - Cleburne -TX108,Fun Town,TX,Cleburne,2026-08-29,2026-08-30,,2026,RV,New,,20.35,3.95,S1House,,1426,9.74,0,0,false,,,11.24,Core,Core,0.84,0,,0,21837,736,Source One Financial Services,TX, jonathan riley,1,1,TX108,Core
253545,sflynn,35639.85,180,Auto Approval,Spend-A-Day Marina -OH125,OneWater,OH,Russels Point,2026-08-29,2026-08-29,,2025,Boat,Used,,43.83,7.4,jharrington1,,16,7.49,8000,8000,false,,,8.99,Core,Core,1.01,0,,0,35345,886,Source One Financial Services,OH, brittany daniel,1,1,OH125,Core
253433,sflynn,82940.95,240,Auto Approval,WACONDA BOATS & MOTORS - GLEN ELDER - EKS109,EPIC,KS,GLEN ELDER,2026-08-29,2026-08-29,,2026,Boat,New,,23.27,4.78,S1House,,41,8.74,8700,8700,false,,,10.24,Core,Core,1.27,0,,0,65064,765,Source One Financial Services,OK, mark roberts,1,1,EKS109,Core
253487,mlomedico,6796.78,60,Booked,Easy Camping RV - IA141,,IA,Nevada,2026-08-29,2026-09-01,2026-09-01,2026,RV,New,,42.55,2.72,gcoulombe,4348,4290,10.99,0,16000,false,57,1,11.49,Core,Core,0.23,135.94,2,0,29159,710,Source One Financial Services,IA, ryan jensen,1,0,IA141,Core
253461,rsimmons,20281,180,Auto Approval,RTE 125 RV & Marine - NH106,,NH,Rochester,2026-08-29,2026-08-31,,2020,RV,Used,653,27.46,3.02,gcoulombe,,2605,10.49,3500,6600,false,,,11.99,Core,Core,1.18,0,,0,17200,720,Source One Financial Services,NH, christopher wuelper,1,1,NH106,Core
253344,,12138.82,120,Auto Decline,Sunrise Camping Center - NC162,,NC,Hickory,2026-08-29,,,2020,RV,Used,703,34.25,1.86,jsmith,,0,15.74,5000,5000,false,,,16.74,Silver 2,Silver 2,0.76,0,,0,15995,622,Source One Financial Services,NC,,0,0,NC162,Silver
253386,rsimmons,55193.2,240,Decline,Optimum RV Bushnell - FL163,Optimum RV,FL,Bushnell,2026-08-29,,,2022,RV,Used,,18.52,17.91,wstoutimore,,35,9.99,6000,6000,false,,,11.49,Core,Not Applicable,0.76,0,,0,72750,741,Connexus Credit Union,FL, presley wallace,0,0,FL163,Not Applicable
253407,mlomedico,41177.81,144,Conditional Approval,WINDISH RV - CO134,,CO,LAKEWOOD,2026-08-29,2026-08-31,,2026,RV,New,,14.18,4.13,dzilberchtein,,2903,10.74,4000,4000,false,,,10.99,Silver 1,Not Applicable,0.84,0,,0,49301,662,Connexus Credit Union,CO, eric smith,1,1,CO134,Not Applicable
253591,ccampos,19500,168,Auto Approval,Blue Compass RV - Park City-KS117,Blue Compass,KS,Park City,2026-08-29,2026-09-03,,2022,RV,Used,752,16.17,1.47,jweller,,7156,9.99,2000,2000,false,,,11.49,Core,Core,1.26,0,,0,15500,773,Source One Financial Services,KS, kurt bull,1,1,KS117,Core
253558,mnava,18876.32,144,Verifications Incomplete,BLUE COMPASS RV - SOUTH HOUSTON  - TX421,Blue Compass,TX,Alvin,2026-08-29,2026-08-31,,2026,RV,New,,22.46,1.11,gott,,2674,9.74,7000,7000,false,,1,11.24,Core,Core,0.63,0,,0,29882,726,Source One Financial Services,TX, frank carranza,1,1,TX421,Core
253278,sbaker,32402.08,180,Conditional Approval,Fun Town RV Tyler-TX387,Fun Town,TX,Mineola,2026-08-29,2026-08-29,,2026,RV,New,,42.32,3.5,gott,,65,10.24,3325,3325,false,,,11.74,Core,Core,0.82,0,,0,39653,699,Source One Financial Services,TX, travon reveile,1,1,TX387,Core
253542,mlomedico,7959,60,Auto Approval,Cheyenne Camping Center - IA184,,IA,Walcott,2026-08-29,2026-08-29,,2014,RV,Used,,29.42,1.79,gcoulombe,,9,13.49,2000,2000,false,,,13.99,Core,Core,0.76,0,,0,10450,694,Source One Financial Services,TX, john watkins,1,1,IA184,Core
253593,ccampos,26165.51,180,Pending,KUNES STOUGHTON RV INC - WI713,KunesRV,WI,DEFOREST,2026-08-29,2026-08-31,,2022,RV,Used,,31.03,3.4,S1House,,3076,10.24,1600,1600,false,,,11.74,Core,Core,1.2,0,,0,21750,738,Source One Financial Services,CA, morgan gross,0,0,WI713,Core
253472,thovey,25343.89,180,Auto Approval,"RV COUNTRY ARIZONA, LLC - FLAGSTAFF -AZ332",RV Country,AZ,FLAGSTAFF,2026-08-29,2026-08-29,,2026,RV,New,848,23.4,5.34,edominguez,,37,8.49,0,8000,false,,,9.24,Core,Core,0.83,0,,0,30522,829,Source One Financial Services,AZ, kevin mccoy,1,1,AZ332,Core
253261,rsimmons,67332,240,Decline,MarineMax - Greenville - SC153,Marine Max,SC,Greenville,2026-08-29,,,2027,Boat,New,,61.34,5.32,S1House,,39,9.74,5000,6500,false,,,11.24,Core,Core,1.25,0,,0,54001,723,Source One Financial Services,SC, brandon debose,0,0,SC153,Core
253624,avera,66765.6,204,Conditional Approval,Three Way Campers - GA155,,GA,Marietta,2026-08-30,2026-08-30,,2026,RV,New,835,42.61,3.28,jsmith,,205,7.49,9125,-6375,false,,,8.99,Core,Core,1.3,0,,0,51371,840,Source One Financial Services,GA, cody porter,1,1,GA155,Core
253609,ccampos,18497.32,144,Approved,Rock Solid Funding LLC - TX536,RSF,TX,BEDFORD,2026-08-30,2026-08-30,,2026,RV,Used,694,34.32,2.8,S1House,,499,8.74,7000,7000,false,,,10.24,Core,Core,0.9,0,,0,20600,764,Source One Financial Services,CT, alicia mondragon,1,1,TX536,Core
253651,eavila,31090.74,144,Decline,Sky River RV - Paso Robles - SCA146,SkyRiver,CA,Paso Robles,2026-08-30,,,2018,RV,Used,,33.36,8.91,jrubi,,997,14.99,9500,9500,false,,,15.99,Silver 1,Not Applicable,0.99,0,,0,31300,648,Connexus Credit Union,CA, andy shellcross,0,0,SCA146,Not Applicable
253647,rsimmons,45683.04,84,Conditional Approval,BLUE COMPASS RV - FT WORTH - TX420,Blue Compass,TX,Fort Worth,2026-08-30,2026-08-31,,2026,RV,New,,39.64,5.48,gott,,928,10.99,4700,4700,false,,,12.49,Core,Core,0.95,0,,0,47985,716,Source One Financial Services,TX, rj norman,1,1,TX420,Core
253619,lgrace,12403.66,120,Conditional Approval,BLUE COMPASS RV - FT WORTH - TX420,Blue Compass,TX,Fort Worth,2026-08-30,2026-08-31,,2025,RV,Used,,36.05,2.09,gott,,1070,9.99,1250,1250,false,,,11.49,Core,Core,0.66,0,,0,18900,717,Source One Financial Services,TX, rj norman,1,1,TX420,Core
253616,avera,62477.54,240,Decline,BLUE COMPASS RV - DENTON - TX148,Blue Compass,TX,Denton,2026-08-30,,,2023,RV,Used,619,21.59,6.19,gott,,1124,13.24,7000,7000,false,,,14.24,Silver 1,Not Applicable,0.93,0,,0,67300,671,Connexus Credit Union,TX, steven lawrence,0,0,TX148,Not Applicable
253623,,24622.19,180,Auto Decline,OPTIMUM RV Titusville - FL165,Optimum RV,FL,MIMS,2026-08-30,,,2019,RV,Used,,26.05,3.09,pcarter,,0,16.24,0,0,false,,,17.24,Silver 2,Silver 2,0.89,0,,0,27575,633,Source One Financial Services,FL,,0,0,FL165,Silver
253599,avera,107599.18,240,Auto Approval,Action Watersports - Polk City - FL267,,FL,Polk City,2026-08-30,2026-09-01,,2027,Boat,New,,46.94,6.45,wstoutimore,,2893,9.74,3000,25420,false,,,11.24,Core,Core,1.09,0,,0,98546,726,Source One Financial Services,FL, natalie brown,1,1,FL267,Core
253602,,58013.19,240,Auto Decline,Rock Solid Funding LLC - TX536,RSF,TX,BEDFORD,2026-08-30,,,2026,RV,New,679,45.14,9.65,S1House,,0,22.99,5700,5700,false,,,23.99,Bronze,Bronze,1.21,0,,0,48072.5,606,Source One Financial Services,TX,,0,0,TX536,Business First
253614,avera,40448,240,Decline,Blue Compass RV - Columbia - SC136,Blue Compass,SC,Lexington,2026-08-30,,,2026,RV,New,,45.87,3.09,jsmith,,244,9.99,5000,5000,false,,,11.49,Core,Core,0.86,0,,0,47204,705,Source One Financial Services,SC, zach smith,0,0,SC136,Core
253618,,62105.83,240,Auto Decline,LDRV of Tampa - FL340,Campers Inn,FL,Seffner,2026-08-30,,,2023,RV,Used,709,63.76,7.75,wstoutimore,,0,15.74,0,0,false,,,16.74,Silver 2,Silver 2,0.99,0,,0,62600,637,Source One Financial Services,FL,,0,0,FL340,Silver
253606,jrubi,36700,180,Pending,MY RV SD - SCA112,,CA,EL CAJON,2026-08-30,2026-08-30,,2026,RV,New,,29.98,1.6,jrubi,,32,12.49,15000,15000,false,,,13.49,Silver 1,Silver 1,0.7,0,,0,52670,667,Source One Financial Services,CA,,0,0,SCA112,Silver
253655,eavila,44072.32,240,Decline,La Mesa RV Center - Albuquerque - NM109,La Mesa,NM,Albuquerque,2026-08-30,,,2026,RV,New,,19.09,2.97,edominguez,,5490,12.49,9000,9000,false,,,13.49,Silver 1,Silver 1,0.95,0,,0,46261,667,Source One Financial Services,AZ, alfredo franco,0,0,NM109,Silver
253645,,13286.94,120,Auto Decline,LDRV of Tampa - FL340,Campers Inn,FL,Seffner,2026-08-30,,,2020,RV,Used,,34.45,1.77,wstoutimore,,0,22.99,1000,1000,false,,,23.99,Bronze,Bronze,1.25,0,,0,10600,567,Source One Financial Services,FL,,0,0,FL340,Business First
253652,eavila,11300,120,Conditional Approval,"RV COUNTRY ARIZONA, LLC - FLAGSTAFF -AZ332",RV Country,AZ,FLAGSTAFF,2026-08-30,2026-08-31,,2018,RV,Used,,42.05,3.05,edominguez,,409,10.74,4700,4700,false,,,12.24,Core,Core,1.26,0,,0,8965,725,Source One Financial Services,CA, derek burdine,1,1,AZ332,Core
253630,,40665,180,Auto Decline,Optimum RV - Bonne Terre - MO215,Optimum RV,MO,Bonne Terre,2026-08-30,,,2026,RV,New,636,28.31,3.22,jweller,,0,22.99,0,5000,false,,,23.99,Bronze,Bronze,0.99,0,,0,40937.35,615,Source One Financial Services,MO,,0,0,MO215,Business First
253650,eavila,18740.28,144,Auto Approval,Fun Town RV - Cleburne -TX108,Fun Town,TX,Cleburne,2026-08-30,2026-09-01,,2026,RV,New,,39.09,3.98,S1House,,2525,9.74,2000,3596.96,false,,,11.24,Core,Core,1.2,0,,0,15643,722,Source One Financial Services,TX, jonathan riley,1,1,TX108,Core
253656,eavila,20765.6,144,Approved,RV COUNTRY - FRESNO - NCA115,RV Country,CA,FRESNO,2026-08-30,2026-08-31,,2025,RV,Used,702,42.51,2.4,jrubi,,393,9.74,3500,3500,false,,,11.24,Core,Core,1.22,0,,0,17000,732,Source One Financial Services,CA, ryan davis,1,1,NCA115,Core
253657,,16455,84,Auto Decline,Giant RV - Montclair - SCA155,Giant RV,CA,Montclair,2026-08-30,,,2022,RV,Used,549,47.51,1.98,jrubi,,0,22.99,3000,3000,false,,,23.99,Bronze,Bronze,1.04,0,,0,15840,521,Source One Financial Services,CA,,0,0,SCA155,Business First
253627,eavila,79325.38,240,Decline,Fun Town RV Amarillo - TX508,Fun Town,TX,Amarillo,2026-08-30,,,2027,RV,New,645,19.8,3.73,gott,,663,9.99,10000,10000,false,,,11.49,Core,Core,0.93,0,,0,85124,714,Source One Financial Services,TX, eric adams,0,0,TX508,Core
253621,jrubi,15743.81,120,Decline,ET Quality RV - NCA131,,CA,Yuba City,2026-08-30,,,2019,RV,Used,,17.58,5.33,jrubi,,43,13.74,2000,2000,false,,,14.74,Silver 1,Silver 1,1,0,,0,15745,665,Source One Financial Services,CA, corey huskey,0,0,NCA131,Silver
253648,eavila,57937.03,144,Decline,TACOMA RV CENTER - WA111,,WA,FIFE,2026-08-30,,,2025,RV,Used,613,38.24,11.08,ljablonoski,,1054,13.74,5800,5800,false,,,14.74,Silver 1,Not Applicable,0.97,0,,0,59900,655,Connexus Credit Union,WA, julie johnson,0,0,WA111,Not Applicable
253604,avera,51455.72,240,Conditional Approval,Top Notch RV LLC - NC149,,NC,Benson,2026-08-30,2026-08-30,,2024,RV,Used,,31.2,4.27,jsmith,,277,9.99,2600,2600,false,,,11.49,Core,Core,0.65,0,,0,79450,707,Source One Financial Services,NC, david hall,1,1,NC149,Core
253610,avera,19121.28,144,Auto Approval,Blue Compass RV - Tampa - FL301,Blue Compass,FL,Dover,2026-08-30,2026-09-01,,2027,RV,New,690,37.72,1.88,wstoutimore,,2997,9.99,500,7500,false,,,11.49,Core,Core,0.73,0,,0,26134,709,Source One Financial Services,FL, wendy parra,1,1,FL301,Core
253611,avera,49854.22,216,Auto Approval,Top Notch RV LLC - NC149,,NC,Benson,2026-08-30,2026-08-30,,2022,RV,Used,755,16.72,1.89,jsmith,,170,7.99,0,-2950,false,,,9.49,Core,Core,1.05,0,,0,47700,854,Source One Financial Services,NC, david hall,1,1,NC149,Core
253617,,47528.89,180,Auto Decline,ROYAL COACH RECREATIONAL SALES - SCA120,,CA,BAKERSFIELD,2026-08-30,,,2018,RV,New,,45,5.14,jrubi,,0,22.99,20000,20000,false,,,23.99,Bronze,Bronze,0.97,0,,0,48950,576,Source One Financial Services,CA,,0,0,SCA120,Business First
253642,Jhill,29452.75,180,Auto Approval,Fun Town RV - Texarkana - AR120,Fun Town,AR,Texarkana,2026-08-30,2026-09-02,,2025,RV,New,,30.51,3.86,jweller,,4304,7.99,1000,1000,false,,,9.49,Core,Core,0.73,0,,0,40577,800,Source One Financial Services,TX, henry reyna,1,1,AR120,Core
253659,eavila,52452.36,204,Conditional Approval,Blue Compass RV - Post Falls - ID123,Blue Compass,ID,Post Falls,2026-08-30,2026-08-31,,2018,RV,Used,843,30.78,4.04,ljablonoski,,369,8.49,8200,8940.21,false,,,9.99,Core,Core,1.2,0,,0,43844,846,Source One Financial Services,WA, alan harvey,1,1,ID123,Core
253612,jrubi,40044.73,220,Conditional Approval,ET Quality RV - NCA131,,CA,Yuba City,2026-08-30,2026-08-30,,2027,RV,New,,22.9,2.69,jrubi,,99,9.99,1700,1700,false,,,11.49,Core,Core,1.05,0,,0,38120,719,Source One Financial Services,CA, corey huskey,1,1,NCA131,Core
253658,ccampos,123537.79,240,Auto Approval,Fun Town RV - Las Vegas - NV116,Fun Town,NV,Las Vegas,2026-08-30,2026-08-31,,2025,RV,New,,20.12,3.91,ljablonoski,,1414,8.24,12500,12500,false,,,9.74,Core,Core,0.81,0,,0,153395,777,Source One Financial Services,NV, julie ronquillo,1,1,NV116,Core
253633,eavila,35858.89,180,Auto Approval,Fun Town RV - Cleburne -TX108,Fun Town,TX,Cleburne,2026-08-30,2026-08-31,,2026,RV,New,723,27.78,2.44,S1House,,638,9.49,0,0,false,,,10.99,Core,Core,0.9,0,,0,39660,754,Source One Financial Services,TX, jonathan riley,1,1,TX108,Core
253615,avera,22644.23,180,Decline,Blue Compass RV - Knoxville - TN159,Blue Compass,TN,Louisville,2026-08-30,,,2026,RV,Used,670,68.78,2.5,jsmith,,1083,9.74,0,0,false,,,11.24,Core,Core,1.12,0,,0,20150,736,Source One Financial Services,TN, david smith jr.,0,0,TN159,Core
253622,,12321.27,144,Auto Decline,BLUE COMPASS RV - CORPUS CHRISTI - TX459,Blue Compass,TX,CORPUS CHRISTI,2026-08-30,,,2026,RV,New,,22.76,0.56,gott,,0,22.99,2500,2500,false,,,23.99,Bronze,Bronze,0.75,0,,0,16354,613,Source One Financial Services,TX,,0,0,TX459,Business First
253638,rsimmons,30775.1,180,Decline,Blue Compass RV - Austin - TX522,Blue Compass,TX,Buda,2026-08-30,,,2027,RV,New,,17.24,9.5,gott,,992,9.99,1500,1500,false,,,11.49,Core,Core,1,0,,0,30873,709,Source One Financial Services,TX, caleb munoz,0,0,TX522,Core
253631,avera,50362.85,180,Decline,CAMPERS INN OF KINGSTON - NH100,Campers Inn,NH,KINGSTON,2026-08-30,,,2027,RV,New,,22.64,7.99,gcoulombe,,1108,10.24,7710,7710,false,,,11.74,Core,Not Applicable,0.9,0,,0,55959,690,Connexus Credit Union,NH, kenneth unger,0,0,NH100,Not Applicable
253628,lgrace,66944.73,144,Decline,Blue Compass RV - Katy - TX571,Blue Compass,TX,Katy,2026-08-30,,,2021,RV,Used,,33.27,12.91,gott,,1069,14.49,6000,14000,false,,,15.49,Silver 1,Not Applicable,0.99,0,,0,67650,650,Connexus Credit Union,TX, kevin miranda,0,0,TX571,Not Applicable
253660,,64843,240,Auto Decline,Giant RV - Montclair - SCA155,Giant RV,CA,Montclair,2026-08-30,,,2022,RV,Used,,49.5,16.47,jrubi,,0,22.99,30000,30000,false,,,23.99,Bronze,Bronze,0.81,0,,0,79915,587,Source One Financial Services,CA,,0,0,SCA155,Business First
253629,avera,27788.55,144,Conditional Approval,LDRV of Tampa - FL340,Campers Inn,FL,Seffner,2026-08-30,2026-08-31,,2025,RV,New,,6.13,5.6,wstoutimore,,1125,10.74,2800,2800,false,,,10.99,Silver 1,Not Applicable,0.74,0,,0,37620,667,Connexus Credit Union,FL, jason rubin,1,1,FL340,Not Applicable
253649,eavila,20001.68,180,Approved,Open Road RV Center - Monroe - WA156,,WA,Monroe,2026-08-30,2026-08-31,,2016,RV,Used,,17.11,1.83,ljablonoski,,465,10.74,0,0,false,,,12.24,Core,Core,1.01,0,,0,19750,723,Source One Financial Services,WA, nichole stephenson,1,1,WA156,Core
253640,sbaker,26743.79,180,Conditional Approval,Fun Town RV-Waller -TX539,Fun Town,TX,Waller,2026-08-30,2026-08-31,,2024,RV,Used,,22.12,3.39,gott,,1145,9.49,2732,2732,false,,,10,Silver 1,Not Applicable,0.85,0,,0,31515,672,Ideal Credit Union,TX, meddie nieto,1,1,TX539,Not Applicable
253644,eavila,69506.34,240,Approved,Fun Town RV - Cleburne -TX108,Fun Town,TX,Cleburne,2026-08-30,2026-08-31,,2025,RV,New,,35.21,6.52,S1House,,1170,8.74,7500,7500,false,,,10.24,Core,Core,0.75,0,,0,92529,776,Source One Financial Services,TX, jonathan riley,1,1,TX108,Core
253632,,16553,180,Auto Decline,Blue Compass RV - Columbia - SC136,Blue Compass,SC,Lexington,2026-08-30,,,2023,RV,Used,,33.35,5.07,jsmith,,0,15.74,1800,1800,false,,,16.74,Silver 2,Silver 2,0.64,0,,0,25850,624,Source One Financial Services,SC,,0,0,SC136,Silver
253636,avera,24870.03,180,Decline,Blue Compass RV - Chattanooga - GA156,Blue Compass,GA,Ringgold,2026-08-30,,,2027,RV,New,602,49.66,4.95,jsmith,,186,12.49,400,400,false,,,13.49,Silver 1,Silver 1,1.19,0,,0,20913,675,Source One Financial Services,TN, carson callender,0,0,GA156,Silver
253613,eavila,48245.74,144,Conditional Approval,Fun Town RV Amarillo - TX508,Fun Town,TX,Amarillo,2026-08-30,2026-08-31,,2025,RV,Used,,24.61,6.11,gott,,1181,11.49,7700,7700,false,,,11.74,Silver 1,Not Applicable,1,0,,0,48450,677,Connexus Credit Union,AL, eric adams,1,1,TX508,Not Applicable
253620,avera,31543.37,180,Decline,General RV - Richmond - VA117,General RV,VA,Ashland,2026-08-30,,,2026,RV,New,616,18.05,4.26,jsmith,,215,9.49,3500,3500,false,,,10.99,Core,Core,1.04,0,,0,30440,750,Source One Financial Services,VA, colby hall,0,0,VA117,Core
253608,avera,31841.13,180,Pending,Blue Compass RV - Hickory - NC156,Blue Compass,NC,Claremont,2026-08-30,,,2016,RV,Used,,18.45,7.89,jsmith,,300,11.24,10000,10000,false,,,12.74,Core,Core,0.94,0,,0,33700,699,Source One Financial Services,NC, nathan mcpherson,0,0,NC156,Core
253601,avera,25683.57,180,Auto Approval,Blue Compass RV - Greensboro - NC155,Blue Compass,NC,Colfax,2026-08-30,2026-08-31,,2027,RV,New,630,25.42,3.99,jsmith,,1687,12.49,2000,2000,false,,,13.49,Silver 1,Silver 1,0.86,0,,0,29705,668,Source One Financial Services,NC, melinda patino,1,1,NC155,Silver
253607,ccampos,44158.51,240,Decline,Optimum RV - La Feria - TX512,Optimum RV,TX,La Ferua,2026-08-30,,,2026,RV,New,689,39.09,3.5,gott,,1277,7.99,8000,8000,false,,,9.49,Core,Not Applicable,1.12,0,,0,39264,788,Connexus Credit Union,TX, juan vasquez,0,0,TX512,Not Applicable
253626,eavila,20652.79,180,Decline,Rock Solid Funding LLC - TX536,RSF,TX,BEDFORD,2026-08-30,,,2022,RV,Used,,57.68,3.36,S1House,,677,10.74,0,0,false,,,12.24,Core,Core,0.84,0,,0,24650,694,Source One Financial Services,TX, alicia mondragon,0,0,TX536,Core
253643,eavila,22460.47,144,Verifications Incomplete,Blue Compass RV - Liberty Lake - WA154,Blue Compass,WA,Liberty Lake,2026-08-30,2026-09-02,,2021,RV,Used,,36.14,4.69,ljablonoski,,4450,13.24,3000,3000,false,,0,14.24,Silver 1,Silver 1,1.34,0,,0,16750,669,Source One Financial Services,WA, jordan kammarcal,1,1,WA154,Silver
253641,avera,39059.72,240,Decline,La Mesa RV Center - Albuquerque - NM109,La Mesa,NM,Albuquerque,2026-08-30,,,2022,RV,Used,,9.03,6.17,edominguez,,42,10.49,10000,10000,false,,,11.99,Core,Core,0.92,0,,0,42331,710,Source One Financial Services,NM, alfredo franco,0,0,NM109,Core
253634,avera,50453.32,180,Ready to Book,LDRV of Tampa - FL340,Campers Inn,FL,Seffner,2026-08-30,2026-09-01,,2018,RV,Used,,43.82,13.27,wstoutimore,,2930,9.74,4000,4000,false,,7,10.49,Core,Not Applicable,0.96,1513.6,3,0,52750,704,Connexus Credit Union,FL, ethan haynes,1,1,FL340,Not Applicable
253600,avera,79789.42,240,Auto Approval,Blue Compass - Fort Myers - FL300,Blue Compass,FL,Fort Myers,2026-08-30,2026-09-02,,2026,RV,New,737,17.66,5.64,wstoutimore,,4548,8.74,64440,75700,false,,,10.24,Core,Core,0.59,0,,0,136212,785,Source One Financial Services,TX, anthony gagliardi,1,1,FL300,Core
253605,,50828.56,240,Auto Decline,Blue Compass RV - San Marcos - SCA167,Blue Compass,CA,San Marcos,2026-08-30,,,2026,RV,New,,49.38,20.98,jrubi,,0,18.24,10000,10000,false,,,19.24,Silver 2,Silver 2,0.81,0,,0,62730,620,Source One Financial Services,CA,,0,0,SCA167,Silver
253646,eavila,75995.78,180,Auto Approval,ET Quality RV - NCA131,,CA,Yuba City,2026-08-30,2026-08-31,,2025,RV,Used,669,17.12,7.86,jrubi,,1541,10.24,17000,17000,false,,,11.74,Core,Core,1.05,0,,0,72600,699,Source One Financial Services,CA, corey huskey,1,1,NCA131,Core
253625,,58487.85,240,Auto Decline,La Mesa RV Center - Sanford - FL315,La Mesa,FL,Sanford,2026-08-30,,,2022,RV,Used,,39.56,8.09,pcarter,,0,22.99,35000,35000,false,,,23.99,Bronze,Bronze,0.83,0,,0,70400,615,Source One Financial Services,FL,,0,0,FL315,Business First
253635,avera,49982.57,240,Conditional Approval,OPTIMUM RV OCALA - FL162,Optimum RV,FL,OCALA,2026-08-30,2026-08-31,,2027,RV,New,,39.14,6.65,pcarter,,1108,7.49,4050,19562,false,,,8.74,Core,Not Applicable,1.25,0,,0,40019,780,Connexus Credit Union,FL, logan yates,1,1,FL162,Not Applicable
253603,avera,42295,180,Conditional Approval,Blue Compass RV - Columbia - SC136,Blue Compass,SC,Lexington,2026-08-30,2026-08-30,,2027,RV,New,,25.25,4.96,jsmith,,354,9.99,2150,2150,false,,,11.49,Core,Core,0.94,0,,0,45219,707,Source One Financial Services,OK, taylor graziano,1,1,SC136,Core
253639,eavila,23205.8,180,Decline,La Mesa RV Center - Albuquerque - NM109,La Mesa,NM,Albuquerque,2026-08-30,,,2022,RV,Used,,70.09,3.89,edominguez,,508,10.49,2500,3167,false,,,11.99,Core,Core,1.28,0,,0,18082,710,Source One Financial Services,NM, erika davidson,0,0,NM109,Core
253654,jrubi,49763.78,204,Booked,BOBBY WAYNES RV - SCA111,,CA,LANCASTER,2026-08-30,2026-08-31,2026-08-31,2027,RV,New,,29.84,4.32,jrubi,1244,1148,10.24,8000,8000,false,96,0,10.24,Core,Core,0.93,0,0,0,53587,693,Source One Financial Services,CA,,1,0,SCA111,Core
253653,eavila,109463.55,240,Decline,Blue Compass RV - Tucson - AZ364,Blue Compass,AZ,Tucson,2026-08-30,,,2026,RV,New,,12.82,6.25,edominguez,,410,8.74,2000,12000,false,,,10.24,Core,Core,1.07,0,,0,102705,775,Source One Financial Services,NM, ambez miran,0,0,AZ364,Core
253637,avera,64142.03,240,Decline,RGV RV SALES - TX569,,TX,Mission,2026-08-30,,,2027,RV,New,,47.13,6.87,gott,,1023,9.99,3000,3000,false,,,11.49,Core,Not Applicable,0.98,0,,0,65249,714,Connexus Credit Union,TX, rudy youngblood,0,0,TX569,Not Applicable
253683,hhisek,38870.07,180,Auto Approval,Fun Town RV- Waco-TX212,Fun Town,TX,Hewitt,2026-08-31,2026-08-31,,2024,RV,Used,,36.72,5.58,gott,,13,12.49,4000,4000,false,,,13.49,Silver 1,Silver 1,0.92,0,,0,42150,672,Source One Financial Services,TX, tyler witt,1,1,TX212,Silver
253696,rsimmons,23638.1,180,Decline,Optimum RV - La Feria - TX512,Optimum RV,TX,La Ferua,2026-08-31,,,2019,RV,Used,698,54.56,2.22,gott,,10,8.49,1500,1500,false,,,9.99,Core,Core,1.23,0,,0,19250,826,Source One Financial Services,TX, juan vasquez,0,0,TX512,Core
253997,ahunt,29171.03,180,Auto Approval,Boaters World - Lake Placid - FL349,,FL,Lake Placid,2026-08-31,2026-09-03,,2016,Boat,Used,802,31.76,2.88,wstoutimore,,3850,8.99,0,5400,false,,,10.49,Core,Core,1.09,0,,0,26675,793,Source One Financial Services,FL, sarah ward,1,1,FL349,Core
253971,hhisek,49390.38,180,Decline,Bish's RV of Sioux Falls - SD112,Bish's RV,SD,Tea,2026-08-31,,,2017,RV,Used,,13.41,12.84,dzilberchtein,,8,10.74,12000,12000,false,,,12.24,Core,Core,0.84,0,,0,58700,732,Source One Financial Services,SD, david mcclanahan,0,0,SD112,Core
253883,mnava,8238.59,60,Decline,AC Nelsen RV World - NE103,,NE,Omaha,2026-08-31,,,2018,RV,Used,,12.09,2.38,dzilberchtein,,130,12.99,1300,1300,false,,,13.49,Core,Not Applicable,1,0,,0,8250,690,Connexus Credit Union,NE, rian white,0,0,NE103,Not Applicable
253995,pmeza,19966.56,180,Decline,Keystone RV Center  - PA110,Pete's RV,PA,Greencastle,2026-08-31,,,2021,RV,Used,,53.9,7.44,jharrington1,,11,9.24,0,0,false,,,10.74,Core,Core,1.64,0,,0,12210,777,Source One Financial Services,WV, jennifer vance,0,0,PA110,Core
253922,jharrington1,23651.71,144,Booked,Campers Inn Of Troy Inc-OH199,Campers Inn,OH,Troy,2026-08-31,2026-09-03,2026-09-03,2025,RV,Used,729,39.51,2.48,jharrington1,4266,4099,7.49,5000,5000,false,4,163,8.99,Core,Core,0.81,1419.1,6,0,29050,817,Source One Financial Services,OH, zach kimrey,1,0,OH199,Core
253998,pmeza,21229.11,144,Verifications Incomplete,BLUE COMPASS RV - FT WORTH - TX420,Blue Compass,TX,Fort Worth,2026-08-31,2026-09-02,,2022,RV,Used,,37.4,4.73,gott,,2599,10.49,0,10000,false,,0,11.99,Core,Core,0.9,0,,0,23600,720,Source One Financial Services,TX, rj norman,1,1,TX420,Core
253772,ccampos,61059.04,240,Decline,MIG RV  MARINE SUPER CENTER INC - BELLEFONT-OH187,,OH,BELLEFONTAINE,2026-08-31,,,2025,RV,Used,678,54.42,9.81,jharrington1,,11,9.99,0,3200,false,,,11.49,Core,Core,1.03,0,,0,59000,701,Source One Financial Services,KY, jesse ginn,0,0,OH187,Core
253914,mlomedico,11699,120,Decline,RANGE RV - SCA118,,CA,HESPERIA,2026-08-31,,,2019,RV,Used,,13.33,1.64,jrubi,,18,11.24,3000,3000,false,,,12.74,Core,Core,0,0,,0,0,691,Source One Financial Services,CA,,0,0,SCA118,Core
254004,mlomedico,102910.89,240,Auto Approval,Fun Town Rv/Angelo RV LLC -TX247,Fun Town,TX,San Angelo,2026-08-31,2026-09-03,,2026,RV,New,,7.44,1.47,gott,,4095,9.99,7000,7000,false,,,11.49,Core,Core,1.04,0,,0,98607,711,Source One Financial Services,TX, brenden boggs,1,1,TX247,Core
253710,lgrace,45244.26,240,Booked,Optimum RV - Tallahassee - FL252,Optimum RV,FL,Tallahassee,2026-08-31,2026-09-01,2026-09-03,2026,RV,New,696,17.82,8.18,wstoutimore,4646,1606,9.74,0,4468.76,false,381,2659,10.99,Core,Core,1,2262.21,5,0,45453,709,Source One Financial Services,FL, joshua ellis,1,0,FL252,Core
253841,mlomedico,168090,180,Auto Decline,Smith RV - WY105,,WY,Evansville,2026-08-31,,,2013,RV,Used,756,29.15,24.2,dzilberchtein,,17,10.99,29200,0,false,,,12.49,Core,Core,0,0,,0,0,810,Source One Financial Services,CA,,0,0,WY105,Core
253720,,159297.79,240,Auto Decline,Rock Solid Funding LLC - TX536,RSF,TX,BEDFORD,2026-08-31,,,2027,RV,New,,42.95,12.38,S1House,,0,14.99,10000,10000,false,,,15.99,Silver 2,Silver 2,1.23,0,,0,129166.66,638,Source One Financial Services,OH,,0,0,TX536,Silver
254030,mnava,38044.49,180,Decline,Demontrond Automotive Group-TX397,,TX,Houston,2026-08-31,,,2026,RV,New,,65.76,5.8,gott,,32,10.24,3300,4800,false,,,11.74,Core,Core,1.17,0,,0,32436,687,Source One Financial Services,TX, mark hernandez,0,0,TX397,Core
253959,,120071.65,204,Cancelled,CAMPERS INN - MESA - AZ330,Campers Inn,AZ,MESA,2026-08-31,,,2024,RV,Used,,0,0,edominguez,,,22.99,11000,26000,false,,,23.99,Bronze,Bronze,0.74,0,,0,162470,,Source One Financial Services,AZ, brandon ward,0,0,AZ330,Business First
253705,,22614,180,Auto Decline,"Vantage Recreational Finance, Inc. -FL291",VRF,FL,FORT LAUDERDALE,2026-08-31,,,2015,RV,Used,,46.14,7.42,S1House,,0,14.99,2200,2200,false,,,15.99,Silver 1,Silver 1,0.69,0,,0,32780,643,Source One Financial Services,TX,,0,0,FL291,Silver
253713,lgrace,23489,180,Auto Approval,Carpenters Campers Inc - FL226,,FL,Pensacola,2026-08-31,2026-08-31,,2027,RV,New,,48.06,5.35,wstoutimore,,36,8.74,30000,30000,false,,,10.24,Core,Core,0.51,0,,0,46365,764,Source One Financial Services,MA, tracey carpenter,1,1,FL226,Core
253948,hhisek,40428.56,180,Decline,Bailey Toliver RV and Truck Country LLC -TX369,,TX,STANTON,2026-08-31,,,2027,RV,New,,26.39,3.12,gott,,13,9.74,0,0,false,,,11.24,Core,Core,1.05,0,,0,38535,725,Source One Financial Services,TX, jim barben,0,0,TX369,Core
254016,mnava,29075.03,144,Auto Approval,Clear Creek Camping LLC-TX396,,TX,Abilene,2026-08-31,2026-09-03,,2025,RV,Used,,17.19,4.07,gott,,4339,8.99,1500,1500,false,,,9.74,Core,Not Applicable,1.18,0,,0,24650,704,Connexus Credit Union,TX, clay anderson,1,1,TX396,Not Applicable
253718,,32969.86,180,Auto Decline,EMPIRE RV and MARINE - TX463,,TX,LIBERTY,2026-08-31,,,2022,RV,Used,,23.26,3.75,gott,,0,22.99,2000,2000,false,,,23.99,Bronze,Bronze,1.1,0,,0,30000,592,Source One Financial Services,TX,,0,0,TX463,Business First
253735,lgrace,74920.98,204,Verifications Incomplete,Blue Compass RV - Greensboro - NC155,Blue Compass,NC,Colfax,2026-08-31,2026-09-02,,2026,RV,New,,38.87,9.48,jsmith,,2873,12.49,71200,71200,false,,1,13.49,Silver 1,Silver 1,0.56,0,,0,134504,676,Source One Financial Services,TN, melinda patino,1,1,NC155,Silver
253925,pmeza,41801.86,180,Auto Approval,Ron Hoover Companies of Tulsa - OK157,Ron Hoover,OK,Claremore,2026-08-31,2026-08-31,,2022,RV,Used,,31.87,4.2,jweller,,26,10.49,0,5000,false,,,11.99,Core,Core,0.98,0,,0,42550,719,Source One Financial Services,OK, rick perez,1,1,OK157,Core
253673,,16139.4,144,Auto Decline,TAC RV - NC121,,NC,Moyock,2026-08-31,,,2022,RV,Used,,49.9,4.56,jsmith,,0,13.24,2500,2500,false,,,14.24,Silver 1,Silver 1,0.82,0,,0,19800,661,Source One Financial Services,NC,,0,0,NC121,Silver
253821,mlomedico,108483.71,240,Decline,Ultimate Marine - EFL121,EPIC,FL,Orlando,2026-08-31,,,2027,Boat,New,,20.02,5.01,S1House,,42,12.49,5000,5000,false,,,13.49,Silver 1,Silver 1,1.19,0,,0,91466,666,Source One Financial Services,FL, sierra whitmire,0,0,EFL121,Silver
253840,sbaker,18343.57,180,Auto Approval,Blue Compass RV - South Raleigh - NC158,Blue Compass,NC,Benson,2026-08-31,2026-09-01,,2018,RV,Used,,26.36,2.68,jsmith,,1674,13.74,1820,1820,false,,,14.74,Silver 1,Silver 1,0.86,0,,0,21450,663,Source One Financial Services,NC, melissa hein,1,1,NC158,Silver
253974,edominguez,7547,120,Decline,Tim's Toys-NM106,,NM,Albuquerque,2026-08-31,,,2017,RV,Used,,29.46,3.36,edominguez,,10,22.99,6000,6000,false,,,23.99,Silver 1,Silver 1,0.58,0,,0,12980,645,Source One Financial Services,NM, randy chavez,0,0,NM106,Silver
253952,hhisek,22700,180,Approved,Seguin RV Inc -TX201,,TX,Seguin,2026-08-31,2026-08-31,,2022,RV,Used,696,8.01,1.27,gott,,15,10.49,1800,1800,false,,,11.99,Core,Core,0.9,0,,0,25300,718,Source One Financial Services,TX, mark hatfield,1,1,TX201,Core
253756,Jhill,46855.59,220,Booked,Setzer's World of Camping Inc - WV106,,WV,Huntington,2026-08-31,2026-08-31,2026-08-31,2026,RV,New,,25.72,2.63,jharrington1,357,81,7.24,0,0,false,267,9,8.74,Core,Core,1.15,2811.34,6,0,40918,819,Source One Financial Services,OH, eric collinsworth,1,0,WV106,Core
253827,mnava,111347,180,Conditional Approval,Bob Hurley RV-Tulsa OK137,,OK,Tulsa,2026-08-31,2026-08-31,,2026,RV,New,668,43.09,7.7,jweller,,170,7.64,0,45500,false,,,8.64,Core,Not Applicable,0.77,0,,0,145276,711,Ideal Credit Union,TX, ryan hurley,1,1,OK137,Not Applicable
253777,lgrace,56703.7,240,Auto Approval,PKB RVs- WV108,Canopy Financial,WV,Parkersburg,2026-08-31,2026-09-01,,2027,RV,New,,10.15,6.75,jharrington1,,1659,9.99,6500,6500,false,,,11.49,Core,Core,0.77,0,,0,73260,720,Source One Financial Services,WV, matt kurtz,1,1,WV108,Core
253675,lgrace,30525,180,Auto Approval,Wana RV Center - IN218,,IN,Shipshewana,2026-08-31,2026-08-31,,2026,RV,New,,17.26,6.68,jharrington1,,65,8.74,0,9000,false,,,10.24,Core,Core,0.74,0,,0,41262,765,Source One Financial Services,IN, derek roe,1,1,IN218,Core
253702,sbaker,11289,120,Auto Approval,Coachlight RV Sales Inc. -MO106,,MO,Carthage,2026-08-31,2026-08-31,,2018,RV,Used,,19.09,1.06,jweller,,140,8.49,3495,3495,false,,,9.99,Core,Core,1.18,0,,0,9550,853,Source One Financial Services,MO, doug lown,1,1,MO106,Core
253824,hhisek,38774,180,Decline,"Vantage Recreational Finance, Inc. -FL291",VRF,FL,FORT LAUDERDALE,2026-08-31,,,2022,RV,Used,,39.19,3.5,S1House,,39,13.24,3800,3800,false,,,14.24,Silver 1,Silver 1,0.76,0,,0,51243,662,Source One Financial Services,CA, kaye cryer,0,0,FL291,Silver
253721,rsimmons,66404.58,240,Decline,DADS CAMPER OUTLET - GULFPORT - MS100,,MS,GULFPORT,2026-08-31,,,2026,RV,New,652,51.51,5.85,jsmith,,4,10.24,7000,7000,false,,,11.74,Core,Core,0.91,0,,0,72633,695,Source One Financial Services,MS, ricky arnaud,0,0,MS100,Core
254007,mlomedico,22494.11,144,Auto Approval,Fun Town RV Orange LP - TX468,Fun Town,TX,Orange,2026-08-31,2026-09-01,,2025,RV,Used,,27.37,4.85,gott,,1004,13.74,2300,2300,false,,,14.74,Silver 1,Silver 1,1.08,0,,0,20800,660,Source One Financial Services,TX, nicholas quicksell,1,1,TX468,Silver
253950,sbaker,18648.97,144,Conditional Approval,Ashley Marine LLC - Stapleton - AL168,,AL,Stapleton,2026-08-31,2026-08-31,,2015,Boat,Used,640,23.33,2.42,jsmith,,20,10.99,900,900,false,,,12.49,Core,Core,0.76,0,,0,24450,709,Source One Financial Services,AL, joey hawkins,1,1,AL168,Core
253754,,44492.05,180,Auto Decline,V Force Marine Orlando - FL292,,FL,Longwood,2026-08-31,,,2026,Boat,New,578,17.13,2.36,pcarter,,0,22.99,25000,25000,false,,,23.99,Bronze,Bronze,0.84,0,,0,52682.72,586,Source One Financial Services,FL,,0,0,FL292,Business First
254022,,71821.65,180,Auto Decline,Intercoastal Financial Group LLC - 17401746,IFG,FL,Vero Beach,2026-08-31,,,2002,Boat,Used,,0,0,S1House,,0,22.99,10000,10000,false,,,23.99,Bronze,Bronze,0.86,0,,0,83440,,Source One Financial Services,FL,,0,0,17401746,Business First
253882,hhisek,24386.74,144,Verifications Incomplete,Blue Compass RV - South Beumont - TX551,Blue Compass,TX,Vidor,2026-08-31,2026-08-31,,2022,RV,Used,,13.74,2.54,gott,,296,13.24,2300,2300,false,,12,14.24,Silver 1,Silver 1,1.51,0,,0,16100,673,Source One Financial Services,TX, leah sligar,1,1,TX551,Silver
253946,Jhill,57488.46,180,Pending,Buy RV Sell RV - MN826,,MN,Oronoco,2026-08-31,,,2022,RV,Used,,22.02,9.92,S1House,,34,10.74,0,0,false,,,12.24,Core,Core,1,0,,0,57652,686,Source One Financial Services,MN, candis novek,0,0,MN826,Core
253761,Jhill,25756.16,144,Booked,Fun Town RV - Las Vegas - NV116,Fun Town,NV,Las Vegas,2026-08-31,2026-09-01,2026-09-01,2027,RV,New,,38.66,1.95,ljablonoski,1590,1346,8.74,2000,2000,false,243,1,10.24,Core,Core,1.07,1545.37,6,0,24099,762,Source One Financial Services,NV, julie ronquillo,1,0,NV116,Core
254008,,23581.86,144,Auto Decline,RV's of Sacramento - NCA136,,CA,Elk Grove,2026-08-31,,,2026,RV,Used,653,28.88,3.91,jrubi,,0,14.99,10500,10500,false,,,15.99,Silver 2,Silver 2,0.83,0,,0,28435,621,Source One Financial Services,CA,,0,0,NCA136,Silver
253669,avera,16150.37,144,Auto Approval,RV Station LTD- Katy -TX290,,TX,Katy,2026-08-31,2026-09-03,,2026,RV,New,628,18.14,1.84,gott,,4889,7.24,2000,2000,false,,,8.49,Core,Not Applicable,0.9,0,,0,17911,788,Connexus Credit Union,TX, jose acosta,1,1,TX290,Not Applicable
253989,ccampos,25065,180,Auto Approval,Intercoastal Financial Group LLC - 17401746,IFG,FL,Vero Beach,2026-08-31,2026-09-03,,2019,RV,Used,,42.79,2.91,S1House,,4121,8.49,6600,6600,false,,,9.74,Core,Core,1.29,0,,0,19500,822,Source One Financial Services,CA, colton smith,1,1,17401746,Core
253954,rsimmons,16294,180,Decline,Bell Camper Sales - OK127,,OK,Bartlesville,2026-08-31,,,2018,RV,Used,,38.64,5.11,jweller,,22,11.24,4000,4000,false,,,12.74,Core,Core,0,0,,0,0,694,Source One Financial Services,OK,,0,0,OK127,Core
253988,ccampos,64437,240,Decline,NewCoast - Boatzon - FL356,Marine Max,FL,Oldsmar,2026-08-31,,,2021,Boat,Used,797,14.03,5.88,S1House,,1149,8.49,29400,29400,false,,,9.99,Core,Core,1.05,0,,0,61459,818,Source One Financial Services,OR, john womble,0,0,FL356,Core
253759,Jhill,23260.22,180,Decline,Campers Inn RV - Wilmington - OH231,Campers Inn,OH,Wilmington,2026-08-31,,,2024,RV,Used,,44.81,4.85,jharrington1,,21,13.74,2500,2500,false,,,14.74,Silver 1,Silver 1,0.92,0,,0,25300,643,Source One Financial Services,OH, zachary blevins,0,0,OH231,Silver
253814,ccampos,48786,204,Auto Approval,"Vantage Recreational Finance, Inc. -FL291",VRF,FL,FORT LAUDERDALE,2026-08-31,2026-09-03,,2018,Boat,Used,,16.82,8.77,S1House,,4397,14.99,5000,5000,false,,,15.99,Silver 1,Silver 1,1.05,0,,0,46540,652,Source One Financial Services,GA, jenica carpentier,1,1,FL291,Silver
253809,jharrington1,61059.04,240,Auto Decline,MIG RV  MARINE SUPER CENTER INC - BELLEFONT-OH187,,OH,BELLEFONTAINE,2026-08-31,,,2025,RV,Used,,51.57,16.54,jharrington1,,17,22.99,0,3200,false,,,23.99,Silver 1,Silver 1,1.03,0,,0,59000,678,Source One Financial Services,KY, jesse ginn,0,0,OH187,Silver
253717,eavila,137235,240,Auto Approval,Intercoastal Financial Group LLC - 17401746,IFG,FL,Vero Beach,2026-08-31,2026-08-31,,2017,Boat,Used,698,25.82,4.4,S1House,,84,10.99,62500,62500,false,,,12.24,Core,Core,0.74,0,,0,185652,707,Source One Financial Services,WA, lesley bishop,1,1,17401746,Core
253676,Jhill,128868.99,240,Approved,Rock Solid Funding LLC - TX536,RSF,TX,BEDFORD,2026-08-31,2026-08-31,,2027,RV,New,781,31.77,6.92,S1House,,9,7.24,35000,35000,false,,,8.74,Core,Core,1.03,0,,0,124997.08,802,Source One Financial Services,IL, alicia mondragon,1,1,TX536,Core
253926,mlomedico,51275,240,Decline,I-15 RV - SCA114,,CA,HESPERIA,2026-08-31,,,2026,RV,New,,13.33,10.63,jrubi,,7,9.49,6000,6000,false,,,10.99,Core,Core,0.97,0,,0,52637,759,Source One Financial Services,CA,,0,0,SCA114,Core
254020,jharrington1,32489.29,144,Booked,Fun Town RV - Indianapolis - IN215,Fun Town,IN,Edinburgh,2026-08-31,2026-09-02,2026-09-02,2026,RV,New,,41.58,10.69,jharrington1,2643,2373,9.24,0,0,false,270,0,9.24,Core,Core,1.12,0,0,0,28979,728,Source One Financial Services,IN, shawn hernandez,1,0,IN215,Core
253857,mnava,101584,240,Auto Approval,Hawkeye Boat Sales - IA173,,IA,Dubuque,2026-08-31,2026-08-31,,2026,RV,New,828,9.27,3.67,gcoulombe,,33,8.24,0,34900,false,,,8.99,Core,Core,0.97,0,,0,104237,821,Source One Financial Services,IL, josh billmeyer,1,1,IA173,Core
253850,avera,83772.25,240,Booked,A and L RV SALES - LAKE PARK - GA143,,GA,LAKE PARK,2026-08-31,2026-09-03,2026-09-03,2026,RV,New,761,35.49,4.39,jsmith,4406,4371,9.49,2400,7697.48,false,35,0,7.39,Core,Core,1.53,837.72,1,0,54646,747,Source One Financial Services,FL, michael gibson,1,0,GA143,Core
253895,Jhill,13975,120,Auto Approval,Midway Auto and RV Cody LLC - WY101,,WY,Cody,2026-08-31,2026-08-31,,2019,RV,Used,,15.57,5.7,dzilberchtein,,263,10.99,1900,1900,false,,,12.49,Core,Core,1.13,0,,0,12400,703,Source One Financial Services,WY,,1,1,WY101,Core
253828,avera,20646.56,180,Decline,Keystone RV Center  - PA110,Pete's RV,PA,Greencastle,2026-08-31,,,2021,RV,Used,,53.08,1.3,jharrington1,,45,7.99,2500,2500,false,,,9.49,Core,Core,1.29,0,,0,16060,817,Source One Financial Services,WV, jennifer vance,0,0,PA110,Core
253823,,70140.49,240,Auto Decline,Blue Compass RV - Jacksonville - FL336,Blue Compass,FL,Jacksonville,2026-08-31,,,2024,RV,Used,,56.1,9.99,pcarter,,0,13.74,15000,15000,false,,,14.74,Silver 1,Silver 1,0.68,0,,0,102520,659,Source One Financial Services,FL,,0,0,FL336,Silver
253985,hhisek,34382.51,180,Auto Approval,Gregg Orr Marine -TX365,,TX,TEXARKANA,2026-08-31,2026-09-03,,2026,Boat,New,,34.6,7.11,jweller,,4179,9.99,3000,3000,false,,,11.49,Core,Core,1.27,0,,0,27137,716,Source One Financial Services,LA, chad jordan,1,1,TX365,Core
253666,lgrace,15174.26,144,Auto Approval,Cedar City RV  - ETN103,EPIC,TN,Lebanon,2026-08-31,2026-08-31,,2022,RV,Used,,35.42,2.66,S1House,,154,10.24,5000,5000,false,,,11.74,Core,Core,0.82,0,,0,18400,729,Source One Financial Services,TN, mia williams,1,1,ETN103,Core
253751,rsimmons,22078.18,180,Auto Approval,Hanner RV Supercenter -TX165,,TX,Baird,2026-08-31,2026-09-03,,2027,RV,New,,21.08,3.22,gott,,4478,10.24,4500,4500,false,,,11.49,Core,Core,1.26,0,,0,17582,694,Source One Financial Services,TX, lance finley,1,1,TX165,Core
253712,avera,33147.11,216,Conditional Approval,Maxie Price RV - GA161,,GA,Loganville,2026-08-31,2026-08-31,,2027,RV,New,696,44.38,3.76,jsmith,,28,9.24,0,2977.2,false,,,10.74,Core,Core,0.89,0,,0,37157,736,Source One Financial Services,GA, steven crawford,1,1,GA161,Core
254033,rsimmons,47529.75,240,Decline,"RV COUNTRY ARIZONA, LLC - FLAGSTAFF -AZ332",RV Country,AZ,FLAGSTAFF,2026-08-31,,,2026,RV,New,690,34.07,2.04,edominguez,,729,9.99,4300,4300,false,,,11.49,Core,Core,1.13,0,,0,42047,706,Source One Financial Services,AZ, derek burdine,0,0,AZ332,Core
253970,ccampos,46875,240,Auto Approval,Sandpiper Marine - EVA115,EPIC,VA,Accomac,2026-08-31,2026-09-01,,2026,Boat,New,,12.96,4.08,S1House,,1431,10.24,10000,10000,false,,,11.74,Core,Core,1.03,0,,0,45641.5,681,Source One Financial Services,MD, david bounphasaysonh,1,1,EVA115,Core
253687,avera,24779.7,180,Approved,Best Choice Trailers & RV-PA123,Canopy Financial,PA,Irwin,2026-08-31,2026-08-31,,2022,RV,Used,765,28.47,2.09,jharrington1,,22,9.99,0,0,false,,,11.49,Core,Core,1.1,0,,0,22450,750,Source One Financial Services,PA, matt kurtz,1,1,PA123,Core
253847,ccampos,21500,180,Decline,Day Bros Auto Boat & RV Sales - Monticello - KY142,,KY,Monticello,2026-08-31,,,2020,RV,Used,,54.13,6.48,jharrington1,,16,10.49,500,500,false,,,11.99,Core,Core,1.12,0,,0,19250,704,Source One Financial Services,KY, faith day,0,0,KY142,Core
253686,sbaker,16153.7,144,Approved,PKB RVs- WV108,Canopy Financial,WV,Parkersburg,2026-08-31,2026-08-31,,2026,RV,New,661,29.39,2.4,jharrington1,,32,9.74,2000,2000,false,,,11.24,Core,Core,0.73,0,,0,21999,736,Source One Financial Services,WV, mac mclelland,1,1,WV108,Core
253892,sbaker,34060.54,180,Conditional Approval,BISH'S RV OF LUDINGTON - MI428,Bish's RV,MI,LUDINGTON,2026-08-31,2026-08-31,,2022,RV,Used,,23.99,5.2,dzilberchtein,,23,10.74,3190,4790,false,,,12.24,Core,Core,1.15,0,,0,29550,693,Source One Financial Services,MI, chad knight,1,1,MI428,Core
253664,avera,42552.88,180,Decline,Wana RV Center - IN218,,IN,Shipshewana,2026-08-31,,,2026,RV,New,,25.83,13.01,jharrington1,,10,12.49,500,10500,false,,,13.49,Silver 1,Silver 1,0.89,0,,0,48066,673,Source One Financial Services,OH, derek roe,0,0,IN218,Silver
253796,mnava,168205.5,180,Decline,NewCoast - Boatzon - FL356,Marine Max,FL,Oldsmar,2026-08-31,,,2015,RV,Used,,27.92,10.28,S1House,,39,10.74,20000,20000,false,,,12.24,Core,Core,0.88,0,,0,191200,728,Source One Financial Services,TX, chris liseo,0,0,FL356,Core
253711,Jhill,17419.75,144,Pending,ZOOMERS RV OF IOWA LLC - IA206,,IA,LAMONI,2026-08-31,,,2026,RV,New,,24.17,4.57,gcoulombe,,,9.99,2000,2000,false,,,11.49,Core,Core,0.91,0,,0,19118,707,Source One Financial Services,IA, david fausnaugh,0,0,IA206,Core
253680,rsimmons,16907.55,144,Approved,Fretz RV -PA126,,PA,Souderton,2026-08-31,2026-08-31,,2026,RV,Used,,42.29,1.45,jharrington1,,46,9.99,2000,2000,false,,,11.49,Core,Core,0.99,0,,0,16995,704,Source One Financial Services,NJ, tony eidle,1,1,PA126,Core
253863,eavila,17163.68,120,Decline,Titan Auto & Rv Sales - AR117,,AR,Searcy,2026-08-31,,,2013,RV,Used,,54.6,3.92,jweller,,26,11.24,0,0,false,,,12.74,Core,Core,1.6,0,,0,10750,732,Source One Financial Services,AR, toby wallace,0,0,AR117,Core
253763,,41453.62,180,Auto Decline,GREAT AMERICAN RV SUPERSTORE-HATTIESBURG - MS113,,MS,HATTIESBURG,2026-08-31,,,2026,RV,New,,42.21,8.5,jsmith,,0,22.99,4000,4000,false,,,23.99,Bronze,Bronze,1,0,,0,41280,567,Source One Financial Services,MS,,0,0,MS113,Business First
253960,hhisek,65242.46,180,Booked,Fun Town RV Houston LLC -TX244,Fun Town,TX,Wharton,2026-08-31,2026-08-31,2026-08-31,2027,RV,New,,34.68,7.23,gott,330,248,9.74,0,0,false,81,1,11.24,Core,Core,1.17,3914.55,6,0,55717,734,Source One Financial Services,TX, brenden boggs,1,0,TX244,Core
253812,mlomedico,62725.15,204,Auto Approval,National Indoor RV Centers - Las Vegas - NV110,,NV,Las Vegas,2026-08-31,2026-08-31,,2021,RV,Used,,18.22,3.5,ljablonoski,,274,7.74,51500,51500,false,,,9.24,Core,Core,0.7,0,,0,89200,877,Source One Financial Services,TX, kelly masterton,1,1,NV110,Core
253820,mnava,71904.43,180,Decline,JOHNNY'S RV SUPERSTORE LLC - AL124,,AL,THEODORE,2026-08-31,,,2026,RV,New,,36.47,12.51,jsmith,,27,12.49,7500,7500,false,,,13.49,Silver 1,Silver 1,1.01,0,,0,71339,674,Source One Financial Services,AL, jamie zimmerman,0,0,AL124,Silver
253945,ccampos,31819,180,Auto Approval,"Vantage Recreational Finance, Inc. -FL291",VRF,FL,FORT LAUDERDALE,2026-08-31,2026-09-02,,2013,Boat,Used,,10.23,2.66,S1House,,2496,11.24,12000,12000,false,,,12.74,Core,Core,1.1,0,,0,28890,731,Source One Financial Services,NV, megan fitzkee,1,1,FL291,Core
253933,mnava,51764,180,Auto Approval,Giant RV - Montclair - SCA155,Giant RV,CA,Montclair,2026-08-31,2026-09-01,,2016,RV,Used,,31.87,3.95,jrubi,,1473,10.49,5100,5100,false,,,11.99,Core,Core,1.12,0,,0,46035,742,Source One Financial Services,CA, christina marris,1,1,SCA155,Core
253900,pmeza,39861,120,Conditional Approval,LEOS VACATION CENTER INC - MD102,,MD,GAMBRILLS,2026-08-31,2026-08-31,,2018,RV,Used,,49.7,5.83,gcoulombe,,72,11.85,2000,8000,false,,,12.35,Core,Not Applicable,0.8,0,,0,49830,741,Ideal Credit Union,MD,,1,1,MD102,Not Applicable
253692,,27181.53,180,Auto Decline,Blue Compass RV - St. Augustine - FL339,Blue Compass,FL,ST. AUGUSTINE,2026-08-31,,,2027,RV,New,,35.87,6.19,pcarter,,0,22.99,4000,4000,false,,,23.99,Bronze,Bronze,0.88,0,,0,30954,583,Source One Financial Services,CA,,0,0,FL339,Business First
253968,mlomedico,76656.25,240,Auto Approval,Blue Compass RV - San Marcos - SCA167,Blue Compass,CA,San Marcos,2026-08-31,2026-09-03,,2023,RV,Used,702,31.16,3.09,jrubi,,3795,9.99,4700,16690,false,,,11.49,Core,Core,1.23,0,,0,62150,719,Source One Financial Services,CA, billy rodger,1,1,SCA167,Core
253832,hhisek,20987.06,180,Approved,Fun Town Rv/Angelo RV LLC -TX247,Fun Town,TX,San Angelo,2026-08-31,2026-08-31,,2026,RV,New,,20.58,2.52,gott,,7,10.24,5000,5000,false,,,11.74,Core,Core,0.85,0,,0,24622,686,Source One Financial Services,NM, brenden boggs,1,1,TX247,Core
253739,sbaker,29775.25,120,Auto Approval,American Marine - Chippewa Falls - WI732,,WI,Chippewa Falls,2026-08-31,2026-08-31,,2024,Boat,Used,861,25.69,3.01,S1House,,429,7.49,20000,20000,false,,,8.99,Core,Core,0.64,0,,0,46777.5,846,Source One Financial Services,IA, missy prissel,1,1,WI732,Core
254011,pmeza,30198.41,180,Booked,Blue Compass RV - Knoxville - TN159,Blue Compass,TN,Louisville,2026-08-31,2026-09-02,2026-09-03,2026,RV,New,,28.68,4.8,jsmith,4086,2809,12.49,0,5000,false,1277,0,13.49,Silver 1,Silver 1,0.96,1207.94,4,0,31527.5,668,Source One Financial Services,TN, joseph ward,1,0,TN159,Silver
253977,Jhill,72755,240,Decline,Blue Compass RV - Springfield - MO229,Blue Compass,MO,Strafford,2026-08-31,,,2027,RV,New,,31.2,7.08,jweller,,6,9.99,2500,12500,false,,,11.49,Core,Core,0.93,0,,0,78256,703,Source One Financial Services,UT, blaine sherrill,0,0,MO229,Core
253849,sdelarosa,41088.42,240,Approved,Blue Compass RV - Charlotte - NC153,Blue Compass,NC,Concord,2026-08-31,2026-08-31,,2026,RV,New,,44.91,6.98,jsmith,,18,8.74,13000,14684,false,,,10.24,Core,Core,1.04,0,,0,39577.75,776,Source One Financial Services,NC, alex kottenstette,1,1,NC153,Core
253793,sdelarosa,355627.83,240,Decline,General RV Center - Salisbury - NC137,General RV,NC,Salisbury,2026-08-31,,,2026,RV,New,613,54.04,14.98,jsmith,,18,13.74,10000,51000,false,,,14.74,Silver 1,Silver 1,1.3,0,,0,274360,642,Source One Financial Services,FL, brian brown,0,0,NC137,Silver
253941,Jhill,22411.72,144,Verifications Incomplete,Blue Compass RV - Colorado Springs - CO160,Blue Compass,CO,COLORADO SPRINGS,2026-08-31,2026-08-31,,2021,RV,Used,802,33.23,4.15,dzilberchtein,,263,7.99,1000,5000,false,,2,9.49,Core,Core,1.27,1344.7,6,0,17700,827,Source One Financial Services,CO, chris manaois,1,1,CO160,Core
253808,ccampos,239999,240,Decline,"Vantage Recreational Finance, Inc. -FL291",VRF,FL,FORT LAUDERDALE,2026-08-31,,,2012,RV,Used,,55.44,9.83,S1House,,25,11.74,54000,54000,false,,,13.24,Core,Core,1.02,0,,0,236000,686,Source One Financial Services,CA, terri walker,0,0,FL291,Core
253939,sdelarosa,13245,144,Conditional Approval,RTE 125 RV & Marine - NH106,,NH,Rochester,2026-08-31,2026-08-31,,2016,RV,Used,,18.46,5.18,gcoulombe,,43,14.99,4200,4200,false,,,15.99,Silver 1,Silver 1,1.07,0,,0,12400,655,Source One Financial Services,ME, christopher wuelper,1,1,NH106,Silver
253699,sbaker,30438.49,180,Auto Approval,Liberty RV-MO107,,MO,Liberty,2026-08-31,2026-08-31,,2026,RV,Used,,26.1,5.43,jweller,,121,10.24,3200,3200,false,,,11.74,Core,Core,0.91,0,,0,33550,684,Source One Financial Services,MO, shawn wiegers,1,1,MO107,Core
253893,avera,27237.5,204,Auto Approval,"Campers Inn RV of Myrtle Beach, Inc - SC109",Campers Inn,SC,Myrtle Beach,2026-08-31,2026-08-31,,2023,RV,Used,764,18.33,1.56,jsmith,,22,8.49,5000,5000,false,,,9.99,Core,Core,1.11,0,,0,24550,799,Source One Financial Services,VA, sean kwant,1,1,SC109,Core
254012,mnava,19785.23,144,Auto Approval,Schultz RV & Trailers LLC - WI747,Warrior Performance,WI,Pulaski,2026-08-31,2026-09-01,,2026,RV,New,,28.3,2.55,S1House,,1127,7.49,500,500,false,,,8.99,Core,Core,0.87,0,,0,22756,842,Source One Financial Services,WI, david waters,1,1,WI747,Core
254001,mlomedico,56700.08,204,Verifications Incomplete,BLUE COMPASS RV - LUBBOCK - TX117,Blue Compass,TX,Lubbock,2026-08-31,2026-09-01,,2022,RV,Used,,32.07,9.73,gott,,1317,13.99,5000,5000,false,,0,14.99,Silver 1,Silver 1,1.05,0,,0,53850,648,Source One Financial Services,LA, tyler jenkins,1,1,TX117,Silver
253817,ccampos,41449.5,120,Auto Approval,Intercoastal Financial Group LLC - 17401746,IFG,FL,Vero Beach,2026-08-31,2026-09-01,,2018,Boat,Used,,27.07,8.34,S1House,,1375,9.05,10000,10000,false,,,10.05,Core,Not Applicable,0.92,0,,0,44960,722,Ideal Credit Union,SC, nicole chaney,1,1,17401746,Not Applicable
253913,jharrington1,22378.83,144,Decline,RV LEADERS - PA108,,PA,ADAMSBURG,2026-08-31,,,2024,RV,Used,,66.93,7.4,jharrington1,,42,9.99,0,0,false,,,11.49,Core,Core,1.48,0,,0,15090,700,Source One Financial Services,WV, patty atkinson,0,0,PA108,Core
253700,rsimmons,62199,180,Decline,AVRV - MO232,,MO,OFallon,2026-08-31,,,2020,RV,Used,642,67.01,14.34,jweller,,33,22.99,8000,8000,false,,,23.99,Core,Core,0,0,,0,0,705,Source One Financial Services,MO,,0,0,MO232,Core
254025,mnava,16395,180,Decline,Blue Compass RV - Charleston - SC138,Blue Compass,SC,Ladson,2026-08-31,,,2021,RV,Used,771,6.33,1.84,jsmith,,32,9.24,5000,5000,false,,,10.74,Core,Core,1.07,0,,0,15300,772,Source One Financial Services,SC, rebecca justus,0,0,SC138,Core
253753,ccampos,26129.94,144,Conditional Approval,RV Kountry -EFL120,EPIC,FL,North Fort Myers,2026-08-31,2026-08-31,,2025,RV,New,,25.93,9.23,S1House,,147,12.49,2600,2600,false,,,13.49,Silver 1,Not Applicable,0.84,0,,0,31064,662,Connexus Credit Union,FL, mia williams,1,1,EFL120,Not Applicable
253738,eavila,26584.33,180,Conditional Approval,Parkland RV-MO220,Canopy Financial,MO,Leadington,2026-08-31,2026-08-31,,2026,RV,New,,36.26,3.3,jweller,,18,10.24,2700,2700,false,,,11.74,Core,Core,1.14,0,,0,23306,683,Source One Financial Services,IN, matt kurtz,1,1,MO220,Core
254015,mnava,23490.25,144,Decline,Freedom RV-AZ252,,AZ,Tucson,2026-08-31,,,2018,RV,Used,,18.04,1.35,edominguez,,9,11.24,5000,5000,false,,,12.74,Core,Core,0.87,0,,0,26950,692,Source One Financial Services,AZ, tyler temple,0,0,AZ252,Core
253984,mlomedico,73889,240,Decline,"Vantage Recreational Finance, Inc. -FL291",VRF,FL,FORT LAUDERDALE,2026-08-31,,,2018,Boat,Used,539,33.27,6.94,S1House,,13,13.74,8000,8000,false,,,14.74,Silver 1,Silver 1,1.33,0,,0,55616,664,Source One Financial Services,LA, jennifer richter,0,0,FL291,Silver
253725,rsimmons,49854.22,240,Approved,Top Notch RV LLC - NC149,,NC,Benson,2026-08-31,2026-08-31,,2022,RV,Used,755,18.01,1.82,jsmith,,69,7.99,0,-2950,false,,,9.49,Core,Core,1.05,0,,0,47700,854,Source One Financial Services,NC, david hall,1,1,NC149,Core
253961,rsimmons,19499.67,144,Conditional Approval,DADS CAMPER OUTLET - GULFPORT - MS100,,MS,GULFPORT,2026-08-31,2026-08-31,,2021,RV,Used,,34.53,2.24,jsmith,,11,9.99,2000,2000,false,,,11.49,Core,Core,1.15,0,,0,16900,755,Source One Financial Services,LA, ricky arnaud,1,1,MS100,Core
253778,mlomedico,12547.5,144,Decline,Prossers Premium RV Outlet -WI170,,WI,Sturtevant,2026-08-31,,,2020,RV,Used,,51.62,2.07,S1House,,13,10.74,1500,1500,false,,,12.24,Core,Core,1.31,0,,0,9550,683,Source One Financial Services,IL, walter miller,0,0,WI170,Core
253770,sbaker,27696.64,180,Auto Approval,Homestead RV Center - OH211,Canopy Financial,OH,Girard,2026-08-31,2026-09-03,,2027,RV,New,,9.24,7.71,jharrington1,,4415,7.74,6000,6000,false,,,8.74,Core,Not Applicable,0.89,0,,0,31102,744,Connexus Credit Union,NY, matt kurtz,1,1,OH211,Not Applicable
253918,,39649,180,Auto Decline,"Vantage Recreational Finance, Inc. -FL291",VRF,FL,FORT LAUDERDALE,2026-08-31,,,2021,RV,Used,610,27.65,1.81,S1House,,0,7.99,0,0,false,,,9.49,Core,Core,1.07,0,,0,36950,804,Source One Financial Services,CA,,0,0,FL291,Core
253852,sdelarosa,25945,240,Decline,Blue Compass RV - Columbia NE - SC149,Blue Compass,SC,Mcbee,2026-08-31,,,2021,RV,Used,,17.04,4.84,jsmith,,29,13.24,3400,3400,false,,,14.24,Silver 1,Silver 1,0.82,0,,0,31800,670,Source One Financial Services,SC, chadham brooks,0,0,SC149,Silver
253833,avera,44121,240,Auto Approval,Blue Compass RV - Charlotte - NC153,Blue Compass,NC,Concord,2026-08-31,2026-09-01,,2027,RV,New,622,38.78,4.1,jsmith,,1223,12.49,10000,10000,false,,,13.49,Silver 1,Silver 1,0.74,0,,0,59695,662,Source One Financial Services,SC, rylie seda,1,1,NC153,Silver
253757,,41046.98,240,Auto Decline,RV Value Mart-Willow ST-PA124,,PA,Willow Street,2026-08-31,,,2022,RV,Used,,56.27,12.39,jharrington1,,0,13.24,2000,8797,false,,,14.24,Silver 1,Silver 1,1.6,0,,0,25650,668,Source One Financial Services,PA,,0,0,PA124,Silver
253871,rsimmons,51700,144,Decline,INLAND BOAT CENTER INC - SCA106,,CA,PERRIS,2026-08-31,,,2017,Boat,Used,,76.06,3.38,jrubi,,21,10.74,5800,5800,false,,,12.24,Core,Core,0.87,0,,0,59675,740,Source One Financial Services,CA, kim artiga,0,0,SCA106,Core
253771,hhisek,107798.82,240,Decline,Crestview RV 2 - Buda -TX180,Campers Inn,TX,Buda,2026-08-31,,,2026,RV,New,684,41.32,9.38,gott,,10,10.24,5000,14871.6,false,,,11.74,Core,Core,1.21,0,,0,88760,694,Source One Financial Services,TX, luckett lowry,0,0,TX180,Core
253866,mlomedico,26476.36,180,Auto Approval,American Marine - Chippewa Falls - WI732,,WI,Chippewa Falls,2026-08-31,2026-08-31,,2016,Boat,Used,742,31.3,2.24,S1House,,64,9.74,500,4500,false,,,11.24,Core,Core,0.6,0,,0,44305,773,Source One Financial Services,WI, missy prissel,1,1,WI732,Core
253730,hhisek,60797.33,240,Verifications Incomplete,Fun Town RV - Little Rock - AR126,Fun Town,AR,Bryant,2026-08-31,2026-09-01,,2027,RV,New,764,38.9,8.54,jweller,,1588,10.24,6300,6300,true,,0,12.24,Business First,Business First,0.97,2431.89,4,0,62574,,Source One Financial Services,AR, wade meeks,1,1,AR126,Business First
253747,lgrace,64429.59,240,Auto Approval,OPTIMUM RV OCALA - FL162,Optimum RV,FL,OCALA,2026-08-31,2026-09-03,,2026,RV,New,,19.19,2.97,pcarter,,4597,10.49,3200,3200,false,,,11.99,Core,Core,1.06,0,,0,60937,752,Source One Financial Services,FL, logan yates,1,1,FL162,Core
253886,Jhill,15133.95,120,Booked,MCLAUGHLINS RV and MARINE -ND112,,ND,FARGO,2026-08-31,2026-09-02,2026-09-02,2023,RV,Used,,12.41,2.22,dzilberchtein,2938,2694,13.24,5000,5000,false,136,108,14.24,Silver 1,Silver 1,0.56,605.36,4,0,26950,667,Source One Financial Services,ND, nate thompson,1,0,ND112,Silver
253716,sbaker,77601.94,204,Booked,Sonny's RV - WY104,,WY,Evansville,2026-08-31,2026-08-31,2026-08-31,2022,RV,Used,,35.65,7.17,dzilberchtein,584,527,10.49,3510,3510,false,49,8,11.99,Core,Core,1.26,4656.12,6,0,61500,706,Source One Financial Services,WY, caleb peters,1,0,WY104,Core
253957,lgrace,54034.9,240,Approved,NewCoast - Boatzon - FL356,Marine Max,FL,Oldsmar,2026-08-31,2026-08-31,,2026,RV,New,778,27.1,2.15,S1House,,14,10.74,5758.1,5758.1,true,,,12.74,Business First,Business First,1.03,0,,0,52394,,Source One Financial Services,WI, dan welte,1,1,FL356,Business First
253923,,34254.83,180,Auto Decline,General RV - Fort Pierce - FL235,General RV,FL,Fort Pierce,2026-08-31,,,2026,RV,New,,24.19,11.68,pcarter,,0,14.99,21000,21000,false,,,15.99,Silver 2,Silver 2,0.71,0,,0,48284,631,Source One Financial Services,FL,,0,0,FL235,Silver
253937,mnava,118995.99,240,Decline,Blue Compass RV - Gassville - AR137,Blue Compass,AR,Gassville,2026-08-31,,,2027,RV,New,694,50.03,7.88,jweller,,36,10.24,13300,13300,false,,,11.74,Core,Core,0.86,0,,0,138525,696,Source One Financial Services,MO, nathaniel bowling,0,0,AR137,Core
253864,edominguez,120071.65,240,Auto Approval,CAMPERS INN - MESA - AZ330,Campers Inn,AZ,MESA,2026-08-31,2026-09-01,,2024,RV,Used,,39.56,4.48,edominguez,,1295,10.24,11000,26000,false,,,11.74,Core,Core,0.85,0,,0,141800,699,Source One Financial Services,AZ, dave hunter,1,1,AZ330,Core
253701,,23947.56,144,Auto Decline,Fun Town RV- Waco-TX212,Fun Town,TX,Hewitt,2026-08-31,,,2026,RV,New,,31.03,4.96,gott,,0,22.99,2450,2450,false,,,23.99,Bronze,Bronze,1.1,0,,0,21869,618,Source One Financial Services,TX,,0,0,TX212,Business First
253944,sbaker,106615,240,Auto Approval,Moix RV - McGaugh Outpost - AR136,,AR,Springdale,2026-08-31,2026-09-01,,2027,RV,New,673,44.34,6.03,jweller,,1575,8.24,38047,7547,false,,,9.74,Core,Core,1.3,0,,0,82012,786,Source One Financial Services,MO, bobby wood,1,1,AR136,Core
253966,ccampos,15253.39,144,Decline,Fun Town RV Tyler-TX387,Fun Town,TX,Mineola,2026-08-31,,,2026,RV,New,,12.2,4.14,gott,,14,13.74,1600,1600,false,,,14.74,Silver 1,Silver 1,0.73,0,,0,20901.83,657,Source One Financial Services,TX, travon reveile,0,0,TX387,Silver
253947,hhisek,39579.5,180,Booked,Fun Town RV Tyler-TX387,Fun Town,TX,Mineola,2026-08-31,2026-09-03,2026-09-03,2026,RV,New,,27.73,6.6,gott,4259,4057,9.99,0,0,false,173,29,11.49,Core,Core,1.3,2374.77,6,0,30450,704,Source One Financial Services,TX, travon reveile,1,0,TX387,Core
253902,ahunt,30566.43,180,Auto Approval,United RV -TX228,,TX,Fort Worth,2026-08-31,2026-08-31,,2026,RV,New,,45.19,3.86,gott,,32,9.49,0,3000,false,,,11.24,Core,Core,1.18,0,,0,25872.5,749,Source One Financial Services,TX, brent sullivan,1,1,TX228,Core
253875,,11336.9,144,Auto Decline,RV THERE YET - FL265,,FL,ST. AUGUSTINE,2026-08-31,,,2026,RV,New,,8.78,1.7,pcarter,,0,22.99,0,6500,false,,,23.99,Bronze,Bronze,0.65,0,,0,17396,619,Source One Financial Services,FL,,0,0,FL265,Business First
253668,rsimmons,55744.48,240,Decline,General RV Center-Brownstown -MI402,General RV,MI,Brownstown,2026-08-31,,,2027,RV,New,673,57.07,9.44,dzilberchtein,,210,12.49,500,500,false,,,13.49,Silver 1,Core,1,0,,0,55705,695,Source One Financial Services,MI, tim mccorkle,0,0,MI402,Silver
253929,eavila,28899,180,Conditional Approval,"Vantage Recreational Finance, Inc. -FL291",VRF,FL,FORT LAUDERDALE,2026-08-31,2026-08-31,,2020,RV,Used,,16.04,9.79,S1House,,34,13.24,38000,38000,false,,,14.24,Silver 1,Silver 1,0.64,0,,0,45100,675,Source One Financial Services,TX, stephanie peck,1,1,FL291,Silver
253802,Jhill,13595.2,144,Auto Approval,LDRV of Tampa - FL340,Campers Inn,FL,Seffner,2026-08-31,2026-08-31,,2022,RV,Used,,20.39,1.06,wstoutimore,,57,7.99,0,0,false,,,9.49,Core,Core,1.25,0,,0,10850,821,Source One Financial Services,FL, james vock,1,1,FL340,Core
253979,mnava,95731.02,240,Decline,RV's of Sacramento - NCA136,,CA,Elk Grove,2026-08-31,,,2026,RV,New,,46.33,11.57,jrubi,,17,10.24,30000,30000,false,,,11.74,Core,Core,0.89,0,,0,107714,690,Source One Financial Services,CA, branda morgan,0,0,NCA136,Core
253706,rsimmons,16828.12,144,Decline,Blue Compass RV - Knoxville - TN159,Blue Compass,TN,Louisville,2026-08-31,,,2021,RV,Used,643,5.81,4.1,jsmith,,7,13.24,3000,3000,false,,,14.24,Silver 1,Silver 1,1.02,0,,0,16450,671,Source One Financial Services,FL, joseph ward,0,0,TN159,Silver
253667,,82732.43,180,Auto Decline,FUN TOWN RV CONROE -TX400,Fun Town,TX,CONROE,2026-08-31,,,2026,RV,New,803,42.87,6.24,gott,,0,22.99,0,6800,false,,,23.99,Bronze,Bronze,1.16,0,,0,71106,604,Source One Financial Services,AZ,,0,0,TX400,Business First
254000,pmeza,23664.92,192,Auto Approval,Blue Compass RV - Springfield - MO229,Blue Compass,MO,Strafford,2026-08-31,2026-08-31,,2021,RV,Used,781,31.1,3.39,jweller,,16,7.74,3000,3000,false,,,9.24,Core,Core,1.17,0,,0,20150,815,Source One Financial Services,MO, steve petley,1,1,MO229,Core
253803,eavila,13853.75,120,Conditional Approval,Holiday RV Sales & Services - IA223,Canopy Financial,IA,Jefferson,2026-08-31,2026-08-31,,2017,RV,Used,656,32.86,1.43,gcoulombe,,13,10.99,0,0,false,,,12.49,Core,Core,1.15,0,,0,12050,720,Source One Financial Services,IA, matt kurtz,1,1,IA223,Core
254024,eavila,69158.45,240,Decline,Rocky Ridge RV - Tyler - TX574,Rocky Ridge,TX,Tyler,2026-08-31,,,2026,RV,New,,23.44,6.69,gott,,21,9.99,20000,20000,false,,,11.74,Core,Core,0.72,0,,0,96068,705,Source One Financial Services,CA, brandon barsh,0,0,TX574,Core
253956,lgrace,53203.54,240,Auto Approval,PPL MOTORHOMES - SUMMERFIELD - FL194,,FL,SUMMERFIELD,2026-08-31,2026-09-02,,2023,RV,Used,,22.78,9.6,pcarter,,2468,9.49,500,10500,false,,,10.99,Core,Core,1.03,0,,0,51500,734,Source One Financial Services,FL, connor cockfield,1,1,FL194,Core
253731,jharrington1,13274.15,120,Approved,WALNUT RIDGE FAMILY RV SALES- Memphis-IN207,,IN,MEMPHIS,2026-08-31,2026-08-31,,2020,RV,Used,,29.83,4.2,jharrington1,,25,13.24,2000,2000,false,,,14.24,Silver 1,Silver 1,1.09,0,,0,12200,673,Source One Financial Services,IN, curt riedling,1,1,IN207,Silver
253919,mlomedico,36495,180,Auto Approval,Blue Compass RV - Park City-KS117,Blue Compass,KS,Park City,2026-08-31,2026-08-31,,2027,RV,New,,14.43,2.54,jweller,,32,13.74,5000,5000,false,,,14.74,Silver 1,Silver 1,0.98,0,,0,37205,652,Source One Financial Services,KS, kurt bull,1,1,KS117,Silver
253965,mnava,50599.3,240,Decline,Blue Compass RV - Albuquerque - NM112,Blue Compass,NM,Albuquerque,2026-08-31,,,2027,RV,New,820,14.15,7.74,edominguez,,2568,7.49,0,3500,false,,,8.99,Core,Core,1.08,0,,0,46767,825,Source One Financial Services,NM, scott rodriguez,0,0,NM112,Core
253670,lgrace,87176.23,240,Decline,Unreel Marine - EFL129,EPIC,FL,Port Richey,2026-08-31,,,2026,Boat,New,,54.24,7.49,S1House,,8,8.99,1000,19000,false,,,10.49,Core,Core,0.89,0,,0,98399.74,757,Source One Financial Services,FL, david bounphasaysonh,0,0,EFL129,Core
253901,eavila,17354,144,Decline,"Vantage Recreational Finance, Inc. -FL291",VRF,FL,FORT LAUDERDALE,2026-08-31,,,2027,Boat,New,,33.51,4.35,S1House,,1571,10.24,2000,2000,false,,,11.74,Core,Core,0.87,0,,0,19920,693,Source One Financial Services,AR, megan fitzkee,0,0,FL291,Core
253905,mlomedico,39549.68,180,Decline,ROYAL COACH RECREATIONAL SALES - SCA120,,CA,BAKERSFIELD,2026-08-31,,,2026,RV,New,608,47.14,3.63,jrubi,,20,14.99,4500,4500,false,,,15.99,Silver 1,Silver 1,0.93,0,,0,42485,640,Source One Financial Services,CA, darlene carter,0,0,SCA120,Silver
253859,pmeza,33409.99,180,Auto Approval,Sky River RV - Pismo Beach - SCA147,SkyRiver,CA,Pismo Beach,2026-08-31,2026-09-02,,2026,RV,New,689,42.27,1.5,jrubi,,2795,9.99,1590,1590,false,,,11.49,Core,Core,0.86,0,,0,38802,703,Source One Financial Services,CA, nancy garcia,1,1,SCA147,Core
253951,mlomedico,50397.25,180,Auto Approval,Gregg Orr Marine - Hot Springs - AR123,,AR,Hot Springs,2026-08-31,2026-09-01,,2016,Boat,Used,,31.64,6.87,jweller,,1446,11.24,3000,3000,false,,,12.74,Core,Core,0.98,0,,0,51650,697,Source One Financial Services,AR, alistair cook,1,1,AR123,Core
253813,hhisek,100272.5,240,Approved,Fun Town RV Amarillo - TX508,Fun Town,TX,Amarillo,2026-08-31,2026-08-31,,2026,RV,New,,21.18,7.06,gott,,8,8.74,10000,14214.66,false,,,10.24,Core,Core,0.95,0,,0,105128,770,Source One Financial Services,TX, eric adams,1,1,TX508,Core
254032,eavila,37989.55,180,Approved,St Louis RV - MO155,,MO,O'Fallon,2026-08-31,2026-08-31,,2016,RV,Used,,36.66,5.46,jweller,,28,10.74,4000,4000,false,,,12.24,Core,Core,0.95,0,,0,39800,739,Source One Financial Services,MO, jason miller,1,1,MO155,Core
254009,eavila,32212.52,180,Decline,FUN TOWN RV SAN ANTONIO LP - TX465,Fun Town,TX,CIBOLO,2026-08-31,,,2026,RV,New,660,55.3,1.76,gott,,729,9.99,3500,3500,false,,,11.49,Core,Core,0.85,0,,0,38025,714,Source One Financial Services,TX, brenden boggs,0,0,TX465,Core
253774,,125305,240,Auto Decline,BOATCRAFT - MI430,,MI,TRAVERSE CITY,2026-08-31,,,2026,Boat,New,595,66.66,24.94,dzilberchtein,,0,14.99,500,6866,false,,,15.99,Silver 2,Silver 2,1.52,0,,0,82612,634,Source One Financial Services,MI,,0,0,MI430,Silver
253745,lgrace,23495,180,Decline,Blue Compass RV - Columbia NE - SC149,Blue Compass,SC,Mcbee,2026-08-31,,,2014,RV,Used,,21.37,7.34,jsmith,,16,11.74,2500,2500,false,,,13.24,Core,Core,1.08,0,,0,21750,687,Source One Financial Services,SC, chadham brooks,0,0,SC149,Core
253993,ahunt,80898.46,180,Decline,"Ron Hoover Companies of Donna, Inc -Tx277",Ron Hoover,TX,Donna,2026-08-31,,,2023,Boat,Used,,31.98,10.18,gott,,21,10.49,6000,8000,false,,,11.99,Core,Core,1,0,,0,80978,719,Source One Financial Services,TX,,0,0,TX277,Core
253805,rsimmons,63050.17,240,Auto Approval,Blue Compass RV - Tyler - TX552,Blue Compass,TX,Tyler,2026-08-31,2026-08-31,,2026,RV,New,,27.62,3.66,gott,,15,10.24,6500,6500,false,,,11.74,Core,Core,0.96,0,,0,65340,685,Source One Financial Services,TX, clay coleman,1,1,TX552,Core
253732,rsimmons,56709.26,180,Decline,Campers Inn - Collinsville - IL257,Campers Inn,IL,Collinsville,2026-08-31,,,2026,RV,New,,42.42,3.86,gcoulombe,,18,12.49,6100,8600,false,,,13.49,Silver 1,Silver 1,1.13,0,,0,50359,663,Source One Financial Services,IL, robb best,0,0,IL257,Silver
253723,mlomedico,65104.5,180,Auto Approval,Mid America RV -MO104,,MO,Carthage,2026-08-31,2026-09-03,,2026,RV,New,670,29.45,6.71,jweller,,4688,10.74,6700,6700,false,,,11.74,Core,Core,0.92,0,,0,70699,698,Source One Financial Services,OK, josh schmutz,1,1,MO104,Core
253685,hhisek,99997.1,240,Decline,Holiday World of Houston -TX195,,TX,Katy,2026-08-31,,,2025,RV,New,,39,10.04,gott,,16,13.74,10000,28566.99,false,,,14.74,Silver 1,Silver 1,0.69,0,,0,145224,644,Source One Financial Services,TX, donny gutierrez,0,0,TX195,Silver
253663,avera,14791.94,120,Decline,Ron Hoover - Georgetown - TX497,Ron Hoover,TX,Georgetown,2026-08-31,,,2025,RV,New,,26.97,1.79,gott,,23,9.99,0,0,false,,,11.49,Core,Core,1.13,0,,0,13132,716,Source One Financial Services,TX, edgar duran,0,0,TX497,Core
253932,mlomedico,27123,180,Auto Approval,Mid America RV -MO104,,MO,Carthage,2026-08-31,2026-08-31,,2027,RV,New,,19.33,5.47,jweller,,6,9.99,0,4200,false,,,11.49,Core,Core,0.96,0,,0,28197,703,Source One Financial Services,MO, josh schmutz,1,1,MO104,Core
253880,sbaker,34977.06,180,Decline,Moix RV - McGaugh Outpost - AR136,,AR,Springdale,2026-08-31,2026-09-01,,2021,RV,Used,,39.17,6.75,jweller,,1619,9.99,2000,5000,false,,,10.74,Core,Not Applicable,0.99,0,,0,35170,709,Connexus Credit Union,AR, bobby wood,0,0,AR136,Not Applicable
253949,,50378.45,240,Auto Decline,ANGLERS CHOICE - MARTINSVILLE - VA100,,VA,MARTINSVILLE,2026-08-31,,,2017,Boat,Used,,36.56,8.53,jsmith,,0,22.99,2000,5368,false,,,23.99,Bronze,Bronze,1.04,0,,0,48645,598,Source One Financial Services,MD,,0,0,VA100,Business First
253921,sbaker,52397.57,180,Auto Approval,A and L RV Sales - Johnson City - TN123,,TN,Johnson City,2026-08-31,2026-08-31,,2024,RV,Used,781,49.99,3.77,jsmith,,37,8.74,15000,12307.1,false,,,10.24,Core,Core,0.9,0,,0,57900,771,Source One Financial Services,TN, rebecca henley,1,1,TN123,Core
253931,,42021.5,180,Auto Decline,Hawkeye Boat Sales - IA173,,IA,Dubuque,2026-08-31,,,2021,RV,Used,,17.41,15.44,gcoulombe,,0,15.74,0,8500,false,,,16.74,Silver 2,Silver 2,1.1,0,,0,38300,630,Source One Financial Services,WI,,0,0,IA173,Silver
253804,mlomedico,22453.1,180,Decline,Blue Compass RV - Bakersfield - Sales - NCA145,Blue Compass,CA,Bakersfield,2026-08-31,,,2025,RV,Used,,17.77,4.25,jrubi,,14,14.99,2200,2200,false,,,15.99,Silver 1,Silver 1,1.06,0,,0,21200,640,Source One Financial Services,CA, martha quiroz,0,0,NCA145,Silver
253837,,38000,144,Auto Decline,INLAND BOAT CENTER INC - SCA106,,CA,PERRIS,2026-08-31,,,2011,Boat,Used,,62.36,7.72,jrubi,,0,16.74,4500,4500,false,,,17.74,Silver 2,Silver 2,0.94,0,,0,40359,628,Source One Financial Services,CA,,0,0,SCA106,Silver
254034,,75541.57,240,Auto Decline,Sky River RV - Paso Robles - SCA146,SkyRiver,CA,Paso Robles,2026-08-31,,,2026,RV,New,,96.27,30.69,jrubi,,0,22.99,7000,7000,false,,,23.99,Bronze,Bronze,0.92,0,,0,82023,598,Source One Financial Services,CA,,0,0,SCA146,Business First
253830,mnava,25845.55,180,Conditional Approval,A and L RV SALES LLC -Chocowinity - NC120,,NC,CHOCWINITY,2026-08-31,2026-08-31,,2021,RV,Used,,26.32,5.11,jsmith,,201,8.24,3800,3800,false,,,9.24,Core,Not Applicable,0.99,0,,0,26100,770,Connexus Credit Union,VA, ryan branch,1,1,NC120,Not Applicable
253698,Jhill,26915.75,180,Booked,CAMPERS RV CENTER - LA103,,LA,SHREVEPORT,2026-08-31,2026-09-01,2026-09-02,2025,RV,New,,43.12,2.51,gott,3191,1682,9.74,2000,2000,false,210,1299,10.24,Core,Core,0.88,538.32,2,0,30620,735,Source One Financial Services,TX, dustin pinkston,1,0,LA103,Core
253746,,30049.83,240,Auto Decline,A and L RV Sales - Columbia -TN142,,TN,Columbia,2026-08-31,,,2026,RV,New,,61.7,12.64,jsmith,,0,14.99,2200,2200,false,,,15.99,Silver 1,Silver 1,0.84,0,,0,35968,640,Source One Financial Services,TN,,0,0,TN142,Silver
253674,lgrace,46800,180,Auto Approval,Intercoastal Financial Group LLC - 17401746,IFG,FL,Vero Beach,2026-08-31,2026-08-31,,2019,Boat,Used,,40.11,2.6,S1House,,36,13.74,5300,5300,false,,,14.74,Silver 1,Silver 1,0.86,0,,0,54430,679,Source One Financial Services,TN, turtle marshall,1,1,17401746,Silver
253876,Jhill,21752.18,140,Decline,Germaine Marine/Tige Performance LLC -AZ131,,AZ,Mesa,2026-08-31,,,2008,Boat,Used,664,53.06,1.71,edominguez,,20,14.74,6500,6500,false,,,15.74,Silver 1,Silver 1,1.09,0,,0,20000,670,Source One Financial Services,CA, tyler burnettt,0,0,AZ131,Silver
253848,pmeza,21182.5,180,Auto Approval,Ketelsen RV - IA121,,IA,Hiawatha,2026-08-31,2026-08-31,,2026,RV,New,,29.74,2.55,gcoulombe,,16,9.99,1045,1045,false,,,11.49,Core,Core,1.1,0,,0,19187,700,Source One Financial Services,IA, brandon skaggs,1,1,IA121,Core
253742,Jhill,33217.24,180,Auto Approval,Southern Mud Sports of the Midwest - IA225,,IA,Blue Grass,2026-08-31,2026-08-31,,2027,Boat,New,,26.05,5,gcoulombe,,408,9.99,3335,3335,false,,,11.49,Core,Core,1.09,0,,0,30506.74,720,Source One Financial Services,IL, jeff cantey,1,1,IA225,Core
253782,hhisek,32781.85,180,Decline,Golden Triangle Homes and RV Inc -TX179,,TX,Vidor,2026-08-31,,,2025,RV,Used,711,21.73,2.37,gott,,7,9.49,0,0,false,,,10.99,Core,Core,0.85,0,,0,38550,751,Source One Financial Services,TX, jeremiah harrington,0,0,TX179,Core
253842,jharrington1,45794.98,180,Decline,LEXINGTON RV LLC - KY135,,KY,LEXINGTON,2026-08-31,,,2026,RV,New,627,25.42,6.37,jharrington1,,10,9.49,3000,3000,false,,,10.99,Core,Core,0.88,0,,0,52081,747,Source One Financial Services,KY, oliver griffen,0,0,KY135,Core
253797,ccampos,18683.64,144,Booked,A and L RV SALES - LAKE PARK - GA143,,GA,LAKE PARK,2026-08-31,2026-08-31,2026-08-31,2025,RV,Used,,31.17,2.44,jsmith,440,252,7.49,1000,1000,false,188,0,8.99,Core,Core,1.3,1121.02,6,0,14400,860,Source One Financial Services,GA, michael gibson,1,0,GA143,Core
253976,mnava,45999,180,Decline,"Vantage Recreational Finance, Inc. -FL291",VRF,FL,FORT LAUDERDALE,2026-08-31,,,2022,RV,Used,772,59.64,6.43,S1House,,7,10.49,5000,5000,false,,,11.99,Core,Core,0.81,0,,0,56908,707,Source One Financial Services,OR, brian decastro,0,0,FL291,Core
253794,pmeza,22514.98,144,Auto Approval,Buckeye RV LLC -OH225,,OH,Jefferson,2026-08-31,2026-09-03,,2026,RV,New,,6.75,3.17,jharrington1,,4257,7.24,5000,5000,false,,,8.24,Core,Not Applicable,0.79,0,,0,28336,749,Connexus Credit Union,SC, tim christner,1,1,OH225,Not Applicable
253715,ccampos,74179.8,240,Conditional Approval,CAMPERS INN RV OF RALEIGH INC - NC109,Campers Inn,NC,SELMA,2026-08-31,2026-08-31,,2026,RV,New,,38.58,5.26,jsmith,,197,7.99,7300,7300,false,,,8.74,Core,Not Applicable,1.01,0,,0,73328.8,728,Connexus Credit Union,NY, tressa row,1,1,NC109,Not Applicable
253885,mlomedico,25044.35,144,Verifications Incomplete,Blue Compass RV - Bakersfield - Sales - NCA145,Blue Compass,CA,Bakersfield,2026-08-31,2026-09-01,,2022,RV,Used,,23.67,5.2,jrubi,,1904,10.49,2500,2500,false,,3,11.99,Core,Core,1.35,1502.66,6,0,18600,716,Source One Financial Services,CA, martha quiroz,1,1,NCA145,Core
253912,mnava,29800,180,Auto Approval,Mid America RV -MO104,,MO,Carthage,2026-08-31,2026-08-31,,2027,RV,New,,32.7,7.78,jweller,,178,12.49,5000,8750,false,,,13.49,Silver 1,Silver 1,0.66,0,,0,45160,678,Source One Financial Services,MO, josh schmutz,1,1,MO104,Silver
253762,avera,47297.81,204,Booked,V Force Marine Orlando - FL292,,FL,Longwood,2026-08-31,2026-09-03,2026-09-03,2026,Boat,New,,38.5,8.23,pcarter,4624,4604,11.99,4500,4500,false,20,0,12.99,Silver 1,Silver 1,1.19,1891.91,4,0,39805,675,Source One Financial Services,FL, cheryl johnson,1,0,FL292,Silver
253766,rsimmons,80230.71,240,Auto Approval,Big D Marine and Powersports -TX205,,TX,Huntsville,2026-08-31,2026-08-31,,2026,Boat,New,,24.57,10.96,gott,,19,9.74,0,5500,false,,,11.24,Core,Core,0.99,0,,0,80673,734,Source One Financial Services,TX, ronald brown,1,1,TX205,Core
253697,Jhill,94500,240,Decline,Blue Compass RV - Springfield - MO229,Blue Compass,MO,Strafford,2026-08-31,,,2026,RV,New,716,52.57,14.51,jweller,,44,9.49,10500,10500,false,,,10.99,Core,Core,0.72,0,,0,130911,744,Source One Financial Services,MO, blaine sherrill,0,0,MO229,Core
253884,hhisek,64774.88,180,Decline,Golden Triangle Homes and RV Inc -TX179,,TX,Vidor,2026-08-31,,,2026,RV,New,580,25.39,3.4,gott,,5,13.74,0,0,false,,,14.74,Silver 1,Silver 1,0.94,0,,0,69200,642,Source One Financial Services,TX, jeremiah harrington,0,0,TX179,Silver
253767,mnava,52077.38,204,Auto Approval,ROCKY MOUNTAIN RV and MARINE - NM101,,NM,ALBUQUERQUE,2026-08-31,2026-08-31,,2022,RV,Used,,6.91,5.88,edominguez,,137,7.99,4000,6050,false,,,9.49,Core,Core,1.03,0,,0,50750,818,Source One Financial Services,NM, roy hacker,1,1,NM101,Core
253835,ahunt,17896.03,144,Booked,Paradise RV LLC - SC148,,SC,N Charleston,2026-08-31,2026-09-01,2026-09-02,2022,RV,Used,,32.68,4.41,jsmith,2905,1249,10.49,2000,2000,false,1541,115,11.99,Core,Core,1.07,1073.76,6,0,16750,716,Source One Financial Services,SC, nathaniel dunworth,1,0,SC148,Core
253694,sbaker,36827.57,120,Approved,RV DEPOT LLC - FL188,,FL,THONOTOSASSA,2026-08-31,2026-08-31,,2019,RV,Used,,27.76,4.26,wstoutimore,,61,7.99,500,500,false,,,8.99,Core,Not Applicable,0.64,0,,0,57278,841,Connexus Credit Union,AL, valon topalli,1,1,FL188,Not Applicable
253898,lgrace,13171.58,120,Conditional Approval,BLUE COMPASS RV  COLUMBUS-OH210,Blue Compass,OH,DELAWARE,2026-08-31,2026-08-31,,2026,RV,New,,27.09,0.98,jharrington1,,34,10.24,1300,1300,false,,,11.74,Core,Core,0.69,0,,0,19154,694,Source One Financial Services,OH, anja merchant,1,1,OH210,Core
253839,hhisek,26129.5,144,Decline,RV STATION LLC - COLBERT - OK125,,OK,COLBERT,2026-08-31,,,2022,RV,Used,,40.54,5.56,jweller,,94,14.49,1900,4800,false,,,15.49,Silver 1,Not Applicable,1,0,,0,26200,647,Connexus Credit Union,OK, calvin parrish,0,0,OK125,Not Applicable
253690,,16424.46,144,Auto Decline,Fun Town RV- Waco-TX212,Fun Town,TX,Hewitt,2026-08-31,,,2019,RV,Used,,13.39,1.82,gott,,0,16.24,2000,2000,false,,,17.24,Silver 2,Silver 2,1.08,0,,0,15180,622,Source One Financial Services,NC,,0,0,TX212,Silver
253714,,50052,240,Auto Decline,Bills Happy Camper Rv LLC-PA135,Warrior Performance,PA,Mill Hall,2026-08-31,,,2020,RV,Used,,46.02,9.3,jharrington1,,0,13.24,8500,8500,false,,,14.24,Silver 1,Silver 1,0.56,0,,0,89650,670,Source One Financial Services,PA,,0,0,PA135,Silver
254029,edominguez,109958.36,180,Approved,Dune Sport -AZ267,,AZ,Mesa,2026-08-31,2026-08-31,,2026,RV,New,809,15.61,5.59,edominguez,,16,7.49,21000,21000,false,,,8.99,Core,Core,1.1,0,,0,100000,821,Source One Financial Services,SD,,1,1,AZ267,Core
253962,hhisek,22915.31,180,Approved,Recreation USA LLC - Myrtle Beach - SC134,,SC,Myrtle Beach,2026-08-31,2026-08-31,,2024,RV,Used,,35.09,4.98,jsmith,,19,12.49,500,4648.69,false,,,13.49,Silver 1,Silver 1,0.85,0,,0,27100,672,Source One Financial Services,SC, stan johnson,1,1,SC134,Silver
253691,hhisek,32553.2,180,Approved,CRESTVIEW RV SUPERSTORE - SELMA - TX484,Campers Inn,TX,SELMA,2026-08-31,2026-08-31,,2027,RV,New,,27.18,7.45,gott,,16,8.74,500,500,false,,,10.24,Core,Core,0.9,0,,0,36333,774,Source One Financial Services,TX, rob galvan,1,1,TX484,Core
253854,sbaker,8874.22,60,Conditional Approval,"Colonia Del Rey RV Sales, LLC -TX294",,TX,Corpus Christi,2026-08-31,2026-08-31,,2022,RV,Used,,16.68,1.69,gott,,7,10.74,900,900,false,,,11.24,Core,Core,0.82,0,,0,10850,741,Source One Financial Services,TX, jesse nuncio,1,1,TX294,Core
253798,ahunt,37098.18,180,Auto Approval,RV There Yet - Davenport - FL323,,FL,Davenport,2026-08-31,2026-09-01,,2017,RV,Used,,13.07,2.22,pcarter,,1262,8.49,0,0,false,,,9.99,Core,Core,0.83,0,,0,44900,854,Source One Financial Services,FL, luis camacho,1,1,FL323,Core
253786,avera,247754.45,180,Conditional Approval,NewCoast - Boatzon - FL356,Marine Max,FL,Oldsmar,2026-08-31,2026-09-02,,2008,Boat,Used,,37.67,5.82,S1House,,2979,9.49,210000,210000,false,,,10.99,Core,Core,0.4,0,,0,615000,849,Source One Financial Services,FL, holly stringer,1,1,FL356,Core
253873,Jhill,175413.53,240,Auto Approval,Apache Village RV-Hazelwood -MO113,,MO,Hazelwood,2026-08-31,2026-09-03,,2027,RV,New,679,32.91,7.74,jweller,,4494,9.49,19500,31591,false,,,11.24,Core,Core,1.26,0,,0,139670,750,Source One Financial Services,MO,,1,1,MO113,Core
253987,,24662.42,180,Auto Decline,Blue Compass RV - Raleigh - NC157,Blue Compass,NC,Raleigh,2026-08-31,,,2026,RV,New,,18.28,8.53,jsmith,,0,22.99,2500,2500,false,,,23.99,Bronze,Bronze,0.9,0,,0,27322,608,Source One Financial Services,NC,,0,0,NC157,Business First
253678,hhisek,32611.99,180,Auto Approval,Fun Town RV- Waco-TX212,Fun Town,TX,Hewitt,2026-08-31,2026-08-31,,2026,RV,New,,37.08,4.59,gott,,430,13.74,3000,3000,false,,,14.74,Core,Silver 1,1.03,0,,0,31666,650,Source One Financial Services,TX, tyler witt,1,1,TX212,Core
253928,ahunt,49620.23,180,Pending,"Ron Hoover Companies of Donna, Inc -Tx277",Ron Hoover,TX,Donna,2026-08-31,2026-08-31,,2024,Boat,Used,,21.77,6.04,gott,,22,9.74,5000,5000,false,,,11.24,Core,Core,0.96,0,,0,51633,722,Source One Financial Services,TX,,0,0,TX277,Core
253795,,39494,180,Auto Decline,Bob Hurley RV-Tulsa OK137,,OK,Tulsa,2026-08-31,,,2025,RV,Used,,42.23,12.06,jweller,,0,22.99,0,0,false,,,23.99,Bronze,Bronze,0.98,0,,0,40425,591,Source One Financial Services,OK,,0,0,OK137,Business First
253872,hhisek,23990.65,180,Verifications Incomplete,A and L RV SALES LLC - TN129,,TN,JACKSON,2026-08-31,2026-09-03,,2026,RV,New,,16.83,4.73,jsmith,,4464,10.24,2000,2000,false,,4,11.74,Core,Core,0.94,1439.44,6,0,25649,685,Source One Financial Services,TN, johnny gonzales,1,1,TN129,Core
253682,avera,37959.48,180,Booked,Boaters World - Lake Placid - FL349,,FL,Lake Placid,2026-08-31,2026-08-31,2026-08-31,2014,Boat,Used,,21.86,5.03,wstoutimore,806,455,8.99,500,500,false,348,3,10.49,Core,Core,1.25,2277.57,6,0,30300,811,Source One Financial Services,FL, sarah ward,1,0,FL349,Core
253819,mnava,35690.38,180,Decline,ROYAL COACH RECREATIONAL SALES - SCA120,,CA,BAKERSFIELD,2026-08-31,,,2027,RV,New,569,31.78,3.88,jrubi,,14,12.49,4000,4000,false,,,13.49,Silver 1,Silver 1,0.89,0,,0,40315,675,Source One Financial Services,CA, darlene carter,0,0,SCA120,Silver
253878,eavila,26834.34,144,Decline,Freedom RV-AZ252,,AZ,Tucson,2026-08-31,,,2018,RV,Used,,21.58,7.34,edominguez,,137,14.99,3250,3250,false,,,15.99,Silver 1,Not Applicable,1,0,,0,26950,643,Connexus Credit Union,AZ, tyler temple,0,0,AZ252,Not Applicable
253800,Jhill,39729,180,Auto Approval,Northern Michigan RV -MI149,,MI,Gaylord,2026-08-31,2026-09-01,,2026,RV,New,618,35.77,4.15,dzilberchtein,,1670,10.24,5000,11500,false,,,11.74,Core,Core,0.57,0,,0,69242,690,Source One Financial Services,MI,,1,1,MI149,Core
253748,ahunt,46681.92,180,Auto Approval,Blue Compass RV - South Beumont - TX551,Blue Compass,TX,Vidor,2026-08-31,2026-08-31,,2026,RV,New,,3.66,0.29,gott,,71,7.49,10000,11452.29,false,,,8.99,Core,Core,0.67,0,,0,69345,830,Source One Financial Services,NC, brett massey,1,1,TX551,Core
253844,,64853,240,Auto Decline,Mid America RV -MO104,,MO,Carthage,2026-08-31,,,2021,RV,Used,,87.28,19.19,jweller,,0,14.49,0,0,false,,,15.49,Silver 1,Silver 1,1.4,0,,0,46420,659,Source One Financial Services,MO,,0,0,MO104,Silver
253722,rsimmons,36165.05,180,Booked,GREAT AMERICAN RV SUPERSTORE-HATTIESBURG - MS113,,MS,HATTIESBURG,2026-08-31,2026-09-02,2026-09-02,2022,RV,Used,,30.03,4.11,jsmith,3115,3054,10.24,8500,8500,false,18,43,10.99,Core,Core,1,1084.95,3,0,36050,722,Source One Financial Services,MS, ryan campbell,1,0,MS113,Core
253807,hhisek,42816,240,Conditional Approval,Casita Travel Trailers - TX563,RDS,TX,Rice,2026-08-31,2026-08-31,,2026,RV,New,,39.14,3.99,gott,,4,8.99,2025,2025,false,,,10.49,Core,Core,1.24,0,,0,34533,760,Source One Financial Services,NV, andy krier,1,1,TX563,Core
253810,hhisek,20375.7,144,Verifications Incomplete,Fun Town RV Amarillo - TX508,Fun Town,TX,Amarillo,2026-08-31,2026-08-31,,2027,RV,New,,29.58,2.88,gott,,456,12.49,1500,1500,false,,1052,13.49,Silver 1,Silver 1,1.11,815.03,4,0,18373,679,Source One Financial Services,TX, eric adams,1,1,TX508,Silver
253789,mlomedico,22781.19,144,Auto Approval,St Louis RV - MO155,,MO,O'Fallon,2026-08-31,2026-08-31,,2022,RV,Used,,31.79,4.01,jweller,,413,10.49,3000,3000,false,,,11.99,Core,Core,1.19,0,,0,19150,710,Source One Financial Services,IL, jason miller,1,1,MO155,Core
254035,lgrace,71249,204,Auto Approval,Intercoastal Financial Group LLC - 17401746,IFG,FL,Vero Beach,2026-08-31,2026-09-01,,2009,Boat,Used,,25.32,3.73,S1House,,1194,12.24,17800,17800,false,,,13.49,Core,Core,0.79,0,,0,90600,690,Source One Financial Services,KY, dana scott,1,1,17401746,Core
253758,Jhill,154061.09,240,Auto Approval,Blue Compass RV - Danville - VA125,Blue Compass,VA,Ringgold,2026-08-31,2026-09-02,,2026,RV,New,839,26.21,6.28,jsmith,,3337,7.24,10000,21311.9,false,,,8.74,Core,Core,1.28,0,,0,120511,870,Source One Financial Services,VA, doran mccormick,1,1,VA125,Core
253781,,41181.09,180,Auto Decline,ROTH RV - BEMIDJI - MN168,,MN,BEMIDJI,2026-08-31,,,2026,RV,New,546,44.13,9.23,S1House,,0,22.99,1000,-562.06,false,,,23.99,Bronze,Bronze,1.22,0,,0,33628,619,Source One Financial Services,MN,,0,0,MN168,Business First
253740,eavila,24699,180,Decline,"Vantage Recreational Finance, Inc. -FL291",VRF,FL,FORT LAUDERDALE,2026-08-31,,,2018,RV,Used,,11.91,4.64,S1House,,7,13.74,2500,2500,false,,,14.74,Silver 1,Silver 1,0.55,0,,0,45050,666,Source One Financial Services,CT, alphonzo bowe,0,0,FL291,Silver
253825,hhisek,31450.45,180,Auto Approval,Fun Town RV Houston LLC -TX244,Fun Town,TX,Wharton,2026-08-31,2026-08-31,,2026,RV,New,,22.9,4.43,gott,,28,9.99,3500,3500,false,,,11.49,Core,Core,0.87,0,,0,36198,707,Source One Financial Services,TX, brenden boggs,1,1,TX244,Core
253779,sbaker,63392.6,180,Auto Approval,Boaters World - Bradenton - FL229,,FL,Bradenton,2026-08-31,2026-09-01,,2019,Boat,Used,,39.95,4.76,wstoutimore,,1379,11.24,2000,14500,false,,,12.74,Core,Core,0.98,0,,0,64455,687,Source One Financial Services,FL, stephen dimauro,1,1,FL229,Core
253709,hhisek,119322.79,240,Decline,Rock Solid Funding LLC - TX536,RSF,TX,BEDFORD,2026-08-31,,,2026,RV,New,,47.66,10.22,S1House,,1204,9.99,12000,12000,false,,,11.49,Core,Not Applicable,1.19,0,,0,100000,703,Connexus Credit Union,AZ, ashley rogers,0,0,TX536,Not Applicable
253963,,20574.65,180,Auto Decline,Blue Compass RV - Avondale - AZ360,Blue Compass,AZ,Avondale,2026-08-31,,,2024,RV,Used,,25.18,2.76,edominguez,,0,14.99,2000,2000,false,,,15.99,Silver 2,Silver 2,0.64,0,,0,32120,638,Source One Financial Services,AZ,,0,0,AZ360,Silver
253785,lgrace,56257,180,Conditional Approval,"EPIC FINANCE, LLC. - 17401748",EPIC,NC,WILMINGTON,2026-08-31,2026-08-31,,2018,RV,Used,789,44.84,3.5,S1House,,83,7.99,6300,6300,false,,,8.99,Core,Not Applicable,0.92,0,,0,61464,770,Connexus Credit Union,PA, mia williams,1,1,17401748,Not Applicable
253981,,145492.12,240,Auto Decline,Blue Compass RV - Danville - VA125,Blue Compass,VA,Ringgold,2026-08-31,,,2026,RV,New,,63.28,42.22,jsmith,,0,22.99,25000,25000,false,,,23.99,Bronze,Bronze,1.28,0,,0,113741,613,Source One Financial Services,TN,,0,0,VA125,Business First
253769,hhisek,19265.53,144,Approved,FUN TOWN RV SAN ANTONIO LP - TX465,Fun Town,TX,CIBOLO,2026-08-31,2026-08-31,,2021,RV,Used,707,15.33,1.52,gott,,10,9.24,3948,3948,false,,,10.74,Core,Core,1.02,0,,0,18900,765,Source One Financial Services,TX, brenden boggs,1,1,TX465,Core
253768,lgrace,118294,204,Auto Approval,"Vantage Recreational Finance, Inc. -FL291",VRF,FL,FORT LAUDERDALE,2026-08-31,2026-09-03,,2014,RV,Used,772,37.48,9.81,S1House,,4411,8.99,12500,12500,false,,,10.49,Core,Core,0.82,0,,0,144900,820,Source One Financial Services,CA, craig miller,1,1,FL291,Core
253684,rsimmons,32120.13,180,Booked,Cooks Boats and Motors -MO150,,MO,Troy,2026-08-31,2026-09-01,2026-09-01,2023,Boat,Used,777,3.43,1.8,jweller,1732,1471,9.24,0,0,false,219,42,6.99,Core,Core,1.23,321.2,1,0,26140,838,Source One Financial Services,MO,,1,0,MO150,Core
253943,jharrington1,64965.34,240,Conditional Approval,"Zoomers RV of Indiana, LLC -IN168",,IN,WABASH,2026-08-31,2026-08-31,,2026,RV,New,687,44.18,6.84,jharrington1,,23,9.49,1000,7700,false,,,10.99,Core,Core,0.82,0,,0,79619,719,Source One Financial Services,IN, dave fausnaugh,1,1,IN168,Core
253822,eavila,26203.75,180,Conditional Approval,Capital RV - Bismarck - ND119,Campers Inn,ND,Bismarck,2026-08-31,2026-08-31,,2018,RV,Used,620,38.79,2.11,dzilberchtein,,13,10.49,14500,14500,false,,,11.99,Core,Core,1.15,0,,0,22750,744,Source One Financial Services,ND, tyler biberdorf,1,1,ND119,Core
253689,jharrington1,20965.5,180,Decline,Wana RV Center - IN218,,IN,Shipshewana,2026-08-31,,,2021,RV,Used,769,54.17,2.72,jharrington1,,41,8.49,4000,4100,false,,,9.99,Core,Core,0.87,0,,0,23985,795,Source One Financial Services,IN, derek roe,0,0,IN218,Core
253894,edominguez,114332.63,240,Auto Approval,General RV Center - Mesa - AZ357,General RV,AZ,Mesa,2026-08-31,2026-09-01,,2023,RV,Used,,36.81,10.72,edominguez,,1339,10.24,5300,20300,false,,,11.74,Core,Core,1.2,0,,0,95600,722,Source One Financial Services,MO, natasha donlinger,1,1,AZ357,Core
253858,hhisek,36040.67,144,Decline,Blue Compass RV - Greensboro - NC155,Blue Compass,NC,Colfax,2026-08-31,,,2013,RV,Used,594,38.01,4.2,jsmith,,18,11.74,10000,10000,false,,,13.24,Core,Core,0.62,0,,0,57942,686,Source One Financial Services,NC, brian sojourner,0,0,NC155,Core
253917,hhisek,32307.29,180,Auto Approval,Fun Town RV - Las Vegas - NV116,Fun Town,NV,Las Vegas,2026-08-31,2026-08-31,,2022,RV,Used,,36.89,2.74,ljablonoski,,229,7.99,3700,3700,false,,,9.49,Core,Core,0.93,0,,0,34900,818,Source One Financial Services,NV, julie ronquillo,1,1,NV116,Core
253728,ccampos,39691,180,Approved,Intercoastal Financial Group LLC - 17401746,IFG,FL,Vero Beach,2026-08-31,2026-08-31,,2016,Boat,Used,728,26.29,2.86,S1House,,30,8.99,0,0,false,,,10.24,Core,Core,1.26,0,,0,31565,794,Source One Financial Services,OH, hunter miller,1,1,17401746,Core
253891,eavila,29844.96,180,Auto Decline,Blue Compass RV - Tucson - AZ364,Blue Compass,AZ,Tucson,2026-08-31,,,2010,RV,Used,804,11.65,4.42,edominguez,,46,9.49,50000,50000,true,,,11.49,Business First,Business First,0.31,0,,0,97750,,Source One Financial Services,MT,,0,0,AZ364,Business First
253829,hhisek,42458.5,180,Conditional Approval,Imperial RV Center - IA128,,IA,Ankeny,2026-08-31,2026-08-31,,2026,RV,New,612,39.3,2.52,gcoulombe,,97,9.5,4391,4391,false,,,10,Silver 1,Not Applicable,0.95,0,,0,44859,676,Ideal Credit Union,IA, william thomas,1,1,IA128,Not Applicable
253729,avera,28443.94,144,Auto Approval,Grand Pointe Marina of Lansing - MI464,,MI,Dimondale,2026-08-31,2026-09-01,,2014,Boat,Used,,23.59,1.26,dzilberchtein,,1446,11.24,3000,3000,false,,,12.74,Core,Core,0.89,0,,0,32080,731,Source One Financial Services,MI, patrick crowley,1,1,MI464,Core
253737,mlomedico,14840.4,144,Auto Approval,Colaw RV Sales -MO110,,MO,Carthage,2026-08-31,2026-09-01,,2023,RV,Used,645,20.57,1.46,jweller,,1844,10.49,745,745,false,,,11.99,Core,Core,0.88,0,,0,16850,707,Source One Financial Services,OK, hailey coss,1,1,MO110,Core
253836,rsimmons,37988.5,180,Booked,Ron Hoover Companies Katy -TX275,Ron Hoover,TX,Katy,2026-08-31,2026-09-02,2026-09-02,2027,RV,New,,48.23,3.98,gott,3060,2784,9.74,5000,5000,false,276,0,11.24,Core,Core,1.05,2279.31,6,0,36037,723,Source One Financial Services,TX, greg woods,1,0,TX275,Core
253927,hhisek,26878.03,180,Decline,Ron Hoover - Amarillo - TX513,Ron Hoover,TX,Amarillo,2026-08-31,,,2025,RV,Used,622,32.61,2.81,gott,,9,12.49,8450,8450,false,,,13.49,Silver 1,Silver 1,1,0,,0,26900,665,Source One Financial Services,TX, travis newsom,0,0,TX513,Silver
253972,Jhill,44154.04,180,Auto Approval,The Sportsman -TX285,,TX,San Benito,2026-08-31,2026-09-01,,2026,Boat,New,,16.83,6.91,gott,,1020,9.99,2150,2150,false,,,11.49,Core,Core,1.11,0,,0,39860,717,Source One Financial Services,TX,,1,1,TX285,Core
253838,eavila,20313.3,144,Booked,"McKee Auto Center, Inc. - IA163",,IA,Perry,2026-08-31,2026-09-02,2026-09-02,2026,RV,New,,34.1,4.44,gcoulombe,3061,3051,9.99,3000,3000,false,9,1,11.49,Core,Core,0.95,1218.8,6,0,21478,706,Source One Financial Services,IA, dave geiger,1,0,IA163,Core
254021,ccampos,53074.41,180,Conditional Approval,RV COUNTRY- TUALATIN - OR131,RV Country,OR,TUALATIN,2026-08-31,2026-08-31,,2026,RV,New,761,41.71,2.7,ljablonoski,,11,8.74,0,0,false,,,10.24,Core,Core,1.28,0,,0,41554,766,Source One Financial Services,OR, travis tsosie,1,1,OR131,Core
253867,Jhill,17901.66,120,Booked,Marina Mikes - FL147,OneWater,FL,Fort Myers,2026-08-31,2026-08-31,2026-09-01,2017,Boat,Used,,17.12,3.24,wstoutimore,1441,96,10.74,1500,1500,false,1342,3,12.24,Core,Core,1.06,1253.12,7,0,16885,725,Source One Financial Services,FL, matt mancano,1,0,FL147,Core
253727,Jhill,84175.21,204,Auto Approval,RGV RV SALES - TX569,,TX,Mission,2026-08-31,2026-08-31,,2027,RV,New,,40.47,7.34,gott,,13,9.49,0,0,false,,,10.99,Core,Core,0.93,0,,0,90038,759,Source One Financial Services,TX, aldo camarillo,1,1,TX569,Core
253799,hhisek,34105.07,180,Auto Approval,Southern Mud Sports LLC - AL165,,AL,Waverly,2026-08-31,2026-08-31,,2025,Boat,New,,16.96,3.64,jsmith,,12,9.99,8200,8200,false,,,11.49,Core,Core,1.25,0,,0,27335,719,Source One Financial Services,GA, jeff cantey,1,1,AL165,Core
254013,,24539.78,180,Auto Decline,Lakeshore RV Center -MI132,Selvius RV,MI,MUSKEGON,2026-08-31,,,2021,RV,Used,,30.85,2.9,dzilberchtein,,0,15.74,2700,2700,false,,,16.74,Silver 2,Silver 2,1.59,0,,0,15400,634,Source One Financial Services,MI,,0,0,MI132,Silver
253877,Jhill,54971.51,180,Auto Approval,Ashley Marine LLC - Stapleton - AL168,,AL,Stapleton,2026-08-31,2026-08-31,,2027,Boat,New,,20.67,4.34,jsmith,,12,7.49,0,0,false,,,8.99,Core,Core,1.16,0,,0,47239,817,Source One Financial Services,AL, joey hawkins,1,1,AL168,Core
253887,,50049,180,Auto Decline,Sky Marine - Orlando - FL307,,FL,Sanford,2026-08-31,,,2027,Boat,New,604,32.93,4.7,pcarter,,0,22.99,5600,5600,false,,,23.99,Bronze,Bronze,1.17,0,,0,42614,613,Source One Financial Services,FL,,0,0,FL307,Business First
253953,mnava,61868,180,Approved,Intercoastal Financial Group LLC - 17401746,IFG,FL,Vero Beach,2026-08-31,2026-08-31,,2022,RV,Used,,24.65,5.89,S1House,,42,10.49,6300,6300,false,,,11.74,Core,Core,1.06,0,,0,58150,701,Source One Financial Services,AZ, hal jolles,1,1,17401746,Core
253909,jharrington1,28836.36,180,Decline,SUSQUEHANNA VALLEY RV - SELINSGROVE - PA115,,PA,SELINSGROVE,2026-08-31,,,2026,RV,New,,40.58,6.17,jharrington1,,31,13.74,1000,1700,false,,,14.74,Silver 1,Silver 1,0.83,0,,0,34773,657,Source One Financial Services,PA, danielle wagner,0,0,PA115,Silver
253996,mlomedico,30591,144,Decline,Intercoastal Financial Group LLC - 17401746,IFG,FL,Vero Beach,2026-08-31,2026-09-01,,2021,RV,Used,,33.1,7.18,S1House,,1102,14.49,3000,3000,false,,,15.49,Silver 1,Not Applicable,0.81,0,,0,37800,659,Connexus Credit Union,AR, taylor beckford,0,0,17401746,Not Applicable
253671,Jhill,49347.43,180,Auto Approval,Spend-A-Day Marina -OH125,OneWater,OH,Russels Point,2026-08-31,2026-08-31,,2019,Boat,Used,,26.02,3.87,jharrington1,,50,8.49,1000,11000,false,,,9.99,Core,Core,0.95,0,,0,51960,862,Source One Financial Services,OH, brittany daniel,1,1,OH125,Core
253791,lgrace,24832.6,180,Auto Approval,Intercoastal Financial Group LLC - 17401746,IFG,FL,Vero Beach,2026-08-31,2026-09-03,,2021,Boat,Used,,30.42,3.98,S1House,,4438,10.49,2800,2800,false,,,11.74,Core,Core,0.91,0,,0,27320,716,Source One Financial Services,OH, joe burton,1,1,17401746,Core
253915,,34121.55,180,Auto Decline,RV Value Mart-Bethlehem-PA125,,PA,Bath,2026-08-31,,,2027,RV,New,566,68.05,3.37,jharrington1,,0,22.99,3600,3600,false,,,23.99,Bronze,Bronze,0.84,0,,0,40524,608,Source One Financial Services,PA,,0,0,PA125,Business First
253861,rsimmons,22644.23,180,Decline,Blue Compass RV - Knoxville - TN159,Blue Compass,TN,Louisville,2026-08-31,,,2026,RV,Used,670,60.55,3.84,jsmith,,8,22.99,0,0,false,,,23.99,Core,Core,1.33,0,,0,16995,736,Source One Financial Services,TN, joseph ward,0,0,TN159,Core
253865,,99846.04,240,Auto Decline,WINDISH RV - CO134,,CO,LAKEWOOD,2026-08-31,,,2026,RV,New,,18.11,18.11,dzilberchtein,,0,22.99,100000,100000,false,,,23.99,Bronze,Bronze,0.61,0,,0,162969,,Source One Financial Services,CO,,0,0,CO134,Business First
253662,lgrace,11337.18,120,Booked,Barton Lake RV Sales -IN104,,IN,Fremont,2026-08-31,2026-09-02,2026-09-02,2012,RV,Used,,45.67,1.05,jharrington1,3525,3510,11.24,1500,1500,false,9,6,12.74,Core,Core,1.25,680.23,6,0,9100,734,Source One Financial Services,TX, shane housholder,1,0,IN104,Core
253934,ccampos,32011.81,180,Auto Approval,Ron Hoover - Laredo - TX498,Ron Hoover,TX,Laredo,2026-08-31,2026-08-31,,2026,RV,New,,39.22,5.22,gott,,43,12.49,3100,3100,false,,,13.49,Silver 1,Silver 1,1.04,0,,0,30679,679,Source One Financial Services,TX, geno quintanilla,1,1,TX498,Silver
253752,mlomedico,15004.81,144,Booked,Fun Town RV-Denton -TX322,Fun Town,TX,Denton,2026-08-31,2026-09-01,2026-09-01,2026,RV,New,804,13.26,1.32,gott,1742,1740,7.49,5000,5000,false,2,0,8.99,Core,Core,0.8,900.29,6,0,18792,851,Source One Financial Services,TX, douglas santos,1,0,TX322,Core
254036,,145549,240,Auto Decline,TAYLORS BOATS INC - UT112,,UT,DRAPER,2026-08-31,,,2026,Boat,New,593,38.64,9.04,ljablonoski,,0,12.49,12500,12500,false,,,13.49,Silver 1,Silver 1,1.25,0,,0,116108,674,Source One Financial Services,UT,,0,0,UT112,Silver
253890,,30731.21,180,Auto Decline,Thomas RV and Auto Sales - AR118,,AR,Searcy,2026-08-31,,,2015,RV,Used,,34.95,10.58,jweller,,0,22.99,6000,6000,false,,,23.99,Bronze,Bronze,1.54,0,,0,20000,606,Source One Financial Services,AR,,0,0,AR118,Business First
253816,eavila,37445.74,180,Auto Approval,"Midwest RV and Vans, Inc. -IN137",Canopy Financial,IN,Terre Haute,2026-08-31,2026-09-01,,2026,RV,New,593,27.94,3.85,jharrington1,,1336,7.64,3500,3500,false,,,8.64,Core,Not Applicable,0.98,0,,0,38065,750,Ideal Credit Union,TX, mac mclelland,1,1,IN137,Not Applicable
253992,mlomedico,84377.27,204,Auto Approval,Blue Compass RV - Springfield - MO229,Blue Compass,MO,Strafford,2026-08-31,2026-09-02,,2026,RV,New,641,36.78,8.56,jweller,,2996,9.74,0,18000,false,,,11.24,Core,Core,0.98,0,,0,85737,724,Source One Financial Services,MO, blaine sherrill,1,1,MO229,Core
253773,jrubi,46805.12,144,Booked,Little Guy Trailers - SCA171,,CA,San Diego,2026-08-31,2026-08-31,2026-09-02,2027,RV,New,,23.57,1.93,jrubi,3001,97,7.49,3000,3000,false,2627,277,6.99,Core,Core,1.23,468.05,1,0,38083,855,Source One Financial Services,CA,,1,0,SCA171,Core
253920,eavila,24669.16,180,Approved,"Vantage Recreational Finance, Inc. -FL291",VRF,FL,FORT LAUDERDALE,2026-08-31,2026-08-31,,2026,Boat,New,764,36.32,3.45,S1House,,37,10.24,2700,2700,false,,,11.74,Core,Core,1.11,0,,0,22151.55,695,Source One Financial Services,MS, trenton cott,1,1,FL291,Core
253991,hhisek,9572.6,60,Pending,BUDS RV WORLD - KY101,,KY,Madisonville,2026-08-31,,,2026,RV,New,,40.18,2.35,jharrington1,,,10.99,500,500,false,,,11.49,Core,Core,0.68,0,,0,14074,714,Source One Financial Services,SD, tom kimmel,0,0,KY101,Core
253896,mnava,17799,144,Auto Approval,"Vantage Recreational Finance, Inc. -FL291",VRF,FL,FORT LAUDERDALE,2026-08-31,2026-08-31,,2021,RV,Used,,18.41,3.36,S1House,,33,14.49,2000,2000,false,,,15.49,Silver 1,Silver 1,0.86,0,,0,20700,654,Source One Financial Services,TX, brian decastro,1,1,FL291,Silver
253801,mnava,30708.74,180,Auto Approval,ANGLERS CHOICE - MARTINSVILLE - VA100,,VA,MARTINSVILLE,2026-08-31,2026-09-01,,2018,Boat,Used,,14.49,6.28,jsmith,,1334,8.49,0,11000,false,,,9.74,Core,Not Applicable,0.86,0,,0,35890,771,Connexus Credit Union,VA, brian shuler,1,1,VA100,Not Applicable
253787,hhisek,38915.34,180,Decline,Gil Cherry Family RV Center LLC -TX130,,TX,Sweetwater,2026-08-31,,,2027,RV,New,,43.35,6.31,gott,,76,13.74,4000,4000,false,,,14.74,Silver 1,Not Applicable,0.95,0,,0,41094,658,Ideal Credit Union,TX, pierre simmons,0,0,TX130,Not Applicable
253843,Jhill,17602.54,144,Auto Approval,Clear Creek Camping LLC-TX396,,TX,Abilene,2026-08-31,2026-08-31,,2021,RV,Used,,3.74,1.55,gott,,51,10.49,4000,4000,false,,,11.99,Core,Core,1.13,0,,0,15600,714,Source One Financial Services,TX, mark connally,1,1,TX396,Core
253906,rsimmons,18517,144,Decline,SYLACAUGA MARINE AND ATV INC - AL101,,AL,SYLACAUGA,2026-08-31,,,2016,Boat,Used,,39.91,3.24,jsmith,,31,14.99,2200,2200,false,,,15.99,Silver 1,Silver 1,1.32,0,,0,14000,654,Source One Financial Services,AL, robb peoples,0,0,AL101,Silver
253910,eavila,29479.62,180,Conditional Approval,Rock Solid Funding LLC - TX536,RSF,TX,BEDFORD,2026-08-31,2026-08-31,,2025,RV,New,744,29.13,3.12,S1House,,37,9.49,9200,99,false,,,10.99,Core,Core,1.3,0,,0,22704,760,Source One Financial Services,MA, ashley rogers,1,1,TX536,Core
253679,sbaker,12876.69,120,Pending,BLUE COMPASS RV - SOUTH HOUSTON  - TX421,Blue Compass,TX,Alvin,2026-08-31,2026-08-31,,2018,RV,Used,729,27.38,1.87,gott,,24,9.49,3000,3000,false,,,9.99,Core,Core,1.06,0,,0,12200,800,Source One Financial Services,TX, frank carranza,0,0,TX421,Core
253973,hhisek,69965.02,180,Auto Approval,Gulf Coast Marine -TX266,,TX,Corpus Christi,2026-08-31,2026-09-02,,2021,Boat,Used,675,37.39,2.76,gott,,2375,10.74,8000,8000,false,,,12.24,Core,Core,1.11,0,,0,63155,689,Source One Financial Services,TX, melisa dlabaja,1,1,TX266,Core
254028,eavila,13279.5,72,Auto Approval,Georgia Campers - GA145,,GA,Newman,2026-08-31,2026-09-02,,2017,RV,Used,,31.39,4.39,jsmith,,2571,12.35,7446,7446,false,,,12.35,Silver 1,Not Applicable,0.8,0,,0,16600,663,Ideal Credit Union,AL, gustavo egidi,1,1,GA145,Not Applicable
253815,rsimmons,37806.77,204,Auto Approval,BLUE COMPASS RV - LUBBOCK - TX117,Blue Compass,TX,Lubbock,2026-08-31,2026-08-31,,2014,RV,Used,,24.52,5.31,gott,,16,11.24,2500,2500,false,,,12.74,Core,Core,0.89,0,,0,42588,726,Source One Financial Services,TX, walker hale,1,1,TX117,Core
253733,avera,13746.57,84,Auto Approval,Bogue RV - NC131,,NC,newport,2026-08-31,2026-08-31,,2019,RV,Used,693,17.62,3.29,jsmith,,79,10.49,2400,2400,false,,,11.99,Core,Core,1.09,0,,0,12600,769,Source One Financial Services,OH, matt weiler,1,1,NC131,Core
254019,,29085.72,144,Auto Decline,BLUE COMPASS RV - DALLAS - TX147,Blue Compass,TX,Mesquite,2026-08-31,,,2027,RV,New,,36.82,11.06,gott,,0,22.99,5000,5000,false,,,23.99,Bronze,Bronze,1,0,,0,29024.5,613,Source One Financial Services,TX,,0,0,TX147,Business First
253845,Jhill,24000,204,Auto Approval,Campers Inn Kings Mountain -NC108,Campers Inn,NC,Kings Mountain,2026-08-31,2026-08-31,,2026,RV,New,,25.28,2.16,jsmith,,43,9.99,5000,7000,false,,,11.49,Core,Core,0.81,0,,0,29570.75,710,Source One Financial Services,SC, hunter lee,1,1,NC108,Core
253903,sbaker,40939.36,180,Decline,Susquehanna Valley RV - Bloomsburg - PA116,,PA,Bloomsburg,2026-08-31,,,2027,RV,New,,28.32,14.06,jharrington1,,26,12.49,0,0,false,,,13.49,Silver 1,Silver 1,0.99,0,,0,41378,676,Source One Financial Services,PA, udele bingaman,0,0,PA116,Silver
253907,lgrace,64986.06,204,Auto Approval,BLUE COMPASS RV  COLUMBUS-OH210,Blue Compass,OH,DELAWARE,2026-08-31,2026-09-01,,2026,RV,New,,25.59,6.48,jharrington1,,1369,13.49,6500,6500,false,,,14.49,Silver 1,Silver 1,1.03,0,,0,62815,667,Source One Financial Services,OH, steven duty,1,1,OH210,Silver
253853,,32849.95,180,Auto Decline,Coastal Recreaction Center LLC - FL283,,FL,Ormond Beach,2026-08-31,,,2027,RV,New,,32.3,5.82,pcarter,,0,14.99,3000,3000,false,,,15.99,Silver 2,Silver 2,1.22,0,,0,26963,627,Source One Financial Services,FL,,0,0,FL283,Silver
254005,ccampos,19992.79,144,Auto Approval,Rock Solid Funding LLC - TX536,RSF,TX,BEDFORD,2026-08-31,2026-08-31,,2019,RV,Used,689,7.35,1.47,S1House,,51,10.49,5000,5000,false,,,11.99,Core,Core,0.88,0,,0,22700,754,Source One Financial Services,TX, amy derryberry,1,1,TX536,Core
253760,sbaker,50218.45,180,Auto Approval,Liberty RV-MO107,,MO,Liberty,2026-08-31,2026-09-01,,2026,RV,New,,29.63,8.96,jweller,,1864,10.24,5300,5300,false,,,11.74,Core,Core,0.77,0,,0,65452,684,Source One Financial Services,MO, shawn wiegers,1,1,MO107,Core
254031,eavila,21097.52,144,Decline,Fun Town Rv/Angelo RV LLC -TX247,Fun Town,TX,San Angelo,2026-08-31,2026-09-01,,2023,RV,Used,,51.5,2.91,gott,,1360,11.25,2200,2200,false,,,11.5,Silver 1,Not Applicable,0.81,0,,0,26150,641,Ideal Credit Union,TX, brenden boggs,0,0,TX247,Not Applicable
253982,ccampos,19399,180,Decline,"Vantage Recreational Finance, Inc. -FL291",VRF,FL,FORT LAUDERDALE,2026-08-31,,,2017,RV,Used,,26.37,4.5,S1House,,16,16.24,2500,2500,false,,,17.24,Silver 1,Silver 1,0.71,0,,0,27335,640,Source One Financial Services,IA, brian decastro,0,0,FL291,Silver
253881,,26983.04,144,Auto Decline,Pittsburg RV - ETX126,EPIC,TX,Pittsburg,2026-08-31,,,2025,RV,New,,32.64,5.65,S1House,,0,16.99,2500,2500,false,,,17.99,Silver 2,Silver 2,1.2,0,,0,22560,602,Source One Financial Services,GA,,0,0,ETX126,Silver
254010,pmeza,11424.07,120,Auto Approval,Rocky Ridge RV - Tyler - TX574,Rocky Ridge,TX,Tyler,2026-08-31,2026-08-31,,2025,RV,Used,739,22.91,0.53,gott,,55,9.49,2755,2755,false,,,11.24,Core,Core,1.2,0,,0,9550,760,Source One Financial Services,TX, brandon barsh,1,1,TX574,Core
253672,,55496.09,240,Auto Decline,OPTIMUM RV OCALA - FL162,Optimum RV,FL,OCALA,2026-08-31,,,2017,RV,Used,,28.85,6.14,pcarter,,0,16.24,15000,15000,false,,,17.24,Silver 2,Silver 2,0.95,0,,0,58465,627,Source One Financial Services,MA,,0,0,FL162,Silver
253743,,75169.25,240,Auto Decline,V Force Marine Orlando - FL292,,FL,Longwood,2026-08-31,,,2026,Boat,New,,41.34,9.17,pcarter,,0,22.99,8500,8500,false,,,23.99,Bronze,Bronze,1.05,0,,0,71292,578,Source One Financial Services,FL,,0,0,FL292,Business First
253856,pmeza,6836.21,72,Booked,Woody Futrell Marine & Aircraft - AR138,,AR,Nashville,2026-08-31,2026-08-31,2026-08-31,2021,Boat,Used,,41.39,1.03,jweller,430,227,12.49,5000,5000,false,199,4,12.99,Core,Core,0.57,136.72,2,0,11890,695,Source One Financial Services,TX, mary balch,1,0,AR138,Core
253851,ccampos,20199,180,Decline,"Vantage Recreational Finance, Inc. -FL291",VRF,FL,FORT LAUDERDALE,2026-08-31,,,2022,RV,Used,,33.56,9.4,S1House,,24,14.49,2000,2000,false,,,15.49,Silver 1,Silver 1,0.91,0,,0,22300,651,Source One Financial Services,IN, alphonzo bowe,0,0,FL291,Silver
253994,,38987.45,180,Auto Decline,BLUE COMPASS RV - FT WORTH - TX420,Blue Compass,TX,Fort Worth,2026-08-31,,,2026,RV,New,,33.4,3.51,gott,,0,22.99,4000,4000,false,,,23.99,Bronze,Bronze,0.98,0,,0,39865,576,Source One Financial Services,TX,,0,0,TX420,Business First
253868,mnava,40272.46,144,Conditional Approval,UNLIMITED RV - MO192,,MO,INDEPENDENCE,2026-08-31,2026-08-31,,2027,RV,New,,24.07,7.28,jweller,,181,9.99,4000,4000,false,,,10.49,Core,Not Applicable,1.03,0,,0,39166,696,Connexus Credit Union,MO, nate donaldson,1,1,MO192,Not Applicable
253999,ccampos,39465.15,204,Conditional Approval,Fun Town RV-Giddings -TX314,Fun Town,TX,Giddings,2026-08-31,2026-08-31,,2026,RV,New,,25.64,9.66,gott,,42,11.99,7000,33000,false,,,12.99,Silver 1,Silver 1,0.52,0,,0,75779,665,Source One Financial Services,TX, thomas jordan,1,1,TX314,Silver
253916,avera,31995.92,204,Conditional Approval,"Campers Inn RV of Myrtle Beach, Inc - SC109",Campers Inn,SC,Myrtle Beach,2026-08-31,2026-08-31,,2021,RV,Used,,36.5,2.95,jsmith,,43,12.74,3350,3350,false,,,13.74,Silver 1,Silver 1,1.03,0,,0,31150,668,Source One Financial Services,NC, dion sexton,1,1,SC109,Silver
253924,pmeza,27785,144,Decline,Midway Auto & RV - Billings - MT107,,MT,Billings,2026-08-31,,,2024,RV,Used,547,31.79,4.42,dzilberchtein,,6,9.74,0,8000,false,,,11.24,Core,Core,0,0,,0,0,723,Source One Financial Services,MT,,0,0,MT107,Core
253726,hhisek,27201.95,180,Auto Approval,Bish's RV of Fairfield - SCA178,Bish's RV,CA,Fairfield,2026-08-31,2026-09-01,,2020,RV,Used,684,21.66,1.73,jrubi,,1923,10.74,1000,6000,false,,,12.24,Core,Core,1.14,0,,0,23800,696,Source One Financial Services,CA, david mcclanahan,1,1,SCA178,Core
253755,jharrington1,64000,180,Auto Approval,Indian Valley Camping Center Inc- PA119,,PA,Souderton,2026-08-31,2026-08-31,,2026,RV,New,,27.95,2.71,jharrington1,,58,7.49,5000,-9000,false,,,8.99,Core,Core,1.22,0,,0,52631,837,Source One Financial Services,PA,,1,1,PA119,Core
253889,rsimmons,27438.09,180,Decline,Hilltop Trailer Sales- Brainerd -MN2003,,MN,Brainerd,2026-08-31,,,2018,RV,Used,,37.03,5.83,S1House,,27,13.74,500,500,false,,,14.74,Silver 1,Silver 1,1.08,0,,0,25500,670,Source One Financial Services,MN, toni turk,0,0,MN2003,Silver
253744,hhisek,48706.27,180,Approved,Fun Town Rv/Angelo RV LLC -TX247,Fun Town,TX,San Angelo,2026-08-31,2026-08-31,,2026,RV,New,,33.44,7.14,gott,,8,9.99,2500,2500,false,,,11.49,Core,Core,1.03,0,,0,47464,712,Source One Financial Services,TX, brenden boggs,1,1,TX247,Core
253940,rsimmons,47478.95,240,Auto Approval,Budget RVs of Texas -TX109,,TX,Royse City,2026-08-31,2026-08-31,,2019,RV,Used,,20.22,2.63,gott,,12,8.49,8000,8000,false,,,9.99,Core,Core,1.03,0,,0,45980,826,Source One Financial Services,TX, benny nordin,1,1,TX109,Core
254023,mnava,40779.1,180,Approved,BLUE COMPASS RV - CANTON - TX226,Blue Compass,TX,Wills Point,2026-08-31,2026-08-31,,2021,RV,Used,,19.65,9.05,gott,,87,14.49,4200,4200,false,,,15.49,Silver 1,Silver 1,0.88,0,,0,46250,647,Source One Financial Services,TX, dave leflore,1,1,TX226,Silver
253792,eavila,37727.29,144,Auto Approval,Fun Town RV Amarillo - TX508,Fun Town,TX,Amarillo,2026-08-31,2026-09-01,,2026,RV,New,,23.28,4.78,gott,,1384,11.49,3880,3880,false,,,11.74,Not Applicable,Not Applicable,0.9,0,,0,41887,677,Connexus Credit Union,AL, eric adams,1,1,TX508,Not Applicable
253969,lgrace,54034.9,240,Auto Approval,NewCoast - Boatzon - FL356,Marine Max,FL,Oldsmar,2026-08-31,2026-08-31,,2026,RV,New,,26.71,1.76,S1House,,11,8.24,5758.1,5758.1,false,,,9.74,Core,Core,1.03,0,,0,52394,778,Source One Financial Services,WI, dan welte,1,1,FL356,Core
253935,lgrace,10416.79,120,Auto Decline,Pete's RV Center - Chesapeake - VA113,Pete's RV,VA,Chesapeake,2026-08-31,,,2024,RV,Used,,48.42,3.09,jsmith,,23,12.49,3000,3000,false,,,13.49,Silver 1,Silver 1,0.96,0,,0,10890,661,Source One Financial Services,NC, jason loper,0,0,VA113,Silver
253695,rsimmons,89655.28,144,Decline,JOHNNY'S RV SUPERSTORE LLC - AL124,,AL,THEODORE,2026-08-31,,,2013,RV,Used,,25.29,10.17,jsmith,,8,8.99,30000,30000,false,,,10.49,Core,Core,0.65,0,,0,137005,803,Source One Financial Services,FL, jamie zimmerman,0,0,AL124,Core
254003,eavila,76301.82,204,Auto Approval,Blue Compass RV - Lexington - KY153,Blue Compass,KY,Georgetown,2026-08-31,2026-09-01,,2019,RV,Used,653,32.23,4.64,jharrington1,,1091,10.49,0,8500,false,,,11.99,Core,Core,0.82,0,,0,92974,705,Source One Financial Services,KY, bobby brantley,1,1,KY153,Core
253719,hhisek,38477.75,180,Auto Approval,Casita Travel Trailers - TX563,RDS,TX,Rice,2026-08-31,2026-08-31,,2026,RV,New,,35.96,6.05,gott,,15,7.99,3500,3500,false,,,9.49,Core,Core,1.08,0,,0,35608,783,Source One Financial Services,TX, andy krier,1,1,TX563,Core
253677,sdelarosa,17689.82,180,Decline,Blue Compass RV - Concord - NC154,Blue Compass,NC,Concord,2026-08-31,,,2018,RV,Used,,6.63,6.63,jsmith,,39,11.24,3000,3000,false,,,12.74,Core,Core,0.76,0,,0,23200,695,Source One Financial Services,NC, aidan ahern,0,0,NC154,Core
253938,mnava,22207.25,180,Decline,Gregg Orr Marine - Hot Springs - AR123,,AR,Hot Springs,2026-08-31,,,2026,Boat,New,,13.91,4.01,jweller,,42,13.74,3000,3000,false,,,14.74,Silver 1,Silver 1,1.18,0,,0,18889,645,Source One Financial Services,AR, alistair cook,0,0,AR123,Silver
253978,ahunt,26144.78,180,Booked,SMITH MOTOR CO OF HATTIESBURG INC - MS107,,MS,HATTIESBURG,2026-08-31,2026-09-02,2026-09-02,2027,Boat,New,,29.01,1.33,jsmith,2774,2556,12.49,6000,6000,false,218,0,13.49,Silver 1,Silver 1,0.94,1045.79,4,0,27672.61,677,Source One Financial Services,MS, elizabeth aycox,1,0,MS107,Silver
253908,hhisek,23882.07,144,Pending,NXTLVL Marine LLC - TX502,,TX,New Braunfels,2026-08-31,2026-08-31,,2026,Boat,New,,23.36,4.5,gott,,9,13.74,8000,8000,false,,,14.74,Silver 1,Silver 1,1.1,0,,0,21696,646,Source One Financial Services,TX, melanie stehling,0,0,TX502,Silver
254006,ccampos,20784.09,180,Decline,BISH'S RV OF KALISPELL - MT105,Bish's RV,MT,KALISPELL,2026-08-31,,,2027,RV,New,,48.07,3.43,dzilberchtein,,40,10.24,2000,2000,false,,,11.74,Core,Core,0.93,0,,0,22440,683,Source One Financial Services,MT, dylan higgins,0,0,MT105,Core
253855,avera,58448.73,180,Auto Approval,Abel's Marine - FL343,,FL,Port Charles,2026-08-31,2026-09-03,,2026,Boat,New,766,28.8,3.41,wstoutimore,,4362,8.74,12000,12000,false,,,7.39,Core,Core,0.61,0,,0,95690,762,Source One Financial Services,FL,,1,1,FL343,Core
253990,hhisek,64774.88,180,Decline,Golden Triangle Homes and RV Inc -TX179,,TX,Vidor,2026-08-31,,,2026,RV,New,,36.98,8.08,gott,,2,22.99,0,0,false,,,23.99,Silver 1,Silver 1,0.94,0,,0,69200,642,Source One Financial Services,TX, jeremiah harrington,0,0,TX179,Silver
253681,Jhill,103273.23,204,Conditional Approval,BLUE COMPASS RV - DENTON - TX148,Blue Compass,TX,Denton,2026-08-31,2026-08-31,,2026,RV,New,,31.57,8.04,gott,,39,9.49,11000,11000,false,,,10.99,Core,Core,0.99,0,,0,103795,753,Source One Financial Services,TX, chad pickens,1,1,TX148,Core
253707,ccampos,17558.5,144,Auto Approval,Ketelsen RV - IA121,,IA,Hiawatha,2026-08-31,2026-08-31,,2025,RV,New,,19.7,4.01,gcoulombe,,37,10.24,2600,2600,false,,,11.74,Core,Core,0.86,0,,0,20523,695,Source One Financial Services,IA, brandon skaggs,1,1,IA121,Core
253964,,28741,180,Auto Decline,"Kris Willis RV, LLC -MO127",,MO,Dexter,2026-08-31,,,2027,RV,New,,1.55,0.72,jweller,,0,22.99,0,0,false,,,23.99,Bronze,Bronze,0.83,0,,0,34815,542,Source One Financial Services,MO,,0,0,MO127,Business First
253780,lgrace,34872.88,180,Approved,BOAT AND MOTOR SUPERSTORES PALM HARBOUR - FL155,,FL,PALM HARBOUR,2026-08-31,2026-08-31,,2008,Boat,Used,,27.22,5.09,wstoutimore,,79,14.74,20000,20000,false,,,15.74,Silver 1,Silver 1,0.83,0,,0,42240,675,Source One Financial Services,FL, diandra cannon,1,1,FL155,Silver
253750,jharrington1,13594.91,120,Booked,BUDS RV WORLD - KY101,,KY,Madisonville,2026-08-31,2026-09-03,2026-09-03,2026,RV,New,,14.8,1.51,jharrington1,4536,4528,7.49,0,0,false,8,0,6.99,Core,Core,0.97,135.95,1,0,14074,833,Source One Financial Services,TN, tom kimmel,1,0,KY101,Core
254002,ccampos,17327.1,144,Booked,Ideal RVs INC - FL228,,FL,Lakeland,2026-08-31,2026-09-02,2026-09-02,2022,RV,Used,,26.06,1.69,wstoutimore,2762,2720,7.99,0,0,false,42,0,9.49,Core,Core,0.53,1039.63,6,0,32600,835,Source One Financial Services,FL, john yanis,1,0,FL228,Core
254014,,35096,102,Auto Decline,BOBBY WAYNES RV - SCA111,,CA,LANCASTER,2026-08-31,,,2026,RV,New,,80.42,5.3,jrubi,,0,14.99,5000,5000,false,,,15.99,Silver 2,Silver 2,0.99,0,,0,35433,636,Source One Financial Services,CA,,0,0,SCA111,Silver
253741,Jhill,38663.55,180,Approved,Sky Marine - Orlando - FL307,,FL,Sanford,2026-08-31,2026-08-31,,2027,Boat,New,,12.69,11.71,pcarter,,5,7.49,4300,4300,false,,,8.99,Core,Core,1.14,0,,0,34000,832,Source One Financial Services,FL, lisa pruchniewski,1,1,FL307,Core
253942,mlomedico,29051.19,180,Auto Approval,The Boat Dock LTD - IL214,,IL,Springfield,2026-08-31,2026-09-03,,2023,RV,Used,617,22.72,2.86,gcoulombe,,4063,10.24,2000,590,false,,,11.74,Core,Core,1,0,,0,29000,727,Source One Financial Services,IL, sue gardner,1,1,IL214,Core
253783,lgrace,29044.88,204,Booked,Blue Compass RV - North Atlanta - GA158,Blue Compass,GA,Buford,2026-08-31,2026-09-01,2026-09-02,2026,RV,New,,18.71,7.07,jsmith,3015,1899,9.99,3000,3000,false,1116,0,11.49,Core,Core,1.04,1742.69,6,0,28040.25,716,Source One Financial Services,GA, roland boughton,1,0,GA158,Core
253911,hhisek,30347.53,144,Decline,Fun Town RV Ottawa LLC - KS125,Fun Town,KS,Ottawa,2026-08-31,,,2026,RV,New,656,26.32,3.78,jweller,,87,13.74,3000,3000,false,,,14.74,Silver 1,Not Applicable,0.86,0,,0,35243,654,Connexus Credit Union,CO, john lucas,0,0,KS125,Not Applicable
253724,Jhill,35206.69,180,Auto Approval,RV Station LTD - Donna -TX289,,TX,Donna,2026-08-31,2026-08-31,,2027,RV,New,,39.26,4.84,gott,,18,9.99,3000,3000,false,,,11.49,Core,Core,1.06,0,,0,33094,720,Source One Financial Services,TX, sonia leal,1,1,TX289,Core
253888,,24785,144,Auto Decline,Wilder RV -MO108,,MO,Clinton,2026-08-31,,,2021,RV,Used,,48.53,3.97,jweller,,0,14.49,0,0,false,,,15.49,Silver 1,Silver 1,1.13,0,,0,22000,652,Source One Financial Services,MO,,0,0,MO108,Silver
254018,eavila,52835.46,240,Decline,Fun Town RV - Cleburne -TX108,Fun Town,TX,Cleburne,2026-08-31,,,2026,RV,New,,34.39,8.33,S1House,,24,8.74,26000,26000,false,,,10.24,Core,Core,0.62,0,,0,85013,762,Source One Financial Services,TX, laci boulware,0,0,TX108,Core
253661,lgrace,150000,180,Conditional Approval,Intercoastal Financial Group LLC - 17401746,IFG,FL,Vero Beach,2026-08-31,2026-08-31,,2012,Boat,Used,,39.75,7.08,S1House,,654,11.24,218000,218000,false,,,12.49,Core,Core,0.43,0,,0,350000,740,Source One Financial Services,FL, phil swaun,1,1,17401746,Core
253826,avera,58277.29,204,Decline,BLUE COMPASS RV  COLUMBUS-OH210,Blue Compass,OH,DELAWARE,2026-08-31,,,2027,RV,New,,15.94,3.93,jharrington1,,24,13.74,6000,6000,false,,,14.74,Silver 1,Silver 1,0.85,0,,0,68500,658,Source One Financial Services,OK, steven duty,0,0,OH210,Silver
253862,sbaker,72409,180,Auto Approval,SMITH MOTOR CO OF HATTIESBURG INC - MS107,,MS,HATTIESBURG,2026-08-31,2026-08-31,,2027,Boat,New,,38.92,4.84,jsmith,,151,7.49,7690,7690,false,,,8.74,Core,Not Applicable,0.97,0,,0,74603.15,731,Connexus Credit Union,AL, elizabeth aycox,1,1,MS107,Not Applicable
253788,lgrace,81361.75,240,Approved,Sky Marine - Orlando - FL307,,FL,Sanford,2026-08-31,2026-08-31,,2026,Boat,New,,41.11,10.28,pcarter,,32,9.74,4300,4300,false,,,11.24,Core,Core,1.16,0,,0,70064.86,722,Source One Financial Services,FL, lisa pruchniewski,1,1,FL307,Core
254017,mlomedico,15641.66,144,Auto Approval,Alabama Campers Tuscaloosa-AL161,,AL,Tuscaloosa,2026-08-31,2026-08-31,,2019,RV,Used,,46.8,2.3,jsmith,,21,8.49,3600,3600,false,,,9.99,Core,Core,1.3,0,,0,12050,809,Source One Financial Services,MS, anne huntsinger,1,1,AL161,Core
253860,hhisek,17684,180,Decline,Fun Town RV - Little Rock - AR126,Fun Town,AR,Bryant,2026-08-31,,,2022,RV,Used,698,56.15,1.54,jweller,,4,7.99,4000,4000,false,,,9.49,Core,Core,1.07,0,,0,16500,832,Source One Financial Services,AR, wade meeks,0,0,AR126,Core
254027,eavila,38952.72,180,Decline,RCD RV - Medina - OH206,,OH,medina,2026-08-31,,,2027,RV,New,,32.23,8.03,jharrington1,,12,12.49,5000,5000,false,,,13.49,Silver 1,Silver 1,1,0,,0,39017,667,Source One Financial Services,OH, nathan olesh,0,0,OH206,Silver
253818,rsimmons,46616.57,180,Booked,GREAT AMERICAN RV SUPERSTORE-HATTIESBURG - MS113,,MS,HATTIESBURG,2026-08-31,2026-09-01,2026-09-01,2026,RV,New,687,40.28,3.01,jsmith,1724,1643,7.99,0,0,false,79,2,8.99,Core,Core,0.98,1864.66,4,0,47375,796,Source One Financial Services,MS, ryan campbell,1,0,MS113,Core
253776,eavila,36393.39,180,Auto Approval,Moix RV - McGaugh Outpost - AR136,,AR,Springdale,2026-08-31,2026-08-31,,2026,RV,New,620,41.25,3.01,jweller,,72,9.99,2000,2000,false,,,11.49,Core,Core,0.84,0,,0,43350,704,Source One Financial Services,AR, bobby wood,1,1,AR136,Core
253688,sbaker,44124.58,180,Auto Approval,Boaters World - Bradenton - FL229,,FL,Bradenton,2026-08-31,2026-09-01,,2016,Boat,Used,,23.89,5.29,wstoutimore,,1534,8.49,10000,10000,false,,,9.99,Core,Core,0.66,0,,0,67055,822,Source One Financial Services,FL, hussein saleh,1,1,FL229,Core
253703,lgrace,59179.76,180,Decline,"Midwest RV and Vans, Inc. -IN137",Canopy Financial,IN,Terre Haute,2026-08-31,,,2026,RV,New,,18.89,10.73,jharrington1,,73,12.49,10000,10000,false,,,13.49,Silver 1,Not Applicable,0.82,0,,0,71968,679,Connexus Credit Union,IN, mac mclelland,0,0,IN137,Not Applicable
253904,avera,76301.82,204,Conditional Approval,Blue Compass RV - Lexington - KY153,Blue Compass,KY,Georgetown,2026-08-31,2026-08-31,,2019,RV,Used,653,32.36,4.78,jharrington1,,61,10.99,0,8500,false,,,12.49,Core,Core,0.82,0,,0,92974,705,Source One Financial Services,KY, bobby brantley,1,1,KY153,Core
253930,,50182.34,240,Auto Decline,Ron Hoover - Odessa - TX495,Ron Hoover,TX,Odessa,2026-08-31,,,2027,RV,New,,44.23,5.85,gott,,0,14.99,500,500,false,,,15.99,Silver 2,Silver 2,1.3,0,,0,38667,635,Source One Financial Services,OK,,0,0,TX495,Silver
253869,rsimmons,60741.96,240,Auto Approval,Millican RV America - AL103,,AL,Hanceville,2026-08-31,2026-09-01,,2026,RV,New,,40.5,5.31,jsmith,,1440,9.24,6650,6650,false,,,10.24,Core,Core,1.16,0,,0,52277,770,Source One Financial Services,AL, tim hopkins,1,1,AL103,Core
253734,lgrace,21599,144,Decline,Wilson Marine - ESC116,EPIC,SC,Newberry,2026-08-31,,,2027,Boat,New,654,53.37,5.55,S1House,,19,9.99,0,0,false,,,11.49,Core,Core,1.3,0,,0,16633.37,708,Source One Financial Services,SC, donavon evenson,0,0,ESC116,Core
253955,hhisek,39299,180,Approved,"Vantage Recreational Finance, Inc. -FL291",VRF,FL,FORT LAUDERDALE,2026-08-31,2026-08-31,,2021,RV,Used,,28.95,3.92,S1House,,27,7.99,0,0,false,,,9.49,Core,Core,1.06,0,,0,36950,804,Source One Financial Services,CA, alphonzo bowe,1,1,FL291,Core
253936,mlomedico,30261.19,180,Verifications Incomplete,The Boat Dock LTD - IL214,,IL,Springfield,2026-08-31,2026-09-03,,2022,RV,Used,669,23.1,3.64,gcoulombe,,4267,9.99,500,500,false,,3,11.24,Core,Core,1.26,1513.06,5,0,24000,751,Source One Financial Services,IL, sue gardner,1,1,IL214,Core
253736,ccampos,29223.84,180,Decline,HI-WAY CAMPERS INC - CT104,,CT,Plainfield,2026-08-31,,,2020,RV,Used,657,60.29,4.21,gcoulombe,,36,14.49,0,5000,false,,,15.49,Silver 1,Silver 1,0.96,0,,0,30530,651,Source One Financial Services,CT, john riding,0,0,CT104,Silver
253784,pmeza,15426.08,120,Booked,Blue Compass RV - St. Louis - MO230,Blue Compass,MO,Eureka,2026-08-31,2026-08-31,2026-08-31,2018,RV,Used,,45.24,1.72,jweller,651,354,8.99,1426,1426,false,297,0,10.49,Core,Core,1.01,925.56,6,0,15265,800,Source One Financial Services,MO, alex kennard,1,0,MO230,Core
253790,Jhill,57269.48,204,Auto Approval,Blue Compass RV - San Antonio - TX572,Blue Compass,TX,San Antonio,2026-08-31,2026-08-31,,2027,RV,New,685,35.32,8.16,gott,,153,10.24,12000,12000,false,,,11.74,Core,Core,1.2,0,,0,47648,684,Source One Financial Services,TX, qyn loza,1,1,TX572,Core
253806,pmeza,92681.39,204,Booked,I-15 RV - SCA114,,CA,HESPERIA,2026-08-31,2026-08-31,2026-08-31,2026,RV,New,,29.45,9.43,jrubi,513,51,9.49,8000,8000,false,43,419,7.39,Core,Core,1.3,926.81,1,0,71165,744,Source One Financial Services,CA,,1,0,SCA114,Core
253983,lgrace,18309.57,144,Booked,"Carolina Camper Works, LLC - NC161",,NC,Knightdale,2026-08-31,2026-09-02,2026-09-02,2026,RV,New,840,32.07,1.05,jsmith,2773,2559,7.49,0,0,false,212,2,8.24,Core,Core,0.96,549.29,3,0,19159,827,Source One Financial Services,NC, teresa braswell,1,0,NC161,Core
253765,jharrington1,23473.82,180,Conditional Approval,BRITTBLAIR LLC - IN188,,IN,KOKOMO,2026-08-31,2026-08-31,,2026,RV,New,,26.92,2.69,jharrington1,,29,10.99,1200,1200,false,,,12.49,Core,Core,0.99,0,,0,23740,715,Source One Financial Services,IN, austin earley,1,1,IN188,Core
253764,ahunt,42045.93,180,Auto Approval,Cedar City RV  - ETN103,EPIC,TN,Lebanon,2026-08-31,2026-08-31,,2026,RV,New,,33.31,4.6,S1House,,24,8.74,0,0,false,,,10.24,Core,Core,0.98,0,,0,43071,763,Source One Financial Services,MS, mia williams,1,1,ETN103,Core
253775,ccampos,74935.6,204,Conditional Approval,La Mesa RV Center - Port St Lucie - FL314,La Mesa,FL,Port St Lucie,2026-08-31,2026-09-01,,2020,RV,Used,,22.46,9.24,pcarter,,1454,9.99,33301.41,29151.41,false,,,11.49,Core,Core,0.86,0,,0,87350,755,Source One Financial Services,FL, andrew lawson,1,1,FL314,Core
253975,,35931.85,180,Auto Decline,RCD RV - Medina - OH206,,OH,medina,2026-08-31,,,2019,RV,Used,,55.01,4.28,jharrington1,,0,13.74,30000,30000,false,,,14.74,Silver 1,Silver 1,0.56,0,,0,64075,670,Source One Financial Services,OH,,0,0,OH206,Silver
253897,pmeza,99154.5,180,Auto Approval,Dune Sport -AZ267,,AZ,Mesa,2026-08-31,2026-08-31,,2026,RV,New,,24.5,3.57,edominguez,,159,10.24,10955,10955,false,,,11.74,Core,Core,1.13,0,,0,88000,692,Source One Financial Services,SC,,1,1,AZ267,Core
253693,Jhill,14908.1,144,Decline,Campers Inn Louisville -IN138,Campers Inn,IN,Clarksville,2026-08-31,,,2026,RV,New,718,20.75,2.09,jharrington1,,33,7.99,1700,1700,false,,,9.49,Core,Core,0.69,0,,0,21621,781,Source One Financial Services,KY, mark unger,0,0,IN138,Core
253986,,101323.74,240,Auto Decline,Blue Compass RV - Post Falls - ID123,Blue Compass,ID,Post Falls,2026-08-31,,,2026,RV,New,637,44.37,7.7,ljablonoski,,0,14.99,10000,12500,false,,,15.99,Silver 2,Silver 2,1.03,0,,0,98550,638,Source One Financial Services,ID,,0,0,ID123,Silver
254026,pmeza,71655.87,240,Booked,Blue Compass RV - St. Louis - MO230,Blue Compass,MO,Eureka,2026-08-31,2026-09-01,2026-09-01,2026,RV,New,778,29.61,3.3,jweller,1360,1319,7.24,3800,-9517.63,false,20,21,8.74,Core,Core,1.56,4299.35,6,0,45902.5,818,Source One Financial Services,MO, alex kennard,1,0,MO230,Core
253811,lgrace,42501.56,204,Auto Approval,"Campers Inn RV of Myrtle Beach, Inc - SC109",Campers Inn,SC,Myrtle Beach,2026-08-31,2026-08-31,,2026,RV,New,608,44.7,7.09,jsmith,,10,8.99,500,500,false,,,10.49,Core,Core,0.99,0,,0,42998,747,Source One Financial Services,WV, dion sexton,1,1,SC109,Core
253831,mlomedico,17862.53,144,Decline,"EPIC FINANCE, LLC. - 17401748",EPIC,NC,WILMINGTON,2026-08-31,,,2025,Boat,New,,60.96,4.32,S1House,,23,9.99,4500,4500,false,,,11.49,Core,Core,0.59,0,,0,30306,708,Source One Financial Services,FL, donavon evenson,0,0,17401748,Core
253879,hhisek,53896.84,240,Decline,Cookeville RV and Marine - TN154,Easy Care,TN,Cookeville,2026-08-31,,,2026,RV,New,,55.82,3.67,jsmith,,3,8.74,0,0,false,,,10.24,Core,Core,1.01,0,,0,53203,764,Source One Financial Services,NC, bradley taylor,0,0,TN154,Core
253874,rsimmons,53243,240,Auto Approval,Liberty RV-MO107,,MO,Liberty,2026-08-31,2026-08-31,,2026,RV,New,,26.43,9.68,jweller,,197,8.74,20000,20000,false,,,10.24,Core,Core,0.78,0,,0,68160,767,Source One Financial Services,MO, carter filger,1,1,MO107,Core
253665,rsimmons,24743.76,180,Decline,Campers Inn RV of Knoxville E - TN160,Campers Inn,TN,Knoxville,2026-08-31,,,2022,RV,Used,,29.73,10.48,jsmith,,16,13.24,500,500,false,,,14.24,Silver 1,Silver 1,1.14,0,,0,21750,663,Source One Financial Services,TN, radu puraci,0,0,TN160,Silver
253846,Jhill,76380.76,204,Auto Approval,SUSQUEHANNA VALLEY RV - SELINSGROVE - PA115,,PA,SELINSGROVE,2026-08-31,2026-09-01,,2026,RV,New,,5.93,1.12,jharrington1,,1483,9.74,0,0,false,,,11.24,Core,Core,0.92,0,,0,82669,726,Source One Financial Services,PA, danielle wagner,1,1,PA115,Core
253834,rsimmons,74451,240,Conditional Approval,"Ron Hoover Companies of Corpus Christi, Inc -TX278",Ron Hoover,TX,Corpus Christi,2026-08-31,2026-08-31,,2026,Boat,New,,34.25,7,gott,,37,9.74,52000,54222.77,false,,,11.24,Core,Core,0.63,0,,0,118092,739,Source One Financial Services,TX, david carrillo,1,1,TX278,Core
253967,rsimmons,40154.8,240,Approved,Bish's RV of Birmingham - AL172,Bish's RV,AL,calera,2026-08-31,2026-08-31,,2026,RV,New,770,30.04,2.43,jsmith,,7,8.74,2400,6770.07,false,,,10.24,Core,Core,1.3,0,,0,30950.85,777,Source One Financial Services,AL, todd miillsap,1,1,AL172,Core
253749,eavila,21604.65,180,Auto Approval,Ski's Truck and RV Sales - IN213,Easy Care,IN,Rockville,2026-08-31,2026-08-31,,2022,RV,Used,,5.03,4.45,jharrington1,,125,10.74,3000,3000,false,,,12.24,Core,Core,1.03,0,,0,20950,689,Source One Financial Services,IN, jim lakes,1,1,IN213,Core
253958,mlomedico,18776.52,144,Auto Approval,GEORGIA RV OUTLET LLC - GA107,,GA,CARTERSVILLE,2026-08-31,2026-09-01,,2017,RV,Used,,21.13,2.71,jsmith,,1137,12.24,2800,2800,false,,,12.99,Core,Core,1.27,0,,0,14750,681,Source One Financial Services,GA, shawn deuber,1,1,GA107,Core
253708,hhisek,68277.16,240,Approved,Liberty Trail RV - Sulphur Springs - TX580,,TX,Sulphur Springs,2026-08-31,2026-08-31,,2026,RV,New,762,35.85,2.19,gott,,6,7.49,4800,4800,false,,,8.99,Core,Core,1,0,,0,67951.5,825,Source One Financial Services,TX, shawn ketchum,1,1,TX580,Core
253704,sbaker,33238,180,Auto Approval,Capital RV - Minot - ND118,Campers Inn,ND,Minot,2026-08-31,2026-08-31,,2022,RV,Used,,25.28,2.75,dzilberchtein,,508,9.99,5000,5000,false,,,11.49,Core,Core,0.98,0,,0,33950,749,Source One Financial Services,ND, michelle barber,1,1,ND118,Core
253980,hhisek,107052.08,240,Decline,Rock Solid Funding LLC - TX536,RSF,TX,BEDFORD,2026-08-31,,,2026,RV,New,,12.86,6.2,S1House,,6,8.74,2000,12000,false,,,10.24,Core,Core,1.17,0,,0,91228,775,Source One Financial Services,NM, serena pulliam,0,0,TX536,Core
253899,ccampos,194455.75,180,Decline,Intercoastal Financial Group LLC - 17401746,IFG,FL,Vero Beach,2026-08-31,,,2009,Boat,Used,,41.98,9.76,S1House,,164,11.49,35000,35000,false,,,12.74,Core,Core,0.91,0,,0,214000,755,Source One Financial Services,FL, nick brainard,0,0,17401746,Core
253870,hhisek,36492.2,180,Approved,Fun Town RV - Indianapolis - IN215,Fun Town,IN,Edinburgh,2026-08-31,2026-08-31,,2026,RV,New,848,25.4,4.37,jharrington1,,3,7.49,10000,10000,false,,,8.99,Core,Core,0.64,0,,0,56833.35,846,Source One Financial Services,IN, shawn hernandez,1,1,IN215,Core
254145,,16714,180,Auto Decline,MY RV SD - SCA112,,CA,EL CAJON,2026-09-01,,,2019,RV,Used,,16.88,3.47,jrubi,,0,22.99,1500,1500,false,,,23.99,Bronze,Bronze,0,0,,0,0,584,Source One Financial Services,CA,,0,0,SCA112,Business First
254067,rsimmons,19779.85,144,Auto Approval,Henderson Implement and Marine- LA116,,LA,Lake Charles,2026-09-01,2026-09-01,,2027,Boat,New,,12.6,1.51,gott,,12,7.49,15000,15000,false,,,8.49,Core,Core,0.7,0,,0,28183,865,Source One Financial Services,LA, corey harmon,1,1,LA116,Core
254243,ccampos,32962.11,204,Auto Approval,Boaters World - Lake Placid - FL349,,FL,Lake Placid,2026-09-01,2026-09-02,,2018,Boat,Used,685,21.58,1.49,wstoutimore,,1470,10.84,3200,10700,false,,,11.84,Core,Core,0.69,0,,0,47650,731,Source One Financial Services,FL, sarah ward,1,1,FL349,Core
254290,eavila,165524.63,180,Auto Approval,NASHVILLE RV - TN128,,TN,FRANKLIN,2026-09-01,2026-09-02,,2026,RV,New,,41.1,12.18,jsmith,,1390,9.5,17400,17400,false,,,10,Core,Not Applicable,1.07,0,,0,154481,726,Ideal Credit Union,MS, jason damewood,1,1,TN128,Not Applicable
254086,rsimmons,23827.84,180,Auto Approval,RV Station LTD - Bryan/College Station -TX193,,TX,College Station,2026-09-01,2026-09-01,,2021,RV,Used,,16.87,1.97,gott,,68,9.99,1500,1500,false,,,10.99,Core,Core,1.1,0,,0,21750,726,Source One Financial Services,TX, curtis hunsinger,1,1,TX193,Core
254241,lgrace,53900.98,240,Auto Approval,MIDWEST MARINE BOAT CO - EMO113,EPIC,MO,Grandview,2026-09-01,2026-09-02,,2027,Boat,New,,25.42,3.57,S1House,,1163,10.24,2600,2600,false,,,11.24,Core,Core,1.25,0,,0,43084,710,Source One Financial Services,MO, mia williams,1,1,EMO113,Core
254239,ccampos,38449.7,120,Conditional Approval,Intercoastal Financial Group LLC - 17401746,IFG,FL,Vero Beach,2026-09-01,2026-09-01,,2007,Boat,Used,,38.36,4.45,S1House,,24,10.84,500,500,false,,,12.09,Core,Core,1.07,0,,0,35970,763,Source One Financial Services,NJ, karen floyd,1,1,17401746,Core
254252,,53811.05,240,Auto Decline,Demontrond Automotive Group-TX397,,TX,Houston,2026-09-01,,,2017,RV,Used,649,71.84,7.63,gott,,0,16.99,3000,3000,false,,,17.74,Silver 2,Silver 2,1.01,0,,0,53196,637,Source One Financial Services,TX,,0,0,TX397,Silver
254202,,13023.76,180,Auto Decline,PKB RVs- WV108,Canopy Financial,WV,Parkersburg,2026-09-01,,,2011,RV,Used,,37.16,7.13,jharrington1,,0,19.74,1300,1300,false,,,20.49,Silver 2,Silver 2,0.75,0,,0,17270,634,Source One Financial Services,OH,,0,0,WV108,Silver
254117,mlomedico,43080.85,180,Decline,"Vantage Recreational Finance, Inc. -FL291",VRF,FL,FORT LAUDERDALE,2026-09-01,,,2024,RV,Used,,43.09,8.66,S1House,,24,14.24,1600,1600,false,,,14.99,Silver 1,Silver 1,1.1,0,,0,39155,660,Source One Financial Services,FL, linda lemire,0,0,FL291,Silver
254298,,27140,144,Auto Decline,RV CENTRAL - MI431,,MI,MOUNT PLEASANT,2026-09-01,,,2025,RV,New,,35.05,5.98,dzilberchtein,,0,17.99,0,0,false,,,18.74,Silver 2,Silver 2,0.71,0,,0,37964,624,Source One Financial Services,NC,,0,0,MI431,Silver
254251,sbaker,15204.89,168,Auto Approval,A and L RV Sales - Christiana TN103,,TN,Christiana,2026-09-01,2026-09-01,,2026,RV,New,684,38.33,1.14,jsmith,,15,9.84,2000,2000,false,,,10.84,Core,Core,0.71,0,,0,21505,738,Source One Financial Services,TN, delta york,1,1,TN103,Core
254179,Jhill,28855.83,204,Booked,Blue Compass RV - Tyler - TX552,Blue Compass,TX,Tyler,2026-09-01,2026-09-02,2026-09-03,2026,RV,Used,651,31.12,2.35,gott,2991,1810,10.34,2500,2500,false,1181,0,11.84,Core,Core,1.26,1731.35,6,0,22850,688,Source One Financial Services,TX, clay coleman,1,0,TX552,Core
254072,thovey,47692.08,180,Auto Approval,NewCoast - Boatzon - FL356,Marine Max,FL,Oldsmar,2026-09-01,2026-09-01,,2027,RV,New,,24.89,4.06,S1House,,23,8.74,15000,15000,false,,,10.24,Core,Core,1.08,0,,0,44110,777,Source One Financial Services,AZ, dan welte,1,1,FL356,Core
254227,rsimmons,49917.71,180,Auto Approval,Phil Dill Boats -TX104,OneWater,TX,Lewisville,2026-09-01,2026-09-02,,2015,Boat,Used,739,38.65,4.19,gott,,1119,9.24,0,0,false,,,10.74,Core,Core,1.16,0,,0,43075,781,Source One Financial Services,TX, baily blackney,1,1,TX104,Core
254064,avera,23766,180,Conditional Approval,Fun Time Campers -IN122,,IN,Indianapolis,2026-09-01,2026-09-01,,2022,RV,Used,770,20.43,1.19,jharrington1,,37,7.99,4620,-128,false,,,8.99,Core,Core,1.13,0,,0,20950,840,Source One Financial Services,IN, hank bainbridge-blocker,1,1,IN122,Core
254269,ahunt,37861.12,180,Auto Approval,Gil Cherry Family RV Center LLC -TX130,,TX,Sweetwater,2026-09-01,2026-09-01,,2027,RV,New,,19.44,2.52,gott,,133,9.84,4000,4000,false,,,10.84,Core,Core,1.01,0,,0,37540,726,Source One Financial Services,TX, rick posey,1,1,TX130,Core
254176,hhisek,21968.84,180,Auto Approval,FUN TOWN RV CONROE -TX400,Fun Town,TX,CONROE,2026-09-01,2026-09-02,,2026,RV,New,,24.56,4.2,gott,,1190,11.34,1000,1000,false,,,12.84,Core,Core,1.04,0,,0,21201,689,Source One Financial Services,TX, angela morrell,1,1,TX400,Core
254300,pmeza,26341.9,204,Auto Approval,CAMPERS INN RV OF RALEIGH INC - NC109,Campers Inn,NC,SELMA,2026-09-01,2026-09-01,,2022,RV,Used,,20.09,3.2,jsmith,,68,8.34,3000,3000,false,,,9.84,Core,Core,1,0,,0,26350,799,Source One Financial Services,NC, tressa row,1,1,NC109,Core
254193,,92600,240,Cancelled,Blue Compass RV - Park City-KS117,Blue Compass,KS,Park City,2026-09-01,,,2023,RV,Used,,0,0,jweller,,,22.99,0,6500,false,,,23.99,Bronze,Bronze,1.09,0,,0,85030,,Source One Financial Services,TX, kurt bull,0,0,KS117,Business First
254228,pmeza,19739.31,144,Decline,Rendel RV -TX235,Canopy Financial,TX,Rice,2026-09-01,,,2018,RV,Used,,33.63,2.03,gott,,23,14.74,3000,3000,false,,,15.49,Silver 1,Silver 1,1.05,0,,0,18755,677,Source One Financial Services,TX, mac mclelland,0,0,TX235,Silver
254268,pmeza,16226.71,180,Auto Decline,Sunshine RV - AZ210,,AZ,Lake Havasu City,2026-09-01,,,2017,RV,Used,649,42.63,4.78,edominguez,,44,19.24,8000,8000,false,,,19.99,Silver 2,Silver 2,0.78,0,,0,20800,634,Source One Financial Services,AZ, dennis mcellis,0,0,AZ210,Silver
254143,mlomedico,29575,180,Auto Approval,"EPIC FINANCE, LLC. - 17401748",EPIC,NC,WILMINGTON,2026-09-01,2026-09-01,,2016,RV,Used,,49.82,7.67,S1House,,32,10.99,14000,14000,false,,,11.99,Core,Core,0.72,0,,0,41114,726,Source One Financial Services,MD, mia williams,1,1,17401748,Core
254273,ccampos,61439,180,Auto Approval,"Vantage Recreational Finance, Inc. -FL291",VRF,FL,FORT LAUDERDALE,2026-09-01,2026-09-02,,2015,RV,Used,813,34.39,4.95,S1House,,1225,8.49,4000,8500,false,,,9.49,Core,Core,1.21,0,,0,50976,890,Source One Financial Services,MN, emily stratton,1,1,FL291,Core
254151,sdelarosa,208743.42,240,Decline,General RV - Fort Pierce - FL235,General RV,FL,Fort Pierce,2026-09-01,,,2026,RV,New,743,19.04,9.6,pcarter,,1671,8.34,35000,37360.09,false,,,9.84,Core,Not Applicable,1.06,0,,0,196327.55,771,Ideal Credit Union,FL, sofiane yahiaoui,0,0,FL235,Not Applicable
254058,pmeza,29694.65,144,Auto Approval,Heartland Marine -MO131,,MO,Sunrise Beach,2026-09-01,2026-09-02,,2008,Boat,Used,654,17.45,3.77,jweller,,1540,15.24,3000,3000,false,,,15.99,Silver 1,Silver 1,1,0,,0,29694.65,656,Source One Financial Services,MO, ashley maass,1,1,MO131,Silver
254043,,11272.42,120,Auto Decline,East Coast RV - PA111,,PA,Bedford,2026-09-01,,,2017,RV,Used,,29.24,4.54,jharrington1,,0,22.99,0,0,false,,,23.99,Bronze,Bronze,0.99,0,,0,11350,616,Source One Financial Services,PA,,0,0,PA111,Business First
254242,Jhill,87880.01,240,Decline,JEFF COUCHS CAMPERS -OH107,Jeff Couchs,OH,Trenton,2026-09-01,,,2027,RV,New,,56.59,7.15,jharrington1,,45,10.24,10000,10000,false,,,11.74,Core,Core,1.03,0,,0,85298,703,Source One Financial Services,IN, bryon spencer,0,0,OH107,Core
254226,,33593,180,Auto Decline,Longview RV Inc-CT108,,CT,Windor Locks,2026-09-01,,,2026,RV,New,,5.42,0.63,gcoulombe,,0,22.99,2000,4000,false,,,23.99,Bronze,Bronze,0.78,0,,0,43066,615,Source One Financial Services,CT,,0,0,CT108,Business First
254301,mnava,117135.59,240,Decline,BLUE COMPASS RV - DENTON - TX148,Blue Compass,TX,Denton,2026-09-01,,,2027,RV,New,,36.73,7.58,gott,,50,8.34,13100,13100,false,,,9.84,Core,Core,1.04,0,,0,112194,765,Source One Financial Services,TX, chad pickens,0,0,TX148,Core
254275,pmeza,10803.99,120,Conditional Approval,Harper RV LLC - EKS105,EPIC,KS,Harper,2026-09-01,2026-09-01,,2020,RV,Used,880,39.88,3.08,S1House,,54,8.24,2535,2535,false,,,9.24,Core,Core,1.26,0,,0,8600,868,Source One Financial Services,KS, david bounphasaysonh,1,1,EKS105,Core
254170,lgrace,45341.65,180,Decline,CLEVELAND RV - GA125,,GA,CLEVELAND,2026-09-01,,,2024,RV,Used,668,30.51,3.43,jsmith,,174,14.24,4600,4600,false,,,14.99,Silver 1,Not Applicable,0.89,0,,0,51000,674,Connexus Credit Union,GA, cleveland rv,0,0,GA125,Not Applicable
254216,mnava,61146.77,180,Conditional Approval,NXTLVL Marine LLC - TX502,,TX,New Braunfels,2026-09-01,2026-09-01,,2021,Boat,Used,,38.62,8.91,gott,,46,8.24,20200,20200,false,,,9.24,Core,Core,1.05,0,,0,58295,844,Source One Financial Services,TX, melanie stehling,1,1,TX502,Core
254124,lgrace,137984,240,Contract Received,BAY MARINE INC - GA103,,GA,KENNESAW,2026-09-01,2026-09-03,,2024,Boat,New,,29.35,7.8,jsmith,,2735,7.99,20000,20000,false,,9,6.99,Core,Core,0.98,0,,0,141455,815,Source One Financial Services,TN, angi bruton,1,1,GA103,Core
254156,mnava,32940.53,180,Auto Approval,TOP NOTCH MARINE - FL183,,FL,Melboure,2026-09-01,2026-09-01,,2027,Boat,New,,22.1,2.64,pcarter,,101,7.74,3000,6950,false,,,8.74,Core,Core,1.2,0,,0,27518,876,Source One Financial Services,FL, greg silvers,1,1,FL183,Core
254237,,25000,180,Auto Decline,East Coast RV - PA111,,PA,Bedford,2026-09-01,,,2027,RV,New,,17.81,7.97,jharrington1,,0,22.99,5000,5000,false,,,23.99,Bronze,Bronze,0.72,0,,0,34836,553,Source One Financial Services,PA,,0,0,PA111,Business First
254285,eavila,32425.74,180,Decline,Uwharrie RV  (740 Motors) - NC125,,NC,Albemarle,2026-09-01,,,2027,RV,New,,65.53,7.67,jsmith,,26,9.99,4000,4000,false,,,10.99,Core,Core,1.47,0,,0,22114,729,Source One Financial Services,NC, chris lais,0,0,NC125,Core
254214,hhisek,128172.17,240,Decline,Austin Water Sports Inc dba Ski Dock -TX190,,TX,Austin,2026-09-01,,,2026,Boat,New,645,37.83,5.3,gott,,95,10.24,0,25000,false,,,11.24,Core,Not Applicable,1.22,0,,0,105435,704,Connexus Credit Union,TX, kevin brown,0,0,TX190,Not Applicable
254054,rsimmons,17119,120,Auto Approval,Easy Camping RV - IA141,,IA,Nevada,2026-09-01,2026-09-01,,2020,RV,Used,734,29.5,1.98,gcoulombe,,213,7.99,0,0,false,,,8.99,Core,Core,0.99,0,,0,17300,807,Source One Financial Services,IA, ryan jensen,1,1,IA141,Core
254284,,17289.19,144,Auto Decline,Seguin RV Inc -TX201,,TX,Seguin,2026-09-01,,,2022,RV,Used,,35.46,2.29,gott,,0,16.99,4000,4000,false,,,17.74,Silver 2,Silver 2,0.83,0,,0,20950,620,Source One Financial Services,OR,,0,0,TX201,Silver
254225,thovey,90600.43,240,Auto Approval,RV'S OF AMERICA - COLORADO SPRINGS  - CO150,,CO,COLORADO SPRINGS,2026-09-01,2026-09-01,,2027,RV,New,,14.05,1.64,dzilberchtein,,165,7.99,20000,26950,false,,,8.99,Core,Core,0.97,0,,0,93005,796,Source One Financial Services,CO, anthony downs,1,1,CO150,Core
254080,Jhill,33651.71,144,Decline,EMPIRE RV and MARINE - TX463,,TX,LIBERTY,2026-09-01,,,2015,RV,Used,643,51.43,6.2,gott,,21,13.74,3000,3100,false,,,14.49,Silver 1,Silver 1,0.84,0,,0,40000,665,Source One Financial Services,TX, john zolfaghari,0,0,TX463,Silver
254147,,15233.55,144,Auto Decline,Auction Direct RV - FL319,,FL,Ocala,2026-09-01,,,2022,RV,Used,,34.11,6.91,pcarter,,0,18.74,2000,2000,false,,,19.49,Silver 2,Silver 2,0.95,0,,,16000,630,Source One Financial Services,FL,,0,0,FL319,Silver
254128,lgrace,12135,144,Decline,SKAGGS RV OUTLET - KY113,,KY,ELIZABETHTOWN,2026-09-01,,,2021,RV,Used,,623.9,2.34,jharrington1,,19,8.24,2000,3000,false,,,9.24,Core,Core,1.12,0,,0,10800,840,Source One Financial Services,KY, donnie simoneit,0,0,KY113,Core
254211,thovey,40212.44,240,Auto Approval,Bourbon RV - MO167,,MO,Bourbon,2026-09-01,2026-09-01,,2027,RV,New,674,37.86,2.78,jweller,,281,9.74,4000,4000,false,,,10.74,Core,Core,1.09,0,,0,36787,701,Source One Financial Services,TX, devian williams,1,1,MO167,Core
254131,mlomedico,56890.15,240,Booked,"Vantage Recreational Finance, Inc. -FL291",VRF,FL,FORT LAUDERDALE,2026-09-01,2026-09-02,2026-09-03,2018,Boat,Used,,41.34,2.52,S1House,3039,1644,9.99,5000,5000,false,1325,70,10.99,Core,Core,1.09,2275.61,4,0,52335,764,Source One Financial Services,TX, jennifer richter,1,0,FL291,Core
254235,pmeza,35111.95,180,Decline,Mid Kansas Marine and RV Inc. - EKS102,EPIC,KS,Andover,2026-09-01,,,2026,Boat,New,,23.84,3.82,S1House,,122,9.84,5000,5000,false,,,10.84,Core,Not Applicable,1.1,0,,0,31920,727,Connexus Credit Union,KS, donavon evenson,0,0,EKS102,Not Applicable
254194,pmeza,41768.23,240,Auto Approval,"Boaters Exchange, LLC -FL294",,FL,Rockledge,2026-09-01,2026-09-01,,2026,Boat,New,688,22.88,2.71,pcarter,,88,9.59,30000,30000,false,,,10.59,Core,Core,0.74,0,,0,56763,709,Source One Financial Services,FL, arianne friedrich,1,1,FL294,Core
254079,avera,48212.37,180,Booked,H and W Marine -TX151,,TX,Marshall,2026-09-01,2026-09-01,2026-09-03,2019,Boat,Used,,27.9,5.22,gott,3397,148,14.74,20000,20000,false,33,3216,15.49,Silver 1,Silver 1,0.72,1446.37,3,0,67280,662,Source One Financial Services,TX,,1,0,TX151,Silver
254121,Jhill,43279.24,240,Booked,Superior Boat Repair & Sales-ECA106,EPIC,CA,Rancho Cordova,2026-09-01,2026-09-03,2026-09-03,2020,Boat,Used,,36.57,2.85,S1House,3223,3205,8.09,4000,4000,false,17,1,9.09,Core,Core,0.99,1731.17,4,0,43630,814,Source One Financial Services,CA, sierra whitmire,1,0,ECA106,Core
254260,ccampos,44522.79,180,Decline,Rock Solid Funding LLC - TX536,RSF,TX,BEDFORD,2026-09-01,,,2022,RV,Used,694,11.91,2.42,S1House,,64,10.34,0,0,false,,,11.84,Core,Not Applicable,0.59,0,,0,75550,726,Connexus Credit Union,TX, caleb grassi,0,0,TX536,Not Applicable
254081,rsimmons,65914.58,240,Decline,DADS CAMPER OUTLET - GULFPORT - MS100,,MS,GULFPORT,2026-09-01,,,2026,RV,New,652,70.58,9.55,jsmith,,9,22.99,0,0,false,,,23.99,Core,Core,0.91,0,,0,72633,695,Source One Financial Services,MS, ricky arnaud,0,0,MS100,Core
254206,mnava,71701.93,240,Decline,Blue Compass RV - Orlando - FL337,Blue Compass,FL,Casselberry,2026-09-01,,,2027,RV,New,574,75.5,14.78,pcarter,,36,16.24,7200,7200,false,,,16.99,Silver 1,Silver 1,0.8,0,,0,89440,659,Source One Financial Services,FL, steven soto,0,0,FL337,Silver
254187,ccampos,100189.7,240,Decline,Intercoastal Financial Group LLC - 17401746,IFG,FL,Vero Beach,2026-09-01,,,2027,Boat,New,684,33.22,6.16,S1House,,81,10.09,12000,12000,false,,,11.34,Core,Core,1.01,0,,0,99085,708,Source One Financial Services,FL, joe burton,0,0,17401746,Core
254130,,34283.84,180,Auto Decline,Century Auto/RV -TX344,,TX,AMARILLO,2026-09-01,,,2022,RV,Used,587,53.15,7,gott,,0,22.99,0,17000,false,,,23.99,Bronze,Bronze,0.95,0,,,36000,541,Source One Financial Services,TX,,0,0,TX344,Business First
254122,mlomedico,29728.49,204,Auto Approval,Blue Compass RV - Park City-KS117,Blue Compass,KS,Park City,2026-09-01,2026-09-01,,2023,RV,Used,,38.22,3.05,jweller,,21,10.09,0,0,false,,,11.59,Core,Core,1.08,0,,0,27450,754,Source One Financial Services,KS, kurt bull,1,1,KS117,Core
254108,mnava,50372.79,180,Conditional Approval,Rock Solid Funding LLC - TX536,RSF,TX,BEDFORD,2026-09-01,2026-09-01,,2020,RV,Used,,39.93,2.44,S1House,,58,7.99,5000,5000,false,,,8.99,Core,Not Applicable,0.69,0,,0,73509,748,Connexus Credit Union,GA, amy derryberry,1,1,TX536,Not Applicable
254105,,36344.65,120,Auto Decline,HAPPY CAMPERS RV SALES and SERVICE - IN182,,IN,LAFAYETTE,2026-09-01,,,2022,RV,Used,,41.72,11.59,jharrington1,,0,22.99,6000,6000,false,,,23.99,Bronze,Bronze,0.96,0,,0,38000,609,Source One Financial Services,NC,,0,0,IN182,Business First
254276,hhisek,70219,240,Decline,Blue Compass RV - Katy - TX571,Blue Compass,TX,Katy,2026-09-01,,,2027,RV,New,,44.13,4.31,gott,,2,10.49,2500,2500,false,,,11.99,Core,Core,0.99,0,,0,71278,691,Source One Financial Services,TX, eddie johnson,0,0,TX571,Core
254190,hhisek,20152.72,180,Approved,GREAT AMERICAN RV SUPERSTORE-TUPELO - MS114,,MS,BELDEN,2026-09-01,2026-09-01,,2026,RV,New,,26.63,7.8,jsmith,,8,16.24,1900,1900,false,,,16.99,Silver 1,Silver 1,1.15,0,,0,17575,648,Source One Financial Services,MS, dj miller,1,1,MS114,Silver
254197,rsimmons,76137.75,240,Auto Approval,Sport-O-Motive -WI322,,WI,Appleton,2026-09-01,2026-09-01,,2026,Boat,Used,858,31.38,4.45,S1House,,55,7.74,26000,26000,false,,,8.74,Core,Core,1.06,0,,0,71610,818,Source One Financial Services,WI,,1,1,WI322,Core
254312,lgrace,75362,240,Decline,Giant RV - Montclair - SCA155,Giant RV,CA,Montclair,2026-09-01,,,2026,RV,New,,20.15,4.36,jrubi,,665,9.84,8000,8000,false,,,11.34,Core,Core,0.94,0,,0,79749,729,Source One Financial Services,CA, julio sanchez,0,0,SCA155,Core
254297,,72362.96,180,Auto Decline,San Antonio Rvs -TX265,,TX,Seguin,2026-09-01,,,2026,RV,New,,41.76,12.96,gott,,0,22.99,6000,8100,false,,,23.99,Bronze,Bronze,0.93,0,,0,77428,618,Source One Financial Services,TX,,0,0,TX265,Business First
254267,hhisek,11803.44,120,Booked,Fun Town RV-Denton -TX322,Fun Town,TX,Denton,2026-09-01,2026-09-01,2026-09-03,2021,RV,Used,,36.68,1.89,gott,2811,48,10.99,0,0,false,346,2417,11.99,Core,Core,0.96,472.14,4,0,12300,699,Source One Financial Services,TX, douglas santos,1,0,TX322,Core
254160,hhisek,54148.05,240,Decline,Crowder RV Center- TN109,Canopy Financial,TN,Johnson City,2026-09-01,,,2026,RV,New,646,67.51,8.91,jsmith,,11,9.74,3000,9945.91,false,,,11.24,Core,Core,1.41,0,,0,38406.5,741,Source One Financial Services,TN, mac mclelland,0,0,TN109,Core
254127,rsimmons,23927.55,180,Conditional Approval,Bent's RV - LA117,,LA,Boutte,2026-09-01,2026-09-01,,2026,RV,New,,12.44,1.72,gott,,12,8.84,4000,4000,false,,,9.84,Core,Core,0.9,0,,0,26681,765,Source One Financial Services,LA, louis lebreton,1,1,LA117,Core
254096,,39469.08,120,Auto Decline,"Hemlock Hill RV Sales, Inc-CT107",,CT,Southington,2026-09-01,,,2011,RV,Used,609,46.41,11.52,gcoulombe,,0,22.99,4000,4000,false,,,23.99,Bronze,Bronze,0.94,0,,0,42150,605,Source One Financial Services,CT,,0,0,CT107,Business First
254052,Jhill,25247.79,144,Auto Approval,Rock Solid Funding LLC - TX536,RSF,TX,BEDFORD,2026-09-01,2026-09-01,,2017,RV,Used,,27.65,1.84,S1House,,38,8.49,3000,3000,false,,,9.99,Core,Core,1.25,0,,0,20150,816,Source One Financial Services,NC, caleb grassi,1,1,TX536,Core
254205,,31266.52,180,Auto Decline,Texas Marine - Clear Lake -TX354,OneWater,TX,SEABROOK,2026-09-01,,,2019,Boat,Used,,19.64,7.08,gott,,0,16.99,19000,19000,false,,,17.74,Silver 2,Silver 2,0.68,0,,0,45690,622,Source One Financial Services,TX,,0,0,TX354,Silver
254178,Jhill,68414.64,240,Decline,Ron Hoover - Odessa - TX495,Ron Hoover,TX,Odessa,2026-09-01,,,2024,RV,Used,,40.52,11.32,gott,,32,14.24,6500,6500,false,,,14.99,Silver 1,Silver 1,1.08,0,,0,63505,661,Source One Financial Services,TX, leo correa,0,0,TX495,Silver
254181,,19911,72,Auto Decline,LA Boat Dealer - LA111,,LA,Metairie,2026-09-01,,,2003,Boat,Used,,0,0,gott,,0,22.99,15000,15000,false,,,23.99,Bronze,Bronze,1.03,0,,0,19250,,Source One Financial Services,TX,,0,0,LA111,Business First
254111,lgrace,24766.3,180,Booked,OWENSBORO RV - KY119,,KY,OWENSBORO,2026-09-01,2026-09-01,2026-09-01,2021,RV,Used,,33.94,7.07,jharrington1,338,321,9.99,2000,2000,false,16,1,10.99,Core,Core,1.52,990.65,4,0,16300,756,Source One Financial Services,KY, scott stacy,1,0,KY119,Core
254071,lgrace,216964.92,240,Auto Decline,General RV - Elizabethtown - PA112,General RV,PA,Elizabethtown,2026-09-01,,,2027,RV,New,642,63.24,23.52,jharrington1,,1643,10.24,5000,23500,false,,,11.74,Core,Core,1.19,0,,0,183089,686,Source One Financial Services,PA, chris coleman,0,0,PA112,Core
254186,Jhill,72729.97,180,Auto Approval,Fun Town RV Win LLC - OK109,Fun Town,OK,Thackerville,2026-09-01,2026-09-01,,2026,RV,New,,33.01,11.91,jweller,,70,9.84,0,0,false,,,11.34,Core,Core,1.02,0,,0,71495,722,Source One Financial Services,OK, rob miller,1,1,OK109,Core
254114,avera,50446.44,144,Conditional Approval,CAMPERS INN RV OF JACKSONVILLE NORTH - FL159,Campers Inn,FL,JACKSONVILLE,2026-09-01,2026-09-01,,2016,RV,Used,,18.8,8.13,pcarter,,143,9.59,6000,6000,false,,,11.09,Core,Core,0.91,0,,0,55540,804,Source One Financial Services,GA, jeff crane,1,1,FL159,Core
254217,,13591.29,120,Auto Decline,Rock Solid Funding LLC - TX536,RSF,TX,BEDFORD,2026-09-01,,,2026,RV,New,,35.83,4.89,S1House,,0,16.99,5000,5000,false,,,17.74,Silver 2,Silver 2,0.97,0,,0,14000,632,Source One Financial Services,FL,,0,0,TX536,Silver
254198,hhisek,24534,120,Decline,Fun Town RV - Little Rock - AR126,Fun Town,AR,Bryant,2026-09-01,,,2025,RV,New,,27.73,8.59,jweller,,45,16.24,3000,3000,false,,,16.99,Silver 1,Not Applicable,0.68,0,,0,36232,652,Connexus Credit Union,AR, wade meeks,0,0,AR126,Not Applicable
254167,mnava,10023,120,Auto Approval,Wana RV Center - IN218,,IN,Shipshewana,2026-09-01,2026-09-01,,2020,RV,Used,,27.37,2.03,jharrington1,,62,10.59,0,6500,false,,,11.59,Core,Core,0.68,0,,0,14750,712,Source One Financial Services,MI, derek roe,1,1,IN218,Core
254162,mnava,15571.88,144,Auto Approval,Western Skies RV - NV111,,NV,Reno,2026-09-01,2026-09-01,,2025,RV,New,,29.97,2.01,ljablonoski,,68,10.49,3000,3000,false,,,11.49,Core,Core,0.86,0,,0,18200,694,Source One Financial Services,NV, scott bailey,1,1,NV111,Core
254213,avera,149949.5,240,Conditional Approval,Intercoastal Financial Group LLC - 17401746,IFG,FL,Vero Beach,2026-09-01,2026-09-01,,2025,Boat,Used,,31.46,7.44,S1House,,291,9.09,31100,31100,false,,,10.34,Core,Core,0.94,0,,0,159770,755,Source One Financial Services,SC, nicole chaney,1,1,17401746,Core
254256,sbaker,24036,180,Booked,Erie Marine Sales - OH234,,OH,Sheffield Lake,2026-09-01,2026-09-03,2026-09-03,2021,Boat,Used,744,48.08,1.45,jharrington1,2951,2782,8.24,2500,2500,false,169,0,8.99,Core,Core,0.8,721.08,3,0,29916,819,Source One Financial Services,TX, shirley hetrick,1,0,OH234,Core
254292,mnava,30606.07,180,Decline,RV Station- Cleveland -TX312,,TX,Cleveland,2026-09-01,,,2024,RV,Used,,21.96,2.93,gott,,79,10.84,10000,10000,false,,,11.84,Core,Core,0.77,0,,0,39950,680,Source One Financial Services,TX, david grossman,0,0,TX312,Core
254305,thovey,88656.25,240,Auto Approval,FUN TOWN RV OK LLC - OK121,Fun Town,OK,OKLAHOMA CITY,2026-09-01,2026-09-02,,2026,RV,New,665,41.24,4.55,jweller,,1149,7.34,4350,4350,false,,,8.84,Core,Core,1.04,0,,0,84923,809,Source One Financial Services,TX, arthur fenimore,1,1,OK121,Core
254116,ccampos,94538,240,Decline,Recreation USA LLC - Myrtle Beach - SC134,,SC,Myrtle Beach,2026-09-01,,,2025,RV,New,,42.09,17.44,jsmith,,25,16.24,24500,24500,false,,,16.99,Silver 1,Silver 1,0.71,0,,0,133975,656,Source One Financial Services,NC, stan johnson,0,0,SC134,Silver
254271,,33962.42,180,Auto Decline,Blue Compass RV - Charlotte - NC153,Blue Compass,NC,Concord,2026-09-01,,,2027,RV,New,,36.72,9.28,jsmith,,0,22.99,3500,3500,false,,,23.99,Bronze,Bronze,0.9,0,,0,37850,591,Source One Financial Services,NC,,0,0,NC153,Business First
254068,ccampos,25332.79,180,Decline,Rock Solid Funding LLC - TX536,RSF,TX,BEDFORD,2026-09-01,,,2022,RV,Used,,54.67,4.78,S1House,,8,10.24,4000,4000,false,,,11.74,Core,Core,0.9,0,,0,28100,722,Source One Financial Services,LA, caleb grassi,0,0,TX536,Core
254283,ccampos,32697.82,180,Verifications Incomplete,Ashley Marine - Panama City -  FL255,,FL,Panama City,2026-09-01,2026-09-03,,2027,Boat,New,658,32.47,2.25,wstoutimore,,2803,10.09,20000,20000,false,,1,11.09,Core,Core,0.76,1307.91,4,0,43145.04,702,Source One Financial Services,AL, amy silas,1,1,FL255,Core
254253,lgrace,76437,204,Approved,NewCoast - Boatzon - FL356,Marine Max,FL,Oldsmar,2026-09-01,2026-09-01,,2009,Boat,Used,,25.67,4.08,S1House,,30,12.34,17400,17400,false,,,13.84,Core,Core,0.84,0,,0,90600,690,Source One Financial Services,KY, john womble,1,1,FL356,Core
254109,Jhill,56175,180,Auto Approval,Hawkeye Boat Sales - IA173,,IA,Dubuque,2026-09-01,2026-09-01,,2021,RV,Used,,33.57,3.58,gcoulombe,,13,10.84,5800,5800,false,,,11.84,Core,Core,0.83,0,,0,67650,697,Source One Financial Services,MI, josh billmeyer,1,1,IA173,Core
254136,ccampos,35000,144,Auto Approval,Paradise RV LLC - SC148,,SC,N Charleston,2026-09-01,2026-09-03,,2020,RV,Used,,33.15,7.51,jsmith,,3051,12.49,7062.5,7062.5,false,,,12.74,Silver 1,Not Applicable,1.18,0,,0,29550,676,Connexus Credit Union,SC,,1,1,SC148,Not Applicable
254293,jharrington1,36031.4,220,Booked,OWENSBORO RV - KY119,,KY,OWENSBORO,2026-09-01,2026-09-02,2026-09-02,2026,RV,New,727,42.3,3.36,jharrington1,1246,1065,7.99,0,0,false,181,0,8.99,Core,Core,1.08,1441.26,4,0,33238,791,Source One Financial Services,KY, scott stacy,1,0,KY119,Core
254137,mlomedico,27740.8,180,Decline,"Vantage Recreational Finance, Inc. -FL291",VRF,FL,FORT LAUDERDALE,2026-09-01,,,2020,RV,Used,,54.41,2.2,S1House,,20,10.74,25000,25000,false,,,12.24,Core,Core,0.61,0,,0,45650,717,Source One Financial Services,FL, stephanie peck,0,0,FL291,Core
254224,Jhill,43741.11,180,Auto Approval,FUN TOWN RV CONROE -TX400,Fun Town,TX,CONROE,2026-09-01,2026-09-01,,2026,RV,New,,18.92,3.26,gott,,35,16.24,4500,4500,false,,,16.99,Silver 1,Silver 1,0.87,0,,0,50494,652,Source One Financial Services,TX, angela morrell,1,1,TX400,Silver
254158,,33614,180,Auto Decline,Bullitt County Auto and RV Sales Inc - KY138,,KY,Shephersville,2026-09-01,,,2021,RV,Used,,20.14,8.73,jharrington1,,0,22.99,5000,5000,false,,,23.99,Bronze,Bronze,33614,0,,0,1,612,Source One Financial Services,KY,,0,0,KY138,Business First
254119,mlomedico,52034.75,180,Auto Approval,Campers Inn of Davenport - IA216,Campers Inn,IA,Davenport,2026-09-01,2026-09-01,,2024,RV,Used,,30.37,3.98,gcoulombe,,17,11.09,35000,2000,false,,,11.84,Core,Core,0.91,0,,0,57150,753,Source One Financial Services,TX, taj carter,1,1,IA216,Core
254073,rsimmons,85481.52,240,Decline,Campers Inn RV of Knoxville E - TN160,Campers Inn,TN,Knoxville,2026-09-01,,,2027,RV,New,762,65.06,11.62,jsmith,,23,8.74,0,0,false,,,10.24,Core,Core,1.05,0,,0,81427,773,Source One Financial Services,TN, radu puraci,0,0,TN160,Core
254210,pmeza,24473.01,204,Auto Approval,Moix RV - Conway - AR134,,AR,Conway,2026-09-01,2026-09-01,,2027,RV,New,664,19.57,2.12,jweller,,24,9.74,1199,1199,false,,,10.74,Core,Core,0.91,0,,0,26789,710,Source One Financial Services,AR, chad cantrell,1,1,AR134,Core
254095,,51516.42,240,Auto Decline,Four Seasons RV - Andover - KS130,,KS,Andover,2026-09-01,,,2026,RV,New,,48.11,12.15,jweller,,0,17.99,0,6200,false,,,18.74,Silver 2,Silver 2,1.03,0,,0,49991,629,Source One Financial Services,KS,,0,0,KS130,Silver
254185,thovey,22547,204,Approved,NewCoast - Boatzon - FL356,Marine Max,FL,Oldsmar,2026-09-01,2026-09-01,,2022,Boat,Used,788,50.06,0.72,S1House,,44,7.99,3450,3450,false,,,9.49,Core,Core,1.02,0,,0,22088,819,Source One Financial Services,TN, john womble,1,1,FL356,Core
254171,ccampos,34859.72,180,Auto Approval,General RV - Fort Myers - FL240,General RV,FL,Fort Myers,2026-09-01,2026-09-03,,2022,RV,Used,,36.36,10.5,wstoutimore,,2950,10.49,6155,6155,false,,,11.99,Core,Core,0.96,0,,0,36450,737,Source One Financial Services,FL, dustin knaggs,1,1,FL240,Core
254164,rsimmons,13295.94,144,Auto Approval,Seguin RV Inc -TX201,,TX,Seguin,2026-09-01,2026-09-01,,2020,RV,Used,,44.24,2.44,gott,,48,8.24,1400,1400,false,,,8.24,Core,Core,1.02,0,,0,13000,803,Source One Financial Services,TX, mark hatfield,1,1,TX201,Core
254311,lgrace,35744.28,180,Approved,Fun Town RV - Cleburne -TX108,Fun Town,TX,Cleburne,2026-09-01,2026-09-01,,2026,RV,New,,35.27,7.23,S1House,,7,10.09,3700,3700,false,,,11.59,Core,Core,0.89,0,,0,39948,718,Source One Financial Services,TX, laci boulware,1,1,TX108,Core
254138,mnava,47302.53,204,Auto Approval,"RV COUNTRY OREGON, LLC - COBURG - OR107",RV Country,OR,COBURG,2026-09-01,2026-09-01,,2025,RV,New,,18.21,7.06,ljablonoski,,36,10.24,3000,9552.38,false,,,11.74,Core,Core,1.24,0,,0,38016,717,Source One Financial Services,OR, mike mckean,1,1,OR107,Core
254218,rsimmons,30716.78,144,Decline,RV Station LTD- Katy -TX290,,TX,Katy,2026-09-01,,,2024,RV,Used,,19.45,3.86,gott,,14,14.24,3500,3500,false,,,14.99,Silver 1,Silver 1,0.88,0,,0,35000,675,Source One Financial Services,LA, jose acosta,0,0,TX290,Silver
254296,pmeza,76715,240,Decline,Blue Compass RV - Charleston - SC138,Blue Compass,SC,Ladson,2026-09-01,,,2025,RV,Used,,32.83,6.37,jsmith,,26,9.09,50000,50000,false,,,10.59,Core,Core,0.47,0,,0,162500,758,Source One Financial Services,SC, rebecca justus,0,0,SC138,Core
254037,avera,33112,180,Decline,"Lone Star RV Sales, INC -TX206",,TX,Houston,2026-09-01,,,2026,RV,New,,39.67,6.06,gott,,445,13.74,3422,3422,false,,,14.49,Silver 1,Silver 1,0.96,0,,0,34338,655,Source One Financial Services,TX,,0,0,TX206,Silver
254159,ccampos,12518.73,120,Auto Approval,LDRV of Tampa - FL340,Campers Inn,FL,Seffner,2026-09-01,2026-09-01,,2013,RV,Used,,18.59,3.41,wstoutimore,,36,9.09,12500,12500,false,,,10.59,Core,Core,0.37,0,,0,33600,820,Source One Financial Services,FL, craig haselbush,1,1,FL340,Core
254115,eavila,14650.55,120,Conditional Approval,South Florida Marine - EFL125,EPIC,FL,Boynton Beach,2026-09-01,2026-09-02,,2024,Boat,Used,854,26.22,2.28,S1House,,754,8.09,2500,9000,false,,,9.09,Core,Core,1.01,0,,0,14470,859,Source One Financial Services,FL, jp lixie,1,1,EFL125,Core
254152,avera,84768,240,Decline,NewCoast - Boatzon - FL356,Marine Max,FL,Oldsmar,2026-09-01,,,2009,Boat,Used,,57.86,6.37,S1House,,60,12.49,8600,8600,false,,,13.99,Core,Core,0.68,0,,0,125500,686,Source One Financial Services,TN, john womble,0,0,FL356,Core
254112,hhisek,42213.4,180,Conditional Approval,FUN TOWN RV CORSICANA LP- TX451,Fun Town,TX,CORSICANA,2026-09-01,2026-09-01,,2020,RV,Used,561,38.25,2.25,gott,,21,10.74,12000,19887.95,false,,,12.24,Core,Core,1.15,0,,0,36850,700,Source One Financial Services,TX, brenden boggs,1,1,TX451,Core
254286,ccampos,29646.9,180,Auto Approval,GREAT AMERICAN RV SUPERSTORE-HUNTSVILLE - AL146,,AL,TANNER,2026-09-01,2026-09-02,,2026,RV,New,,14.81,3.56,jsmith,,1397,10.09,3000,3000,false,,,11.09,Core,Core,0.79,0,,0,37510,701,Source One Financial Services,AL, joey wright,1,1,AL146,Core
254153,rsimmons,15364.88,144,Conditional Approval,PPL MOTORHOMES - CLEBURNE - TX440,,TX,CLEBURNE,2026-09-01,2026-09-01,,2021,RV,Used,816,4.17,2.48,gott,,12,8.24,7000,7000,false,,,9.24,Core,Core,1.11,0,,0,13800,828,Source One Financial Services,TX, wesley meyer,1,1,TX440,Core
254123,pmeza,83577.47,240,Decline,RV COUNTRY HOLDING CO - NV102,RV Country,NV,SPARKS,2026-09-01,,,2026,RV,New,699,26.26,9.2,ljablonoski,,15,16.24,12000,12000,false,,,16.99,Silver 1,Silver 1,1,0,,0,83366,656,Source One Financial Services,NV, tucker ugalde,0,0,NV102,Silver
254266,mnava,25078.2,204,Pending,RV'S OF AMERICA - COLORADO SPRINGS  - CO150,,CO,COLORADO SPRINGS,2026-09-01,2026-09-01,,2026,RV,New,,14.69,9.86,dzilberchtein,,25,15.74,8000,8000,false,,,16.49,Silver 1,Silver 1,1,0,,0,25200,646,Source One Financial Services,MO, anthony downs,0,0,CO150,Silver
254281,eavila,25904.33,180,Decline,Titan Auto & Rv Sales - AR117,,AR,Searcy,2026-09-01,,,2022,RV,Used,650,30.89,2.67,jweller,,22,22.99,2796.85,3296.85,false,,,23.99,Silver 1,Silver 1,1.12,0,,0,23045,668,Source One Financial Services,AR, dylan melton,0,0,AR117,Silver
254233,thovey,86099,240,Decline,"Vantage Recreational Finance, Inc. -FL291",VRF,FL,FORT LAUDERDALE,2026-09-01,,,2024,RV,Used,,34.55,12.6,S1House,,20,10.99,8500,8500,false,,,12.49,Core,Core,1.19,0,,0,72480,690,Source One Financial Services,CA, emily stratton,0,0,FL291,Core
254196,,49232.37,180,Auto Decline,Coastline Marine- TX541,,TX,Seabrook,2026-09-01,,,2017,Boat,Used,620,18.86,3.16,gott,,0,22.99,5000,5000,false,,,23.99,Bronze,Bronze,0.97,0,,0,50738,594,Source One Financial Services,TX,,0,0,TX541,Business First
254077,rsimmons,36495.5,180,Decline,BISHS RV OF LONGVIEW - TX473,Bish's RV,TX,LONGVIEW,2026-09-01,,,2026,RV,New,523,25.4,7.76,gott,,4,7.99,500,500,false,,,9.49,Core,Core,1.02,0,,0,35935,782,Source One Financial Services,TX, eddie vega,0,0,TX473,Core
254304,,14139,120,Auto Decline,Easy Camping RV - IA141,,IA,Nevada,2026-09-01,,,2022,RV,Used,,17.82,4.06,gcoulombe,,0,18.74,1400,1400,false,,,19.49,Silver 2,Silver 2,0.95,0,,0,14950,634,Source One Financial Services,WA,,0,0,IA141,Silver
254173,avera,115540.04,240,Decline,General RV - Tampa - FL238,General RV,FL,Dover,2026-09-01,,,2027,RV,New,,34.06,6.75,wstoutimore,,106,9.99,12000,34000,false,,,11.49,Core,Not Applicable,1.17,0,,0,98983,725,Connexus Credit Union,FL, sofiane yahiaoui,0,0,FL238,Not Applicable
254089,Jhill,72999.33,180,Auto Approval,Niemeyers-North -MN338,,MN,Albertville,2026-09-01,2026-09-01,,2026,RV,New,,38.7,3.89,S1House,,433,9.49,5000,5000,false,,,10.49,Core,Core,1.1,0,,0,66401,751,Source One Financial Services,IN, calvin richards,1,1,MN338,Core
254310,eavila,48812.58,180,Decline,Fun Town Rv/Angelo RV LLC -TX247,Fun Town,TX,San Angelo,2026-09-01,,,2026,RV,New,,52.36,6.65,gott,,15,10.24,3000,3000,false,,,11.74,Core,Core,1,0,,0,48594,714,Source One Financial Services,TX, brenden boggs,0,0,TX247,Core
254263,hhisek,32812.97,180,Auto Approval,Ashley Marine - Panama City -  FL255,,FL,Panama City,2026-09-01,2026-09-02,,2027,Boat,New,,23.6,3.3,wstoutimore,,1202,16.24,20000,20000,false,,,16.99,Silver 1,Silver 1,0.76,0,,0,43145,658,Source One Financial Services,AL, amy silas,1,1,FL255,Silver
254247,sdelarosa,32540.34,180,Conditional Approval,TAC RV - NC121,,NC,Moyock,2026-09-01,2026-09-01,,2026,RV,New,641,34.06,3.45,jsmith,,39,10.09,48000,48000,false,,,11.09,Core,Core,0.41,0,,0,79416,704,Source One Financial Services,CA, dana overman,1,1,NC121,Core
254133,pmeza,74190,240,Auto Approval,Blue Compass RV - Bowling Green - KY152,Blue Compass,KY,Bowling Green,2026-09-01,2026-09-01,,2026,RV,New,,10.56,0.88,jharrington1,,20,7.34,25000,25000,false,,,8.84,Core,Core,0.77,0,,0,96357,859,Source One Financial Services,FL, lane risetter,1,1,KY152,Core
254264,,70713.6,216,Auto Decline,RGV RV SALES - TX569,,TX,Mission,2026-09-01,,,2027,RV,New,,26.14,12.21,gott,,0,16.99,7500,7500,false,,,17.74,Silver 2,Silver 2,1.08,0,,0,65249,632,Source One Financial Services,TX,,0,0,TX569,Silver
254207,rsimmons,20750.68,180,Decline,Premier Yamaha Boating Center/Aransas -TX209,,TX,Aransas,2026-09-01,,,2021,Boat,Used,,44.38,2.85,gott,,1231,14.24,2000,2000,false,,,14.99,Silver 1,Silver 1,0.89,0,,0,23220,664,Source One Financial Services,TX, ashton janise,0,0,TX209,Silver
254070,ccampos,64124.42,180,Decline,TRAILER SOURCE INC - CO127,,CO,WHEAT RIDGE,2026-09-01,,,2024,RV,Used,685,48.29,7.52,dzilberchtein,,49,13.24,10000,12000,false,,,13.99,Silver 1,Not Applicable,1.08,0,,0,59400,665,Connexus Credit Union,CO, jared swell,0,0,CO127,Not Applicable
254113,lgrace,25623.76,180,Auto Approval,"EPIC FINANCE, LLC. - 17401748",EPIC,NC,WILMINGTON,2026-09-01,2026-09-01,,2008,Boat,Used,,30.53,3.19,S1House,,16,11.59,3000,3000,false,,,12.59,Core,Core,0.79,0,,0,32525,751,Source One Financial Services,TX, mia williams,1,1,17401748,Core
254258,hhisek,33547.25,180,Auto Approval,Fun Town RV- Waco-TX212,Fun Town,TX,Hewitt,2026-09-01,2026-09-01,,2026,RV,New,,24.69,2.51,gott,,19,10.34,4000,18500,false,,,11.84,Core,Core,0.65,0,,0,51984,699,Source One Financial Services,TX, matt peacock,1,1,TX212,Core
254148,lgrace,51815.53,240,Auto Approval,MOMENTUM MARINE - LAGRANGE - GA141,,GA,LAGRANGE,2026-09-01,2026-09-03,,2027,Boat,New,,35.74,3.45,jsmith,,3101,7.49,5300,5300,false,,,8.74,Core,Not Applicable,1.03,0,,0,50331.64,771,Connexus Credit Union,GA, wesley corley,1,1,GA141,Not Applicable
254177,mlomedico,15673.55,168,Auto Approval,Campers Inn - Prescott Valley- AZ329,Campers Inn,AZ,PRESCOTT VALLEY,2026-09-01,2026-09-02,,2017,RV,Used,,16.74,3.14,edominguez,,1365,10.74,3200,3200,false,,,12.24,Core,Core,1.27,0,,0,12350,756,Source One Financial Services,AZ, holly stocker,1,1,AZ329,Core
254144,hhisek,61922.67,200,Decline,Gil Cherry Family RV Center LLC -TX130,,TX,Sweetwater,2026-09-01,,,2026,RV,New,,15.67,9.18,gott,,3,16.24,6400,6400,false,,,16.99,Silver 1,Silver 1,0.78,0,,0,79360,654,Source One Financial Services,FL, rick posey,0,0,TX130,Silver
254288,eavila,44635.64,180,Auto Decline,Fun Town RV Factory Connect LLC-IN205,Fun Town,IN,Elkhart,2026-09-01,,,2026,RV,New,,61.58,13.45,jharrington1,,51,13.49,0,0,false,,,14.24,Silver 1,Silver 1,1.07,0,,0,41746,663,Source One Financial Services,IN, trever rizor,0,0,IN205,Silver
254287,mnava,48152.46,204,Auto Approval,SUSQUEHANNA VALLEY RV - SELINSGROVE - PA115,,PA,SELINSGROVE,2026-09-01,2026-09-01,,2025,RV,New,769,47.05,5.36,jharrington1,,62,7.74,500,715,false,,,8.74,Core,Core,1.11,0,,0,43401,839,Source One Financial Services,PA, danielle wagner,1,1,PA115,Core
254049,,78837.79,240,Auto Decline,Rock Solid Funding LLC - TX536,RSF,TX,BEDFORD,2026-09-01,,,2026,RV,New,,22.47,6.07,S1House,,0,14.99,8000,8000,false,,,15.74,Silver 2,Silver 2,1,0,,0,79000,631,Source One Financial Services,VA,,0,0,TX536,Silver
254212,,75848.01,240,Cancelled,RV Value Mart-Bethlehem-PA125,,PA,Bath,2026-09-01,,,2026,RV,New,,0,0,jharrington1,,,22.99,0,25000,false,,,23.99,Bronze,Bronze,0.81,0,,0,93200,,Source One Financial Services,PA, marty dieppa,0,0,PA125,Business First
254125,,86289,240,Auto Decline,Miles RV Center - NC165,,NC,Hendersonville,2026-09-01,,,2026,RV,Used,,27.84,24.87,jsmith,,0,9.59,4000,4000,false,,,10.59,Core,Core,0.81,0,,0,106613,751,Source One Financial Services,NC,,0,0,NC165,Core
254220,Jhill,32504.7,180,Decline,GREAT AMERICAN RV SUPERSTORE-TUPELO - MS114,,MS,BELDEN,2026-09-01,,,2026,RV,New,,14.64,12.58,jsmith,,13,16.24,10000,10000,false,,,16.99,Silver 1,Silver 1,0.96,0,,0,33939,645,Source One Financial Services,MS, dj miller,0,0,MS114,Silver
254085,Jhill,54792.9,240,Auto Approval,Boating Atlanta - GA133,,GA,Gainesville,2026-09-01,2026-09-01,,2019,Boat,Used,,30.77,3.62,jsmith,,31,8.49,6425.35,6425.35,false,,,9.49,Core,Core,1.18,0,,0,46330,811,Source One Financial Services,KY, josh haynes,1,1,GA133,Core
254222,sbaker,85503.83,180,Conditional Approval,CRESTVIEW RV SUPERSTORE - SELMA - TX484,Campers Inn,TX,SELMA,2026-09-01,2026-09-01,,2023,RV,Used,,30.72,4.42,gott,,30,10.49,0,0,false,,,11.99,Core,Core,1.11,0,,0,76912,736,Source One Financial Services,TX, tom allen,1,1,TX484,Core
254231,lgrace,128543.46,240,Pending,Longview RV Inc-CT108,,CT,Windor Locks,2026-09-01,,,2026,RV,New,720,25.13,12.45,gcoulombe,,,8.99,35000,35000,false,,,9.99,Core,Not Applicable,1.24,0,,0,103334,769,Connexus Credit Union,CT, dustin anders,0,0,CT108,Not Applicable
254065,sbaker,27093.13,144,Booked,Fun Town Rv/Angelo RV LLC -TX247,Fun Town,TX,San Angelo,2026-09-01,2026-09-03,2026-09-03,2026,RV,New,,34.52,3.57,gott,3210,2859,12.49,2400,2400,false,351,0,13.24,Silver 1,Silver 1,1.11,812.79,3,0,24500,675,Source One Financial Services,TX, brenden boggs,1,0,TX247,Silver
254100,mlomedico,249269.55,240,Decline,NewCoast - Boatzon - FL356,Marine Max,FL,Oldsmar,2026-09-01,,,2006,Boat,Used,,58.5,14.95,S1House,,12,12.49,167000,272000,false,,,13.99,Core,Core,0.52,0,,0,477000,697,Source One Financial Services,NJ, holly stringer,0,0,FL356,Core
254201,rsimmons,51014.83,240,Decline,SCENIC VIEW RV - VA109,,VA,WEST POINT,2026-09-01,,,2026,RV,New,683,28.65,5.53,jsmith,,45,9.84,5300,5300,false,,,10.84,Core,Core,1.02,0,,0,50055,738,Source One Financial Services,VA, nick bollhorst,0,0,VA109,Core
254261,pmeza,161213.57,240,Pending,Giant RV - Downey - SCA159,Giant RV,CA,Downey,2026-09-01,,,2024,RV,Used,,52.75,15.09,jrubi,,80,10.74,42000,8000,false,,,12.24,Core,Core,1.12,0,,0,144300,703,Source One Financial Services,CA, jeff caswell,0,0,SCA159,Core
254092,thovey,65854.18,240,Booked,GREAT AMERICAN RV SUPERSTORE- FL224,,FL,DEFUNIAK SPRINGS,2026-09-01,2026-09-02,2026-09-02,2026,RV,New,,14.5,14.12,wstoutimore,1668,1465,7.34,500,25500,false,203,0,8.34,Core,Core,0.81,2634.17,4,0,81580,810,Source One Financial Services,FL, ed savage,1,0,FL224,Core
254294,,25199.26,144,Auto Decline,BAILEY TOLIVER RV - BROWNFIELD - TX430,,TX,BROWNFIELD,2026-09-01,,,2027,RV,New,,7.84,6.96,gott,,0,22.99,2800,2800,false,,,23.99,Bronze,Bronze,0.85,0,,0,29572,573,Source One Financial Services,TX,,0,0,TX430,Business First
254094,,27778.5,120,Auto Decline,"Ron Hoover Companies of Donna, Inc -Tx277",Ron Hoover,TX,Donna,2026-09-01,,,2020,RV,Used,,31.33,8.97,gott,,0,22.99,6000,6000,false,,,23.99,Bronze,Bronze,0.6,0,,0,46495,542,Source One Financial Services,TX,,0,0,TX277,Business First
254074,lgrace,18158.64,144,Conditional Approval,Bish's RV of Murray - KY155,Bish's RV,KY,Almo,2026-09-01,2026-09-01,,2021,RV,Used,,19.91,2.86,jharrington1,,12,13.24,1900,1900,false,,,13.99,Silver 1,Silver 1,1.06,0,,0,17200,678,Source One Financial Services,KY, stormy pitts,1,1,KY155,Silver
254051,rsimmons,129684,204,Verifications Incomplete,Heartland Marine -MO131,,MO,Sunrise Beach,2026-09-01,2026-09-03,,2016,Boat,Used,844,22.65,3.14,jweller,,2874,8.34,14000,14000,false,,331,9.34,Core,Core,1.2,5187.36,4,0,108000,831,Source One Financial Services,MO, ashley maass,1,1,MO131,Core
254132,hhisek,30613.62,180,Auto Approval,Fun Town RV - North Detroit - MI447,Fun Town,MI,North Detroit,2026-09-01,2026-09-01,,2026,RV,New,,34.64,3.6,dzilberchtein,,115,9.59,0,0,false,,,11.09,Core,Core,1.04,0,,0,29324,754,Source One Financial Services,OH, tara back,1,1,MI447,Core
254302,eavila,47220,180,Auto Approval,Intercoastal Financial Group LLC - 17401746,IFG,FL,Vero Beach,2026-09-01,2026-09-02,,2014,Boat,Used,,21.43,1.48,S1House,,1256,10.49,5300,5300,false,,,11.74,Core,Core,0.98,0,,0,48000,766,Source One Financial Services,TX, michael hunt,1,1,17401746,Core
254088,rsimmons,47488.46,180,Decline,Buy RV Sell RV - MN826,,MN,Oronoco,2026-09-01,,,2022,RV,Used,,58.26,9.9,S1House,,10,9.24,10000,10000,false,,,10.24,Core,Core,0.82,0,,0,57652,766,Source One Financial Services,MN, candis novek,0,0,MN826,Core
254203,rsimmons,63085.16,240,Decline,Blue Compass RV - South Beumont - TX551,Blue Compass,TX,Vidor,2026-09-01,,,2027,RV,New,584,22.52,5.98,gott,,9,22.99,2000,2000,false,,,23.99,Core,Core,1.44,0,,0,43735,688,Source One Financial Services,TX, leah sligar,0,0,TX551,Core
254129,ccampos,24579.55,120,Auto Approval,A and L RV SALES LLC -Chocowinity - NC120,,NC,CHOCWINITY,2026-09-01,2026-09-01,,2020,RV,Used,668,20.84,4.76,jsmith,,78,12.49,2800,2800,false,,,12.74,Silver 1,Not Applicable,1,0,,0,24600,672,Connexus Credit Union,NC, ryan branch,1,1,NC120,Not Applicable
254280,hhisek,75892.96,180,Decline,Fun Town RV Amarillo - TX508,Fun Town,TX,Amarillo,2026-09-01,2026-09-01,,2026,RV,New,,57.89,5.95,gott,,1188,8.24,0,9585.11,false,,,9.74,Core,Core,1.14,0,,0,66316,785,Source One Financial Services,TX, eric adams,0,0,TX508,Core
254099,avera,29048.4,204,Pending,ANGLERS CHOICE - MARTINSVILLE - VA100,,VA,MARTINSVILLE,2026-09-01,2026-09-01,,2017,Boat,Used,,28.64,3.51,jsmith,,314,11.24,800,3778,false,,,12.24,Core,Core,1.06,0,,0,27475,715,Source One Financial Services,WV, brian shuler,0,0,VA100,Core
254061,lgrace,48941.65,180,Decline,CLEVELAND RV - GA125,,GA,CLEVELAND,2026-09-01,,,2024,RV,Used,,38.85,18.13,jsmith,,10,13.24,1000,1000,false,,,13.99,Silver 1,Silver 1,1.19,0,,0,40995,674,Source One Financial Services,GA, cleveland rv,0,0,GA125,Silver
254172,eavila,13699.25,120,Conditional Approval,MCLAUGHLINS RV and MARINE -ND112,,ND,FARGO,2026-09-01,2026-09-01,,2027,RV,New,,29.01,1.79,dzilberchtein,,20,9.59,1000,1000,false,,,10.59,Core,Core,0.8,0,,0,17019,751,Source One Financial Services,ND, nate thompson,1,1,ND112,Core
254180,mnava,20795,180,Decline,Bob Hurley RV OKCity - OK139,,OK,Oklahoma City,2026-09-01,,,2018,RV,Used,,32.55,1.68,jweller,,18,11.09,1000,1000,false,,,12.09,Core,Core,1.03,0,,0,20100,709,Source One Financial Services,TX, mike weatherford,0,0,OK139,Core
254042,avera,128871.04,240,Approved,Blue Compass RV - Tampa - FL301,Blue Compass,FL,Dover,2026-09-01,2026-09-01,,2026,RV,New,682,26.63,6.25,wstoutimore,,48,9.24,0,17389,false,,,10.74,Core,Core,0.9,0,,0,143880,724,Source One Financial Services,FL, peter beckingham,1,1,FL301,Core
254048,avera,20669.42,144,Decline,CAMPERS INN OF LEESBURG - FL156,Campers Inn,FL,FRUITLAND PARK,2026-09-01,,,2026,RV,New,,34.38,8.88,pcarter,,13,9.99,1000,1000,false,,,11.49,Core,Core,1.06,0,,0,19422.28,701,Source One Financial Services,FL, scott hayes,0,0,FL156,Core
254107,pmeza,31291.28,144,Conditional Approval,"Ron Hoover Companies of Donna, Inc -Tx277",Ron Hoover,TX,Donna,2026-09-01,2026-09-01,,2026,RV,New,,37.79,5.92,gott,,92,9.99,5160,5160,false,,,10.49,Core,Not Applicable,1.25,0,,0,25035.1,684,Connexus Credit Union,TX, julio pena,1,1,TX277,Not Applicable
254250,lgrace,107345.9,180,Auto Decline,Toho Marine & Outdoors - FL379,,FL,St. Cloud,2026-09-01,,,2027,Boat,New,,26.29,20.95,pcarter,,60,22.99,11000,11000,false,,,23.99,Core,Core,0,0,,0,0,699,Source One Financial Services,FL,,0,0,FL379,Core
254169,hhisek,73459.72,180,Decline,Terry Town RV Superstore -MI318,Selvius RV,MI,Grand Rapids,2026-09-01,,,2026,RV,New,,58.17,17.71,dzilberchtein,,94,9.74,500,500,false,,,11.24,Core,Core,0.68,0,,0,108388.3,742,Source One Financial Services,MI, richard whitbeck,0,0,MI318,Core
254182,sbaker,19515.54,120,Conditional Approval,AMERICA GO RV (Seguin) -TX419,,TX,SEGUIN,2026-09-01,2026-09-01,,2021,RV,Used,,15.63,4.83,gott,,114,12.74,2000,2000,false,,,12.74,Silver 1,Not Applicable,1,0,,0,19540,670,Connexus Credit Union,TX, tanner towsend,1,1,TX419,Not Applicable
254097,thovey,75106.31,200,Decline,Gil Cherry Family RV Center LLC -TX130,,TX,Sweetwater,2026-09-01,,,2024,RV,Used,542,17.59,3.62,gott,,7,14.24,0,7750,false,,,14.99,Silver 1,Silver 1,0.88,0,,0,85000,663,Source One Financial Services,TX, rick posey,0,0,TX130,Silver
254215,sbaker,23912.31,144,Decline,Camperland Trailer Sales Inc -TX167,,TX,Conroe,2026-09-01,,,2022,RV,Used,,20.21,3.12,gott,,1156,16.99,2500,2500,false,,,17.74,Silver 1,Not Applicable,0.85,0,,0,28100,648,Connexus Credit Union,TX, eduardo blancafort,0,0,TX167,Not Applicable
254063,Jhill,70072.79,180,Auto Approval,Rock Solid Funding LLC - TX536,RSF,TX,BEDFORD,2026-09-01,2026-09-01,,2025,RV,Used,690,20.15,5.5,S1House,,186,10.24,7000,7000,false,,,11.74,Core,Core,1.05,0,,0,66800,696,Source One Financial Services,NE, ashley rogers,1,1,TX536,Core
254246,thovey,22143.4,144,Decline,"Vantage Recreational Finance, Inc. -FL291",VRF,FL,FORT LAUDERDALE,2026-09-01,,,2023,Boat,Used,,46.27,7.04,S1House,,54,10.74,5000,5000,false,,,12.24,Core,Core,0.63,0,,0,35160,716,Source One Financial Services,FL, sean mccomas,0,0,FL291,Core
254307,thovey,249243,240,Auto Approval,TAYLORS BOATS INC - UT112,,UT,DRAPER,2026-09-01,2026-09-02,,2026,Boat,New,,27.07,3.79,ljablonoski,,1326,7.34,68000,68000,false,,,8.34,Core,Core,1.09,0,,0,228300,831,Source One Financial Services,NV,,1,1,UT112,Core
254262,Jhill,199769.94,240,Decline,Grander Marine LLC - AL162,,AL,Orange Beach,2026-09-01,,,2027,Boat,New,,18.87,4.34,jsmith,,13,13.49,64000,98000,false,,,14.24,Silver 1,Silver 1,0.83,0,,0,240000,660,Source One Financial Services,FL, keaton coleman,0,0,AL162,Silver
254248,,96018.46,240,Auto Decline,Jacksonville Marine Inc - FL103,,FL,Fleming Island,2026-09-01,,,2026,Boat,New,,52.17,10.15,pcarter,,0,13.49,10000,10000,false,,,14.24,Silver 1,Silver 1,1.15,0,,0,83373,664,Source One Financial Services,FL,,0,0,FL103,Silver
254076,sbaker,23788.91,180,Auto Approval,Gregg Orr Marine -TX365,,TX,TEXARKANA,2026-09-01,2026-09-03,,2026,Boat,Used,,14.58,3.47,jweller,,3035,8.24,10915,10915,false,,,9.24,Core,Core,1.21,0,,0,19618.5,792,Source One Financial Services,OK, chad jordan,1,1,TX365,Core
254219,sdelarosa,13443.76,72,Conditional Approval,Ideal RVs INC - FL228,,FL,Lakeland,2026-09-01,2026-09-02,,2017,RV,Used,,45.74,3.43,wstoutimore,,1350,9.05,20000,20000,false,,,9.55,Core,Not Applicable,0.36,0,,0,36890,761,Ideal Credit Union,FL, john yanis,1,1,FL228,Not Applicable
254238,pmeza,27564.3,204,Auto Approval,Blue Compass RV - Columbia - SC136,Blue Compass,SC,Lexington,2026-09-01,2026-09-01,,2026,RV,New,,26.9,2.52,jsmith,,189,9.59,3000,3000,false,,,11.09,Core,Core,0.86,0,,0,32153,706,Source One Financial Services,GA, taylor graziano,1,1,SC136,Core
254135,hhisek,38471.56,180,Decline,Clear Creek Camping LLC-TX396,,TX,Abilene,2026-09-01,,,2026,RV,New,650,27.45,2.37,gott,,7,10.34,3400,3400,false,,,11.34,Core,Core,1,0,,0,38561,686,Source One Financial Services,TX, clay anderson,0,0,TX396,Core
254083,,14159.55,120,Auto Decline,"Ron Hoover Companies of Donna, Inc -Tx277",Ron Hoover,TX,Donna,2026-09-01,,,2021,RV,Used,,14.78,3.96,gott,,0,22.99,1500,1500,false,,,23.99,Bronze,Bronze,0.82,0,,0,17370,557,Source One Financial Services,TX,,0,0,TX277,Business First
254139,sbaker,71089.69,240,Auto Approval,ROSS MOTORSPORTS INC - TX457,,TX,LUFKIN,2026-09-01,2026-09-01,,2021,Boat,Used,,27.8,9.58,gott,,76,10.59,10000,10000,false,,,11.59,Core,Core,1.06,0,,0,66770,708,Source One Financial Services,TX, ryan williams,1,1,TX457,Core
254191,,61282,240,Cancelled,Smith RV & Marine - ID112,,ID,Idaho Falls,2026-09-01,,,2026,RV,New,,0,0,ljablonoski,,,22.99,0,7000,false,,,23.99,Bronze,Bronze,1.08,0,,0,56685,,Source One Financial Services,ID,,0,0,ID112,Business First
254154,avera,77594.44,240,Approved,Blue Compass RV - Bowling Green - KY152,Blue Compass,KY,Bowling Green,2026-09-01,2026-09-01,,2026,RV,New,,32.05,4.78,jharrington1,,71,10.09,20000,20000,false,,,11.59,Core,Core,0.81,0,,0,95328,715,Source One Financial Services,MN, lane risetter,1,1,KY152,Core
254118,sbaker,47986.57,180,Auto Approval,United RV -TX228,,TX,Fort Worth,2026-09-01,2026-09-01,,2026,RV,New,737,28.32,2.56,gott,,15,7.59,0,0,false,,,9.34,Core,Core,1.07,0,,0,44980,841,Source One Financial Services,TX, brent sullivan,1,1,TX228,Core
254279,Jhill,30746.93,204,Auto Approval,Gregg Orr Marine - Hot Springs - AR123,,AR,Hot Springs,2026-09-01,2026-09-02,,2022,Boat,Used,,50.2,5.78,jweller,,1575,10.09,10000,10000,false,,,11.09,Core,Core,0.75,0,,0,40980,750,Source One Financial Services,AR, alistair cook,1,1,AR123,Core
254141,pmeza,83449.28,240,Auto Approval,BLUE COMPASS RV  COLUMBUS-OH210,Blue Compass,OH,DELAWARE,2026-09-01,2026-09-01,,2026,RV,New,,37.77,5.4,jharrington1,,39,10.09,9200,9200,false,,,11.59,Core,Core,0.83,0,,0,100790,682,Source One Financial Services,OH, steven duty,1,1,OH210,Core
254053,sbaker,67810,180,Conditional Approval,"AMERICAN DREAM VACATIONS-BOERNE, TX - TX408",,TX,BOERNE,2026-09-01,2026-09-03,,2020,RV,Used,663,20.11,8.63,gott,,3179,7.99,60000,60000,false,,,8.99,Core,Not Applicable,0.55,0,,0,122900,754,Connexus Credit Union,TX,,1,1,TX408,Not Applicable
254303,,100908.9,240,Auto Decline,GREAT AMERICAN RV SUPERSTORE-GRAND BAY - AL144,,AL,GRAND BAY,2026-09-01,,,2027,RV,New,660,51.52,14.1,jsmith,,14,22.99,50000,50000,false,,,23.99,Bronze,Silver 2,0.73,0,,0,138395,628,Source One Financial Services,AL, molly ritzel,0,0,AL144,Business First
254059,,24805.79,180,Auto Decline,Top Notch RV LLC - NC149,,NC,Benson,2026-09-01,,,2020,RV,Used,805,36.9,1.06,jsmith,,0,18.99,0,0,false,,,19.74,Silver 2,Silver 2,1.16,0,,0,21450,620,Source One Financial Services,NC,,0,0,NC149,Silver
254066,mlomedico,54900,180,Contract Received,Buy RV Sell RV - MN826,,MN,Oronoco,2026-09-01,2026-09-02,,2015,RV,Used,890,36.6,4.71,S1House,,1724,8.49,5876.88,5876.88,false,,1484,9.24,Core,Core,1.08,0,,0,50976,813,Source One Financial Services,MN, candis novek,1,1,MN826,Core
254040,lgrace,91828.65,240,Approved,The Sportsman -TX285,,TX,San Benito,2026-09-01,2026-09-01,,2026,Boat,New,696,43.68,7.11,gott,,58,8.99,9500,9500,false,,,9.99,Core,Core,1.24,0,,0,74063,745,Source One Financial Services,TX,,1,1,TX285,Core
254055,avera,70584.91,240,Decline,Rocky Ridge RV - Tyler - TX574,Rocky Ridge,TX,Tyler,2026-09-01,,,2027,RV,New,,0,0,gott,,12,8.74,0,0,false,,,10.49,Core,Core,0.96,0,,0,73260,778,Source One Financial Services,TX, brandon barsh,0,0,TX574,Core
254150,,30419,180,Auto Decline,"Vantage Recreational Finance, Inc. -FL291",VRF,FL,FORT LAUDERDALE,2026-09-01,,,2023,Boat,Used,,54.64,4.97,S1House,,0,18.74,5000,5000,false,,,19.49,Silver 2,Silver 2,0.44,0,,0,68725,635,Source One Financial Services,IN,,0,0,FL291,Silver
254090,lgrace,40994,180,Decline,"Vantage Recreational Finance, Inc. -FL291",VRF,FL,FORT LAUDERDALE,2026-09-01,,,2012,RV,Used,697,49.1,5.92,S1House,,6,11.49,4500,4500,false,,,12.99,Core,Core,1.07,0,,0,38200,706,Source One Financial Services,PA, richard cosentino,0,0,FL291,Core
254192,rsimmons,25169.28,180,Auto Approval,SMITH MOTOR CO OF HATTIESBURG INC - MS107,,MS,HATTIESBURG,2026-09-01,2026-09-01,,2027,Boat,New,,32.66,4.6,jsmith,,65,9.99,2000,2000,false,,,10.99,Core,Core,0.99,0,,0,25501,725,Source One Financial Services,MS, lisa hartfield,1,1,MS107,Core
254230,rsimmons,29704.21,180,Approved,PPL MOTORHOMES - CLEBURNE - TX440,,TX,CLEBURNE,2026-09-01,2026-09-01,,2025,RV,Used,,26.23,4.72,gott,,18,9.74,3000,3000,false,,,10.74,Core,Core,0.85,0,,0,34750,747,Source One Financial Services,TX, wesley meyer,1,1,TX440,Core
254306,eavila,25499,180,Decline,"Vantage Recreational Finance, Inc. -FL291",VRF,FL,FORT LAUDERDALE,2026-09-01,,,2023,RV,Used,,41.74,6.13,S1House,,13,16.99,2500,2500,false,,,17.74,Silver 1,Silver 1,0.78,0,,0,32505,641,Source One Financial Services,NY, brian decastro,0,0,FL291,Silver
254272,Jhill,58279.12,240,Decline,Ron Hoover - Odessa - TX495,Ron Hoover,TX,Odessa,2026-09-01,,,2027,RV,New,611,14.32,2.09,gott,,9,10.09,5000,5000,false,,,11.59,Core,Core,1.05,0,,0,55604,709,Source One Financial Services,TX, leo correa,0,0,TX495,Core
254046,,42210,180,Auto Decline,Sportsmans Choice Marine - SC150,,SC,Longs,2026-09-01,,,2027,Boat,New,,39.29,3.8,jsmith,,0,14.99,4690,4690,false,,,15.74,Silver 2,Silver 2,1.1,0,,0,38500,626,Source One Financial Services,FL,,0,0,SC150,Silver
254277,mnava,17500,144,Decline,RAM MOTORS RV AND TRUCK - NM102,,NM,ALBUQUERQUE,2026-09-01,,,2026,RV,New,,5.28,4.26,edominguez,,68,13.49,0,17002.13,false,,,14.24,Silver 1,Silver 1,0.54,0,,0,32224,665,Source One Financial Services,NM, uriah holland,0,0,NM102,Silver
254146,,48445.74,180,Auto Decline,Fretz RV -PA126,,PA,Souderton,2026-09-01,,,2022,RV,New,,49.66,4.62,jharrington1,,0,22.99,5000,21000,false,,,23.99,Bronze,Bronze,1.3,0,,0,37290,568,Source One Financial Services,PA,,0,0,PA126,Business First
254183,eavila,114685.45,120,Conditional Approval,Intercoastal Financial Group LLC - 17401746,IFG,FL,Vero Beach,2026-09-01,2026-09-01,,2018,Boat,Used,,25.6,8.63,S1House,,92,8.8,25000,25000,false,,,10.05,Core,Not Applicable,0.71,0,,0,160850,838,Ideal Credit Union,FL, david ashley,1,1,17401746,Not Applicable
254110,,56379.88,240,Auto Decline,"EPIC FINANCE, LLC. - 17401748",EPIC,NC,WILMINGTON,2026-09-01,,,2026,Boat,New,,31,6.52,S1House,,0,17.99,5800,5800,false,,,18.74,Silver 2,Silver 2,1.03,0,,0,54510,636,Source One Financial Services,PA,,0,0,17401748,Silver
254056,lgrace,12435,120,Conditional Approval,SR1 RV - Loudon - NH115,,NH,Loudon,2026-09-01,2026-09-01,,2021,RV,Used,,35.84,1.4,gcoulombe,,15,10.24,1500,1500,false,,,11.24,Core,Core,0.85,0,,0,14700,726,Source One Financial Services,NH, shawn martin,1,1,NH115,Core
254038,thovey,101205,180,Auto Decline,Intercoastal Financial Group LLC - 17401746,IFG,FL,Vero Beach,2026-09-01,,,2004,Boat,Used,,45.82,7.6,S1House,,464,22.99,50000,50000,false,,,23.99,Core,Core,0.81,0,,0,125001,703,Source One Financial Services,TX, taylor beckford,0,0,17401746,Core
254299,thovey,31637.09,180,Conditional Approval,BISH'S RV OF BOZEMAN - MT103,Bish's RV,MT,BOZEMAN,2026-09-01,2026-09-02,,2026,RV,New,,18.44,4.33,dzilberchtein,,945,8.49,3500,3500,false,,,9.24,Core,Not Applicable,0.81,0,,0,39042,700,Connexus Credit Union,MT, stormy pitts,1,1,MT103,Not Applicable
254082,Jhill,45429,144,Booked,BOLAND RV - MO199,,MO,HANNIBAL,2026-09-01,2026-09-03,2026-09-03,2025,RV,Used,,13.46,4.32,jweller,3175,2848,7.99,0,0,false,318,9,8.99,Core,Core,1.03,1817.16,4,0,44300,788,Source One Financial Services,MO, sam boutwell,1,0,MO199,Core
254174,hhisek,19456.24,144,Conditional Approval,Southern Mud Sports LLC - AL165,,AL,Waverly,2026-09-01,2026-09-01,,2026,Boat,New,,29.19,4.55,jsmith,,9,13.49,1889.33,1889.33,false,,,14.24,Silver 1,Core,1.17,0,,0,16610,696,Source One Financial Services,GA, jeff cantey,1,1,AL165,Silver
254149,hhisek,89852.05,180,Conditional Approval,TOP NOTCH MARINE - FL183,,FL,Melboure,2026-09-01,2026-09-01,,2026,Boat,New,,6.31,2.09,pcarter,,181,10.34,9300,9300,false,,,11.34,Core,Core,0.91,0,,0,99000,698,Source One Financial Services,FL, greg silvers,1,1,FL183,Core
254199,avera,22939,180,Auto Approval,"Vantage Recreational Finance, Inc. -FL291",VRF,FL,FORT LAUDERDALE,2026-09-01,2026-09-02,,2024,Boat,Used,741,11.5,0.2,S1House,,1131,10.84,2400,2400,false,,,12.34,Core,Core,0.82,0,,0,27950,696,Source One Financial Services,IL, sean fitzpatrick,1,1,FL291,Core
254155,eavila,35354.79,180,Decline,LDRV of Tampa - FL340,Campers Inn,FL,Seffner,2026-09-01,,,2026,RV,New,,38.17,4.76,wstoutimore,,149,17.99,3578,3578,false,,,18.74,Silver 2,Not Applicable,0.82,0,,0,43282,624,Ideal Credit Union,FL, cesar rodriguez,0,0,FL340,Not Applicable
254157,rsimmons,53424.68,180,Decline,JOHNNY'S RV SUPERSTORE LLC - AL124,,AL,THEODORE,2026-09-01,,,2022,RV,Used,,63.62,14.01,jsmith,,9,22.99,6000,6600,false,,,23.99,Core,Core,1.2,0,,0,44550,738,Source One Financial Services,AL, jamie zimmerman,0,0,AL124,Core
254041,avera,63653.62,180,Decline,Barton Lake RV Sales -IN104,,IN,Fremont,2026-09-01,,,2015,RV,Used,,21.89,10.32,jharrington1,,24,14.99,7000,7000,false,,,15.74,Silver 1,Silver 1,0.98,0,,0,64850,652,Source One Financial Services,OK, shane housholder,0,0,IN104,Silver
254221,ccampos,66181.65,180,Conditional Approval,South Florida Marine - EFL125,EPIC,FL,Boynton Beach,2026-09-01,2026-09-01,,2021,Boat,Used,,17.05,2.69,S1House,,112,8.24,6800,6800,false,,,8.99,Core,Not Applicable,0.57,0,,0,115910,736,Connexus Credit Union,FL, jp lixie,1,1,EFL125,Not Applicable
254140,rsimmons,36885.35,180,Booked,Alabama Campers Tuscaloosa-AL161,,AL,Tuscaloosa,2026-09-01,2026-09-02,2026-09-02,2026,RV,New,,12.74,4.36,jsmith,1590,1385,10.34,3500,3500,false,204,1,11.34,Core,Core,0.94,1475.41,4,0,39118,687,Source One Financial Services,AL, anne huntsinger,1,0,AL161,Core
254168,hhisek,85817.73,240,Decline,Fun Town RV-Giddings -TX314,Fun Town,TX,Giddings,2026-09-01,,,2025,RV,New,,57.5,16.27,gott,,2,10.49,4250,4250,false,,,11.99,Core,Core,0.86,0,,0,99634,681,Source One Financial Services,FL, thomas jordan,0,0,TX314,Core
254240,eavila,19076.75,180,Auto Approval,Rock Solid Funding LLC - TX536,RSF,TX,BEDFORD,2026-09-01,2026-09-03,,2021,RV,Used,694,44.08,1.47,S1House,,2828,8.24,900,900,false,,,9.74,Core,Core,1.18,0,,0,16100,804,Source One Financial Services,TX, serena pulliam,1,1,TX536,Core
254091,Jhill,43651.43,180,Auto Approval,The Great Outdoors Marine - WV111,,WV,Lavalette,2026-09-01,2026-09-01,,2022,Boat,Used,,21.69,4.44,jharrington1,,5,7.99,0,15000,false,,,8.99,Core,Core,0.86,0,,0,50945,842,Source One Financial Services,OH, bradlee matzdorff,1,1,WV111,Core
254087,sbaker,30017.89,180,Booked,Woody Futrell Marine & Aircraft - AR138,,AR,Nashville,2026-09-01,2026-09-02,2026-09-02,2026,Boat,New,622,19,2.14,jweller,1775,1758,8.24,3120,3120,false,16,1,9.24,Core,Core,0.99,1200.72,4,0,30183.98,783,Source One Financial Services,AR, mary balch,1,0,AR138,Core
254189,sbaker,14219.98,144,Approved,"Vantage Recreational Finance, Inc. -FL291",VRF,FL,FORT LAUDERDALE,2026-09-01,2026-09-01,,2026,Boat,New,,5.05,3.06,S1House,,58,8.24,3000,3000,false,,,9.74,Core,Core,1.23,0,,0,11532.5,793,Source One Financial Services,LA, trenton cott,1,1,FL291,Core
254104,,74280.05,120,Auto Decline,Intercoastal Financial Group LLC - 17401746,IFG,FL,Vero Beach,2026-09-01,,,2003,Boat,Used,,0,0,S1House,,0,22.99,7500,7500,false,,,23.99,Bronze,Bronze,1.08,0,,0,68500,,Source One Financial Services,PA,,0,0,17401746,Business First
254236,rsimmons,56819.33,180,Decline,Ron Hoover - Odessa - TX495,Ron Hoover,TX,Odessa,2026-09-01,,,2023,RV,Used,612,17.34,4.12,gott,,1447,10.34,2000,2000,false,,,11.84,Core,Core,1.06,0,,0,53545,730,Source One Financial Services,TX, leo correa,0,0,TX495,Core
254126,,159297.79,240,Auto Decline,Rock Solid Funding LLC - TX536,RSF,TX,BEDFORD,2026-09-01,,,2027,RV,New,622,34.13,10.18,S1House,,0,16.99,10000,10000,false,,,17.74,Silver 2,Silver 2,1.23,0,,0,129166.66,638,Source One Financial Services,OH,,0,0,TX536,Silver
254229,avera,26885.44,180,Approved,RV Wholesalers -OH118,,OH,Lakeview,2026-09-01,2026-09-01,,2027,RV,New,,38.65,5.29,jharrington1,,15,10.09,1000,4500,false,,,11.09,Core,Core,0.8,0,,0,33502,713,Source One Financial Services,OH, dallas henry,1,1,OH118,Core
254223,,19311.5,120,Auto Decline,Paradise RV LLC - SC148,,SC,N Charleston,2026-09-01,,,2024,RV,Used,,73.96,3.47,jsmith,,0,16.99,2500,2500,false,,,17.74,Silver 1,Silver 1,1.07,0,,0,18120,651,Source One Financial Services,SC,,0,0,SC148,Silver
254204,hhisek,58456.32,180,Auto Approval,Fun Town RV - Texarkana - AR120,Fun Town,AR,Texarkana,2026-09-01,2026-09-02,,2026,RV,New,,31.38,5.67,jweller,,1552,8.84,2000,2000,false,,,10.34,Core,Core,0.97,0,,0,60415,760,Source One Financial Services,MN, joe wright,1,1,AR120,Core
254166,thovey,32248,180,Decline,Palmetto State RV LLC - SC128,,SC,Greer,2026-09-01,2026-09-01,,2026,RV,New,,57.51,8.96,jsmith,,248,10.34,30000,30000,false,,,11.34,Core,Core,0.43,0,,0,75072,690,Source One Financial Services,SC, will scoggins,0,0,SC128,Core
254102,mlomedico,74580,240,Decline,Blue Compass RV - Park City-KS117,Blue Compass,KS,Park City,2026-09-01,,,2027,RV,New,,10.91,4.06,jweller,,3,9.59,8100,8100,false,,,11.09,Core,Core,0.93,0,,0,80091,741,Source One Financial Services,NY, kurt bull,0,0,KS117,Core
254255,rsimmons,65843,204,Decline,Blue Compass RV - North Atlanta - GA158,Blue Compass,GA,Buford,2026-09-01,,,2027,RV,New,,48.73,10.8,jsmith,,37,10.09,3150,3150,false,,,11.59,Core,Core,0.93,0,,0,70592.25,719,Source One Financial Services,MS, roland boughton,0,0,GA158,Core
254234,edominguez,93328,180,Decline,CAMPERS INN - MESA - AZ330,Campers Inn,AZ,MESA,2026-09-01,,,2025,RV,New,635,51.59,8.06,edominguez,,90,13.49,11000,17000,false,,,14.24,Silver 1,Not Applicable,0.86,0,,0,108993,660,Ideal Credit Union,AZ, brandon ward,0,0,AZ330,Not Applicable
254308,pmeza,49683,180,Decline,"APACHE CAMPING CENTER, INC - PORTLAND - OR109",,OR,CLACKAMAS,2026-09-01,,,2026,RV,New,685,40.34,5.25,ljablonoski,,977,8.99,4000,4000,false,,,9.99,Core,Not Applicable,1.02,0,,0,48918,768,Connexus Credit Union,ID,,0,0,OR109,Not Applicable
254057,Jhill,47211.5,240,Decline,Petes RV Center Vermont-VT100,Pete's RV,VT,South Burlington,2026-09-01,,,2025,RV,Used,739,60.77,8.72,gcoulombe,,17,11.74,3000,-3000,true,,,13.74,Business First,Business First,1.09,0,,0,43500,,Source One Financial Services,NH, aaron thibault,0,0,VT100,Business First
254134,ccampos,32131,180,Auto Approval,"EPIC FINANCE, LLC. - 17401748",EPIC,NC,WILMINGTON,2026-09-01,2026-09-02,,2027,Boat,New,,16.91,2.68,S1House,,1653,13.49,4000,4000,false,,,14.24,Silver 1,Silver 1,1.15,0,,0,28057,664,Source One Financial Services,SC, mark roberts,1,1,17401748,Silver
254245,Jhill,12739.86,144,Decline,Liberty Trail RV - Sulphur Springs - TX580,,TX,Sulphur Springs,2026-09-01,,,2020,RV,Used,,29.18,4.81,gott,,4,14.24,5000,5000,false,,,14.99,Silver 1,Silver 1,1.06,0,,0,12000,674,Source One Financial Services,TX, shawn ketchum,0,0,TX580,Silver
254098,ahunt,43684,180,Auto Approval,Indian Valley Camping Center Inc- PA119,,PA,Souderton,2026-09-01,2026-09-01,,2026,RV,New,,39.94,3.62,jharrington1,,31,7.59,5000,5000,false,,,8.59,Core,Core,1.05,0,,0,41472,817,Source One Financial Services,PA,,1,1,PA119,Core
254209,eavila,26972.45,180,Booked,Ideal RVs INC - FL228,,FL,Lakeland,2026-09-01,2026-09-03,2026-09-03,2018,RV,Used,,24.7,8.13,wstoutimore,3017,2940,11.49,5000,5000,false,3,74,12.49,Core,Core,0.77,1078.9,4,0,34850,698,Source One Financial Services,FL, john yanis,1,0,FL228,Core
254142,lgrace,93849.01,240,Auto Approval,Boaters World - Bradenton - FL229,,FL,Bradenton,2026-09-01,2026-09-02,,2023,Boat,Used,,16.73,5.98,wstoutimore,,1339,9.74,20000,20000,false,,,10.74,Core,Core,0.89,0,,0,104915,711,Source One Financial Services,FL, randy hawkins,1,1,FL229,Core
254084,ccampos,26487.78,144,Decline,RV There Yet - Davenport - FL323,,FL,Davenport,2026-09-01,,,2013,RV,Used,,38.27,4.7,pcarter,,39,14.24,6000,6000,false,,,14.99,Silver 1,Silver 1,1.05,0,,0,25250,661,Source One Financial Services,FL, luis camacho,0,0,FL323,Silver
254165,hhisek,52562.42,240,Approved,Blue Compass RV - Hickory - NC156,Blue Compass,NC,Claremont,2026-09-01,2026-09-01,,2026,RV,New,672,22.45,10.54,jsmith,,46,9.59,5500,5500,false,,,11.09,Core,Core,0.81,0,,0,64750,709,Source One Financial Services,NC, nathan mcpherson,1,1,NC156,Core
254045,lgrace,16718.05,144,Auto Approval,"Root's RV Sales,Inc-IN208",Canopy Financial,IN,Mitchell,2026-09-01,2026-09-02,,2019,RV,Used,671,34.87,2.84,jharrington1,,1734,8.24,950,950,false,,,9.24,Core,Not Applicable,1.19,0,,0,14050,754,Connexus Credit Union,IN, mac mclelland,1,1,IN208,Not Applicable
254106,sbaker,80000,240,Auto Approval,Bills Happy Camper Rv LLC-PA135,Warrior Performance,PA,Mill Hall,2026-09-01,2026-09-01,,2026,RV,New,828,29,6.21,jharrington1,,17,7.34,5057,5057,false,,,8.84,Core,Core,0.87,0,,0,92063,859,Source One Financial Services,PA, jimmy orapello,1,1,PA135,Core
254062,Jhill,189165.06,240,Decline,Campers Inn RV - Wilmington - OH231,Campers Inn,OH,Wilmington,2026-09-01,,,2018,RV,Used,,31.04,15.42,jharrington1,,13,10.99,20000,27670.66,false,,,12.49,Core,Core,1.06,0,,0,178600,707,Source One Financial Services,FL, zachary blevins,0,0,OH231,Core
254195,Jhill,62317.68,204,Auto Approval,Warrior Financial - OH236,Warrior Performance,OH,Columbus,2026-09-01,2026-09-01,,2016,Boat,Used,,36.07,5.71,jharrington1,,77,8.59,2500,2500,false,,,10.09,Core,Core,0.89,0,,0,70265,807,Source One Financial Services,TX, jayeann hart,1,1,OH236,Core
254188,,69939.11,240,Auto Decline,Boaters World - Islamorada - FL303,,FL,Islamorada,2026-09-01,,,2021,Boat,Used,,21.35,3.49,wstoutimore,,0,18.74,5500,7526,false,,,19.49,Silver 2,Silver 2,1.24,0,,0,56205,638,Source One Financial Services,FL,,0,0,FL303,Silver
254039,avera,34157.27,180,Approved,Cookeville RV and Marine - TN154,Easy Care,TN,Cookeville,2026-09-01,2026-09-01,,2027,RV,New,,17.68,1.92,jsmith,,61,9.99,5000,5000,false,,,11.49,Core,Core,0.9,0,,0,37918,720,Source One Financial Services,TN, bradley taylor,1,1,TN154,Core
254244,thovey,47556,204,Auto Approval,Bish's RV of Sioux Falls - SD112,Bish's RV,SD,Tea,2026-09-01,2026-09-01,,2026,RV,New,719,25.47,3.4,dzilberchtein,,9,8.49,1000,1000,false,,,9.99,Core,Core,1.11,0,,0,42944.52,765,Source One Financial Services,SD, todd miillsap,1,1,SD112,Core
254093,,47511,180,Auto Decline,BOBBY COMBS RV LLC - AZ338,,AZ,YUMA,2026-09-01,,,2026,RV,New,,67.5,9.86,edominguez,,0,22.99,4500,4500,false,,,23.99,Bronze,Bronze,1,0,,0,47594,589,Source One Financial Services,AZ,,0,0,AZ338,Business First
254175,thovey,15673.55,144,Conditional Approval,Campers Inn - Prescott Valley- AZ329,Campers Inn,AZ,PRESCOTT VALLEY,2026-09-01,2026-09-01,,2017,RV,Used,,16.95,3.35,edominguez,,21,10.74,3200,3200,false,,,12.24,Core,Core,1.27,0,,0,12350,756,Source One Financial Services,AZ, holly stocker,1,1,AZ329,Core
254249,ahunt,68492.45,180,Auto Approval,TOONS TABLE ROCK - MO206,Easy Care,MO,SHELL KNOB,2026-09-01,2026-09-02,,2026,Boat,New,,35.39,5.88,jweller,,1408,8.24,1000,1000,false,,,9.74,Core,Core,1.27,0,,0,53943,783,Source One Financial Services,AR, jim lakes,1,1,MO206,Core
254289,,34424.78,180,Auto Decline,Thomas RV and Auto Sales - AR118,,AR,Searcy,2026-09-01,,,2015,RV,Used,,25.82,10.66,jweller,,0,19.24,5000,5000,false,,,19.99,Silver 2,Silver 2,1.72,0,,0,20000,620,Source One Financial Services,AR,,0,0,AR118,Silver
254200,lgrace,99530.32,240,Decline,BRITTBLAIR LLC - IN188,,IN,KOKOMO,2026-09-01,,,2026,RV,New,637,35.74,5.19,jharrington1,,104,10.09,10400,10400,false,,,11.09,Core,Not Applicable,0.97,0,,0,102635,708,Connexus Credit Union,MI, austin earley,0,0,IN188,Not Applicable
254047,avera,35927.79,204,Decline,Rock Solid Funding LLC - TX536,RSF,TX,BEDFORD,2026-09-01,,,2019,RV,Used,,56.55,4.34,S1House,,8,11.24,1000,1000,false,,,12.74,Core,Core,0.89,0,,0,40400,684,Source One Financial Services,TX, caleb grassi,0,0,TX536,Core
254050,lgrace,24560.1,144,Decline,Boaters World - Islamorada - FL303,,FL,Islamorada,2026-09-01,,,2026,Boat,New,,33.04,0.89,wstoutimore,,12,10.24,2500,2500,false,,,11.24,Core,Core,1.45,0,,0,16893,683,Source One Financial Services,FL, dawson oesch,0,0,FL303,Core
254254,hhisek,90762.36,240,Auto Approval,Hannays Incorporated -MN684,,MN,St. Anthony,2026-09-01,2026-09-02,,2026,Boat,New,749,33.31,5.01,S1House,,1347,9.09,5500,13000,false,,,10.09,Core,Core,1.07,0,,0,85001,754,Source One Financial Services,MN, thomas ferdinandt,1,1,MN684,Core
254270,rsimmons,16910.66,120,Decline,Ron Hoover - Laredo - TX498,Ron Hoover,TX,Laredo,2026-09-01,,,2026,RV,New,589,57.77,2.42,gott,,12,13.49,500,500,false,,,14.24,Silver 1,Silver 1,0.95,0,,0,17770,672,Source One Financial Services,TX, geno quintanilla,0,0,TX498,Silver
254163,lgrace,21155.06,180,Auto Approval,MILLERS MARINE - FL178,,FL,OCALA,2026-09-01,2026-09-02,,2027,Boat,New,,33.92,7.81,pcarter,,1356,13.49,4500,4500,false,,,14.24,Silver 1,Silver 1,1.18,0,,0,17936.62,669,Source One Financial Services,GA, johnmichael zayas,1,1,FL178,Silver
254282,eavila,18092,144,Decline,Rocky Ridge RV of Van Buren - AR115,Rocky Ridge,AR,Van Buren,2026-09-01,,,2023,RV,Used,,30.77,6.55,jweller,,10,14.24,0,0,false,,,14.99,Silver 1,Silver 1,0.81,0,,0,22450,678,Source One Financial Services,FL,,0,0,AR115,Silver
254075,Jhill,98825.37,240,Decline,Bish's RV of Birmingham - AL172,Bish's RV,AL,calera,2026-09-01,,,2025,RV,Used,599,14.77,2.5,jsmith,,5,9.99,30000,30500,false,,,11.49,Core,Core,0.63,0,,0,156695,720,Source One Financial Services,MO, chad knight,0,0,AL172,Core
254120,Jhill,194528.01,240,Decline,T and S RV and SPORT LLC -TX377,,TX,NAVASOTA,2026-09-01,,,2027,RV,New,,32.47,9.74,gott,,26,10.09,0,23230.5,false,,,11.09,Core,Core,1.08,0,,0,180327,706,Source One Financial Services,TX, anthony wiese,0,0,TX377,Core
254291,eavila,39500.78,144,Decline,Freedom RV-AZ252,,AZ,Tucson,2026-09-01,,,2026,RV,New,,24.41,5.25,edominguez,,25,13.49,3000,3000,false,,,14.24,Silver 1,Not Applicable,1.21,0,,0,32694,665,Connexus Credit Union,AZ, keith hausmann,0,0,AZ252,Not Applicable
254265,rsimmons,18706.06,144,Decline,A and L RV Sales - Johnson City - TN123,,TN,Johnson City,2026-09-01,,,2022,RV,Used,,10.8,7,jsmith,,9,10.84,10000,10000,false,,,11.84,Core,Core,0.99,0,,0,18810,687,Source One Financial Services,VA, amber bailey,0,0,TN123,Core
254103,sbaker,48950.71,240,Decline,The Sportsman -TX285,,TX,San Benito,2026-09-01,,,2025,Boat,Used,,51.03,4.16,gott,,317,9.74,7000,7000,false,,,10.74,Core,Core,0.8,0,,0,61525,747,Source One Financial Services,TX,,0,0,TX285,Core
254278,edominguez,36510.8,180,Decline,Campers Inn - Prescott Valley- AZ329,Campers Inn,AZ,PRESCOTT VALLEY,2026-09-01,,,2026,RV,New,,13,3.84,edominguez,,50,9.59,3000,3000,false,,,11.09,Core,Not Applicable,0.94,0,,0,38986,755,Source One,AZ, holly stocker,0,0,AZ329,Not Applicable
254101,rsimmons,28072.17,180,Auto Approval,Bish's RV of Birmingham - AL172,Bish's RV,AL,calera,2026-09-01,2026-09-01,,2026,RV,New,733,36.1,4.31,jsmith,,59,10.09,1400,1400,false,,,11.59,Core,Core,0.88,0,,0,31725,714,Source One Financial Services,KY, todd miillsap,1,1,AL172,Core
254044,lgrace,70694.23,240,Conditional Approval,Webb's RV Center - ME100,,ME,Bangor,2026-09-01,2026-09-01,,2023,RV,Used,696,25.81,12.46,gcoulombe,,13,9.99,3500,3500,false,,,10.99,Core,Core,0.94,0,,0,74900,712,Source One Financial Services,ME, haley romano,1,1,ME100,Core
254069,Jhill,32449.89,180,Approved,Fun Town RV-Denton -TX322,Fun Town,TX,Denton,2026-09-01,2026-09-01,,2024,RV,Used,,27.47,4.79,gott,,25,10.49,3070,3070,false,,,11.99,Core,Core,0.84,0,,0,38650,711,Source One Financial Services,TX, douglas santos,1,1,TX322,Core
254257,sdelarosa,99901.1,96,Auto Approval,Optimum RV Zephyr Hills - FL164,Optimum RV,FL,Zephyr Hills,2026-09-01,2026-09-01,,2017,RV,Used,638,13.22,9.29,wstoutimore,,150,10.3,40000,50000,false,,,10.8,Silver 1,Not Applicable,0.73,0,,0,136850,668,Ideal Credit Union,FL, todd glenn,1,1,FL164,Not Applicable
254295,,27999,180,Auto Decline,Bob Hurley RV-Tulsa OK137,,OK,Tulsa,2026-09-01,,,2025,RV,Used,,75.71,7.59,jweller,,0,13.49,0,0,false,,,14.24,Silver 1,Silver 1,0.9,0,,0,31252,671,Source One Financial Services,OK,,0,0,OK137,Silver
254274,Jhill,168848.03,240,Decline,THE BOAT HOUSE OF CHICAGO - IL247,,IL,JOHNSBURG,2026-09-01,,,2027,Boat,New,615,43.88,5.04,gcoulombe,,13,10.24,25000,25000,false,,,11.24,Core,Core,1.09,0,,0,154315,711,Source One Financial Services,IL, jeremy schacht,0,0,IL247,Core
254259,pmeza,21322.8,120,Auto Approval,FACTORY DIRECT RV and MARINE - GA142,,GA,AMERICUS,2026-09-01,2026-09-03,,2026,RV,New,,41.25,4.78,jsmith,,2695,11.49,2520,2520,false,,,11.74,Silver 1,Not Applicable,0.95,0,,0,22335,673,Connexus Credit Union,TX, gina harris,1,1,GA142,Not Applicable
254184,hhisek,75489.12,180,Auto Approval,Clear Creek Camping LLC-TX396,,TX,Abilene,2026-09-01,2026-09-03,,2026,RV,New,682,23.17,3.63,gott,,2796,10.34,10000,10000,false,,,11.34,Core,Core,0.95,0,,0,79265,685,Source One Financial Services,TX, clay anderson,1,1,TX396,Core
254078,hhisek,33267.92,180,Decline,Ron Hoover - Odessa - TX495,Ron Hoover,TX,Odessa,2026-09-01,,,2027,RV,New,,36.27,5.07,gott,,6,13.74,3300,3300,false,,,14.49,Silver 1,Silver 1,1.02,0,,0,32598.1,645,Source One Financial Services,TX, leo correa,0,0,TX495,Silver
254060,sbaker,39878.38,180,Auto Approval,Campers Unlimited-Chattanooga-TN148,,TN,Ooltewah,2026-09-01,2026-09-01,,2026,RV,Used,842,30.74,4.38,jsmith,,18,7.49,4100,4100,false,,,8.49,Core,Core,0.96,0,,0,41450,817,Source One Financial Services,TN, abbi stone,1,1,TN148,Core
254232,sbaker,71805.58,240,Conditional Approval,DADS CAMPER OUTLET - GULFPORT - MS100,,MS,GULFPORT,2026-09-01,2026-09-01,,2025,RV,New,,19.05,6.47,jsmith,,67,7.74,7500,7500,false,,,8.74,Core,Core,1.1,0,,0,65150,862,Source One Financial Services,VA, ricky arnaud,1,1,MS100,Core
254161,,13867.63,120,Auto Decline,Campers Inn RV - St. George - UT137,Campers Inn,UT,St. George,2026-09-01,,,2021,RV,Used,,39.76,6.38,ljablonoski,,0,22.99,1000,1000,false,,,23.99,Bronze,Bronze,1.47,0,,0,9450,547,Source One Financial Services,TX,,0,0,UT137,Business First
254309,sflynn,140608.79,240,Auto Approval,Blue Compass RV - Tyler - TX552,Blue Compass,TX,Tyler,2026-09-01,2026-09-02,,2027,RV,New,,38.13,9.32,gott,,863,9.84,30000,30000,false,,,11.34,Core,Core,0.99,0,,0,142391,727,Source One Financial Services,TX, clay coleman,1,1,TX552,Core
254208,Jhill,25713.3,180,Auto Approval,ROSS MOTORSPORTS INC - TX457,,TX,LUFKIN,2026-09-01,2026-09-01,,2020,Boat,Used,,18.39,3.86,gott,,22,10.34,4000,4000,false,,,11.34,Core,Core,1.05,0,,0,24585,737,Source One Financial Services,TX, ryan williams,1,1,TX457,Core
254362,ccampos,12609.18,180,Decline,Bish's RV of Oak Grove - KY154,Bish's RV,KY,Oak Grove,2026-09-02,,,2026,RV,New,619,49.45,2.44,jharrington1,,33,16.24,2000,2000,false,,,16.99,Silver 1,Silver 1,0.85,0,,0,14870,641,Source One Financial Services,TN, stormy pitts,0,0,KY154,Silver
254477,thovey,11477.94,60,Auto Approval,Freedom RV-AZ252,,AZ,Tucson,2026-09-02,2026-09-02,,2013,RV,Used,,32.88,4.38,edominguez,,76,11.99,9000,9000,false,,,12.24,Core,Core,1.28,0,,0,9000,758,Source One Financial Services,TX, keith hausmann,1,1,AZ252,Core
254336,ccampos,114897.79,180,Decline,Rock Solid Funding LLC - TX536,RSF,TX,BEDFORD,2026-09-02,,,2026,RV,New,,49.66,9.76,S1House,,47,10.24,11000,11000,false,,,11.74,Core,Not Applicable,1.2,0,,0,95833,714,Connexus Credit Union,MN, ashley rogers,0,0,TX536,Not Applicable
254493,,88460.5,240,Auto Decline,Open Road RV Center - Monroe - WA156,,WA,Monroe,2026-09-02,,,2026,RV,New,,29.97,26.11,ljablonoski,,0,16.24,0,0,false,,,16.99,Silver 1,Silver 1,1.04,0,,0,84870,646,Source One Financial Services,WA,,0,0,WA156,Silver
254549,,24256.92,180,Auto Decline,Blue Compass RV - Tucson - AZ364,Blue Compass,AZ,Tucson,2026-09-02,,,2025,RV,Used,616,58.39,3.22,edominguez,,0,22.99,3000,3000,false,,,23.99,Bronze,Bronze,0.96,0,,0,25250,564,Source One Financial Services,AZ,,0,0,AZ364,Business First
254390,lgrace,32784.42,204,Approved,Hufnagel and Majors Inc - PA109,,PA,Harmony,2026-09-02,2026-09-02,,2026,RV,New,699,10.69,2.13,jharrington1,,40,8.99,1000,1000,false,,,9.99,Core,Core,0.67,0,,0,48752.5,732,Source One Financial Services,PA, anthony talerico,1,1,PA109,Core
254432,pmeza,9063,120,Decline,AC Nelsen RV World - NE103,,NE,Omaha,2026-09-02,,,2018,RV,Used,507,47.01,2.77,dzilberchtein,,9,13.24,0,0,false,,,13.74,Core,Core,1.39,0,,0,6500,690,Source One Financial Services,NE, rian white,0,0,NE103,Core
254410,pmeza,76107.16,180,Decline,Noteboom RV LLC- Harrisburg -SD106,,SD,Harrisburg,2026-09-02,,,2026,RV,New,674,46.62,2.82,dzilberchtein,,107,9.24,2000,9900,false,,,10.24,Core,Not Applicable,1.02,0,,0,74372,752,Ideal Credit Union,ND, finance noteboom rv,0,0,SD106,Not Applicable
254483,hhisek,25981.69,180,Decline,Blue Compass RV - Orlando - FL337,Blue Compass,FL,Casselberry,2026-09-02,,,2026,RV,New,659,34.23,3.14,pcarter,,10,16.24,4000,7000,false,,,16.99,Silver 1,Silver 1,0.96,0,,0,26959.25,646,Source One Financial Services,FL, kim pantoja,0,0,FL337,Silver
254393,mlomedico,10500,120,Conditional Approval,Blue Compass RV - North Myrtle Beach - SC137,Blue Compass,SC,North Myrtle Beach,2026-09-02,2026-09-02,,2023,RV,Used,684,9.18,2.97,jsmith,,54,14.24,5000,5000,false,,,14.99,Silver 1,Silver 1,0.38,0,,0,27500,668,Source One Financial Services,SC, adam dix,1,1,SC137,Silver
254530,mlomedico,45944.01,204,Auto Approval,Blue Compass RV - Colorado Springs - CO160,Blue Compass,CO,COLORADO SPRINGS,2026-09-02,2026-09-02,,2026,RV,New,,18.71,8.75,dzilberchtein,,43,11.09,26600,26600,false,,,11.84,Core,Core,0.72,0,,0,64241,701,Source One Financial Services,TX, brandan montera,1,1,CO160,Core
254509,mlomedico,20413,180,Auto Approval,"Vantage Recreational Finance, Inc. -FL291",VRF,FL,FORT LAUDERDALE,2026-09-02,2026-09-02,,2021,RV,Used,695,27.05,1.18,S1House,,36,10.84,1000,1000,false,,,12.34,Core,Core,1.1,0,,0,18600,716,Source One Financial Services,OR, stephanie peck,1,1,FL291,Core
254525,ccampos,55438.59,180,Conditional Approval,SkipperBud's - Sequoit Harbor - IL267,Marine Max,IL,Antioch,2026-09-02,2026-09-02,,2026,Boat,New,,14.19,3.49,S1House,,70,8.49,10000,10000,false,,,9.49,Core,Not Applicable,1.09,0,,0,51068,707,Connexus Credit Union,IL, alex dingee,1,1,IL267,Not Applicable
254423,mlomedico,50000,180,Auto Approval,La Mesa RV Center - Albuquerque - NM109,La Mesa,NM,Albuquerque,2026-09-02,2026-09-02,,2021,RV,Used,,13.51,11.71,edominguez,,20,8.09,16739.72,16739.72,false,,,9.59,Core,Core,0.77,0,,0,64787,833,Source One Financial Services,CO, erika davidson,1,1,NM109,Core
254356,mlomedico,51348.58,180,Auto Approval,ROTH RV - GRAND RAPIDS - MN164,,MN,GRAND RAPIDS,2026-09-02,2026-09-02,,2026,RV,New,722,39.08,4.47,S1House,,40,9.59,0,0,false,,,10.59,Core,Core,0.96,0,,0,53432,756,Source One Financial Services,MN, nick dulong,1,1,MN164,Core
254347,avera,42007.21,180,Decline,Campers Inn of Chichester - NH103,Campers Inn,NH,Chichester,2026-09-02,,,2025,RV,New,660,45.83,7.39,gcoulombe,,36,7.74,15000,15000,false,,,9.24,Core,Core,0.7,0,,0,59942,826,Source One Financial Services,ME, david keller,0,0,NH103,Core
254470,rsimmons,36265.15,180,Auto Approval,Ron Hoover Companies Katy -TX275,Ron Hoover,TX,Katy,2026-09-02,2026-09-03,,2026,RV,New,705,36.71,4.84,gott,,1447,9.59,500,500,false,,,11.09,Core,Core,1.06,0,,0,34167.5,740,Source One Financial Services,TX, greg woods,1,1,TX275,Core
254409,ccampos,11763.52,72,Conditional Approval,HORIZON RV CENTER - GA136,,GA,LAKE PARK,2026-09-02,2026-09-02,,2017,RV,Used,,14.59,4.97,jsmith,,109,13.85,5000,5000,false,,,14.1,Silver 1,Not Applicable,0.74,0,,0,15800,649,Ideal Credit Union,GA, lazaro remolina,1,1,GA136,Not Applicable
254349,mnava,34837.91,180,Decline,GIANT RECREATION WORLD PALM BAY - FL175,,FL,Palm Bay,2026-09-02,,,2026,RV,New,,54.85,8.17,pcarter,,48,10.49,10000,10000,false,,,11.49,Core,Core,0.79,0,,0,44256,683,Source One Financial Services,FL, javitz roebuck,0,0,FL175,Core
254315,,106298.42,240,Auto Decline,Cookeville RV and Marine - TN154,Easy Care,TN,Cookeville,2026-09-02,,,2026,RV,New,,52.95,5.87,jsmith,,0,17.99,27265,30565,false,,,18.74,Silver 2,Silver 2,1.2,0,,0,88342,622,Source One Financial Services,NJ,,0,0,TN154,Silver
254437,rsimmons,26821.7,180,Decline,Campers Inn of I-84 CT Inc - CT100,Campers Inn,CT,Union,2026-09-02,,,2024,RV,Used,,35.06,6.64,gcoulombe,,5,10.99,2800,2800,false,,,12.49,Core,Core,1.11,0,,0,24200,680,Source One Financial Services,CT, michael starr,0,0,CT100,Core
254487,rsimmons,85570,240,Decline,Blue Compass RV - Myrtle Beach - SC143,Blue Compass,SC,29575,2026-09-02,,,2027,RV,New,,42.88,15.31,jsmith,,19,10.24,2500,18920,false,,,11.74,Core,Core,1.06,0,,0,80676,711,Source One Financial Services,SC, peter beckingham,0,0,SC143,Core
254341,thovey,16596.6,120,Approved,"Zoomers RV of Indiana, LLC -IN168",,IN,WABASH,2026-09-02,2026-09-02,,2022,RV,Used,,11.22,2.31,jharrington1,,21,8.09,2000,2000,false,,,9.09,Core,Core,1,0,,0,16550,885,Source One Financial Services,IN, dave fausnaugh,1,1,IN168,Core
254548,,81356.25,240,Cancelled,Blue Compass RV - San Marcos - SCA167,Blue Compass,CA,San Marcos,2026-09-02,,,2023,RV,New,,0,0,jrubi,,,22.99,0,11990,false,,,23.99,Bronze,Bronze,1.19,0,,0,68365,,Source One Financial Services,CA, billy rodger,0,0,SCA167,Business First
254443,,20374.2,144,Auto Decline,Millican RV America - AL103,,AL,Hanceville,2026-09-02,,,2021,RV,Used,,12.06,10.91,jsmith,,0,22.99,3000,3000,false,,,23.99,Bronze,Bronze,1.02,0,,0,20000,526,Source One Financial Services,AL,,0,0,AL103,Business First
254332,Jhill,35072.46,180,Decline,Warrior Financial - OH236,Warrior Performance,OH,Columbus,2026-09-02,,,2022,RV,Used,766,23.99,3.02,jharrington1,,5,8.09,20000,20000,false,,,9.59,Core,Core,0.9,0,,0,39150,832,Source One Financial Services,MN, nate rose,0,0,OH236,Core
254510,,132708.93,240,Auto Decline,GREAT AMERICAN RV SUPERSTORE- FL224,,FL,DEFUNIAK SPRINGS,2026-09-02,,,2026,RV,New,,30.61,20.94,wstoutimore,,0,9.84,30000,30000,false,,,10.84,Core,Core,0.76,0,,0,175030,731,Source One Financial Services,FL,,0,0,FL224,Core
254488,rsimmons,61352.58,204,Auto Approval,Ron Hoover - Laredo - TX498,Ron Hoover,TX,Laredo,2026-09-02,2026-09-03,,2025,RV,New,,34.88,2.87,gott,,1029,13.49,6000,6000,false,,,14.24,Silver 1,Silver 1,0.76,0,,0,80577,668,Source One Financial Services,TX, geno quintanilla,1,1,TX498,Silver
254440,thovey,66284,204,Auto Approval,Texoma Boat House - OK146,,OK,Calera,2026-09-02,2026-09-02,,2025,Boat,New,,7.93,5.86,jweller,,22,15.74,7000,7000,false,,,16.49,Silver 1,Silver 1,0.88,0,,0,74927,659,Source One Financial Services,OK, kristen thorn,1,1,OK146,Silver
254523,thovey,43983,240,Auto Approval,Blue Compass RV - Columbia - SC136,Blue Compass,SC,Lexington,2026-09-02,2026-09-02,,2025,RV,Used,,37.55,3.41,jsmith,,47,8.49,13000,13350,false,,,9.99,Core,Core,1.14,0,,0,38750,771,Source One Financial Services,SC, zach smith,1,1,SC136,Core
254320,sbaker,119119.37,240,Decline,Beckley's Camping Center - MD111,,MD,Thurmont,2026-09-02,,,2026,RV,New,,15.79,9.11,gcoulombe,,9,16.24,15000,15000,false,,,16.99,Silver 1,Silver 1,0.99,0,,0,119844.67,643,Source One Financial Services,MD, bill woodcock,0,0,MD111,Silver
254313,avera,249736.3,240,Auto Approval,Intercoastal Financial Group LLC - 17401746,IFG,FL,Vero Beach,2026-09-02,2026-09-02,,2027,Boat,New,,44.24,6.56,S1House,,591,7.99,18000,38000,false,,,9.24,Core,Core,1,0,,0,250000,787,Source One Financial Services,FL, turtle marshall,1,1,17401746,Core
254339,,67268.13,240,Auto Decline,FUN TOWN RV CONROE -TX400,Fun Town,TX,CONROE,2026-09-02,,,2026,RV,New,631,25.26,3.44,gott,,0,22.99,6500,6500,false,,,23.99,Bronze,Bronze,0.93,0,,0,71956,585,Source One Financial Services,TX,,0,0,TX400,Business First
254486,mlomedico,46150.44,180,Decline,BOBBY COMBS RV LLC - AZ338,,AZ,YUMA,2026-09-02,,,2026,RV,New,589,46.4,2.98,edominguez,,14,16.24,0,4500,false,,,16.99,Silver 1,Silver 1,0.97,0,,0,47594,649,Source One Financial Services,AZ, andy ostiguin,0,0,AZ338,Silver
254361,avera,13086.75,144,Approved,Road Trip Camping - VA126,,VA,Orange,2026-09-02,2026-09-02,,2022,RV,Used,846,11.52,1.82,jsmith,,15,8.24,5000,5000,false,,,9.24,Core,Core,0.75,0,,0,17450,866,Source One Financial Services,NC, katie holcomb,1,1,VA126,Core
254386,sbaker,46186.2,180,Booked,"OUTBACK RV OF TEXAS, CO. - TX410",,TX,DENTON,2026-09-02,2026-09-02,2026-09-03,2026,RV,New,,24.63,4.85,gott,1597,154,13.49,15000,15000,false,1437,6,14.24,Silver 1,Silver 1,0.78,1385.59,3,0,59526,669,Source One Financial Services,TX, tiffanie dodson,1,0,TX410,Silver
254379,sbaker,40433.8,240,Approved,Sky Marine - Orlando - FL307,,FL,Sanford,2026-09-02,2026-09-02,,2027,Boat,New,,40.62,5.66,pcarter,,27,7.74,4500,4500,false,,,8.74,Core,Core,1.19,0,,0,34000,817,Source One Financial Services,FL, lisa pruchniewski,1,1,FL307,Core
254476,rsimmons,50639.8,180,Auto Approval,HAPPY CAMPERS RV SALES and SERVICE - IN182,,IN,LAFAYETTE,2026-09-02,2026-09-03,,2018,RV,Used,,32.35,3.63,jharrington1,,1054,10.84,0,0,false,,,11.84,Core,Core,0.95,0,,0,53460,720,Source One Financial Services,IN, ashley herrera,1,1,IN182,Core
254454,mnava,91805.22,180,Conditional Approval,Pleasureland - Brainerd - MN427,Pleasureland,MN,Brainerd,2026-09-02,2026-09-03,,2026,RV,New,665,16.51,10.49,S1House,,1301,9.5,500,30000,false,,,10,Core,Not Applicable,0.71,0,,0,128515,698,Ideal Credit Union,MO, michelle lehmann,1,1,MN427,Not Applicable
254473,,15655.62,120,Auto Decline,AMERICA GO RV - COMFORT - TX471,,TX,COMFORT,2026-09-02,,,2020,RV,Used,,11.42,9.38,gott,,0,16.99,1600,1600,false,,,17.74,Silver 2,Silver 2,0.88,0,,0,17815,637,Source One Financial Services,TX,,0,0,TX471,Silver
254350,ccampos,18548,180,Decline,Bullitt County Auto and RV Sales Inc - KY138,,KY,Shephersville,2026-09-02,,,2021,RV,Used,596,65.36,4.44,jharrington1,,50,22.99,3000,3000,false,,,23.74,Silver 1,Silver 1,18548,0,,0,1,669,Source One Financial Services,KY, chris wilson,0,0,KY138,Silver
254378,sbaker,38510.57,180,Decline,"Ron Hoover Companies of Donna, Inc -Tx277",Ron Hoover,TX,Donna,2026-09-02,,,2027,RV,New,665,45.76,2.18,gott,,18,10.24,4300,4300,false,,,11.74,Core,Core,1.03,0,,0,37214.7,719,Source One Financial Services,TX, julio pena,0,0,TX277,Core
254346,thovey,14554.96,120,Auto Approval,"Vantage Recreational Finance, Inc. -FL291",VRF,FL,FORT LAUDERDALE,2026-09-02,2026-09-03,,2022,RV,Used,,21.15,1.77,S1House,,1824,10.84,1350,1350,false,,,12.34,Core,Core,0.95,0,,0,15300,686,Source One Financial Services,TX, sean mccomas,1,1,FL291,Core
254482,thovey,108448.67,180,Pending,ROTH RV - GRAND RAPIDS - MN164,,MN,GRAND RAPIDS,2026-09-02,2026-09-02,,2026,RV,New,767,28.25,9.1,S1House,,40,8.09,500,500,false,,,9.09,Core,Core,0.96,0,,0,112474,793,Source One Financial Services,MN, nick dulong,0,0,MN164,Core
254529,thovey,12563.26,120,Approved,GIBBS OUTDOOR and RECREATION - TX454,,TX,WACO,2026-09-02,2026-09-02,,2013,RV,Used,702,12.64,3.12,gott,,45,9.24,1400,2400,false,,,10.24,Core,Core,0.96,0,,0,13050,830,Source One Financial Services,TX, colby longenbaugh,1,1,TX454,Core
254358,,50791,180,Auto Decline,NewCoast - Boatzon - FL356,Marine Max,FL,Oldsmar,2026-09-02,,,2018,Boat,Used,,13.54,2.53,S1House,,0,11.09,5500,5500,false,,,12.59,Core,Core,0.91,0,,0,55975,703,Source One Financial Services,TX,,0,0,FL356,Core
254492,sbaker,23335.69,180,Auto Approval,Foothills Marine of Lake Norman- NC144,,NC,Mooresville,2026-09-02,2026-09-02,,2027,Boat,New,749,33.29,0.98,jsmith,,23,7.74,4976,4976,false,,,8.74,Core,Core,1.3,0,,0,17951,830,Source One Financial Services,NC, james siems,1,1,NC144,Core
254435,sbaker,25461.69,180,Decline,Foothills Marine of Lake Norman- NC144,,NC,Mooresville,2026-09-02,,,2027,Boat,New,,4.99,4.59,jsmith,,66,9.74,2850,2850,false,,,10.74,Core,Not Applicable,1.28,0,,0,19951,749,Connexus Credit Union,NC, james siems,0,0,NC144,Not Applicable
254514,,50308.17,240,Cancelled,Blue Compass RV - Tyler - TX552,Blue Compass,TX,Tyler,2026-09-02,,,2025,RV,Used,,0,0,gott,,,22.99,0,0,false,,,23.99,Bronze,Bronze,0.85,0,,0,59510,,Source One Financial Services,TX, brian vaseleck,0,0,TX552,Business First
254457,sbaker,20630.14,144,Decline,Golden Triangle Homes and RV Inc -TX179,,TX,Vidor,2026-09-02,,,2026,RV,New,,20.93,3.51,gott,,36,16.24,1500,1500,false,,,16.99,Silver 1,Silver 1,0.92,0,,0,22398,654,Source One Financial Services,TX, jeremiah harrington,0,0,TX179,Silver
254518,ccampos,144481.69,240,Decline,Blue Compass RV - Danville - VA125,Blue Compass,VA,Ringgold,2026-09-02,,,2027,RV,New,737,15.89,4.38,jsmith,,46,7.59,12150,15918,false,,,9.09,Core,Core,1.02,0,,0,141901,820,Source One Financial Services,TX, doran mccormick,0,0,VA125,Core
254511,pmeza,22822.79,144,Approved,Rock Solid Funding LLC - TX536,RSF,TX,BEDFORD,2026-09-02,2026-09-02,,2018,RV,Used,,9.88,4.74,S1House,,117,7.74,0,0,false,,,8.99,Core,Not Applicable,0.47,0,,0,48150,788,Connexus Credit Union,TX, caleb grassi,1,1,TX536,Not Applicable
254455,mnava,49604.34,240,Auto Approval,Boerne Marine -TX287,,TX,Boerne,2026-09-02,2026-09-03,,2027,Boat,New,,40.69,2.96,gott,,1132,8.24,10000,10280.37,false,,,9.24,Core,Core,1.1,0,,0,45220,793,Source One Financial Services,TX,,1,1,TX287,Core
254351,mlomedico,50654.93,240,Decline,Southern Mud Sports of the Midwest - IA225,,IA,Blue Grass,2026-09-02,,,2027,Boat,New,,54.43,3.37,gcoulombe,,22,9.99,5191.16,5191.16,false,,,10.99,Core,Core,1.18,0,,0,43090.61,729,Source One Financial Services,WI, jeff cantey,0,0,IA225,Core
254427,mlomedico,89631.8,240,Auto Approval,Sky Marine - Orlando - FL307,,FL,Sanford,2026-09-02,2026-09-02,,2027,Boat,New,,49.94,7.15,pcarter,,85,7.74,3000,9685,false,,,8.74,Core,Core,1.26,0,,0,70881,800,Source One Financial Services,FL, lisa pruchniewski,1,1,FL307,Core
254520,,28828,180,Auto Decline,Extreme Sport Boats - EAR106,EPIC,AR,Rogers,2026-09-02,,,2026,Boat,Used,,35.72,9.3,S1House,,0,17.99,2840,2840,false,,,18.74,Silver 2,Silver 2,1.02,0,,0,28182,629,Source One Financial Services,AR,,0,0,EAR106,Silver
254370,lgrace,62460,240,Approved,Intercoastal Financial Group LLC - 17401746,IFG,FL,Vero Beach,2026-09-02,2026-09-02,,2021,Boat,Used,,23.29,8.67,S1House,,11,8.09,10000,10000,false,,,9.34,Core,Core,0.77,0,,0,81000,830,Source One Financial Services,AZ, dalton stokes,1,1,17401746,Core
254472,,41115.9,180,Auto Decline,OPTIMUM RV TX LLC - Robstown - TX481,Optimum RV,TX,ROBSTOWN,2026-09-02,,,2026,RV,New,,42.41,6.67,gott,,0,22.99,5000,7000,false,,,23.99,Bronze,Bronze,0.95,0,,0,43112,582,Source One Financial Services,TX,,0,0,TX481,Business First
254426,mlomedico,33453,144,Auto Approval,DARREN BIDEAUX RV - UT101,,UT,WEST HAVEN,2026-09-02,2026-09-02,,2026,RV,New,813,16.63,6.34,ljablonoski,,16,7.59,500,18000,false,,,8.59,Core,Core,0.75,0,,0,44745,835,Source One Financial Services,MT, jeff campbell,1,1,UT101,Core
254445,rsimmons,17029.31,144,Decline,RTE 125 RV & Marine - NH106,,NH,Rochester,2026-09-02,,,2027,RV,New,,16.51,3.36,gcoulombe,,19,16.24,1000,1000,false,,,16.99,Silver 1,Silver 1,0.98,0,,0,17310,654,Source One Financial Services,MA, christopher wuelper,0,0,NH106,Silver
254464,mlomedico,27532.25,180,Pending,ROTH RV - BEMIDJI - MN168,,MN,BEMIDJI,2026-09-02,2026-09-02,,2026,RV,New,641,30.04,0,S1House,,30,10.34,5000,5000,false,,,11.34,Core,Core,0.95,0,,0,29071,693,Source One Financial Services,ND, tracy perpich,0,0,MN168,Core
254442,sbaker,9336.17,72,Auto Approval,TRAILER SOURCE INC - CO127,,CO,WHEAT RIDGE,2026-09-02,2026-09-02,,2015,RV,Used,,36.11,2.5,dzilberchtein,,264,13.09,1000,1000,false,,,13.59,Core,Core,0.64,0,,0,14550,680,Source One Financial Services,CO, jared swell,1,1,CO127,Core
254451,,41093,180,Auto Decline,RCD Sales Co. LTD -OH127,,OH,Pataskala,2026-09-02,,,2027,RV,New,,50.15,5.57,jharrington1,,0,13.49,4500,4500,false,,,14.24,Silver 1,Silver 1,0.9,0,,0,45822,672,Source One Financial Services,WI,,0,0,OH127,Silver
254422,sbaker,40385.25,180,Auto Approval,CAMPERS INN RV OF CONWAY - SC111,Campers Inn,SC,CONWAY,2026-09-02,2026-09-02,,2021,RV,Used,,20.49,2.44,jsmith,,39,10.59,10000,10000,false,,,12.09,Core,Core,0.83,0,,0,48850,703,Source One Financial Services,NH, mike napier,1,1,SC111,Core
254405,sbaker,20019.7,144,Pending,STOKLEYS MARINE - KY120,,KY,NICHOLASVILLE,2026-09-02,,,2023,Boat,Used,,23.48,2.79,jharrington1,,,14.24,2100,2100,false,,,14.99,Silver 1,Silver 1,0.98,0,,0,20495,674,Source One Financial Services,KY, erin tuttle,0,0,KY120,Silver
254528,,29541.26,180,Auto Decline,GOOD SENSE RV AND MOTORS - NM103,,NM,ALBUGUERQUE,2026-09-02,,,2022,RV,Used,,20.63,18.14,edominguez,,0,22.99,3000,3000,false,,,23.99,Bronze,Bronze,0.94,0,,0,31515,611,Source One Financial Services,NM,,0,0,NM103,Business First
254397,sbaker,74034.03,180,Decline,Palmetto State RV LLC - SC128,,SC,Greer,2026-09-02,,,2026,RV,New,,21.99,6.69,jsmith,,42,13.49,9000,9000,false,,,14.24,Silver 1,Silver 1,0.82,0,,0,90396,671,Source One Financial Services,TN, will scoggins,0,0,SC128,Silver
254389,Jhill,57483.24,240,Decline,Rinkers Boat World - Conroe - ETX133,EPIC,TX,Montgomery,2026-09-02,,,2023,Boat,Used,,21.36,6.69,S1House,,31,10.84,10000,10000,false,,,11.84,Core,Core,1.05,0,,0,54693.35,699,Source One Financial Services,TX, sierra whitmire,0,0,ETX133,Core
254381,lgrace,10779.82,120,Approved,NewCoast - Boatzon - FL356,Marine Max,FL,Oldsmar,2026-09-02,2026-09-02,,2008,Boat,Used,,18.66,3.24,S1House,,91,11.49,1550,1550,false,,,12.99,Core,Core,1.01,0,,0,10718,713,Source One Financial Services,TX, michael mclamb,1,1,FL356,Core
254367,mlomedico,31704.71,180,Decline,Southern Mud Sports of the Midwest - IA225,,IA,Blue Grass,2026-09-02,,,2027,Boat,New,,54.94,4.61,gcoulombe,,29,7.74,3187,3187,false,,,8.74,Core,Core,1.17,0,,0,27026.67,818,Source One Financial Services,IA, jeff cantey,0,0,IA225,Core
254404,,73250,240,Auto Decline,Intercoastal Financial Group LLC - 17401746,IFG,FL,Vero Beach,2026-09-02,,,2004,Boat,Used,,0,0,S1House,,0,22.99,50000,50000,false,,,23.99,Bronze,Bronze,0.75,0,,0,97108,,Source One Financial Services,IL,,0,0,17401746,Business First
254417,,117004,240,Auto Decline,Blue Compass RV - Bowling Green - KY152,Blue Compass,KY,Bowling Green,2026-09-02,,,2026,RV,New,,73.37,37.09,jharrington1,,0,13.49,30000,32000,false,,,14.24,Silver 1,Silver 1,1.13,0,,0,103795,662,Source One Financial Services,DE,,0,0,KY152,Silver
254394,Jhill,62909.23,240,Decline,Blue Compass RV - Knoxville - TN159,Blue Compass,TN,Louisville,2026-09-02,,,2027,RV,New,637,69.78,15.96,jsmith,,28,13.49,2000,2000,false,,,14.24,Silver 1,Silver 1,1.14,0,,0,55090.25,670,Source One Financial Services,TN, david smith jr.,0,0,TN159,Silver
254469,thovey,16219.76,120,Auto Approval,Campers Inn - Collinsville - IL257,Campers Inn,IL,Collinsville,2026-09-02,2026-09-02,,2026,RV,New,,23.72,3.07,gcoulombe,,22,10.09,11000,11000,false,,,11.59,Core,Core,0.61,0,,0,26532,714,Source One Financial Services,IL, robb best,1,1,IL257,Core
254418,mlomedico,18786.44,144,Auto Approval,PPL MOTORHOMES - CLEBURNE - TX440,,TX,CLEBURNE,2026-09-02,2026-09-02,,2021,RV,Used,,39.31,1.66,gott,,17,10.99,2200,2200,false,,,11.99,Core,Core,0.98,0,,0,19200,686,Source One Financial Services,TX, wesley meyer,1,1,TX440,Core
254484,sdelarosa,113300.26,120,Approved,General RV - Richmond - VA117,General RV,VA,Ashland,2026-09-02,2026-09-02,,2026,RV,New,,14.42,6.76,jsmith,,71,8.99,15000,19000,false,,,9.74,Core,Not Applicable,1,0,,0,113555,705,Connexus Credit Union,NC, justin clearfield,1,1,VA117,Not Applicable
254466,,12547.14,120,Auto Decline,PPL Motorhomes - Decatur -  TX583,,TX,Decatur,2026-09-02,,,2018,RV,New,,14.61,2.71,gott,,0,16.99,1400,1400,false,,,17.74,Silver 2,Silver 2,0.97,0,,0,12900,629,Source One Financial Services,TX,,0,0,TX583,Silver
254420,sdelarosa,39099.14,180,Approved,Maxie Price RV - GA161,,GA,Loganville,2026-09-02,2026-09-02,,2027,RV,New,,14.71,7.64,jsmith,,144,7.49,3500,3500,false,,,8.74,Core,Not Applicable,1.08,0,,0,36040,806,Connexus Credit Union,GA, steven crawford,1,1,GA161,Not Applicable
254392,mlomedico,39214.12,180,Auto Approval,CAMPERS INN RV OF ACWORTH - GA123,Campers Inn,GA,ACWORTH,2026-09-02,2026-09-02,,2021,RV,Used,673,31.85,7.39,jsmith,,36,14.24,10000,10000,false,,,14.99,Silver 1,Silver 1,0.97,0,,0,40450,663,Source One Financial Services,GA, steven goins,1,1,GA123,Silver
254481,ccampos,12445.66,120,Auto Approval,Campers Unlimited - Gadsden-AL152,,AL,Gadsden,2026-09-02,2026-09-02,,2022,RV,Used,,21.54,2.35,jsmith,,15,10.59,1300,1300,false,,,11.59,Core,Core,0.82,0,,0,15150,711,Source One Financial Services,AL, david tyler,1,1,AL152,Core
254414,pmeza,17142,120,Conditional Approval,Sunrise Rv's - WA124,,WA,Omak,2026-09-02,2026-09-02,,2026,RV,New,,13.58,2.34,ljablonoski,,57,12.99,5000,5000,false,,,12.99,Silver 1,Not Applicable,1.16,0,,0,14816,658,Connexus Credit Union,WA,,1,1,WA124,Not Applicable
254504,mlomedico,38948.5,180,Auto Approval,Pierce RV & Marine - Billings -  MT110,Easy Care,MT,Billings,2026-09-02,2026-09-03,,2026,RV,New,,24.15,6.13,dzilberchtein,,1111,10.09,2027,2027,false,,,11.59,Core,Core,0.89,0,,0,43579,706,Source One Financial Services,MT, bradley taylor,1,1,MT110,Core
254526,thovey,17649.6,144,Auto Approval,Blue Compass RV - St. Augustine - FL339,Blue Compass,FL,ST. AUGUSTINE,2026-09-02,2026-09-02,,2019,RV,Used,835,2.65,2.43,pcarter,,46,8.74,1200,4200,false,,,10.24,Core,Core,1.36,0,,0,12950,835,Source One Financial Services,WA, matthew braziel,1,1,FL339,Core
254318,avera,36471.55,180,Approved,MarineMax - Venice - FL375,Marine Max,FL,Venice,2026-09-02,2026-09-02,,2022,Boat,Used,846,2.89,1.91,S1House,,15,7.99,12500,12500,false,,,9.49,Core,Core,0.87,0,,0,41920,827,Source One Financial Services,FL, stephen ardman,1,1,FL375,Core
254478,pmeza,13311.54,120,Auto Approval,THRILLS RV - IN194,,IN,COLUMBIA CITY,2026-09-02,2026-09-02,,2017,RV,Used,,31.66,2.13,jharrington1,,66,10.99,2000,2000,false,,,11.99,Core,Core,0.86,0,,0,15400,728,Source One Financial Services,NC, josh mould,1,1,IN194,Core
254534,mlomedico,47509.99,180,Auto Approval,Clear Creek Camping LLC-TX396,,TX,Abilene,2026-09-02,2026-09-03,,2027,RV,New,,27.46,4.72,gott,,1065,7.59,5000,5000,false,,,8.59,Core,Core,1.03,0,,0,46344,828,Source One Financial Services,TX, mark connally,1,1,TX396,Core
254467,ahunt,29156,180,Auto Approval,Fourwinds RV - IL181,,IL,Maroa,2026-09-02,2026-09-02,,2027,RV,New,,23.47,4.11,gcoulombe,,226,9.59,3000,3000,false,,,10.59,Core,Core,0.84,0,,0,34561,752,Source One Financial Services,IL, peter koyak,1,1,IL181,Core
254337,avera,30402,180,Conditional Approval,"Holman Motors, Inc. -OH111",,OH,Batavia,2026-09-02,2026-09-02,,2027,RV,New,,31.76,5.5,jharrington1,,49,13.49,3100,3100,false,,,14.24,Silver 1,Silver 1,0.69,0,,0,44027,668,Source One Financial Services,IN,,1,1,OH111,Silver
254402,,38940.17,180,Auto Decline,T and S RV and SPORT LLC -TX377,,TX,NAVASOTA,2026-09-02,,,2014,RV,Used,,53.81,19.18,gott,,0,15.24,4000,4000,false,,,15.99,Silver 1,Silver 1,0.78,0,,0,49830,660,Source One Financial Services,TX,,0,0,TX377,Silver
254501,hhisek,50308.17,240,Decline,Blue Compass RV - Tyler - TX552,Blue Compass,TX,Tyler,2026-09-02,,,2025,RV,Used,,23.54,9.28,gott,,8,16.24,0,0,false,,,16.99,Silver 1,Silver 1,0.85,0,,0,59510,656,Source One Financial Services,TX, brian vaseleck,0,0,TX552,Silver
254330,lgrace,20617,180,Conditional Approval,NewCoast - Boatzon - FL356,Marine Max,FL,Oldsmar,2026-09-02,2026-09-02,,2019,Boat,Used,,20.31,2.62,S1House,,148,11.34,5000,5000,false,,,12.84,Core,Core,0.8,0,,0,25865,681,Source One Financial Services,GA, justin veghte,1,1,FL356,Core
254474,mlomedico,43863,180,Conditional Approval,Bourbon RV - MO167,,MO,Bourbon,2026-09-02,2026-09-02,,2018,RV,Used,756,26.36,1.86,jweller,,132,8.24,3100,3100,false,,,9.24,Core,Not Applicable,1,0,,0,43964,752,Connexus Credit Union,MO, jesse martin,1,1,MO167,Not Applicable
254413,,23857.28,180,Auto Decline,Dalton RV LLC-AR132,Warrior Performance,AR,Morrilton,2026-09-02,,,2026,RV,New,628,34.6,4.96,jweller,,0,22.99,0,7786.34,false,,,23.99,Bronze,Bronze,0.91,0,,0,26132,608,Source One Financial Services,AR,,0,0,AR132,Business First
254345,mlomedico,47488.46,180,Decline,Buy RV Sell RV - MN826,,MN,Oronoco,2026-09-02,,,2022,RV,Used,832,24.46,3.49,S1House,,72,9.49,10000,10000,false,,,6.99,Core,Core,0.91,0,,0,52250,766,Source One Financial Services,MN, candis novek,0,0,MN826,Core
254517,pmeza,57412.09,240,Decline,Campers Inn RV of Ramsey - MN840,Campers Inn,MN,Ramsey,2026-09-02,,,2023,RV,Used,,21.02,8,S1House,,21,16.99,10000,-5739,false,,,17.74,Silver 1,Silver 1,1.37,0,,0,41965,646,Source One Financial Services,TN, mike mckelvy,0,0,MN840,Silver
254431,sbaker,15694.26,144,Decline,REINEKE RV - TIFFIN - OH169,,OH,TIFFIN,2026-09-02,,,2027,RV,New,589,53.2,2.42,jharrington1,,37,9.99,1500,1500,false,,,10.99,Core,Core,0.93,0,,0,16845,736,Source One Financial Services,OH, craig rose,0,0,OH169,Core
254325,avera,42566.36,204,Conditional Approval,Ron Hoover - Amarillo - TX513,Ron Hoover,TX,Amarillo,2026-09-02,2026-09-02,,2026,RV,New,679,40.74,2.61,gott,,27,10.49,4300,4300,false,,,11.99,Core,Core,1.01,0,,0,42205,687,Source One Financial Services,TX, travis newsom,1,1,TX513,Core
254490,mlomedico,35896.57,180,Auto Approval,FUN TOWN RV ANNA LLC - IL251,Fun Town,IL,ANNA,2026-09-02,2026-09-02,,2026,RV,New,,16.34,6.49,gcoulombe,,78,13.49,2000,2000,false,,,14.24,Silver 1,Silver 1,0.92,0,,0,38861,676,Source One Financial Services,IL, brenden boggs,1,1,IL251,Silver
254395,,54163.46,180,Auto Decline,RV STATION LLC - COLBERT - OK125,,OK,COLBERT,2026-09-02,,,2027,RV,New,567,44.88,10.68,jweller,,0,17.99,5700,5700,false,,,18.74,Silver 2,Silver 2,1.03,0,,0,52576,620,Source One Financial Services,OK,,0,0,OK125,Silver
254458,hhisek,23649.31,144,Auto Approval,Fish and Ski Marine - Canton - TX575,,TX,Canton,2026-09-02,2026-09-03,,2013,Boat,Used,,29.65,5.96,gott,,1180,11.74,2500,2500,false,,,12.74,Core,Core,1.09,0,,0,21630,708,Source One Financial Services,TX, paul hyland,1,1,TX575,Core
254326,,18740.17,180,Auto Decline,General RV - Fort Pierce - FL235,General RV,FL,Fort Pierce,2026-09-02,,,2027,RV,New,,42.94,4.47,pcarter,,0,22.99,15000,15000,false,,,23.99,Bronze,Bronze,0.53,0,,0,35235,616,Source One Financial Services,FL,,0,0,FL235,Business First
254516,mlomedico,73449,240,Approved,"Vantage Recreational Finance, Inc. -FL291",VRF,FL,FORT LAUDERDALE,2026-09-02,2026-09-02,,2021,Boat,Used,679,40.86,2.71,S1House,,58,9.49,7250,7250,false,,,10.99,Core,Core,1.15,0,,0,63855,774,Source One Financial Services,CA, robyn lemke,1,1,FL291,Core
254536,pmeza,35268.68,180,Decline,Moix RV - Hot Springs Landing LLC - AR135,,AR,Hot Springs,2026-09-02,,,2027,RV,New,,56.61,6.53,jweller,,982,7.74,0,0,false,,,8.74,Core,Core,1,0,,0,35160,810,Source One Financial Services,AR, brayden fisher,0,0,AR135,Core
254360,ccampos,111586.41,204,Auto Approval,General RV - Richmond - VA117,General RV,VA,Ashland,2026-09-02,2026-09-03,,2024,RV,Used,838,38.49,4.66,jsmith,,1968,10.09,12000,12000,true,,,12.09,Business First,Business First,0.77,0,,0,144600,,Source One Financial Services,VA, sebastian beltran,1,1,VA117,Business First
254425,mnava,41495,144,Contract Received,BISH'S RV OF BOZEMAN - MT103,Bish's RV,MT,BOZEMAN,2026-09-02,2026-09-03,,2022,RV,Used,,24.35,7.09,dzilberchtein,,1238,12.74,5000,5000,false,,16,12.74,Silver 1,Not Applicable,1.13,0,,0,36800,661,Connexus Credit Union,MT, dylan higgins,1,1,MT103,Not Applicable
254507,hhisek,18648,120,Approved,JOHNNY'S RV SUPERSTORE LLC - AL124,,AL,THEODORE,2026-09-02,2026-09-02,,2020,RV,Used,695,45.96,6,jsmith,,96,9.99,0,8000,false,,,10.74,Core,Not Applicable,0.88,0,,0,21100,706,Connexus Credit Union,AL,,1,1,AL124,Not Applicable
254368,hhisek,23141.12,180,Conditional Approval,BISHS RV OF LONGVIEW - TX473,Bish's RV,TX,LONGVIEW,2026-09-02,2026-09-02,,2027,RV,New,,16.78,6.72,gott,,11,9.74,2800,4497,false,,,11.24,Core,Core,1.3,0,,0,17840,756,Source One Financial Services,TX, david mcclanahan,1,1,TX473,Core
254539,,39230.68,180,Auto Decline,OPTIMUM RV TX LLC - Robstown - TX481,Optimum RV,TX,ROBSTOWN,2026-09-02,,,2021,RV,Used,,19.78,5.94,gott,,0,22.99,4000,4000,false,,,23.99,Bronze,Bronze,1.09,0,,0,36060,607,Source One Financial Services,TX,,0,0,TX481,Business First
254495,,28077.75,180,Auto Decline,Gregg Orr Marine - Hot Springs - AR123,,AR,Hot Springs,2026-09-02,,,2026,Boat,New,,50.57,3.97,jweller,,0,13.49,2850,2850,false,,,14.24,Silver 1,Silver 1,1.2,0,,0,23425.29,670,Source One Financial Services,LA,,0,0,AR123,Silver
254544,,26127.02,180,Auto Decline,BLUE COMPASS RV - DALLAS - TX147,Blue Compass,TX,Mesquite,2026-09-02,,,2026,RV,New,,22.44,4.19,gott,,0,16.99,2000,2000,false,,,17.74,Silver 2,Silver 2,0.81,0,,0,32174,634,Source One Financial Services,GA,,0,0,TX147,Silver
254376,hhisek,76788.56,240,Auto Approval,Fun Town RV Houston LLC -TX244,Fun Town,TX,Wharton,2026-09-02,2026-09-02,,2026,RV,New,,37.74,7.34,gott,,245,9.49,6000,8670.42,false,,,10.99,Core,Core,1.23,0,,0,62367,721,Source One Financial Services,TX, brenden boggs,1,1,TX244,Core
254524,ccampos,46279.93,240,Auto Approval,Warrior Financial - OH236,Warrior Performance,OH,Columbus,2026-09-02,2026-09-02,,2025,RV,Used,,45.12,3.3,jharrington1,,51,9.74,30000,30000,false,,,11.24,Core,Core,0.64,0,,0,72550,753,Source One Financial Services,FL, nate rose,1,1,OH236,Core
254365,mnava,197932.7,180,Pending,La Mesa RV Center - Phoenix - AZ354,La Mesa,AZ,Phoenix,2026-09-02,,,2022,RV,Used,,19.12,3.51,edominguez,,31,10.09,25000,25000,false,,,11.59,Core,Not Applicable,0.92,0,,0,216150,756,Ideal Credit Union,AZ, ethan hussey,0,0,AZ354,Not Applicable
254314,lgrace,52447.65,180,Auto Approval,Bryant's RV Showcase - PA140,,PA,Dallas,2026-09-02,2026-09-02,,2027,RV,New,,7.84,5.82,jharrington1,,353,9.99,5500,5500,false,,,10.49,Core,Not Applicable,0.86,0,,0,61247.8,682,Connexus Credit Union,VA, mac mclelland,1,1,PA140,Not Applicable
254480,,56700,180,Auto Decline,FREEDOM MARINE CENTER - AL138,,AL,GUNTERSVILLE,2026-09-02,,,2024,Boat,New,,74.34,21.52,jsmith,,0,22.99,6300,6300,false,,,23.74,Silver 1,Silver 1,0,0,,0,0,664,Source One Financial Services,AL,,0,0,AL138,Silver
254434,thovey,15405.19,168,Auto Approval,JAKES RV - GA139,,GA,WARNER ROBINS,2026-09-02,2026-09-02,,2022,RV,Used,,46.22,1.51,jsmith,,220,9.49,0,0,false,,,10.49,Core,Core,1.17,0,,0,13150,772,Source One Financial Services,TX,,1,1,GA139,Core
254353,sbaker,33348,180,Contract Received,Grand Pointe Marina of Detroit - MI465,,MI,Sterling Heights,2026-09-02,2026-09-03,,2026,Boat,New,,14.36,7.62,dzilberchtein,,1435,13.49,3450,3450,false,,9,14.24,Silver 1,Silver 1,1.04,0,,0,31995,676,Source One Financial Services,MI, patrick crowley,1,1,MI465,Silver
254396,lgrace,19406,120,Auto Approval,Bills Happy Camper Rv LLC-PA135,Warrior Performance,PA,Mill Hall,2026-09-02,2026-09-02,,2018,RV,Used,,32.87,6.87,jharrington1,,170,17.49,20000,20000,false,,,18.24,Silver 1,Silver 1,0.46,0,,0,42650,649,Source One Financial Services,PA, dave waters,1,1,PA135,Silver
254439,avera,149886.25,240,Conditional Approval,BISH'S RV - INDIANAPOLIS - IN199,Bish's RV,IN,ANDERSON,2026-09-02,2026-09-02,,2026,RV,New,703,36.02,7.66,jharrington1,,33,10.09,8700,27911,false,,,11.59,Core,Core,0.99,0,,0,151849,702,Source One Financial Services,IN, stormy pitts,1,1,IN199,Core
254471,sbaker,23537.91,180,Auto Approval,Ideal RVs INC - FL228,,FL,Lakeland,2026-09-02,2026-09-02,,2017,RV,Used,,8.85,5.15,wstoutimore,,44,9.24,10000,10000,false,,,10.24,Core,Core,0.57,0,,0,41590,786,Source One Financial Services,FL, john yanis,1,1,FL228,Core
254322,sbaker,17397.79,120,Auto Approval,Rock Solid Funding LLC - TX536,RSF,TX,BEDFORD,2026-09-02,2026-09-02,,2020,RV,Used,,42.34,2.7,S1House,,7,8.24,0,0,false,,,9.74,Core,Core,1.12,0,,0,15550,830,Source One Financial Services,FL, serena pulliam,1,1,TX536,Core
254491,ahunt,80122.34,240,Auto Approval,Blue Compass RV - Bowling Green - KY152,Blue Compass,KY,Bowling Green,2026-09-02,2026-09-02,,2026,RV,New,,4.34,1.7,jharrington1,,75,9.84,30000,30000,false,,,11.34,Core,Core,0.85,0,,0,94407,731,Source One Financial Services,MI, cheyenne waterman,1,1,KY152,Core
254383,sbaker,33398,180,Auto Approval,NewCoast - Boatzon - FL356,Marine Max,FL,Oldsmar,2026-09-02,2026-09-02,,2024,Boat,New,687,40.98,5.22,S1House,,107,9.49,0,0,false,,,10.99,Core,Core,1.3,0,,0,25700,762,Source One Financial Services,LA, michael mclamb,1,1,FL356,Core
254321,,77944.92,240,Auto Decline,HORIZON RV CENTER - GA136,,GA,LAKE PARK,2026-09-02,,,2024,RV,Used,,50.84,10.11,jsmith,,10,22.99,0,13500,false,,,23.99,Bronze,Silver 1,0.88,0,,0,88700,657,Source One Financial Services,GA, lazaro remolina,0,0,GA136,Business First
254430,mlomedico,74879.7,180,Conditional Approval,Meyer's I-79 RV Sales - PA148,,PA,Mount Morris,2026-09-02,2026-09-02,,2026,RV,New,640,27.19,3.42,jharrington1,,69,13.49,48000,48043,false,,,14.24,Silver 1,Silver 1,0.8,0,,0,93043,673,Source One Financial Services,PA, matthew stuchell,1,1,PA148,Silver
254543,pmeza,32787.73,180,Conditional Approval,Gregg Orr Marine of Destin - FL225,,FL,Destin,2026-09-02,2026-09-02,,2026,Boat,New,,4.47,2.65,wstoutimore,,48,7.89,3717,3717,false,,,8.89,Core,Not Applicable,1.02,0,,0,32082.72,774,Ideal Credit Union,AL, jennifer krebsbach,1,1,FL225,Not Applicable
254408,,23857.28,180,Auto Decline,Dalton RV LLC-AR132,Warrior Performance,AR,Morrilton,2026-09-02,,,2026,RV,New,628,34.6,4.96,jweller,,0,22.99,0,7786.34,false,,,23.99,Bronze,Bronze,0.91,0,,0,26132,608,Source One Financial Services,AR,,0,0,AR132,Business First
254359,avera,26433.52,144,Conditional Approval,MARINE CONNECTION - FL173,,FL,WEST PALM BEACH,2026-09-02,2026-09-02,,2024,Boat,Used,,25.54,5.17,pcarter,,223,11.74,15300,15300,false,,,11.74,Silver 1,Not Applicable,1,0,,0,26560,675,Connexus Credit Union,FL, arianne buel,1,1,FL173,Not Applicable
254531,ccampos,61328.84,240,Decline,"Vantage Recreational Finance, Inc. -FL291",VRF,FL,FORT LAUDERDALE,2026-09-02,,,2026,Boat,New,580,76.23,7.17,S1House,,40,16.24,2500,34500,false,,,16.99,Silver 1,Silver 1,0.84,0,,0,73320.5,642,Source One Financial Services,FL, brian decastro,0,0,FL291,Silver
254444,,30389.45,180,Auto Decline,Gil Cherry Family RV Center LLC -TX130,,TX,Sweetwater,2026-09-02,,,2026,RV,New,,29.67,4.64,gott,,0,22.99,4300,4300,false,,,23.99,Bronze,Bronze,1.33,0,,0,22781,612,Source One Financial Services,NC,,0,0,TX130,Business First
254354,,25524.2,144,Auto Decline,Millican RV America - AL103,,AL,Hanceville,2026-09-02,,,2025,RV,New,559,11.35,9.24,jsmith,,0,22.99,3000,3000,false,,,23.99,Bronze,Bronze,1.05,0,,0,24395,599,Source One Financial Services,AL,,0,0,AL103,Business First
254388,rsimmons,59339.99,240,Auto Approval,RV Station LTD - Tyler -TX324,,TX,Tyler,2026-09-02,2026-09-02,,2026,RV,New,685,36.64,8.7,gott,,41,9.84,8000,8000,false,,,10.84,Core,Core,0.92,0,,0,64329,722,Source One Financial Services,TX, evan whitaker,1,1,TX324,Core
254380,hhisek,52611.8,180,Booked,S&S Apache Camping Center - MS119,,MS,Jackson,2026-09-02,2026-09-03,2026-09-03,2026,RV,New,,14.01,4.04,jsmith,1901,1886,10.24,14000,14000,false,15,0,11.24,Core,Core,0.83,2104.47,4,0,63469,716,Source One Financial Services,AR, justin myers,1,0,MS119,Core
254535,mnava,28332.35,180,Decline,BLUE COMPASS RV CONNECTICUT-CT106,Blue Compass,CT,NEWTON,2026-09-02,,,2027,RV,New,651,51.21,2.84,gcoulombe,,56,10.34,4000,4000,false,,,11.84,Core,Core,0.94,0,,0,30179,682,Source One Financial Services,CT, alexander graziano,0,0,CT106,Core
254532,ccampos,249915.96,240,Auto Approval,La Mesa RV Center - Ft. Myers - FL317,La Mesa,FL,Ft. Myers,2026-09-02,2026-09-03,,2026,RV,New,728,26.95,7.26,wstoutimore,,1506,8.34,19400,28604,false,,,9.84,Core,Core,1.01,0,,0,247485,769,Source One Financial Services,FL, erin zappia,1,1,FL317,Core
254515,,21138.61,180,Auto Decline,General RV - Fort Pierce - FL235,General RV,FL,Fort Pierce,2026-09-02,,,2022,RV,Used,,4.27,2.52,pcarter,,0,22.99,1800,1800,false,,,23.99,Bronze,Bronze,1.2,0,,0,17600,600,Source One Financial Services,FL,,0,0,FL235,Business First
254513,pmeza,8043.2,60,Decline,Boat N RV Outlet - FL329,,FL,Hudson,2026-09-02,,,2024,RV,Used,,40.75,2.54,wstoutimore,,63,8.99,3000,3000,false,,,9.49,Core,Core,0.63,0,,0,12750,819,Source One Financial Services,FL, amy kramer,0,0,FL329,Core
254494,rsimmons,40335.5,180,Decline,Willis and Co RV - TX566,Easy Care,TX,Granbury,2026-09-02,,,2027,RV,New,674,52.79,3.71,gott,,17,13.49,4100,4100,false,,,14.24,Silver 1,Core,1.06,0,,0,38025,701,Source One Financial Services,TX, bradley taylor,0,0,TX566,Silver
254521,thovey,35046.85,180,Decline,Foothills Marine of Lake Norman- NC144,,NC,Mooresville,2026-09-02,,,2026,Boat,New,,35.19,3.8,jsmith,,38,13.49,0,0,false,,,14.24,Silver 1,Silver 1,1.16,0,,0,30291,662,Source One Financial Services,NC, james siems,0,0,NC144,Silver
254428,ccampos,62518.84,240,Auto Approval,Ron Hoover Companies Katy -TX275,Ron Hoover,TX,Katy,2026-09-02,2026-09-02,,2026,RV,New,749,33.41,4.86,gott,,155,7.74,8000,8000,false,,,8.74,Core,Not Applicable,0.93,0,,0,67312,775,Connexus Credit Union,TX, greg woods,1,1,TX275,Not Applicable
254406,jharrington1,44620.18,220,Auto Approval,Setzer's World of Camping Inc - WV106,,WV,Huntington,2026-09-02,2026-09-02,,2026,RV,New,,28.72,0.84,jharrington1,,22,9.99,0,0,false,,,10.99,Core,Core,1.17,0,,0,38294,726,Source One Financial Services,WV, eric collinsworth,1,1,WV106,Core
254429,,24327.28,144,Auto Decline,Campers Inn - Collinsville - IL257,Campers Inn,IL,Collinsville,2026-09-02,,,2022,RV,Used,,15.35,8.68,gcoulombe,,0,22.99,2000,2000,false,,,23.99,Bronze,Bronze,1.01,0,,0,24090,590,Source One Financial Services,IL,,0,0,IL257,Business First
254419,rsimmons,54080.78,240,Decline,BLUE COMPASS RV - DENTON - TX148,Blue Compass,TX,Denton,2026-09-02,,,2026,RV,New,,5.3,3.19,gott,,23,16.24,25000,25000,false,,,16.99,Silver 1,Silver 1,0.86,0,,0,63042.25,641,Source One Financial Services,CO, chad pickens,0,0,TX148,Silver
254375,,47880.89,240,Auto Decline,Warrior Financial - OH236,Warrior Performance,OH,Columbus,2026-09-02,,,2016,RV,Used,,51.19,24.32,jharrington1,,0,22.99,2000,5219.5,false,,,23.99,Bronze,Bronze,1.2,0,,0,39930,604,Source One Financial Services,FL,,0,0,OH236,Business First
254475,ccampos,217832.37,240,Auto Approval,General RV Center - South Weber - UT132,General RV,UT,South Weber,2026-09-02,2026-09-03,,2025,RV,New,,44.49,12.49,ljablonoski,,1495,7.99,40000,40000,false,,,9.49,Core,Core,0.82,0,,0,266765,791,Source One Financial Services,OK, dj daenzer,1,1,UT132,Core
254407,pmeza,16368.18,144,Contract Received,Wright Campers LLC - NC163,,NC,Dobson,2026-09-02,2026-09-03,,2018,RV,Used,729,15.06,0.66,jsmith,,1514,8.74,4000,4000,false,,18,9.74,Core,Core,1.09,0,,0,15000,811,Source One Financial Services,VA, kimberley wright,1,1,NC163,Core
254391,ccampos,169020.87,180,Auto Approval,CAMPING NATION RVS LLC - AZ322,,AZ,MESA,2026-09-02,2026-09-03,,2023,RV,Used,,22.84,5.56,edominguez,,1824,7.24,15500,15500,false,,,7.49,Core,Not Applicable,0.98,0,,0,172650,777,Ideal Credit Union,NV, zachary booth,1,1,AZ322,Not Applicable
254377,mnava,68109.35,180,Auto Approval,Heartland Marine -MO131,,MO,Sunrise Beach,2026-09-02,2026-09-02,,2015,Boat,Used,814,15.43,4.89,jweller,,450,8.74,4500,11400,false,,,9.74,Core,Core,1.05,0,,0,64890,877,Source One Financial Services,KS, ashley maass,1,1,MO131,Core
254462,mlomedico,41761,240,Auto Approval,Midway Auto & RV - Billings - MT107,,MT,Billings,2026-09-02,2026-09-02,,2025,RV,New,802,4.1,3.36,dzilberchtein,,124,7.59,30000,30000,false,,,8.84,Core,Core,0.57,0,,0,73499,822,Source One Financial Services,WY,,1,1,MT107,Core
254447,,11243.32,120,Cancelled,HAPPY CAMPERS RV SALES and SERVICE - IN182,,IN,LAFAYETTE,2026-09-02,,,2017,RV,Used,,0,0,jharrington1,,,22.99,3000,3500,false,,,23.99,Bronze,Bronze,0.79,0,,0,14150,,Source One Financial Services,IN, ashley herrera,0,0,IN182,Business First
254372,sbaker,29490,180,Decline,Blue Compass RV - Charleston - SC138,Blue Compass,SC,Ladson,2026-09-02,,,2025,RV,Used,,48.27,6.99,jsmith,,37,10.49,5000,5000,false,,,11.99,Core,Core,0.75,0,,0,39250,688,Source One Financial Services,SC, houston mcdaniel,0,0,SC138,Core
254366,Jhill,66222.79,180,Approved,Rock Solid Funding LLC - TX536,RSF,TX,BEDFORD,2026-09-02,2026-09-02,,2019,RV,Used,,34.98,8.62,S1House,,55,8.59,0,0,false,,,10.09,Core,Core,0.52,0,,0,128300,865,Source One Financial Services,TX, ashley rogers,1,1,TX536,Core
254461,sbaker,26926.78,180,Verifications Incomplete,GREAT AMERICAN RV SUPERSTORE-BREAUX BRIDGE - LA104,,LA,BREAUX BRIDGE,2026-09-02,2026-09-03,,2020,RV,Used,,25,2.56,gott,,1575,10.09,500,500,false,,5,11.09,Core,Core,1.19,1077.07,4,0,22600,748,Source One Financial Services,LA, james duos,1,1,LA104,Core
254412,mnava,62696.67,240,Auto Approval,Blue Compass RV - South Beumont - TX551,Blue Compass,TX,Vidor,2026-09-02,2026-09-03,,2027,RV,New,,33.73,5.9,gott,,1593,9.24,5000,5000,false,,,10.74,Core,Core,1.28,0,,0,48880,752,Source One Financial Services,LA, leah sligar,1,1,TX551,Core
254421,lgrace,56828.66,240,Decline,LDRV of Tampa - FL340,Campers Inn,FL,Seffner,2026-09-02,,,2017,RV,Used,591,38.74,8.6,wstoutimore,,17,14.74,500,15000,false,,,15.49,Silver 1,Silver 1,0.78,0,,0,72655,670,Source One Financial Services,FL, jason rubin,0,0,FL340,Silver
254416,jharrington1,41523,180,Approved,STOKLEYS MARINE - KY120,,KY,NICHOLASVILLE,2026-09-02,2026-09-02,,2026,Boat,New,,32.15,6.66,jharrington1,,17,7.74,0,0,false,,,8.74,Core,Core,1.21,0,,0,34326,842,Source One Financial Services,KY, erin tuttle,1,1,KY120,Core
254369,avera,14344.94,120,Decline,LAKE CUMBERLAND MARINE - KY134,,KY,SOMERSET,2026-09-02,,,2018,Boat,Used,,45.69,2.89,jharrington1,,46,11.34,600,600,false,,,12.34,Core,Not Applicable,0.99,0,,0,14440,697,Connexus Credit Union,KY, amanda hopson,0,0,KY134,Not Applicable
254538,mlomedico,59251.64,240,Decline,FUN TOWN RV CONROE -TX400,Fun Town,TX,CONROE,2026-09-02,,,2026,RV,New,674,22.91,4.88,gott,,23,16.24,5500,5500,false,,,16.99,Silver 1,Silver 1,1.34,0,,0,44342,659,Source One Financial Services,TX, angela morrell,0,0,TX400,Silver
254460,,25516,180,Auto Decline,TRAVELERS WHOLESALE TRAILER SALES - TN138,,TN,MANCHESTER,2026-09-02,,,2020,RV,Used,,26.26,10.07,jsmith,,0,18.74,3500,3500,false,,,19.49,Silver 2,Silver 2,0.73,0,,,35000,638,Source One Financial Services,NM,,0,0,TN138,Silver
254496,mlomedico,18769,144,Auto Approval,MY RV SD - SCA112,,CA,EL CAJON,2026-09-02,2026-09-02,,2018,RV,Used,,6.62,2.36,jrubi,,106,8.49,12700,12700,false,,,9.49,Core,Not Applicable,1,0,,0,18800,725,Connexus Credit Union,CA,,1,1,SCA112,Not Applicable
254335,,24266,144,Auto Decline,Performance Boats - EVA114,EPIC,VA,Mineral,2026-09-02,,,2007,Boat,Used,,58.21,3.83,S1House,,0,18.49,2500,2500,false,,,19.24,Silver 1,Silver 1,1.31,0,,0,18568,643,Source One Financial Services,VA,,0,0,EVA114,Silver
254323,sflynn,37727.05,144,Auto Approval,Boaters World - South GA - GA162,,GA,Americus,2026-09-02,2026-09-02,,2026,Boat,New,,35.42,6.26,jsmith,,20,9.74,4200,4200,false,,,10.74,Core,Core,1.15,0,,0,32782.44,749,Source One Financial Services,GA, kyle west,1,1,GA162,Core
254540,mnava,25610.52,180,Approved,Pikes Peak RV Inc - CO149,,CO,Colorado Springs,2026-09-02,2026-09-03,,2024,RV,Used,,19.52,4.6,dzilberchtein,,893,9.24,3200,3200,false,,,9.99,Core,Not Applicable,0.98,0,,0,26250,719,Connexus Credit Union,CO, lexie green,1,1,CO149,Not Applicable
254327,thovey,16561,144,Auto Approval,BLUE COMPASS RV  DES MOINES-IA222,Blue Compass,IA,ALTOONA,2026-09-02,2026-09-02,,2019,RV,Used,763,29.89,1.58,gcoulombe,,17,8.74,1500,1500,false,,,10.24,Core,Core,1.23,0,,0,13450,802,Source One Financial Services,AR, roscoe vacco,1,1,IA222,Core
254479,hhisek,12389.01,120,Auto Approval,DADS CAMPER OUTLET - PICAYUNE - MS101,,MS,PICAYUNE,2026-09-02,2026-09-02,,2021,RV,Used,,12.32,3.43,jsmith,,9,10.99,1100,1100,false,,,11.99,Core,Core,1.14,0,,0,10850,694,Source One Financial Services,LA, austin carney,1,1,MS101,Core
254499,thovey,86046.71,240,Conditional Approval,Rock Solid Funding LLC - TX536,RSF,TX,BEDFORD,2026-09-02,2026-09-02,,2022,RV,Used,,31.31,3.85,S1House,,27,8.49,7300,7300,false,,,9.99,Core,Core,1.22,0,,0,70800,780,Source One Financial Services,CA, serena pulliam,1,1,TX536,Core
254446,sbaker,18909.31,144,Auto Approval,Water Workz Marine Inc. - ETN115,EPIC,TN,Cleveland,2026-09-02,2026-09-03,,2016,Boat,Used,,40.61,3.05,S1House,,1449,9.24,3000,3000,false,,,10.24,Core,Core,1.01,0,,0,18760,787,Source One Financial Services,TN, jp lixie,1,1,ETN115,Core
254450,pmeza,86869.53,240,Auto Approval,Pleasureland - Brainerd - MN427,Pleasureland,MN,Brainerd,2026-09-02,2026-09-03,,2026,RV,New,672,20.45,3.48,S1House,,1302,9.34,30000,81528,false,,,10.84,Core,Core,0.77,0,,0,113217,739,Source One Financial Services,MN, michelle lehmann,1,1,MN427,Core
254537,,25805.84,180,Auto Decline,Boat-N-RV Supercenter  - TN157,,TN,Crossville,2026-09-02,,,2027,RV,New,,42.92,10.56,jsmith,,0,17.99,2500,2500,false,,,18.74,Silver 2,Silver 2,1.07,0,,0,24022,623,Source One Financial Services,IN,,0,0,TN157,Silver
254331,ccampos,26697.49,144,Conditional Approval,ROTH RV - BEMIDJI - MN168,,MN,BEMIDJI,2026-09-02,2026-09-02,,2022,RV,Used,,11.09,4.33,S1House,,61,11.99,3840,3840,false,,,12.49,Core,Not Applicable,1,0,,0,26700,681,Connexus Credit Union,MN, tracy perpich,1,1,MN168,Not Applicable
254403,mnava,28246.65,180,Conditional Approval,"Root's RV Sales,Inc-IN208",Canopy Financial,IN,Mitchell,2026-09-02,2026-09-02,,2022,RV,Used,,16.99,9.41,jharrington1,,150,8.24,7700,12600,false,,,9.24,Core,Not Applicable,0.99,0,,0,28400,761,Connexus Credit Union,IN, matt kurtz,1,1,IN208,Not Applicable
254508,mlomedico,55264.29,240,Decline,Rock Solid Funding LLC - TX536,RSF,TX,BEDFORD,2026-09-02,,,2022,RV,Used,,65.55,12.52,S1House,,9,8.24,0,0,false,,,9.74,Core,Core,0.98,0,,0,56332,806,Source One Financial Services,TX, caleb grassi,0,0,TX536,Core
254424,rsimmons,6932.58,144,Decline,Blue Compass RV - Knoxville - TN159,Blue Compass,TN,Louisville,2026-09-02,,,2011,RV,Used,625,53.1,1.04,jsmith,,23,9.99,1700,1700,false,,,10.49,Core,Core,0.96,0,,0,7250,835,Source One Financial Services,TN, david smith jr.,0,0,TN159,Core
254505,pmeza,56443.39,180,Conditional Approval,Ashley Marine LLC - Pensacola - FL325,,FL,Pensacola,2026-09-02,2026-09-02,,2026,Boat,New,,36.31,5.31,wstoutimore,,118,9.5,5699,6099,false,,,10.25,Core,Not Applicable,0.92,0,,0,61535,687,Ideal Credit Union,FL, joey hawkins,1,1,FL325,Not Applicable
254533,thovey,37740.39,204,Pending,General RV - Tampa - FL238,General RV,FL,Dover,2026-09-02,,,2022,RV,Used,682,31.07,4.89,wstoutimore,,46,9.34,0,0,false,,,10.84,Core,Core,1.1,0,,0,34200,769,Source One Financial Services,FL, chris mullis,0,0,FL238,Core
254527,ccampos,62742.42,204,Conditional Approval,WAKE AUTHORITY - TX449,,TX,CARTHAGE,2026-09-02,2026-09-02,,2026,Boat,New,,25.8,3.91,gott,,46,10.49,30000,30000,false,,,11.49,Core,Core,0.67,0,,0,93268,689,Source One Financial Services,TX, floyd rucks,1,1,TX449,Core
254500,thovey,51674,180,Decline,Bretz RV & Marine - Liberty Lake - WA138,Bretz RV,WA,Liberty lake,2026-09-02,,,2021,RV,Used,,56.15,4.54,ljablonoski,,130,9.49,1000,11000,false,,,10.99,Core,Core,0.93,0,,0,55605,767,Source One Financial Services,OR, angel villanueva,0,0,WA138,Core
254441,sdelarosa,27556.66,180,Approved,Erie Marine Sales - OH234,,OH,Sheffield Lake,2026-09-02,2026-09-02,,2027,Boat,New,,25.71,1.96,jharrington1,,11,10.09,20000,20000,false,,,11.09,Core,Core,0.58,0,,0,47206,716,Source One Financial Services,MS, shirley hetrick,1,1,OH234,Core
254328,jrubi,31243.68,120,Auto Approval,Moix RV - Hot Springs Landing LLC - AR135,,AR,Hot Springs,2026-09-02,2026-09-02,,2026,RV,New,,47.68,10.04,jweller,,458,7.74,20000,20000,false,,,8.74,Core,Core,0.63,0,,0,49303,818,Source One Financial Services,AR, brayden fisher,1,1,AR135,Core
254547,pmeza,10177.99,180,Decline,Bish's RV of Fairfield - SCA178,Bish's RV,CA,Fairfield,2026-09-02,,,2026,RV,New,,6.7,3.07,jrubi,,3,9.59,6000,6000,false,,,11.09,Core,Core,0.62,0,,0,16445,754,Source One Financial Services,CA, david mcclanahan,0,0,SCA178,Core
254411,mlomedico,43848.85,240,Decline,Campers Inn RV of Milford - MA110,Campers Inn,MA,Milford,2026-09-02,,,2026,RV,New,,65.37,12.09,gcoulombe,,2,7.74,0,0,false,,,9.24,Core,Core,0.98,0,,0,44774.8,803,Source One Financial Services,RI, dylan fain,0,0,MA110,Core
254342,ccampos,23217,144,Auto Approval,NewCoast - Boatzon - FL356,Marine Max,FL,Oldsmar,2026-09-02,2026-09-02,,2013,Boat,Used,,22.11,2.17,S1House,,370,9.24,2400,2400,false,,,10.74,Core,Core,1.19,0,,0,19455,830,Source One Financial Services,KY, justin veghte,1,1,FL356,Core
254449,avera,23699,180,Auto Approval,"Vantage Recreational Finance, Inc. -FL291",VRF,FL,FORT LAUDERDALE,2026-09-02,2026-09-02,,2019,RV,Used,,45.17,3.64,S1House,,71,8.49,2300,2300,false,,,9.99,Core,Core,1.04,0,,0,22700,821,Source One Financial Services,TN, brian decastro,1,1,FL291,Core
254498,ccampos,64695.37,180,Conditional Approval,NewCoast - Boatzon - FL356,Marine Max,FL,Oldsmar,2026-09-02,2026-09-03,,2012,Boat,Used,,21.58,5.49,S1House,,1402,11.84,55000,55000,false,,,13.34,Core,Core,0.62,0,,0,104260,693,Source One Financial Services,AL, michael mclamb,1,1,FL356,Core
254545,mnava,20560.89,144,Decline,BISH'S RV OF GREAT FALLS - MT104,Bish's RV,MT,GREAT FALLS,2026-09-02,,,2026,RV,New,,27.32,3.34,dzilberchtein,,12,16.24,7000,7000,false,,,16.99,Silver 1,Silver 1,0.69,0,,0,29922,646,Source One Financial Services,TX, dylan higgins,0,0,MT104,Silver
254546,,17258.99,120,Auto Decline,Airstream of Austin - TX570,Blue Compass,TX,Buda,2026-09-02,,,2025,RV,Used,,24.58,5.73,gott,,0,16.99,1000,10000,false,,,17.74,Silver 2,Silver 2,0.66,0,,0,26150,633,Source One Financial Services,TX,,0,0,TX570,Silver
254448,rsimmons,99968.06,204,Decline,CAMPERS INN RV OF MADISON - AL116,Campers Inn,AL,MADISON,2026-09-02,,,2026,RV,New,,40.28,8.2,jsmith,,51,13.49,23600,27759,false,,,14.24,Silver 1,Silver 1,1.01,0,,0,98536,667,Source One Financial Services,AL, robert orwat,0,0,AL116,Silver
254463,,79747.44,240,Auto Decline,FUN TOWN RV CONROE -TX400,Fun Town,TX,CONROE,2026-09-02,,,2026,RV,New,,30.04,13.75,gott,,9,22.99,3000,9800,false,,,23.99,Bronze,Bronze,1.12,0,,0,71106,604,Source One Financial Services,AZ, angela morrell,0,0,TX400,Business First
254352,thovey,20244,180,Auto Approval,Pierce RV & Marine - Billings -  MT110,Easy Care,MT,Billings,2026-09-02,2026-09-02,,2026,RV,New,,16.53,2.62,dzilberchtein,,75,9.84,2000,4200,false,,,11.34,Core,Core,1.08,0,,0,18823.15,737,Source One Financial Services,MT, bradley taylor,1,1,MT110,Core
254459,pmeza,48492.5,180,Decline,Gull Boats & RV - Missoula - MT118,Bretz RV,MT,Missoula,2026-09-02,,,2026,RV,New,644,40.74,7.23,dzilberchtein,,91,10.49,5850,8900,false,,,11.99,Core,Not Applicable,1.22,0,,0,39771,692,Connexus Credit Union,MT, nathan deuter,0,0,MT118,Not Applicable
254519,,30466.17,180,Auto Decline,GREAT AMERICAN RV SUPERSTORE-HAMMOND - LA105,,LA,HAMMOND,2026-09-02,,,2026,RV,New,647,30.53,5.65,gott,,0,22.99,3500,3500,false,,,23.99,Bronze,Bronze,0.81,0,,0,37520,613,Source One Financial Services,GA,,0,0,LA105,Business First
254502,sbaker,30595.99,180,Decline,Gulf Coast Marine -TX266,,TX,Corpus Christi,2026-09-02,,,2026,Boat,New,,85.16,1.42,gott,,7,9.74,3400,3400,false,,,10.74,Core,Core,0.99,0,,0,30894.5,747,Source One Financial Services,TX, melisa dlabaja,0,0,TX266,Core
254401,Jhill,10596.68,120,Conditional Approval,Princess Craft RV -TX191,,TX,Round Rock,2026-09-02,2026-09-02,,2027,RV,New,,35.13,2,gott,,32,10.49,1500,1500,false,,,11.49,Core,Core,1.23,0,,0,8600,683,Source One Financial Services,TX, lane lambright-reed,1,1,TX191,Core
254399,,28573.1,180,Auto Decline,A and L RV SALES - LAKE PARK - GA143,,GA,LAKE PARK,2026-09-02,,,2016,RV,Used,,23.55,10.53,jsmith,,0,19.24,0,0,false,,,19.99,Silver 2,Silver 2,0.91,0,,0,31450,627,Source One Financial Services,GA,,0,0,GA143,Silver
254436,jharrington1,48000,180,Auto Decline,KY Boats LLC - KY149,,KY,Richmond,2026-09-02,,,2026,Boat,New,,2.86,2.25,jharrington1,,28,7.74,15000,15000,false,,,8.74,Core,Core,1.21,0,,0,39514,819,Source One Financial Services,KY, christan wilson,0,0,KY149,Core
254385,mnava,28675.91,144,Decline,ROTH RV - BEMIDJI - MN168,,MN,BEMIDJI,2026-09-02,,,2017,RV,Used,,25.26,5.89,S1House,,41,11.24,500,500,false,,,12.24,Core,Core,1.15,0,,0,25000,714,Source One Financial Services,MN, tracy perpich,0,0,MN168,Core
254468,,30231.94,144,Auto Decline,San Antonio Rvs -TX265,,TX,Seguin,2026-09-02,,,2027,RV,New,,39.41,3.66,gott,,0,16.99,3100,3100,false,,,17.74,Silver 2,Silver 2,0.67,0,,0,45000,639,Source One Financial Services,TX,,0,0,TX265,Silver
254340,,67268.13,240,Auto Decline,FUN TOWN RV CONROE -TX400,Fun Town,TX,CONROE,2026-09-02,,,2026,RV,New,585,25.26,3.44,gott,,8,22.99,6500,6500,false,,,23.99,Bronze,Silver 2,0.93,0,,0,71956,631,Source One Financial Services,TX, angela morrell,0,0,TX400,Business First
254329,sbaker,60551.73,240,Auto Approval,Crestview RV - Georgetown -TX177,Campers Inn,TX,Georgetown,2026-09-02,2026-09-02,,2026,RV,New,733,42.97,10.4,gott,,13,8.99,10000,8368,false,,,10.49,Core,Core,1.27,0,,0,47820,774,Source One Financial Services,TX, yohannes samuel,1,1,TX177,Core
254506,mnava,79194,180,Conditional Approval,"Vantage Recreational Finance, Inc. -FL291",VRF,FL,FORT LAUDERDALE,2026-09-02,2026-09-02,,2017,RV,Used,,47.32,11.55,S1House,,57,8.74,0,0,false,,,10.24,Core,Core,1.24,0,,0,63974,892,Source One Financial Services,CA, jenica carpentier,1,1,FL291,Core
254374,sbaker,45612,240,Auto Approval,Your Fun Country RV's & Marine Center - TX549,,TX,Anthony,2026-09-02,2026-09-02,,2027,RV,New,772,30.48,5.5,gott,,22,7.74,0,5547.81,false,,,8.74,Core,Core,1.2,0,,0,38010.5,802,Source One Financial Services,NM, kasey peralta,1,1,TX549,Core
254317,,10085,60,Auto Decline,RV VALUE MART- PA101,,PA,MANHEIM,2026-09-02,,,2019,RV,Used,,52.04,5.29,jharrington1,,0,22.99,6000,6000,false,,,23.99,Bronze,Bronze,0,0,,0,0,575,Source One Financial Services,PA,,0,0,PA101,Business First
254382,Jhill,65902.59,204,Auto Approval,OCEAN MARINE GROUP - DAPHNE - AL120,,AL,DAPHNE,2026-09-02,2026-09-02,,2026,Boat,New,,30.84,7.89,jsmith,,25,7.74,0,0,false,,,8.74,Core,Core,1.26,0,,0,52476,800,Source One Financial Services,MS, roger harrison,1,1,AL120,Core
254522,hhisek,49909.3,180,Decline,Blue Compass RV - Tyler - TX552,Blue Compass,TX,Tyler,2026-09-02,,,2026,RV,New,,23.91,10.83,gott,,18,13.49,1500,21500,false,,,14.24,Silver 1,Silver 1,0.61,0,,0,81245,675,Source One Financial Services,TX, taylor mahan,0,0,TX552,Silver
254357,Jhill,26406.88,144,Auto Decline,QUALITY MARINE ASSOCIATES INC - TX415,,TX,ONALASKA,2026-09-02,,,2021,Boat,Used,,50.82,3.98,gott,,90,16.99,4000,4000,false,,,17.74,Silver 2,Silver 2,1,0,,0,26300,633,Source One Financial Services,TX, ronnie heldenbrand,0,0,TX415,Silver
254452,rsimmons,73476,240,Decline,Woodland Airstream - MI458,,MI,Grand Rapids,2026-09-02,,,2026,RV,New,,59.34,10.68,dzilberchtein,,6,7.74,8000,1622,false,,,8.74,Core,Core,1.31,0,,0,55908,802,Source One Financial Services,TX,,0,0,MI458,Core
254489,,21714.33,180,Auto Decline,COASTAL RV - VA102,,VA,CARROLLTON,2026-09-02,,,2026,RV,New,,78,4.8,jsmith,,0,16.24,2500,2500,false,,,16.99,Silver 1,Silver 1,0.71,0,,0,30629,654,Source One Financial Services,VA,,0,0,VA102,Silver
254334,lgrace,24425.19,180,Auto Approval,Ski's Truck and RV Sales - IN213,Easy Care,IN,Rockville,2026-09-02,2026-09-02,,2022,RV,Used,690,23.04,2.08,jharrington1,,34,10.84,1200,1200,false,,,12.34,Core,Core,0.88,0,,0,27600,689,Source One Financial Services,IL, bradley taylor,1,1,IN213,Core
254333,Jhill,52389.98,204,Auto Approval,Blue Compass - Mobile - AL170,Blue Compass,AL,Theodore,2026-09-02,2026-09-03,,2022,RV,Used,,13.61,1.75,jsmith,,1912,10.59,2600,2600,false,,,12.09,Core,Core,1.06,0,,0,49650,714,Source One Financial Services,AL, dylan howard,1,1,AL170,Core
254497,hhisek,23285.3,120,Conditional Approval,GREAT AMERICAN RV SUPERSTORE-HAMMOND - LA105,,LA,HAMMOND,2026-09-02,2026-09-02,,2020,RV,Used,,14.12,2.27,gott,,36,13.99,6250,6250,false,,,13.99,Silver 1,Not Applicable,1,0,,0,23300,657,Connexus Credit Union,TN, kerry turlich,1,1,LA105,Not Applicable
254316,,19841,144,Auto Decline,Colaw RV Sales -MO110,,MO,Carthage,2026-09-02,,,2026,RV,New,,91.33,14.16,jweller,,0,22.99,0,0,false,,,23.99,Bronze,Bronze,0.67,0,,0,29586,551,Source One Financial Services,MO,,0,0,MO110,Business First
254364,ccampos,48799,180,Decline,"Vantage Recreational Finance, Inc. -FL291",VRF,FL,FORT LAUDERDALE,2026-09-02,,,2020,RV,Used,,37.56,5.72,S1House,,38,14.24,5000,5000,false,,,14.99,Silver 1,Silver 1,0.95,0,,0,51250,678,Source One Financial Services,CA, sean fitzpatrick,0,0,FL291,Silver
254512,ccampos,29047,180,Auto Approval,CAMP EZ RV - WILLIS - TX560,,TX,Willis,2026-09-02,2026-09-02,,2026,RV,New,,21.93,2.89,gott,,68,7.89,3000,3000,false,,,8.64,Silver 1,Not Applicable,1.02,0,,0,28500,646,Ideal Credit Union,FL, ashley igo,1,1,TX560,Not Applicable
254348,,11724,180,Cancelled,Miles RV Center - NC165,,NC,Hendersonville,2026-09-02,,,2022,RV,Used,,0,0,jsmith,,,22.99,1500,1500,false,,,23.99,Bronze,Bronze,0.9,0,,0,13090,,Source One Financial Services,SC, jevon bryant,0,0,NC165,Business First
254433,avera,166790.35,180,Decline,La Mesa RV Center - Port St Lucie - FL314,La Mesa,FL,Port St Lucie,2026-09-02,,,2026,RV,New,725,37.38,16.48,pcarter,,1577,7.74,11000,19000,false,,,9.24,Core,Not Applicable,1.08,0,,0,155045,805,Ideal Credit Union,FL, andrew lawson,0,0,FL314,Not Applicable
254400,Jhill,244900,240,Decline,Family Powersports Lubbock -TX345,,TX,LUBBOCK,2026-09-02,,,2026,Boat,New,682,36.96,5.46,gott,,82,9.09,0,32000,false,,,10.09,Core,Core,0.98,0,,0,249724,748,Source One Financial Services,TX,,0,0,TX345,Core
254384,ccampos,79986.14,204,Auto Approval,NewCoast - Boatzon - FL356,Marine Max,FL,Oldsmar,2026-09-02,2026-09-03,,2026,Boat,New,701,32.59,9.98,S1House,,1576,9.99,8050,6045,false,,,11.49,Core,Core,1.23,0,,0,64803,734,Source One Financial Services,FL, michael mclamb,1,1,FL356,Core
254319,lgrace,67782.28,240,Approved,LEXINGTON RV LLC - KY135,,KY,LEXINGTON,2026-09-02,2026-09-02,,2022,RV,Used,712,34.71,5.33,jharrington1,,25,9.99,5000,7750,false,,,10.99,Core,Core,1.16,0,,0,58500,755,Source One Financial Services,KY, oliver griffen,1,1,KY135,Core
254456,avera,30178.66,156,Conditional Approval,LEXINGTON RV LLC - KY135,,KY,LEXINGTON,2026-09-02,2026-09-02,,2020,RV,Used,,16.15,4.49,jharrington1,,38,10.34,0,0,false,,,11.34,Core,Core,1.09,0,,0,27750,732,Source One Financial Services,TN, oliver griffen,1,1,KY135,Core
254541,mnava,92007.83,144,Conditional Approval,Sky River RV - Paso Robles - SCA146,SkyRiver,CA,Paso Robles,2026-09-02,2026-09-03,,2021,RV,Used,675,24.4,11.79,jrubi,,884,11.49,22900,31100,false,,,12.24,Core,Not Applicable,0.85,0,,0,108338,694,Connexus Credit Union,CA, nancy garcia,1,1,SCA146,Not Applicable
254387,edominguez,19719.69,180,Decline,CAMPING NATION RVS LLC - AZ322,,AZ,MESA,2026-09-02,,,2021,RV,Used,,42.24,2,edominguez,,16,14.24,2000,2000,false,,,14.99,Silver 1,Silver 1,0.9,0,,0,22000,667,Source One Financial Services,NC, zachary booth,0,0,AZ322,Silver
254363,hhisek,54384.23,240,Decline,Blue Compass RV - Knoxville - TN159,Blue Compass,TN,Louisville,2026-09-02,,,2026,RV,New,639,49.55,8.02,jsmith,,13,10.49,2500,2500,false,,,11.99,Core,Core,1.04,0,,0,52125,695,Source One Financial Services,TN, david smith jr.,0,0,TN159,Core
254373,mlomedico,19381.47,144,Decline,H2O SPORTZ and MARINE LLC - AR102,,AR,North Little Rock,2026-09-02,,,2027,Boat,New,,23.07,3.5,jweller,,84,16.24,14000,14000,false,,,16.99,Silver 1,Not Applicable,0.8,0,,0,24157,643,Connexus Credit Union,OK, herb skiles,0,0,AR102,Not Applicable
254324,sbaker,49998.19,144,Conditional Approval,TEXAS RV OUTLET SUPERSTORE - TX331,,TX,WILLOW PARK,2026-09-02,2026-09-02,,2021,RV,Used,,40.89,2.89,gott,,205,13.99,21555,21555,false,,,13.99,Silver 1,Not Applicable,0.9,0,,0,55605,649,Connexus Credit Union,TX, bryan roberts,1,1,TX331,Not Applicable
254415,Jhill,283794.28,240,Pending,National Indoor Rv Centers - TN144,,TN,Lebanon,2026-09-02,,,2026,RV,New,777,41.93,6.9,jsmith,,17,10.24,59000,41389.07,false,,,11.24,Core,Core,1.25,0,,0,227795,711,Source One Financial Services,FL, holly artlip,0,0,TN144,Core
254344,ccampos,14058.88,120,Auto Approval,Midwest RV Center -MO114,,MO,St Louis,2026-09-02,2026-09-02,,2027,RV,New,,5.85,0.99,jweller,,357,9.59,10000,20650,false,,,11.34,Core,Core,0.43,0,,0,32855,755,Source One Financial Services,MO, randy starkey,1,1,MO114,Core
254503,mlomedico,31335.9,180,Auto Approval,RV'S OF AMERICA - COLORADO SPRINGS  - CO150,,CO,COLORADO SPRINGS,2026-09-02,2026-09-02,,2026,RV,New,,19.47,2.65,dzilberchtein,,163,7.74,3000,3000,false,,,8.74,Core,Core,1.18,0,,0,26500,803,Source One Financial Services,KS, anthony downs,1,1,CO150,Core
254343,thovey,10934.43,144,Decline,THRILLS RV - IN194,,IN,COLUMBIA CITY,2026-09-02,,,2014,RV,Used,,8.69,2.27,jharrington1,,22,11.99,2500,5000,false,,,12.99,Core,Core,1.11,0,,0,9850,685,Source One Financial Services,IN, josh mould,0,0,IN194,Core
254550,avera,42907,180,Approved,BRETZ RV & MARINE - MISSOULA - MT116,Bretz RV,MT,Missoula,2026-09-02,2026-09-03,,2026,RV,New,784,7.23,3.42,dzilberchtein,,569,9.09,5000,80688,false,,,10.59,Core,Core,0.45,0,,0,94943,782,Source One Financial Services,FL, julia mills,1,1,MT116,Core
254355,mlomedico,19635.22,144,Decline,Humphrey RV - CO108,,CO,Grand Junction,2026-09-02,,,2026,RV,New,679,58.33,3.09,dzilberchtein,,22,9.99,5000,5000,false,,,10.99,Core,Core,0.78,0,,0,25119,734,Source One Financial Services,CO, kevin taiclet,0,0,CO108,Core
254338,,11912.99,180,Auto Decline,Southern RV INC - FL192,,FL,DeLand,2026-09-02,,,2024,RV,Used,,43.05,3.43,pcarter,,0,22.99,2000,2000,false,,,23.99,Bronze,Bronze,1.19,0,,0,9999,568,Source One Financial Services,FL,,0,0,FL192,Business First
254542,pmeza,35628.27,180,Decline,BLUE COMPASS RV - FT WORTH - TX420,Blue Compass,TX,Fort Worth,2026-09-02,,,2022,RV,Used,,26.08,6.7,gott,,6,16.99,3000,3000,false,,,17.74,Silver 1,Silver 1,1.06,0,,0,33550,656,Source One Financial Services,TX, rj norman,0,0,TX420,Silver
254485,mnava,29491.28,204,Auto Approval,Blue Compass RV - St. Augustine - FL339,Blue Compass,FL,ST. AUGUSTINE,2026-09-02,2026-09-02,,2026,RV,New,,33.87,2.9,pcarter,,32,9.09,1500,5500,false,,,10.59,Core,Core,0.99,0,,0,29810,743,Source One Financial Services,FL, matthew braziel,1,1,FL339,Core
254371,,10002.85,120,Auto Decline,Auction Direct RV - FL319,,FL,Ocala,2026-09-02,,,2023,RV,Used,,66.79,2.67,pcarter,,0,22.99,1500,1500,false,,,23.99,Bronze,Bronze,0.95,0,,0,10500,605,Source One Financial Services,FL,,0,0,FL319,Business First
254438,mnava,24515,180,Auto Approval,BRETZ RV & MARINE - BOISE - ID118,Bretz RV,ID,Boise,2026-09-02,2026-09-02,,2017,RV,Used,,2.74,0.28,ljablonoski,,211,14.74,10000,10000,false,,,15.49,Silver 1,Silver 1,0.83,0,,0,29450,668,Source One Financial Services,MT, kaymbree lauer,1,1,ID118,Silver
254398,thovey,49912.85,180,Auto Approval,HOWARD RV CENTER - NC145,,NC,Wilmington,2026-09-02,2026-09-02,,2021,RV,Used,,36.79,8.59,jsmith,,149,8.24,5300,5300,false,,,9.24,Core,Not Applicable,0.95,0,,0,52484,864,Connexus Credit Union,NC, dan hilton,1,1,NC145,Not Applicable
254465,,63736,240,Auto Decline,RCD RV - Medina - OH206,,OH,medina,2026-09-02,,,2017,RV,Used,,52.36,15.23,jharrington1,,0,22.99,15000,15000,false,,,23.99,Bronze,Bronze,0.86,0,,0,73810,596,Source One Financial Services,ND,,0,0,OH206,Business First
254453,mnava,132100.06,240,Decline,Bish's RV of Rapid City - SD114,Bish's RV,SD,Piedmont,2026-09-02,,,2026,RV,New,,30.86,6.62,dzilberchtein,,33,8.99,20214.2,45179.2,false,,,10.49,Core,Not Applicable,1.25,0,,0,105680,767,Connexus Credit Union,TX, david mcclanahan,0,0,SD114,Not Applicable
254778,mnava,49407.07,240,Auto Approval,Midwest Boats Sales And Repair - IA144,,IA,Cedar Falls,2026-09-03,2026-09-03,,2027,Boat,New,868,31.18,4.85,gcoulombe,,25,7.74,5411.81,5411.81,false,,,8.74,Core,Core,1.3,0,,0,38071,852,Source One Financial Services,IA,,1,1,IA144,Core
254681,,21852.03,120,Auto Decline,RCD Sales Co. LTD - Hebron -OH128,,OH,Hebron,2026-09-03,,,2019,RV,Used,,20.87,6.09,jharrington1,,0,19.24,2500,2500,false,,,19.99,Silver 2,Silver 2,1.02,0,,0,21400,623,Source One Financial Services,OH,,0,0,OH128,Silver
254630,pmeza,57127.15,180,Auto Approval,Fish and Ski Marine -TX215,,TX,Sanger,2026-09-03,2026-09-03,,2026,Boat,New,714,37.34,1.7,gott,,58,7.74,0,1500,false,,,8.74,Core,Core,1.26,0,,0,45232,824,Source One Financial Services,TX, troy travis,1,1,TX215,Core
254769,thovey,22876.43,180,Auto Approval,SMITH MOTOR CO OF HATTIESBURG INC - MS107,,MS,HATTIESBURG,2026-09-03,2026-09-03,,2027,Boat,New,,35.94,6.43,jsmith,,89,9.99,2400,2400,false,,,10.99,Core,Core,1.03,0,,0,22177,723,Source One Financial Services,MS, lisa hartfield,1,1,MS107,Core
254573,thovey,35448.95,180,Auto Approval,PPL MOTORHOMES - OK124,,OK,EL RENO,2026-09-03,2026-09-03,,2021,RV,Used,,12.67,1.99,jweller,,482,9.99,7300,7300,false,,,10.74,Core,Not Applicable,1,0,,0,35550,703,Connexus Credit Union,OK, brandon ray,1,1,OK124,Not Applicable
254583,,31804,180,Auto Decline,GARLANDS RV OF TENNESSEE - TN122,,TN,SPRINGVILLE,2026-09-03,,,2027,RV,New,671,37.97,7.77,jsmith,,0,22.99,3200,3200,false,,,23.99,Bronze,Bronze,0.91,0,,0,34957,615,Source One Financial Services,KY,,0,0,TN122,Business First
254628,rsimmons,42744,180,Auto Approval,GIBBS OUTDOOR and RECREATION - TX454,,TX,WACO,2026-09-03,2026-09-03,,2022,RV,Used,,34.5,9.24,gott,,131,10.74,0,0,false,,,11.74,Core,Core,1.09,0,,0,39050,745,Source One Financial Services,TX, colby longenbaugh,1,1,TX454,Core
254730,hhisek,32800.54,180,Decline,Fun Town RV Amarillo - TX508,Fun Town,TX,Amarillo,2026-09-03,,,2025,RV,Used,694,16.39,6.02,gott,,10,9.74,0,0,false,,,11.24,Core,Core,1.04,0,,0,31500,745,Source One Financial Services,TX, eric adams,0,0,TX508,Core
254577,,7795,120,Auto Decline,Southern Michigan RV- MI452,,MI,Hillsdale,2026-09-03,,,2025,RV,New,,3.32,0.29,dzilberchtein,,0,17.99,0,16000,false,,,18.49,Silver 2,Silver 2,0.32,0,,0,24306,624,Source One Financial Services,MI,,0,0,MI452,Silver
254646,hhisek,8538.51,144,Decline,HOPPERS RV LLC - TX546,,TX,Cypress,2026-09-03,,,2021,RV,Used,,14.44,1.79,gott,,8,16.99,750,750,false,,,17.49,Silver 1,Silver 1,1.31,0,,0,6500,642,Source One Financial Services,TX, tony marino,0,0,TX546,Silver
254603,lgrace,45135.72,180,Decline,Miles RV Center - NC165,,NC,Hendersonville,2026-09-03,,,2021,RV,Used,,53.82,10.88,jsmith,,21,10.99,4800,4800,false,,,11.99,Core,Core,0.94,0,,0,48036.72,693,Source One Financial Services,NC, kyle stevens,0,0,NC165,Core
254684,pmeza,99197,240,Auto Approval,Mid America RV -MO104,,MO,Carthage,2026-09-03,2026-09-03,,2027,RV,New,,32.19,12.21,jweller,,217,7.49,11627.8,20881.8,false,,,8.74,Core,Not Applicable,1.25,0,,0,79358,838,Connexus Credit Union,MO, jeremy nelson,1,1,MO104,Not Applicable
254644,mnava,66672,240,Auto Approval,MY RV SD - SCA112,,CA,EL CAJON,2026-09-03,2026-09-03,,2026,RV,New,,21.31,5.92,jrubi,,349,7.59,5000,5000,false,,,8.59,Core,Core,1,0,,0,66395,824,Source One Financial Services,CA,,1,1,SCA112,Core
254608,sbaker,80410,240,Auto Approval,Boating Atlanta - GA133,,GA,Gainesville,2026-09-03,2026-09-03,,2025,Boat,Used,,28.7,8.13,jsmith,,252,10.24,10768.25,10768.25,false,,,11.24,Core,Core,0.97,0,,0,83300,704,Source One Financial Services,GA, josh haynes,1,1,GA133,Core
254611,lgrace,48953,240,Decline,Blue Compass RV - Columbia - SC136,Blue Compass,SC,Lexington,2026-09-03,,,2023,RV,Used,705,44.15,3.49,jsmith,,30,10.49,5000,7700,false,,,11.99,Core,Core,1.16,0,,0,42100,736,Source One Financial Services,SC, josh ball,0,0,SC136,Core
254600,pmeza,32324.53,204,Auto Approval,Trader Bills Outdoor Sports - AR124,,AR,Hot Springs,2026-09-03,2026-09-03,,2025,Boat,New,,4.11,2.12,jweller,,45,8.34,0,16000,false,,,9.34,Core,Core,0.81,0,,0,39968,765,Source One Financial Services,AR, mandy short,1,1,AR124,Core
254584,Jhill,99226.24,240,Auto Approval,Ron Hoover - Lubbock - TX499,Ron Hoover,TX,Slaton,2026-09-03,2026-09-03,,2027,RV,New,,22.51,4.98,gott,,15,9.74,0,13816.34,false,,,11.24,Core,Core,1.16,0,,0,85745,749,Source One Financial Services,MO, jon vidaure,1,1,TX499,Core
254793,eavila,32957.65,180,Conditional Approval,RV's of Sacramento - NCA136,,CA,Elk Grove,2026-09-03,2026-09-03,,2026,RV,New,,27.04,3.67,jrubi,,25,7.74,3500,3500,false,,,8.74,Core,Core,1.02,0,,0,32258,828,Source One Financial Services,CA, branda morgan,1,1,NCA136,Core
254622,lgrace,78145,96,Conditional Approval,Intercoastal Financial Group LLC - 17401746,IFG,FL,Vero Beach,2026-09-03,2026-09-03,,2021,Boat,Used,,28.37,9.43,S1House,,248,14.6,8500,8500,false,,,14.6,Silver 1,Not Applicable,0.92,0,,0,84680,669,Ideal Credit Union,MT, beulah coleman,1,1,17401746,Not Applicable
254590,avera,118885.65,180,Approved,Recreation USA LLC - Myrtle Beach - SC134,,SC,Myrtle Beach,2026-09-03,2026-09-03,,2025,RV,New,706,18.9,1.75,jsmith,,79,7.59,8000,20000,false,,,8.59,Core,Core,0.96,0,,0,123365,849,Source One Financial Services,FL, kyle smith,1,1,SC134,Core
254688,mnava,12207.06,144,Auto Approval,Blue Compass RV - Sacramento - NCA147,Blue Compass,CA,Rancho Cordova,2026-09-03,2026-09-03,,2022,RV,Used,,36.16,1.88,jrubi,,51,10.34,2000,2000,false,,,11.84,Core,Core,1.07,0,,0,11450,727,Source One Financial Services,CA, melinda miller,1,1,NCA147,Core
254672,rsimmons,22850.44,144,Auto Approval,Gil Cherry Family RV Center LLC -TX130,,TX,Sweetwater,2026-09-03,2026-09-03,,2025,RV,New,,27.61,3.48,gott,,27,10.34,2500,2500,false,,,11.34,Core,Core,0.89,0,,0,25620,699,Source One Financial Services,TX, rodney rodgers,1,1,TX130,Core
254666,,37821,144,Auto Decline,COUNTY LINE CAMPERS - MS108,,MS,GULFPORT,2026-09-03,,,2027,RV,New,612,32.74,10.53,jsmith,,2,22.99,5000,5000,false,,,23.99,Bronze,Bronze,0.9,0,,0,42016,577,Source One Financial Services,MS,,0,0,MS108,Business First
254618,rsimmons,40633.19,180,Auto Approval,"Colonia Del Rey RV Sales, LLC -TX294",,TX,Corpus Christi,2026-09-03,2026-09-03,,2027,RV,New,,35.48,4.65,gott,,24,10.49,4200,4200,false,,,11.49,Core,Core,0.95,0,,0,42586,686,Source One Financial Services,TX, jesse nuncio,1,1,TX294,Core
254760,ccampos,74551.92,180,Conditional Approval,RV Wholesalers -OH118,,OH,Lakeview,2026-09-03,2026-09-03,,2027,RV,New,684,33.73,2.6,jharrington1,,75,7.99,8000,8000,false,,,8.74,Core,Not Applicable,0.99,0,,0,75093,765,Connexus Credit Union,NY, kelly tussing,1,1,OH118,Not Applicable
254582,jharrington1,33165.62,180,Auto Approval,RV LEADERS - PA108,,PA,ADAMSBURG,2026-09-03,2026-09-03,,2025,RV,New,,25.52,5.62,jharrington1,,102,10.49,3000,3003.85,false,,,11.49,Core,Core,0.83,0,,0,40079,710,Source One Financial Services,PA, patty atkinson,1,1,PA108,Core
254612,ccampos,11204.15,120,Conditional Approval,Walnut Ridge Family RV Sales -IN101,,IN,New Castle,2026-09-03,2026-09-03,,2026,RV,New,,4.38,1.04,jharrington1,,119,12.49,3000,3000,false,,,12.74,Silver 1,Not Applicable,0.79,0,,0,14227,650,Connexus Credit Union,IN, jesse trennepohl,1,1,IN101,Not Applicable
254735,hhisek,203863.92,240,Decline,Motor Home Specialist - TX567,Blue Compass,TX,Alvarado,2026-09-03,,,2026,RV,New,654,29.4,10.38,gott,,21,10.34,30000,30163.26,false,,,11.84,Core,Core,1.02,0,,0,199015,689,Source One Financial Services,TX, randy seyler,0,0,TX567,Core
254692,hhisek,60780.8,180,Decline,GREAT AMERICAN RV SUPERSTORE-HEFLIN - AL145,,AL,HEFLIN,2026-09-03,,,2026,RV,New,,44.76,5.18,jsmith,,16,16.24,7500,7500,false,,,16.99,Silver 1,Not Applicable,0.84,0,,0,72515,641,Connexus Credit Union,FL, debbie fischer,0,0,AL145,Not Applicable
254658,,23936.57,180,Auto Decline,Bogue RV - NC131,,NC,newport,2026-09-03,,,2022,RV,Used,524,14.64,4.81,jsmith,,0,22.99,5600,5600,false,,,23.99,Bronze,Bronze,0.84,0,,0,28500,573,Source One Financial Services,NC,,0,0,NC131,Business First
254606,avera,65164.27,240,Decline,Miles RV Center - NC165,,NC,Hendersonville,2026-09-03,,,2027,RV,New,,27.36,14.29,jsmith,,72,7.59,0,13210,false,,,8.59,Core,Not Applicable,0.87,0,,0,75223,824,Connexus Credit Union,NC, kyle stevens,0,0,NC165,Not Applicable
254741,sbaker,85755.45,240,Auto Approval,Doss Marine - ESC103,EPIC,SC,Chapin,2026-09-03,2026-09-03,,2026,Boat,New,,43.24,1.81,S1House,,39,10.24,8000,8000,false,,,11.24,Core,Core,1.24,0,,0,69149,715,Source One Financial Services,FL, jp lixie,1,1,ESC103,Core
254570,Jhill,26850,144,Conditional Approval,Rocky Ridge RV of Van Buren - AR115,Rocky Ridge,AR,Van Buren,2026-09-03,2026-09-03,,2022,RV,Used,,34.8,7.76,jweller,,210,13.99,3000,3000,false,,,13.99,Silver 1,Not Applicable,0.98,0,,0,27400,644,Connexus Credit Union,AR,,1,1,AR115,Not Applicable
254766,ccampos,33321.56,180,Decline,Blue Compass RV - Katy - TX571,Blue Compass,TX,Katy,2026-09-03,,,2027,RV,New,686,36.15,3.09,gott,,79,10.34,3000,3000,false,,,11.84,Core,Not Applicable,0.91,0,,0,36635,696,Connexus Credit Union,TX, eddie johnson,0,0,TX571,Not Applicable
254641,lgrace,85517.79,240,Approved,Rock Solid Funding LLC - TX536,RSF,TX,BEDFORD,2026-09-03,2026-09-03,,2016,RV,Used,,11.32,3.22,S1House,,44,10.84,10000,10000,false,,,12.34,Core,Core,0.97,0,,0,87901,722,Source One Financial Services,FL, serena pulliam,1,1,TX536,Core
254691,pmeza,148399,240,Auto Approval,TAYLORS BOATS INC - UT112,,UT,DRAPER,2026-09-03,2026-09-03,,2022,Boat,Used,785,13.51,2,ljablonoski,,130,7.84,15000,15000,false,,,8.84,Core,Core,1.01,0,,0,146865,851,Source One Financial Services,AZ,,1,1,UT112,Core
254586,lgrace,34414.15,180,Auto Approval,"Coastal Boating Center, Inc - EGA109",EPIC,GA,Savannah,2026-09-03,2026-09-03,,2026,Boat,New,,49.58,6.4,S1House,,300,8.99,10000,10000,false,,,9.99,Core,Core,1.06,0,,0,32550,771,Source One Financial Services,GA, jp lixie,1,1,EGA109,Core
254715,sdelarosa,32843,96,Conditional Approval,Blue Compass RV - Columbia - SC136,Blue Compass,SC,Lexington,2026-09-03,2026-09-03,,2026,RV,New,,24.13,9.95,jsmith,,48,8.34,0,0,false,,,9.84,Core,Core,0.86,0,,0,38013,868,Source One Financial Services,SC, zach smith,1,1,SC136,Core
254727,sbaker,36340.3,180,Auto Approval,Bradford Marine & ATV-Rogers - AR145,Bradford Marine,AR,Rogers,2026-09-03,2026-09-03,,2027,Boat,New,,46.81,4.14,jweller,,43,7.74,0,0,false,,,9.24,Core,Core,1.18,0,,0,30907,862,Source One Financial Services,AR, david sturgis,1,1,AR145,Core
254566,sdelarosa,142660.63,240,Decline,Airstream of Charlotte - NC160,,NC,Monroe,2026-09-03,,,2027,RV,New,840,41.51,17.57,jsmith,,133,7.74,0,52000,false,,,8.74,Core,Not Applicable,0.88,0,,0,162038,844,Connexus Credit Union,FL, zach campbell,0,0,NC160,Not Applicable
254654,mlomedico,66337.4,144,Auto Approval,Intercoastal Financial Group LLC - 17401746,IFG,FL,Vero Beach,2026-09-03,2026-09-03,,2020,Boat,Used,,48.16,10.4,S1House,,23,10.49,7050,7050,false,,,11.74,Core,Core,1.16,0,,0,57400,725,Source One Financial Services,VA, zach edwards,1,1,17401746,Core
254602,,19898.34,144,Auto Decline,RAM MOTORS RV AND TRUCK - NM102,,NM,ALBUQUERQUE,2026-09-03,,,2025,RV,Used,620,38.57,2.13,edominguez,,0,17.99,7500,7500,false,,,18.74,Silver 2,Silver 2,0.7,0,,0,28400,627,Source One Financial Services,NM,,0,0,NM102,Silver
254551,avera,14410.5,120,Auto Approval,Hallberg Marine -MN352,,MN,Wyoming,2026-09-03,2026-09-03,,2021,Boat,Used,,2.79,1.45,S1House,,304,8.09,1000,1000,false,,,9.09,Core,Core,0.99,0,,0,14562,813,Source One Financial Services,MN, wally lund,1,1,MN352,Core
254792,mlomedico,59326.29,240,Auto Approval,Fun Town RV - Cleburne -TX108,Fun Town,TX,Cleburne,2026-09-03,2026-09-03,,2026,RV,New,690,33.55,2.32,S1House,,26,10.09,13000,13000,false,,,11.59,Core,Core,0.83,0,,0,71638,711,Source One Financial Services,TX, jonathan riley,1,1,TX108,Core
254557,avera,14797.5,144,Decline,SPECIALTY OUTDOORS - OH189,,OH,LANCASTER,2026-09-03,,,2019,RV,Used,,34.65,4.41,jharrington1,,11,17.49,3800,3800,false,,,18.24,Silver 1,Silver 1,1,0,,0,14800,655,Source One Financial Services,OH, russ miller,0,0,OH189,Silver
254703,sbaker,23233.51,180,Approved,Southern Mud Sports of the Midwest - IA225,,IA,Blue Grass,2026-09-03,2026-09-03,,2027,Boat,New,,6.54,1.93,gcoulombe,,34,8.99,18500,18500,false,,,9.99,Core,Core,0.73,0,,0,31942.02,760,Source One Financial Services,WI, jeff cantey,1,1,IA225,Core
254561,Jhill,55239.2,180,Auto Approval,IRVINES CAMPER SALES - OH186,,OH,LITTLE HOCKING,2026-09-03,2026-09-03,,2027,RV,New,,16.12,3.56,jharrington1,,48,8.99,3000,2400,false,,,9.99,Core,Core,0.95,0,,0,58373,777,Source One Financial Services,WV, robing wine,1,1,OH186,Core
254621,sbaker,121804.13,180,Decline,Clearwater Marine - FL227,OneWater,FL,Clearwater,2026-09-03,,,2014,Boat,Used,,6.41,1.36,wstoutimore,,177,9.09,50000,50000,false,,,10.59,Core,Core,0.76,0,,0,160000,813,Source One Financial Services,FL, jared gooch,0,0,FL227,Core
254736,,32600.78,180,Auto Decline,MIG RV  MARINE SUPER CENTER INC - BELLEFONT-OH187,,OH,BELLEFONTAINE,2026-09-03,,,2026,RV,New,,69.99,21.83,jharrington1,,0,22.99,0,0,false,,,23.99,Bronze,Bronze,0.86,0,,0,38076,602,Source One Financial Services,OH,,0,0,OH187,Business First
254679,,45114.82,180,Auto Decline,Intercoastal Financial Group LLC - 17401746,IFG,FL,Vero Beach,2026-09-03,,,2020,Boat,Used,,47.47,6.72,S1House,,0,16.99,4500,4500,false,,,17.74,Silver 1,Silver 1,1,0,,0,44980,641,Source One Financial Services,CA,,0,0,17401746,Silver
254609,hhisek,14326.69,144,Decline,Fun Town RV Win LLC - OK109,Fun Town,OK,Thackerville,2026-09-03,,,2026,RV,New,619,27.62,1.52,jweller,,12,16.24,1400,1400,false,,,16.99,Silver 1,Silver 1,0.74,0,,0,19312,654,Source One Financial Services,TX, rob miller,0,0,OK109,Silver
254638,Jhill,103787.08,240,Decline,BAILEY TOLIVER RV - BROWNFIELD - TX430,,TX,BROWNFIELD,2026-09-03,,,2026,RV,New,,38.18,6.82,gott,,162,9.24,13000,31500,false,,,10.24,Core,Not Applicable,1.02,0,,0,101440,752,Connexus Credit Union,TX, victor quintanilla,0,0,TX430,Not Applicable
254626,mlomedico,43970.65,180,Decline,KUNES FOX VALLEY RV INC - WI715,KunesRV,WI,NEENAH,2026-09-03,,,2026,RV,New,527,17.75,2.13,S1House,,32,13.49,6000,6000,false,,,14.24,Silver 1,Silver 1,1.01,0,,0,43380,665,Source One Financial Services,WI, drake bertnick,0,0,WI715,Silver
254580,ccampos,34833.68,204,Auto Approval,Moix RV - Hot Springs Landing LLC - AR135,,AR,Hot Springs,2026-09-03,2026-09-03,,2027,RV,New,753,36.24,2.7,jweller,,29,7.59,1500,1500,false,,,8.59,Core,Core,0.94,0,,0,37150,810,Source One Financial Services,AR, brayden fisher,1,1,AR135,Core
254761,eavila,203232.29,240,Approved,Action Water Sports Texas-ETX125,EPIC,TX,Lewisville,2026-09-03,2026-09-03,,2026,Boat,New,,42.37,8.74,S1House,,22,9.24,0,105671.52,false,,,10.24,Core,Core,0.77,0,,0,263162,741,Source One Financial Services,TX, sierra whitmire,1,1,ETX125,Core
254596,eavila,58594,180,Auto Decline,"Vantage Recreational Finance, Inc. -FL291",VRF,FL,FORT LAUDERDALE,2026-09-03,2026-09-03,,2010,RV,Used,,33.64,7.56,S1House,,45,11.59,6000,6000,false,,,13.09,Core,Core,0.94,0,,0,62535,706,Source One Financial Services,TX, alphonzo bowe,0,0,FL291,Core
254707,hhisek,43541.42,180,Approved,TAC RV - NC121,,NC,Moyock,2026-09-03,2026-09-03,,2023,RV,Used,,38.58,6.49,jsmith,,49,10.34,4900,4900,false,,,11.34,Core,Core,0.95,0,,0,46000,734,Source One Financial Services,NC, dana overman,1,1,NC121,Core
254777,,30595.31,180,Auto Decline,Boaters World - Lake Placid - FL349,,FL,Lake Placid,2026-09-03,,,2019,Boat,Used,,43.02,14.96,wstoutimore,,0,19.24,3100,3100,false,,,19.99,Silver 2,Silver 2,0.85,0,,0,36050,629,Source One Financial Services,FL,,0,0,FL349,Silver
254569,,29146.32,180,Auto Decline,RV Station- Cleveland -TX312,,TX,Cleveland,2026-09-03,,,2024,RV,Used,629,46.69,4.42,gott,,0,22.99,3500,3500,false,,,23.74,Silver 2,Silver 2,0,0,,0,0,639,Source One Financial Services,TX,,0,0,TX312,Silver
254801,lgrace,28472.72,240,Decline,GREAT AMERICAN RV SUPERSTORE-TUPELO - MS114,,MS,BELDEN,2026-09-03,,,2026,RV,New,660,48.27,3.01,jsmith,,5,13.49,0,0,false,,,14.24,Silver 1,Silver 1,1.14,0,,0,24974,669,Source One Financial Services,MS, dj miller,0,0,MS114,Silver
254613,eavila,74985,180,Auto Approval,Essex Boats - SCA136,,CA,Ontario,2026-09-03,2026-09-03,,2026,Boat,New,,16.74,3.3,jrubi,,227,10.34,205200,205200,false,,,11.34,Core,Core,0.31,0,,0,239400,683,Source One Financial Services,CA, cindy sanchez,1,1,SCA136,Core
254662,mlomedico,231393.68,240,Decline,Thunder Marine,EPIC,FL,St. Petersburg,2026-09-03,,,2026,Boat,New,,46.65,11.63,S1House,,12,16.24,0,29000,false,,,16.99,Silver 1,Silver 1,1.26,0,,0,183740,656,Source One Financial Services,FL, sierra whitmire,0,0,EFL130,Silver
254786,lgrace,23264.9,180,Auto Approval,BUDS RV WORLD - KY101,,KY,Madisonville,2026-09-03,2026-09-03,,2025,RV,New,,39.18,3.01,jharrington1,,41,7.59,0,0,false,,,8.59,Core,Core,0.97,0,,0,23949,827,Source One Financial Services,KY, tom kimmel,1,1,KY101,Core
254751,mnava,116485.22,240,Auto Approval,Blue Compass RV - Chattanooga - GA156,Blue Compass,GA,Ringgold,2026-09-03,2026-09-03,,2026,RV,New,764,27.31,6.49,jsmith,,55,7.74,25200,-4847.42,false,,,9.24,Core,Core,1.25,0,,0,93196,802,Source One Financial Services,GA, david wallace,1,1,GA156,Core
254578,Jhill,32634,180,Approved,"EPIC FINANCE, LLC. - 17401748",EPIC,NC,WILMINGTON,2026-09-03,2026-09-03,,2026,Boat,New,,27.04,9.06,S1House,,9,10.24,2000,2000,false,,,11.24,Core,Core,1.24,0,,0,26214,717,Source One Financial Services,SC, mark roberts,1,1,17401748,Core
254790,mlomedico,73165.59,240,Decline,Modern Classic RVs - CO170,,CO,Grand Junction,2026-09-03,,,2026,RV,New,,28.45,4.2,dzilberchtein,,25,13.49,10000,10000,false,,,14.24,Silver 1,Silver 1,0.85,0,,0,86516,678,Source One Financial Services,UT, carlos molina quintana,0,0,CO170,Silver
254676,,11243.32,120,Cancelled,HAPPY CAMPERS RV SALES and SERVICE - IN182,,IN,LAFAYETTE,2026-09-03,,,2017,RV,Used,,0,0,jharrington1,,,22.99,3000,3500,false,,,23.99,Bronze,Bronze,0.79,0,,0,14150,,Source One Financial Services,IN, john eastin,0,0,IN182,Business First
254716,jharrington1,21199.03,180,Decline,Setzer's World of Camping Inc - WV106,,WV,Huntington,2026-09-03,,,2026,RV,New,,4.82,1.56,jharrington1,,15,9.59,4000,4000,false,,,10.59,Core,Core,0.84,0,,0,25351,750,Source One Financial Services,FL, eric collinsworth,0,0,WV106,Core
254689,hhisek,99885.4,204,Pending,Blue Compass RV - Bowling Green - KY152,Blue Compass,KY,Bowling Green,2026-09-03,,,2026,RV,New,662,13.18,11.17,jharrington1,,,10.34,51000,53000,false,,,11.84,Core,Core,0.96,0,,0,103795,682,Source One Financial Services,DE, karrie haynes,0,0,KY152,Core
254805,eavila,41563.36,180,Decline,Fun Town Rv/Angelo RV LLC -TX247,Fun Town,TX,San Angelo,2026-09-03,,,2024,RV,Used,,13.57,4.5,gott,,14,14.24,4300,4300,false,,,14.99,Silver 1,Silver 1,1.1,0,,0,37950,664,Source One Financial Services,FL, brenden boggs,0,0,TX247,Silver
254574,rsimmons,139751.31,204,Auto Approval,BLUE COMPASS RV - SOUTH HOUSTON  - TX421,Blue Compass,TX,Alvin,2026-09-03,2026-09-03,,2027,RV,New,778,17.61,6.1,gott,,322,7.49,19500,46825,false,,,8.99,Core,Core,1.25,0,,0,111890,821,Source One Financial Services,TX, frank carranza,1,1,TX421,Core
254746,mlomedico,62754.72,180,Auto Approval,Campers Inn RV of Fredericksburg - VA101,Campers Inn,VA,FREDERICKSBURG,2026-09-03,2026-09-03,,2017,RV,Used,,27.93,3.12,jsmith,,51,11.09,7000,7000,false,,,12.59,Core,Core,0.75,0,,0,83143,704,Source One Financial Services,VA, james dosado,1,1,VA101,Core
254683,sbaker,126589,240,Decline,Grander Marine LLC - AL162,,AL,Orange Beach,2026-09-03,,,2017,Boat,Used,,30.04,7.52,jsmith,,15,14.74,21500,21500,false,,,15.49,Silver 1,Silver 1,1,0,,0,126720,674,Source One Financial Services,LA, keaton coleman,0,0,AL162,Silver
254700,mnava,150519,240,Decline,BRETZ RV & MARINE - BILLINGS - MT115,Bretz RV,MT,Billings,2026-09-03,,,2027,RV,New,776,4.8,4.53,dzilberchtein,,89,8.99,60000,60000,false,,,10.49,Core,Not Applicable,0.65,0,,0,232055,774,Connexus Credit Union,ND, randy replogle,0,0,MT115,Not Applicable
254779,mlomedico,134425,240,Pending,La Mesa RV Center - Mesa - AZ356,La Mesa,AZ,Mesa,2026-09-03,,,2026,RV,New,673,46.7,9.29,edominguez,,17,10.49,33000,33000,false,,,11.99,Core,Not Applicable,1,0,,0,134410,690,Connexus Credit Union,MA, larry irvin,0,0,AZ356,Not Applicable
254734,rsimmons,24741.96,144,Approved,HOPPERS RV LLC - TX546,,TX,Cypress,2026-09-03,2026-09-03,,2021,RV,Used,,17.55,2.89,gott,,25,16.99,3500,3500,false,,,17.74,Silver 1,Silver 1,0.95,0,,0,26150,642,Source One Financial Services,TX, tony marino,1,1,TX546,Silver
254649,mlomedico,36168,180,Approved,Roughrider RVs - Dickinson - ND109,,ND,Dickinson,2026-09-03,2026-09-03,,2024,RV,Used,,30.43,3.89,dzilberchtein,,61,14.24,0,8900,false,,,14.99,Silver 1,Silver 1,0.8,0,,0,45150,674,Source One Financial Services,MT,,1,1,ND109,Silver
254680,sdelarosa,18471.2,60,Decline,RCD Sales Co. LTD - Hebron -OH128,,OH,Hebron,2026-09-03,,,2018,RV,Used,,66.76,10.02,jharrington1,,26,11.49,0,0,false,,,12.49,Core,Core,1.08,0,,0,17050,681,Source One Financial Services,OH, shane price,0,0,OH128,Core
254588,ccampos,77366.83,204,Auto Approval,Rock Solid Funding LLC - TX536,RSF,TX,BEDFORD,2026-09-03,2026-09-03,,2024,RV,Used,,29.81,3.87,S1House,,30,8.09,0,0,false,,,9.59,Core,Core,0.97,0,,0,79450,875,Source One Financial Services,MD, trevor bescherer,1,1,TX536,Core
254678,sdelarosa,14725.8,120,Conditional Approval,Miles RV Center - NC165,,NC,Hendersonville,2026-09-03,2026-09-03,,2021,RV,Used,,29.39,1.88,jsmith,,19,8.09,700,1200,false,,,9.09,Core,Core,1.09,0,,0,13470.77,820,Source One Financial Services,NC, kyle stevens,1,1,NC165,Core
254717,ahunt,44539.2,180,Auto Approval,Blue Compass RV - Spartanburg - SC144,Blue Compass,SC,Duncan,2026-09-03,2026-09-03,,2026,RV,New,,6.33,3.81,jsmith,,149,9.09,0,58000,false,,,9.84,Core,Core,0.47,0,,0,94407,791,Source One Financial Services,NC, jay deloach,1,1,SC144,Core
254585,rsimmons,32840.67,180,Auto Approval,Coastline Marine- TX541,,TX,Seabrook,2026-09-03,2026-09-03,,2013,Boat,Used,,26.49,1.28,gott,,96,10.49,3300,3300,false,,,11.49,Core,Core,1.14,0,,0,28900,766,Source One Financial Services,TX, sarah harris,1,1,TX541,Core
254807,,15507.31,144,Auto Decline,HOWDY RANCH RV - TX315,,TX,Mathis,2026-09-03,,,2019,RV,Used,,43.94,4.85,gott,,0,22.99,2500,2500,false,,,23.99,Bronze,Bronze,1,0,,0,15450,610,Source One Financial Services,TX,,0,0,TX315,Business First
254604,lgrace,83852.77,240,Decline,General RV - Winter Garden - FL239,General RV,FL,Winter Garden,2026-09-03,2026-09-03,,2016,RV,Used,,58.29,16.36,pcarter,,358,10.84,10000,10000,false,,,12.34,Core,Core,0.92,0,,0,91570,722,Source One Financial Services,FL, tim mccorkle,0,0,FL239,Core
254668,mlomedico,61545.25,180,Auto Approval,"F&T Trailer Sales, LLC - EMO117",EPIC,MO,Palmyra,2026-09-03,2026-09-03,,2021,RV,Used,,32.54,5.22,S1House,,313,8.59,6500,6500,false,,,9.59,Core,Core,0.89,0,,0,68800,789,Source One Financial Services,MO, mark roberts,1,1,EMO117,Core
254729,mnava,33535.97,180,Decline,Moix RV - Conway - AR134,,AR,Conway,2026-09-03,,,2026,RV,New,617,29.84,3.62,jweller,,68,9.99,0,0,false,,,10.99,Core,Core,0.84,0,,0,39996,728,Source One Financial Services,AR, chad cantrell,0,0,AR134,Core
254722,mnava,77072.79,180,Auto Approval,Rock Solid Funding LLC - TX536,RSF,TX,BEDFORD,2026-09-03,2026-09-03,,2017,RV,Used,,28.9,8.36,S1House,,26,8.59,0,0,false,,,10.09,Core,Core,1.08,0,,0,71335,805,Source One Financial Services,IL, ashley rogers,1,1,TX536,Core
254685,,83458.72,240,Auto Decline,NXTLVL Marine LLC - TX502,,TX,New Braunfels,2026-09-03,,,2027,Boat,New,,54.98,7.2,gott,,9,22.99,8500,8500,false,,,23.99,Bronze,Bronze,1.25,0,,0,66717,611,Source One Financial Services,TX, melanie stehling,0,0,TX502,Business First
254787,thovey,16011.93,144,Decline,Olathe Ford Sales INC-KS127,,KS,Gardner,2026-09-03,,,2025,RV,Used,722,56.26,2.27,jweller,,14,9.99,1500,1500,false,,,10.99,Core,Core,0.95,0,,0,16885,734,Source One Financial Services,KS, dan hill,0,0,KS127,Core
254636,mlomedico,38065.81,180,Decline,"APACHE CAMPING CENTER, INC - PORTLAND - OR109",,OR,CLACKAMAS,2026-09-03,,,2026,RV,New,,18,9.54,ljablonoski,,26,10.49,8000,8000,false,,,11.49,Core,Core,0.77,0,,0,49696,689,Source One Financial Services,OR,,0,0,OR109,Core
254620,hhisek,38748.41,180,Auto Approval,WHITE SANDS RV LLC - AL122,,AL,SUMMEDALE,2026-09-03,2026-09-03,,2017,RV,Used,649,36.14,3.4,jsmith,,320,11.34,4300,4300,false,,,12.34,Core,Core,1.1,0,,0,35250,686,Source One Financial Services,AL, connor stuckey,1,1,AL122,Core
254712,rsimmons,113548.06,240,Pending,Gerzeny's RV World - Nokomis - FL259,,FL,Nokomis,2026-09-03,,,2026,RV,New,695,41.55,10.52,wstoutimore,,,10.49,23000,52749.97,false,,,11.49,Core,Not Applicable,1,0,,0,113905,731,Connexus Credit Union,FL, kelli simpson,0,0,FL259,Not Applicable
254803,,25089.35,180,Auto Decline,American RV Center - IN219,,IN,Evansville,2026-09-03,,,2026,RV,New,626,25.52,2.56,jharrington1,,0,17.99,0,0,false,,,18.74,Silver 2,Silver 2,1.08,0,,0,23155,626,Source One Financial Services,IN,,0,0,IN219,Silver
254627,lgrace,47077.05,180,Decline,Rex and Sons RVs Inc - NC127,,NC,CASTLE HAYNE,2026-09-03,,,2013,RV,Used,755,46.57,4.69,jsmith,,25,10.49,5000,5000,false,,,11.49,Core,Core,1.19,0,,0,39702,767,Source One Financial Services,NC, jonathan creech,0,0,NC127,Core
254798,mnava,20490.72,48,Decline,Top Notch RV LLC - NC149,,NC,Benson,2026-09-03,,,2020,RV,Used,,20.3,6.04,jsmith,,8,16.99,2150,2150,false,,,17.74,Silver 1,Silver 1,1.02,0,,0,20100,658,Source One Financial Services,NC, david hall,0,0,NC149,Silver
254664,,58669,180,Cancelled,WATERSPORTS CENTRAL - BUFORD - GA148,,GA,BUFORD,2026-09-03,,,2015,Boat,Used,,0,0,jsmith,,,22.99,7000,7000,false,,,23.99,Bronze,Bronze,1.14,0,,0,51577.5,,Source One Financial Services,GA, rick trottier,0,0,GA148,Business First
254616,,48068,180,Auto Decline,Midway Auto and RV Cody LLC - WY101,,WY,Cody,2026-09-03,,,2025,RV,Used,,56.65,26.78,dzilberchtein,,0,22.99,4000,-2084,false,,,23.74,Silver 1,Silver 1,0,0,,0,0,679,Source One Financial Services,WY,,0,0,WY101,Silver
254745,,17327,144,Auto Decline,LEMKE RV LLC - NCA116,,CA,ROCKLIN,2026-09-03,,,2022,RV,Used,,30.72,2.01,jrubi,,0,22.99,2000,2000,false,,,23.99,Bronze,Bronze,0.82,0,,,21015,589,Source One Financial Services,CA,,0,0,NCA116,Business First
254653,ccampos,94345.23,204,Auto Approval,Campers Inn Louisville -IN138,Campers Inn,IN,Clarksville,2026-09-03,2026-09-03,,2026,RV,New,813,7.46,2.8,jharrington1,,29,7.59,0,7500,false,,,9.09,Core,Core,1.08,0,,0,87660,849,Source One Financial Services,WV, travis winningham,1,1,IN138,Core
254619,ccampos,61535.6,180,Auto Approval,Intercoastal Financial Group LLC - 17401746,IFG,FL,Vero Beach,2026-09-03,2026-09-03,,2021,Boat,Used,,35.6,5.97,S1House,,70,10.84,60000,60000,false,,,12.09,Core,Core,0.55,0,,0,111950,684,Source One Financial Services,CA, zach edwards,1,1,17401746,Core
254752,sdelarosa,46878.93,240,Approved,The Great Outdoors Marine - WV111,,WV,Lavalette,2026-09-03,2026-09-03,,2022,Boat,Used,,9.37,8.83,jharrington1,,22,8.59,0,17000,false,,,9.59,Core,Core,0.85,0,,0,55230,791,Source One Financial Services,OH, bradlee matzdorff,1,1,WV111,Core
254742,rsimmons,41040.19,204,Decline,Princess Craft RV -TX191,,TX,Round Rock,2026-09-03,,,2026,RV,New,,57.37,8.81,gott,,9,9.74,45000,45000,false,,,10.74,Core,Core,0.57,0,,0,71625,753,Source One Financial Services,CO, lane lambright-reed,0,0,TX191,Core
254754,ccampos,57294,240,Approved,Basecamp RV Sales - ECA115,EPIC,CA,Auburn,2026-09-03,2026-09-03,,2026,RV,New,,15.45,0.58,S1House,,14,8.09,6212.79,6212.79,false,,,9.09,Core,Core,1.02,0,,0,56222.36,798,Source One Financial Services,CA, mark roberts,1,1,ECA115,Core
254762,rsimmons,13942,120,Decline,Jeff England Motor Co Inc -TX328,,TX,Cleburne,2026-09-03,,,2018,RV,Used,,54.26,4.88,gott,,7,22.99,0,6000,false,,,23.99,Core,Core,0,0,,0,0,736,Source One Financial Services,TX,,0,0,TX328,Core
254647,mlomedico,18768.54,144,Auto Approval,Rock Solid Funding LLC - TX536,RSF,TX,BEDFORD,2026-09-03,2026-09-03,,2017,RV,Used,,28.95,1.68,S1House,,20,10.59,4000,4000,false,,,12.09,Core,Core,0.7,0,,0,26650,759,Source One Financial Services,TX, caleb grassi,1,1,TX536,Core
254614,mnava,25245.32,180,Decline,Bama RV - Opelika - AL151,,AL,Opelika,2026-09-03,,,2020,RV,Used,,45.9,4.45,jsmith,,29,10.99,0,0,false,,,11.99,Core,Core,0.95,0,,0,26650,690,Source One Financial Services,AL, kevin horne,0,0,AL151,Core
254800,mnava,6790.5,60,Auto Approval,ROCKY MOUNTAIN RV and MARINE - NM101,,NM,ALBUQUERQUE,2026-09-03,2026-09-03,,2011,RV,Used,,38.91,1.75,edominguez,,12,9.84,5000,5000,false,,,10.34,Core,Core,0.72,0,,0,9450,818,Source One Financial Services,NM, bianca mcclaskey,1,1,NM101,Core
254759,,144863,240,Auto Decline,JEFF COUCHS CAMPERS -OH107,Jeff Couchs,OH,Trenton,2026-09-03,,,2027,RV,New,,35.1,7.85,jharrington1,,0,22.99,16200,16200,false,,,23.99,Bronze,Bronze,0.89,0,,0,161917,612,Source One Financial Services,SC,,0,0,OH107,Business First
254770,mlomedico,51348.58,180,Approved,ROTH RV - GRAND RAPIDS - MN164,,MN,GRAND RAPIDS,2026-09-03,2026-09-03,,2026,RV,New,722,39.08,4.47,S1House,,9,9.59,0,0,false,,,10.59,Core,Core,0.96,0,,0,53432,756,Source One Financial Services,MN, nick dulong,1,1,MN164,Core
254594,hhisek,98908.9,180,Decline,GREAT AMERICAN RV SUPERSTORE-GRAND BAY - AL144,,AL,GRAND BAY,2026-09-03,,,2027,RV,New,628,32.47,9.22,jsmith,,9,13.49,32000,32000,false,,,14.24,Silver 1,Silver 1,0.71,0,,0,138395,660,Source One Financial Services,AL, molly ritzel,0,0,AL144,Silver
254698,lgrace,15149.19,180,Decline,A and L RV SALES LLC -Chocowinity - NC120,,NC,CHOCWINITY,2026-09-03,,,2017,RV,Used,,42.59,4.48,jsmith,,69,14.74,1300,1300,false,,,15.49,Silver 1,Silver 1,1.18,0,,0,12805,667,Source One Financial Services,NC, tina rose,0,0,NC120,Silver
254789,Jhill,34335.15,144,Decline,Fun Town RV - Indianapolis - IN215,Fun Town,IN,Edinburgh,2026-09-03,,,2026,RV,New,,15.41,4.03,jharrington1,,46,16.24,5000,5000,false,,,16.99,Silver 1,Not Applicable,1,0,,0,34374,658,Connexus Credit Union,IN, shawn hernandez,0,0,IN215,Not Applicable
254776,,44738,180,Auto Decline,DONS RV CENTER - NCA110,,CA,CERES,2026-09-03,,,2017,RV,New,,32.07,9.29,jrubi,,0,22.99,0,14000,false,,,23.99,Bronze,Bronze,0.95,0,,0,46907,591,Source One Financial Services,CA,,0,0,NCA110,Business First
254648,,47498,120,Auto Decline,WADES RV SUPERCENTER - OK114,,OK,GLENPOOL,2026-09-03,,,2020,RV,Used,,25.4,24.08,jweller,,0,14.24,6000,11000,false,,,14.99,Silver 1,Silver 1,1,0,,0,47726,668,Source One Financial Services,OK,,0,0,OK114,Silver
254677,lgrace,38828.3,204,Approved,"Campers Inn RV of Myrtle Beach, Inc - SC109",Campers Inn,SC,Myrtle Beach,2026-09-03,2026-09-03,,2020,RV,Used,793,33.93,2.31,jsmith,,23,8.09,4500,4500,false,,,9.59,Core,Core,1.06,0,,0,36500,836,Source One Financial Services,WV, dion sexton,1,1,SC109,Core
254749,thovey,63967.99,240,Auto Approval,Freedom RV-AZ252,,AZ,Tucson,2026-09-03,2026-09-03,,2026,RV,New,,29.92,3.97,edominguez,,154,7.74,7000,7000,false,,,8.74,Core,Not Applicable,0.79,0,,0,80614,730,Connexus Credit Union,OR, tyler temple,1,1,AZ252,Not Applicable
254784,thovey,16559,144,Approved,Your Fun Country RV's & Marine Center - TX549,,TX,Anthony,2026-09-03,2026-09-03,,2020,RV,Used,,37.1,3.36,gott,,44,10.99,2500,2500,false,,,11.99,Core,Core,1.06,0,,0,15550,695,Source One Financial Services,NM, kasey peralta,1,1,TX549,Core
254720,edominguez,106695.79,216,Auto Approval,RV Country - Show Low - AZ366,RV Country,AZ,Lakeside,2026-09-03,2026-09-03,,2025,RV,New,769,25.95,4.84,edominguez,,59,8.24,1000,900,false,,,9.74,Core,Core,1.12,0,,0,94877,786,Source One Financial Services,AZ, matthew ellison,1,1,AZ366,Core
254656,mnava,27927.79,180,Conditional Approval,Rock Solid Funding LLC - TX536,RSF,TX,BEDFORD,2026-09-03,2026-09-03,,2019,RV,Used,,37.37,6.83,S1House,,19,9.99,320,320,false,,,11.49,Core,Core,1.24,0,,0,22450,767,Source One Financial Services,KY, trevor bescherer,1,1,TX536,Core
254719,,64883.58,240,Cancelled,"SUN CAMPER LIQUIDATORS, LLC - FL113",,FL,FORT PIERCE,2026-09-03,,,2019,RV,Used,,0,0,pcarter,,,22.99,6500,6500,false,,,23.99,Bronze,Bronze,1.12,0,,0,57768,,Source One Financial Services,FL, chad landry,0,0,FL113,Business First
254667,pmeza,268403.53,144,Conditional Approval,Hughes Marine LLC - MO226,,MO,Branson,2026-09-03,2026-09-03,,2026,Boat,New,,25.97,11.04,jweller,,162,11.5,100000,60000,false,,,12,Silver 1,Not Applicable,1.08,0,,0,248337,657,Ideal Credit Union,MO, dana hughes,1,1,MO226,Not Applicable
254669,rsimmons,12106.14,144,Decline,PPL Motorhomes - Decatur -  TX583,,TX,Decatur,2026-09-03,,,2018,RV,Used,,14.45,3.96,gott,,10,11.34,2000,2000,false,,,12.34,Core,Core,0.77,0,,0,15800,687,Source One Financial Services,TX, trevor shackelford,0,0,TX583,Core
254567,jharrington1,31593.64,180,Auto Approval,The Outpost RV Inc -IN144,,IN,Middlebury,2026-09-03,2026-09-03,,2025,RV,New,,2.04,0.77,jharrington1,,49,7.74,500,500,false,,,8.74,Core,Core,1,0,,0,31562,826,Source One Financial Services,MI,,1,1,IN144,Core
254635,mnava,22845.32,180,Decline,Bama RV - Opelika - AL151,,AL,Opelika,2026-09-03,,,2020,RV,Used,639,39.24,2.43,jsmith,,164,10.99,2400,2400,false,,,11.99,Core,Not Applicable,0.86,0,,0,26650,690,Ideal Credit Union,AL, kevin horne,0,0,AL151,Not Applicable
254772,lgrace,35525.08,180,Decline,Blue Compass RV - Fort Wayne - IN217,Blue Compass,IN,Columbia City,2026-09-03,,,2021,RV,Used,,36.67,5.99,jharrington1,,31,16.99,5000,8000,false,,,17.74,Silver 1,Silver 1,1.01,0,,0,35145,644,Source One Financial Services,IN, tasha santos,0,0,IN217,Silver
254732,jharrington1,76395,240,Decline,RV Wholesalers -OH118,,OH,Lakeview,2026-09-03,,,2027,RV,New,,35,3.28,jharrington1,,17,10.34,3000,3000,false,,,11.34,Core,Core,1.02,0,,0,75093,684,Source One Financial Services,NY, dallas henry,0,0,OH118,Core
254804,mnava,72906.95,180,Decline,Blue Compass RV - Las Vegas - NV118,Blue Compass,NV,Las Vegas,2026-09-03,,,2019,RV,Used,,16.48,15.33,ljablonoski,,12,11.34,10000,10000,false,,,12.84,Core,Core,0.64,0,,0,113200,682,Source One Financial Services,NV, alex noon,0,0,NV118,Core
254731,ccampos,55410.28,180,Conditional Approval,RV STATION LLC - COLBERT - OK125,,OK,COLBERT,2026-09-03,2026-09-03,,2026,RV,New,,34.35,8.06,jweller,,96,7.89,0,6031.69,false,,,8.64,Core,Not Applicable,1.3,0,,0,42645,740,Ideal Credit Union,OK, chris mccallister,1,1,OK125,Not Applicable
254642,rsimmons,41888.5,204,Decline,BLUE COMPASS RV - DALLAS - TX147,Blue Compass,TX,Mesquite,2026-09-03,,,2022,RV,Used,,34.34,9.86,gott,,15,14.24,1000,1000,false,,,14.99,Silver 1,Silver 1,0.84,0,,0,49650,662,Source One Financial Services,TX, canyon downing,0,0,TX147,Silver
254553,sdelarosa,88089,240,Decline,Blue Compass RV - Macon - GA157,Blue Compass,GA,Byron,2026-09-03,,,2026,RV,New,,9.34,4.19,jsmith,,23,10.34,21600,21600,false,,,11.84,Core,Core,0.77,0,,0,114290,686,Source One Financial Services,SC, zach carmichael,0,0,GA157,Core
254633,hhisek,47661.67,180,Decline,Texas Trader RV - TX267,Ron Hoover,TX,La Feria,2026-09-03,,,2026,RV,New,,34.26,5.86,gott,,22,16.24,6000,6000,false,,,16.99,Silver 1,Silver 1,1.19,0,,0,40115,643,Source One Financial Services,TX, aaron aboytes,0,0,TX267,Silver
254739,mlomedico,26191.17,180,Decline,OASIS RV - IL256,,IL,MARION,2026-09-03,,,2026,RV,New,668,54.4,4.92,gcoulombe,,12,10.49,3400,4005,false,,,11.49,Core,Core,1.25,0,,0,21030,696,Source One Financial Services,IL, larry webb,0,0,IL256,Core
254581,ccampos,65147.79,240,Pending,Rock Solid Funding LLC - TX536,RSF,TX,BEDFORD,2026-09-03,,,2025,RV,Used,,329.99,2.84,S1House,,,10.24,6500,6500,false,,,11.74,Core,Core,1.16,0,,0,56300,717,Source One Financial Services,TX, trevor bescherer,0,0,TX536,Core
254808,,24000,180,Pending,Sky River RV - Paso Robles - SCA146,SkyRiver,CA,Paso Robles,2026-09-03,,,2020,RV,Used,793,31.72,2.34,jrubi,,,22.99,6000,6000,false,,,24.49,Core,Core,0,0,,0,0,811,Source One Financial Services,CA,,0,0,SCA146,Core
254661,,23936.57,180,Auto Decline,Bogue RV - NC131,,NC,newport,2026-09-03,,,2022,RV,Used,573,31.59,4.89,jsmith,,0,22.99,5600,5600,false,,,23.99,Bronze,Bronze,0.84,0,,0,28500,597,Source One Financial Services,NC,,0,0,NC131,Business First
254768,ccampos,18155.2,144,Conditional Approval,RV Glamping - EFL111,EPIC,FL,Merritt Island,2026-09-03,2026-09-03,,2021,RV,Used,,18.32,2.08,S1House,,31,10.49,2350,2350,false,,,11.49,Core,Core,1.27,0,,0,14250,739,Source One Financial Services,FL, mia williams,1,1,EFL111,Core
254598,ccampos,19353.42,144,Contract Received,GREAT AMERICAN RV SUPERSTORE-TUPELO - MS114,,MS,BELDEN,2026-09-03,2026-09-03,,2026,RV,New,648,23.53,3.85,jsmith,,319,13.49,1900,1900,false,,12,14.24,Silver 1,Silver 1,1.1,0,,0,17575,667,Source One Financial Services,MS, dj miller,1,1,MS114,Silver
254660,sbaker,18363.63,120,Conditional Approval,"Ron Hoover Companies of Donna, Inc -Tx277",Ron Hoover,TX,Donna,2026-09-03,2026-09-03,,2022,RV,Used,,13.74,3.34,gott,,359,12.24,2000,2000,false,,,12.24,Silver 1,Not Applicable,0.77,0,,0,24000,665,Connexus Credit Union,TX, ricardo villarreal,1,1,TX277,Not Applicable
254694,,19595,120,Auto Decline,GREAT AMERICAN RV SUPERSTORE-HATTIESBURG - MS113,,MS,HATTIESBURG,2026-09-03,,,2025,RV,Used,614,35.28,0.93,jsmith,,0,22.99,1000,78000,false,,,23.99,Bronze,Bronze,0.23,0,,0,84000,590,Source One Financial Services,MS,,0,0,MS113,Business First
254748,lgrace,31726.29,180,Decline,Susquehanna Valley RV - Bloomsburg - PA116,,PA,Bloomsburg,2026-09-03,,,2025,RV,New,,18.3,14.34,jharrington1,,25,13.49,1000,1000,false,,,14.24,Silver 1,Silver 1,0.81,0,,0,39305,679,Source One Financial Services,FL, udele bingaman,0,0,PA116,Silver
254780,lgrace,10995,120,Approved,Walnut Ridge Family RV Sales -IN101,,IN,New Castle,2026-09-03,2026-09-03,,2016,RV,Used,628,37.1,2.4,jharrington1,,33,11.24,3682.09,3682.09,false,,,12.24,Core,Core,1.12,0,,0,9800,714,Source One Financial Services,IN, jesse trennepohl,1,1,IN101,Core
254721,jharrington1,63750,204,Approved,Best Choice Trailers & RV-PA123,Canopy Financial,PA,Irwin,2026-09-03,2026-09-03,,2017,RV,Used,,25.34,8.01,jharrington1,,25,8.84,10000,10000,false,,,10.34,Core,Core,0.83,0,,0,77010,780,Source One Financial Services,PA, matt kurtz,1,1,PA123,Core
254625,lgrace,37987.58,180,Auto Approval,DADS CAMPER OUTLET - LAMAR - MS105,,MS,SUMRALL,2026-09-03,2026-09-03,,2026,RV,New,,30.61,4.1,jsmith,,159,8.99,0,0,false,,,9.99,Core,Core,0.88,0,,0,43183,775,Source One Financial Services,AL, tim jones,1,1,MS105,Core
254592,Jhill,19533.21,144,Auto Approval,RV Station LTD - Bryan/College Station -TX193,,TX,College Station,2026-09-03,2026-09-03,,2026,RV,New,,36.37,2.71,gott,,376,13.49,2000,2000,false,,,14.24,Silver 1,Silver 1,0.68,0,,0,28744,668,Source One Financial Services,TX, curtis hunsinger,1,1,TX193,Silver
254579,,70823,180,Auto Decline,COUNTY LINE CAMPERS - MS108,,MS,GULFPORT,2026-09-03,,,2027,RV,New,612,41.14,18.93,jsmith,,0,22.99,5000,5000,false,,,23.99,Bronze,Bronze,1.17,0,,0,60399,577,Source One Financial Services,MS,,0,0,MS108,Business First
254637,edominguez,30488.2,180,Auto Approval,La Mesa RV Center - Phoenix - AZ354,La Mesa,AZ,Phoenix,2026-09-03,2026-09-03,,2024,RV,Used,,40.8,3.72,edominguez,,57,10.74,35000,35000,false,,,12.24,Core,Core,0.44,0,,0,69700,716,Source One Financial Services,CA, ian johnson,1,1,AZ354,Core
254794,,21072.31,120,Auto Decline,SAVA RV - FL284,,FL,Fort Myers,2026-09-03,,,2021,RV,Used,,39.87,15.12,wstoutimore,,0,22.99,3000,3000,false,,,23.99,Bronze,Bronze,0.98,0,,0,21566,544,Source One Financial Services,GA,,0,0,FL284,Business First
254682,mlomedico,126563.1,240,Auto Approval,Intercoastal Financial Group LLC - 17401746,IFG,FL,Vero Beach,2026-09-03,2026-09-03,,2026,Boat,New,715,25.06,5.55,S1House,,86,9.09,45000,45000,false,,,10.34,Core,Core,0.9,0,,0,140000,742,Source One Financial Services,FL, taylor beckford,1,1,17401746,Core
254552,avera,49878,204,Approved,Wana RV Center - IN218,,IN,Shipshewana,2026-09-03,2026-09-03,,2026,RV,New,742,49.69,3.58,jharrington1,,25,7.99,2000,2000,false,,,8.99,Core,Core,1.21,0,,0,41337,780,Source One Financial Services,IN, derek roe,1,1,IN218,Core
254753,lgrace,21544,144,Conditional Approval,Rock Solid Funding LLC - TX536,RSF,TX,BEDFORD,2026-09-03,2026-09-03,,2024,RV,Used,,13.28,2.87,S1House,,113,9.5,2100,2100,false,,,10,Core,Not Applicable,0.54,0,,0,39650,720,Ideal Credit Union,GA, caleb grassi,1,1,TX536,Not Applicable
254775,ccampos,21623.39,240,Decline,BLUE COMPASS RV - LUBBOCK - TX117,Blue Compass,TX,Lubbock,2026-09-03,,,2027,RV,New,,29.24,3.75,gott,,45,10.09,1050,1050,false,,,11.59,Core,Core,0.98,0,,0,22001,703,Source One Financial Services,TX, walker hale,0,0,TX117,Core
254783,ccampos,34275.05,180,Auto Approval,Your Dream Rvs and Auto LLC - FL264,,FL,Panama City,2026-09-03,2026-09-03,,2020,RV,Used,,16.14,3.05,wstoutimore,,40,8.09,0,0,false,,,9.09,Core,Core,0.81,0,,0,42450,802,Source One Financial Services,FL,,1,1,FL264,Core
254764,,105039.12,240,Auto Decline,Blue Compass RV - Macon - GA157,Blue Compass,GA,Byron,2026-09-03,,,2026,RV,New,626,47.43,12.81,jsmith,,0,17.99,10000,10000,false,,,18.74,Silver 2,Silver 2,0.99,0,,0,105638,625,Source One Financial Services,GA,,0,0,GA157,Silver
254714,lgrace,56069,180,Auto Approval,"Vantage Recreational Finance, Inc. -FL291",VRF,FL,FORT LAUDERDALE,2026-09-03,2026-09-03,,2016,Boat,Used,,38.38,3.31,S1House,,81,9.99,10000,10000,false,,,11.49,Core,Core,1.22,0,,0,46100,767,Source One Financial Services,CA, richard cosentino,1,1,FL291,Core
254696,mlomedico,25453.65,204,Auto Approval,BLUE COMPASS RV - CINCINNATI - OH114,Blue Compass,OH,Cincinnati,2026-09-03,2026-09-03,,2021,RV,Used,623,30.99,1.01,jharrington1,,94,14.24,3000,3000,false,,,14.99,Silver 1,Silver 1,1.03,0,,0,24600,666,Source One Financial Services,IN, victor rubio,1,1,OH114,Silver
254711,rsimmons,61962.16,240,Decline,RV COUNTRY HOLDING CO - NV102,RV Country,NV,SPARKS,2026-09-03,2026-09-03,,2021,RV,Used,739,36.91,6.08,ljablonoski,,60,7.99,7500,7500,false,,,9.49,Core,Core,1.18,0,,0,52650,809,Source One Financial Services,NV, mike ransohoff,0,0,NV102,Core
254572,avera,87689,240,Approved,Blue Compass RV - Macon - GA157,Blue Compass,GA,Byron,2026-09-03,2026-09-03,,2026,RV,New,,27.1,5.73,jsmith,,35,10.09,22000,22000,false,,,11.59,Core,Core,0.77,0,,0,114290,712,Source One Financial Services,NC, zach carmichael,1,1,GA157,Core
254728,,24274,144,Auto Decline,Moix RV - Conway - AR134,,AR,Conway,2026-09-03,,,2027,RV,New,600,28.34,2.33,jweller,,0,22.99,5000,5000,false,,,23.99,Bronze,Bronze,0.85,0,,0,28495,609,Source One Financial Services,AR,,0,0,AR134,Business First
254796,mlomedico,72494,240,Decline,BRETZ RV & MARINE - BILLINGS - MT115,Bretz RV,MT,Billings,2026-09-03,,,2026,RV,New,,51.99,10.02,dzilberchtein,,11,10.49,8000,8000,false,,,11.99,Core,Core,1.03,0,,0,70705.2,690,Source One Financial Services,MT, nikolaus hinebauch,0,0,MT115,Core
254723,mnava,33183.27,180,Decline,Moix RV - Conway - AR134,,AR,Conway,2026-09-03,,,2026,RV,New,,48.41,5.61,jweller,,38,10.49,0,0,false,,,11.49,Core,Core,0.83,0,,0,40061,690,Source One Financial Services,AR, chad cantrell,0,0,AR134,Core
254704,hhisek,19768.02,180,Decline,Ashley Marine - Salem - AL157,,AL,Salem,2026-09-03,,,2026,Boat,New,613,36.57,3.92,jsmith,,3,16.24,2000,2000,false,,,16.99,Silver 1,Silver 1,2.24,0,,0,8812,659,Source One Financial Services,GA, tim holloway,0,0,AL157,Silver
254750,ccampos,168619.45,240,Auto Approval,Blue Compass RV - Las Vegas - NV118,Blue Compass,NV,Las Vegas,2026-09-03,2026-09-03,,2025,RV,Used,819,34.26,7.61,ljablonoski,,44,7.49,15000,17000,false,,,8.99,Core,Core,1.12,0,,0,151000,836,Source One Financial Services,NV, alex noon,1,1,NV118,Core
254710,,128068,240,Auto Decline,GREAT AMERICAN RV SUPERSTORE-CALERA - AL143,,AL,CALERA,2026-09-03,,,2023,RV,Used,,0,0,jsmith,,0,22.99,14000,14000,false,,,23.99,Bronze,Bronze,0.94,0,,0,136895,,Source One Financial Services,AK,,0,0,AL143,Business First
254806,,56399.02,240,Auto Decline,Fun Town RV-Giddings -TX314,Fun Town,TX,Giddings,2026-09-03,,,2027,RV,New,,10.52,10.52,gott,,0,22.99,1836.38,20636.38,false,,,23.99,Bronze,Bronze,0.7,0,,0,80975,,Source One Financial Services,TX,,0,0,TX314,Business First
254726,thovey,21433.23,180,Conditional Approval,Ron Hoover Companies of Tulsa - OK157,Ron Hoover,OK,Claremore,2026-09-03,2026-09-03,,2021,RV,Used,,45.55,4.9,jweller,,35,8.74,3000,3000,false,,,10.24,Core,Core,1.22,0,,0,17500,783,Source One Financial Services,AR, rick perez,1,1,OK157,Core
254589,sdelarosa,18179.14,144,Conditional Approval,Maxie Price RV - GA161,,GA,Loganville,2026-09-03,2026-09-03,,2027,RV,New,,31.97,4.12,jsmith,,118,10,1200,2700,false,,,10,Silver 1,Not Applicable,0.7,0,,0,25999,664,Ideal Credit Union,GA, matt eaton,1,1,GA161,Not Applicable
254755,edominguez,18145.02,180,Approved,Blue Compass RV - Surprise - AZ363,Blue Compass,AZ,Surprise,2026-09-03,2026-09-03,,2026,RV,New,,35.39,2.14,edominguez,,23,10.09,2000,2000,false,,,11.59,Core,Core,0.78,0,,0,23263,715,Source One Financial Services,AZ, zachary lauer,1,1,AZ363,Core
254657,ccampos,37129.58,180,Decline,SPECIALTY OUTDOORS - OH189,,OH,LANCASTER,2026-09-03,,,2026,RV,New,,29.24,5.38,jharrington1,,59,13.49,3900,3900,false,,,14.24,Silver 1,Not Applicable,0.89,0,,0,41487,660,Connexus Credit Union,FL, russ miller,0,0,OH189,Not Applicable
254767,,31708.5,180,Auto Decline,Maxie Price RV - GA161,,GA,Loganville,2026-09-03,,,2023,RV,Used,773,81.01,5.9,jsmith,,0,18.74,0,8000,false,,,19.49,Silver 2,Silver 2,0.76,0,,0,41910,637,Source One Financial Services,AL,,0,0,GA161,Silver
254670,lgrace,57585.18,180,Conditional Approval,"SUN CAMPER LIQUIDATORS, LLC - FL113",,FL,FORT PIERCE,2026-09-03,2026-09-03,,2019,RV,Used,806,30.64,7.25,pcarter,,104,8.24,14000,14000,false,,,9.24,Core,Not Applicable,1,0,,0,57768,791,Connexus Credit Union,FL, chad landry,1,1,FL113,Not Applicable
254699,hhisek,20147.2,120,Decline,Sky River RV - Paso Robles - SCA146,SkyRiver,CA,Paso Robles,2026-09-03,,,2023,RV,Used,,41.42,3.27,jrubi,,51,14.24,2000,2000,false,,,14.99,Silver 1,Not Applicable,0.95,0,,0,21100,673,Connexus Credit Union,CA, austin harding,0,0,SCA146,Not Applicable
254587,,101108.78,240,Auto Decline,General RV-Birch Run -MI412,General RV,MI,Birch Run,2026-09-03,,,2024,RV,Used,,51.09,16.79,dzilberchtein,,0,16.99,12000,15000,false,,,17.74,Silver 1,Silver 1,0.64,0,,0,158095,650,Source One Financial Services,MI,,0,0,MI412,Silver
254756,,23649.28,180,Auto Decline,Premier Yamaha Boating Center/Aransas -TX209,,TX,Aransas,2026-09-03,,,2015,Boat,Used,,13.82,2.57,gott,,0,16.99,2300,2300,false,,,17.74,Silver 2,Silver 2,1.07,0,,0,22200,629,Source One Financial Services,TX,,0,0,TX209,Silver
254713,,30466.17,180,Auto Decline,GREAT AMERICAN RV SUPERSTORE-HAMMOND - LA105,,LA,HAMMOND,2026-09-03,,,2026,RV,New,,30.84,6.32,gott,,1,22.99,3500,3500,false,,,23.99,Bronze,Bronze,0.81,0,,0,37520,613,Source One Financial Services,GA, kerry turlich,0,0,LA105,Business First
254643,sbaker,79800.06,240,Decline,WAGNERS OUTDOOR EXPRESS RV LLC - WV103,Easy Care,WV,FALLING WATERS,2026-09-03,,,2027,RV,New,650,60.69,13.01,jharrington1,,13,9.24,500,13159.62,false,,,10.74,Core,Core,1.05,0,,0,75814,743,Source One Financial Services,MD, jim lakes,0,0,WV103,Core
254695,hhisek,39667.42,144,Auto Approval,Fun Town RV - Cleburne -TX108,Fun Town,TX,Cleburne,2026-09-03,2026-09-03,,2026,RV,New,,21.86,3.65,S1House,,97,12.99,6455,6455,false,,,12.99,Silver 1,Not Applicable,0.95,0,,0,41824,650,Connexus Credit Union,TX, jonathan riley,1,1,TX108,Not Applicable
254799,mlomedico,60805,180,Pending,Royal Coach Sales - OR148,,OR,Eugene,2026-09-03,,,2022,RV,Used,852,20.25,1.67,ljablonoski,,,8.24,45000,45000,false,,,9.24,Core,Not Applicable,0.57,0,,0,105950,807,Connexus Credit Union,OR, jeremy orlando,0,0,OR148,Not Applicable
254623,Jhill,10143.23,120,Approved,"Ron Hoover Companies of Donna, Inc -Tx277",Ron Hoover,TX,Donna,2026-09-03,2026-09-03,,2017,RV,Used,,34.14,2.08,gott,,29,9.24,1800,1800,false,,,10.09,Core,Core,1.28,0,,0,7900,786,Source One Financial Services,TX, julio pena,1,1,TX277,Core
254555,,21970.5,180,Auto Decline,Rocky Ridge RV - Texarkana - TX526,Rocky Ridge,TX,Texarkana,2026-09-03,,,2019,RV,Used,633,34.4,2.82,jweller,,0,22.99,5000,5000,false,,,23.99,Bronze,Bronze,0.84,0,,0,26100,612,Source One Financial Services,AR,,0,0,TX526,Business First
254558,,19765,180,Auto Decline,ADVENTURE MOTORHOMES - SC118,,SC,GREEER,2026-09-03,,,2018,RV,Used,,39.94,4.05,jsmith,,0,19.24,0,0,false,,,19.99,Silver 2,Silver 2,1.31,0,,0,15070,639,Source One Financial Services,SC,,0,0,SC118,Silver
254701,Jhill,16483.34,144,Conditional Approval,Premier Yamaha Boating Center/Aransas -TX209,,TX,Aransas,2026-09-03,2026-09-03,,2022,Boat,Used,,40.35,3.35,gott,,17,10.99,1600,1600,false,,,11.99,Core,Core,0.68,0,,0,24385,695,Source One Financial Services,MS, ashton janise,1,1,TX209,Core
254599,lgrace,35893.19,180,Auto Approval,General RV - Fort Myers - FL240,General RV,FL,Fort Myers,2026-09-03,2026-09-03,,2027,RV,New,676,41.33,4.85,wstoutimore,,225,10.24,2000,2000,false,,,11.74,Core,Core,1.05,0,,0,34265,713,Source One Financial Services,FL, tim mccorkle,1,1,FL240,Core
254610,mlomedico,77945,240,Auto Approval,Intercoastal Financial Group LLC - 17401746,IFG,FL,Vero Beach,2026-09-03,2026-09-03,,2019,Boat,Used,690,36.01,4.42,S1House,,234,10.84,8000,8000,false,,,12.09,Core,Core,0.88,0,,0,89045,730,Source One Financial Services,ME, zach edwards,1,1,17401746,Core
254690,sdelarosa,49803.1,204,Approved,Campers Inn - Ocala - FL158,Campers Inn,FL,Ocala,2026-09-03,2026-09-03,,2018,RV,Used,,41.96,4.14,pcarter,,34,8.74,0,0,false,,,10.24,Core,Core,1.17,0,,0,42650,822,Source One Financial Services,FL, aaron brown,1,1,FL158,Core
254788,eavila,241095.69,180,Auto Approval,Southwest RV - TX579,,TX,Hickory Creek,2026-09-03,2026-09-03,,2022,RV,Used,879,39.16,5.78,gott,,113,8.09,30000,30000,false,,,9.09,Core,Core,0.93,0,,0,259800,853,Source One Financial Services,AR,,1,1,TX579,Core
254665,ccampos,28619.44,144,Auto Approval,Campers Inn Of Philadelphia Inc-PA103,Campers Inn,PA,Hatfield,2026-09-03,2026-09-03,,2026,RV,New,,29.79,4.39,jharrington1,,196,12.99,4700,4700,false,,,12.99,Silver 1,Not Applicable,1.01,0,,0,28245.5,652,Connexus Credit Union,PA, scott hayes,1,1,PA103,Not Applicable
254737,hhisek,63969.89,240,Decline,Fun Town RV Orange LP - TX468,Fun Town,TX,Orange,2026-09-03,,,2025,RV,New,526,26.33,4.13,gott,,3,16.24,0,0,false,,,16.99,Silver 1,Silver 1,0.84,0,,0,76499,641,Source One Financial Services,LA, nicholas quicksell,0,0,TX468,Silver
254771,,39220.41,240,Auto Decline,Blue Compass - Fort Myers - FL300,Blue Compass,FL,Fort Myers,2026-09-03,,,2026,RV,New,,22.16,5,wstoutimore,,0,17.99,5500,5500,false,,,18.74,Silver 2,Silver 2,1,0,,0,39180,622,Source One Financial Services,FL,,0,0,FL300,Silver
254781,ccampos,54724,180,Decline,Bills Marine - EOK100,EPIC,OK,Skiatook,2026-09-03,,,2018,Boat,Used,572,36.56,3.84,S1House,,29,11.34,6000,6000,false,,,12.34,Core,Core,0.96,0,,0,56870,689,Source One Financial Services,AR, donavon evenson,0,0,EOK100,Core
254597,Jhill,11082.55,120,Approved,GREAT AMERICAN RV SUPERSTORE-HAMMOND - LA105,,LA,HAMMOND,2026-09-03,2026-09-03,,2026,RV,New,684,21.92,1.75,gott,,96,9.84,4000,4000,false,,,10.84,Core,Core,0.73,0,,0,15213,733,Source One Financial Services,LA, kerry turlich,1,1,LA105,Core
254659,rsimmons,25657.42,144,Decline,"Ron Hoover Companies of Donna, Inc -Tx277",Ron Hoover,TX,Donna,2026-09-03,,,2020,RV,Used,624,13.06,1.36,gott,,6,14.24,2550,2550,false,,,14.99,Silver 1,Silver 1,1.08,0,,0,23800,671,Source One Financial Services,LA, ricardo villarreal,0,0,TX277,Silver
254725,lgrace,15295,168,Approved,East Coast Campers & More - DE103,,DE,Frankford,2026-09-03,2026-09-03,,2017,RV,Used,,22.19,2.24,gcoulombe,,32,11.09,5000,5000,false,,,12.09,Core,Core,0.59,0,,0,25900,709,Source One Financial Services,DE, jessica meiklejohn,1,1,DE103,Core
254650,sdelarosa,66215.98,180,Approved,WATERSPORTS CENTRAL - BUFORD - GA148,,GA,BUFORD,2026-09-03,2026-09-03,,2015,Boat,Used,760,32.31,2.36,jsmith,,50,10.74,7000,7000,false,,,11.74,Core,Core,1.28,0,,0,51577.5,742,Source One Financial Services,GA, rick trottier,1,1,GA148,Core
254559,sbaker,13026.68,120,Auto Approval,FACTORY DIRECT RV and MARINE - GA142,,GA,AMERICUS,2026-09-03,2026-09-03,,2025,RV,Used,,24.97,2.82,jsmith,,552,10.49,1000,1000,false,,,10.49,Silver 1,Not Applicable,0.95,0,,0,13665,679,Connexus Credit Union,GA, gina harris,1,1,GA142,Not Applicable
254791,lgrace,42020.75,240,Approved,Blue Compass RV - Charleston - SC138,Blue Compass,SC,Ladson,2026-09-03,2026-09-03,,2024,RV,Used,732,20.94,1.4,jsmith,,12,8.09,0,0,false,,,9.59,Core,Core,0.8,0,,0,52300,844,Source One Financial Services,AL, rebecca justus,1,1,SC138,Core
254595,pmeza,57127.15,180,Auto Approval,Fish and Ski Marine -TX215,,TX,Sanger,2026-09-03,2026-09-03,,2026,Boat,New,714,36.17,1.7,gott,,68,7.74,0,1500,false,,,8.74,Core,Core,1.26,0,,0,45232,824,Source One Financial Services,TX, troy travis,1,1,TX215,Core
254651,sbaker,63419.55,180,Approved,FUN TOWN RV CONROE -TX400,Fun Town,TX,CONROE,2026-09-03,2026-09-03,,2027,RV,New,,10.18,4.21,gott,,209,8.99,6500,6500,false,,,9.74,Silver 1,Not Applicable,1.13,0,,0,56331,703,Connexus Credit Union,TX, angela morrell,1,1,TX400,Not Applicable
254629,lgrace,61750,204,Auto Approval,Intercoastal Financial Group LLC - 17401746,IFG,FL,Vero Beach,2026-09-03,2026-09-04,,2020,Boat,Used,672,23.15,6.87,S1House,,949,14.24,10000,10000,false,,,14.99,Silver 1,Silver 1,0.76,0,,0,81135,662,Source One Financial Services,AZ, beulah coleman,1,1,17401746,Silver
254673,ccampos,138721.93,216,Auto Approval,MarineMax - Greenville - SC153,Marine Max,SC,Greenville,2026-09-03,2026-09-03,,2026,Boat,New,,29.82,7.14,S1House,,78,8.24,3000,3600,false,,,9.74,Core,Core,1.19,0,,0,117045,777,Source One Financial Services,GA, brandon debose,1,1,SC153,Core
254560,sdelarosa,104836.75,240,Decline,Campers Inn of I-84 CT Inc - CT100,Campers Inn,CT,Union,2026-09-03,,,2026,RV,New,,7.11,1,gcoulombe,,3,13.49,22000,22000,false,,,14.24,Silver 1,Silver 1,0.89,0,,0,117225,660,Source One Financial Services,NC, scott hayes,0,0,CT100,Silver
254556,,72176,240,Auto Decline,Colmans Country Campers - IL155,,IL,Hartford,2026-09-03,,,2027,RV,New,,80.13,17.54,gcoulombe,,0,22.99,2000,2000,false,,,23.99,Bronze,Bronze,0.92,0,,0,78549,603,Source One Financial Services,IL,,0,0,IL155,Business First
254663,,17266.32,144,Auto Decline,Chesaco RV - Frederick - MD109,,MD,Frederick,2026-09-03,,,2026,RV,New,,14.69,3.33,gcoulombe,,0,17.99,2000,2000,false,,,18.74,Silver 2,Silver 2,1.07,0,,0,16118,625,Source One Financial Services,MD,,0,0,MD109,Silver
254615,,114977.9,240,Auto Decline,Blue Compass RV - Charlotte - NC153,Blue Compass,NC,Concord,2026-09-03,,,2022,RV,Used,,42.74,11.68,jsmith,,0,22.99,12000,12000,false,,,23.99,Bronze,Bronze,0.83,0,,0,138100,591,Source One Financial Services,VA,,0,0,NC153,Business First
254795,,41170.13,240,Auto Decline,Blue Compass RV - Seguin - TX573,Blue Compass,TX,Sequin,2026-09-03,,,2025,RV,Used,609,41.27,1.24,gott,,0,22.99,0,8000,false,,,23.99,Bronze,Bronze,0.97,0,,0,42460,618,Source One Financial Services,TX,,0,0,TX573,Business First
254571,ccampos,24990.25,204,Auto Approval,Ketelsen RV DeSoto - IA211,,IA,De Soto,2026-09-03,2026-09-03,,2017,RV,Used,,28.24,3.04,gcoulombe,,456,10.09,3500,3500,false,,,11.09,Core,Core,1.06,0,,0,23550,759,Source One Financial Services,IA, troy pulse,1,1,IA211,Core
254765,,64917.15,180,Auto Decline,Camp EZ RV - Clute - TX561,,TX,Clute,2026-09-03,,,2026,RV,New,,128.32,40.78,gott,,0,16.24,5000,5000,false,,,16.99,Silver 1,Silver 1,0.93,0,,0,69446,645,Source One Financial Services,TX,,0,0,TX561,Silver
254624,hhisek,21633.1,180,Auto Approval,MarineMax - Monkey Island - OK162,Marine Max,OK,Monkey Island,2026-09-03,2026-09-03,,2022,Boat,Used,694,44.33,1.61,S1House,,101,10.24,2270,2270,false,,,11.74,Core,Core,0.59,0,,0,36380,723,Source One Financial Services,KS, jacqueline lipps,1,1,OK162,Core
254773,,32957.65,180,Auto Decline,RV's of Sacramento - NCA136,,CA,Elk Grove,2026-09-03,,,2026,RV,New,,27.92,2.36,jrubi,,0,7.74,3500,3500,false,,,8.74,Core,Core,1.02,0,,0,32258,828,Source One Financial Services,CA,,0,0,NCA136,Core
254724,,38103.07,180,Auto Decline,GREAT AMERICAN RV SUPERSTORE-HATTIESBURG - MS113,,MS,HATTIESBURG,2026-09-03,,,2026,RV,New,,75.32,6.93,jsmith,,0,16.24,3750,3750,false,,,16.99,Silver 1,Silver 1,0.87,0,,0,43815,644,Source One Financial Services,MS,,0,0,MS113,Silver
254740,ccampos,19519,144,Auto Approval,Mid America RV -MO104,,MO,Carthage,2026-09-03,2026-09-03,,2027,RV,New,,39.73,3.21,jweller,,173,9.59,0,0,false,,,10.59,Core,Core,0.87,0,,0,22330,754,Source One Financial Services,MO, jeremy nelson,1,1,MO104,Core
254554,jharrington1,25276.51,180,Auto Approval,East Coast RV - PA111,,PA,Bedford,2026-09-03,2026-09-03,,2027,RV,New,,21.81,6.01,jharrington1,,64,8.84,5000,5000,false,,,9.84,Core,Core,0.73,0,,0,34836,777,Source One Financial Services,PA, katrina watson,1,1,PA111,Core
254708,jharrington1,77701.23,240,Approved,SKAGGS RV OUTLET - KY113,,KY,ELIZABETHTOWN,2026-09-03,2026-09-03,,2027,RV,New,741,31.7,4.46,jharrington1,,16,7.49,3469.17,3469.17,false,,,8.49,Core,Core,1.04,0,,0,74719,814,Source One Financial Services,KY, donnie simoneit,1,1,KY113,Core
254671,mnava,37702.41,204,Auto Approval,Rocky Ridge - Idabel - OK149,Rocky Ridge,OK,Idabel,2026-09-03,2026-09-03,,2026,RV,New,736,17.88,4.12,jweller,,29,7.74,3000,3000,false,,,9.49,Core,Core,1.18,0,,0,32008,827,Source One Financial Services,TX, michael white,1,1,OK149,Core
254640,sbaker,36499,204,Decline,Bob Hurley RV-Tulsa OK137,,OK,Tulsa,2026-09-03,,,2023,RV,Used,,11.78,3.69,jweller,,22,14.24,5000,5000,false,,,14.99,Silver 1,Silver 1,0.81,0,,0,44990,677,Source One Financial Services,OK, ryan jensen,0,0,OK137,Silver
254697,thovey,91698,240,Pending,La Mesa RV Center - San Diego - SCA161,La Mesa,CA,San Diego,2026-09-03,,,2026,RV,New,712,30.38,9.72,jrubi,,71,9.84,9300,9300,false,,,11.34,Core,Not Applicable,0.74,0,,0,123965,737,Allegius Credit Union,CA, sam gammo,0,0,SCA161,Not Applicable
254687,pmeza,114541.93,120,Conditional Approval,Blue Compass RV - Seguin - TX573,Blue Compass,TX,Sequin,2026-09-03,2026-09-03,,2023,RV,Used,,13.15,12.32,gott,,112,8.09,10000,14400,false,,,9.59,Core,Core,0.97,0,,0,117500,814,Source One Financial Services,TX, gus ponce,1,1,TX573,Core
254655,thovey,22811,180,Approved,Rocky Ridge RV of Van Buren - AR115,Rocky Ridge,AR,Van Buren,2026-09-03,2026-09-03,,2026,RV,New,,26.09,3.87,jweller,,139,13.49,2400,2400,false,,,14.24,Silver 1,Silver 1,0.83,0,,0,27546,667,Source One Financial Services,AR,,1,1,AR115,Silver
254675,thovey,18268.38,180,Decline,LEXINGTON RV LLC - KY135,,KY,LEXINGTON,2026-09-03,,,2024,RV,Used,597,36.25,4.21,jharrington1,,31,16.99,1750,1750,false,,,17.74,Silver 1,Silver 1,0.94,0,,0,19410,646,Source One Financial Services,KY, oliver griffen,0,0,KY135,Silver
254632,ccampos,250019,240,Decline,"Vantage Recreational Finance, Inc. -FL291",VRF,FL,FORT LAUDERDALE,2026-09-03,,,2021,Boat,Used,,15.11,4.56,S1House,,30,10.34,187500,187500,false,,,11.84,Core,Core,0.63,0,,0,395100,729,Source One Financial Services,CA, terri walker,0,0,FL291,Core
254617,,27278.21,180,Auto Decline,RV Station LTD - Donna -TX289,,TX,Donna,2026-09-03,,,2022,RV,Used,,23.05,2.88,gott,,0,16.99,2800,2800,false,,,17.74,Silver 2,Silver 2,1.08,0,,0,25300,634,Source One Financial Services,TX,,0,0,TX289,Silver
254743,thovey,33852.36,180,Decline,Robert Crist and Company RV -AZ219,,AZ,Mesa,2026-09-03,,,2025,RV,New,,40.69,3.97,edominguez,,35,10.49,0,0,false,,,11.49,Core,Core,1.03,0,,0,32755,690,Source One Financial Services,AZ, steve skadra,0,0,AZ219,Core
254631,jharrington1,33977.79,180,Approved,SPECIALTY OUTDOORS - OH189,,OH,LANCASTER,2026-09-03,2026-09-03,,2022,RV,Used,,10.9,4.78,jharrington1,,27,8.09,3500,3500,false,,,9.09,Core,Core,1.09,0,,0,31050,803,Source One Financial Services,OH, russ miller,1,1,OH189,Core
254634,jharrington1,41546.66,180,Auto Approval,Mountaineer RV & Outdoor Center - MT. Nebo - WV105,,WV,Mt Nebo,2026-09-03,2026-09-03,,2027,RV,New,,28.85,0.85,jharrington1,,192,9.99,0,0,false,,,10.99,Core,Core,1.27,0,,0,32764,726,Source One Financial Services,WV, tim smith,1,1,WV105,Core
254763,mlomedico,158738.45,180,Conditional Approval,Intercoastal Financial Group LLC - 17401746,IFG,FL,Vero Beach,2026-09-03,2026-09-03,,2013,Boat,Used,,40.73,9.29,S1House,,83,9.74,36400,36400,false,,,10.99,Core,Core,1.05,0,,0,151266,797,Source One Financial Services,FL, zach edwards,1,1,17401746,Core
254738,jharrington1,21194.1,180,Approved,Keystone RV Center  - PA110,Pete's RV,PA,Greencastle,2026-09-03,2026-09-03,,2026,RV,New,,27.68,5.11,jharrington1,,18,10.09,2000,2000,false,,,11.59,Core,Core,0.8,0,,0,26653,710,Source One Financial Services,PA, jen habina,1,1,PA110,Core
254785,ccampos,13682.48,120,Decline,Princess Craft RV -TX191,,TX,Round Rock,2026-09-03,,,2016,RV,Used,,21.41,3.57,gott,,36,16.99,1500,1500,false,,,17.74,Silver 1,Silver 1,1.51,0,,0,9075,655,Source One Financial Services,TX, lane lambright-reed,0,0,TX191,Silver
254802,thovey,120494,180,Approved,BRETZ RV & MARINE - MISSOULA - MT116,Bretz RV,MT,Missoula,2026-09-03,2026-09-03,,2027,RV,Used,,13.48,12.73,dzilberchtein,,34,8.84,70000,100000,false,,,10.34,Core,Core,0.53,0,,0,228900,764,Source One Financial Services,MT, julia mills,1,1,MT116,Core
254693,,14646.32,180,Auto Decline,A and L RV Sales - Columbia -TN142,,TN,Columbia,2026-09-03,,,2014,RV,Used,,20.1,7.6,jsmith,,0,22.99,1500,1500,false,,,23.99,Bronze,Bronze,1.7,0,,0,8600,,Source One Financial Services,TN,,0,0,TN142,Business First
254757,rsimmons,110873.12,240,Decline,BLUE COMPASS RV - FT WORTH - TX420,Blue Compass,TX,Fort Worth,2026-09-03,,,2023,RV,Used,,67.42,17.23,gott,,12,9.49,15000,15000,false,,,10.99,Core,Core,1.04,0,,0,106755,772,Source One Financial Services,KS, shane smith,0,0,TX420,Core
254591,pmeza,31212.61,180,Auto Approval,Liberty RV-MO107,,MO,Liberty,2026-09-03,2026-09-03,,2025,RV,New,637,30,3.04,jweller,,204,7.74,0,0,false,,,8.74,Core,Not Applicable,1.03,0,,0,30445,741,Connexus Credit Union,MO, travis evans,1,1,MO107,Not Applicable
254645,sbaker,33308,180,Decline,"Youngs Mobile Homes and Travel Center, Inc. -OH129",,OH,FREMONT,2026-09-03,,,2026,RV,New,,24.46,3.23,jharrington1,,16,10.34,4000,4000,false,,,11.34,Core,Core,0.95,0,,0,35234,693,Source One Financial Services,OH,,0,0,OH129,Core
254733,mlomedico,46130.24,240,Approved,Blue Compass-RV KC - Grain Valley - MO121,Blue Compass,MO,Grain Valley,2026-09-03,2026-09-03,,2027,RV,New,667,43.39,4.94,jweller,,49,9.99,5000,5000,false,,,11.49,Core,Core,0.87,0,,0,52840.25,736,Source One Financial Services,MO, aaron shockey,1,1,MO121,Core
254593,hhisek,71646.01,180,Auto Approval,Fun Town RV-Denton -TX322,Fun Town,TX,Denton,2026-09-03,2026-09-03,,2026,RV,New,,46.58,8.07,gott,,512,8.49,1000,1000,false,,,9.24,Core,Not Applicable,0.96,0,,0,74913,697,Connexus Credit Union,TX, douglas santos,1,1,TX322,Not Applicable
254706,hhisek,35477.06,180,Decline,Moix RV - McGaugh Outpost - AR136,,AR,Springdale,2026-09-03,,,2021,RV,Used,709,51.78,4.17,jweller,,27,10.49,2000,4500,false,,,11.49,Core,Core,1.19,0,,0,29700,722,Source One Financial Services,AR, bobby wood,0,0,AR136,Core
254686,thovey,16841,144,Auto Approval,Bish's RV of Sioux Falls - SD112,Bish's RV,SD,Tea,2026-09-03,2026-09-03,,2018,RV,Used,,26.86,1.72,dzilberchtein,,13,9.84,2000,2000,false,,,11.34,Core,Core,1.01,0,,0,16700,764,Source One Financial Services,SD, david mcclanahan,1,1,SD112,Core
254564,,19768.02,180,Auto Decline,Ashley Marine - Salem - AL157,,AL,Salem,2026-09-03,,,2026,Boat,New,,54.36,6.38,jsmith,,0,16.24,2000,2000,false,,,16.99,Silver 1,Silver 1,2.24,0,,0,8812,659,Source One Financial Services,GA,,0,0,AL157,Silver
254576,,13842.16,120,Auto Decline,San Antonio Rvs -TX265,,TX,Seguin,2026-09-03,,,2027,RV,New,,11.69,2.72,gott,,0,22.99,1400,1400,false,,,23.99,Bronze,Bronze,0.46,0,,0,30000,552,Source One Financial Services,FL,,0,0,TX265,Business First
254774,Jhill,48959.8,204,Approved,Fun Town RV - Cleburne -TX108,Fun Town,TX,Cleburne,2026-09-03,2026-09-03,,2023,RV,Used,,8.74,3.42,S1House,,47,10.59,10000,10000,false,,,12.09,Core,Core,0.84,0,,0,58600,712,Source One Financial Services,TX, diego garcia,1,1,TX108,Core
254652,rsimmons,14721.18,144,Auto Approval,Alabama Campers Tuscaloosa-AL161,,AL,Tuscaloosa,2026-09-03,2026-09-03,,2019,RV,Used,,11.28,3.19,jsmith,,116,9.24,4000,4000,false,,,10.24,Core,Core,1.22,0,,0,12050,796,Source One Financial Services,AL, anne huntsinger,1,1,AL161,Core
254702,,22652,144,Auto Decline,Recreation USA LLC - Myrtle Beach - SC134,,SC,Myrtle Beach,2026-09-03,,,2026,RV,New,,39.81,6.46,jsmith,,0,22.99,2455,2455,false,,,23.99,Bronze,Bronze,0.92,0,,0,24745,594,Source One Financial Services,SC,,0,0,SC134,Business First
254607,Jhill,34122.26,180,Auto Approval,RV Station LTD - Donna -TX289,,TX,Donna,2026-09-03,2026-09-03,,2026,RV,New,,25.5,4.64,gott,,19,10.24,0,4000,false,,,11.24,Core,Core,0.86,0,,0,39593,714,Source One Financial Services,TX, manny gomez,1,1,TX289,Core
254782,,13004.15,180,Auto Decline,Boat N RV Outlet - FL329,,FL,Hudson,2026-09-03,,,2025,RV,Used,,50.48,5.88,wstoutimore,,0,13.49,2000,2000,false,,,14.24,Silver 1,Silver 1,0.91,0,,0,14350,676,Source One Financial Services,FL,,0,0,FL329,Silver
254605,ccampos,59084.7,240,Decline,Best Choice Trailers & RV-PA123,Canopy Financial,PA,Irwin,2026-09-03,,,2026,RV,New,,17.15,2.91,jharrington1,,18,16.24,75000,75000,false,,,16.99,Silver 1,Silver 1,0.49,0,,0,120664,652,Source One Financial Services,PA, matt kurtz,0,0,PA123,Silver
254562,rsimmons,16122,144,Pending,CAMPER KINGDOM - MS110,,MS,MERIDIAN,2026-09-03,2026-09-03,,2022,RV,Used,,47.62,4.35,jsmith,,21,10.84,2500,2500,false,,,11.84,Core,Core,1.06,0,,0,15150,690,Source One Financial Services,MS, karra godwin,0,0,MS110,Core
254718,,34579.09,180,Auto Decline,CRESTVIEW RV SUPERSTORE - SELMA - TX484,Campers Inn,TX,SELMA,2026-09-03,,,2023,RV,Used,,64.86,6.24,gott,,0,22.99,6895.4,-3418.17,false,,,23.99,Bronze,Bronze,1.21,0,,0,28490,593,Source One Financial Services,TX,,0,0,TX484,Business First
254563,sbaker,29750.35,180,Auto Approval,"Southeastern Marine, Inc- EVA112",EPIC,VA,Henrico,2026-09-03,2026-09-03,,2025,Boat,Used,822,30.37,4.27,S1House,,79,7.59,2000,2000,false,,,8.59,Core,Core,1.04,0,,0,28674,852,Source One Financial Services,VA, chuck smith,1,1,EVA112,Core
254709,hhisek,159688.04,240,Decline,Fun Town RV - Texarkana - AR120,Fun Town,AR,Texarkana,2026-09-03,,,2026,RV,New,,13.84,10.93,jweller,,17,8.34,0,18000,false,,,9.84,Core,Core,1,0,,0,159860,762,Source One Financial Services,TX, calvin mullins,0,0,AR120,Core
254565,avera,32229.52,180,Approved,Intercoastal Financial Group LLC - 17401746,IFG,FL,Vero Beach,2026-09-03,2026-09-03,,2027,Boat,New,,7.83,3.18,S1House,,156,7.74,60000,70354.53,false,,,8.49,Core,Not Applicable,0.4,0,,0,79780,720,Connexus Credit Union,FL, joe burton,1,1,17401746,Not Applicable
254639,sbaker,48762.01,180,Auto Approval,Campers Unlimited-Chattanooga-TN148,,TN,Ooltewah,2026-09-03,2026-09-03,,2026,RV,New,,20.91,4.79,jsmith,,230,8.99,0,0,false,,,9.74,Core,Not Applicable,1.11,0,,0,44022,715,Connexus Credit Union,TN, abbi stone,1,1,TN148,Not Applicable
254568,sflynn,14211.15,84,Auto Approval,Boat Connection Sales and Service Inc - EFL122,EPIC,FL,West Palm Beach,2026-09-03,2026-09-03,,2004,Boat,Used,667,28.01,5.6,S1House,,296,17.24,2250,2250,false,,,17.99,Silver 1,Silver 1,1.41,0,,0,10055,672,Source One Financial Services,FL, jp lixie,1,1,EFL122,Silver
254575,,98310.13,240,Auto Decline,GREAT AMERICAN RV SUPERSTORE-HEFLIN - AL145,,AL,HEFLIN,2026-09-03,,,2026,RV,New,,53.47,17.51,jsmith,,0,17.99,15000,15000,false,,,18.74,Silver 2,Silver 2,1.03,0,,0,95585,626,Source One Financial Services,GA,,0,0,AL145,Silver
254601,eavila,54864.5,180,Conditional Approval,"McKee Auto Center, Inc. - IA163",,IA,Perry,2026-09-03,2026-09-03,,2021,RV,Used,,47.64,7.88,gcoulombe,,52,9.99,7450,15450,false,,,10.74,Core,Not Applicable,1,0,,0,55050,712,Connexus Credit Union,IA, john haakma,1,1,IA163,Not Applicable
254809,,24352,180,Auto Decline,Blue Compass RV - Liberty Lake - WA154,Blue Compass,WA,Liberty Lake,2026-09-03,,,2026,RV,New,,49.27,6.16,ljablonoski,,0,22.99,4000,4000,false,,,23.99,Bronze,Bronze,0.85,0,,0,28810,556,Source One Financial Services,WA,,0,0,WA154,Business First
254705,ccampos,24877.79,180,Auto Approval,Rock Solid Funding LLC - TX536,RSF,TX,BEDFORD,2026-09-03,2026-09-03,,2026,RV,New,,47.49,3.52,S1House,,77,9.99,1200,1200,false,,,11.49,Core,Core,1.3,0,,0,19167,731,Source One Financial Services,KS, ashley rogers,1,1,TX536,Core
254747,ahunt,89898.61,180,Auto Approval,Texoma Boat House - OK146,,OK,Calera,2026-09-03,2026-09-03,,2023,Boat,Used,,9.96,1.15,jweller,,160,8.74,10000,10000,false,,,9.74,Core,Core,1.16,0,,0,77830,795,Source One Financial Services,TX, kristen thorn,1,1,OK146,Core
254758,Jhill,390458.58,240,Pending,Fish and Ski Marine -TX215,,TX,Sanger,2026-09-03,,,2025,Boat,New,817,36.88,5.31,gott,,,7.34,100000,100000,false,,,8.34,Core,Core,0.94,0,,0,415200,839,Source One Financial Services,CA, troy travis,0,0,TX215,Core
254674,sbaker,250000,240,Decline,NewCoast - Boatzon - FL356,Marine Max,FL,Oldsmar,2026-09-03,,,2024,RV,Used,,16.1,14.88,S1House,,24,8.84,102230.5,102230.5,false,,,10.34,Core,Core,0.89,0,,0,279650,760,Source One Financial Services,TX, julia nickolson,0,0,FL356,Core
254744,rsimmons,26905.68,180,Decline,Camp Site RV Inc - IA189,,IA,CRESCO,2026-09-03,,,2027,RV,New,,49.97,5.21,gcoulombe,,30,13.49,0,8000,false,,,14.24,Silver 1,Silver 1,0.79,0,,0,33855,671,Source One Financial Services,MN, mark cunningham,0,0,IA189,Silver
254797,ccampos,35041.26,180,Decline,Chesaco RV - Hamburg - PA142,,PA,Hamburg,2026-09-03,,,2027,RV,New,,39.85,4.49,jharrington1,,8,16.24,100000,100000,false,,,16.99,Silver 1,Silver 1,0.25,0,,0,138000,652,Source One Financial Services,PA, dave conard,0,0,PA142,Silver