Applicationid,Underwriter,Amountfinanced,Term,Status,Dealername,Dealergroup,Dealerstate,Dealercity,Applicationdate Date,Approvaldate Date,Bookeddate Date,Collateralyear,Collateraltype,Collateralnewused,Coficoauto8,Dti,Pti,Dealerrepresentative,Timetobook,Timetodecision,Dealerminimumrate,Cashdown,Totaldown,Isbusinessapp,Timetolastfund,Timetolastdecisiontolastcontract,Apr,Programmanual,Programdefault,Ltv,Dealerreserveamount,Dealerreservepercent,Backend,Invoice,Primaryficoauto8,Lender,Primarystate,Applicationsubmitteduser,Wasapproved,Wasapprovednotbooked,Clientdealerid,Class
245916,avera,99933.82,216,Booked,Blue Compass RV - Hickory - NC156,Blue Compass,NC,Claremont,2026-08-01,2026-08-03,2026-08-12,2027,RV,New,,42.98,12.86,jsmith,15935,2838,10.24,4000,21608,false,7448,5649,11.74,Core,Core,0.84,5996.03,6,0,118670,699,Source One Financial Services,NC, nathan mcpherson,1,0,NC156,Core
245871,mlomedico,16613.55,144,Decline,Unreel Marine - EFL129,EPIC,FL,Port Richey,2026-08-01,,,2015,Boat,Used,,60.72,5.69,S1House,,24,8.49,2000,2000,false,,,9.99,Core,Core,1.38,0,,0,12000,829,Source One Financial Services,NY, donavon evenson,0,0,EFL129,Core
245859,,45545,180,Auto Decline,"Thayer's Marine, Inc-CT105",,CT,Norwich,2026-08-01,,,2022,Boat,Used,,24.67,5.58,gcoulombe,,0,15.74,5000,20000,false,,,16.74,Silver 2,Silver 2,0.81,0,,0,56070,633,Source One Financial Services,NH,,0,0,CT105,Silver
246038,mlomedico,67821.19,180,Approved,RV DEPOT LLC - FL188,,FL,THONOTOSASSA,2026-08-01,2026-08-03,,2018,RV,Used,810,43.75,2.73,wstoutimore,,2839,7.99,10000,10000,false,,,8.99,Core,Not Applicable,0.63,0,,0,107350,745,Connexus Credit Union,FL, valon topalli,1,1,FL188,Not Applicable
245945,eavila,46880.15,204,Booked,Ron Hoover - Breckenridge - TX496,Ron Hoover,TX,Beckenridge,2026-08-01,2026-08-11,2026-08-11,2027,RV,New,,35.33,5.95,gott,14530,14275,7.99,0,0,false,254,1,9.49,Core,Core,1.41,2812.81,6,0,33355,792,Source One Financial Services,TX, cris stoker,1,0,TX496,Core
245972,mlomedico,35695,204,Approved,Blue Compass RV - Spartanburg - SC144,Blue Compass,SC,Duncan,2026-08-01,2026-08-01,,2026,RV,New,763,4.09,4.09,jsmith,,22,9.49,0,2750,false,,,10.99,Core,Core,0.9,0,,0,39860,760,Source One Financial Services,SC, john balma,1,1,SC144,Core
245932,ahunt,38422.97,180,Auto Approval,Ashley Marine LLC - Dothan - AL163,,AL,Dothan,2026-08-01,2026-08-01,,2026,Boat,New,,14.38,4.2,jsmith,,14,8.74,5000,5000,false,,,10.24,Core,Core,1.09,0,,0,35380.69,770,Source One Financial Services,AL, james pressley,1,1,AL163,Core
245847,sdelarosa,20599.06,180,Auto Approval,"Holman Motors, Inc. -OH111",,OH,Batavia,2026-08-01,2026-08-06,,2027,RV,New,,38.5,6.12,jharrington1,,7576,10.24,6000,6000,false,,,11.74,Core,Core,0.78,0,,0,26465,684,Source One Financial Services,OH,,1,1,OH111,Core
245891,sbaker,56762.63,240,Approved,Ron Hoover Companies Katy -TX275,Ron Hoover,TX,Katy,2026-08-01,2026-08-01,,2024,Boat,New,747,24.43,2.28,gott,,28,7.49,8000,8000,false,,,8.99,Core,Core,0.96,0,,0,59240,846,Source One Financial Services,TX, greg woods,1,1,TX275,Core
245993,ahunt,75196.25,180,Auto Approval,Colmans Country Campers - IL155,,IL,Hartford,2026-08-01,2026-08-01,,2026,RV,New,,35.89,9.7,gcoulombe,,18,8.74,0,0,false,,,10.24,Core,Core,1.14,0,,0,65952,764,Source One Financial Services,MO, david sanders,1,1,IL155,Core
245941,ahunt,36748.21,180,Auto Approval,"Whittle Boats, Inc -TX114",,TX,Lewisville,2026-08-01,2026-08-01,,2014,Boat,Used,,29.26,2.09,gott,,31,8.99,5000,5000,false,,,10.49,Core,Core,0.78,0,,0,47265,813,Source One Financial Services,OK, cory whittle,1,1,TX114,Core
245918,sbaker,12542.75,120,Approved,Texoma Boat House - OK146,,OK,Calera,2026-08-01,2026-08-01,,2018,Boat,Used,,40.53,1.17,jweller,,17,8.99,500,500,false,,,10.49,Core,Core,0.99,0,,0,12700,795,Source One Financial Services,TX, kristen thorn,1,1,OK146,Core
245851,avera,19354.6,144,Decline,BROWNS CAMPING SALES INC - GA119,,GA,JONESBORO,2026-08-01,,,2025,RV,New,,68.39,2.97,jsmith,,19,10.24,0,0,false,,,11.74,Core,Core,0.8,0,,0,24111,697,Source One Financial Services,GA, jim steedley,0,0,GA119,Core
246080,ahunt,64667.61,240,Auto Approval,Fun Town RV Amarillo - TX508,Fun Town,TX,Amarillo,2026-08-01,2026-08-03,,2026,RV,New,,12.18,3.82,gott,,2442,7.49,10000,10000,false,,,8.74,Core,Not Applicable,0.95,0,,0,68403,857,Connexus Credit Union,TX, eric adams,1,1,TX508,Not Applicable
245975,mlomedico,10775.75,120,Approved,Dalton RV LLC-AR132,Warrior Performance,AR,Morrilton,2026-08-01,2026-08-01,,2015,RV,Used,725,16.48,1.8,jweller,,8,8.49,4000,4000,false,,,9.99,Core,Core,0.63,0,,0,17000,811,Source One Financial Services,AR, kyle smith,1,1,AR132,Core
245981,mlomedico,14414.75,120,Booked,OPTIMUM RV PHILADELPHIA - PA106,Optimum RV,PA,POTTSTOWN,2026-08-01,2026-08-07,2026-08-11,2016,RV,Used,756,14.84,1.71,jharrington1,14477,8612,10.49,500,1500,false,5697,168,11.99,Core,Core,1.43,864.88,6,0,10050,760,Source One Financial Services,OH, eric jones,1,0,PA106,Core
245948,eavila,32727.97,180,Booked,Bailey Toliver RV and Truck Country LLC -TX369,,TX,STANTON,2026-08-01,2026-08-03,2026-08-03,2024,RV,Used,,32.17,5.1,gott,3180,3169,7.49,0,0,false,11,0,8.99,Core,Core,1.19,1963.68,6,0,27600,808,Source One Financial Services,TX, jim barben,1,0,TX369,Core
246056,,24789.5,180,Auto Decline,Optimum RV Oklahoma City - OK147,Optimum RV,OK,Moore,2026-08-01,,,2025,RV,New,643,28.68,3.14,jweller,,0,14.99,2500,2500,false,,,15.99,Silver 2,Silver 2,0.81,0,,0,30532,624,Source One Financial Services,OK,,0,0,OK147,Silver
245849,sdelarosa,17266.83,144,Approved,Yonaks  Inc  -OH140,,OH,BELMONT,2026-08-01,2026-08-01,,2027,RV,New,,30.73,5.34,jharrington1,,19,9.99,16966.84,16966.84,false,,,11.49,Core,Core,0.51,0,,0,33921,714,Source One Financial Services,OH, dave yonak,1,1,OH140,Core
245824,lgrace,20935.89,144,Decline,OPTIMUM RV OCALA - FL162,Optimum RV,FL,OCALA,2026-08-01,,,2023,RV,Used,,15.4,5.4,pcarter,,165,9.99,2000,2000,false,,,11.49,Core,Not Applicable,0.74,0,,0,28450,745,Connexus Credit Union,FL, quincey lindsey,0,0,FL162,Not Applicable
245947,,25900,180,Auto Decline,Wana RV Center - IN218,,IN,Shipshewana,2026-08-01,,,2026,RV,New,,30.43,7.5,jharrington1,,0,22.99,3000,3000,false,,,23.99,Bronze,Bronze,0.97,0,,0,26699,602,Source One Financial Services,VA,,0,0,IN218,Business First
245831,,72591.98,240,Auto Decline,General RV - Ocala - FL237,General RV,FL,Ocala,2026-08-01,,,2026,RV,New,,12.06,9.83,pcarter,,0,14.99,2000,2000,false,,,15.99,Silver 2,Silver 2,1.01,0,,0,71843,623,Source One Financial Services,FL,,0,0,FL237,Silver
245815,sdelarosa,65938.52,180,Auto Approval,SR1 Companies-Turner-ME108,,ME,Turner,2026-08-01,2026-08-01,,2026,RV,New,655,45.41,4.47,gcoulombe,,401,7.49,0,-8334.77,false,,,8.99,Core,Core,0.93,0,,0,70829,813,Source One Financial Services,MA, shawn martin,1,1,ME108,Core
245958,lgrace,21955.33,180,Conditional Approval,"SUN CAMPER LIQUIDATORS, LLC - FL113",,FL,FORT PIERCE,2026-08-01,2026-08-01,,2022,RV,Used,,35.84,2.81,pcarter,,42,7.99,6000,5700,false,,,9.49,Core,Core,1.17,0,,0,18800,821,Source One Financial Services,FL, chad landry,1,1,FL113,Core
245998,mnava,25384,204,Decline,Midway Auto & RV - Billings - MT107,,MT,Billings,2026-08-01,,,2026,RV,New,709,43.24,2.2,dzilberchtein,,54,7.49,2000,2000,false,,,8.99,Core,Core,1.07,0,,0,23650,846,Source One Financial Services,MT,,0,0,MT107,Core
245908,sbaker,33120.79,180,Decline,Rocky Ridge RV - Tyler - TX574,Rocky Ridge,TX,Tyler,2026-08-01,,,2026,RV,New,627,18.41,1.64,gott,,18,7.99,0,0,false,,,9.74,Core,Core,0.88,0,,0,37739,785,Source One Financial Services,TX, brandon barsh,0,0,TX574,Core
245872,lgrace,29072.5,180,Decline,"Amos Motor and RV, INC-OH216",,OH,Bradner,2026-08-01,,,2026,RV,New,,53,2.63,jharrington1,,18,9.74,0,6900,false,,,11.24,Core,Core,0.76,0,,0,38315,736,Source One Financial Services,OH, katie haughawout,0,0,OH216,Core
246036,eavila,126555.16,240,Auto Approval,Airstream of Minnesota - MN841,Campers Inn,MN,Ransey,2026-08-01,2026-08-05,,2026,RV,New,,27.98,9.59,dzilberchtein,,5699,7.49,15000,15000,false,,,8.74,Core,Not Applicable,1.09,0,,0,115794,799,Connexus Credit Union,MN, mike mckelvy,1,1,MN841,Not Applicable
245857,ahunt,24198,144,Auto Approval,KY Boats LLC - KY149,,KY,Richmond,2026-08-01,2026-08-01,,2026,Boat,New,,32.07,4.95,jharrington1,,7,7.99,10000,26700,false,,,9.49,Core,Core,0.51,0,,0,47039,794,Source One Financial Services,KY, christan wilson,1,1,KY149,Core
245983,mlomedico,148556.92,240,Booked,GREAT AMERICAN RV SUPERSTORE-HATTIESBURG - MS113,,MS,HATTIESBURG,2026-08-01,2026-08-07,2026-08-07,2026,RV,New,,18.83,2.86,jsmith,8685,8603,9.99,6000,16000,false,73,9,11.49,Core,Core,1.16,8913.42,6,0,127895,719,Source One Financial Services,MS, ryan campbell,1,0,MS113,Core
246044,mnava,42913,240,Decline,GARLANDS RV OF TENNESSEE - TN122,,TN,SPRINGVILLE,2026-08-01,,,2027,RV,New,736,59.48,5.34,jsmith,,56,12.49,4300,4300,false,,,13.49,Silver 1,Silver 1,0.93,0,,0,46349,664,Source One Financial Services,TN, pat hayes,0,0,TN122,Silver
246073,,67689.19,240,Auto Decline,RV COUNTRY - FRESNO - NCA115,RV Country,CA,FRESNO,2026-08-01,,,2022,RV,Used,612,48.15,9.13,jrubi,,0,15.74,6800,6800,false,,,16.74,Silver 2,Silver 2,1,0,,0,67600,629,Source One Financial Services,CA,,0,0,NCA115,Silver
245924,mnava,31712.24,180,Decline,Princess Craft RV -TX191,,TX,Round Rock,2026-08-01,,,2026,RV,New,,39.31,11.47,gott,,6,9.74,3300,3300,false,,,11.24,Core,Core,0.89,0,,0,35791,728,Source One Financial Services,TX, lane lambright-reed,0,0,TX191,Core
246091,,23878.13,180,Auto Decline,Fun Town RV-Denton -TX322,Fun Town,TX,Denton,2026-08-01,,,2025,RV,Used,,38.59,4.95,gott,,0,14.99,2500,2500,false,,,15.99,Silver 2,Silver 2,0.97,0,,0,24500,639,Source One Financial Services,TX,,0,0,TX322,Silver
246059,eavila,89797.29,180,Conditional Approval,Ron Hoover Companies Katy -TX275,Ron Hoover,TX,Katy,2026-08-01,2026-08-01,,2024,RV,Used,,37.2,5.65,gott,,54,7.49,5000,5000,false,,,8.99,Core,Core,0.98,0,,0,91400,818,Source One Financial Services,TX, greg woods,1,1,TX275,Core
246021,lgrace,34987.4,180,Conditional Approval,Bullitt County Auto and RV Sales Inc - KY138,,KY,Shephersville,2026-08-01,2026-08-01,,2021,RV,Used,,35.57,10.18,jharrington1,,100,8.49,5000,5000,false,,,9.49,Core,Not Applicable,0.89,0,,0,39100,727,Connexus Credit Union,KY, cheyanne anderson,1,1,KY138,Not Applicable
245889,sbaker,23903,180,Booked,SMITH MOTOR CO OF HATTIESBURG INC - MS107,,MS,HATTIESBURG,2026-08-01,2026-08-04,2026-08-04,2026,Boat,New,,16.85,1.29,jsmith,4639,4387,7.99,0,0,false,243,9,9.49,Core,Core,1.09,1434.18,6,0,21871.21,799,Source One Financial Services,AL, elizabeth aycox,1,0,MS107,Core
246008,eavila,10076.49,120,Decline,Blue Compass RV - Avondale - AZ360,Blue Compass,AZ,Avondale,2026-08-01,,,2021,RV,Used,,50.23,2.18,edominguez,,42,7.99,900,900,false,,,9.49,Core,Core,0.83,0,,0,12155,848,Source One Financial Services,AZ, joshua sargent,0,0,AZ360,Core
246089,eavila,120077.31,180,Auto Approval,La Mesa RV Center - Port St Lucie - FL314,La Mesa,FL,Port St Lucie,2026-08-01,2026-08-04,,2025,RV,Used,657,49.7,10.89,pcarter,,4160,9.5,35000,45850,false,,,10,Core,Not Applicable,0.73,0,,0,165236,680,Ideal Credit Union,FL, charile pacheco,1,1,FL314,Not Applicable
245844,avera,140721.75,240,Booked,Texoma Boat House - OK146,,OK,Calera,2026-08-01,2026-08-07,2026-08-07,2026,Boat,New,,19.9,4.34,jweller,9082,9047,8.24,0,84000,false,34,1,8.99,Core,Core,0.79,4221.65,3,0,177905,772,Source One Financial Services,TX, kristen thorn,1,0,OK146,Core
246070,eavila,38084.75,180,Decline,Blue Compass RV - Oklahoma City - OK158,Blue Compass,OK,Norman,2026-08-01,,,2026,RV,New,,26.39,4.41,jweller,,13,13.74,1000,4200,false,,,14.74,Silver 1,Silver 1,1.16,0,,0,32802.25,642,Source One Financial Services,OK, carl cobb,0,0,OK158,Silver
245902,,83658.48,240,Auto Decline,Sundance Marine - Miami - FL126,OneWater ,FL,Miami,2026-08-01,,,2019,Boat,Used,,48.5,9.69,pcarter,,0,14.99,10550,10550,false,,,15.99,Silver 1,Silver 1,1.1,0,,0,75795,660,Source One Financial Services,FL,,0,0,FL126,Silver
246086,ahunt,253694.76,180,Auto Approval,La Mesa RV Center - Port St Lucie - FL314,La Mesa,FL,Port St Lucie,2026-08-01,2026-08-03,,2026,RV,New,,19.16,11.97,pcarter,,2606,7.49,95000,167755,false,,,8.24,Core,Not Applicable,0.6,0,,0,425640,818,Ideal Credit Union,MD, dallas lostutter,1,1,FL314,Not Applicable
245885,,10884,120,Auto Decline,Midway Auto & RV - Billings - MT107,,MT,Billings,2026-08-01,,,2005,Boat,New,,0,0,dzilberchtein,,0,22.99,2500,2500,false,,,23.99,Bronze,Bronze,0,0,,0,0,,Source One Financial Services,MT,,0,0,MT107,Business First
245884,eavila,46726.6,180,Booked,BLUE COMPASS RV  DES MOINES-IA222,Blue Compass,IA,ALTOONA,2026-08-01,2026-08-11,2026-08-11,2021,RV,Used,654,28.93,3.61,gcoulombe,14585,14354,13.24,250,4500,false,228,3,14.24,Silver 1,Silver 1,1.26,1869.06,4,0,36950,675,Source One Financial Services,IA, roscoe vacco,1,0,IA222,Silver
245856,eavila,33465,180,Approved,General RV-Mt Clemens -MI413,General RV,MI,MESA,2026-08-01,2026-08-01,,2027,RV,New,,36.6,7.24,dzilberchtein,,21,10.24,6200,6216,false,,,11.74,Core,Core,1,0,,0,33530,683,Source One Financial Services,MI,,1,1,MI413,Core
246067,mlomedico,31784.3,180,Booked,HOWDY RANCH RV - TX315,,TX,Mathis,2026-08-01,2026-08-10,2026-08-10,2023,RV,Used,,42.04,4.26,gott,12861,12651,10.24,2700,2700,false,208,2,11.74,Core,Core,1.03,1907.06,6,0,30900,729,Source One Financial Services,TX, aj marino,1,0,TX315,Core
246098,jrubi,14973.61,144,Booked,Alabama Campers Tuscaloosa-AL161,,AL,Tuscaloosa,2026-08-01,2026-08-13,2026-08-13,2023,RV,Used,,6.46,3.16,jsmith,17165,17082,9.74,1750,1750,false,83,0,11.24,Core,Core,1.14,898.42,6,0,13100,734,Source One Financial Services,AL, ross williams,1,0,AL161,Core
245923,,56213.54,180,Auto Decline,RV Station LTD - Donna -TX289,,TX,Donna,2026-08-01,,,2026,RV,New,,15.21,10.38,gott,,0,14.99,5800,5800,false,,,15.99,Silver 2,Silver 2,0.86,0,,0,65490,637,Source One Financial Services,TX,,0,0,TX289,Silver
245862,eavila,97968.47,204,Conditional Approval,Shy Beaver Boat Center - PA150,,PA,James Creek,2026-08-01,2026-08-01,,2022,Boat,Used,807,49.64,7.56,jharrington1,,33,7.74,6000,6000,false,,,9.24,Core,Core,1,0,,0,97500,851,Source One Financial Services,PA, joe brumbaugh,1,1,PA150,Core
246031,,40068.65,180,Auto Decline,Bretz RV & Marine - Liberty Lake - WA138,Bretz RV,WA,Liberty lake,2026-08-01,,,2026,Boat,New,,61.72,13.56,ljablonoski,,0,18.24,25000,25000,false,,,19.24,Silver 2,Silver 2,0.86,0,,0,46777.21,620,Source One Financial Services,WA,,0,0,WA138,Silver
246010,,48969.89,216,Auto Decline,Nice Campers.com-AR129,,AR,Russellville,2026-08-01,,,2026,RV,New,539,41.43,6.57,jweller,,0,10.24,8000,8008,false,,,11.74,Core,Core,1.3,0,,0,37709,690,Source One Financial Services,AR,,0,0,AR129,Core
246028,mlomedico,15802.73,216,Decline,Petes RV Center - Schererville - IN114,Pete's RV,IN,Schererville,2026-08-01,,,2026,RV,New,498,27.07,0.95,jharrington1,,81,13.74,2000,2000,false,,,14.74,Silver 1,Silver 1,0.77,0,,0,20455,646,Source One Financial Services,IN, neville weer,0,0,IN114,Silver
245928,eavila,10798.63,120,Auto Approval,Mid Kansas Marine and RV Inc. - EKS102,EPIC,KS,Andover,2026-08-01,2026-08-06,,2006,Boat,Used,,28.93,1.83,S1House,,7202,11.74,1000,1000,false,,,13.24,Core,Core,0.94,0,,0,11495,738,Source One Financial Services,KS, jp lixie,1,1,EKS102,Core
246094,jrubi,49871.44,240,Decline,WeRV - SCA160,,CA,Hemet,2026-08-01,,,2017,RV,Used,,53.66,7.1,jrubi,,2382,8.49,5500,5500,false,,,9.99,Core,Core,1.12,0,,0,44673,843,Source One Financial Services,AZ, danial cooper,0,0,SCA160,Core
245870,mlomedico,57844.75,180,Booked,ZOOMERS RV OF IOWA LLC - IA206,,IA,LAMONI,2026-08-01,2026-08-13,2026-08-13,2022,RV,Used,,40.83,6.94,gcoulombe,17570,17506,10.49,2660,2660,false,64,0,11.99,Core,Core,1.24,3470.68,6,0,46800,717,Source One Financial Services,MO, david fausnaugh,1,0,IA206,Core
245995,mnava,52916.15,204,Conditional Approval,AC Nelsen RV World - NE103,,NE,Omaha,2026-08-01,2026-08-01,,2025,RV,New,742,45.46,5.75,dzilberchtein,,26,9.74,7500,7500,false,,,11.24,Core,Core,1.29,0,,0,40895,740,Source One Financial Services,IA, rian white,1,1,NE103,Core
245931,eavila,32786,144,Decline,LA Boat Dealer - LA111,,LA,Metairie,2026-08-01,,,2014,Boat,Used,669,32.6,2.73,gott,,10,14.24,0,0,false,,,15.24,Silver 1,Silver 1,1.16,0,,0,28154.5,666,Source One Financial Services,TX, jarred lang,0,0,LA111,Silver
245845,sbaker,73069.02,240,Decline,GREAT AMERICAN RV SUPERSTORE-HATTIESBURG - MS113,,MS,HATTIESBURG,2026-08-01,,,2019,RV,Used,,16.48,10.43,jsmith,,8,10.49,0,10006.73,false,,,11.99,Core,Core,1.58,0,,0,46217,751,Source One Financial Services,MS, ryan campbell,0,0,MS113,Core
246039,eavila,34410.25,180,Booked,Gregg Orr Marine - Hot Springs - AR123,,AR,Hot Springs,2026-08-01,2026-08-10,2026-08-13,2026,Boat,New,710,37.57,3.42,jweller,17346,13169,9.99,3000,3000,false,66,4111,10.99,Core,Core,1.18,1376.41,4,0,29110.5,714,Source One Financial Services,AR, lisa murphy,1,0,AR123,Core
245971,,11531.24,84,Auto Decline,MARINELAND BOATING CENTER- TX376,,TX,WACO,2026-08-01,,,2026,Boat,New,,33.27,3.71,gott,,0,22.99,0,0,false,,,23.99,Bronze,Bronze,11531.24,0,,0,1,619,Source One Financial Services,TX,,0,0,TX376,Business First
245999,mnava,11934.27,120,Pending,RV Value Mart-Bethlehem-PA125,,PA,Bath,2026-08-01,2026-08-01,,2015,RV,Used,,23.84,3.59,jharrington1,,215,8.99,1000,1000,false,,,10.49,Core,Core,0.95,0,,0,12550,789,Source One Financial Services,PA, marty dieppa,0,0,PA125,Core
245973,ahunt,32969.45,180,Auto Approval,General RV - West Chester - PA113,General RV,PA,West Chester,2026-08-01,2026-08-01,,2027,RV,New,,41.67,4.92,jharrington1,,26,9.74,4000,4000,false,,,11.24,Core,Core,1.07,0,,0,30884,722,Source One Financial Services,DE, dan hixon,1,1,PA113,Core
245964,eavila,55730.63,240,Decline,Fun Town RV Houston LLC -TX244,Fun Town,TX,Wharton,2026-08-01,,,2026,RV,New,,16.74,13.19,gott,,59,7.99,5500,5500,false,,,9.49,Core,Core,0.99,0,,0,56108,794,Source One Financial Services,TX, ryan engibous,0,0,TX244,Core
246058,mlomedico,21495.6,180,Auto Approval,LDRV of Tampa - FL340,Campers Inn,FL,Seffner,2026-08-01,2026-08-04,,2021,RV,Used,,40.9,3.15,wstoutimore,,3802,9.99,2500,2500,false,,,11.49,Core,Core,1.07,0,,0,20000,757,Source One Financial Services,FL, maria amatangelo,1,1,FL340,Core
245854,mlomedico,120456.44,240,Decline,GREAT AMERICAN RV SUPERSTORE-CALERA - AL143,,AL,CALERA,2026-08-01,,,2027,RV,New,,29.27,15.72,jsmith,,19,13.74,70000,70000,false,,,14.74,Silver 1,Silver 1,0.64,0,,0,187480,655,Source One Financial Services,AL, mike lindemood,0,0,AL143,Silver
245976,eavila,20358.67,144,Booked,Lerch RV- PA121,,PA,Milroy,2026-08-01,2026-08-11,2026-08-12,2021,RV,Used,720,38.18,1.92,jharrington1,16087,14391,10.49,1000,1000,false,17,1679,11.99,Core,Core,1.26,1221.52,6,0,16200,701,Source One Financial Services,PA,,1,0,PA121,Core
245814,lgrace,52722.4,240,Decline,SR1 Companies-Manchester-ME109,,ME,Manchester,2026-08-01,,,2026,RV,New,,93.16,12.52,gcoulombe,,6,10.24,0,5818.1,false,,,11.74,Core,Core,0.9,0,,0,58278,693,Source One Financial Services,ME, des best,0,0,ME109,Core
245949,mlomedico,47176.21,180,Decline,General RV - Tampa - FL238,General RV,FL,Dover,2026-08-01,,,2019,RV,Used,,23.44,3.48,wstoutimore,,22,14.99,6000,6000,false,,,15.99,Silver 1,Silver 1,1.1,0,,0,42955,643,Source One Financial Services,FL, tommy miranda,0,0,FL238,Silver
246029,mlomedico,23302.95,180,Decline,Boaters World - Bradenton - FL229,,FL,Bradenton,2026-08-01,,,2017,Boat,Used,,28.78,3.89,wstoutimore,,79,13.74,5000,5000,false,,,14.74,Silver 1,Silver 1,0.68,0,,0,34320,663,Source One Financial Services,FL, hussein saleh,0,0,FL229,Silver
245826,avera,172539.69,180,Conditional Approval,MARINE CONNECTION - FL173,,FL,WEST PALM BEACH,2026-08-01,2026-08-01,,2027,Boat,New,,36.7,11.62,pcarter,,122,9.5,17180,18145,false,,,10.25,Core,Not Applicable,0.81,0,,0,212387.5,752,Ideal Credit Union,FL, juan ramon,1,1,FL173,Not Applicable
246019,eavila,27947.45,180,Decline,Bradford Marine & ATV-Little Rock - AR142,Bradford Marine,AR,Little Rock,2026-08-01,,,2026,Boat,New,,59.43,8.08,jweller,,33,9.74,3000,3000,false,,,11.24,Core,Core,1.09,0,,0,25694,734,Source One Financial Services,AR, john dickson,0,0,AR142,Core
245942,avera,33994,204,Auto Approval,BRETZ RV & MARINE - BILLINGS - MT115,Bretz RV,MT,Billings,2026-08-01,2026-08-05,,2026,Boat,New,709,27.83,3.95,dzilberchtein,,5796,9.99,6500,6500,false,,,11.49,Core,Core,0.75,0,,0,45076,704,Source One Financial Services,MT, nikolaus hinebauch,1,1,MT115,Core
245837,,17933.29,120,Auto Decline,Ashley Marine LLC - Pensacola - FL325,,FL,Pensacola,2026-08-01,,,2027,Boat,New,,24.16,5.51,wstoutimore,,0,22.99,10000,10000,false,,,23.99,Bronze,Bronze,0.85,0,,0,21125,617,Source One Financial Services,FL,,0,0,FL325,Business First
246074,eavila,45944.98,180,Decline,RV DEPOT OF CLEBURNE - TX461,,TX,JOSHUA,2026-08-01,,,2017,RV,Used,672,39.69,3.78,gott,,2505,13.74,50000,50000,false,,,14.74,Silver 1,Not Applicable,0.41,0,,0,111200,671,Ideal Credit Union,TX, mike joyce,0,0,TX461,Not Applicable
246104,jrubi,47367.37,180,Booked,RV COUNTRY - FRESNO - NCA115,RV Country,CA,FRESNO,2026-08-01,2026-08-12,2026-08-12,2019,RV,Used,,14.05,4.88,jrubi,15486,15421,8.49,6000,6000,false,65,0,9.49,Core,Core,1.32,1894.69,4,0,35750,840,Source One Financial Services,CA, ryan davis,1,0,NCA115,Core
246081,eavila,30183,180,Decline,DONS RV CENTER - NCA110,,CA,CERES,2026-08-01,,,2027,RV,New,668,24.44,2.72,jrubi,,14,9.99,3000,3000,false,,,11.49,Core,Core,0.94,0,,0,32228,706,Source One Financial Services,CA,,0,0,NCA110,Core
246023,,35611.2,180,Auto Decline,RCD RV - Medina - OH206,,OH,medina,2026-08-01,,,2019,RV,Used,,10.8,8.93,jharrington1,,0,16.24,5000,5000,false,,,17.24,Silver 2,Silver 2,0.85,0,,0,41910,639,Source One Financial Services,OH,,0,0,OH206,Silver
246037,mnava,26901.17,180,Booked,Bradford Marine & ATV-North Little Rock-AR141,Bradford Marine,AR,N. Little Rock,2026-08-01,2026-08-05,2026-08-06,2024,Boat,Used,,17.54,4.55,jweller,7310,5359,10.24,800,2700,false,1951,0,11.49,Core,Core,0.94,1345.06,5,0,28490,693,Source One Financial Services,AR, robby voss,1,0,AR141,Core
245855,mlomedico,15587.84,120,Decline,RV There Yet - Davenport - FL323,,FL,Davenport,2026-08-01,,,2021,RV,Used,,8.15,2.77,pcarter,,15,14.49,2000,2000,false,,,15.49,Silver 1,Silver 1,0.93,0,,0,16750,652,Source One Financial Services,FL, luis camacho,0,0,FL323,Silver
245996,mlomedico,156915,180,Conditional Approval,RV STATION LLC - COLBERT - OK125,,OK,COLBERT,2026-08-01,2026-08-03,,2024,RV,Used,,24.25,13.57,jweller,,3091,7.24,16250,16250,false,,,8.24,Core,Not Applicable,0.87,0,,0,180250,788,Ideal Credit Union,TX, calvin parrish,1,1,OK125,Not Applicable
245955,mlomedico,68735.37,240,Decline,Blue Compass-RV KC - Grain Valley - MO121,Blue Compass,MO,Grain Valley,2026-08-01,,,2026,RV,New,813,37.48,8.41,jweller,,17,7.49,15000,896.63,false,,,8.99,Core,Core,1.24,0,,0,55342,810,Source One Financial Services,MO, aaron shockey,0,0,MO121,Core
246095,,87436.58,240,Auto Decline,BISHS - IDAHO FALLS - ID109,Bish's RV,ID,IDAHO FALLS,2026-08-01,,,2026,RV,New,668,5.95,0.79,ljablonoski,,0,14.99,35100,37525,false,,,15.99,Silver 2,Silver 2,1.2,0,,0,72895,633,Source One Financial Services,ID,,0,0,ID109,Silver
245895,,10870.9,120,Auto Decline,The Outpost RV Inc -IN144,,IN,Middlebury,2026-08-01,,,2017,RV,Used,,8.01,7.26,jharrington1,,0,22.99,500,500,false,,,23.99,Bronze,Bronze,0,0,,,0,490,Source One Financial Services,IL,,0,0,IN144,Business First
246005,eavila,15347.36,180,Decline,"Kunes RV of Frankfort, Inc. - IL262",KunesRV,IL,Fronkfort,2026-08-01,,,2022,RV,Used,,22.84,1.88,gcoulombe,,37,10.74,1500,1500,false,,,12.24,Core,Core,0.9,0,,0,17100,690,Source One Financial Services,TX, mitchell horwitz,0,0,IL262,Core
246079,mnava,31055,204,Auto Approval,RTE 125 RV & Marine - NH106,,NH,Rochester,2026-08-01,2026-08-01,,2027,RV,New,,37.79,4.37,gcoulombe,,32,9.99,1600,1600,false,,,11.49,Core,Core,0.89,0,,0,34747,706,Source One Financial Services,NH, christopher wuelper,1,1,NH106,Core
245930,mnava,16299.7,144,Approved,Best Choice Trailers & RV-PA123,Canopy Financial,PA,Irwin,2026-08-01,2026-08-01,,2022,RV,Used,828,23.1,1.24,jharrington1,,10,7.99,0,0,false,,,9.49,Core,Core,0.95,0,,0,17100,870,Source One Financial Services,PA, mac mclelland,1,1,PA123,Core
245825,mlomedico,37967.3,180,Booked,Casita Travel Trailers - TX563,RDS,TX,Rice,2026-08-01,2026-08-10,2026-08-10,2026,RV,New,,19.03,9.27,gott,13479,13449,8.74,2000,2000,false,29,1,10.24,Core,Core,1.1,2278.04,6,0,34424.1,778,Source One Financial Services,AZ, andy krier,1,0,TX563,Core
245913,,15398.03,120,Auto Decline,Campers Unlimited - Gadsden-AL152,,AL,Gadsden,2026-08-01,,,2022,RV,Used,,7.58,4.4,jsmith,,0,15.74,1600,1600,false,,,16.74,Silver 2,Silver 2,0.87,0,,0,17710,636,Source One Financial Services,AL,,0,0,AL152,Silver
245839,sbaker,31136.44,180,Decline,RV Station LTD - Nacogdoches -TX367,,TX,NACOGDOCHES,2026-08-01,,,2026,RV,New,,29.97,12.73,gott,,8,13.74,3200,3200,false,,,14.74,Silver 1,Silver 1,0.88,0,,0,35542,648,Source One Financial Services,TX, ryan reynolds,0,0,TX367,Silver
245833,avera,14930.58,144,Conditional Approval,Blue Compass RV - Macon - GA157,Blue Compass,GA,Byron,2026-08-01,2026-08-01,,2021,RV,Used,,18.01,2.39,jsmith,,21,8.49,2000,2000,false,,,9.99,Core,Core,0.86,0,,0,17350,796,Source One Financial Services,GA, zach carmichael,1,1,GA157,Core
245822,avera,49417.77,240,Approved,Blue Compass RV - Macon - GA157,Blue Compass,GA,Byron,2026-08-01,2026-08-01,,2026,RV,New,723,27.89,3.59,jsmith,,21,9.74,3000,6150,false,,,11.24,Core,Core,1.28,0,,0,38595,739,Source One Financial Services,GA, zach carmichael,1,1,GA157,Core
245816,lgrace,18173.31,144,Approved,Campers Inn Louisville -IN138,Campers Inn,IN,Clarksville,2026-08-01,2026-08-03,,2024,RV,Used,726,17.86,0.9,jharrington1,,3030,7.24,4000,5500,false,,,8.24,Core,Not Applicable,0.68,0,,0,26650,749,Connexus Credit Union,KY, mark unger,1,1,IN138,Not Applicable
246099,avera,53600,204,Auto Approval,SPARTAN RV LLC - AZ305,,AZ,GILBERT,2026-08-01,2026-08-04,,2022,RV,Used,,49.46,7.82,edominguez,,4128,7.74,0,0,false,,,9.24,Core,Core,1.04,0,,0,51400,853,Source One Financial Services,AZ,,1,1,AZ305,Core
246066,eavila,32001.33,204,Conditional Approval,Nice Campers.com-AR129,,AR,Russellville,2026-08-01,2026-08-01,,2023,RV,Used,,44.94,8.36,jweller,,12,9.99,6500,6500,false,,,11.49,Core,Core,0.86,0,,0,37400,716,Source One Financial Services,AR, mike dolente,1,1,AR129,Core
246071,,12561,180,Auto Decline,MY RV SD - SCA112,,CA,EL CAJON,2026-08-01,,,2026,RV,New,,56.04,3.09,jrubi,,0,14.99,1500,1500,false,,,15.99,Silver 2,Silver 2,0.6,0,,0,20912,638,Source One Financial Services,CA,,0,0,SCA112,Silver
245988,lgrace,99559.78,240,Auto Approval,General RV - Ocala - FL237,General RV,FL,Ocala,2026-08-01,2026-08-12,,2025,RV,New,,44.65,6.48,pcarter,,16049,7.99,4000,12030,false,,,8.49,Core,Core,1.33,0,,0,74680,764,Source One Financial Services,FL, jimmy cardenas,1,1,FL237,Core
245980,mlomedico,7983.38,144,Decline,Maxie Price RV - GA161,,GA,Loganville,2026-08-01,,,2020,RV,Used,713,50.29,0.92,jsmith,,47,9.24,17000,17000,false,,,10.74,Core,Core,0.49,0,,0,16450,778,Source One Financial Services,GA, matt eaton,0,0,GA161,Core
245879,eavila,166968.71,240,Conditional Approval,Fun Town RV-Denton -TX322,Fun Town,TX,Denton,2026-08-01,2026-08-01,,2026,RV,New,824,48.25,4.26,gott,,294,7.24,17300,17300,false,,,8.74,Core,Core,1.04,0,,0,159860,847,Source One Financial Services,TX, douglas santos,1,1,TX322,Core
245901,mlomedico,36589,180,Approved,Fun Town RV - Little Rock - AR126,Fun Town,AR,Bryant,2026-08-01,2026-08-01,,2026,RV,New,,7.88,6.69,jweller,,11,10.24,4000,4000,false,,,11.74,Core,Core,0.89,0,,0,41134,696,Source One Financial Services,AR, wade meeks,1,1,AR126,Core
245899,eavila,19121.09,144,Auto Approval,Ron Hoover - Breckenridge - TX496,Ron Hoover,TX,Beckenridge,2026-08-01,2026-08-01,,2022,RV,Used,,28.03,3.6,gott,,100,9.24,500,500,false,,,10.74,Core,Core,0.8,0,,0,23850,770,Source One Financial Services,TX, cris stoker,1,1,TX496,Core
246090,mnava,24206.52,180,Decline,Fun Town RV- Waco-TX212,Fun Town,TX,Hewitt,2026-08-01,,,2026,RV,New,651,51.62,2.73,gott,,9,9.74,3000,3000,false,,,11.24,Core,Core,0.96,0,,0,25121,724,Source One Financial Services,TX, eric cuffee,0,0,TX212,Core
246002,jrubi,37822.89,180,Booked,Giant RV - Montclair - SCA155,Giant RV,CA,Montclair,2026-08-01,2026-08-10,2026-08-10,2025,RV,New,,27.49,5.16,jrubi,13103,12704,9.49,2000,2000,false,397,2,7.39,Core,Core,0.98,378.23,1,0,38603,747,Source One Financial Services,CA,,1,0,SCA155,Core
246035,sbaker,39611.69,204,Booked,Ashley Marine LLC - Stapleton - AL168,,AL,Stapleton,2026-08-01,2026-08-10,2026-08-10,2026,Boat,New,,29.81,5.61,jsmith,12934,12729,10.24,4200,4500,false,205,0,11.74,Core,Core,1.13,2376.7,6,0,35032,696,Source One Financial Services,AL, joey hawkins,1,0,AL168,Core
245836,lgrace,15385,144,Auto Approval,Tulsa RV Outlet Center - OK108,,OK,TULSA,2026-08-01,2026-08-01,,2019,RV,Used,,28.04,3.08,jweller,,61,10.74,3000,3000,false,,,12.24,Core,Core,0.87,0,,0,17750,730,Source One Financial Services,OK, david digiovanni,1,1,OK108,Core
245987,lgrace,19558,180,Auto Approval,Bullitt County Auto and RV Sales Inc - KY138,,KY,Shephersville,2026-08-01,2026-08-03,,2018,RV,Used,,31.59,1.51,jharrington1,,3051,10.49,1990,1990,false,,,11.99,Core,Core,1.06,0,,0,18400,752,Source One Financial Services,KY, cheyanne anderson,1,1,KY138,Core
246057,eavila,39976.49,180,Approved,Liberty RV-MO107,,MO,Liberty,2026-08-01,2026-08-01,,2027,RV,New,,29.85,7.6,jweller,,28,9.49,2000,2000,false,,,10.99,Core,Core,0.99,0,,0,40325,743,Source One Financial Services,MO, shawn wiegers,1,1,MO107,Core
246050,sbaker,64613.39,180,Approved,Gil Cherry Family RV Center LLC -TX130,,TX,Sweetwater,2026-08-01,2026-08-01,,2026,RV,New,788,17.24,4.38,gott,,23,7.49,22500,7390.79,false,,,8.99,Core,Core,1.18,0,,0,54590,841,Source One Financial Services,TX, chris lambrecht,1,1,TX130,Core
245863,mlomedico,19381.75,144,Conditional Approval,Blue Compass - Mobile - AL170,Blue Compass,AL,Theodore,2026-08-01,2026-08-01,,2026,RV,New,,30.42,3.05,jsmith,,19,10.24,1900,1900,false,,,11.74,Core,Core,0.88,0,,0,21920,682,Source One Financial Services,MS, dylan howard,1,1,AL170,Core
246013,mlomedico,74574.36,240,Auto Approval,"Lone Star RV Sales, INC -TX206",,TX,Houston,2026-08-01,2026-08-03,,2027,RV,New,,14.47,8.33,gott,,2691,7.49,10000,10000,false,,,8.74,Core,Not Applicable,1.1,0,,0,67857,786,Connexus Credit Union,TX, bob russo,1,1,TX206,Not Applicable
246078,mlomedico,17025.01,144,Decline,Blue Compass RV - Tampa - FL301,Blue Compass,FL,Dover,2026-08-01,,,2026,RV,New,604,4.22,0.26,wstoutimore,,30,7.99,1000,1000,false,,,9.49,Core,Core,0.78,0,,0,21718,798,Source One Financial Services,PA, wendy parra,0,0,FL301,Core
246047,mlomedico,25742.43,144,Approved,RV Station LTD - Donna -TX289,,TX,Donna,2026-08-01,2026-08-01,,2026,RV,New,,22.61,2.46,gott,,58,9.99,2650,2650,false,,,11.49,Core,Core,0.94,0,,0,27454,718,Source One Financial Services,TX, sonia leal,1,1,TX289,Core
246043,,36356.11,144,Auto Decline,FUN TOWN RV CONROE -TX400,Fun Town,TX,CONROE,2026-08-01,,,2026,RV,New,,36.92,9.33,gott,,0,22.99,8000,8000,false,,,23.99,Bronze,Bronze,0.96,0,,0,37803,611,Source One Financial Services,TX,,0,0,TX400,Business First
246003,mlomedico,56612.76,240,Decline,OPTIMUM RV PHILADELPHIA - PA106,Optimum RV,PA,POTTSTOWN,2026-08-01,,,2021,RV,Used,604,43.12,5.71,jharrington1,,63,10.74,2500,11098.46,false,,,12.24,Core,Core,1.11,0,,0,51005,690,Source One Financial Services,PA, eric jones,0,0,PA106,Core
246033,sbaker,27727.73,180,Approved,Southaven RV & Marine - MS115,,MS,Southaven,2026-08-01,2026-08-01,,2027,RV,New,674,30.17,4.28,jsmith,,38,9.99,2500,2500,false,,,11.49,Core,Core,1.1,0,,0,25171.35,703,Source One Financial Services,TN, havanna klamm,1,1,MS115,Core
245946,mlomedico,34248.81,216,Auto Approval,Blue Compass RV - South Beumont - TX551,Blue Compass,TX,Vidor,2026-08-01,2026-08-12,,2027,RV,New,708,33.56,2.97,gott,,15836,7.99,0,0,false,,,9.49,Core,Core,1.11,0,,0,30853,791,Source One Financial Services,TX, leah sligar,1,1,TX551,Core
245894,mlomedico,26820,180,Decline,Razorback Camper Sales-AR130,,AR,Hot Springs,2026-08-01,,,2026,RV,Used,,26.72,6.78,jweller,,19,13.74,3000,3000,false,,,14.74,Silver 1,Silver 1,0.84,0,,0,31955,659,Source One Financial Services,AR, doug johnson,0,0,AR130,Silver
245838,avera,221286.35,240,Approved,North Trail RV Center - FL347,,FL,Ft. Myers,2026-08-01,2026-08-01,,2022,RV,Used,733,29.99,8.39,wstoutimore,,108,11.49,75000,75000,true,,,13.49,Business First,Business First,0.74,0,,0,299850,,Source One Financial Services,FL, trent turner,1,1,FL347,Business First
245817,lgrace,64494.7,240,Approved,Meyer's RV Sales of Pittsburgh - PA146,,PA,Apollo,2026-08-01,2026-08-01,,2027,RV,New,,7.05,2.77,jharrington1,,15,8.49,0,11500,false,,,9.99,Core,Core,1.01,0,,0,63844,841,Source One Financial Services,WV, amy gestner,1,1,PA146,Core
246034,mlomedico,85164.01,240,Approved,Jacksonville Marine Inc - FL103,,FL,Fleming Island,2026-08-01,2026-08-01,,2027,Boat,New,,4.7,4.53,pcarter,,8,7.24,11000,11000,false,,,8.74,Core,Core,1.12,0,,0,75864,804,Source One Financial Services,FL, ben fontaine,1,1,FL103,Core
245820,lgrace,65662.38,240,Auto Approval,General RV Center - Wixom - MI446,General RV,MI,Wixom,2026-08-01,2026-08-08,,2026,RV,New,682,47.83,5.65,dzilberchtein,,10211,8.99,3000,3000,false,,,10.49,Core,Core,1.12,0,,0,58805,727,Source One Financial Services,OH, chris williams,1,1,MI446,Core
245917,,42182.8,180,Auto Decline,Blue Compass RV - Tyler - TX552,Blue Compass,TX,Tyler,2026-08-01,,,2023,RV,Used,,28.38,8.94,gott,,0,22.99,4300,4300,false,,,23.99,Bronze,Bronze,0.99,0,,0,42570,601,Source One Financial Services,AR,,0,0,TX552,Business First
245968,,21845,180,Auto Decline,Blue Compass RV - Columbia - SC136,Blue Compass,SC,Lexington,2026-08-01,,,2022,RV,Used,,20.65,5.42,jsmith,,0,22.99,3000,3000,false,,,23.99,Bronze,Bronze,0.8,0,,0,27200,611,Source One Financial Services,SC,,0,0,SC136,Business First
245961,mnava,38599.85,144,Conditional Approval,Gerzeny's RV World - Lakeland - FL256,,FL,Lakeland,2026-08-01,2026-08-01,,2023,RV,Used,,22.28,4.27,wstoutimore,,81,12.99,5000,5000,false,,,12.99,Silver 1,Not Applicable,0.89,0,,0,43300,649,Connexus Credit Union,FL, tonya raimondi,1,1,FL256,Not Applicable
245810,ahunt,34601.79,204,Booked,Toons Grand Lake LLC - OK144,Easy Care,OK,Grove,2026-08-01,2026-08-07,2026-08-10,2024,Boat,New,,30.38,6.23,jweller,13564,8999,8.74,0,4500,false,4565,0,7.39,Core,Core,1.08,346.02,1,0,31925.59,761,Source One Financial Services,MO, bradley taylor,1,0,OK144,Core
246100,rsimmons,31751.57,180,Auto Approval,Camper's Choice RV- WA144,,WA,Napavine,2026-08-01,2026-08-10,,2025,RV,New,,17.78,6.27,ljablonoski,,12892,13.74,20000,20000,false,,,14.74,Silver 1,Silver 1,0.68,0,,0,46730,648,Source One Financial Services,WA,,1,1,WA144,Silver
245886,mlomedico,19073.5,144,Decline,Imperial RV Center - IA128,,IA,Ankeny,2026-08-01,,,2021,RV,Used,662,37.19,2.7,gcoulombe,,30,13.24,4000,4000,false,,,14.24,Silver 1,Silver 1,1.05,0,,0,18150,677,Source One Financial Services,IA, william thomas,0,0,IA128,Silver
245900,sbaker,41564.74,180,Decline,Phil Dill Boats -TX104,OneWater ,TX,Lewisville,2026-08-01,,,2015,Boat,Used,,62.23,12.53,gott,,12,10.49,0,0,false,,,11.99,Core,Core,1.24,0,,0,33525,747,Source One Financial Services,TX, cory dill,0,0,TX104,Core
245977,eavila,30184.96,180,Booked,FUN TOWN RV OK LLC - OK121,Fun Town,OK,OKLAHOMA CITY,2026-08-01,2026-08-12,2026-08-12,2020,RV,Used,,43.55,3.7,jweller,15821,15720,10.49,18315.93,18315.93,false,101,0,11.99,Core,Core,0.54,1811.1,6,0,55400,687,Source One Financial Services,OK, calvin mullins,1,0,OK121,Core
246025,eavila,24528.44,168,Booked,Fun Town RV - Texarkana - AR120,Fun Town,AR,Texarkana,2026-08-01,2026-08-03,2026-08-03,2026,RV,New,726,17.62,2.3,jweller,3042,3026,7.49,0,0,false,15,1,8.99,Core,Core,1.49,1471.71,6,0,16483,837,Source One Financial Services,LA, henry reyna,1,0,AR120,Core
245935,,45910.78,180,Auto Decline,ROTH RV - GRAND RAPIDS - MN164,,MN,GRAND RAPIDS,2026-08-01,,,2027,RV,New,,54.48,8.57,dzilberchtein,,0,14.99,0,0,false,,,15.99,Silver 1,Silver 1,1.24,0,,0,36900,640,Source One Financial Services,MN,,0,0,MN164,Silver
245910,,29231.64,144,Auto Decline,White Horse RV Center-NJ107,,NJ,Williamstown,2026-08-01,,,2026,RV,New,,28.15,15.65,gcoulombe,,0,22.99,3000,3000,false,,,23.99,Bronze,Bronze,0.98,0,,0,29869,,Source One Financial Services,PA,,0,0,NJ107,Business First
246092,ahunt,34544.91,180,Conditional Approval,St Louis RV - MO155,,MO,O'Fallon,2026-08-01,2026-08-03,,2026,RV,New,,23.4,4.69,jweller,,2407,8.99,4000,4000,false,,,9.74,Core,Not Applicable,0.9,0,,0,38300,712,Connexus Credit Union,MO, jason miller,1,1,MO155,Not Applicable
245994,,28806.35,180,Auto Decline,DADS CAMPER OUTLET - PICAYUNE - MS101,,MS,PICAYUNE,2026-08-01,,,2018,RV,Used,651,32.33,5.12,jsmith,,0,22.99,3500,3500,false,,,23.99,Bronze,Bronze,1.44,0,,0,20000,565,Source One Financial Services,MS,,0,0,MS101,Business First
245921,ahunt,76316.11,240,Booked,RGV RV SALES - TX569,,TX,Mission,2026-08-01,2026-08-03,2026-08-03,2027,RV,New,,32.61,4.29,gott,3157,2857,7.49,7120,7120,false,298,2,8.99,Core,Core,1.07,4578.97,6,0,71379,837,Source One Financial Services,TX, aldo camarillo,1,0,TX569,Core
245940,mnava,34683.95,240,Decline,Blue Compass RV - Chattanooga - GA156,Blue Compass,GA,Ringgold,2026-08-01,,,2026,RV,New,,5.69,5.03,jsmith,,7,13.74,30000,30000,false,,,14.74,Silver 1,Silver 1,0.59,0,,0,58845,655,Source One Financial Services,TN, david wallace,0,0,GA156,Silver
246051,ahunt,79792.5,240,Decline,A and L RV Sales - Johnson City - TN 123,,TN,Johnson City,2026-08-01,,,2020,RV,Used,638,14.51,5.72,jsmith,,50,14.49,30000,70000,false,,,15.49,Silver 1,Silver 1,0.49,0,,0,161865,653,Source One Financial Services,TN, amber bailey,0,0,TN123,Silver
245812,lgrace,33145.17,180,Booked,Jacksonville Marine Inc - FL103,,FL,Fleming Island,2026-08-01,2026-08-11,2026-08-13,2015,Boat,Used,,26.28,3.19,pcarter,17692,14971,8.49,15000,15000,false,2721,0,9.74,Core,Core,0.9,1657.26,5,0,37010,818,Source One Financial Services,FL, ben fontaine,1,0,FL103,Core
246041,mnava,23692,180,Approved,McDowell South Inc - MO203,,MO,Jackson,2026-08-01,2026-08-01,,2021,RV,Used,,9.19,5.11,jweller,,29,8.49,2400,2400,false,,,9.99,Core,Core,1.05,0,,0,22650,785,Source One Financial Services,MO, alan sellers,1,1,MO203,Core
246018,mlomedico,52498.45,180,Auto Approval,CAMPING NATION RVS LLC - AZ322,,AZ,MESA,2026-08-01,2026-08-04,,2025,RV,Used,,3.39,0.67,edominguez,,4450,8.49,10000,10000,false,,,8.99,Core,Core,0.91,0,,0,57600,847,Source One Financial Services,AZ, jason strombeck,1,1,AZ322,Core
245954,sbaker,51613.32,180,Conditional Approval,Johnston RV Center - AL134,,AL,Decatur,2026-08-01,2026-08-01,,2025,RV,New,667,44.9,6.67,jsmith,,20,9.49,0,0,false,,,10.99,Core,Core,0.69,0,,0,74819,750,Source One Financial Services,AL, marcus clarke,1,1,AL134,Core
246061,,18871.4,180,Auto Decline,OWENSBORO RV - KY119,,KY,OWENSBORO,2026-08-01,,,2026,RV,New,,40.23,6.42,jharrington1,,0,14.99,2000,2000,false,,,15.99,Silver 2,Silver 2,0.94,0,,0,20054,629,Source One Financial Services,KY,,0,0,KY119,Silver
245970,lgrace,29947.34,180,Auto Approval,LDRV of Tampa - FL340,Campers Inn,FL,Seffner,2026-08-01,2026-08-07,,2022,RV,Used,,27.95,3.38,wstoutimore,,8425,10.74,3100,3100,false,,,12.24,Core,Core,0.91,0,,0,32900,681,Source One Financial Services,FL, craig haselbush,1,1,FL340,Core
245922,mlomedico,41592.25,216,Decline,RGV RV SALES - TX569,,TX,Mission,2026-08-01,,,2027,RV,New,,43.58,6.88,gott,,16,12.49,0,0,false,,,13.49,Silver 1,Silver 1,0.89,0,,0,46933,661,Source One Financial Services,TX, aldo camarillo,0,0,TX569,Silver
245878,ahunt,143868.07,240,Booked,Ashley Marine - Panama City -  FL255,,FL,Panama City,2026-08-01,2026-08-13,2026-08-13,2026,Boat,New,,17.47,5.52,wstoutimore,17484,17290,8.99,14000,14000,false,180,14,7.39,Core,Core,1.16,1438.68,1,0,123957.41,759,Source One Financial Services,FL, amy silas,1,0,FL255,Core
245953,eavila,23269.93,144,Decline,Treasure Coast Marine & RV - FL353,,FL,Stuart,2026-08-01,,,2018,RV,Used,695,28.19,1.56,wstoutimore,,32,11.24,10000,10000,false,,,12.74,Core,Core,1.06,0,,0,22000,695,Source One Financial Services,FL,,0,0,FL353,Core
245905,avera,22771.52,144,Verifications Incomplete,GEORGIA RV OUTLET LLC - GA107,,GA,CARTERSVILLE,2026-08-01,2026-08-08,,2018,RV,Used,,23.15,2.91,jsmith,,10161,8.49,1900,1900,false,,2644,9.49,Core,Not Applicable,1.04,910.86,4,0,21950,731,Connexus Credit Union,AL, shawn deuber,1,1,GA107,Not Applicable
246085,mnava,19811.75,168,Booked,CAMPERS RV CENTER - LA103,,LA,SHREVEPORT,2026-08-01,2026-08-08,2026-08-12,2019,RV,Used,,20.29,2.37,gott,15781,9679,10.74,1800,1800,false,53,6049,11.74,Core,Core,1.24,792.47,4,0,15950,740,Source One Financial Services,LA, dustin pinkston,1,0,LA103,Core
245969,mlomedico,17359.7,144,Auto Approval,Best Choice Trailers & RV-PA123,Canopy Financial,PA,Irwin,2026-08-01,2026-08-05,,2021,RV,Used,,29.94,3.05,jharrington1,,5722,7.99,0,0,false,,,9.49,Core,Core,1.16,0,,0,14950,843,Source One Financial Services,PA, mac mclelland,1,1,PA123,Core
245835,sbaker,79756,180,Auto Decline,Four Lakes RV -MI344,,MI,Union,2026-08-01,,,2026,RV,New,,40.28,38.16,dzilberchtein,,2799,22.99,4000,4000,false,,,23.99,Bronze,Core,1.38,0,,,57987,716,Source One Financial Services,MI,,0,0,MI344,Business First
246102,lgrace,77317.09,240,Auto Approval,Fun Town RV - Indianapolis - IN215,Fun Town,IN,Edinburgh,2026-08-01,2026-08-02,,2026,RV,New,737,25.18,2.91,jharrington1,,788,7.74,10000,10000,false,,,9.24,Core,Core,1.03,0,,0,75056,786,Source One Financial Services,IN, chase ackeret,1,1,IN215,Core
245912,avera,75752.81,180,Decline,GREAT AMERICAN RV SUPERSTORE-HATTIESBURG - MS113,,MS,HATTIESBURG,2026-08-01,,,2022,RV,Used,,52.02,9.64,jsmith,,10,10.74,0,0,false,,,12.24,Core,Core,1.26,0,,0,60000,685,Source One Financial Services,LA, ryan campbell,0,0,MS113,Core
245992,,38559.39,216,Auto Decline,RV ROADWAY - CALERA - AL130,,AL,CALERA,2026-08-01,,,2026,RV,New,,29.71,5.48,jsmith,,0,14.99,0,0,false,,,15.99,Silver 2,Silver 2,1,0,,0,38740,637,Source One Financial Services,AL,,0,0,AL130,Silver
245869,sdelarosa,37591.35,180,Decline,OWENSBORO RV - KY119,,KY,OWENSBORO,2026-08-01,,,2022,RV,Used,,8.36,6.37,jharrington1,,11,13.24,3800,3800,false,,,14.24,Silver 1,Silver 1,1.28,0,,0,29300,671,Source One Financial Services,KY, scott stacy,0,0,KY119,Silver
245984,mlomedico,27460.47,180,Approved,Johnston RV Center - AL134,,AL,Decatur,2026-08-01,2026-08-01,,2027,RV,New,709,17.95,3.1,jsmith,,63,9.74,5000,5000,false,,,11.24,Core,Core,0.76,0,,0,36258,725,Source One Financial Services,AL, marcus clarke,1,1,AL134,Core
245959,sbaker,44371.05,180,Approved,GREAT AMERICAN RV SUPERSTORE-BREAUX BRIDGE - LA104,,LA,BREAUX BRIDGE,2026-08-01,2026-08-01,,2027,RV,New,,29.59,4.94,gott,,98,7.74,600,600,false,,,8.74,Core,Not Applicable,1.08,0,,0,41080,720,Connexus Credit Union,LA, james duos,1,1,LA104,Not Applicable
245951,,22998,180,Auto Decline,UNLIMITED RV - MO192,,MO,INDEPENDENCE,2026-08-01,,,2027,RV,New,,50.35,5.46,jweller,,0,12.49,5500,5500,false,,,13.49,Silver 1,Silver 1,0.69,0,,0,33440,666,Source One Financial Services,KS,,0,0,MO192,Silver
246046,mlomedico,181504.33,240,Decline,NXTLVL Marine - Fort Worth -  TX547,,TX,Fort Worth,2026-08-01,,,2027,Boat,New,,23.95,5.49,gott,,55,10.24,80000,80000,false,,,11.74,Core,Core,1,0,,0,181015,692,Source One Financial Services,TX, kandi ludwick,0,0,TX547,Core
246075,mnava,39999.63,180,Decline,CAMP EZ RV - TX528,,TX,LIVINGSTON,2026-08-01,,,2024,RV,Used,,9.37,3.26,gott,,31,9.49,15000,15000,false,,,10.99,Core,Core,0.59,0,,0,67900,756,Source One Financial Services,TX, mel carrillo,0,0,TX528,Core
246076,mlomedico,67907.41,180,Approved,Fun Town RV Amarillo - TX508,Fun Town,TX,Amarillo,2026-08-01,2026-08-03,,2026,RV,New,,20.02,5.67,gott,,2435,7.99,7000,7000,false,,,8.74,Core,Not Applicable,0.86,0,,0,79053,750,Connexus Credit Union,TX, eric adams,1,1,TX508,Not Applicable
246016,jrubi,50026,180,Decline,BEAUMONT RV - SCA108,,CA,BEAUMONT,2026-08-01,,,2026,RV,New,,27.28,11.9,jrubi,,11,10.24,4750,4750,false,,,11.74,Core,Core,1.04,0,,0,48197,681,Source One Financial Services,CA,,0,0,SCA108,Core
245848,,25988.33,144,Auto Decline,"Ron Hoover Companies of Donna, Inc -Tx277",Ron Hoover,TX,Donna,2026-08-01,,,2023,RV,Used,,20.05,3.28,gott,,0,22.99,3000,3000,false,,,23.99,Bronze,Bronze,0.64,0,,0,40395,612,Source One Financial Services,TX,,0,0,TX277,Business First
245890,mnava,20489,180,Decline,JOHNNY'S RV SUPERSTORE LLC - AL124,,AL,THEODORE,2026-08-01,,,2026,RV,New,,46.27,3.7,jsmith,,41,9.99,2200,2200,false,,,11.49,Core,Core,0.96,0,,0,21290,708,Source One Financial Services,AL,,0,0,AL124,Core
245865,mlomedico,14629.7,120,Auto Approval,Ansley RV - PA144,,PA,Duncansville,2026-08-01,2026-08-01,,2025,RV,Used,,35.21,3.44,jharrington1,,13,9.99,1000,1000,false,,,11.49,Core,Core,0.84,0,,0,17500,705,Source One Financial Services,PA, joe barbera,1,1,PA144,Core
246055,mlomedico,31055.12,180,Conditional Approval,Ron Hoover - Amarillo - TX513,Ron Hoover,TX,Amarillo,2026-08-01,2026-08-01,,2025,RV,Used,,32.18,4.27,gott,,50,12.49,3160,3160,false,,,13.49,Silver 1,Silver 1,0.96,0,,0,32300,677,Source One Financial Services,TX, travis newsom,1,1,TX513,Silver
245911,,41026,180,Auto Decline,Campers Inn of Chichester - NH103,Campers Inn,NH,Chichester,2026-08-01,,,2023,RV,Used,,44.96,21.29,gcoulombe,,0,22.99,0,-1300,false,,,23.99,Bronze,Bronze,0.95,0,,0,43120,591,Source One Financial Services,NH,,0,0,NH103,Business First
245962,,30990.9,180,Auto Decline,GREAT AMERICAN RV SUPERSTORE-HEFLIN - AL145,,AL,HEFLIN,2026-08-01,,,2026,RV,New,,17.62,9.59,jsmith,,0,14.99,2500,2500,false,,,15.99,Silver 2,Silver 2,0.92,0,,0,33777,626,Source One Financial Services,GA,,0,0,AL145,Silver
245925,lgrace,14664,120,Booked,Uwharrie RV  (740 Motors) - NC125,,NC,Albemarle,2026-08-01,2026-08-07,2026-08-11,2025,RV,New,,26.68,6.48,jsmith,14246,8699,9.49,8000,8000,false,5544,3,9.99,Core,Not Applicable,0.6,293.28,2,0,24316,682,Connexus Credit Union,SC, brian bailey,1,0,NC125,Not Applicable
245919,eavila,14445,180,Decline,Blue Compass RV - Spartanburg - SC144,Blue Compass,SC,Duncan,2026-08-01,,,2026,RV,New,,7.56,4.28,jsmith,,9,12.49,0,0,false,,,13.49,Silver 1,Silver 1,0.93,0,,0,15484,661,Source One Financial Services,SC, john balma,0,0,SC144,Silver
246083,eavila,41608.07,240,Decline,Cycle Springs Powersports - FL311,,FL,Clearwater,2026-08-01,,,2025,Boat,New,,4.25,0.56,wstoutimore,,62,7.49,0,0,false,,,8.99,Core,Not Applicable,1.01,0,,0,41302,822,Connexus Credit Union,FL, jt beaty,0,0,FL311,Not Applicable
246012,,74553.17,240,Auto Decline,WILLIAMS FAMILY RV LLC - AL147,,AL,ROBERTSDALE,2026-08-01,,,2026,RV,New,480,39.34,13.17,jsmith,,0,22.99,0,22000,false,,,23.99,Bronze,Bronze,0.7,0,,0,106343,486,Source One Financial Services,AL,,0,0,AL147,Business First
245853,sbaker,51504.87,180,Auto Approval,TEXAS RV OUTLET SUPERSTORE - TX331,,TX,WILLOW PARK,2026-08-01,2026-08-01,,2023,RV,Used,714,3.09,3.09,gott,,194,8.99,10000,10000,false,,,9.74,Core,Not Applicable,1,0,,0,51550,699,Connexus Credit Union,LA, bryan roberts,1,1,TX331,Not Applicable
246040,,64818.31,240,Cancelled,RV Station LTD - Nacogdoches -TX367,,TX,NACOGDOCHES,2026-08-01,,,2026,RV,New,,0,0,gott,,,22.99,0,0,false,,,23.99,Bronze,Bronze,0.99,0,,0,65329,,Source One Financial Services,TX, ryan reynolds,0,0,TX367,Business First
245927,sbaker,35063.98,180,Approved,Fun Town RV - Texarkana - AR120,Fun Town,AR,Texarkana,2026-08-01,2026-08-01,,2025,RV,Used,,36.26,3.37,jweller,,21,12.49,1000,5800,false,,,13.49,Silver 1,Silver 1,1.01,0,,0,34650,662,Source One Financial Services,AR, henry reyna,1,1,AR120,Silver
246103,lgrace,45345.06,180,Ready to Book,Hudgins Motorsports & RV-AZ348,,AZ,Marana,2026-08-01,2026-08-12,,2022,RV,Used,705,33.05,3.95,edominguez,,15663,8.24,1500,14000,false,,923,9.24,Core,Not Applicable,0.78,1813.8,4,0,57834,731,Connexus Credit Union,AZ, julian hudgins,1,1,AZ348,Not Applicable
246062,mnava,37978.4,180,Decline,Blue Fox RV - UT131,,UT,North Logan,2026-08-01,,,2019,RV,Used,,40.48,9.36,ljablonoski,,45,8.99,15500,20000,false,,,10.49,Core,Core,1,0,,0,38100,797,Source One Financial Services,UT, todd campbell,0,0,UT131,Core
246087,mnava,50979.51,240,Auto Approval,Optimum RV - La Feria - TX512,Optimum RV,TX,La Ferua,2026-08-01,2026-08-03,,2025,RV,New,,30.16,3.12,gott,,2859,8.49,5000,5000,false,,,9.24,Core,Not Applicable,0.68,0,,0,74965,707,Connexus Credit Union,TX, juan vasquez,1,1,TX512,Not Applicable
245989,mnava,12595.75,120,Booked,Wright Campers LLC - NC163,,NC,Dobson,2026-08-01,2026-08-03,2026-08-04,2025,RV,New,732,8.62,2.07,jsmith,4475,2846,9.74,3000,3000,false,1612,17,11.24,Core,Core,0.58,755.75,6,0,21840,847,Source One Financial Services,NC, autumn wright,1,0,NC163,Core
246017,mlomedico,50124.83,180,Conditional Approval,RV Station LTD - Bryan/College Station -TX193,,TX,College Station,2026-08-01,2026-08-01,,2026,RV,New,669,21.38,4.09,gott,,73,12.49,10000,10602.11,false,,,13.49,Core,Core,1.2,0,,0,41920,696,Source One Financial Services,TX, curtis hunsinger,1,1,TX193,Core
246009,mlomedico,39359.14,180,Booked,Fun Town RV - Cleburne -TX108,Fun Town,TX,Cleburne,2026-08-01,2026-08-05,2026-08-10,2020,RV,Used,,36.42,3.25,S1House,13124,5877,14.49,3500,3500,false,7205,42,15.49,Silver 1,Silver 1,1.02,1574.37,4,0,38750,660,Source One Financial Services,TX, laci boulware,1,0,TX108,Silver
245818,sdelarosa,70066.08,204,Conditional Approval,AIRSTREAM OF DFW - TX447,,TX,FORT WORTH,2026-08-01,2026-08-01,,2019,RV,Used,,41.73,5.87,gott,,28,9.74,0,-7451.3,false,,,11.24,Core,Core,1.08,0,,0,65100,770,Source One Financial Services,TX, chad pinson,1,1,TX447,Core
246000,eavila,38147.9,144,Decline,DARREN BIDEAUX RV - UT101,,UT,WEST HAVEN,2026-08-01,,,2016,RV,Used,666,29.15,4.48,ljablonoski,,46,13.74,0,4400,false,,,14.74,Silver 1,Silver 1,1.3,0,,0,29285,664,Source One Financial Services,UT, jeff campbell,0,0,UT101,Silver
245985,mlomedico,51400,240,Decline,"72 West Motors, LLC - MO142",Canopy Financial,MO,FREDERICKTOWN,2026-08-01,,,2026,RV,New,697,58.31,4.9,jweller,,4,9.74,0,0,false,,,11.24,Core,Core,0.83,0,,0,62278,740,Source One Financial Services,MO, mac mclelland,0,0,MO142,Core
246022,,67309.63,240,Auto Decline,Keystone RV Center  - PA110,Pete's RV,PA,Greencastle,2026-08-01,,,2027,RV,New,,40.81,20.26,jharrington1,,0,12.49,2500,2500,false,,,13.49,Silver 1,Silver 1,0.94,0,,0,71754,675,Source One Financial Services,MD,,0,0,PA110,Silver
245939,lgrace,58727.53,240,Auto Approval,RV Station LTD - Nacogdoches -TX367,,TX,NACOGDOCHES,2026-08-01,2026-08-01,,2026,RV,New,704,37.99,2.87,gott,,159,10.74,6100,6100,false,,,12.24,Core,Core,0.9,0,,0,65329,727,Source One Financial Services,TX, ryan reynolds,1,1,TX367,Core
245827,lgrace,29293.26,180,Auto Approval,Maxie Price RV - GA161,,GA,Loganville,2026-08-01,2026-08-01,,2021,RV,Used,,31.27,1.72,jsmith,,75,10.74,3000,3000,false,,,12.24,Core,Core,1.06,0,,0,27650,694,Source One Financial Services,GA, matt eaton,1,1,GA161,Core
245867,mnava,14334.42,144,Decline,Campers Inn Kings Mountain -NC108,Campers Inn,NC,Kings Mountain,2026-08-01,,,2022,RV,Used,682,34.16,1.57,jsmith,,102,10.74,5000,5000,false,,,12.24,Core,Not Applicable,0.98,0,,0,14600,690,Connexus Credit Union,NC, hunter lee,0,0,NC108,Not Applicable
245943,mnava,57381,240,Decline,Good Life RV - Webster City - IA135,,IA,Webster City,2026-08-01,,,2026,RV,New,650,40.15,3.54,gcoulombe,,195,10.24,6000,25137,false,,,11.74,Core,Not Applicable,1,0,,0,57261,685,Connexus Credit Union,IA, nick smith,0,0,IA135,Not Applicable
245978,,40897.64,240,Auto Decline,Blue Compass RV - Seguin - TX573,Blue Compass,TX,Sequin,2026-08-01,,,2023,RV,Used,660,50.47,11.04,gott,,0,22.99,1000,5100,false,,,23.99,Bronze,Bronze,0.95,0,,0,43120,613,Source One Financial Services,TX,,0,0,TX573,Business First
245842,ahunt,20761.14,180,Auto Approval,The Outpost RV Inc -IN144,,IN,Middlebury,2026-08-01,2026-08-01,,2026,RV,New,,10.88,10.88,jharrington1,,37,7.99,600,600,false,,,9.49,Core,Core,1.3,0,,0,16011,800,Source One Financial Services,MI,,1,1,IN144,Core
246007,jrubi,93848,240,Approved,MY RV SD - SCA112,,CA,EL CAJON,2026-08-01,2026-08-01,,2026,RV,New,795,26.22,3.54,jrubi,,15,9.24,8000,8000,false,,,10.74,Core,Core,1.3,0,,0,72180,753,Source One Financial Services,CA,,1,1,SCA112,Core
245875,,18243.85,144,Auto Decline,Grandpas Marine - ENC108,EPIC,NC,Greensboro,2026-08-01,,,2024,Boat,New,,50.06,2.71,S1House,,0,12.49,0,0,false,,,13.49,Silver 1,Silver 1,1.12,0,,0,16239,676,Source One Financial Services,NC,,0,0,ENC108,Silver
245997,sbaker,37485.67,180,Approved,Ron Hoover Companies Katy -TX275,Ron Hoover,TX,Katy,2026-08-01,2026-08-01,,2026,RV,New,653,35.81,3.56,gott,,86,9.49,100,100,false,,,10.99,Core,Core,1.03,0,,0,36445,742,Source One Financial Services,TX, greg woods,1,1,TX275,Core
245982,sbaker,13479.93,144,Conditional Approval,Alabama Campers Tuscaloosa-AL161,,AL,Tuscaloosa,2026-08-01,2026-08-01,,2025,RV,Used,811,24.75,2,jsmith,,36,7.49,4985,7285,false,,,8.99,Core,Core,1.24,0,,0,10900,861,Source One Financial Services,AL, anne huntsinger,1,1,AL161,Core
246060,,20409.23,144,Auto Decline,Blue Compass RV - Knoxville - TN159,Blue Compass,TN,Louisville,2026-08-01,,,2021,RV,Used,,47.49,9.26,jsmith,,0,14.49,1700,1700,false,,,15.49,Silver 1,Silver 1,1.12,0,,0,18250,656,Source One Financial Services,TN,,0,0,TN159,Silver
245938,mlomedico,24268.5,180,Booked,Wana RV Center - IN218,,IN,Shipshewana,2026-08-01,2026-08-12,2026-08-12,2025,RV,Used,649,33.25,3.15,jharrington1,16068,16025,9.99,500,2300,false,42,1,11.49,Core,Core,0.75,1456.11,6,0,32465,703,Source One Financial Services,KY, derek roe,1,0,IN218,Core
245906,,23675.49,180,Auto Decline,GIANT RECREATION WORLD DAYTONA - FL176,,FL,Ormond Beach,2026-08-01,,,2025,RV,New,,50.66,4.75,pcarter,,0,12.49,5000,5000,false,,,13.49,Silver 1,Silver 1,0.76,0,,0,31270,662,Source One Financial Services,FL,,0,0,FL176,Silver
245841,,46530.87,180,Auto Decline,BLUE COMPASS RV - DENTON - TX148,Blue Compass,TX,Denton,2026-08-01,,,2023,RV,Used,,49.47,5.26,gott,,0,15.74,4800,4800,false,,,16.74,Silver 2,Silver 2,0.98,0,,0,47400,629,Source One Financial Services,TX,,0,0,TX148,Silver
245990,,37594.29,144,Auto Decline,"Ron Hoover Companies of Donna, Inc -Tx277",Ron Hoover,TX,Donna,2026-08-01,,,2026,RV,New,,26.19,6.77,gott,,0,22.99,6000,6000,false,,,23.99,Bronze,Bronze,1.2,0,,0,31255,609,Source One Financial Services,TX,,0,0,TX277,Business First
245880,avera,187829.44,240,Auto Approval,Royal RV & Auto Center Inc - IN203,,IN,Middleberry,2026-08-01,2026-08-03,,2026,RV,New,,25.35,8.18,jharrington1,,3233,7.24,25000,25000,false,,,8.74,Core,Core,0.99,0,,0,190398,829,Source One Financial Services,MO, jason flick,1,1,IN203,Core
245952,jrubi,7581.15,84,Approved,Fun Town RV - Indianapolis - IN215,Fun Town,IN,Edinburgh,2026-08-01,2026-08-01,,2020,RV,Used,,48.2,1.56,jharrington1,,12,11.49,8000,8000,false,,,11.99,Core,Core,0.45,0,,0,16850,715,Source One Financial Services,IN, chase ackeret,1,1,IN215,Core
245934,sbaker,25416.6,180,Approved,Boat-N-RV Supercenter  - TN157,,TN,Crossville,2026-08-01,2026-08-01,,2027,RV,New,,18.98,6.8,jsmith,,61,7.74,3000,3000,false,,,8.74,Core,Not Applicable,0.96,0,,0,26542,740,Connexus Credit Union,GA, gina harris,1,1,TN157,Not Applicable
245852,lgrace,72639.18,240,Booked,SPECIALTY OUTDOORS - OH189,,OH,LANCASTER,2026-08-01,2026-08-03,2026-08-03,2026,RV,New,,38.04,8.62,jharrington1,3338,3298,9.74,0,7485.53,false,35,5,10.99,Core,Core,1.24,3631.96,5,0,58593,736,Source One Financial Services,OH, russ miller,1,0,OH189,Core
245832,sbaker,35267.28,180,Approved,Fun Town RV-Waller -TX539,Fun Town,TX,Waller,2026-08-01,2026-08-01,,2026,RV,New,,34.72,2.37,gott,,250,8.74,1000,1000,false,,,10.24,Core,Core,0.9,0,,0,39203,770,Source One Financial Services,TX, meddie nieto,1,1,TX539,Core
246001,ahunt,42679.99,180,Decline,PPL MOTORHOMES - SUMMERFIELD - FL194,,FL,SUMMERFIELD,2026-08-01,2026-08-03,,2018,RV,Used,,27.61,3.62,pcarter,,2939,10.99,4500,4500,false,,,12.49,Core,Core,0.71,0,,0,59914,702,Source One Financial Services,FL, connor cockfield,0,0,FL194,Core
245914,mnava,46550.18,240,Approved,"Ron Hoover Companies of Donna, Inc -Tx277",Ron Hoover,TX,Donna,2026-08-01,2026-08-01,,2027,RV,New,722,15.13,4.67,gott,,14,9.74,3000,3300,false,,,11.24,Core,Core,1.19,0,,0,39089,734,Source One Financial Services,TX, julio pena,1,1,TX277,Core
245937,ahunt,36557.99,180,Ready to Book,RCD RV - North Ridgeville - OH207,,OH,North Ridgeville,2026-08-01,2026-08-05,,2024,RV,Used,,14.21,5.34,jharrington1,,6004,7.24,6000,6000,false,,8619,8.49,Core,Not Applicable,1,1827.9,5,0,36400,794,Connexus Credit Union,OH, dave dunstan,1,1,OH207,Not Applicable
245903,mlomedico,86791.87,240,Decline,PPL MOTORHOMES - NEW BRAUNFELS - TX441,,TX,NEW BRAUNFELS,2026-08-01,,,2017,RV,Used,673,26.36,5.93,gott,,13,11.24,20000,20000,false,,,12.74,Core,Core,0.62,0,,0,140955,687,Source One Financial Services,OR, emily tompkins,0,0,TX441,Core
246054,eavila,38185,180,Auto Approval,"APACHE CAMPING CENTER, INC - EVERETT - WA113",,WA,EVERETT,2026-08-01,2026-08-01,,2023,RV,Used,,40.07,4.47,ljablonoski,,139,9.99,1000,8500,false,,,11.49,Core,Core,0.92,0,,0,41400,755,Source One Financial Services,FL,,1,1,WA113,Core
245858,ahunt,45689.49,180,Booked,HALLS RV INC - AL121,,AL,ALBERTVILLE,2026-08-01,2026-08-11,2026-08-11,2025,RV,New,,42.22,6.02,jsmith,14671,14665,9.49,0,5698.17,false,6,0,10.49,Core,Core,1.11,1827.58,4,0,41192,752,Source One Financial Services,AL, kim levert,1,0,AL121,Core
245881,mnava,70240.6,240,Auto Approval,General RV Center - Mesa - AZ357,General RV,AZ,Mesa,2026-08-01,2026-08-04,,2025,RV,Used,717,42.18,8.23,edominguez,,4629,9.74,5000,5000,false,,,11.24,Core,Core,0.89,0,,0,79234,734,Source One Financial Services,AZ, gary watts,1,1,AZ357,Core
246088,eavila,99935.74,240,Conditional Approval,Blue Compass RV - Austin - TX522,Blue Compass,TX,Buda,2026-08-01,2026-08-01,,2026,RV,New,745,33.9,11.06,gott,,21,8.24,93500,98500,false,,,9.74,Core,Core,0.5,0,,0,200832,772,Source One Financial Services,TX, caleb munoz,1,1,TX522,Core
245840,sbaker,35787.67,204,Booked,Blue Compass RV - San Antonio - TX572,Blue Compass,TX,San Antonio,2026-08-01,2026-08-03,2026-08-03,2027,RV,New,,30.91,2.29,gott,3404,3393,9.99,2500,2500,false,10,1,11.49,Core,Core,1.15,2147.26,6,0,31048.75,704,Source One Financial Services,TX, qyn loza,1,0,TX572,Core
245834,avera,74799.08,180,Decline,Hillman Motors and Marine - FL332,,FL,Winter Haven,2026-08-01,,,2025,Boat,New,,20.68,1.88,wstoutimore,,32,13.74,11200,11200,false,,,14.74,Silver 1,Silver 1,1.05,0,,0,71570,654,Source One Financial Services,NV, allen friedlander,0,0,FL332,Silver
245830,,16773.75,144,Auto Decline,SOUTHERN RV INC - GA128,,GA,MCDONOUGH,2026-08-01,,,2026,RV,New,,46.04,3.21,jsmith,,0,13.74,3500,3500,false,,,14.74,Silver 1,Silver 1,0.81,0,,0,20799,654,Source One Financial Services,GA,,0,0,GA128,Silver
245861,avera,92655,240,Decline,Cycle Springs Powersports - FL311,,FL,Clearwater,2026-08-01,,,2025,Boat,New,,21.15,2.2,wstoutimore,,8,13.74,5000,5000,false,,,14.74,Silver 1,Silver 1,1.06,0,,0,87378,654,Source One Financial Services,FL, jt beaty,0,0,FL311,Silver
245882,mnava,91947,240,Auto Approval,Bob Hurley RV OKCity - OK139,,OK,Oklahoma City,2026-08-01,2026-08-08,,2026,RV,New,,30.99,5.34,jweller,,10321,7.49,5000,5000,false,,,8.74,Core,Not Applicable,0.95,0,,0,96363,807,Connexus Credit Union,OK, michael day,1,1,OK139,Not Applicable
246026,lgrace,75302.73,240,Decline,Blue Compass RV - Tampa - FL301,Blue Compass,FL,Dover,2026-08-01,,,2024,RV,Used,,60.83,14.05,wstoutimore,,34,10.24,3000,14000,false,,,11.74,Core,Core,0.8,0,,0,94100,682,Source One Financial Services,FL, amber romero,0,0,FL301,Core
245883,sbaker,17913.31,120,Conditional Approval,"Ron Hoover Co of Boerne, Inc -TX246",Ron Hoover,TX,Boerne,2026-08-01,2026-08-01,,2026,RV,New,,16.42,3.12,gott,,87,10.99,2000,2000,false,,,10.99,Silver 1,Not Applicable,0.82,0,,0,21871.67,671,Connexus Credit Union,TX, jordan juarez,1,1,TX246,Not Applicable
246027,eavila,38509,180,Auto Approval,Smith RV - WY105,,WY,Evansville,2026-08-01,2026-08-06,,2026,RV,New,717,39.97,2.24,dzilberchtein,,7275,7.99,40000,55000,false,,,9.49,Core,Core,0.5,0,,0,77660,785,Source One Financial Services,SD,,1,1,WY105,Core
246045,mnava,26247.25,180,Auto Approval,Sun and Fun Inc - IA124,,IA,TIFFIN,2026-08-01,2026-08-04,,2025,RV,New,694,16.76,2.97,gcoulombe,,4388,9.99,1300,1300,false,,,11.49,Core,Core,0.87,0,,0,30296,715,Source One Financial Services,IA, michael cripps,1,1,IA124,Core
246004,,22616.52,216,Auto Decline,GEORGIA RV OUTLET LLC - GA107,,GA,CARTERSVILLE,2026-08-01,,,2020,RV,Used,,48.17,1.59,jsmith,,9,14.49,2200,2200,false,,,15.49,Silver 1,Silver 1,1.03,0,,0,21900,645,Source One Financial Services,GA, shawn deuber,0,0,GA107,Silver
246077,mnava,34002.36,180,Auto Approval,"Kunes RV of Frankfort, Inc. - IL262",KunesRV,IL,Fronkfort,2026-08-01,2026-08-05,,2019,RV,Used,,10.8,3.73,gcoulombe,,5509,10.49,5000,12000,false,,,11.99,Core,Core,0.89,0,,0,38100,754,Source One Financial Services,AR, mitchell horwitz,1,1,IL262,Core
245956,mlomedico,21967.4,168,Booked,Ashley Marine - Panama City -  FL255,,FL,Panama City,2026-08-01,2026-08-04,2026-08-04,2026,Boat,New,,17.85,5.06,wstoutimore,4511,4230,9.49,500,500,false,261,20,7.39,Core,Core,1.33,219.67,1,0,16490,742,Source One Financial Services,FL, amy silas,1,0,FL255,Core
246048,eavila,56506.35,204,Auto Approval,OWENSBORO RV - KY119,,KY,OWENSBORO,2026-08-01,2026-08-04,,2026,RV,New,641,28.09,4.27,jharrington1,,3939,12.49,5000,7500,false,,,13.49,Silver 1,Silver 1,1.19,0,,0,47335,676,Source One Financial Services,IN, scott stacy,1,1,KY119,Silver
245876,mlomedico,109499,180,Auto Approval,BRETZ RV & MARINE - MISSOULA - MT116,Bretz RV,MT,Missoula,2026-08-01,2026-08-05,,2023,RV,Used,776,4.71,1.09,dzilberchtein,,5711,11.24,50000,50000,true,,,13.24,Business First,Business First,0.62,0,,0,176300,,Source One Financial Services,MT, keyla vallejos,1,1,MT116,Business First
246011,sbaker,18171.62,144,Auto Approval,RGV RV SALES - TX569,,TX,Mission,2026-08-01,2026-08-01,,2026,RV,New,,28.9,1.58,gott,,32,7.99,0,0,false,,,9.49,Core,Core,1.04,0,,0,17451,782,Source One Financial Services,TX, aldo camarillo,1,1,TX569,Core
246101,rsimmons,28691.05,204,Booked,"RV COUNTRY ARIZONA, LLC - FLAGSTAFF -AZ332",RV Country,AZ,FLAGSTAFF,2026-08-01,2026-08-11,2026-08-13,2027,RV,New,729,32.39,1.91,edominguez,16978,13799,7.49,3000,3000,false,3176,3,6.99,Core,Core,0.97,286.91,1,0,29594.8,839,Source One Financial Services,AZ, kevin mccoy,1,0,AZ332,Core
245850,,45748,180,Auto Decline,Fretz RV -PA126,,PA,Souderton,2026-08-01,,,2023,RV,Used,,14.06,14.06,jharrington1,,0,22.99,61000,61000,false,,,23.99,Bronze,Bronze,0.46,0,,0,99187,,Source One Financial Services,PA,,0,0,PA126,Business First
245944,eavila,23752.93,180,Booked,Dranttel Sales and Service -MN511,,MN,St. Peter,2026-08-01,2026-08-07,2026-08-12,2020,Boat,Used,,45.77,4.06,dzilberchtein,16045,8764,10.24,6600,6600,false,7258,23,11.24,Core,Core,1.12,950.12,4,0,21135,726,Source One Financial Services,MN,,1,0,MN511,Core
245893,eavila,121409.64,240,Decline,BISHS RV - MERIDIAN - ID110,Bish's RV,ID,MERIDIAN,2026-08-01,,,2023,RV,Used,704,55.34,9.05,ljablonoski,,22,9.99,1000,13335,false,,,11.49,Core,Core,1.12,0,,0,108255,708,Source One Financial Services,ID, brandon rountree,0,0,ID110,Core
246065,mnava,14595,120,Auto Approval,Blue Compass RV - North Myrtle Beach - SC137,Blue Compass,SC,North Myrtle Beach,2026-08-01,2026-08-03,,2013,RV,Used,,38.02,5.16,jsmith,,2457,11.24,800,800,false,,,12.74,Core,Core,1.1,0,,0,13250,737,Source One Financial Services,SC, adam dix,1,1,SC137,Core
246069,mnava,20634,180,Auto Approval,RANGE RV - SCA118,,CA,HESPERIA,2026-08-01,2026-08-11,,2025,RV,New,800,27.22,1.32,jrubi,,14425,7.49,7000,7000,false,,,8.99,Core,Core,0.68,0,,0,30458,819,Source One Financial Services,CA,,1,1,SCA118,Core
245907,mlomedico,70367.54,240,Decline,AC Nelsen RV World - NE103,,NE,Omaha,2026-08-01,,,2027,RV,New,654,20.94,3.43,dzilberchtein,,5,22.99,500,500,false,,,23.99,Core,Core,0.91,0,,0,77541,680,Source One Financial Services,NE, rian white,0,0,NE103,Core
245897,ahunt,33143.7,180,Booked,STOKLEYS MARINE - KY120,,KY,NICHOLASVILLE,2026-08-01,2026-08-06,2026-08-10,2026,Boat,New,,30.24,5.04,jharrington1,13144,7360,7.49,0,0,false,5784,0,8.99,Core,Core,1.07,1988.62,6,0,31020,862,Source One Financial Services,KY, erin tuttle,1,0,KY120,Core
246006,mlomedico,25948.36,144,Approved,Fun Town RV - Cleburne -TX108,Fun Town,TX,Cleburne,2026-08-01,2026-08-01,,2022,RV,Used,,44.43,2.37,S1House,,83,11.99,2700,2700,false,,,12.24,Silver 1,Not Applicable,0.81,0,,0,32000,678,Connexus Credit Union,TX, brenden boggs,1,1,TX108,Not Applicable
245904,lgrace,19222.89,144,Auto Approval,Boaters World - Lake Placid - FL349,,FL,Lake Placid,2026-08-01,2026-08-04,,2018,Boat,Used,,27.49,4.04,wstoutimore,,4100,14.99,2000,2000,false,,,15.99,Silver 1,Silver 1,0.87,0,,0,22065,654,Source One Financial Services,FL, sarah ward,1,1,FL349,Silver
245828,sbaker,125804.55,240,Decline,SOUTHLAND RV - GA137,,GA,RICHMOND HILL,2026-08-01,,,2024,RV,Used,,47.4,8.63,jsmith,,31,9.99,5000,5090,false,,,11.49,Core,Core,0.94,0,,0,133485,710,Source One Financial Services,AL, colton hatch,0,0,GA137,Core
246030,ccampos,21633.04,144,Booked,"Campers Inn RV of South Louisville, Inc. - KY147",Campers Inn,KY,Lebanon Junction,2026-08-01,2026-08-11,2026-08-12,2018,RV,Used,,32.87,3.66,jharrington1,15822,14624,9.74,3000,3000,false,225,973,11.24,Core,Core,1.34,1297.98,6,0,16100,772,Source One Financial Services,KY, david williams,1,0,KY147,Core
245950,mlomedico,17700,144,Decline,Wilder RV -MO108,,MO,Clinton,2026-08-01,,,2017,RV,Used,,9.19,7.47,jweller,,4,10.99,0,0,false,,,12.49,Core,Core,0.97,0,,0,18200,701,Source One Financial Services,MO, clinton bales,0,0,MO108,Core
245829,avera,218701.16,180,Decline,OPTIMUM RV OCALA - FL162,Optimum RV,FL,OCALA,2026-08-01,,,2021,RV,Used,665,29.88,6,pcarter,,90,10.74,55000,60306,false,,,11.74,Core,Core,1.1,0,,0,199550,696,Source One Financial Services,RI, quincey lindsey,0,0,FL162,Core
245860,mlomedico,49269.6,180,Auto Approval,Royal RV & Auto Center Inc - IN203,,IN,Middleberry,2026-08-01,2026-08-01,,2024,RV,Used,,39.78,6.45,jharrington1,,20,7.99,20000,20000,false,,,9.49,Core,Core,0.76,0,,0,64600,783,Source One Financial Services,CA, terry lapierre,1,1,IN203,Core
246097,sbaker,22384,144,Decline,Midway Auto & RV - Billings - MT107,,MT,Billings,2026-08-01,,,2020,Boat,Used,,43.51,3.45,dzilberchtein,,5151,10.74,5000,5000,false,,,12.24,Core,Core,0.83,0,,0,26900,690,Source One Financial Services,MT,,0,0,MT107,Core
245877,lgrace,20580.72,180,Auto Approval,Top Notch RV LLC - NC149,,NC,Benson,2026-08-01,2026-08-06,,2024,RV,Used,,17.67,2.92,jsmith,,7190,10.49,0,0,false,,,11.99,Core,Core,0.91,0,,0,22500,754,Source One Financial Services,NC, david hall,1,1,NC149,Core
245888,eavila,112429,240,Decline,La Mesa RV Center - San Diego - SCA161,La Mesa,CA,San Diego,2026-08-01,,,2026,RV,New,,45.85,15.33,jrubi,,22,9.49,7000,7000,false,,,10.99,Core,Core,0.88,0,,0,127671,743,Source One Financial Services,CA, sam gammo,0,0,SCA161,Core
245974,eavila,42948,180,Approved,"Holman Motors, Inc. -OH111",,OH,Batavia,2026-08-01,2026-08-01,,2022,RV,Used,667,25.72,3.73,jharrington1,,38,9.99,0,0,false,,,11.49,Core,Core,0.99,0,,0,43300,756,Source One Financial Services,KY,,1,1,OH111,Core
246096,jrubi,23375.5,144,Approved,VENTURA RV CONNECTION - SCA116,,CA,OXNARD,2026-08-01,2026-08-01,,2026,RV,New,,50.11,3.01,jrubi,,18,9.99,1400,1400,false,,,11.49,Core,Core,1.18,0,,0,19797,711,Source One Financial Services,CA,,1,1,SCA116,Core
246063,mnava,21698.85,120,Decline,Ron Hoover RV & Marine - Oklahoma City - OK155,,OK,Oklahoma City,2026-08-01,,,2019,RV,Used,,43.05,4.55,jweller,,16,13.74,2500,2500,false,,,14.74,Silver 1,Silver 1,1.25,0,,0,17350,675,Source One Financial Services,OK, schyler dayton,0,0,OK155,Silver
246064,mlomedico,56612.76,240,Decline,OPTIMUM RV PHILADELPHIA - PA106,Optimum RV,PA,POTTSTOWN,2026-08-01,,,2021,RV,Used,,42.83,18.7,jharrington1,,36,22.99,2500,11098.46,false,,,23.99,Core,Core,1.11,0,,0,51005,690,Source One Financial Services,PA, eric jones,0,0,PA106,Core
245821,sbaker,30800,180,Decline,Jims Motors Trailers - MO174,,MO,Cuba,2026-08-01,,,2025,RV,New,761,59.47,3.66,jweller,,41,13.74,0,8200,false,,,14.74,Silver 1,Silver 1,0.91,0,,0,33995,653,Source One Financial Services,KS, scott cape,0,0,MO174,Silver
246052,ahunt,25859.87,180,Conditional Approval,Petes RV Center - Schererville - IN114,Pete's RV,IN,Schererville,2026-08-01,2026-08-01,,2026,RV,New,,32.59,3.37,jharrington1,,80,9.99,1254,1254,false,,,11.49,Core,Core,0.99,0,,0,26172,717,Source One Financial Services,IN, luis castresana,1,1,IN114,Core
246020,,24498.2,144,Auto Decline,Magic Touch Inc - NCA143,,CA,Tulare,2026-08-01,,,2026,RV,New,,39.35,10.72,jrubi,,0,22.99,5000,5000,false,,,23.99,Bronze,Bronze,0.87,0,,0,28269,605,Source One Financial Services,CA,,0,0,NCA143,Business First
246068,mlomedico,41514.75,144,Booked,Southaven RV & Marine - MS115,,MS,Southaven,2026-08-01,2026-08-03,2026-08-04,2016,RV,Used,,32.24,4.47,jsmith,4318,3024,10.49,4000,4000,false,1294,0,11.99,Core,Core,0.87,2490.88,6,0,47742,746,Source One Financial Services,MS, valerie thomas,1,0,MS115,Core
246049,mlomedico,30257.64,204,Booked,Setzer's World of Camping Inc - WV106,,WV,Huntington,2026-08-01,2026-08-04,2026-08-07,2024,RV,Used,659,42.55,2.73,jharrington1,8689,3981,10.24,2640,2640,false,4698,10,11.74,Core,Core,1.02,1815.46,6,0,29750,688,Source One Financial Services,WV, eric collinsworth,1,0,WV106,Core
245843,,113403.4,240,Auto Decline,Keystone RV Center  - PA110,Pete's RV,PA,Greencastle,2026-08-01,,,2025,RV,New,558,39.3,12.96,jharrington1,,0,22.99,3000,-22700,false,,,23.99,Bronze,Bronze,1.09,0,,0,104300,559,Source One Financial Services,MD,,0,0,PA110,Business First
245819,sdelarosa,57416.63,204,Conditional Approval,Jacksonville Marine Inc - FL103,,FL,Fleming Island,2026-08-01,2026-08-01,,2027,Boat,New,,26.22,3.61,pcarter,,76,9.99,5000,5000,false,,,11.49,Core,Core,1.23,0,,0,46664,719,Source One Financial Services,FL, ben fontaine,1,1,FL103,Core
245846,lgrace,38783.95,180,Booked,"Thatcher RV Sales, Inc. -IN123",,IN,Center Point,2026-08-01,2026-08-07,2026-08-07,2017,RV,Used,,29.26,8.35,jharrington1,9099,9078,10.99,4000,4000,false,18,3,11.99,Core,Core,1.11,1551.36,4,0,34900,717,Source One Financial Services,IN, regina/doug tucker,1,0,IN123,Core
245823,lgrace,19903.49,144,Decline,Fretz RV -PA126,,PA,Souderton,2026-08-01,,,2026,RV,New,,13.75,2.14,jharrington1,,3,9.99,2000,2000,false,,,11.49,Core,Core,1.14,0,,0,17445,715,Source One Financial Services,NY, tony eidle,0,0,PA126,Core
245963,mlomedico,25987.74,180,Approved,A and L RV Sales - Columbia -TN142,,TN,Columbia,2026-08-01,2026-08-01,,2024,RV,Used,,24.83,2.47,jsmith,,4,9.49,5000,5000,false,,,10.99,Core,Core,0.73,0,,0,35400,747,Source One Financial Services,TN, gary smith,1,1,TN142,Core
245920,mlomedico,35614.84,180,Decline,Century Auto/RV -TX344,,TX,AMARILLO,2026-08-01,,,2019,RV,Used,,26.65,18.25,gott,,4,10.99,4500,4500,false,,,12.49,Core,Core,1.27,0,,0,27950,703,Source One Financial Services,TX,,0,0,TX344,Core
245986,sbaker,63069.74,240,Decline,FUN TOWN RV CORSICANA LP- TX451,Fun Town,TX,CORSICANA,2026-08-01,,,2026,RV,New,649,40.37,7.46,gott,,57,10.24,6500,6500,false,,,11.74,Core,Core,0.93,0,,0,67656,690,Source One Financial Services,TX, brenden boggs,0,0,TX451,Core
245966,lgrace,27542.5,144,Decline,CAMPERS INN RV OF CONWAY - SC111,Campers Inn,SC,CONWAY,2026-08-01,,,2023,RV,Used,618,54.26,5.71,jsmith,,39,9.24,2500,2500,false,,,10.74,Core,Core,0.79,0,,0,34925,773,Source One Financial Services,WV, mike napier,0,0,SC111,Core
245929,lgrace,35729.48,216,Auto Approval,Blue Compass RV - Bakersfield - Sales - NCA145,Blue Compass,CA,Bakersfield,2026-08-01,2026-08-01,,2016,RV,Used,661,22.95,6.44,jrubi,,25,10.99,20000,20000,false,,,12.49,Core,Core,0.68,0,,0,52316,705,Source One Financial Services,CA, matthew siemens,1,1,NCA145,Core
245957,sbaker,46882.08,180,Auto Approval,Fun Town RV- Waco-TX212,Fun Town,TX,Hewitt,2026-08-01,2026-08-01,,2026,RV,New,742,36.63,2.51,gott,,123,7.99,16825,1.19,false,,,9.49,Core,Core,1.03,0,,0,45562,783,Source One Financial Services,TX, eric cuffee,1,1,TX212,Core
245887,lgrace,76276,240,Decline,Meyer's RV Sales - Ellwood City - PA147,,PA,Ellwood City,2026-08-01,,,2025,RV,Used,,47.08,13.61,jharrington1,,20,9.99,15000,15000,false,,,11.49,Core,Core,0.74,0,,0,102450,716,Source One Financial Services,PA, scott nail,0,0,PA147,Core
245868,mnava,12654.78,144,Decline,SMITH MOTOR CO OF HATTIESBURG INC - MS107,,MS,HATTIESBURG,2026-08-01,,,2026,Boat,New,,43.43,1.13,jsmith,,33,13.74,12000,12000,false,,,14.74,Silver 1,Silver 1,1.2,0,,0,10504.81,659,Source One Financial Services,MS, lisa hartfield,0,0,MS107,Silver
245811,sdelarosa,32503.12,180,Decline,Willis and Co RV - TX566,Easy Care,TX,Granbury,2026-08-01,,,2026,RV,New,580,35.81,1.31,gott,,96,9.74,3000,3000,false,,,11.24,Core,Core,1.14,0,,0,28476,739,Source One Financial Services,TX, bradley taylor,0,0,TX566,Core
245926,,27965.68,180,Auto Decline,SANTA ROSA RV SALES - NCA113,,CA,SANTA ROSA,2026-08-01,,,2026,RV,New,594,18.17,2.85,jrubi,,0,14.99,25000,25000,false,,,15.99,Silver 2,Silver 2,0.66,0,,0,42435,628,Source One Financial Services,CA,,0,0,NCA113,Silver
246042,sbaker,43750.29,180,Approved,Gil Cherry Family RV Center LLC -TX130,,TX,Sweetwater,2026-08-01,2026-08-03,,2027,RV,New,,22.06,2.46,gott,,2636,9.99,4500,4500,false,,,11.49,Core,Core,0.89,0,,0,49217,701,Source One Financial Services,TX, brad walker,1,1,TX130,Core
245915,mlomedico,38493.54,180,Booked,MILLERS MARINE - FL178,,FL,OCALA,2026-08-01,2026-08-01,2026-08-02,2026,Boat,New,,32.92,5.91,pcarter,1372,180,9.74,2800,4400,false,1191,1,11.24,Core,Core,1.35,2309.61,6,0,28528.87,721,Source One Financial Services,FL, johnmichael zayas,1,0,FL178,Core
245979,sbaker,79577.08,240,Auto Approval,T and S RV and SPORT LLC -TX377,,TX,NAVASOTA,2026-08-01,2026-08-01,,2026,RV,New,,22.92,7.05,gott,,26,7.24,7000,9180.5,false,,,8.74,Core,Core,1.25,0,,0,63780,816,Source One Financial Services,TX, anthony wiese,1,1,TX377,Core
246072,mnava,13112.78,180,Decline,BLUE COMPASS RV - SOUTH HOUSTON  - TX421,Blue Compass,TX,Alvin,2026-08-01,,,2026,RV,New,647,9.7,1.22,gott,,32,13.74,0,0,false,,,14.74,Silver 1,Silver 1,0.84,0,,0,15552,655,Source One Financial Services,TX, frank carranza,0,0,TX421,Silver
246084,mlomedico,60789.75,144,Conditional Approval,Ketelsen RV - IA121,,IA,Hiawatha,2026-08-01,2026-08-03,,2019,RV,Used,,25.48,5.47,gcoulombe,,2414,11.99,15700,17500,false,,,12.49,Core,Not Applicable,1,0,,0,60800,682,Connexus Credit Union,IA, brandon skaggs,1,1,IA121,Not Applicable
245892,avera,32391.49,180,Auto Approval,PPL MOTORHOMES - SUMMERFIELD - FL194,,FL,SUMMERFIELD,2026-08-01,2026-08-01,,2015,RV,Used,712,27.49,2.51,pcarter,,86,10.99,4000,4000,false,,,12.49,Core,Core,0.99,0,,0,32804,719,Source One Financial Services,FL, connor cockfield,1,1,FL194,Core
245866,mnava,57647.59,216,Decline,Nice Campers.com-AR129,,AR,Russellville,2026-08-01,,,2026,RV,New,,53.59,15.31,jweller,,12,10.24,3000,3008,false,,,11.74,Core,Core,1.53,0,,0,37709,690,Source One Financial Services,AR, mike dolente,0,0,AR129,Core
246014,eavila,45018,180,Auto Approval,Tulsa RV Outlet Center - OK108,,OK,TULSA,2026-08-01,2026-08-03,,2022,RV,Used,,18.14,5.57,jweller,,2646,10.99,4000,4000,false,,,12.49,Core,Core,0.69,0,,0,64950,718,Source One Financial Services,MO, david digiovanni,1,1,OK108,Core
245873,,16978.58,168,Auto Decline,Thomas RV and Auto Sales - AR118,,AR,Searcy,2026-08-01,,,2017,RV,Used,,50.01,6.16,jweller,,0,22.99,2000,2000,false,,,23.99,Bronze,Bronze,2.12,0,,0,8000,610,Source One Financial Services,AR,,0,0,AR118,Business First
245898,mlomedico,158940.98,240,Decline,Sunrise Marine - FL145,OneWater ,FL,Mary Esther,2026-08-01,,,2026,Boat,New,,47.66,15.5,wstoutimore,,19,10.24,30000,30200,false,,,11.74,Core,Core,1.33,0,,0,119514,695,Source One Financial Services,FL, chad willis,0,0,FL145,Core
246015,eavila,56072,180,Auto Approval,Fourwinds RV - IL181,,IL,Maroa,2026-08-01,2026-08-07,,2024,RV,Used,,14.65,4.35,gcoulombe,,8425,7.24,0,13700,false,,,8.24,Silver 1,Not Applicable,0.78,0,,0,71650,669,Ideal Credit Union,IL, jessica hornickel,1,1,IL181,Not Applicable
245813,sdelarosa,65416.24,240,Approved,ANGLERS CHOICE - MARTINSVILLE - VA100,,VA,MARTINSVILLE,2026-08-01,2026-08-01,,2026,Boat,New,759,29.9,7.37,jsmith,,25,9.99,0,8785,false,,,11.49,Core,Core,1.22,0,,0,53586,705,Source One Financial Services,VA, brian shuler,1,1,VA100,Core
245874,mlomedico,31498,180,Decline,UNLIMITED RV - MO192,,MO,INDEPENDENCE,2026-08-01,,,2015,RV,Used,,15.82,7.01,jweller,,18,13.74,4000,4000,false,,,14.74,Silver 1,Silver 1,1.45,0,,0,21780,672,Source One Financial Services,MO, nate donaldson,0,0,MO192,Silver
245864,avera,14765.9,168,Auto Approval,Chesaco RV - Hamburg - PA142,,PA,Hamburg,2026-08-01,2026-08-13,,2021,RV,Used,712,33.31,1.83,jharrington1,,17648,7.99,500,500,false,,,9.49,Core,Core,1.17,0,,0,12650,804,Source One Financial Services,PA, dave conard,1,1,PA142,Core
245991,eavila,35391,180,Decline,Tulsa RV Outlet Center - OK108,,OK,TULSA,2026-08-01,,,2018,RV,Used,,28.92,8.2,jweller,,30,13.74,4000,4000,false,,,14.74,Silver 1,Not Applicable,0.94,0,,0,37750,675,Connexus Credit Union,OK, david digiovanni,0,0,OK108,Not Applicable
246032,sbaker,69816.11,240,Auto Approval,RGV RV SALES - TX569,,TX,Mission,2026-08-01,2026-08-01,,2027,RV,New,716,20.94,2.52,gott,,36,7.49,7120,7120,false,,,8.99,Core,Core,0.93,0,,0,75229,837,Source One Financial Services,TX, aldo camarillo,1,1,TX569,Core
245967,mnava,31368,204,Booked,Rocky Ridge RV of Van Buren - AR115,Rocky Ridge,AR,Van Buren,2026-08-01,2026-08-06,2026-08-13,2026,RV,New,741,18.78,2.57,jweller,17533,7441,7.49,0,0,false,73,10019,9.24,Core,Core,1.13,2195.76,7,0,27832,840,Source One Financial Services,AR,,1,0,AR115,Core
245933,,51677.01,180,Auto Decline,Blue Compass RV - Macon - GA157,Blue Compass,GA,Byron,2026-08-01,,,2026,RV,New,527,34.17,7.82,jsmith,,0,22.99,0,11900,false,,,23.99,Bronze,Bronze,1.14,0,,0,45207,616,Source One Financial Services,GA,,0,0,GA157,Business First
245960,jrubi,15000,216,Approved,SANTA PAULA RV - SCA173,,CA,Santa Paula,2026-08-01,2026-08-01,,2018,RV,Used,,20.01,1.01,jrubi,,11,8.99,5942,5942,false,,,10.49,Core,Core,0.9,0,,0,16750,793,Source One Financial Services,AZ,,1,1,SCA173,Core
246082,mlomedico,36217.75,144,Booked,RANGE RV - SCA118,,CA,HESPERIA,2026-08-01,2026-08-05,2026-08-10,2025,RV,New,,32.1,4.44,jrubi,13066,5864,12.99,5000,5000,false,91,7111,13.99,Silver 1,Silver 1,0.84,1448.71,4,0,43210,656,Source One Financial Services,CA,,1,0,SCA118,Silver
245965,mlomedico,16924,144,Decline,Moix RV - McGaugh Outpost - AR136,,AR,Springdale,2026-08-01,,,2024,RV,Used,613,54,3.62,jweller,,4081,10.24,3200,3200,false,,,11.74,Core,Core,0.68,0,,0,24850,684,Source One Financial Services,AR, bobby wood,0,0,AR136,Core
246053,ahunt,32091.39,180,Auto Approval,AC Nelsen RV World - NE103,,NE,Omaha,2026-08-01,2026-08-05,,2027,RV,New,,36.28,3.02,dzilberchtein,,5935,8.74,500,500,false,,,10.24,Core,Core,0.91,0,,0,35419,773,Source One Financial Services,NE, rian white,1,1,NE103,Core
246093,eavila,12600,120,Approved,PALMETTO BOAT CENTER INC - SC101,,SC,PIEDMONT,2026-08-01,2026-08-01,,2023,Boat,Used,,23.85,1.49,jsmith,,9,7.99,1400,1400,false,,,9.49,Core,Core,0.96,0,,0,13101,824,Source One Financial Services,SC, zach whitehead,1,1,SC101,Core
246024,lgrace,22386.27,204,Auto Approval,BLUE COMPASS RV INDIANAPOLIS-IN206,Blue Compass,IN,INDIANAPOLIS,2026-08-01,2026-08-01,,2014,RV,Used,,33.75,4.38,jharrington1,,32,8.99,5000,5000,false,,,10.49,Core,Core,0.87,0,,0,25850,869,Source One Financial Services,IN, ron hamilton,1,1,IN206,Core
245896,sbaker,25696.2,180,Approved,Andalusia Marine & Powersports - AL173,RDS,AL,Andalusia,2026-08-01,2026-08-01,,2027,Boat,New,,30.92,4.68,jsmith,,29,8.74,15000,15000,false,,,10.24,Core,Core,0.71,0,,0,36320,771,Source One Financial Services,AL, andy krier,1,1,AL173,Core
245909,ahunt,29535,180,Auto Approval,Bradford Marine & ATV-North Little Rock-AR141,Bradford Marine,AR,N. Little Rock,2026-08-01,2026-08-05,,2026,Boat,New,,24.16,5.15,jweller,,6170,7.49,2000,2000,false,,,8.99,Core,Core,1.13,0,,0,26079,826,Source One Financial Services,AR, robby voss,1,1,AR141,Core
245936,eavila,10476.49,144,Conditional Approval,Blue Compass RV - Avondale - AZ360,Blue Compass,AZ,Avondale,2026-08-01,2026-08-01,,2021,RV,Used,684,40.86,1.4,edominguez,,15,10.74,500,500,false,,,12.24,Core,Core,0.86,0,,0,12155,686,Source One Financial Services,AZ, joshua sargent,1,1,AZ360,Core
246121,avera,22223.34,144,Pending,Pete's RV Center - Maine - ME115,Pete's RV,ME,Saco,2026-08-02,2026-08-13,,2018,RV,Used,,48.98,5.82,gcoulombe,,15620,8.24,2850,2850,false,,,9.24,Core,Not Applicable,1.16,0,,0,19150,749,Connexus Credit Union,ME, matt palmer,0,0,ME115,Not Applicable
246124,hhisek,52334.15,240,Decline,Fun Town RV - Cleburne -TX108,Fun Town,TX,Cleburne,2026-08-02,,,2026,RV,New,,43.42,7.94,S1House,,990,12.49,20000,20000,false,,,13.49,Silver 1,Silver 1,0.68,0,,0,77270,679,Source One Financial Services,TX, jonathan riley,0,0,TX108,Silver
246114,jrubi,67622,180,Auto Approval,MY RV SD - SCA112,,CA,EL CAJON,2026-08-02,2026-08-06,,2026,RV,New,,40.67,12.57,jrubi,,5729,10.24,6800,6800,false,,,11.74,Core,Core,0.86,0,,0,78364,696,Source One Financial Services,CA,,1,1,SCA112,Core
246122,lgrace,20726.51,180,Approved,General RV - Richmond - VA117,General RV,VA,Ashland,2026-08-02,2026-08-02,,2021,RV,Used,,36.46,2.78,jsmith,,64,10.49,2500,2500,false,,,11.99,Core,Core,1.1,0,,0,18850,719,Source One Financial Services,VA, colby hall,1,1,VA117,Core
246111,hhisek,14097.18,120,Approved,Fun Town RV- Waco-TX212,Fun Town,TX,Hewitt,2026-08-02,2026-08-03,,2027,RV,New,,36.97,2.62,gott,,1148,9.99,4000,4000,false,,,11.49,Core,Core,0.67,0,,0,21174,708,Source One Financial Services,TX, tyler witt,1,1,TX212,Core
246131,hhisek,25498.44,180,Decline,Worldwide RV -AZ217,,AZ,MESA,2026-08-02,,,2022,RV,Used,,5.12,4.46,edominguez,,962,10.24,3500,3500,false,,,11.74,Core,Core,1.1,0,,0,23200,725,Source One Financial Services,AZ, steve skadra,0,0,AZ217,Core
246106,lgrace,96944,240,Auto Approval,Pierce RV & Marine - Billings -  MT110,Easy Care,MT,Billings,2026-08-02,2026-08-02,,2026,RV,New,,35.14,8.12,dzilberchtein,,24,9.49,5000,5000,false,,,10.99,Core,Core,0.88,0,,0,110628,715,Source One Financial Services,MT, bradley taylor,1,1,MT110,Core
246132,sdelarosa,99021.26,240,Approved,General RV - Tampa - FL238,General RV,FL,Dover,2026-08-02,2026-08-03,,2026,RV,New,,31.3,11.21,wstoutimore,,941,7.49,40000,40361.52,false,,,8.74,Core,Not Applicable,0.88,0,,0,112540,831,Connexus Credit Union,FL, sofiane yahiaoui,1,1,FL238,Not Applicable
246107,hhisek,36597.79,180,Conditional Approval,Rock Solid Funding LLC - TX536,RSF,TX,BEDFORD,2026-08-02,2026-08-03,,2022,RV,Used,803,22.12,2.21,S1House,,1360,7.99,2500,2500,false,,,9.49,Core,Core,1.24,0,,0,29550,853,Source One Financial Services,OH, alicia mondragon,1,1,TX536,Core
246108,lgrace,87017.88,240,Approved,Fun Town RV - Cleburne -TX108,Fun Town,TX,Cleburne,2026-08-02,2026-08-03,,2026,RV,New,757,27.72,4.82,S1House,,1252,7.24,15000,15920.41,false,,,8.74,Core,Core,1.15,0,,0,75843,808,Source One Financial Services,TX, jonathan riley,1,1,TX108,Core
246112,,13314.07,180,Auto Decline,Blue Compass RV - Charlotte - NC153,Blue Compass,NC,Concord,2026-08-02,,,2025,RV,Used,,25.8,3.5,jsmith,,0,22.99,0,15445,false,,,23.99,Bronze,Bronze,0.42,0,,0,31450,536,Source One Financial Services,NC,,0,0,NC153,Business First
246116,rsimmons,18447.5,180,Decline,Blue Compass RV - Albuquerque - NM112,Blue Compass,NM,Albuquerque,2026-08-02,,,2025,RV,Used,,46.16,1.62,edominguez,,1132,9.99,2000,2000,false,,,11.49,Core,Core,1,0,,0,18500,717,Source One Financial Services,CA, scott rodriguez,0,0,NM112,Core
246118,jrubi,47585.58,180,Decline,Sky River RV - Paso Robles - SCA146,SkyRiver,CA,Paso Robles,2026-08-02,,,2027,RV,New,,56.23,7.88,jrubi,,1180,9.99,4500,4500,false,,,11.49,Core,Not Applicable,1.24,0,,0,38305,707,Connexus Credit Union,CA, andy shellcross,0,0,SCA146,Not Applicable
246125,lgrace,16616.97,144,Booked,Alabama Campers Tuscaloosa-AL161,,AL,Tuscaloosa,2026-08-02,2026-08-06,2026-08-06,2021,RV,Used,,49.77,4.31,jsmith,5820,5365,10.24,1200,1200,false,455,0,11.74,Core,Core,1,997.02,6,0,16600,726,Source One Financial Services,AL, anne huntsinger,1,0,AL161,Core
246105,,30515,144,Auto Decline,Intercoastal Financial Group LLC - 17401746,IFG,FL,Vero Beach,2026-08-02,,,2007,Boat,Used,,93.03,7.52,S1House,,0,15.99,1000,1000,false,,,16.99,Silver 1,Silver 1,0.12,0,,0,250000,646,Source One Financial Services,KY,,0,0,17401746,Silver
246115,avera,53383.46,216,Booked,Fun Town RV - Cleburne -TX108,Fun Town,TX,Cleburne,2026-08-02,2026-08-10,2026-08-10,2020,RV,Used,687,25.57,3.8,S1House,11758,11457,10.24,0,6483.86,false,299,2,10.49,Core,Core,1.21,533.83,1,0,44200,725,Source One Financial Services,TX, jonathan riley,1,0,TX108,Core
246110,avera,107756.63,240,Approved,CAMPERS INN OF KINGSTON - NH100,Campers Inn,NH,KINGSTON,2026-08-02,2026-08-03,,2026,RV,New,,28.58,6.07,gcoulombe,,1385,7.74,20000,20500,false,,,8.74,Core,Not Applicable,1.01,0,,0,106791,734,Connexus Credit Union,ME, kenneth unger,1,1,NH100,Not Applicable
246128,rsimmons,13430.05,180,Auto Approval,"RV COUNTRY ARIZONA, LLC - FLAGSTAFF -AZ332",RV Country,AZ,FLAGSTAFF,2026-08-02,2026-08-12,,2022,RV,Used,,28.82,1.92,edominguez,,14201,10.24,13500,13500,false,,,11.74,Core,Core,0.74,0,,0,18060,726,Source One Financial Services,AZ, derek burdine,1,1,AZ332,Core
246109,lgrace,199485.88,240,Decline,Intercoastal Financial Group LLC - 17401746,IFG,FL,Vero Beach,2026-08-02,,,2026,Boat,Used,,31.77,5.56,S1House,,1133,12.49,125000,240400,false,,,13.49,Silver 1,Silver 1,0.67,0,,0,297000,671,Source One Financial Services,TX, tim kratz,0,0,17401746,Silver
246129,,70074.84,240,Auto Decline,Pete's RV Center - Maine - ME115,Pete's RV,ME,Saco,2026-08-02,,,2026,RV,New,613,71.13,10.89,gcoulombe,,0,14.99,8900,10211,false,,,15.99,Silver 2,Silver 2,0.93,0,,0,75620.5,624,Source One Financial Services,ME,,0,0,ME115,Silver
246127,lgrace,46851.92,180,Decline,MCLAUGHLINS RV and MARINE -ND112,,ND,FARGO,2026-08-02,,,2026,Boat,New,,66.18,9.69,dzilberchtein,,867,10.24,0,5500,false,,,11.74,Core,Core,1.27,0,,0,37000,697,Source One Financial Services,NE, nate thompson,0,0,ND112,Core
246130,sbaker,149903.98,240,Conditional Approval,RV COUNTRY HOLDING CO - NV102,RV Country,NV,SPARKS,2026-08-02,2026-08-03,,2018,RV,Used,703,33.65,9.06,ljablonoski,,1233,8.24,86600,86600,false,,,9.24,Core,Not Applicable,0.68,0,,0,222000,728,Connexus Credit Union,OR, mike ransohoff,1,1,NV102,Not Applicable
246126,hhisek,66145.87,240,Decline,OPTIMUM RV TX LLC - Robstown - TX481,Optimum RV,TX,ROBSTOWN,2026-08-02,,,2026,RV,New,,29.07,14.68,gott,,1409,22.99,0,8000,false,,,23.99,Core,Core,1.18,0,,0,56035,700,Source One Financial Services,TX, nicholas cicala,0,0,TX481,Core
246120,,10807.2,120,Auto Decline,Uwharrie RV  (740 Motors) - NC125,,NC,Albemarle,2026-08-02,,,2019,RV,Used,579,17.3,2.15,jsmith,,0,13.74,5000,5000,false,,,14.74,Silver 1,Silver 1,1.29,0,,0,8400,671,Source One Financial Services,NC,,0,0,NC125,Silver
246117,lgrace,73068.85,240,Decline,"Vantage Recreational Finance, Inc. -FL291",VRF,FL,FORT LAUDERDALE,2026-08-02,,,2026,RV,Used,,27.27,11.92,S1House,,976,13.74,10000,10000,false,,,14.74,Silver 1,Silver 1,0.75,0,,0,97157,644,Source One Financial Services,FL, joe lary,0,0,FL291,Silver
246119,avera,7969.92,72,Conditional Approval,Chesaco RV - Hamburg - PA142,,PA,Hamburg,2026-08-02,2026-08-03,,2026,RV,New,,31.16,1.14,jharrington1,,1036,8.49,0,10000,false,,,8.99,Core,Core,0.55,0,,0,14594,783,Source One Financial Services,PA, dave conard,1,1,PA142,Core
246113,avera,21424.57,180,Decline,Blue Compass RV - Charlotte - NC153,Blue Compass,NC,Concord,2026-08-02,,,2021,RV,Used,544,37.25,4.88,jsmith,,1083,14.49,500,500,false,,,15.49,Silver 1,Silver 1,0.67,0,,0,31845,653,Source One Financial Services,AL, alex kottenstette,0,0,NC153,Silver
246123,lgrace,19592.77,144,Booked,Uwharrie RV  (740 Motors) - NC125,,NC,Albemarle,2026-08-02,2026-08-07,2026-08-07,2026,RV,New,,24.04,4.23,jsmith,7185,7071,8.74,3751.92,4003.84,false,113,1,10.24,Core,Core,1.28,1175.57,6,0,15331.6,770,Source One Financial Services,NC, marko stamatovich,1,0,NC125,Core
246296,mnava,13736.85,120,Booked,Razorback Camper Sales-AR130,,AR,Hot Springs,2026-08-03,2026-08-04,2026-08-07,2019,RV,Used,,24.03,3.3,jweller,5540,1607,11.49,1500,1500,false,3927,6,11.99,Core,Not Applicable,1.06,274.74,2,0,12900,688,Connexus Credit Union,AR, doug johnson,1,0,AR130,Not Applicable
246430,hhisek,212051.24,240,Decline,General RV-Wayland -MI339,General RV,MI,MOUNT VERNON,2026-08-03,,,2019,RV,Used,585,52.48,11.09,dzilberchtein,,2,11.24,25000,41000,false,,,12.74,Core,Core,0.83,0,,0,256025,699,Source One Financial Services,MI, sofiane yahiaoui,0,0,MI339,Core
246327,ccampos,19865.69,144,Auto Approval,Uwharrie RV  (740 Motors) - NC125,,NC,Albemarle,2026-08-03,2026-08-03,,2025,RV,New,734,5.97,4.26,jsmith,,33,8.74,0,0,false,,,10.24,Core,Core,1.13,0,,0,17650,765,Source One Financial Services,FL, brian bailey,1,1,NC125,Core
246154,hhisek,47847.75,204,Contract Received,Bama RV - Opelika - AL151,,AL,Opelika,2026-08-03,2026-08-03,,2027,RV,New,,17.96,9.44,jsmith,,124,9.99,4550,4550,false,,51,11.49,Core,Core,0.96,0,,0,49884,708,Source One Financial Services,VA, kevin horne,1,1,AL151,Core
246488,thovey,41406.02,180,Decline,ROYAL COACH RECREATIONAL SALES - SCA120,,CA,BAKERSFIELD,2026-08-03,,,2026,RV,New,649,12.97,7.49,jrubi,,21,9.74,8000,8000,false,,,11.24,Core,Core,0.96,0,,0,43333,740,Source One Financial Services,CA, darlene carter,0,0,SCA120,Core
246360,jharrington1,16698.5,168,Auto Approval,Best Choice Trailers & RV-PA123,Canopy Financial,PA,Irwin,2026-08-03,2026-08-03,,2025,RV,New,,12.35,2.2,jharrington1,,131,7.49,5000,5000,false,,,8.99,Core,Core,0.89,0,,0,18805,864,Source One Financial Services,WV, matt kurtz,1,1,PA123,Core
246158,hhisek,47343.79,180,Decline,Rock Solid Funding LLC - TX536,RSF,TX,BEDFORD,2026-08-03,,,2017,RV,Used,,21.42,7.56,S1House,,48,14.99,0,0,false,,,15.99,Silver 1,Silver 1,1,0,,0,47350,641,Source One Financial Services,MD, trevor bescherer,0,0,TX536,Silver
246258,sflynn,31313.95,180,Booked,Uwharrie RV  (740 Motors) - NC125,,NC,Albemarle,2026-08-03,2026-08-04,2026-08-05,2026,RV,New,,33.64,2.62,jsmith,3208,1715,9.74,5500,5500,false,1492,1,11.24,Core,Core,0.93,1878.84,6,0,33704,722,Source One Financial Services,GA, brian bailey,1,0,NC125,Core
246394,sbaker,27441.38,180,Decline,SR1 RV - Loudon - NH115,,NH,Loudon,2026-08-03,,,2021,RV,Used,554,53.94,1.71,gcoulombe,,23,7.99,500,500,false,,,9.49,Core,Core,1.04,0,,0,26500,811,Source One Financial Services,RI, mike fraser,0,0,NH115,Core
246273,,30531.56,180,Auto Decline,OCEAN MARINE GROUP - DAPHNE - AL120,,AL,DAPHNE,2026-08-03,,,2023,Boat,Used,,42.86,9.8,jsmith,,0,15.74,5000,5000,false,,,16.74,Silver 2,Silver 2,1.17,0,,0,26150,639,Source One Financial Services,TX,,0,0,AL120,Silver
246451,,34568,180,Auto Decline,Bullitt County Auto and RV Sales Inc - KY138,,KY,Shephersville,2026-08-03,,,2021,RV,Used,,24.49,5.46,jharrington1,,0,22.99,5000,5000,false,,,23.99,Bronze,Bronze,34568,0,,0,1,603,Source One Financial Services,KY,,0,0,KY138,Business First
246363,,23737,180,Auto Decline,MY RV SD - SCA112,,CA,EL CAJON,2026-08-03,,,2008,RV,Used,,0,0,jrubi,,0,22.99,4000,4000,false,,,23.99,Bronze,Bronze,0,0,,0,0,,Source One Financial Services,CA,,0,0,SCA112,Business First
246262,mlomedico,31754.5,180,Decline,Camper's Choice RV- WA144,,WA,Napavine,2026-08-03,,,2026,RV,New,574,57.13,3.19,ljablonoski,,29,9.99,0,0,false,,,11.49,Core,Core,0.99,0,,0,32059,720,Source One Financial Services,WA, jamal stevenson,0,0,WA144,Core
246439,rsimmons,18475.32,144,Booked,Freedom RV LLC - TX490,Canopy Financial,TX,Dodd City,2026-08-03,2026-08-04,2026-08-11,2026,RV,New,,34.23,1.93,gott,11539,1454,10.24,2000,2000,false,10058,27,11.74,Core,Core,0.89,1108.52,6,0,20652,682,Source One Financial Services,OK, matt kurtz,1,0,TX490,Core
246163,ccampos,62796.8,240,Auto Approval,NewCoast - Boatzon - FL356,Marine Max,FL,Oldsmar,2026-08-03,2026-08-03,,2022,Boat,Used,,37.5,3.39,S1House,,456,8.49,15000,15000,false,,,9.99,Core,Core,1.07,0,,0,58585,784,Source One Financial Services,NE, christopher rogers,1,1,FL356,Core
246145,hhisek,13301.46,120,Decline,Fun Town RV- Waco-TX212,Fun Town,TX,Hewitt,2026-08-03,,,2019,RV,Used,,4.74,3.83,gott,,4,14.99,2998,2998,false,,,15.99,Silver 1,Silver 1,0.86,0,,0,15400,645,Source One Financial Services,TX, tyler witt,0,0,TX212,Silver
246395,mlomedico,45647,180,Auto Approval,BRETZ RV & MARINE - BILLINGS - MT115,Bretz RV,MT,Billings,2026-08-03,2026-08-05,,2025,RV,Used,667,32.51,6.26,dzilberchtein,,2808,10.24,500,4847,false,,,11.74,Core,Core,0.97,0,,0,47050,692,Source One Financial Services,MT, nikolaus hinebauch,1,1,MT115,Core
246316,thovey,28381,180,Auto Approval,BRETZ RV & MARINE - BILLINGS - MT115,Bretz RV,MT,Billings,2026-08-03,2026-08-03,,2015,RV,Used,849,31.51,4.62,dzilberchtein,,138,8.49,18100,12813,false,,,9.99,Core,Core,1.15,0,,0,24750,860,Source One Financial Services,WY, nikolaus hinebauch,1,1,MT115,Core
246348,mnava,16432,144,Decline,Midway Auto and RV Cody LLC - WY101,,WY,Cody,2026-08-03,,,2026,RV,New,,25.09,5.38,dzilberchtein,,1388,10.24,500,-432,false,,,11.74,Core,Core,0.8,0,,0,20509,697,Source One Financial Services,KS,,0,0,WY101,Core
246406,,19363.6,144,Auto Decline,Noteboom RV LLC- Harrisburg -SD106,,SD,Harrisburg,2026-08-03,,,2021,RV,Used,,48.87,5.08,dzilberchtein,,36,22.99,1000,1000,false,,,23.99,Bronze,Silver 1,1.09,0,,0,17750,674,Source One Financial Services,SD, ty mowrey,0,0,SD106,Business First
246373,hhisek,46897.04,204,Booked,Blue Compass RV - Auburn Hills - MI460,Blue Compass,MI,Auburn Hills,2026-08-03,2026-08-06,2026-08-06,2026,RV,New,632,24.75,6.09,dzilberchtein,4486,4160,10.24,4100,4100,false,326,0,11.74,Core,Core,1.16,2813.82,6,0,40509,693,Source One Financial Services,MI, rafal bahary,1,0,MI460,Core
246463,mnava,37895.18,240,Decline,Wilder RV -MO108,,MO,Clinton,2026-08-03,,,2019,RV,Used,,11.7,11.14,jweller,,66,9.74,10000,10000,false,,,11.24,Core,Not Applicable,0.89,0,,0,42350,775,Connexus Credit Union,KS, clinton bales,0,0,MO108,Not Applicable
246218,rsimmons,41844.54,180,Decline,RV Station LTD - Nacogdoches -TX367,,TX,NACOGDOCHES,2026-08-03,,,2024,RV,Used,,38,7.27,gott,,3,13.74,0,0,false,,,14.74,Silver 1,Silver 1,1.02,0,,0,41085,649,Source One Financial Services,TX, ryan reynolds,0,0,TX367,Silver
246380,eavila,12769.3,120,Verifications Incomplete,Blue Compass RV - Albuquerque - NM112,Blue Compass,NM,Albuquerque,2026-08-03,2026-08-03,,2022,RV,Used,,18.72,4.22,edominguez,,285,8.49,5000,5000,false,,0,9.99,Core,Core,0.94,766.16,6,0,13600,789,Source One Financial Services,NM, scott rodriguez,1,1,NM112,Core
246219,sdelarosa,61500,240,Auto Approval,NC Wake Boats-NC138,,NC,Broadway,2026-08-03,2026-08-03,,2021,Boat,Used,794,16.82,2.09,jsmith,,137,7.49,10000,10000,false,,,7.99,Core,Core,0.9,0,,0,68095,816,Source One Financial Services,NC, shellie richardson,1,1,NC138,Core
246354,rsimmons,111250.53,240,Decline,Gator Trax - LA110,,LA,Springfeild,2026-08-03,,,2026,Boat,New,,22.25,11.21,gott,,4,10.24,12000,12000,false,,,11.74,Core,Core,1.01,0,,0,110000,683,Source One Financial Services,TX, finance office,0,0,LA110,Core
246179,thovey,16070,144,Booked,"72 West Motors, LLC - MO142",Canopy Financial,MO,FREDERICKTOWN,2026-08-03,2026-08-04,2026-08-10,2021,RV,Used,,29.99,1.59,jweller,10594,1811,9.99,0,0,false,8783,0,10.74,Core,Core,1.39,482.1,3,0,11550,749,Source One Financial Services,MO, matt kurtz,1,0,MO142,Core
246186,hhisek,52204.41,180,Decline,La Mesa RV Center - Port St Lucie - FL314,La Mesa,FL,Port St Lucie,2026-08-03,,,2019,RV,Used,695,54.25,5.04,pcarter,,32,11.24,20000,20000,false,,,12.74,Core,Core,0.75,0,,0,69877.5,695,Source One Financial Services,PA, dallas lostutter,0,0,FL314,Core
246550,mnava,12693.83,120,Conditional Approval,PARRIS RV MURRAY NORTH - UT110,,UT,MURRAY,2026-08-03,2026-08-04,,2021,RV,Used,,10.77,2.33,ljablonoski,,867,8.74,1000,1000,false,,,9.49,Core,Not Applicable,0.96,0,,0,13250,731,Connexus Credit Union,UT, nick yates,1,1,UT110,Not Applicable
246484,,32215.89,180,Auto Decline,A and L RV Sales - Christiana TN103,,TN,Christiana,2026-08-03,,,2026,RV,New,,41.17,16.15,jsmith,,0,22.99,0,10000,false,,,23.99,Bronze,Bronze,0.75,0,,0,43138,608,Source One Financial Services,TN,,0,0,TN103,Business First
246253,Jhill,70119,204,Auto Approval,"Vantage Recreational Finance, Inc. -FL291",VRF,FL,FORT LAUDERDALE,2026-08-03,2026-08-04,,2023,Boat,Used,796,49.23,2.83,S1House,,1156,7.99,0,0,false,,,9.49,Core,Core,0.86,0,,0,81249,803,Source One Financial Services,CA, andrea strawn-ingram,1,1,FL291,Core
246486,mlomedico,19837.79,144,Conditional Approval,Rock Solid Funding LLC - TX536,RSF,TX,BEDFORD,2026-08-03,2026-08-03,,2018,RV,Used,,36.14,3.42,S1House,,42,13.74,1900,1900,false,,,14.74,Silver 1,Silver 1,0.76,0,,0,26050,675,Source One Financial Services,ME, caleb grassi,1,1,TX536,Silver
246462,hhisek,33666,180,Booked,GREAT AMERICAN RV SUPERSTORE-HAMMOND - LA105,,LA,HAMMOND,2026-08-03,2026-08-07,2026-08-07,2021,RV,Used,,30.06,9.04,gott,5742,5663,8.49,5000,5000,false,79,0,9.99,Core,Core,1.34,2019.96,6,0,25100,795,Source One Financial Services,LA, kerry turlich,1,0,LA105,Core
246293,rsimmons,12737,120,Decline,Fairdealz RV LLC - TX545,,TX,Decatur,2026-08-03,,,2021,RV,Used,,34.21,1.12,gott,,13,13.24,2000,2000,false,,,14.24,Silver 1,Silver 1,1.06,0,,0,12000,668,Source One Financial Services,NY, jacob evans,0,0,TX545,Silver
246152,avera,48080.29,204,Decline,Optimum RV Zephyr Hills - FL164,Optimum RV,FL,Zephyr Hills,2026-08-03,,,2021,RV,Used,,35.97,7.09,wstoutimore,,31,14.49,5000,5000,false,,,15.49,Silver 1,Silver 1,0.72,0,,0,66990,660,Source One Financial Services,FL, edward arnold,0,0,FL164,Silver
246366,,162363.17,240,Auto Decline,Premier Yamaha Boating Center/Aransas -TX209,,TX,Aransas,2026-08-03,,,2026,Boat,Used,,15.88,9.09,gott,,0,14.99,20000,20000,false,,,15.99,Silver 2,Silver 2,1.01,0,,0,161044,634,Source One Financial Services,TX,,0,0,TX209,Silver
246224,Jhill,18834.89,144,Decline,HOPPERS RV LLC - TX546,,TX,Cypress,2026-08-03,,,2022,RV,Used,,6.23,2.48,gott,,33,10.49,1500,1500,false,,,11.99,Core,Core,1.22,0,,0,15500,717,Source One Financial Services,TX, tony marino,0,0,TX546,Core
246254,,17817.56,180,Auto Decline,A and L RV SALES LLC - TN129,,TN,JACKSON,2026-08-03,,,2026,RV,New,,19.44,8.77,jsmith,,0,14.99,1000,1000,false,,,15.99,Silver 2,Silver 2,1.13,0,,0,15827,637,Source One Financial Services,TN,,0,0,TN129,Silver
246432,mlomedico,76979.5,144,Conditional Approval,Intercoastal Financial Group LLC - 17401746,IFG,FL,Vero Beach,2026-08-03,2026-08-03,,2010,Boat,Used,,17.33,8.6,S1House,,63,11.99,10000,10000,false,,,13.24,Core,Core,0.96,0,,0,80000,712,Source One Financial Services,FL, nick brainard,1,1,17401746,Core
246445,,62289.02,240,Auto Decline,Airstream of New Mexico - NM111,Blue Compass,NM,Albuquerque,2026-08-03,,,2025,RV,Used,,44.69,20.25,edominguez,,0,22.99,6500,6500,false,,,23.99,Bronze,Bronze,0.75,0,,0,83160,614,Source One Financial Services,NM,,0,0,NM111,Business First
246520,,22948.28,144,Auto Decline,MIG RV  MARINE SUPER CENTER INC - BELLEFONT-OH187,,OH,BELLEFONTAINE,2026-08-03,,,2022,RV,Used,,23.12,4.91,jharrington1,,0,22.99,0,0,false,,,23.99,Bronze,Bronze,1.22,0,,0,18750,565,Source One Financial Services,OH,,0,0,OH187,Business First
246489,thovey,71474.4,240,Booked,Wilder RV -MO108,,MO,Clinton,2026-08-03,2026-08-10,2026-08-10,2025,RV,Used,851,31.16,5.45,jweller,10092,10061,7.24,5000,7083.6,false,28,3,8.24,Core,Core,1.13,2858.98,4,0,63350,861,Source One Financial Services,MO, clinton bales,1,0,MO108,Core
246202,thovey,33685.63,204,Auto Approval,FAMILY TIME LLC - MO120,,MO,TROY,2026-08-03,2026-08-03,,2026,RV,New,,32.96,9.79,jweller,,143,9.49,5000,5000,false,,,10.99,Core,Core,0.79,0,,0,42592,717,Source One Financial Services,MO,,1,1,MO120,Core
246150,avera,44881.63,180,Auto Approval,Fun Town RV - Indianapolis - IN215,Fun Town,IN,Edinburgh,2026-08-03,2026-08-03,,2026,RV,New,,48.57,6.82,jharrington1,,149,7.49,15100,2273.76,false,,,8.49,Core,Not Applicable,1,0,,0,44919,805,Connexus Credit Union,IN, chase ackeret,1,1,IN215,Not Applicable
246355,thovey,58230.1,180,Decline,MCLAUGHLINS RV and MARINE -ND112,,ND,FARGO,2026-08-03,,,2027,Boat,New,627,44.95,6.65,dzilberchtein,,12,13.74,0,0,false,,,14.74,Silver 1,Silver 1,1.16,0,,0,50347,657,Source One Financial Services,MN, jess mclaughlin,0,0,ND112,Silver
246164,,50372.79,180,Auto Decline,Rock Solid Funding LLC - TX536,RSF,TX,BEDFORD,2026-08-03,,,2026,RV,New,670,36.58,4.73,S1House,,0,22.99,5000,5000,false,,,23.99,Bronze,Bronze,1.21,0,,0,41666,599,Source One Financial Services,CA,,0,0,TX536,Business First
246374,ccampos,61157.05,144,Auto Approval,Intercoastal Financial Group LLC - 17401746,IFG,FL,Vero Beach,2026-08-03,2026-08-04,,2005,Boat,Used,,29.89,4.84,S1House,,1603,10.74,25100,25100,false,,,11.99,Core,Core,1,0,,0,61156,762,Source One Financial Services,FL, zach edwards,1,1,17401746,Core
246167,,39097.79,180,Auto Decline,Rock Solid Funding LLC - TX536,RSF,TX,BEDFORD,2026-08-03,,,2026,RV,New,,55.92,12.26,S1House,,0,12.49,0,0,false,,,13.49,Silver 1,Silver 1,1.34,0,,0,29166,664,Source One Financial Services,OK,,0,0,TX536,Silver
246220,,42004,240,Auto Decline,GARLANDS RV OF TENNESSEE - TN122,,TN,SPRINGVILLE,2026-08-03,,,2025,RV,Used,,49.91,20.32,jsmith,,0,22.99,5000,5000,false,,,23.99,Bronze,Bronze,0.99,0,,0,42450,479,Source One Financial Services,TN,,0,0,TN122,Business First
246544,edominguez,103767.22,180,Conditional Approval,"RV WORLD RECREATION VEHICLE CENTER , LLC - AZ340",,AZ,YUMA,2026-08-03,2026-08-04,,2026,RV,New,,42.15,17.15,edominguez,,970,7.64,0,46400,false,,,8.64,Core,Not Applicable,0.6,0,,0,173480,774,Ideal Credit Union,AZ, greg svalstad,1,1,AZ340,Not Applicable
246539,mlomedico,85283,240,Conditional Approval,ADVENTURE MOTORHOMES - SC118,,SC,GREEER,2026-08-03,2026-08-04,,2027,RV,New,824,43.13,6.99,jsmith,,906,7.49,4500,4500,false,,,8.74,Core,Not Applicable,1.01,0,,0,84153,829,Connexus Credit Union,SC, kelly patterson,1,1,SC118,Not Applicable
246386,,27107.09,180,Auto Decline,General RV Center - Longmont - CO156,General RV,CO,Longmont,2026-08-03,,,2025,RV,New,,43.09,4.37,dzilberchtein,,0,14.99,4100,4100,false,,,15.99,Silver 2,Silver 2,0.9,0,,0,30128,627,Source One Financial Services,TX,,0,0,CO156,Silver
246137,avera,149693.95,204,Conditional Approval,North Trail RV Center - FL347,,FL,Ft. Myers,2026-08-03,2026-08-03,,2017,RV,Used,,15.92,8.98,wstoutimore,,156,11.99,136830,121830,false,,,12.99,Core,Core,0.58,0,,0,259400,713,Source One Financial Services,FL, justin graham,1,1,FL347,Core
246268,hhisek,63043.09,240,Booked,Murray Lake Marina -MI333,,MI,Lowell,2026-08-03,2026-08-11,2026-08-11,2026,Boat,New,832,32.96,4.7,dzilberchtein,11694,11607,7.49,900,6713,false,87,0,6.99,Core,Core,1.14,630.43,1,0,55462.92,822,Source One Financial Services,OH, matt seiber,1,0,MI333,Core
246299,rsimmons,31393.37,144,Decline,Liberty Trail RV - Sulphur Springs - TX580,,TX,Sulphur Springs,2026-08-03,,,2027,RV,New,615,48.31,2.43,gott,,14,9.99,10000,10000,false,,,11.49,Core,Core,0.88,0,,0,35776.67,710,Source One Financial Services,AR, shaun woodruff,0,0,TX580,Core
246528,,85536.88,180,Auto Decline,Recreational Resort Cottages- Athens -TX311,,TX,Athens,2026-08-03,,,2026,RV,New,,31.92,20.66,gott,,0,22.99,10000,10000,false,,,23.99,Bronze,Bronze,1.17,0,,,73171,590,Source One Financial Services,OK,,0,0,TX311,Business First
246461,sdelarosa,23371.3,180,Booked,Rex and Sons RVs Inc - NC127,,NC,CASTLE HAYNE,2026-08-03,2026-08-06,2026-08-06,2016,RV,Used,,25.06,3.17,jsmith,4376,4330,10.99,2415,2415,false,46,0,12.49,Core,Core,0.94,1402.28,6,0,24900,719,Source One Financial Services,NC, jonathan creech,1,0,NC127,Core
246413,hhisek,21773.51,180,Decline,Fun Town RV Amarillo - TX508,Fun Town,TX,Amarillo,2026-08-03,,,2026,RV,New,,13.57,2.16,gott,,4,10.24,2500,2500,false,,,11.74,Core,Core,1.03,0,,0,21201,690,Source One Financial Services,KY, eric adams,0,0,TX508,Core
246217,lgrace,19247.7,144,Decline,CAMPERS INN OF LEESBURG - FL156,Campers Inn,FL,FRUITLAND PARK,2026-08-03,,,2025,RV,Used,667,81.02,4.21,pcarter,,6,8.74,2200,2200,false,,,10.24,Core,Core,1.03,0,,0,18645,778,Source One Financial Services,CO, dave hunter,0,0,FL156,Core
246249,edominguez,17515.44,144,Auto Approval,Blue Compass RV - Prescott - AZ361,Blue Compass,AZ,Prescott,2026-08-03,2026-08-03,,2026,RV,New,,39.63,4.15,edominguez,,400,10.24,1600,1600,false,,,11.74,Core,Core,0.76,0,,0,23123.15,686,Source One Financial Services,AZ, jared dragon,1,1,AZ361,Core
246471,,23054,180,Auto Decline,GARLANDS RV OF TENNESSEE - TN122,,TN,SPRINGVILLE,2026-08-03,,,2026,RV,Used,,20.18,12.22,jsmith,,0,22.99,3000,3000,false,,,23.99,Bronze,Bronze,0.46,0,,0,50360,555,Source One Financial Services,TN,,0,0,TN122,Business First
246411,mlomedico,34723.59,180,Auto Approval,RV COUNTRY HOLDING CO - NV102,RV Country,NV,SPARKS,2026-08-03,2026-08-13,,2023,RV,Used,722,19.27,3.15,ljablonoski,,14096,12.24,2000,2000,true,,,14.24,Business First,Business First,1,0,,0,34750,,Source One Financial Services,NV, mike ransohoff,1,1,NV102,Business First
246540,mlomedico,24371.01,180,Decline,Blue Compass RV - San Antonio - TX572,Blue Compass,TX,San Antonio,2026-08-03,,,2024,RV,Used,634,43.7,3.6,gott,,27,13.74,2500,2500,false,,,14.74,Silver 1,Silver 1,0.92,0,,0,26400,646,Source One Financial Services,TX, ryan johnson,0,0,TX572,Silver
246345,sflynn,58405,180,Auto Approval,SYLACAUGA MARINE AND ATV INC - AL101,,AL,SYLACAUGA,2026-08-03,2026-08-03,,2026,Boat,New,,25.86,6.12,jsmith,,54,7.99,6200,6200,false,,,9.49,Core,Core,1.25,0,,0,46600,798,Source One Financial Services,AL, robb peoples,1,1,AL101,Core
246146,hhisek,60633.31,240,Decline,Fun Town RV- Waco-TX212,Fun Town,TX,Hewitt,2026-08-03,,,2026,RV,New,601,38.34,4.45,gott,,7,9.74,6000,6000,false,,,11.24,Core,Core,0.96,0,,0,63068,737,Source One Financial Services,TX, tyler witt,0,0,TX212,Core
246452,lgrace,95638.34,240,Verifications Incomplete,BLUE COMPASS RV NEW HAMPSHIRE-NH109,Blue Compass,NH,EPSOM,2026-08-03,2026-08-12,,2027,RV,New,,34.04,12.49,gcoulombe,,13042,9.74,11000,11000,false,,3,11.24,Core,Core,1.09,0,,0,87690,728,Source One Financial Services,VT, xan peterson,1,1,NH109,Core
246437,hhisek,31713.62,180,Decline,REINEKE RV - LIMA - OH182,,OH,LIMA,2026-08-03,,,2021,RV,Used,,59.57,8.86,jharrington1,,10,9.99,3500,3500,false,,,11.49,Core,Core,0.74,0,,0,42800,751,Source One Financial Services,OH, corey stone,0,0,OH182,Core
246307,sdelarosa,133404.75,240,Auto Decline,Legendary Marine - Panama - FL143,OneWater ,FL,Panama City,2026-08-03,,,2010,Boat,Used,,57.38,29.22,wstoutimore,,130,22.99,20000,20000,false,,,23.99,Core,Core,1.15,0,,0,116500,725,Source One Financial Services,FL, jacob mankoff,0,0,FL143,Core
246181,hhisek,67346.43,240,Decline,Willis and Co RV - TX566,Easy Care,TX,Granbury,2026-08-03,,,2025,RV,Used,740,52.81,4.86,gott,,7,7.49,8000,8800,false,,,8.99,Core,Core,1.08,0,,0,62315,825,Source One Financial Services,TX, jim lakes,0,0,TX566,Core
246147,ccampos,44576.13,240,Verifications Incomplete,General RV Center - Wixom - MI446,General RV,MI,Wixom,2026-08-03,2026-08-10,,2026,RV,New,735,29.78,3.39,dzilberchtein,,10241,7.99,4500,4500,false,,3,9.24,Core,Core,1.27,0,,0,35025,797,Source One Financial Services,MI, chris williams,1,1,MI446,Core
246459,jrubi,71758.48,240,Booked,Giant RV - Montclair - SCA155,Giant RV,CA,Montclair,2026-08-03,2026-08-06,2026-08-10,2024,RV,Used,785,23.4,2.02,jrubi,10116,4376,7.49,3699,-3621.47,false,5739,1,6.99,Core,Core,1.13,717.58,1,0,63400,835,Source One Financial Services,CA, john pine,1,0,SCA155,Core
246358,mnava,12030,120,Auto Approval,"Kris Willis RV, LLC -MO127",,MO,Dexter,2026-08-03,2026-08-04,,2024,RV,Used,,19.59,2,jweller,,1441,9.99,5000,5000,false,,,11.49,Core,Core,0.61,0,,0,19650,708,Source One Financial Services,MO, mikayla hall,1,1,MO127,Core
246491,hhisek,24779.91,180,Decline,PRIMEAUX RV SUPERSTORE - CARENCRO - LA102,,LA,CARENCRO,2026-08-03,,,2025,RV,Used,,10.72,3.63,gott,,7,9.99,6000,6000,false,,,11.49,Core,Core,0.78,0,,0,31750,704,Source One Financial Services,LA, rebecca scherff,0,0,LA102,Core
246289,jharrington1,27373.14,180,Decline,DAY BROS AUTO and RV SALES - KY121,,KY,LONDON,2026-08-03,,,2026,RV,New,637,39.02,2.38,jharrington1,,32,12.49,2000,2000,false,,,13.49,Silver 1,Silver 1,0.87,0,,0,31620.3,673,Source One Financial Services,KY, faith day,0,0,KY121,Silver
246207,,31393.37,180,Auto Decline,Liberty Trail RV - Sulphur Springs - TX580,,TX,Sulphur Springs,2026-08-03,,,2027,RV,New,564,42.16,2.51,gott,,0,22.99,10000,10000,false,,,23.99,Bronze,Bronze,0.88,0,,0,35776.67,615,Source One Financial Services,AR,,0,0,TX580,Business First
246290,mlomedico,25000,180,Conditional Approval,Pierce RV & Marine - Billings -  MT110,Easy Care,MT,Billings,2026-08-03,2026-08-04,,2026,RV,New,678,44.93,2.38,dzilberchtein,,1556,10.24,12000,12000,false,,,11.74,Core,Core,0.72,0,,0,34489,681,Source One Financial Services,MT, bradley taylor,1,1,MT110,Core
246212,eavila,37319,60,Auto Approval,"Vantage Recreational Finance, Inc. -FL291",VRF,FL,FORT LAUDERDALE,2026-08-03,2026-08-03,,2020,Boat,Used,,30.36,3.29,S1House,,359,9.99,60000,60000,false,,,10.74,Core,Core,0.29,0,,0,129490,765,Source One Financial Services,NH, jenica carpentier,1,1,FL291,Core
246292,rsimmons,49034.98,180,Decline,Fun Town Rv/Angelo RV LLC -TX247,Fun Town,TX,San Angelo,2026-08-03,,,2026,RV,New,,26.53,1.36,gott,,3,13.74,6400,6400,false,,,14.74,Silver 1,Silver 1,0.93,0,,0,52999,655,Source One Financial Services,TX, brenden boggs,0,0,TX247,Silver
246233,,22315,120,Auto Decline,Bobby Combs RV AZ - AZ312,,AZ,Mesa,2026-08-03,,,2019,RV,Used,,11.5,4.82,edominguez,,0,22.99,2000,2000,false,,,23.99,Bronze,Bronze,2.06,0,,0,10825,602,Source One Financial Services,AZ,,0,0,AZ312,Business First
246420,thovey,46815,180,Decline,McDowell South Inc - MO203,,MO,Jackson,2026-08-03,,,2027,RV,New,,53.68,8.79,jweller,,76,9.99,0,5500,false,,,11.49,Core,Core,1.09,0,,0,42877,706,Source One Financial Services,MO, alan sellers,0,0,MO203,Core
246325,lgrace,26476.18,144,Auto Approval,NewCoast - Boatzon - FL356,Marine Max,FL,Oldsmar,2026-08-03,2026-08-03,,2026,Boat,New,,16.58,3.33,S1House,,110,9.49,23000,23000,false,,,10.99,Core,Core,0.84,0,,0,31701.85,741,Source One Financial Services,CO, john womble,1,1,FL356,Core
246419,lgrace,143002.95,180,Decline,BGS Marine Yacht Sales & Brokerage LLC - FL262,,FL,Pensacola,2026-08-03,,,2010,Boat,Used,737,28.46,6.18,wstoutimore,,31,22.99,0,0,false,,,23.99,Silver 2,Silver 2,1.19,0,,0,120000,638,Source One Financial Services,TX, scott roberts,0,0,FL262,Silver
246338,ccampos,102079,180,Conditional Approval,Jimmy Jones Polaris  - Summerville - ESC121,EPIC,SC,Summerville,2026-08-03,2026-08-03,,2026,Boat,New,,5.98,1.28,S1House,,142,8.74,11000,11000,false,,,9.49,Core,Not Applicable,1.06,0,,0,96650,704,Connexus Credit Union,SC, david bounphasaysonh,1,1,ESC121,Not Applicable
246166,Jhill,39198.55,180,Auto Approval,Cedar City RV  - ETN103,EPIC,TN,Lebanon,2026-08-03,2026-08-03,,2026,RV,New,,31.28,4.54,S1House,,60,9.74,0,-1500,false,,,11.24,Core,Core,0.99,0,,0,39467,732,Source One Financial Services,IN, mia williams,1,1,ETN103,Core
246210,Jhill,21091.32,180,Auto Approval,Spend-A-Day Marina -OH125,OneWater ,OH,Russels Point,2026-08-03,2026-08-03,,2019,Boat,Used,,28.96,3,jharrington1,,18,8.49,1000,6000,false,,,9.99,Core,Core,0.89,0,,0,23685,826,Source One Financial Services,OH, brittany daniel,1,1,OH125,Core
246188,Jhill,38850.72,180,Decline,Ron Hoover - Lubbock - TX499,Ron Hoover,TX,Slaton,2026-08-03,,,2023,RV,Used,,27.19,6.01,gott,,14,10.74,3900,3900,false,,,12.24,Core,Core,0.87,0,,0,44700,688,Source One Financial Services,TX, jon vidaure,0,0,TX499,Core
246375,sdelarosa,98063.13,240,Decline,Bosuns Marine - Grasonville - MD101,OneWater ,MD,Grasonville,2026-08-03,,,2025,Boat,New,,24.77,4.27,gcoulombe,,28,13.74,16000,16000,false,,,14.74,Silver 1,Silver 1,1.03,0,,0,95285,644,Source One Financial Services,MA, nick costanza,0,0,MD101,Silver
246133,lgrace,46000,180,Approved,ADVENTURE MOTORHOMES - SC118,,SC,GREEER,2026-08-03,2026-08-03,,2027,RV,New,,42.04,8.99,jsmith,,37,8.74,500,500,false,,,10.24,Core,Core,1.03,0,,0,44644,778,Source One Financial Services,GA, kelly patterson,1,1,SC118,Core
246288,mlomedico,105643,240,Decline,All N One Marine and Powersports LLC-OK153,,OK,Oklahoma City,2026-08-03,,,2026,Boat,New,703,40.51,4.52,jweller,,21,9.99,20000,20000,false,,,11.49,Core,Core,0.96,0,,0,109876,717,Source One Financial Services,TX, dustin matlock,0,0,OK153,Core
246208,mnava,40086.11,240,Auto Approval,All American Coach Co -OH102,,OH,SYLVANIA,2026-08-03,2026-08-04,,2026,RV,New,,22.91,3.32,jharrington1,,1401,9.49,2500,2500,false,,,10.99,Core,Core,0.95,0,,0,42277,755,Source One Financial Services,MI, william dickerson,1,1,OH102,Core
246201,lgrace,45060.7,180,Conditional Approval,RCD Sales Co. LTD -OH127,,OH,Pataskala,2026-08-03,2026-08-03,,2027,RV,New,,17.01,5.32,jharrington1,,214,8.99,4800,4800,false,,,9.74,Core,Not Applicable,1.11,0,,0,40732,712,Connexus Credit Union,NC, kevin seitz,1,1,OH127,Not Applicable
246297,lgrace,62935,240,Decline,SR1 RV - Loudon - NH115,,NH,Loudon,2026-08-03,,,2026,RV,New,673,26.25,10.11,gcoulombe,,70,9.99,2000,2000,false,,,11.49,Core,Not Applicable,1.06,0,,0,59243,712,Connexus Credit Union,NH, mike fraser,0,0,NH115,Not Applicable
246554,,11886,120,Auto Decline,Grand Pointe Marina of Lansing - MI464,,MI,Dimondale,2026-08-03,,,2000,Boat,Used,,0,0,dzilberchtein,,0,22.99,3500,3500,false,,,23.99,Bronze,Bronze,0.94,0,,0,12580,,Source One Financial Services,MI,,0,0,MI464,Business First
246523,thovey,50659.72,204,Auto Approval,La Mesa RV Center - Albuquerque - NM109,La Mesa,NM,Albuquerque,2026-08-03,2026-08-03,,2016,RV,Used,719,27.87,7.19,edominguez,,75,10.74,1000,11000,false,,,12.24,Core,Core,0.92,0,,0,54974,727,Source One Financial Services,NM, alfredo franco,1,1,NM109,Core
246310,rsimmons,17545.56,144,Auto Approval,HOPPERS RV LLC - TX546,,TX,Cypress,2026-08-03,2026-08-03,,2017,RV,Used,,31.31,2.86,gott,,127,10.74,4000,4000,false,,,12.24,Core,Core,1.15,0,,0,15250,727,Source One Financial Services,TX, zach randall,1,1,TX546,Core
246525,lgrace,72515.02,216,Conditional Approval,WAGNERS OUTDOOR EXPRESS RV LLC - WV103,Easy Care,WV,FALLING WATERS,2026-08-03,2026-08-03,,2026,RV,New,,23.02,8.54,jharrington1,,23,7.49,2500,2500,false,,,8.99,Core,Core,0.93,0,,0,78229,816,Source One Financial Services,WV, jim lakes,1,1,WV103,Core
246511,hhisek,39946.34,180,Decline,Blue Compass RV - Austin - TX522,Blue Compass,TX,Buda,2026-08-03,,,2025,RV,Used,,34.39,3.47,gott,,9,12.49,4100,4100,false,,,13.49,Silver 1,Silver 1,0.99,0,,0,40205,662,Source One Financial Services,TX, nicolas paez,0,0,TX522,Silver
246270,,51173,180,Auto Decline,Giant RV - Montclair - SCA155,Giant RV,CA,Montclair,2026-08-03,,,2026,RV,New,,20.47,11.8,jrubi,,0,22.99,5000,6000,false,,,23.99,Bronze,Bronze,1.08,0,,0,47219,608,Source One Financial Services,CA,,0,0,SCA155,Business First
246241,avera,74993.25,204,Decline,NewCoast - Boatzon - FL356,Marine Max,FL,Oldsmar,2026-08-03,2026-08-03,,2017,Boat,Used,,38.33,3.46,S1House,,1547,13.74,8320,8320,false,,,14.74,Silver 1,Silver 1,1,0,,0,75000,675,Source One Financial Services,NJ, ian woodward,0,0,FL356,Silver
246295,,34909.3,120,Auto Decline,SAVA RV - FL284,,FL,Fort Myers,2026-08-03,,,2017,RV,Used,,20.76,5.18,wstoutimore,,0,22.99,3500,3500,false,,,23.99,Bronze,Bronze,1,0,,0,35000,607,Source One Financial Services,OH,,0,0,FL284,Business First
246187,hhisek,79733.99,180,Decline,AC Nelsen RV World - NE103,,NE,Omaha,2026-08-03,,,2026,RV,New,,54.24,10.31,dzilberchtein,,23,7.99,3950,3950,false,,,9.49,Core,Core,1.05,0,,0,75801,784,Source One Financial Services,NE, rian white,0,0,NE103,Core
246197,ccampos,54079.5,180,Decline,ANGLERS CHOICE - MARTINSVILLE - VA100,,VA,MARTINSVILLE,2026-08-03,,,2018,Boat,Used,676,23.52,10.44,jsmith,,85,11.24,5600,5600,false,,,12.74,Core,Not Applicable,0.85,0,,0,63440,681,Connexus Credit Union,AL, brian shuler,0,0,VA100,Not Applicable
246424,jharrington1,81646.92,220,Booked,LAKE CUMBERLAND MARINE - KY134,,KY,SOMERSET,2026-08-03,2026-08-05,2026-08-05,2012,Boat,Used,,20.99,2.84,jharrington1,2985,2740,9.24,0,0,false,244,1,10.74,Core,Core,1.09,4898.82,6,0,74755,798,Source One Financial Services,OH, amber fitzgerald,1,0,KY134,Core
246271,,42073,180,Auto Decline,Sunrise Rv's - WA124,,WA,Omak,2026-08-03,,,2016,RV,Used,,46.19,12.43,ljablonoski,,0,14.99,0,0,false,,,15.99,Silver 1,Silver 1,0,0,,0,0,645,Source One Financial Services,ID,,0,0,WA124,Silver
246555,,112099,240,Auto Decline,"Vantage Recreational Finance, Inc. -FL291",VRF,FL,FORT LAUDERDALE,2026-08-03,,,2023,RV,Used,,53.58,11.74,S1House,,0,14.49,0,0,false,,,15.49,Silver 1,Silver 1,1.07,0,,0,104830,649,Source One Financial Services,NY,,0,0,FL291,Silver
246364,eavila,98449,180,Conditional Approval,"Vantage Recreational Finance, Inc. -FL291",VRF,FL,FORT LAUDERDALE,2026-08-03,2026-08-03,,2023,RV,Used,,20.36,7.6,S1House,,102,10.24,4650,4650,false,,,11.74,Core,Core,1.09,0,,0,90458,730,Source One Financial Services,CA, stephanie peck,1,1,FL291,Core
246203,hhisek,40620.7,180,Approved,RCD Sales Co. LTD -OH127,,OH,Pataskala,2026-08-03,2026-08-03,,2026,RV,New,,37.47,5.22,jharrington1,,21,9.74,1000,1000,false,,,11.24,Core,Core,1.13,0,,0,35995,732,Source One Financial Services,NC, kevin seitz,1,1,OH127,Core
246196,lgrace,11970,180,Decline,"Hemlock Hill RV Sales, Inc-CT107",,CT,Southington,2026-08-03,,,2018,RV,Used,693,45.42,1.85,gcoulombe,,25,10.99,2000,2000,false,,,12.49,Core,Core,0.73,0,,0,16450,719,Source One Financial Services,NY, brandon brown,0,0,CT107,Core
246155,avera,25053.85,204,Approved,NewCoast - Boatzon - FL356,Marine Max,FL,Oldsmar,2026-08-03,2026-08-03,,2012,Boat,Used,,48.36,4.57,S1House,,31,10.49,3900,3900,false,,,11.99,Core,Core,0.88,0,,0,28320,754,Source One Financial Services,SC, ian woodward,1,1,FL356,Core
246138,ccampos,94323.21,180,Conditional Approval,Rock Solid Funding LLC - TX536,RSF,TX,BEDFORD,2026-08-03,2026-08-03,,2023,RV,Used,,46.57,7.06,S1House,,78,7.99,0,0,false,,,9.49,Core,Core,1.2,0,,0,78628,826,Source One Financial Services,CA, alicia mondragon,1,1,TX536,Core
246498,hhisek,35203.76,204,Booked,RV Station LTD - Donna -TX289,,TX,Donna,2026-08-03,2026-08-04,2026-08-05,2026,RV,New,,31.92,4.58,gott,2897,1434,9.74,3000,3000,false,1456,7,11.24,Core,Core,1.18,2112.23,6,0,29890,727,Source One Financial Services,TX, manny gomez,1,0,TX289,Core
246141,hhisek,47744.16,240,Booked,Rocky Ridge RV - Nacogdoches - TX525,Rocky Ridge,TX,Nacogdoches,2026-08-03,2026-08-12,2026-08-12,2026,RV,New,855,33.27,3.08,gott,13522,13509,7.49,0,0,false,13,0,6.99,Core,Core,1.09,477.44,1,0,43836.8,807,Source One Financial Services,TX, kolten archuleta,1,0,TX525,Core
246277,rsimmons,48222.85,240,Decline,Optimum RV - La Feria - TX512,Optimum RV,TX,La Ferua,2026-08-03,,,2022,RV,Used,,10.38,3.51,gott,,11,10.74,5000,5000,false,,,12.24,Core,Core,1.16,0,,0,41450,683,Source One Financial Services,TX, juan vasquez,0,0,TX512,Core
246500,,42161.34,180,Auto Decline,Ashley Marine LLC - Stapleton - AL168,,AL,Stapleton,2026-08-03,,,2026,Boat,New,,29.92,6.91,jsmith,,0,22.99,5000,5000,false,,,23.99,Bronze,Bronze,1.08,0,,0,38940,605,Source One Financial Services,AL,,0,0,AL168,Business First
246517,mlomedico,62468,180,Conditional Approval,"Vantage Recreational Finance, Inc. -FL291",VRF,FL,FORT LAUDERDALE,2026-08-03,2026-08-03,,2022,Boat,Used,,23.05,11.74,S1House,,39,10.74,6400,6400,false,,,12.24,Core,Core,1.03,0,,0,60420,685,Source One Financial Services,FL, megan fitzkee,1,1,FL291,Core
246340,thovey,47769,180,Booked,"Kris Willis RV, LLC -MO127",,MO,Dexter,2026-08-03,2026-08-07,2026-08-12,2026,RV,New,,15.21,3.13,jweller,12683,5796,7.74,0,0,false,2763,4124,8.49,Core,Not Applicable,0.89,1433.07,3,0,53940,723,Connexus Credit Union,MO, mikayla hall,1,0,MO127,Not Applicable
246282,,9954.98,180,Auto Decline,Old Salt Marine - FL234,,FL,Lakeland,2026-08-03,,,0,Boat,New,,0,0,wstoutimore,,30,22.99,0,200,false,,,23.99,Bronze,Bronze,0,0,,0,0,,Source One Financial Services,FL, dean old salt,0,0,FL234,Business First
246522,eavila,32671.76,180,Decline,GREAT AMERICAN RV SUPERSTORE-HAMMOND - LA105,,LA,HAMMOND,2026-08-03,,,2026,RV,New,,15.25,3.48,gott,,54,9.99,3500,3500,false,,,11.49,Core,Core,0.94,0,,0,34629,706,Source One Financial Services,LA, kerry turlich,0,0,LA105,Core
246367,hhisek,43032.51,180,Auto Approval,Ashley Marine - Panama City -  FL255,,FL,Panama City,2026-08-03,2026-08-05,,2026,Boat,New,,38.2,2.44,wstoutimore,,2996,7.49,5025,5525,false,,,8.99,Core,Core,1.3,0,,0,33132,829,Source One Financial Services,FL, james pressley,1,1,FL255,Core
246485,hhisek,76608.56,180,Auto Approval,Optimum RV - La Feria - TX512,Optimum RV,TX,La Ferua,2026-08-03,2026-08-04,,2024,RV,Used,,36.76,6.99,gott,,954,9.99,3750,3750,false,,,11.49,Core,Core,0.98,0,,0,77950,705,Source One Financial Services,TX, juan vasquez,1,1,TX512,Core
246294,lgrace,17838.5,180,Booked,Auction Direct RV - FL319,,FL,Ocala,2026-08-03,2026-08-05,2026-08-05,2021,RV,Used,,18.45,5,pcarter,3136,2867,10.74,2000,2000,false,268,1,10.74,Core,Core,0.77,0,0,0,23100,685,Source One Financial Services,FL, geoff cohen,1,0,FL319,Core
246473,sbaker,31575.78,180,Approved,ZOOMERS RV OF ILLINOIS - IL255,,IL,INA,2026-08-03,2026-08-03,,2025,RV,New,785,28.45,2.07,gcoulombe,,14,7.49,9000,9000,false,,,8.99,Core,Core,0.66,0,,0,47886,832,Source One Financial Services,OH, austin sluder,1,1,IL255,Core
246287,thovey,29266.47,180,Decline,Uwharrie RV  (740 Motors) - NC125,,NC,Albemarle,2026-08-03,,,2026,RV,New,,9.56,3.43,jsmith,,43,9.99,2000,2000,false,,,11.49,Core,Core,1,0,,0,29256,703,Source One Financial Services,NC, brian bailey,0,0,NC125,Core
246482,,42119.46,180,Auto Decline,Lifestyle Wake LLC - OR147,Easy Care,OR,Bend,2026-08-03,,,2008,Boat,Used,,0,0,ljablonoski,,0,22.99,3000,3000,false,,,23.99,Bronze,Bronze,1.3,0,,0,32440,,Source One Financial Services,ID,,0,0,OR147,Business First
246264,hhisek,26575.26,180,Decline,Southern Mud Sports of Lower Alabama - AL166,,AL,Loxley,2026-08-03,,,2026,Boat,New,661,48.57,3.09,jsmith,,12,9.99,2809,2809,false,,,11.49,Core,Core,2.01,0,,0,13211.95,712,Source One Financial Services,AL, jeff cantey,0,0,AL166,Core
246426,hhisek,47308.26,180,Booked,Ashley Marine - Salem - AL157,,AL,Salem,2026-08-03,2026-08-08,2026-08-10,2026,Boat,New,,32.29,3.19,jsmith,10021,7162,7.49,0,0,false,2859,0,8.99,Core,Core,1.31,2838.5,6,0,36216,826,Source One Financial Services,AL, tim holloway,1,0,AL157,Core
246529,avera,103377.25,240,Decline,Blue Compass RV - St. Augustine - FL339,Blue Compass,FL,ST. AUGUSTINE,2026-08-03,,,2024,RV,Used,,27.34,17.03,pcarter,,1055,9.99,3500,18500,false,,,11.49,Core,Core,1.16,0,,0,89485,690,Source One Financial Services,OR, matthew braziel,0,0,FL339,Core
246302,,33958.29,240,Auto Decline,Blue Compass RV - Park City-KS117,Blue Compass,KS,Park City,2026-08-03,,,2026,RV,New,,17.73,10.76,jweller,,0,22.99,3000,4000,false,,,23.99,Bronze,Bronze,0.87,0,,0,39165,571,Source One Financial Services,KS,,0,0,KS117,Business First
246362,eavila,38696.64,204,Booked,American Marine -WI417,,WI,Lacrossee,2026-08-03,2026-08-13,2026-08-13,2027,Boat,New,,36.7,2.19,dzilberchtein,14444,14203,7.24,2000,5000,false,241,0,6.99,Core,Core,1.15,386.97,1,0,33657.51,842,Source One Financial Services,WI, james chizek,1,0,WI417,Core
246284,Jhill,35704.05,180,Booked,Gilmore Marine - ENC107,EPIC,NC,Reidsville,2026-08-03,2026-08-11,2026-08-12,2026,Boat,New,,11.53,4.74,S1House,13129,11865,10.24,3700,3700,false,1264,0,11.49,Core,Core,1.06,1785.2,5,0,33526.12,693,Source One Financial Services,VA, mark roberts,1,0,ENC107,Core
246385,sbaker,34673.07,180,Decline,Campers Inn RV of Knoxville E - TN160,Campers Inn,TN,Knoxville,2026-08-03,,,2021,RV,Used,,41.92,10,jsmith,,14,14.49,4000,4000,false,,,15.49,Silver 1,Silver 1,0.98,0,,0,35350,650,Source One Financial Services,TN, radu puraci,0,0,TN160,Silver
246513,jharrington1,96888.29,180,Conditional Approval,HAPPY CAMPERS RV SALES and SERVICE - IN182,,IN,LAFAYETTE,2026-08-03,2026-08-06,,2026,RV,New,,24.87,15.45,jharrington1,,3744,7.64,15000,15000,false,,,8.64,Core,Not Applicable,0.98,0,,0,99354,714,Ideal Credit Union,IL, jacob lebeau,1,1,IN182,Not Applicable
246474,sflynn,40644.63,180,Auto Approval,Premier Yamaha Boating Center/Aransas -TX209,,TX,Aransas,2026-08-03,2026-08-03,,2026,Boat,New,,37.9,2.74,gott,,25,8.74,3000,3000,false,,,10.24,Core,Core,1.25,0,,0,32543,763,Source One Financial Services,TX, paul mcminn,1,1,TX209,Core
246479,sdelarosa,15617,120,Auto Approval,NewCoast - Boatzon - FL356,Marine Max,FL,Oldsmar,2026-08-03,2026-08-06,,2021,Boat,Used,,20.64,2.05,S1House,,3934,9.24,10000,10000,false,,,10.74,Core,Core,0.88,0,,0,17660,765,Source One Financial Services,SC, christopher rogers,1,1,FL356,Core
246458,mnava,36447.1,180,Contract Received,General RV - Elizabethtown - PA112,General RV,PA,Elizabethtown,2026-08-03,2026-08-12,,2018,RV,Used,,15.54,7.42,jharrington1,,12786,7.99,4000,4000,false,,1683,8.99,Core,Not Applicable,0.81,0,,0,45000,770,Connexus Credit Union,PA, robert bonsall,1,1,PA112,Not Applicable
246337,avera,61007.99,216,Auto Approval,LDRV of Tampa - FL340,Campers Inn,FL,Seffner,2026-08-03,2026-08-10,,2022,RV,Used,648,31.48,2.71,wstoutimore,,10100,10.49,10000,10599,false,,,11.99,Core,Core,1.16,0,,0,52800,703,Source One Financial Services,FL, james vock,1,1,FL340,Core
246144,thovey,69867.54,240,Decline,AC Nelsen RV World - NE103,,NE,Omaha,2026-08-03,,,2027,RV,New,654,20.91,3.4,dzilberchtein,,45,22.99,1000,1000,false,,,23.99,Core,Core,0.9,0,,0,77541,680,Source One Financial Services,NE, rian white,0,0,NE103,Core
246323,lgrace,116036,180,Auto Approval,NewCoast - Boatzon - FL356,Marine Max,FL,Oldsmar,2026-08-03,2026-08-06,,2009,Boat,Used,,8.9,7.94,S1House,,4438,9.49,19000,19000,false,,,10.99,Core,Core,0.59,0,,0,198000,824,Source One Financial Services,KS, michael mclamb,1,1,FL356,Core
246361,,64122.84,240,Auto Decline,SOUTHERN RV INC - GA128,,GA,MCDONOUGH,2026-08-03,,,2026,RV,New,,18.19,2.37,jsmith,,0,22.99,0,0,false,,,23.99,Bronze,Bronze,1.17,0,,0,54914.25,605,Source One Financial Services,GA,,0,0,GA128,Business First
246434,jrubi,19789.95,144,Decline,HAPPY DAZE RV - NCA111,,CA,SACRAMENTO,2026-08-03,,,2026,RV,New,,5.04,5.04,jrubi,,10353,9.74,0,0,false,,,11.24,Core,Not Applicable,0.73,0,,0,27120,728,Connexus Credit Union,CA, rj lemke,0,0,NCA111,Not Applicable
246185,rsimmons,30159.99,204,Verifications Incomplete,Ron Hoover - San Antonio - TX500,Ron Hoover,TX,San Antonio,2026-08-03,2026-08-11,,2019,Boat,Used,689,19.69,1.38,gott,,11575,10.74,2800,2800,false,,24,12.24,Core,Core,1.07,0,,0,28255,712,Source One Financial Services,TX, trevor lemasters,1,1,TX500,Core
246266,,33077.5,180,Auto Decline,UNITED RV CENTERS INC - GA150,,GA,CHATSWORTH,2026-08-03,,,2023,RV,Used,,59.01,9.74,jsmith,,0,15.74,0,0,false,,,16.74,Silver 1,Silver 1,1.22,0,,0,27172,640,Source One Financial Services,GA,,0,0,GA150,Silver
246176,rsimmons,40286.35,204,Booked,Ron Hoover Companies of Texarkana - TX557,Ron Hoover,TX,Texarkana,2026-08-03,2026-08-08,2026-08-10,2026,RV,New,,44.9,5.72,gott,10391,7580,10.24,31000,31000,false,2811,0,10.49,Core,Core,0.71,402.86,1,0,56908,695,Source One Financial Services,TX, bryce sowell,1,0,TX557,Core
246341,,200000,240,Auto Decline,Intercoastal Financial Group LLC - 17401746,IFG,FL,Vero Beach,2026-08-03,,,2004,Boat,Used,648,15.92,1.37,S1House,,0,22.99,48000,130000,false,,,23.99,Bronze,Bronze,0.61,0,,0,330000,,Source One Financial Services,FL,,0,0,17401746,Business First
246493,ccampos,33487.7,180,Decline,Campers Inn - Ocala - FL158,Campers Inn,FL,Ocala,2026-08-03,,,2021,RV,Used,,23.67,6.05,pcarter,,29,13.24,3300,3300,false,,,14.24,Silver 1,Silver 1,0.84,0,,0,40000,669,Source One Financial Services,FL, scott mckeever,0,0,FL158,Silver
246211,thovey,20102,144,Approved,WEHR RVS - MO195,,MO,SPRINGFIELD,2026-08-03,2026-08-03,,2026,RV,Used,675,30.8,1.95,jweller,,132,9.49,2200,2400,false,,,10.99,Core,Core,0.78,0,,0,25900,747,Source One Financial Services,MO, brian johnson,1,1,MO195,Core
246184,lgrace,73418.35,240,Conditional Approval,General RV Center - North Canton - OH200,General RV,OH,North Canton,2026-08-03,2026-08-03,,2021,RV,Used,,23.75,4.73,jharrington1,,20,9.24,9500,27300,false,,,10.74,Core,Core,1.17,0,,0,62755,773,Source One Financial Services,OH, angelina evans,1,1,OH200,Core
246499,,50002.08,240,Cancelled,Rex and Sons RVs Inc - NC127,,NC,CASTLE HAYNE,2026-08-03,,,2022,RV,Used,,0,0,jsmith,,,22.99,2385,2385,false,,,23.99,Bronze,Bronze,1.06,0,,0,47260,,Source One Financial Services,NC, jonathan creech,0,0,NC127,Business First
246487,,17666,180,Cancelled,Lerch RV- PA121,,PA,Milroy,2026-08-03,,,2021,RV,Used,,0,0,jharrington1,,,22.99,500,500,false,,,23.99,Bronze,Bronze,0,0,,0,0,,Source One Financial Services,PA,,0,0,PA121,Business First
246440,jharrington1,28079,180,Auto Approval,Erie Marine Sales - OH234,,OH,Sheffield Lake,2026-08-03,2026-08-03,,2026,Boat,New,,23.67,3.57,jharrington1,,23,7.49,5000,20000,false,,,8.99,Core,Core,0.7,0,,0,40251,822,Source One Financial Services,AR, shirley hetrick,1,1,OH234,Core
246404,mnava,74131.85,240,Auto Approval,Open Road RV Center - Monroe - WA156,,WA,Monroe,2026-08-03,2026-08-12,,2026,RV,New,617,32.53,5.05,ljablonoski,,13167,7.74,8000,8000,false,,,8.74,Core,Not Applicable,0.86,0,,0,85898,748,Connexus Credit Union,WA, shannon ellis,1,1,WA156,Not Applicable
246215,sdelarosa,100873.26,240,Decline,JEFF COUCHS CAMPERS -OH107,Jeff Couchs,OH,Trenton,2026-08-03,,,2026,RV,New,621,47.6,10.72,jharrington1,,8,12.49,7000,-29800,false,,,13.49,Silver 1,Silver 1,1.29,0,,0,78276,673,Source One Financial Services,FL, bryon spencer,0,0,OH107,Silver
246547,mnava,17711.41,144,Auto Approval,Blue Compass RV - Bowling Green - KY152,Blue Compass,KY,Bowling Green,2026-08-03,2026-08-04,,2019,RV,Used,,40.24,1.97,jharrington1,,1097,10.74,0,0,false,,,12.24,Core,Core,1.08,0,,0,16400,721,Source One Financial Services,MO, cheyenne waterman,1,1,KY152,Core
246238,jharrington1,27721.86,180,Decline,Keystone RV Center  - PA110,Pete's RV,PA,Greencastle,2026-08-03,,,2026,RV,New,,59.48,3,jharrington1,,16,10.24,1000,1000,false,,,11.74,Core,Core,1.07,0,,0,25927,694,Source One Financial Services,WV, jennifer vance,0,0,PA110,Core
246552,eavila,40835.6,144,Booked,FUN TOWN RV SAN ANTONIO LP - TX465,Fun Town,TX,CIBOLO,2026-08-03,2026-08-11,2026-08-11,2026,RV,New,,40.24,4.08,gott,11205,10909,10.24,4000,4000,false,109,187,11.74,Core,Core,1.02,2450.14,6,0,39982,689,Source One Financial Services,TX, franz grimes,1,0,TX465,Core
246477,,33832.08,180,Auto Decline,Freedom RV-AZ252,,AZ,Tucson,2026-08-03,,,2017,RV,Used,,30.28,17.25,edominguez,,0,16.24,6000,6000,false,,,17.24,Silver 2,Silver 2,1.36,0,,0,24860,621,Source One Financial Services,AZ,,0,0,AZ252,Silver
246265,jharrington1,19076.52,168,Auto Approval,Keystone RV Center  - PA110,Pete's RV,PA,Greencastle,2026-08-03,2026-08-03,,2026,RV,New,687,10.25,2.04,jharrington1,,36,9.99,2000,2000,false,,,11.49,Core,Core,0.88,0,,0,21569,719,Source One Financial Services,PA, jen habina,1,1,PA110,Core
246475,jharrington1,30815,180,Auto Approval,Meyer's I-79 RV Sales - PA148,,PA,Mount Morris,2026-08-03,2026-08-04,,2026,RV,New,,26.17,4.82,jharrington1,,1050,9.99,5000,5000,false,,,11.49,Core,Core,0.75,0,,0,41200,707,Source One Financial Services,RI, matthew stuchell,1,1,PA148,Core
246455,mlomedico,27440.09,120,Booked,Schieks RV - WI173,,WI,FOND DU LAC,2026-08-03,2026-08-06,2026-08-07,2016,RV,Used,,14.76,2.66,dzilberchtein,5658,4230,8.99,2000,2000,false,1428,0,10.49,Core,Core,1.3,1646.41,6,0,21050,782,Source One Financial Services,TX, joseph gordon,1,0,WI173,Core
246448,hhisek,56257.33,180,Auto Approval,Fun Town Rv/Angelo RV LLC -TX247,Fun Town,TX,San Angelo,2026-08-03,2026-08-04,,2026,RV,New,,28.12,4.15,gott,,1343,12.49,5800,5800,false,,,13.49,Silver 1,Silver 1,0.75,0,,0,75279,663,Source One Financial Services,LA, brenden boggs,1,1,TX247,Silver
246291,Jhill,29519,180,Decline,"Vantage Recreational Finance, Inc. -FL291",VRF,FL,FORT LAUDERDALE,2026-08-03,,,2023,Boat,Used,,37.52,5.55,S1House,,25,10.74,3100,3100,false,,,12.24,Core,Core,0.69,0,,0,42570,681,Source One Financial Services,PA, sean fitzpatrick,0,0,FL291,Core
246263,lgrace,44137.76,180,Decline,NewCoast - Boatzon - FL356,Marine Max,FL,Oldsmar,2026-08-03,,,2016,Boat,Used,,51.33,6.56,S1House,,34,10.99,4402,4402,false,,,12.49,Core,Core,0.91,0,,0,48490,715,Source One Financial Services,PA, stephen bertoni,0,0,FL356,Core
246506,avera,129353.85,240,Decline,General RV - Richmond - VA117,General RV,VA,Ashland,2026-08-03,,,2027,RV,New,667,60.8,5.11,jsmith,,986,14.99,90000,81000,false,,,15.99,Silver 2,Not Applicable,0.82,0,,0,157568,629,Connexus Credit Union,VA, chris coleman,0,0,VA117,Not Applicable
246368,rsimmons,149106.99,240,Conditional Approval,Campers Inn RV of Knoxville E - TN160,Campers Inn,TN,Knoxville,2026-08-03,2026-08-03,,2026,RV,New,837,18.44,6.12,jsmith,,39,7.49,49154.01,34565.1,false,,,8.99,Core,Core,1.01,0,,0,147500,828,Source One Financial Services,TN, radu puraci,1,1,TN160,Core
246457,sdelarosa,18565,144,Auto Approval,Grand Pointe Marina of Lansing - MI464,,MI,Dimondale,2026-08-03,2026-08-03,,2025,Boat,Used,,31.94,2.98,dzilberchtein,,72,7.99,15000,15000,false,,,8.99,Core,Core,0.63,0,,0,29555,789,Source One Financial Services,MI, patrick crowley,1,1,MI464,Core
246546,,35016,180,Auto Decline,BISH'S RV OF OMAHA - NE100,Bish's RV,NE,BELLEVUE,2026-08-03,,,2027,RV,New,,69.27,4.64,dzilberchtein,,0,13.74,2000,4495,false,,,14.74,Silver 1,Silver 1,1.19,0,,0,29356,655,Source One Financial Services,NE,,0,0,NE100,Silver
246405,Jhill,49314.04,204,Conditional Approval,Blue Compass RV - Katy - TX571,Blue Compass,TX,Katy,2026-08-03,2026-08-03,,2017,RV,Used,,46.47,6.74,gott,,12,8.49,0,0,false,,,9.99,Core,Core,1.15,0,,0,42800,875,Source One Financial Services,TX, kevin miranda,1,1,TX571,Core
246453,mlomedico,103139.27,240,Decline,General RV Center - Longmont - CO156,General RV,CO,Longmont,2026-08-03,,,2026,RV,New,,38.61,6.38,dzilberchtein,,10,13.74,5500,11698,false,,,14.74,Silver 1,Silver 1,1.13,0,,0,91497,649,Source One Financial Services,CO, jason jones,0,0,CO156,Silver
246183,mlomedico,12256.5,120,Conditional Approval,Intercoastal Financial Group LLC - 17401746,IFG,FL,Vero Beach,2026-08-03,2026-08-03,,2021,RV,Used,,16.6,5.14,S1House,,112,9.99,3000,3000,false,,,11.24,Core,Core,1.04,0,,0,11750,752,Source One Financial Services,CA, stephen jolles,1,1,17401746,Core
246519,,61747.2,180,Auto Decline,"Ron Hoover Companies of Donna, Inc -Tx277",Ron Hoover,TX,Donna,2026-08-03,,,2024,Boat,Used,,39.81,6.08,gott,,0,14.99,10000,10000,false,,,15.99,Silver 2,Silver 2,0.84,0,,,73153,631,Source One Financial Services,MS,,0,0,TX277,Silver
246149,thovey,64686,240,Approved,CAMPERLAND OF OKLAHOMA - OK129,,OK,TULSA,2026-08-03,2026-08-03,,2026,RV,New,721,25.31,3.35,jweller,,20,9.24,0,8000,false,,,10.99,Core,Core,0.89,0,,0,72462.9,724,Source One Financial Services,OK, joe sexson,1,1,OK129,Core
246505,hhisek,62908.68,144,Conditional Approval,San Antonio Rvs -TX265,,TX,Seguin,2026-08-03,2026-08-04,,2019,RV,Used,,41.05,9.55,gott,,1282,12.74,9400,14400,false,,,12.74,Silver 1,Not Applicable,0.85,0,,0,74030,669,Connexus Credit Union,TX, cody flores,1,1,TX265,Not Applicable
246551,edominguez,44552.94,180,Decline,Blue Compass RV - Albuquerque - NM112,Blue Compass,NM,Albuquerque,2026-08-03,,,2017,RV,Used,650,28.26,9.18,edominguez,,23,14.99,4500,4500,false,,,15.99,Silver 1,Silver 1,1.01,0,,0,44300,660,Source One Financial Services,NM, scott rodriguez,0,0,NM112,Silver
246315,hhisek,15491.58,144,Decline,Meyer's I-79 RV Sales - PA148,,PA,Mount Morris,2026-08-03,,,2017,RV,Used,,61.04,6.04,jharrington1,,11,11.24,1000,1000,false,,,12.74,Core,Core,0.92,0,,0,16775,684,Source One Financial Services,WV, shawn vandenbossche,0,0,PA148,Core
246226,sbaker,20203.83,144,Approved,Premier Yamaha Boating Center/Aransas -TX209,,TX,Aransas,2026-08-03,2026-08-03,,2023,Boat,Used,,27.17,2.67,gott,,148,10.49,10000,10000,false,,,11.99,Core,Core,0.73,0,,0,27560,710,Source One Financial Services,TX, mauri haygood,1,1,TX209,Core
246382,ccampos,26874,180,Auto Approval,Shady Creek Sales Inc - EKS104,EPIC,KS,El Dorado,2026-08-03,2026-08-03,,2026,Boat,New,676,16.66,2,S1House,,64,12.49,0,37000,false,,,13.49,Silver 1,Silver 1,0.46,0,,0,58680.37,671,Source One Financial Services,KS, chuck smith,1,1,EKS104,Silver
246216,,13986.28,120,Auto Decline,QUALITY BOATS OF CHARLOTTE HARBOR - FL203,OneWater ,FL,ENGLEWOOD,2026-08-03,,,2015,Boat,Used,,44.44,1.42,wstoutimore,,0,22.99,3500,3500,false,,,23.99,Bronze,Bronze,1.03,0,,0,13634,604,Source One Financial Services,FL,,0,0,FL203,Business First
246143,,27180.53,180,Auto Decline,COASTAL RV - VA102,,VA,CARROLLTON,2026-08-03,,,2026,RV,New,,34.88,4.59,jsmith,,0,14.99,1500,1500,false,,,15.99,Silver 2,Silver 2,1.05,0,,0,25930,634,Source One Financial Services,VA,,0,0,VA102,Silver
246553,avera,32393.79,180,Approved,Fun Town RV - Cleburne -TX108,Fun Town,TX,Cleburne,2026-08-03,2026-08-04,,2021,RV,Used,,19.95,6.94,S1House,,808,9.24,1000,1000,false,,,10.74,Core,Not Applicable,0.89,0,,0,36300,766,Connexus Credit Union,TX, brenden boggs,1,1,TX108,Not Applicable
246466,rsimmons,49418.58,180,Decline,Blue Compass - Mobile - AL170,Blue Compass,AL,Theodore,2026-08-03,,,2021,RV,Used,,45.57,7.66,jsmith,,16,10.49,3500,8500,false,,,11.99,Core,Core,0.92,0,,0,53460,710,Source One Financial Services,GA, dylan howard,0,0,AL170,Core
246206,sdelarosa,90514.13,240,Decline,BLUE COMPASS RV INDIANAPOLIS-IN206,Blue Compass,IN,INDIANAPOLIS,2026-08-03,,,2026,RV,New,,10.87,4.22,jharrington1,,17,14.99,10000,15400,false,,,15.99,Silver 1,Silver 1,0.95,0,,0,95133,640,Source One Financial Services,GA, ron hamilton,0,0,IN206,Silver
246442,,47625,180,Auto Decline,BEAUMONT RV - SCA108,,CA,BEAUMONT,2026-08-03,,,2021,RV,Used,,29.45,2.7,jrubi,,0,15.74,5000,5000,false,,,16.74,Silver 2,Silver 2,0,0,,0,0,631,Source One Financial Services,CA,,0,0,SCA108,Silver
246320,hhisek,33459.58,180,Booked,SCENIC VIEW RV - VA109,,VA,WEST POINT,2026-08-03,2026-08-05,2026-08-05,2026,RV,New,653,33.2,4.2,jsmith,3114,2723,9.99,1650,1650,false,274,117,10.99,Core,Core,0.99,1338.38,4,0,33925,707,Source One Financial Services,VA, nick bollhorst,1,0,VA109,Core
246177,avera,20192.93,120,Verifications Incomplete,Blue Compass - Fort Myers - FL300,Blue Compass,FL,Fort Myers,2026-08-03,2026-08-10,,2026,RV,New,,23.09,0.75,wstoutimore,,10529,9.99,4400,4400,false,,1,11.49,Core,Core,0.69,0,,0,29124,684,Source One Financial Services,FL, cory grambart,1,1,FL300,Core
246507,hhisek,48567.26,240,Decline,CRESTVIEW RV SUPERSTORE - SELMA - TX484,Campers Inn,TX,SELMA,2026-08-03,,,2026,RV,New,,46.27,5.31,gott,,10,12.49,3000,4591,false,,,13.49,Silver 1,Silver 1,1.09,0,,0,44696,678,Source One Financial Services,TX, rob galvan,0,0,TX484,Silver
246531,eavila,63919,180,Approved,General RV Center-Brownstown -MI402,General RV,MI,Brownstown,2026-08-03,2026-08-03,,2027,RV,New,,35.24,6.92,dzilberchtein,,70,9.99,2000,9000,false,,,11.49,Core,Core,1.19,0,,0,53845,705,Source One Financial Services,MI, muhammad qureshi,1,1,MI402,Core
246214,lgrace,46998.47,240,Auto Approval,"Vantage Recreational Finance, Inc. -FL291",VRF,FL,FORT LAUDERDALE,2026-08-03,2026-08-03,,2026,Boat,New,,28.98,3.35,S1House,,27,8.74,11619,11619,false,,,10.24,Core,Core,1.24,0,,0,37812,762,Source One Financial Services,TX, jennifer richter,1,1,FL291,Core
246194,hhisek,27694.5,180,Booked,Fun Town Rv/Angelo RV LLC -TX247,Fun Town,TX,San Angelo,2026-08-03,2026-08-06,2026-08-06,2026,RV,New,684,18.01,2.43,gott,4729,4291,9.99,2300,2300,false,438,0,11.49,Core,Core,1.05,1661.67,6,0,26297,706,Source One Financial Services,TX, brenden boggs,1,0,TX247,Core
246383,,16800,180,Cancelled,Wana RV Center - IN218,,IN,Shipshewana,2026-08-03,,,2022,RV,Used,,0,0,jharrington1,,,22.99,0,1800,false,,,23.99,Bronze,Bronze,1.17,0,,0,14300,,Source One Financial Services,KY, derek roe,0,0,IN218,Business First
246416,ccampos,17943.6,144,Auto Approval,Noteboom RV LLC- Harrisburg -SD106,,SD,Harrisburg,2026-08-03,2026-08-05,,2021,RV,Used,674,44.33,1.84,dzilberchtein,,2766,11.49,1900,1900,false,,,12.49,Core,Core,1.01,0,,0,17750,681,Source One Financial Services,SD, ty mowrey,1,1,SD106,Core
246248,jrubi,38428.41,180,Decline,Sky River RV - Paso Robles - SCA146,SkyRiver,CA,Paso Robles,2026-08-03,,,2026,RV,New,,34.05,6.68,jrubi,,17,13.74,0,0,false,,,14.74,Silver 1,Silver 1,1,0,,0,38520,649,Source One Financial Services,CA, nancy garcia,0,0,SCA146,Silver
246392,hhisek,41698.4,204,Auto Approval,National RV Detroit -MI147,,MI,Belleville,2026-08-03,2026-08-04,,2025,RV,New,,37.2,4.23,dzilberchtein,,1394,9.99,3100,3100,false,,,10.74,Core,Core,1.3,0,,0,32183,719,Source One Financial Services,ND, kyler rilett,1,1,MI147,Core
246318,hhisek,54525.74,240,Decline,HOPPERS RV LLC - TX546,,TX,Cypress,2026-08-03,,,2017,RV,Used,,38.41,11.74,gott,,5,14.99,3000,3200,false,,,15.99,Silver 1,Silver 1,1.65,0,,0,33000,656,Source One Financial Services,TX, tony marino,0,0,TX546,Silver
246384,,65174.58,240,Cancelled,DADS CAMPER OUTLET - GULFPORT - MS100,,MS,GULFPORT,2026-08-03,,,2025,RV,New,,0,0,jsmith,,,22.99,20000,20000,false,,,23.99,Bronze,Bronze,0.72,0,,0,90315,,Source One Financial Services,MS, ricky arnaud,0,0,MS100,Business First
246515,hhisek,70729.36,240,Approved,Ron Hoover Companies Katy -TX275,Ron Hoover,TX,Katy,2026-08-03,2026-08-03,,2026,RV,Used,696,43.89,5.44,gott,,10,9.74,5000,5000,false,,,11.24,Core,Core,0.77,0,,0,91410,733,Source One Financial Services,TX, greg woods,1,1,TX275,Core
246436,,27946.88,60,Auto Decline,Freedom RV Service- TX529,,TX,Aransas Pass,2026-08-03,,,2021,RV,Used,,29.26,15.61,gott,,91,22.99,0,0,false,,,23.99,Bronze,Bronze,1.08,0,,,25950,612,Source One Financial Services,TX,,0,0,TX529,Business First
246369,jharrington1,41184.94,240,Decline,DAY BROS AUTO and RV SALES - KY121,,KY,LONDON,2026-08-03,,,2026,RV,New,,15.58,8.06,jharrington1,,21,13.74,2000,2000,false,,,14.74,Silver 1,Silver 1,0.92,0,,0,44707.7,657,Source One Financial Services,KY, faith day,0,0,KY121,Silver
246350,lgrace,130393.55,240,Auto Approval,Campers Inn - Ocala - FL158,Campers Inn,FL,Ocala,2026-08-03,2026-08-05,,2026,RV,New,747,37.49,11.57,pcarter,,2647,8.99,14000,39200,false,,,9.99,Core,Core,1.2,0,,0,108565,782,Source One Financial Services,FL, scott mckeever,1,1,FL158,Core
246168,hhisek,39324.86,180,Decline,A and L RV Sales - Christiana TN103,,TN,Christiana,2026-08-03,,,2016,RV,Used,686,36.6,3.61,jsmith,,6,13.74,4000,4000,false,,,14.74,Silver 1,Silver 1,1.1,0,,0,35695,670,Source One Financial Services,TN, delta york,0,0,TN103,Silver
246441,lgrace,13028.8,120,Auto Approval,WALNUT RIDGE FAMILY RV SALES- Memphis-IN207,,IN,MEMPHIS,2026-08-03,2026-08-03,,2026,RV,New,,23.76,2.61,jharrington1,,78,11.24,1500,1500,false,,,12.74,Core,Core,0.97,0,,0,13485,696,Source One Financial Services,KY, curt riedling,1,1,IN207,Core
246356,sflynn,28981,180,Auto Approval,WACONDA BOATS & MOTORS - GLEN ELDER - EKS109,EPIC,KS,GLEN ELDER,2026-08-03,2026-08-03,,2020,Boat,Used,,41.83,2.43,S1House,,46,7.99,31000,31000,false,,,9.49,Core,Core,0.77,0,,0,37665,884,Source One Financial Services,CO, mia williams,1,1,EKS109,Core
246236,Jhill,46758.1,180,Decline,Fun Town RV - Cleburne -TX108,Fun Town,TX,Cleburne,2026-08-03,,,2026,RV,New,,27.19,6,S1House,,26,13.74,11000,11000,false,,,14.74,Silver 1,Silver 1,0.9,0,,0,51984,649,Source One Financial Services,TN, cody kirkman,0,0,TX108,Silver
246417,hhisek,50239.2,240,Decline,GIBBS OUTDOOR and RECREATION - TX454,,TX,WACO,2026-08-03,,,2027,RV,New,,9.55,3.66,gott,,3,13.74,0,6000,false,,,14.74,Silver 1,Silver 1,1.03,0,,0,48688,646,Source One Financial Services,TX, colby longenbaugh,0,0,TX454,Silver
246205,ccampos,117596.74,180,Conditional Approval,RCD Sales Co. LTD -OH127,,OH,Pataskala,2026-08-03,2026-08-03,,2015,RV,Used,780,37.6,10.43,jharrington1,,40,8.49,20200,4743.96,false,,,9.99,Core,Core,1.17,0,,0,100375,831,Source One Financial Services,WV, joseph gallo,1,1,OH127,Core
246412,jharrington1,51470.09,240,Decline,Meyer's I-79 RV Sales - PA148,,PA,Mount Morris,2026-08-03,,,2026,RV,New,,13.18,1.78,jharrington1,,3,12.49,5200,6200,false,,,13.49,Silver 1,Silver 1,0.96,0,,0,53715,663,Source One Financial Services,PA, shawn vandenbossche,0,0,PA148,Silver
246193,lgrace,53549,216,Conditional Approval,"Vantage Recreational Finance, Inc. -FL291",VRF,FL,FORT LAUDERDALE,2026-08-03,2026-08-03,,2025,Boat,Used,,18.91,3.73,S1House,,18,9.74,0,0,false,,,11.24,Core,Core,0.82,0,,0,65692,736,Source One Financial Services,NJ, sean fitzpatrick,1,1,FL291,Core
246235,Jhill,33974.88,204,Conditional Approval,Optimum RV - La Feria - TX512,Optimum RV,TX,La Ferua,2026-08-03,2026-08-03,,2027,RV,New,,36.83,4.28,gott,,45,12.49,3500,3500,false,,,13.49,Silver 1,Silver 1,0.98,0,,0,34544,679,Source One Financial Services,TX, juan vasquez,1,1,TX512,Silver
246524,lgrace,16350,144,Approved,HAPPY CAMPERS RV SALES and SERVICE - IN182,,IN,LAFAYETTE,2026-08-03,2026-08-03,,2017,RV,Used,667,31.68,1.17,jharrington1,,18,10.49,2000,2000,false,,,11.99,Core,Core,1.02,0,,0,16000,744,Source One Financial Services,TN, ashley herrera,1,1,IN182,Core
246538,,22173,144,Auto Decline,GARLANDS RV OF TENNESSEE - TN122,,TN,SPRINGVILLE,2026-08-03,,,2024,RV,Used,,18.39,3.39,jsmith,,0,22.99,6000,6000,false,,,23.99,Bronze,Bronze,0.77,0,,0,28820,,Source One Financial Services,TN,,0,0,TN122,Business First
246365,rsimmons,48997.71,240,Decline,Johnston RV Center - AL134,,AL,Decatur,2026-08-03,,,2027,RV,New,,14.12,7.04,jsmith,,4,9.74,5300,5300,false,,,11.24,Core,Core,0.9,0,,0,54744,730,Source One Financial Services,AL, fred skal,0,0,AL134,Core
246535,mlomedico,144896.24,240,Decline,Intercoastal Financial Group LLC - 17401746,IFG,FL,Vero Beach,2026-08-03,,,2026,Boat,New,643,14.87,2.27,S1House,,15,13.74,15900,15900,false,,,14.74,Silver 1,Silver 1,1.45,0,,0,100000,648,Source One Financial Services,FL, taylor beckford,0,0,17401746,Silver
246200,,14786.47,144,Auto Decline,Uwharrie RV  (740 Motors) - NC125,,NC,Albemarle,2026-08-03,,,2026,RV,New,,26.82,6.62,jsmith,,0,22.99,0,0,false,,,23.99,Bronze,Bronze,1,0,,0,14745,,Source One Financial Services,NC,,0,0,NC125,Business First
246303,rsimmons,33508.85,180,Decline,Blue Compass RV - South Beumont - TX551,Blue Compass,TX,Vidor,2026-08-03,,,2019,RV,Used,,35.22,6.58,gott,,10,13.74,4000,4000,false,,,14.74,Silver 1,Silver 1,0.93,0,,0,36080,677,Source One Financial Services,TX, leah sligar,0,0,TX551,Silver
246285,lgrace,29657.75,216,Decline,General RV Center - Salisbury - NC137,General RV,NC,Salisbury,2026-08-03,,,2027,RV,New,,54.51,6.49,jsmith,,18,10.24,5000,5000,false,,,11.74,Core,Core,0.79,0,,0,37449,697,Source One Financial Services,SC, charles young,0,0,NC137,Core
246428,mnava,36347.74,204,Auto Approval,MCLAUGHLINS RV and MARINE -ND112,,ND,FARGO,2026-08-03,2026-08-13,,2026,Boat,New,711,29.12,4.08,dzilberchtein,,14613,9.99,1000,1000,false,,,11.49,Core,Core,1.02,0,,0,35698,794,Source One Financial Services,MN, jess mclaughlin,1,1,ND112,Core
246328,sdelarosa,60335,240,Decline,SR1 RV - Loudon - NH115,,NH,Loudon,2026-08-03,,,2024,RV,Used,745,63.4,9.38,gcoulombe,,21,11.74,500,500,true,,,13.74,Business First,Business First,0.85,0,,0,70800,,Source One Financial Services,NH, mike fraser,0,0,NH115,Business First
246324,hhisek,42103.2,180,Conditional Approval,Bob Feil Boats and Motors - WA136,,WA,East Wenatchee,2026-08-03,2026-08-03,,2026,Boat,New,,25.95,3.92,ljablonoski,,19,12.49,4300,4300,false,,,13.49,Silver 1,Silver 1,1.06,0,,0,39684,679,Source One Financial Services,NV, christine lee,1,1,WA136,Silver
246468,mlomedico,41859.44,180,Auto Approval,RV's of America - Lindon - UT125,,UT,Lindon,2026-08-03,2026-08-07,,2027,RV,New,640,29.18,2.2,ljablonoski,,5782,9.99,4000,4000,false,,,11.49,Core,Core,1.23,0,,0,34100,716,Source One Financial Services,CA, will smith,1,1,UT125,Core
246446,hhisek,66591,240,Decline,SOUTHERN RV INC - GA128,,GA,MCDONOUGH,2026-08-03,,,2026,RV,New,622,14.56,7.92,jsmith,,14,12.49,7500,7500,false,,,13.49,Silver 1,Silver 1,0.81,0,,0,82717,664,Source One Financial Services,SC, chris cassidy,0,0,GA128,Silver
246480,rsimmons,45164.37,120,Verifications Incomplete,The Sportsman -TX285,,TX,San Benito,2026-08-03,2026-08-12,,2026,Boat,New,,36.74,6.98,gott,,12492,9.74,0,0,false,,267,11.24,Core,Core,1.32,0,,0,34280,724,Source One Financial Services,TX,,1,1,TX285,Core
246465,Jhill,150563.97,180,Auto Approval,River Valley Power and Sport Inc. Rochester-MN671,,MN,Rochester,2026-08-03,2026-08-04,,2027,Boat,New,,15.15,2.47,dzilberchtein,,1132,7.99,34000,34000,false,,,9.49,Core,Core,1.19,0,,0,126089,800,Source One Financial Services,MN, jason redalen,1,1,MN671,Core
246389,mlomedico,21578.59,180,Auto Approval,GIANT RECREATION WORLD WINTER GARDEN - FL172,,FL,WINTER GARDEN,2026-08-03,2026-08-10,,2026,RV,New,,33.61,3.19,pcarter,,10133,13.74,3000,3000,false,,,14.74,Silver 1,Silver 1,1.2,0,,0,17934,648,Source One Financial Services,FL, brandon plummer,1,1,FL172,Silver
246399,,49855.31,180,Auto Decline,Ideal RVs INC - FL228,,FL,Lakeland,2026-08-03,,,2024,RV,Used,,9.77,7.52,wstoutimore,,0,14.99,5000,5000,false,,,15.99,Silver 2,Silver 2,1.66,0,,0,30000,623,Source One Financial Services,FL,,0,0,FL228,Silver
246239,mlomedico,30011,180,Auto Approval,B&D RV Center - UT124,Easy Care,UT,Vernal,2026-08-03,2026-08-05,,2026,RV,New,,26.08,3.52,ljablonoski,,3325,9.99,3100,3100,false,,,11.49,Core,Core,0.95,0,,0,31736,708,Source One Financial Services,CO, jim lakes,1,1,UT124,Core
246229,eavila,129210.5,240,Decline,PARRIS RV MURRAY - SOUTH- UT111,,UT,MURRAY,2026-08-03,,,2026,RV,New,,17.08,4.48,ljablonoski,,82,12.49,1000,22000,false,,,13.49,Silver 1,Not Applicable,0.81,0,,0,158783,679,Connexus Credit Union,UT, kyle parris,0,0,UT111,Not Applicable
246250,hhisek,50360.96,180,Conditional Approval,Fun Town RV-Giddings -TX314,Fun Town,TX,Giddings,2026-08-03,2026-08-03,,2026,RV,New,,15.48,9.45,gott,,17,9.99,4000,4000,false,,,11.49,Core,Core,1,0,,0,50494,703,Source One Financial Services,TX, emmanuel moreno,1,1,TX314,Core
246243,lgrace,74608.69,180,Auto Approval,NewCoast - Boatzon - FL356,Marine Max,FL,Oldsmar,2026-08-03,2026-08-11,,2022,Boat,Used,,19.89,3.69,S1House,,11246,14.49,25300,25300,false,,,15.49,Silver 1,Silver 1,0.83,0,,0,89680,656,Source One Financial Services,TX, stephen bertoni,1,1,FL356,Silver
246153,thovey,8962.96,144,Decline,Noteboom RV LLC- Harrisburg -SD106,,SD,Harrisburg,2026-08-03,,,2025,RV,New,,83.27,1.85,dzilberchtein,,20,10.24,2000,2000,false,,,10.74,Core,Core,0.57,0,,0,15818,755,Source One Financial Services,SD, greg noteboom,0,0,SD106,Core
246371,avera,11294.86,120,Approved,PETE'S RV CENTER - CONNECTICUT - CT102,Pete's RV,CT,SOUTH WINDSOR,2026-08-03,2026-08-03,,2017,RV,Used,,24.95,3.36,gcoulombe,,50,13.24,1200,1200,false,,,14.74,Core,Core,0.71,0,,0,15900,680,Source One Financial Services,CT, samantha rice,1,1,CT102,Core
246237,mnava,39900,180,Conditional Approval,Colaw RV Sales -MO110,,MO,Carthage,2026-08-03,2026-08-03,,2025,RV,New,714,40.94,4.11,jweller,,71,9.49,6000,7000,false,,,10.99,Core,Core,0.96,0,,0,41457,744,Source One Financial Services,MO, hailey coss,1,1,MO110,Core
246542,,62871.18,204,Auto Decline,RGV RV SALES - TX569,,TX,Mission,2026-08-03,,,2027,RV,New,,48.92,11.29,gott,,0,13.74,6400,6400,false,,,14.74,Silver 1,Silver 1,0.89,0,,0,70604,652,Source One Financial Services,TX,,0,0,TX569,Silver
246401,mlomedico,8385.75,120,Decline,Dalton RV LLC-AR132,Warrior Performance,AR,Morrilton,2026-08-03,,,2013,RV,Used,637,5.65,1.27,jweller,,1231,12.49,0,8000,false,,,12.99,Core,Core,0.54,0,,0,15620,703,Source One Financial Services,MS, jimmy orapello,0,0,AR132,Core
246256,rsimmons,51782.99,180,Auto Approval,FUN TOWN RV CONROE -TX400,Fun Town,TX,CONROE,2026-08-03,2026-08-06,,2026,RV,New,,27.98,4.44,gott,,4243,9.49,18736,25236,false,,,10.99,Core,Core,1.3,0,,0,39832,759,Source One Financial Services,TX, michal procek,1,1,TX400,Core
246157,,40030.45,180,Auto Decline,Ashley Marine LLC - Stapleton - AL168,,AL,Stapleton,2026-08-03,,,2026,Boat,New,,42.82,16.43,jsmith,,0,14.99,0,750,false,,,15.99,Silver 2,Silver 2,1.08,0,,0,37163,624,Source One Financial Services,AL,,0,0,AL168,Silver
246344,eavila,63749,180,Conditional Approval,BOBBY WAYNES RV - SCA111,,CA,LANCASTER,2026-08-03,2026-08-03,,2026,RV,New,,18.34,9.54,jrubi,,128,8.25,0,10500,false,,,9.49,Core,Not Applicable,0.81,0,,0,79171,723,Allegius Credit Union,CA,,1,1,SCA111,Not Applicable
246223,avera,7203.57,72,Booked,COASTAL RV - VA102,,VA,CARROLLTON,2026-08-03,2026-08-05,2026-08-05,2014,RV,Used,,23.17,1.18,jsmith,3245,3022,9.74,800,800,false,222,1,10.49,Core,Core,0.45,216.11,3,0,15900,810,Source One Financial Services,VA, rick kirby,1,0,VA102,Core
246311,ccampos,28846.92,180,Booked,BISH'S RV - INDIANAPOLIS - IN199,Bish's RV,IN,ANDERSON,2026-08-03,2026-08-07,2026-08-07,2026,RV,New,,29.46,3.5,jharrington1,5840,5519,9.74,1700,1888.21,false,321,0,11.24,Core,Core,1.37,1730.82,6,0,21125,737,Source One Financial Services,IN, david mcclanahan,1,0,IN199,Core
246414,avera,54670.2,180,Decline,NewCoast - Boatzon - FL356,Marine Max,FL,Oldsmar,2026-08-03,,,2023,Boat,Used,,31.68,3.08,S1House,,25,9.99,15000,15000,false,,,11.49,Core,Core,0.65,0,,0,83470,743,Source One Financial Services,NY, stephen bertoni,0,0,FL356,Core
246180,sbaker,29242,180,Auto Approval,Klines Auto World Inc -MI223,,MI,Warren,2026-08-03,2026-08-03,,2027,RV,New,,34.35,6.38,dzilberchtein,,30,9.99,3050,3050,false,,,11.49,Silver 1,Core,1,0,,0,29104,717,Source One Financial Services,MI,,1,1,MI223,Silver
246472,ccampos,72289,180,Conditional Approval,Jimmy Jones Polaris - ESC120,EPIC,SC,Orangeburg,2026-08-03,2026-08-04,,2026,Boat,New,696,33.15,4.66,S1House,,1287,9.74,8000,8000,false,,,11.24,Core,Core,1.01,0,,0,71418,740,Source One Financial Services,SC, chuck smith,1,1,ESC120,Core
246381,,24262.69,180,Auto Decline,Sky Marine - Orlando - FL307,,FL,Sanford,2026-08-03,,,2027,Boat,New,,32.86,6.68,pcarter,,0,14.99,2700,2700,false,,,15.99,Silver 2,Silver 2,1.02,0,,0,23676,634,Source One Financial Services,FL,,0,0,FL307,Silver
246376,thovey,94996.5,144,Auto Approval,East Coast Campers & More - DE103,,DE,Frankford,2026-08-03,2026-08-04,,2026,RV,New,747,25.09,6.25,gcoulombe,,1008,8.99,24000,24000,false,,,9.49,Core,Core,1.2,0,,0,79338,786,Source One Financial Services,MD, terry spencer,1,1,DE103,Core
246134,rsimmons,16664.61,144,Booked,Fun Town RV - Cleburne -TX108,Fun Town,TX,Cleburne,2026-08-03,2026-08-04,2026-08-04,2022,RV,Used,686,29.85,1.81,S1House,2082,2032,10.49,0,0,false,36,14,10.49,Core,Core,0.98,0,0,0,16950,714,Source One Financial Services,TX, brenden boggs,1,0,TX108,Core
246427,mnava,45372.79,180,Decline,Rock Solid Funding LLC - TX536,RSF,TX,BEDFORD,2026-08-03,,,2022,RV,Used,697,31.1,2.52,S1House,,44,10.24,10000,10000,false,,,11.74,Core,Core,0.82,0,,0,55600,726,Source One Financial Services,IA, alicia mondragon,0,0,TX536,Core
246321,,15588.21,120,Auto Decline,Williamson RV LLC-IN209,,IN,Seymour,2026-08-03,,,2026,RV,New,,35.11,8.32,jharrington1,,0,22.99,1000,1000,false,,,23.99,Bronze,Bronze,1.06,0,,0,14760,581,Source One Financial Services,IN,,0,0,IN209,Business First
246269,eavila,42225.5,180,Conditional Approval,The RV Store - Logan - UT140,,UT,Logan,2026-08-03,2026-08-03,,2027,RV,New,582,35.39,7.89,ljablonoski,,60,8.99,2000,2000,false,,,9.74,Core,Not Applicable,1.04,0,,0,40649,708,Connexus Credit Union,UT, michael hodson,1,1,UT140,Not Applicable
246317,rsimmons,42399.78,180,Booked,Hanner RV Supercenter -TX165,,TX,Baird,2026-08-03,2026-08-04,2026-08-06,2027,RV,New,661,43.35,2.24,gott,4544,1274,9.74,0,0,false,3268,2,9.99,Core,Core,1.23,424,1,0,34517,732,Source One Financial Services,TX, lance finley,1,0,TX165,Core
246148,ccampos,34989.29,240,Decline,Rock Solid Funding LLC - TX536,RSF,TX,BEDFORD,2026-08-03,,,2021,RV,Used,,29.04,9.37,S1House,,67,9.99,4000,4000,false,,,11.49,Core,Core,1.01,0,,0,34650,742,Source One Financial Services,TX, caleb grassi,0,0,TX536,Core
246335,jharrington1,14423.08,168,Auto Approval,LEXINGTON RV LLC - KY135,,KY,LEXINGTON,2026-08-03,2026-08-03,,2023,RV,Used,,33.64,2.82,jharrington1,,33,10.74,4000,4000,false,,,12.24,Core,Core,0.68,0,,0,21150,682,Source One Financial Services,KY, oliver griffen,1,1,KY135,Core
246230,ccampos,19703.27,168,Auto Approval,"Hopper RV, Inc. - IL213",Canopy Financial,IL,Jacksonville,2026-08-03,2026-08-03,,2026,RV,New,760,35.87,1.82,gcoulombe,,72,9.49,0,3000,false,,,10.99,Core,Core,0.75,0,,0,26203,753,Source One Financial Services,IL, mac mclelland,1,1,IL213,Core
246502,eavila,53503.44,180,Booked,WeRV - SCA160,,CA,Hemet,2026-08-03,2026-08-05,2026-08-12,2017,RV,Used,681,28.29,4.55,jrubi,12482,2729,9.74,7800,7800,false,9739,14,10.99,Core,Not Applicable,1.12,2675.17,5,0,47912,843,Allegius Credit Union,AZ, danial cooper,1,0,SCA160,Not Applicable
246548,thovey,76918,180,Decline,Auto Corral RV/AZ Auto Corral LLC -AZ266,,AZ,Mesa,2026-08-03,,,2025,RV,Used,,25.55,7.17,edominguez,,1006,8.74,0,10000,false,,,10.24,Core,Core,0.87,0,,0,88050,780,Source One Financial Services,TX, zac hyzdu,0,0,AZ266,Core
246190,sdelarosa,76719.19,240,Decline,Erie Marine Sales - OH234,,OH,Sheffield Lake,2026-08-03,,,2025,Boat,New,721,3.42,3.26,jharrington1,,43,11.74,10000,10000,true,,,13.74,Business First,Business First,1.02,0,,0,75052,,Source One Financial Services,NH,,0,0,OH234,Business First
246334,sdelarosa,15831.25,144,Decline,Direct Automotive Transport - NC123,,NC,Monroe,2026-08-03,,,2027,RV,New,,38.01,2.92,jsmith,,96,8.74,0,0,false,,,10.24,Core,Core,0.93,0,,0,16988,769,Source One Financial Services,TX, richard abi-nadar,0,0,NC123,Core
246336,avera,40996.24,180,Approved,ANGLERS CHOICE - MARTINSVILLE - VA100,,VA,MARTINSVILLE,2026-08-03,2026-08-03,,2026,Boat,New,689,15.57,2.35,jsmith,,76,6.99,10000,10000,false,,,7.99,Core,Not Applicable,0.85,0,,0,48441,742,Connexus Credit Union,VA, brian shuler,1,1,VA100,Not Applicable
246512,thovey,50659.72,180,Decline,La Mesa RV Center - Albuquerque - NM109,La Mesa,NM,Albuquerque,2026-08-03,,,2016,RV,Used,,23.18,14.04,edominguez,,10271,10.74,1000,11000,false,,,10.74,Core,Core,1,0,,0,50781,727,Source One Financial Services,NM, alfredo franco,0,0,NM109,Core
246536,,29517.37,180,Auto Decline,Rock Solid Funding LLC - TX536,RSF,TX,BEDFORD,2026-08-03,,,2026,Boat,New,,61.65,3.85,S1House,,0,12.49,15000,15000,false,,,13.49,Silver 1,Silver 1,0.89,0,,0,33329.16,676,Source One Financial Services,GA,,0,0,TX536,Silver
246478,mnava,33066.15,180,Booked,Colaw RV Sales -MO110,,MO,Carthage,2026-08-03,2026-08-10,2026-08-10,2022,RV,Used,,26.44,4.23,jweller,9952,9562,10.74,3200,3200,false,389,1,12.24,Core,Core,0.98,1983.97,6,0,33850,698,Source One Financial Services,MO, hailey coss,1,0,MO110,Core
246165,hhisek,66562.79,180,Decline,Rock Solid Funding LLC - TX536,RSF,TX,BEDFORD,2026-08-03,,,2026,RV,New,690,48.83,8.12,S1House,,39,13.74,4000,4000,false,,,14.74,Silver 1,Silver 1,1.25,0,,0,53333,649,Source One Financial Services,TX, ashley rogers,0,0,TX536,Silver
246460,hhisek,29945.1,180,Decline,General RV Center - Salisbury - NC137,General RV,NC,Salisbury,2026-08-03,,,2018,RV,Used,,52.74,7.22,jsmith,,27,8.99,5000,5000,false,,,10.49,Core,Core,0.66,0,,0,45485,791,Source One Financial Services,NC, charles young,0,0,NC137,Core
246225,mnava,58568,180,Decline,Giant RV - Colton - SCA157,Giant RV,CA,Colton,2026-08-03,,,2026,RV,New,692,35.83,6.12,jrubi,,43,13.74,6000,6000,false,,,14.74,Silver 1,Silver 1,1,0,,0,58335,641,Source One Financial Services,CA, c.c. lafrades,0,0,SCA157,Silver
246204,hhisek,49697.21,204,Conditional Approval,Blue Compass RV - Katy - TX571,Blue Compass,TX,Katy,2026-08-03,2026-08-03,,2020,RV,Used,,10.59,4.63,gott,,12,8.49,6000,6000,false,,,9.99,Core,Core,1.05,0,,0,47500,784,Source One Financial Services,TX, jakob cunningham,1,1,TX571,Core
246518,,6885.75,120,Cancelled,Dalton RV LLC-AR132,Warrior Performance,AR,Morrilton,2026-08-03,,,2013,RV,Used,,0,0,jweller,,,22.99,1500,9500,false,,,23.99,Bronze,Bronze,0.44,0,,0,15620,,Source One Financial Services,MS, jimmy orapello,0,0,AR132,Business First
246534,mnava,22620,180,Auto Approval,SOUTHERN IDAHO RV and MARINE LLC - ID104,,ID,JEROME,2026-08-03,2026-08-03,,2022,RV,Used,,23.83,1.9,ljablonoski,,48,7.99,500,500,false,,,9.49,Core,Core,0.99,0,,0,22900,873,Source One Financial Services,NV,,1,1,ID104,Core
246418,eavila,97873,204,Booked,"Vantage Recreational Finance, Inc. -FL291",VRF,FL,FORT LAUDERDALE,2026-08-03,2026-08-04,2026-08-04,2022,RV,Used,,31.28,5.37,S1House,1522,1277,9.39,7800,7800,false,222,23,9.89,Core,Core,0.97,1957.46,2,0,101250,739,Source One Financial Services,MA, emily stratton,1,0,FL291,Core
246272,lgrace,19485.25,180,Conditional Approval,NewCoast - Boatzon - FL356,Marine Max,FL,Oldsmar,2026-08-03,2026-08-03,,2015,Boat,Used,,49.96,4.11,S1House,,30,10.49,3000,3000,false,,,11.99,Core,Core,1,0,,0,19485,758,Source One Financial Services,GA, justin veghte,1,1,FL356,Core
246397,rsimmons,43360.62,144,Booked,DeMontrond RV - Texas City - TX514,,TX,Texas city,2026-08-03,2026-08-06,2026-08-11,2011,RV,Used,859,24.29,2.01,gott,11555,4371,8.99,20000,20000,false,7183,1,10.49,Core,Core,1.45,2601.64,6,0,29850,839,Source One Financial Services,TX, shedrick donnette,1,0,TX514,Core
246251,hhisek,38867.76,180,Decline,Ron Hoover - Lubbock - TX499,Ron Hoover,TX,Slaton,2026-08-03,,,2026,RV,New,,32.24,5.78,gott,,19,10.24,5000,5000,false,,,11.74,Core,Core,0.89,0,,0,43865,694,Source One Financial Services,TX, jon vidaure,0,0,TX499,Core
246388,,266673.11,180,Auto Decline,RV DEPOT OF CLEBURNE - TX461,,TX,JOSHUA,2026-08-03,,,2015,RV,Used,,80.01,28.73,gott,,0,8.99,15000,15000,false,,,10.49,Core,Core,0.98,0,,0,272580,787,Source One Financial Services,TX,,0,0,TX461,Core
246545,mnava,58055,240,Decline,Blue Compass RV - Oklahoma City - OK158,Blue Compass,OK,Norman,2026-08-03,,,2023,RV,Used,,26.01,8.54,jweller,,29,10.49,0,0,false,,,11.99,Core,Core,0.87,0,,0,66825,707,Source One Financial Services,OK, carl cobb,0,0,OK158,Core
246227,jharrington1,16260.43,144,Booked,The Outpost RV Inc -IN144,,IN,Middlebury,2026-08-03,2026-08-03,2026-08-03,2026,RV,New,,21.23,1.68,jharrington1,395,359,9.99,500,16500,false,35,1,11.49,Core,Core,0.49,975.63,6,0,33140,708,Source One Financial Services,IN,,1,0,IN144,Core
246422,sbaker,33849.25,180,Decline,Ron Hoover - Breckenridge - TX496,Ron Hoover,TX,Beckenridge,2026-08-03,,,2026,Boat,New,,35.53,3.66,gott,,9,10.24,2000,2000,false,,,11.74,Core,Core,1.24,0,,0,27237,692,Source One Financial Services,TX, cris stoker,0,0,TX496,Core
246508,sbaker,26126.5,180,Decline,GREAT AMERICAN RV SUPERSTORE-HAMMOND - LA105,,LA,HAMMOND,2026-08-03,,,2026,RV,New,670,49.58,2.59,gott,,9,9.99,3000,3000,false,,,10.99,Core,Core,0.86,0,,0,30222.5,705,Source One Financial Services,LA, kerry turlich,0,0,LA105,Core
246142,lgrace,37842.84,204,Auto Approval,BOAT AND MOTOR SUPERSTORES PALM HARBOUR - FL155,,FL,PALM HARBOUR,2026-08-03,2026-08-13,,2026,Boat,New,,44.94,5.1,wstoutimore,,14355,9.99,18000,43000,false,,,11.49,Core,Core,0.68,0,,0,55825,706,Source One Financial Services,FL, mike cauthen,1,1,FL155,Core
246435,sbaker,13776.23,120,Decline,Blue Compass - Mobile - AL170,Blue Compass,AL,Theodore,2026-08-03,,,2026,RV,New,650,37.12,1.24,jsmith,,22,10.24,5000,5000,false,,,11.74,Core,Core,0.87,0,,0,15832,696,Source One Financial Services,FL, dylan howard,0,0,AL170,Core
246198,thovey,14652.51,144,Booked,TOONS USA LLC - OK119,Easy Care,OK,OKLAHOMA CITY,2026-08-03,2026-08-07,2026-08-07,2025,Boat,New,,7.97,2.47,jweller,6037,5983,7.24,5000,5000,false,54,0,8.74,Core,Core,0.78,879.15,6,0,18890.65,811,Source One Financial Services,IL, bradley taylor,1,0,OK119,Core
246456,hhisek,50101.19,180,Decline,Blue Compass RV - San Antonio - TX572,Blue Compass,TX,San Antonio,2026-08-03,,,2027,RV,New,,36.43,11.39,gott,,12,14.99,0,0,false,,,15.99,Silver 1,Silver 1,1.16,0,,0,43078.75,640,Source One Financial Services,TX, qyn loza,0,0,TX572,Silver
246351,sbaker,103587.75,180,Decline,DADS CAMPER OUTLET - PICAYUNE - MS101,,MS,PICAYUNE,2026-08-03,,,2026,RV,New,695,34.47,9,jsmith,,4,13.74,11000,11000,false,,,14.74,Silver 1,Silver 1,1,0,,0,103520,648,Source One Financial Services,LA, austin carney,0,0,MS101,Silver
246261,hhisek,58855,180,Decline,JOHNNY'S RV SUPERSTORE LLC - AL124,,AL,THEODORE,2026-08-03,,,2021,RV,Used,,31.71,5.99,jsmith,,71,10.74,4900,9000,false,,,12.24,Core,Not Applicable,1,0,,0,58905,684,Connexus Credit Union,FL,,0,0,AL124,Not Applicable
246490,hhisek,40481.75,180,Decline,CAMPERS RV CENTER - LA103,,LA,SHREVEPORT,2026-08-03,,,2027,RV,New,,56.8,4.61,gott,,4,10.24,1900,1900,false,,,11.74,Core,Core,0.98,0,,0,41158,696,Source One Financial Services,LA, dustin pinkston,0,0,LA103,Core
246407,hhisek,20505.23,180,Approved,Ron Hoover Companies Katy -TX275,Ron Hoover,TX,Katy,2026-08-03,2026-08-03,,2022,RV,Used,,20.26,2.6,gott,,5,10.49,1000,1000,false,,,11.99,Core,Core,0.79,0,,0,25800,720,Source One Financial Services,TX, greg woods,1,1,TX275,Core
246353,Jhill,19196.48,144,Booked,"Vantage Recreational Finance, Inc. -FL291",VRF,FL,FORT LAUDERDALE,2026-08-03,2026-08-05,2026-08-05,2015,RV,Used,,11.13,3.36,S1House,3069,2913,8.99,3000,3000,false,153,3,10.49,Core,Core,1.07,1151.79,6,0,18000,782,Source One Financial Services,CA, trenton cott,1,0,FL291,Core
246450,Jhill,54071.93,240,Auto Approval,Clearwater Marine - FL227,OneWater ,FL,Clearwater,2026-08-03,2026-08-10,,2021,Boat,Used,,35.06,2.91,wstoutimore,,10334,7.99,0,16000,false,,,9.49,Core,Core,1.23,0,,0,44035,848,Source One Financial Services,FL, jared gooch,1,1,FL227,Core
246492,Jhill,38673.84,180,Decline,Fun Town RV-Denton -TX322,Fun Town,TX,Denton,2026-08-03,,,2026,RV,Used,,27.7,5.38,gott,,8,13.74,0,0,false,,,14.74,Silver 1,Silver 1,0.9,0,,0,43050,654,Source One Financial Services,KS, jacob redante,0,0,TX322,Silver
246393,sbaker,15660,144,Approved,Woodland Airstream of Indiana - IN216,,IN,Lebanon,2026-08-03,2026-08-03,,2023,RV,Used,,2.59,2.59,jharrington1,,21,7.99,500,500,false,,,9.49,Core,Core,0.8,0,,0,19550,811,Source One Financial Services,IL,,1,1,IN216,Core
246221,ccampos,124293,120,Decline,"Vantage Recreational Finance, Inc. -FL291",VRF,FL,FORT LAUDERDALE,2026-08-03,,,2026,Boat,New,590,10.59,2.54,S1House,,1266,12.49,0,85000,false,,,13.49,Silver 1,Silver 1,0.69,0,,0,180540,679,Source One Financial Services,TN, sean mccomas,0,0,FL291,Silver
246391,thovey,125696.99,240,Booked,Blue Compass RV - Oklahoma City - OK158,Blue Compass,OK,Norman,2026-08-03,2026-08-10,2026-08-13,2025,RV,Used,756,31.52,8.85,jweller,14349,9878,7.24,2000,18943.01,false,4466,5,6.99,Core,Core,1.22,1256.97,1,0,102768,811,Source One Financial Services,OK, carl cobb,1,0,OK158,Core
246309,ccampos,24599.25,180,Decline,SR1 Companies-Manchester-ME109,,ME,Manchester,2026-08-03,,,2022,RV,Used,,40.69,8.87,gcoulombe,,21,14.49,2600,2600,false,,,15.49,Silver 1,Silver 1,0.93,0,,0,26400,658,Source One Financial Services,ME, des best,0,0,ME109,Silver
246503,,125921.88,240,Auto Decline,The Sportsman -TX285,,TX,San Benito,2026-08-03,,,2027,Boat,New,,48.18,7.05,gott,,0,14.99,13000,13000,false,,,15.99,Silver 2,Silver 2,1.25,0,,,100819,638,Source One Financial Services,TX,,0,0,TX285,Silver
246304,jharrington1,27482.88,204,Auto Approval,General RV Center - North Canton - OH200,General RV,OH,North Canton,2026-08-03,2026-08-03,,2027,RV,New,701,26.33,2.32,jharrington1,,19,9.99,1500,1500,false,,,11.49,Core,Core,1.04,0,,0,26435,711,Source One Financial Services,OH, martin jay,1,1,OH200,Core
246378,mnava,108749,240,Conditional Approval,La Mesa RV Center - San Diego - SCA161,La Mesa,CA,San Diego,2026-08-03,2026-08-03,,2026,RV,New,723,42.21,4.73,jrubi,,151,7.74,26577,17385,false,,,8.74,Core,Not Applicable,0.8,0,,0,136245,754,Connexus Credit Union,CA, rob sims,1,1,SCA161,Not Applicable
246464,lgrace,7394.25,120,Decline,Wright Campers LLC - NC163,,NC,Dobson,2026-08-03,,,2016,RV,Used,,59.79,1.68,jsmith,,50,9.24,5000,5000,false,,,9.74,Core,Core,0.52,0,,0,14175,830,Source One Financial Services,NC, kimberley wright,0,0,NC163,Core
246423,,9178.36,180,Auto Decline,Keystone RV Center  - PA110,Pete's RV,PA,Greencastle,2026-08-03,,,2020,RV,Used,606,62.12,1.19,jharrington1,,0,22.99,1000,7000,false,,,23.99,Bronze,Bronze,0.62,0,,0,14905,599,Source One Financial Services,PA,,0,0,PA110,Business First
246252,thovey,72189,120,Decline,Rocky Ridge RV - Muskogee - OK148,Rocky Ridge,OK,Muskogee,2026-08-03,2026-08-03,,2026,RV,New,734,22.38,5.58,jweller,,150,11.74,0,7252,true,,,13.74,Business First,Business First,0.89,0,,0,80748,,Source One Financial Services,OK, jt thomas,0,0,OK148,Business First
246182,hhisek,16105.58,144,Booked,Thomas RV and Auto Sales - AR118,,AR,Searcy,2026-08-03,2026-08-07,2026-08-07,2017,RV,Used,,23.49,2.74,jweller,6135,6119,14.99,2500,2500,false,15,1,15.99,Silver 1,Silver 1,1.49,644.22,4,0,10800,652,Source One Financial Services,AR, chris moffit,1,0,AR118,Silver
246267,mlomedico,39363.91,180,Booked,Collier RV - IL131,,IL,Rockford,2026-08-03,2026-08-10,2026-08-10,2026,RV,New,646,32.72,2.85,gcoulombe,10375,9936,10.24,6240,6376.4,false,439,0,11.74,Core,Core,1.31,2361.83,6,0,30087,681,Source One Financial Services,IL, john tessendorf,1,0,IL131,Core
246396,jharrington1,96986.5,240,Decline,Royal RV & Auto Center Inc - IN203,,IN,Middleberry,2026-08-03,,,2026,RV,New,646,40.97,7.82,jharrington1,,77,10.24,1000,18000,false,,,11.74,Core,Not Applicable,0.85,0,,0,113582,690,Connexus Credit Union,IN, jason flick,0,0,IN203,Not Applicable
246449,rsimmons,23537.03,180,Conditional Approval,Blue Compass RV - Seguin - TX573,Blue Compass,TX,Sequin,2026-08-03,2026-08-03,,2021,RV,Used,,5.94,3.39,gott,,27,14.49,38000,38000,false,,,15.49,Silver 1,Silver 1,0.4,0,,0,59500,642,Source One Financial Services,TX, gus ponce,1,1,TX573,Silver
246259,hhisek,71240.16,240,Decline,JEFF COUCHS CAMPERS -OH107,Jeff Couchs,OH,Trenton,2026-08-03,,,2027,RV,New,647,22.78,3.13,jharrington1,,39,13.74,20000,20000,false,,,14.74,Silver 1,Silver 1,0.82,0,,0,87213,652,Source One Financial Services,NY, charles thomas,0,0,OH107,Silver
246431,ccampos,62099,180,Conditional Approval,"Vantage Recreational Finance, Inc. -FL291",VRF,FL,FORT LAUDERDALE,2026-08-03,2026-08-03,,2020,RV,Used,694,37.35,3.72,S1House,,40,8.49,2500,2500,false,,,9.99,Core,Core,1.23,0,,0,50600,783,Source One Financial Services,CA, emily stratton,1,1,FL291,Core
246213,sdelarosa,178777.97,240,Decline,North Trail RV Center - FL347,,FL,Ft. Myers,2026-08-03,,,2026,RV,Used,,50.86,7.36,wstoutimore,,1631,9.99,33000,-5687.71,false,,,11.49,Core,Core,1.19,0,,0,150590,719,Source One Financial Services,FL, michael engh,0,0,FL347,Core
246332,mnava,53549,180,Conditional Approval,"Vantage Recreational Finance, Inc. -FL291",VRF,FL,FORT LAUDERDALE,2026-08-03,2026-08-03,,2022,RV,Used,,20.63,3.14,S1House,,56,9.99,12000,12000,false,,,11.49,Core,Core,0.78,0,,0,68355,760,Source One Financial Services,WA, jenica carpentier,1,1,FL291,Core
246333,,9825,144,Auto Decline,Strickland Marine Center Inc. - ESC107,EPIC,SC,Anderson,2026-08-03,,,2022,Boat,Used,,49.99,1.8,S1House,,0,14.74,20000,20000,false,,,15.24,Silver 1,Silver 1,0.56,0,,0,17501,669,Source One Financial Services,SC,,0,0,ESC107,Silver
246469,thovey,59547.01,240,Decline,Sun City RV -AZ205,,AZ,Peoria,2026-08-03,,,2027,RV,New,,11.41,7.78,edominguez,,37,10.24,6000,6000,false,,,11.74,Core,Core,1.05,0,,0,56655,690,Source One Financial Services,AZ, rory fields,0,0,AZ205,Core
246178,,56680.15,240,Auto Decline,Bish's RV of Birmingham - AL172,Bish's RV,AL,calera,2026-08-03,,,2022,RV,Used,,70.45,15.43,jsmith,,0,14.49,6300,6300,false,,,15.49,Silver 1,Silver 1,0.97,0,,0,58550,657,Source One Financial Services,AL,,0,0,AL172,Silver
246191,thovey,56536.94,240,Booked,Prestige RV Center - Shawnee - OK128,,OK,Shawnee,2026-08-03,2026-08-07,2026-08-07,2024,RV,Used,806,26.89,2.06,jweller,6193,6170,7.49,5700,5700,false,22,1,8.99,Core,Core,1.19,3392.22,6,0,47550,846,Source One Financial Services,OK, prestige finance,1,0,OK128,Core
246516,,35369.73,180,Auto Decline,PRIMEAUX RV SUPERSTORE - ALEXANDRIA - LA101,,LA,ALEXANDRIA,2026-08-03,,,2026,RV,New,523,42.04,9.98,gott,,0,22.99,100,4700,false,,,23.99,Bronze,Bronze,0.97,0,,0,36526,611,Source One Financial Services,TX,,0,0,LA101,Business First
246257,hhisek,43299.55,180,Auto Approval,Sun City RV -AZ205,,AZ,Peoria,2026-08-03,2026-08-03,,2020,RV,Used,,30.02,3.61,edominguez,,375,13.24,5000,5000,false,,,14.24,Silver 1,Silver 1,0.95,0,,0,45650,670,Source One Financial Services,NM, rory fields,1,1,AZ205,Silver
246171,thovey,52144,180,Decline,BLUE COMPASS RV  DES MOINES-IA222,Blue Compass,IA,ALTOONA,2026-08-03,,,2021,RV,Used,,15.92,5.82,gcoulombe,,10,10.49,2000,7900,false,,,11.99,Core,Core,1.03,0,,0,50650,710,Source One Financial Services,IA, roscoe vacco,0,0,IA222,Core
246301,jharrington1,52511.96,180,Decline,SUSQUEHANNA VALLEY RV - SELINSGROVE - PA115,,PA,SELINSGROVE,2026-08-03,,,2027,RV,New,,40.7,9.37,jharrington1,,21,10.24,0,-2350,false,,,11.74,Core,Core,1.2,0,,0,43912,682,Source One Financial Services,PA, danielle wagner,0,0,PA115,Core
246347,,34238.27,180,Auto Decline,The Sportsman -TX285,,TX,San Benito,2026-08-03,,,2026,Boat,New,,57.44,12.39,gott,,0,12.49,0,0,false,,,13.49,Silver 1,Silver 1,1.14,0,,,29921.03,668,Source One Financial Services,TX,,0,0,TX285,Silver
246170,sbaker,59348.01,240,Booked,Fun Town RV Orange LP - TX468,Fun Town,TX,Orange,2026-08-03,2026-08-04,2026-08-04,2027,RV,New,,23.67,6.01,gott,1896,1885,9.24,5000,5000,false,11,0,10.24,Core,Core,1.25,2373.92,4,0,47532,727,Source One Financial Services,LA, nicholas quicksell,1,0,TX468,Core
246306,thovey,25053.94,180,Decline,AC Nelsen RV World - NE103,,NE,Omaha,2026-08-03,,,2025,RV,New,609,32.19,2.47,dzilberchtein,,24,10.24,0,0,false,,,11.74,Core,Core,0.9,0,,0,27781,698,Source One Financial Services,NE, rian white,0,0,NE103,Core
246346,sbaker,66913.71,240,Decline,ANGLERS MARINE - SCA119,,CA,ANAHEIM,2026-08-03,,,2026,Boat,New,,30.68,16.02,jrubi,,21,9.74,10000,10000,false,,,11.24,Core,Core,1.06,0,,0,63000,727,Source One Financial Services,CA, mark hamann,0,0,SCA119,Core
246139,hhisek,44522.79,180,Decline,Rock Solid Funding LLC - TX536,RSF,TX,BEDFORD,2026-08-03,,,2019,RV,Used,,47.14,6,S1House,,4547,8.49,0,0,false,,,9.99,Core,Core,1.04,0,,0,42800,843,Source One Financial Services,TN, alicia mondragon,0,0,TX536,Core
246161,,54981.63,240,Cancelled,Fun Town RV - Indianapolis - IN215,Fun Town,IN,Edinburgh,2026-08-03,,,2026,RV,New,,0,0,jharrington1,,,22.99,5000,6000,false,,,23.99,Bronze,Bronze,1.22,0,,0,44919,,Source One Financial Services,IN, chase ackeret,0,0,IN215,Business First
246370,sbaker,15768.13,144,Decline,Ashley Marine LLC - Stapleton - AL168,,AL,Stapleton,2026-08-03,2026-08-03,,2026,Boat,New,,34.52,2.25,jsmith,,4295,12.24,2000,2000,false,,,13.74,Core,Core,0.93,0,,0,16967,680,Source One Financial Services,AL, joey hawkins,0,0,AL168,Core
246240,ccampos,61222.79,180,Conditional Approval,Rock Solid Funding LLC - TX536,RSF,TX,BEDFORD,2026-08-03,2026-08-03,,2021,RV,Used,874,26.9,4.58,S1House,,30,7.99,5000,5000,false,,,9.49,Core,Core,1.13,0,,0,54050,875,Source One Financial Services,MA, alicia mondragon,1,1,TX536,Core
246160,lgrace,66974.82,240,Decline,Campers Inn Kings Mountain -NC108,Campers Inn,NC,Kings Mountain,2026-08-03,,,2027,RV,New,,35.79,16.1,jsmith,,5,9.49,7500,7500,false,,,10.99,Core,Core,0.85,0,,0,78968.07,754,Source One Financial Services,SC, hunter lee,0,0,NC108,Core
246162,,24777.63,180,Auto Decline,Blue Compass RV - Tyler - TX552,Blue Compass,TX,Tyler,2026-08-03,,,2025,RV,Used,,28.27,8.13,gott,,0,14.99,1000,1000,false,,,15.99,Silver 2,Silver 2,0.74,0,,0,33660,632,Source One Financial Services,TX,,0,0,TX552,Silver
246497,hhisek,53225.44,204,Decline,RGV RV SALES - TX569,,TX,Mission,2026-08-03,,,2027,RV,New,,31.02,3.98,gott,,9759,9.99,5400,5400,false,,,11.49,Core,Core,0.93,0,,0,57083,707,Source One Financial Services,TX, cesar pena,0,0,TX569,Core
246438,,108500.73,180,Auto Decline,"Ron Hoover Companies of Donna, Inc -Tx277",Ron Hoover,TX,Donna,2026-08-03,,,2026,RV,New,,46.49,19.55,gott,,0,22.99,2000,10000,false,,,23.99,Bronze,Bronze,1.23,0,,0,88221,605,Source One Financial Services,TX,,0,0,TX277,Business First
246400,sdelarosa,51241.23,240,Auto Approval,RV's Of America - Duncan - SC130,,SC,Duncan,2026-08-03,2026-08-05,,2027,RV,New,,24.87,4.2,jsmith,,2470,7.49,8700,8700,false,,,8.99,Core,Core,1.3,0,,0,39441.4,807,Source One Financial Services,TN, dakota giardino,1,1,SC130,Core
246298,,31239.37,180,Auto Decline,CRESTVIEW RV SUPERSTORE - SELMA - TX484,Campers Inn,TX,SELMA,2026-08-03,,,2026,RV,New,,45.97,1.85,gott,,0,14.99,1000,1000,false,,,15.99,Silver 2,Silver 2,1.01,0,,0,31050,632,Source One Financial Services,TX,,0,0,TX484,Silver
246274,Jhill,36485.1,180,Conditional Approval,Boardman RV Inc - ECO107,EPIC,CO,Pueblo West,2026-08-03,2026-08-03,,2026,RV,New,,39.46,5.75,S1House,,34,10.24,3800,3800,false,,,11.74,Core,Core,0.94,0,,0,38698,684,Source One Financial Services,CO, chuck smith,1,1,ECO107,Core
246222,,20761.6,144,Auto Decline,Longview RV Inc-CT108,,CT,Windor Locks,2026-08-03,,,2026,RV,New,,11.77,0.75,gcoulombe,,0,22.99,250,250,false,,,23.99,Bronze,Bronze,1.25,0,,0,16634,613,Source One Financial Services,CT,,0,0,CT108,Business First
246425,rsimmons,59537.03,180,Auto Approval,Blue Compass RV - South Beumont - TX551,Blue Compass,TX,Vidor,2026-08-03,2026-08-10,,2021,RV,Used,,25.17,4.1,gott,,10013,8.24,1000,1000,false,,,9.24,Core,Not Applicable,1.08,0,,0,55150,741,Connexus Credit Union,TX, leah sligar,1,1,TX551,Not Applicable
246476,,71846.71,240,Auto Decline,RV Station LTD - Nacogdoches -TX367,,TX,NACOGDOCHES,2026-08-03,,,2025,RV,New,,31.73,4.79,gott,,0,14.99,3000,3000,false,,,15.99,Silver 2,Silver 2,0.87,0,,0,82335,634,Source One Financial Services,TX,,0,0,TX367,Silver
246331,,93171.73,240,Auto Decline,BLUE COMPASS RV INDIANAPOLIS-IN206,Blue Compass,IN,INDIANAPOLIS,2026-08-03,,,2026,RV,New,,47.48,26.53,jharrington1,,0,13.74,10000,15400,false,,,14.74,Silver 1,Silver 1,0.98,0,,0,95133,643,Source One Financial Services,GA,,0,0,IN206,Silver
246402,hhisek,98165.36,240,Decline,La Mesa RV Center - Port St Lucie - FL314,La Mesa,FL,Port St Lucie,2026-08-03,,,2026,RV,New,,14.52,3.29,pcarter,,4279,14.99,30000,30000,false,,,15.99,Silver 1,Not Applicable,0.74,0,,0,131784,640,Ideal Credit Union,FL, dallas lostutter,0,0,FL314,Not Applicable
246231,thovey,14987.84,120,Approved,Fun Town RV - Las Vegas - NV116,Fun Town,NV,Las Vegas,2026-08-03,2026-08-03,,2026,RV,New,,17.56,4.57,ljablonoski,,48,7.49,4000,4000,false,,,8.99,Core,Core,0.9,0,,0,16617,836,Source One Financial Services,AZ, julie ronquillo,1,1,NV116,Core
246209,hhisek,18003.85,144,Decline,MURPHY RV LLC - FL184,,FL,MELBOURNE,2026-08-03,,,2024,RV,Used,725,78.34,4.12,pcarter,,13,9.49,2000,2000,false,,,10.99,Core,Core,1.28,0,,0,14025,744,Source One Financial Services,FL, bristol litfin,0,0,FL184,Core
246280,Jhill,49150.81,240,Decline,Dargel Boats Inc - TX582,RDS,TX,Donna,2026-08-03,,,2023,Boat,Used,,25.52,3.21,gott,,3,14.49,5100,5100,false,,,15.49,Silver 1,Silver 1,1.02,0,,0,48020,651,Source One Financial Services,TX, shane taylor,0,0,TX582,Silver
246329,hhisek,9972.19,84,Auto Approval,Fun Town RV Win LLC - OK109,Fun Town,OK,Thackerville,2026-08-03,2026-08-03,,2022,RV,Used,831,10.6,1.47,jweller,,63,8.49,0,6500,false,,,8.74,Core,Core,0.63,0,,0,15800,828,Source One Financial Services,TX, rob miller,1,1,OK109,Core
246308,,23467,144,Auto Decline,General RV Center - North Canton - OH200,General RV,OH,North Canton,2026-08-03,,,2022,RV,Used,613,44.48,4.53,jharrington1,,0,22.99,2300,2300,false,,,23.99,Bronze,Bronze,0.9,0,,0,26185,597,Source One Financial Services,OH,,0,0,OH200,Business First
246255,jrubi,22532.38,144,Auto Approval,Cook's Campers LLC - OK159,Canopy Financial,OK,Kiefer,2026-08-03,2026-08-03,,2022,RV,Used,769,40.96,3.22,jweller,,52,7.99,0,5087.62,false,,,9.49,Core,Core,1.09,0,,0,20700,836,Source One Financial Services,OK, mac mclelland,1,1,OK159,Core
246279,,12756.27,144,Auto Decline,General RV Center - Longmont - CO156,General RV,CO,Longmont,2026-08-03,,,2016,RV,Used,,37.28,1.37,dzilberchtein,,0,22.99,20000,20000,false,,,23.99,Bronze,Bronze,0.39,0,,0,32800,615,Source One Financial Services,NE,,0,0,CO156,Business First
246172,hhisek,24992.79,180,Approved,Rock Solid Funding LLC - TX536,RSF,TX,BEDFORD,2026-08-03,2026-08-03,,2020,RV,Used,,20.53,7.53,S1House,,35,10.49,0,0,false,,,11.99,Core,Core,0.77,0,,0,32250,704,Source One Financial Services,KY, alicia mondragon,1,1,TX536,Core
246521,mnava,43699,180,Auto Approval,"Vantage Recreational Finance, Inc. -FL291",VRF,FL,FORT LAUDERDALE,2026-08-03,2026-08-03,,2018,RV,Used,703,45.09,3.93,S1House,,96,8.49,0,0,false,,,9.99,Core,Core,0.71,0,,0,61761,806,Source One Financial Services,GA, megan fitzkee,1,1,FL291,Core
246467,sbaker,24871.59,120,Conditional Approval,Ashley Marine - Panama City -  FL255,,FL,Panama City,2026-08-03,2026-08-04,,2027,Boat,New,,25.44,8.34,wstoutimore,,1353,9.49,3000,3000,false,,,10.24,Core,Not Applicable,1.17,0,,0,21210,683,Connexus Credit Union,FL, blake gardner,1,1,FL255,Not Applicable
246140,lgrace,34742.5,180,Approved,SR1 Companies-Turner-ME108,,ME,Turner,2026-08-03,2026-08-03,,2026,RV,New,,44.86,7.38,gcoulombe,,15,9.74,0,0,false,,,11.24,Core,Core,0.9,0,,0,38555,725,Source One Financial Services,ME, shawn martin,1,1,ME108,Core
246398,eavila,68981.59,180,Decline,Blue Compass RV - West Pasco - WA155,Blue Compass,WA,Pasco,2026-08-03,,,2026,RV,New,583,66.69,5.36,ljablonoski,,17,13.74,0,8209.6,false,,,14.74,Silver 1,Silver 1,1.25,0,,0,55340,642,Source One Financial Services,TX, stephani flynn,0,0,WA155,Silver
246372,jharrington1,105000,240,Approved,LAKE CUMBERLAND MARINE - KY134,,KY,SOMERSET,2026-08-03,2026-08-03,,2025,Boat,New,741,17.58,1.98,jharrington1,,27,8.24,15000,15000,false,,,9.74,Core,Core,0.98,0,,0,107651.5,770,Source One Financial Services,OH, amanda hopson,1,1,KY134,Core
246192,Jhill,12085,120,Booked,Paradise RV LLC - SC148,,SC,N Charleston,2026-08-03,2026-08-03,2026-08-03,2019,RV,Used,,6.6,2.14,jsmith,463,90,8.49,3000,3000,false,87,286,9.99,Core,Core,0.63,725.1,6,0,19250,851,Source One Financial Services,CO, nathaniel dunworth,1,0,SC148,Core
246510,jharrington1,23249.5,180,Decline,Walnut Ridge Family RV Sales -IN101,,IN,New Castle,2026-08-03,,,2021,RV,Used,,14.56,2.48,jharrington1,,22,9.99,2300,2300,false,,,11.49,Core,Core,0.62,0,,0,37206.75,759,Source One Financial Services,TX, jesse trennepohl,0,0,IN101,Core
246447,sdelarosa,132916.84,240,Booked,Gerzeny's RV World - Bradenton - FL257,,FL,Bradenton,2026-08-03,2026-08-06,2026-08-11,2026,RV,New,,39.34,8.04,wstoutimore,11212,4378,8.99,14000,14000,false,5870,964,9.74,Core,Not Applicable,1.12,3987.51,3,0,118415,715,Connexus Credit Union,FL, gary o'callaghan,1,0,FL257,Not Applicable
246286,mnava,26965,180,Decline,AC Nelsen RV World - NE103,,NE,Omaha,2026-08-03,,,2027,RV,New,688,51.84,3.72,dzilberchtein,,15,9.99,2950,2950,false,,,11.49,Core,Core,0.73,0,,0,36958,711,Source One Financial Services,NE, rian white,0,0,NE103,Core
246443,jharrington1,75022.22,204,Booked,Highland Park Models and Tiny Homes LLC - OH228,,OH,Huntsburg,2026-08-03,2026-08-10,2026-08-13,2027,RV,New,720,28.94,5.03,jharrington1,14324,10092,8.24,10000,8500,false,1163,3069,8.99,Core,Core,1.21,2250.67,3,0,62066,831,Source One Financial Services,OH,,1,0,OH228,Core
246429,ccampos,70122.27,240,Approved,Rock Solid Funding LLC - TX536,RSF,TX,BEDFORD,2026-08-03,2026-08-03,,2026,Boat,New,,25.52,6.03,S1House,,13,7.49,20500,20500,false,,,8.99,Core,Core,1.02,0,,0,68740,872,Source One Financial Services,CA, serena pulliam,1,1,TX536,Core
246357,avera,26062.18,180,Decline,OPTIMUM RV Titusville - FL165,Optimum RV,FL,MIMS,2026-08-03,,,2019,RV,Used,,17.89,3.21,pcarter,,56,14.99,3000,3000,false,,,15.99,Silver 1,Silver 1,1.2,0,,0,21670,641,Source One Financial Services,TX, antonio owens,0,0,FL165,Silver
246276,ccampos,20415,180,Approved,"Vantage Recreational Finance, Inc. -FL291",VRF,FL,FORT LAUDERDALE,2026-08-03,2026-08-03,,2019,RV,Used,756,32.53,0.99,S1House,,55,8.49,5200,5200,false,,,9.99,Core,Core,1.22,0,,0,16800,825,Source One Financial Services,AZ, brian decastro,1,1,FL291,Core
246415,Jhill,59680.29,240,Approved,Rock Solid Funding LLC - TX536,RSF,TX,BEDFORD,2026-08-03,2026-08-03,,2022,Boat,Used,,26.77,6.19,S1House,,20,10.49,6000,6000,false,,,11.99,Core,Core,0.99,0,,0,60000,711,Source One Financial Services,TX, alicia mondragon,1,1,TX536,Core
246313,sbaker,10537.19,120,Verifications Incomplete,Fish and Ski Marine - Canton - TX575,,TX,Canton,2026-08-03,2026-08-13,,2012,Boat,Used,,33.52,2.82,gott,,14694,11.49,1500,1500,false,,0,12.99,Core,Core,1.21,0,,0,8730,718,Source One Financial Services,TX, paul hyland,1,1,TX575,Core
246501,eavila,57922.79,240,Approved,Rock Solid Funding LLC - TX536,RSF,TX,BEDFORD,2026-08-03,2026-08-03,,2023,RV,Used,710,13.11,6.5,S1House,,65,7.99,30000,30000,false,,,9.49,Core,Core,0.69,0,,0,84420,854,Source One Financial Services,TX, alicia mondragon,1,1,TX536,Core
246537,thovey,69477.79,180,Decline,Rock Solid Funding LLC - TX536,RSF,TX,BEDFORD,2026-08-03,,,2026,RV,New,642,59.4,9.35,S1House,,39,12.49,0,0,false,,,13.49,Silver 1,Silver 1,1.32,0,,0,52500,674,Source One Financial Services,NC, ashley rogers,0,0,TX536,Silver
246527,mnava,19494,180,Decline,McDowell South Inc - MO203,,MO,Jackson,2026-08-03,,,2026,RV,New,563,58.52,3.13,jweller,,1030,13.74,0,2700,false,,,14.74,Silver 1,Silver 1,0.85,0,,0,22923,643,Source One Financial Services,MS, alan sellers,0,0,MO203,Silver
246156,mlomedico,19640.06,120,Decline,H2O SPORTZ and MARINE LLC - AR102,,AR,North Little Rock,2026-08-03,,,2026,Boat,New,,38.16,10.7,jweller,,323,22.99,2000,2000,false,,,23.99,Silver 1,Not Applicable,1.2,0,,0,16367,675,Connexus Credit Union,AR, herb skiles,0,0,AR102,Not Applicable
246359,rsimmons,36601.32,180,Decline,Golden Triangle Homes and RV Inc -TX179,,TX,Vidor,2026-08-03,,,2026,RV,New,,6.13,4.89,gott,,4,13.74,1500,1500,false,,,14.74,Silver 1,Silver 1,1,0,,0,36785,648,Source One Financial Services,TX, jeremiah harrington,0,0,TX179,Silver
246514,sdelarosa,37251.46,180,Decline,Keystone RV Center  - PA110,Pete's RV,PA,Greencastle,2026-08-03,,,2027,RV,New,738,46.1,4.19,jharrington1,,17,12.49,500,500,false,,,13.49,Silver 1,Silver 1,0.94,0,,0,39699,662,Source One Financial Services,PA, jennifer vance,0,0,PA110,Silver
246319,hhisek,96240.35,240,Auto Approval,Parker Marine - FL285,,FL,New Smyrna Beach,2026-08-03,2026-08-10,,2026,Boat,New,,4.36,1.55,pcarter,,10227,9.99,55000,55000,false,,,11.49,Core,Core,0.89,0,,0,107885,717,Source One Financial Services,FL, erik peterson,1,1,FL285,Core
246135,avera,17074.07,168,Conditional Approval,Chesaco RV - Frederick - MD109,,MD,Frederick,2026-08-03,2026-08-03,,2026,RV,New,804,42.7,2.11,gcoulombe,,4,7.49,0,0,false,,,8.99,Core,Core,1.05,0,,0,16191,820,Source One Financial Services,VA, bert landes,1,1,MD109,Core
246496,,147606.38,240,Auto Decline,Paradise Marine Center - AL148,,AL,Gulf Shores,2026-08-03,,,2023,Boat,Used,,69.14,24.87,jsmith,,0,10.74,0,0,false,,,12.24,Core,Core,1.2,0,,0,123255,693,Source One Financial Services,AL,,0,0,AL148,Core
246151,rsimmons,33159,180,Conditional Approval,Klines Auto World Inc -MI223,,MI,Warren,2026-08-03,2026-08-03,,2026,RV,New,673,31.16,2.33,dzilberchtein,,11,10.24,3460,3460,false,,,11.74,Core,Core,0.87,0,,0,38175,694,Source One Financial Services,MI,,1,1,MI223,Core
246530,thovey,37251.46,180,Decline,Keystone RV Center  - PA110,Pete's RV,PA,Greencastle,2026-08-03,,,2027,RV,New,,103.78,12.79,jharrington1,,42,22.99,500,500,false,,,23.99,Core,Core,0.94,0,,0,39699,738,Source One Financial Services,PA, jennifer vance,0,0,PA110,Core
246195,sbaker,38492.61,180,Booked,Apache Village RV-Hazelwood -MO113,,MO,Hazelwood,2026-08-03,2026-08-03,2026-08-04,2026,RV,New,734,36.13,3.93,jweller,1818,56,7.99,4784,5332.39,false,216,1546,9.74,Core,Core,1.41,2694.48,7,0,27249,792,Source One Financial Services,IL,,1,0,MO113,Core
246228,mlomedico,17417.79,96,Auto Approval,Freedom RV-AZ252,,AZ,Tucson,2026-08-03,2026-08-03,,2017,RV,Used,,6.16,2.4,edominguez,,414,8.55,6500,6500,false,,,9.55,Core,Not Applicable,1,0,,0,17450,750,Ideal Credit Union,AZ, tyler temple,1,1,AZ252,Not Applicable
246433,hhisek,22056.2,180,Auto Approval,"Whittle Boats, Inc -TX114",,TX,Lewisville,2026-08-03,2026-08-03,,2020,Boat,Used,,24.65,1.53,gott,,36,14.49,2500,2500,false,,,15.49,Silver 1,Silver 1,0.8,0,,0,27675,653,Source One Financial Services,TX, cory whittle,1,1,TX114,Silver
246342,,66145.87,240,Cancelled,OPTIMUM RV TX LLC - Robstown - TX481,Optimum RV,TX,ROBSTOWN,2026-08-03,,,2026,RV,New,,0,0,gott,,,22.99,0,8000,false,,,23.99,Bronze,Bronze,1.18,0,,0,56035,,Source One Financial Services,TX, nicholas cicala,0,0,TX481,Business First
246509,sbaker,20543.17,144,Auto Approval,Grand Pointe Marina of Detroit - MI465,,MI,Sterling Heights,2026-08-03,2026-08-03,,2025,Boat,New,,31.9,1.85,dzilberchtein,,21,7.99,10000,33000,false,,,9.49,Core,Core,0.55,0,,0,37400,791,Source One Financial Services,IL, patrick crowley,1,1,MI465,Core
246173,sdelarosa,25394.25,144,Decline,Direct Automotive Transport - NC123,,NC,Monroe,2026-08-03,,,2027,RV,New,,40.53,4.68,jsmith,,19,8.74,0,0,false,,,10.24,Core,Core,0.99,0,,0,25689.5,769,Source One Financial Services,TX, richard abi-nadar,0,0,NC123,Core
246481,hhisek,39515.84,180,Decline,GAUTHIERS RV CENTER INC - LA100,,LA,SCOTT,2026-08-03,,,2027,RV,New,,37.61,3.92,gott,,5,13.74,3900,3900,false,,,14.74,Silver 1,Silver 1,0.99,0,,0,39789,644,Source One Financial Services,LA, patrick sonnier,0,0,LA100,Silver
246352,hhisek,74977.2,180,Conditional Approval,Fun Town RV - Cleburne -TX108,Fun Town,TX,Cleburne,2026-08-03,2026-08-03,,2024,RV,Used,,23.14,7.1,S1House,,13,13.49,27250,27250,false,,,14.49,Silver 1,Silver 1,0.61,0,,0,122350,676,Source One Financial Services,TX, brenden boggs,1,1,TX108,Silver
246387,Jhill,41234.25,120,Decline,Ron Hoover - Laredo - TX498,Ron Hoover,TX,Laredo,2026-08-03,,,2026,RV,New,,17.35,8.17,gott,,15,10.24,4000,4000,false,,,11.74,Core,Core,1.01,0,,0,40816.1,688,Source One Financial Services,TX, geno quintanilla,0,0,TX498,Core
246246,,73707.88,240,Auto Decline,Freedom RV-AZ252,,AZ,Tucson,2026-08-03,,,2026,RV,New,,31.25,13.86,edominguez,,0,22.99,2500,2500,false,,,23.99,Bronze,Bronze,0.94,0,,0,78534,601,Source One Financial Services,AZ,,0,0,AZ252,Business First
246541,eavila,15397.17,120,Auto Approval,Alabama Campers Tuscaloosa-AL161,,AL,Tuscaloosa,2026-08-03,2026-08-04,,2020,RV,Used,,30.98,6.6,jsmith,,899,12.49,6500,6500,false,,,12.74,Silver 1,Not Applicable,1,0,,0,15400,662,Connexus Credit Union,AL, anne huntsinger,1,1,AL161,Not Applicable
246339,hhisek,33866.18,180,Auto Approval,National RV Detroit -MI147,,MI,Belleville,2026-08-03,2026-08-03,,2027,RV,New,,16.66,4.31,dzilberchtein,,8,7.49,3684,3684,false,,,8.99,Core,Core,1.12,0,,0,30157,832,Source One Financial Services,CA, kyler rilett,1,1,MI147,Core
246169,Jhill,37864.7,180,Booked,Campers & More LLC - AL164,,AL,Mobile,2026-08-03,2026-08-10,2026-08-10,2026,RV,New,636,31.27,1.94,jsmith,10516,10370,9.49,0,0,false,146,0,10.99,Core,Core,0.96,2271.88,6,0,39369,731,Source One Financial Services,MS, shane taylor,1,0,AL164,Core
246300,mnava,49131.74,240,Booked,Knotty Oar Marina -MN5017,,MN,Prior Lake,2026-08-03,2026-08-06,2026-08-06,2026,Boat,New,776,21.85,1.55,dzilberchtein,4564,4489,7.49,0,0,false,75,0,6.99,Core,Core,1.32,491.32,1,0,37235.6,822,Source One Financial Services,MN,,1,0,MN5017,Core
246175,,76719.19,240,Auto Decline,Erie Marine Sales - OH234,,OH,Sheffield Lake,2026-08-03,,,2025,Boat,New,,162038,162038,jharrington1,,0,22.99,10000,10000,true,,,24.99,Business First,Business First,1.02,0,,,75051.9,,Source One Financial Services,NH,,0,0,OH234,Business First
246242,,37206.32,180,Auto Decline,WILLIAMS FAMILY RV LLC - AL147,,AL,ROBERTSDALE,2026-08-03,,,2026,RV,New,,65.94,7.77,jsmith,,0,12.49,4000,4000,false,,,13.49,Silver 1,Silver 1,1.11,0,,0,33543,663,Source One Financial Services,LA,,0,0,AL147,Silver
246174,avera,31026.29,180,Decline,Optimum RV Zephyr Hills - FL164,Optimum RV,FL,Zephyr Hills,2026-08-03,,,2023,RV,Used,,18.94,6.99,wstoutimore,,12,14.49,5000,5000,false,,,15.49,Silver 1,Silver 1,0.43,0,,0,72380,647,Source One Financial Services,FL, edward arnold,0,0,FL164,Silver
246283,hhisek,43758.2,180,Approved,Pleasureland RV Center - Russell St  - SD113,Pleasureland,SD,Sioux Falls,2026-08-03,2026-08-03,,2025,RV,New,,40.7,5.79,dzilberchtein,,13,9.74,1000,1000,false,,,11.24,Core,Core,0.71,0,,0,61289,723,Source One Financial Services,SD, ben lemer,1,1,SD113,Core
246343,thovey,18447.5,180,Decline,Blue Compass RV - Albuquerque - NM112,Blue Compass,NM,Albuquerque,2026-08-03,,,2025,RV,Used,,46.16,1.62,edominguez,,9,9.99,2000,2000,false,,,11.49,Core,Core,0.91,0,,0,20350,717,Source One Financial Services,CA, scott rodriguez,0,0,NM112,Core
246305,jharrington1,85872.2,220,Conditional Approval,MOUNTAINEER RV and OUTDOOR CENTER - WV102,,WV,JANE LEW,2026-08-03,2026-08-03,,2024,RV,Used,762,5.57,4.82,jharrington1,,39,7.99,0,4350,false,,,9.49,Core,Core,0.94,0,,0,91400,789,Source One Financial Services,WV, leslie posey,1,1,WV102,Core
246136,lgrace,28329.56,180,Decline,Liberty Trail RV - Sulphur Springs - TX580,,TX,Sulphur Springs,2026-08-03,,,2026,RV,New,,63.12,3.17,gott,,9,7.49,3000,3000,false,,,8.99,Core,Core,0.96,0,,0,29398.5,805,Source One Financial Services,TX, shaun woodruff,0,0,TX580,Core
246322,thovey,15120.23,144,Auto Approval,Schultz RV & Trailers LLC - WI747,Warrior Performance,WI,Pulaski,2026-08-03,2026-08-03,,2026,RV,New,871,15.97,2.3,dzilberchtein,,29,7.49,2000,2000,false,,,8.99,Core,Core,0.61,0,,0,24645,881,Source One Financial Services,WI, jimmy orapello,1,1,WI747,Core
246543,jrubi,45376.41,180,Decline,Sky River RV - Paso Robles - SCA146,SkyRiver,CA,Paso Robles,2026-08-03,,,2027,RV,New,571,24.58,6.41,jrubi,,27,10.24,0,6000,false,,,11.74,Core,Core,1.18,0,,0,38305,693,Source One Financial Services,CA, andy shellcross,0,0,SCA146,Core
246549,eavila,16476.33,120,Decline,BAILEY TOLIVER RV - BROWNFIELD - TX430,,TX,BROWNFIELD,2026-08-03,,,2025,RV,Used,,44.87,0.86,gott,,28,9.99,1600,1600,false,,,11.49,Core,Core,0.83,0,,0,19900,715,Source One Financial Services,TX, victor quintanilla,0,0,TX430,Core
246494,ccampos,28493.75,180,Decline,"Vantage Recreational Finance, Inc. -FL291",VRF,FL,FORT LAUDERDALE,2026-08-03,,,2021,RV,Used,642,28.03,4.81,S1House,,52,7.99,5000,5000,false,,,9.49,Core,Core,0.69,0,,0,41250,829,Source One Financial Services,FL, robyn lemke,0,0,FL291,Core
246444,hhisek,87653,180,Conditional Approval,JOHNNY'S RV SUPERSTORE LLC - AL124,,AL,THEODORE,2026-08-03,2026-08-03,,2025,RV,Used,661,23.36,2.14,jsmith,,9,10.24,9500,9500,false,,,11.74,Core,Core,0.95,0,,0,92700,681,Source One Financial Services,MS,,1,1,AL124,Core
246454,sbaker,51428.21,180,Conditional Approval,Rocky Ridge RV - Tyler - TX574,Rocky Ridge,TX,Tyler,2026-08-03,2026-08-03,,2024,RV,Used,840,19.36,3.91,gott,,18,7.49,0,0,false,,,9.24,Core,Core,0.97,0,,0,53200,829,Source One Financial Services,TX, brandon barsh,1,1,TX574,Core
246245,,51664.9,180,Auto Decline,Wolds RV Sales LLC -MN121,,MN,Detroit Lakes,2026-08-03,,,2026,RV,New,612,22.23,9.33,dzilberchtein,,0,22.99,500,12500,false,,,23.99,Bronze,Bronze,0.86,0,,0,59979,603,Source One Financial Services,ND,,0,0,MN121,Business First
246330,hhisek,36175,180,Decline,"Vantage Recreational Finance, Inc. -FL291",VRF,FL,FORT LAUDERDALE,2026-08-03,,,2016,RV,Used,,15.91,9.95,S1House,,40,10.99,1675,1675,false,,,12.49,Core,Core,0.79,0,,0,45872,706,Source One Financial Services,AZ, alphonzo bowe,0,0,FL291,Core
246312,mnava,53569.91,240,Auto Approval,Robert Crist and Company RV -AZ219,,AZ,Mesa,2026-08-03,2026-08-03,,2026,RV,New,,7.21,1.91,edominguez,,162,9.99,5300,5300,false,,,11.49,Core,Core,1.01,0,,0,52830,700,Source One Financial Services,AZ, steve skadra,1,1,AZ219,Core
246533,mlomedico,88985.75,240,Booked,Blue Compass RV - Oklahoma City - OK158,Blue Compass,OK,Norman,2026-08-03,2026-08-07,2026-08-07,2027,RV,New,677,24.27,8.94,jweller,5661,5628,8.49,7800,7800,false,27,6,9.99,Core,Core,0.77,5339.14,6,0,115990,696,Source One Financial Services,OK, jacqueline armendariz,1,0,OK158,Core
246314,rsimmons,85798.19,240,Conditional Approval,Fun Town RV Ottawa LLC - KS125,Fun Town,KS,Ottawa,2026-08-03,2026-08-03,,2026,RV,New,,21.9,8.55,jweller,,22,10.24,9300,9300.73,false,,,11.74,Core,Core,1.07,0,,0,79891,686,Source One Financial Services,KS, john lucas,1,1,KS125,Core
246189,rsimmons,37336.56,180,Approved,RV STATION LLC - COLBERT - OK125,,OK,COLBERT,2026-08-03,2026-08-03,,2026,RV,New,709,28.16,4.97,jweller,,30,9.74,1200,4200,false,,,11.24,Core,Core,1.2,0,,0,31013,726,Source One Financial Services,OK, calvin parrish,1,1,OK125,Core
246349,rsimmons,40138.98,180,Booked,SANTA PAULA RV - SCA173,,CA,Santa Paula,2026-08-03,2026-08-04,2026-08-05,2025,RV,New,,33.88,8.14,jrubi,3050,1461,7.49,3000,3000,false,1584,5,8.99,Core,Core,1.17,2408.34,6,0,34393,885,Source One Financial Services,CA, justin simas,1,0,SCA173,Core
246390,sbaker,8956.5,72,Approved,WILLIAMS FAMILY RV LLC - AL147,,AL,ROBERTSDALE,2026-08-03,2026-08-03,,2018,RV,Used,,23.45,3.71,jsmith,,122,13.99,2000,2000,false,,,13.99,Silver 1,Not Applicable,0.94,0,,0,9550,655,Connexus Credit Union,AL, jody rester,1,1,AL147,Not Applicable
246379,hhisek,66202.05,240,Decline,Action Watersports - Polk City - FL267,,FL,Polk City,2026-08-03,,,2020,Boat,Used,,23.63,1.3,wstoutimore,,53,10.24,10000,10000,false,,,11.74,Core,Core,1.24,0,,0,53515,705,Source One Financial Services,NV, natalie brown,0,0,FL267,Core
246326,ccampos,42325,180,Decline,Beckley's Camping Center - MD111,,MD,Thurmont,2026-08-03,,,2016,RV,Used,634,38.36,6.64,gcoulombe,,15,11.24,5000,5000,false,,,12.74,Core,Core,1.07,0,,0,39420,688,Source One Financial Services,FL, justin todd,0,0,MD111,Core
246260,,147283.04,240,Auto Decline,General RV Center - Wixom - MI446,General RV,MI,Wixom,2026-08-03,,,2027,RV,New,,15.31,11.78,dzilberchtein,,0,14.99,20000,20000,false,,,15.99,Silver 2,Silver 2,1,0,,0,146755,637,Source One Financial Services,MI,,0,0,MI446,Silver
246410,hhisek,25675.54,180,Booked,GAUTHIERS RV CENTER INC - LA100,,LA,SCOTT,2026-08-03,2026-08-07,2026-08-12,2023,RV,Used,,28.63,5.76,gott,12920,5566,9.99,0,0,false,7337,17,11.49,Core,Core,1.14,1540.53,6,0,22450,756,Source One Financial Services,LA, patrick sonnier,1,0,LA100,Core
246281,hhisek,15446.5,120,Booked,Easy Camping RV - IA141,,IA,Nevada,2026-08-03,2026-08-04,2026-08-04,2026,RV,New,,25.46,4.17,gcoulombe,1693,1525,9.99,1300,1300,false,167,1,11.49,Core,Core,1.04,926.79,6,0,14876,708,Source One Financial Services,IA, ryan jensen,1,0,IA141,Core
246232,,31605.41,180,Auto Decline,Ashley Marine - Salem - AL157,,AL,Salem,2026-08-03,,,2026,Boat,New,,66.08,13.67,jsmith,,0,22.99,4000,4000,false,,,23.99,Bronze,Bronze,1.22,0,,0,25892.3,551,Source One Financial Services,LA,,0,0,AL157,Business First
246470,rsimmons,74009.99,180,Decline,United RV -TX228,,TX,Fort Worth,2026-08-03,,,2026,RV,New,,40.97,5.42,gott,,9,14.99,7500,7500,false,,,15.99,Silver 1,Silver 1,1.03,0,,0,71872,640,Source One Financial Services,TX, leo gloria,0,0,TX228,Silver
246275,mlomedico,34822.19,180,Decline,Fun Town RV - Surprise - AZ353,Fun Town,AZ,Surprise,2026-08-03,,,2026,RV,New,659,26.48,5.5,edominguez,,21,13.74,3500,3500,false,,,14.74,Silver 1,Silver 1,0.84,0,,0,41328,659,Source One Financial Services,AZ, anthony vaught,0,0,AZ353,Silver
246247,jrubi,21164.83,180,Approved,Blue Compass RV - Santee - SCA168,Blue Compass,CA,Santee,2026-08-03,2026-08-03,,2021,RV,Used,,34.56,3.68,jrubi,,41,14.49,3700,3700,false,,,15.49,Silver 1,Silver 1,0.93,0,,0,22650,645,Source One Financial Services,CA, matthew donath,1,1,SCA168,Silver
246532,mlomedico,40009.12,180,Booked,Gil Cherry Family RV Center LLC -TX130,,TX,Sweetwater,2026-08-03,2026-08-04,2026-08-11,2025,RV,New,657,11.01,3.09,gott,11297,1435,9.74,5000,5000,false,9862,0,11.24,Core,Core,0.98,2400.55,6,0,40773,738,Source One Financial Services,TX, brad walker,1,0,TX130,Core
246377,mlomedico,200000,240,Decline,Intercoastal Financial Group LLC - 17401746,IFG,FL,Vero Beach,2026-08-03,,,2004,Boat,Used,648,20.45,1.13,S1House,,71,11.74,48000,130000,false,,,12.99,Core,Core,0.61,0,,0,330000,738,Source One Financial Services,FL, phil swaun,0,0,17401746,Core
246234,hhisek,59146.92,204,Auto Approval,RV Station LTD - Bryan/College Station -TX193,,TX,College Station,2026-08-03,2026-08-13,,2026,RV,New,669,30.06,4.01,gott,,14724,10.24,10000,10602.11,false,,,10.99,Core,Core,1.41,0,,0,41920,696,Source One Financial Services,TX, curtis hunsinger,1,1,TX193,Core
246278,,30296.79,180,Auto Decline,Century Auto/RV -TX344,,TX,AMARILLO,2026-08-03,,,2024,RV,New,,32.79,2.8,gott,,0,14.99,4500,4500,false,,,15.99,Silver 2,Silver 2,0.78,0,,,38732,637,Source One Financial Services,AZ,,0,0,TX344,Silver
246199,mlomedico,53005,180,Approved,TOONS USA LLC - OK119,Easy Care,OK,OKLAHOMA CITY,2026-08-03,2026-08-03,,2026,Boat,New,,34.83,12.69,jweller,,19,7.49,500,8500,false,,,8.99,Core,Core,1.16,0,,0,45569,817,Source One Financial Services,KS, bradley taylor,1,1,OK119,Core
246244,sbaker,64539.83,180,Conditional Approval,Campers Inn RV of Knoxville E - TN160,Campers Inn,TN,Knoxville,2026-08-03,2026-08-03,,2026,RV,New,,42.76,7.3,jsmith,,25,7.49,0,0,false,,,8.99,Core,Core,1.09,0,,0,59155,835,Source One Financial Services,TN, radu puraci,1,1,TN160,Core
246409,ccampos,79497.75,240,Decline,The Boat Shack - EUT104,EPIC,UT,Lindon,2026-08-03,,,2021,Boat,Used,,32.96,3.36,S1House,,40,13.24,7900,7900,false,,,14.24,Silver 1,Silver 1,1.12,0,,0,71060,668,Source One Financial Services,CA, brett light,0,0,EUT104,Silver
246526,,103377.25,240,Auto Decline,Blue Compass RV - St. Augustine - FL339,Blue Compass,FL,ST. AUGUSTINE,2026-08-03,,,2024,RV,Used,690,27.95,5.65,pcarter,,0,22.99,3500,18500,false,,,23.99,Bronze,Bronze,1.16,0,,0,89485,583,Source One Financial Services,OR,,0,0,FL339,Business First
246504,hhisek,45018.7,180,Decline,Ron Hoover - Odessa - TX495,Ron Hoover,TX,Odessa,2026-08-03,,,2026,RV,New,,23.48,8.56,gott,,6,9.49,0,0,false,,,10.99,Core,Core,1.13,0,,0,39799,745,Source One Financial Services,TX, leo correa,0,0,TX495,Core
246483,ccampos,51858.51,204,Decline,LEES COUNTRY RV- IN129,Easy Care,IN,BATESVILLE,2026-08-03,,,2026,RV,New,622,50.65,4.5,jharrington1,,5623,12.49,40000,61625,false,,,13.49,Silver 1,Silver 1,0.64,0,,0,80644,675,Source One Financial Services,OH, bradley taylor,0,0,IN129,Silver
246403,avera,30098.57,180,Decline,OPTIMUM RV Titusville - FL165,Optimum RV,FL,MIMS,2026-08-03,,,2026,RV,New,,9.12,4.1,pcarter,,37,9.74,50000,50000,false,,,11.24,Core,Core,0.45,0,,0,66270,732,Source One Financial Services,FL, antonio owens,0,0,FL165,Core
246495,,25902.28,180,Auto Decline,CAMPERS INN RV OF RALEIGH INC - NC109,Campers Inn,NC,SELMA,2026-08-03,,,2026,RV,New,,47.65,8.15,jsmith,,0,22.99,500,3000,false,,,23.99,Bronze,Bronze,0.87,0,,0,29837.55,617,Source One Financial Services,NC,,0,0,NC109,Business First
246421,Jhill,30800.32,180,Booked,PKB RVs- WV108,Canopy Financial,WV,Parkersburg,2026-08-03,2026-08-05,2026-08-05,2027,RV,Used,,24.77,3.26,jharrington1,2988,2927,7.49,3000,3000,false,59,2,8.99,Core,Core,0.88,1848.02,6,0,35034,809,Source One Financial Services,WV, mac mclelland,1,0,WV108,Core
246159,rsimmons,14152.56,120,Pending,Ron Hoover - Georgetown - TX497,Ron Hoover,TX,Georgetown,2026-08-03,,,2014,RV,Used,,31.09,1.5,gott,,,8.99,0,0,false,,,10.49,Core,Core,1.26,0,,0,11250,846,Source One Financial Services,TX, edgar duran,0,0,TX497,Core
246408,sdelarosa,90732.12,180,Decline,General RV - Ocala - FL237,General RV,FL,Ocala,2026-08-03,,,2024,RV,Used,,18.26,2.79,pcarter,,85,12.49,17000,74202,false,,,13.49,Silver 1,Not Applicable,0.62,0,,0,147136,666,Connexus Credit Union,NY, sofiane yahiaoui,0,0,FL237,Not Applicable
246716,Jhill,22952.69,168,Booked,Fun Town RV- Waco-TX212,Fun Town,TX,Hewitt,2026-08-04,2026-08-08,2026-08-10,2027,RV,New,,30.26,4.84,gott,8726,5908,12.49,2000,2000,false,2709,109,13.49,Silver 1,Silver 1,1.08,918.11,4,0,21174,672,Source One Financial Services,TX, eric cuffee,1,0,TX212,Silver
246813,pmeza,34734.07,180,Auto Approval,Gregg Orr Marine - Hot Springs - AR123,,AR,Hot Springs,2026-08-04,2026-08-04,,2026,Boat,New,,34.71,4.04,jweller,,28,7.99,3895,5245,false,,,9.49,Core,Core,1.3,0,,0,26722.25,791,Source One Financial Services,AR, alistair cook,1,1,AR123,Core
246642,pmeza,54103.62,240,Booked,Barton Lake RV Sales -IN104,,IN,Fremont,2026-08-04,2026-08-07,2026-08-07,2026,RV,New,672,39.42,4.56,jharrington1,4613,4599,9.49,6000,8986,false,14,0,10.99,Core,Core,0.86,3246.22,6,0,63005,705,Source One Financial Services,IN, shane housholder,1,0,IN104,Core
246677,rsimmons,36965.25,180,Booked,Olathe Ford Sales INC-KS127,,KS,Gardner,2026-08-04,2026-08-11,2026-08-12,2017,RV,Used,749,19.29,4.28,jweller,11893,10230,8.49,3500,3500,false,1663,0,9.99,Core,Core,1.02,2217.91,6,0,36100,839,Source One Financial Services,KS, dan hill,1,0,KS127,Core
246586,lgrace,19861.02,120,Booked,Sportsmans Choice Marine - SC150,,SC,Longs,2026-08-04,2026-08-07,2026-08-11,2026,Boat,New,,37.61,4.53,jsmith,10113,4686,11.24,0,4500,false,5425,2,11.74,Silver 1,Not Applicable,0.99,397.22,2,0,20024.76,663,Connexus Credit Union,SC, traci stanley,1,0,SC150,Not Applicable
246660,thovey,21282.44,180,Decline,Buckeye RV LLC -OH225,,OH,Jefferson,2026-08-04,,,2026,RV,New,,40.9,2.92,jharrington1,,9043,12.49,3000,3000,false,,,13.49,Silver 1,Silver 1,0.91,0,,0,23411,662,Source One Financial Services,OH, ryan zimbric,0,0,OH225,Silver
246778,hhisek,23234.6,180,Decline,KUNES FOX VALLEY RV INC - WI715,KunesRV,WI,NEENAH,2026-08-04,,,2023,RV,Used,,18.8,1.4,dzilberchtein,,14,14.49,3000,3000,false,,,15.49,Silver 1,Silver 1,0.9,0,,0,25800,647,Source One Financial Services,FL, drake bertnick,0,0,WI715,Silver
246645,mnava,55355.69,240,Auto Approval,Dune Sport -AZ267,,AZ,Mesa,2026-08-04,2026-08-04,,2026,RV,New,,20.44,6.2,edominguez,,217,7.99,5500,5500,false,,,9.49,Core,Core,1.2,0,,0,46000,786,Source One Financial Services,FL,,1,1,AZ267,Core
246787,lgrace,38457.11,204,Approved,General RV - Elizabethtown - PA112,General RV,PA,Elizabethtown,2026-08-04,2026-08-04,,2026,RV,New,,15.23,3.22,jharrington1,,15,9.24,0,2233.97,false,,,10.74,Core,Core,0.99,0,,0,38775,737,Source One Financial Services,PA, robert bonsall,1,1,PA112,Core
246593,thovey,55573.79,204,Auto Approval,Ron Hoover - Lubbock - TX499,Ron Hoover,TX,Slaton,2026-08-04,2026-08-04,,2026,RV,New,722,24.37,3.09,gott,,21,8.99,0,0,false,,,10.49,Core,Core,1.13,0,,0,49020,742,Source One Financial Services,TX, jon vidaure,1,1,TX499,Core
246789,pmeza,36834.17,180,Auto Approval,BLUE COMPASS RV  COLUMBUS-OH210,Blue Compass,OH,DELAWARE,2026-08-04,2026-08-04,,2026,RV,New,,36.47,5.06,jharrington1,,114,12.49,5000,5000,false,,,13.49,Silver 1,Silver 1,1.1,0,,0,33383,672,Source One Financial Services,OH, anja merchant,1,1,OH210,Silver
246788,ahunt,33000.94,180,Auto Approval,MARINELAND BOATING CENTER- TX376,,TX,WACO,2026-08-04,2026-08-04,,2026,Boat,New,,23.18,3.67,gott,,50,9.74,0,0,false,,,11.24,Core,Core,1.3,0,,0,25438,722,Source One Financial Services,TX, lacy walker,1,1,TX376,Core
246676,,24268.5,180,Cancelled,Wana RV Center - IN218,,IN,Shipshewana,2026-08-04,,,2025,RV,New,,0,0,jharrington1,,,22.99,500,2300,false,,,23.99,Bronze,Bronze,0.75,0,,0,32465,,Source One Financial Services,KY, derek roe,0,0,IN218,Business First
246596,sbaker,34728.2,180,Decline,Bradford Marine & ATV-Rogers - AR145,Bradford Marine,AR,Rogers,2026-08-04,,,2026,Boat,New,,45,8.28,jweller,,10,13.74,3800,3800,false,,,14.74,Silver 1,Silver 1,1.64,0,,0,21154,649,Source One Financial Services,MO, david sturgis,0,0,AR145,Silver
246665,ccampos,91539.12,240,Booked,LEONARD TRUCK and TRAILER INC. -OH164,,OH,NORTH JACKSON,2026-08-04,2026-08-08,2026-08-10,2027,RV,New,710,39.14,4.65,jharrington1,8912,5630,7.74,15000,15000,false,220,3062,8.99,Core,Core,1.27,4576.96,5,0,71989,787,Source One Financial Services,OH,,1,0,OH164,Core
246591,rsimmons,11645.81,84,Booked,RV Station LTD - Bryan/College Station -TX193,,TX,College Station,2026-08-04,2026-08-12,2026-08-12,2012,RV,Used,788,28.68,1.26,gott,11813,11778,9.74,2000,2000,false,34,1,10.24,Core,Core,1.53,232.92,2,0,7600,853,Source One Financial Services,TX, curtis hunsinger,1,0,TX193,Core
246826,ccampos,38644.45,240,Decline,Your Dream Rvs and Auto LLC - FL264,,FL,Panama City,2026-08-04,,,2021,RV,Used,,59.68,12.93,wstoutimore,,24,9.99,0,0,false,,,11.49,Core,Core,0.69,0,,0,55950,754,Source One Financial Services,FL,,0,0,FL264,Core
246808,,10019.59,120,Cancelled,Princess Craft RV -TX191,,TX,Round Rock,2026-08-04,,,2027,RV,New,,0,0,gott,,,22.99,1000,1000,false,,,23.99,Bronze,Bronze,1.17,0,,0,8600,,Source One Financial Services,TX, lane lambright-reed,0,0,TX191,Business First
246772,lgrace,6405.58,84,Auto Approval,LEXINGTON RV LLC - KY135,,KY,LEXINGTON,2026-08-04,2026-08-06,,2019,RV,Used,,18.32,4.71,jharrington1,,3010,12.49,0,0,false,,,12.74,Silver 1,Not Applicable,0.94,0,,0,6800,675,Connexus Credit Union,KY, travis goodpaster,1,1,KY135,Not Applicable
246852,eavila,29047,180,Approved,CAMP EZ RV - WILLIS - TX560,,TX,Willis,2026-08-04,2026-08-04,,2026,RV,New,,44.37,3.03,gott,,27,8.74,3000,3000,false,,,10.24,Core,Core,0.81,0,,0,35779,777,Source One Financial Services,TX, ashley igo,1,1,TX560,Core
246785,,43524.73,180,Auto Decline,Blue Compass RV - St. Augustine - FL339,Blue Compass,FL,ST. AUGUSTINE,2026-08-04,,,2026,RV,New,,42.46,5.86,pcarter,,0,22.99,1000,7000,false,,,23.99,Bronze,Bronze,0.99,0,,0,43959,578,Source One Financial Services,FL,,0,0,FL339,Business First
246841,,15326.36,180,Auto Decline,Aquamarine LLC - OK140,,OK,Lawton,2026-08-04,,,2026,Boat,New,,30.54,2.83,jweller,,0,14.99,2000,2000,false,,,15.99,Silver 2,Silver 2,0.92,0,,0,16663,637,Source One Financial Services,TX,,0,0,OK140,Silver
246800,,97165.09,240,Auto Decline,RV Dynasty - IN177,,IN,Bunker Hill,2026-08-04,,,2026,RV,New,,31.41,9.06,jharrington1,,0,14.99,9000,20000,false,,,15.99,Silver 2,Silver 2,1.14,0,,0,85445,638,Source One Financial Services,IN,,0,0,IN177,Silver
246810,,22092.22,180,Auto Decline,"Hemlock Hill RV Sales, Inc-CT107",,CT,Southington,2026-08-04,,,2024,RV,Used,,15.02,5.35,gcoulombe,,0,18.24,5000,5000,false,,,19.24,Silver 2,Silver 2,0.98,0,,0,22600,620,Source One Financial Services,CT,,0,0,CT107,Silver
246849,ccampos,56731.42,240,Decline,BLUE COMPASS RV - DALLAS - TX147,Blue Compass,TX,Mesquite,2026-08-04,,,2026,RV,New,,38.38,4.55,gott,,1245,7.49,15000,15000,false,,,8.99,Core,Core,0.89,0,,0,63571,839,Source One Financial Services,TX, kevin logan,0,0,TX147,Core
246776,lgrace,74820,180,Conditional Approval,Intercoastal Financial Group LLC - 17401746,IFG,FL,Vero Beach,2026-08-04,2026-08-04,,2022,Boat,Used,,16.58,3.08,S1House,,52,14.49,25200,25200,false,,,15.49,Silver 1,Silver 1,1,0,,0,74820,656,Source One Financial Services,TX, michael hunt,1,1,17401746,Silver
246655,mlomedico,53609.3,120,Auto Approval,"Vantage Recreational Finance, Inc. -FL291",VRF,FL,FORT LAUDERDALE,2026-08-04,2026-08-04,,2012,RV,Used,,16.44,4.4,S1House,,22,8.99,1000,1000,false,,,10.49,Core,Core,1.2,0,,0,44550,866,Source One Financial Services,FL, jenica carpentier,1,1,FL291,Core
246629,rsimmons,35235,180,Decline,A and L RV Sales - Christiana TN103,,TN,Christiana,2026-08-04,,,2024,RV,Used,555,8.9,6.52,jsmith,,6,7.49,10000,24000,false,,,8.99,Core,Core,0,0,,0,0,820,Source One Financial Services,VA,,0,0,TN103,Core
246684,,9764.3,120,Auto Decline,RAM MOTORS RV AND TRUCK - NM102,,NM,ALBUQUERQUE,2026-08-04,,,2020,RV,Used,,22.51,2.9,edominguez,,0,22.99,1500,1500,false,,,23.99,Bronze,Bronze,0.57,0,,0,17225,564,Source One Financial Services,NM,,0,0,NM102,Business First
246656,rsimmons,26175.2,144,Decline,Ashley Marine LLC - GA147,,GA,Columbus,2026-08-04,,,2026,Boat,New,,77.46,10.93,jsmith,,11,10.24,3000,3500,false,,,11.74,Core,Core,1.08,0,,0,24322,694,Source One Financial Services,GA, shirley ashley,0,0,GA147,Core
246719,pmeza,7064.17,60,Auto Approval,ANGLERS CHOICE - SPINDALE - NC102,,NC,SPINDALE,2026-08-04,2026-08-13,,2026,Boat,New,,35.57,1.27,jsmith,,12746,10.24,900,900,false,,,10.74,Core,Core,1.22,0,,0,5767.6,754,Source One Financial Services,NC, lee parker,1,1,NC102,Core
246762,hhisek,29856.8,180,Approved,HALLS RV INC - AL121,,AL,ALBERTVILLE,2026-08-04,2026-08-04,,2026,RV,New,,41.54,4.48,jsmith,,8,10.24,3160,3160,false,,,11.74,Core,Core,0.84,0,,0,35571,686,Source One Financial Services,AL, kim levert,1,1,AL121,Core
246763,lgrace,30528.82,204,Booked,Sunrise Camping Center - NC162,,NC,Hickory,2026-08-04,2026-08-07,2026-08-07,2025,RV,New,,15.1,4.65,jsmith,4364,4198,7.99,0,0,false,145,21,8.99,Core,Core,0.75,1221.15,4,0,40691,772,Source One Financial Services,NC, dwight fowler,1,0,NC162,Core
246696,thovey,17126.76,144,Booked,General RV Center - Mesa - AZ357,General RV,AZ,Mesa,2026-08-04,2026-08-11,2026-08-12,2027,RV,Used,,18.41,1.41,edominguez,11630,10460,12.49,1800,1800,false,1169,1,13.49,Silver 1,Silver 1,0.76,685.07,4,0,22600,665,Source One Financial Services,AZ, gary watts,1,0,AZ357,Silver
246876,eavila,21750.78,144,Approved,Fun Town Rv/Angelo RV LLC -TX247,Fun Town,TX,San Angelo,2026-08-04,2026-08-04,,2021,RV,Used,,33.82,3.91,gott,,21,8.49,2000,2000,false,,,9.99,Core,Core,1.04,0,,0,21000,783,Source One Financial Services,TX, brenden boggs,1,1,TX247,Core
246774,,56307.29,240,Auto Decline,Rinkers Boat World - Houston - ETX132,EPIC,TX,Houston,2026-08-04,,,2023,Boat,Used,,68.53,15.33,S1House,,0,14.49,7000,7000,false,,,15.49,Silver 1,Silver 1,0.94,0,,0,59665,648,Source One Financial Services,TX,,0,0,ETX132,Silver
246584,,48634.5,240,Auto Decline,LDRV of Tampa - FL340,Campers Inn,FL,Seffner,2026-08-04,,,2026,RV,New,,8.89,8.14,wstoutimore,,0,22.99,60000,95000,false,,,23.99,Bronze,Bronze,0.36,0,,0,135864,546,Source One Financial Services,FL,,0,0,FL340,Business First
246769,avera,247438.25,240,Decline,NewCoast - Boatzon - FL356,Marine Max,FL,Oldsmar,2026-08-04,,,2021,Boat,Used,,19.67,5.87,S1House,,1311,10.24,25000,25000,false,,,11.74,Core,Core,1.14,0,,0,217410,729,Source One Financial Services,CA, justin veghte,0,0,FL356,Core
246771,eavila,63849,180,Auto Decline,"Vantage Recreational Finance, Inc. -FL291",VRF,FL,FORT LAUDERDALE,2026-08-04,,,2020,RV,Used,,53.15,7.61,S1House,,32,22.99,0,0,false,,,23.99,Bronze,Silver 1,1.08,0,,0,59290,665,Source One Financial Services,MD, andrea strawn-ingram,0,0,FL291,Business First
246822,,33425.04,180,Cancelled,Golden Triangle Homes and RV Inc -TX179,,TX,Vidor,2026-08-04,,,2026,RV,New,,0,0,gott,,,22.99,10000,10000,false,,,23.99,Bronze,Bronze,0.7,0,,0,47590,,Source One Financial Services,TX, jeremiah harrington,0,0,TX179,Business First
246672,Jhill,52308.28,240,Decline,Blue Fox RV - UT131,,UT,North Logan,2026-08-04,,,2020,RV,Used,,34.94,12.18,ljablonoski,,7,9.99,0,4047,false,,,11.49,Core,Core,0.94,0,,0,55689,750,Source One Financial Services,UT, todd campbell,0,0,UT131,Core
246726,mnava,25347.6,180,Decline,GREAT AMERICAN RV SUPERSTORE-HUNTSVILLE - AL146,,AL,TANNER,2026-08-04,,,2020,RV,Used,,4.57,4.57,jsmith,,35,14.49,3500,8500,false,,,15.49,Silver 1,Not Applicable,0.83,0,,0,30600,660,Connexus Credit Union,MS, joey wright,0,0,AL146,Not Applicable
246795,avera,40639.77,180,Decline,Day Bros Auto Boat & RV Sales - Monticello - KY142,,KY,Monticello,2026-08-04,,,2026,RV,New,641,34.34,4.09,jharrington1,,14,13.74,3700,4345.17,false,,,14.74,Silver 1,Silver 1,0.94,0,,0,43405,653,Source One Financial Services,KY, faith day,0,0,KY142,Silver
246704,sdelarosa,52222.03,180,Auto Approval,LDRV of Tampa - FL340,Campers Inn,FL,Seffner,2026-08-04,2026-08-07,,2021,RV,Used,,16.26,6,wstoutimore,,4132,10.49,5000,5000,false,,,11.99,Core,Core,1.09,0,,0,47700,711,Source One Financial Services,AL, maria amatangelo,1,1,FL340,Core
246705,mlomedico,160622.45,240,Auto Approval,Intercoastal Financial Group LLC - 17401746,IFG,FL,Vero Beach,2026-08-04,2026-08-05,,2027,RV,New,742,23.38,2.64,S1House,,1763,8.99,26000,21200,false,,,10.24,Core,Core,1.21,0,,0,132358,808,Source One Financial Services,TX, michael hunt,1,1,17401746,Core
246679,,21608,144,Auto Decline,WEHR FORD OF MTN. GROVE - 2ND LOCATION- MO186,,MO,MTN. GROVE,2026-08-04,,,2021,RV,Used,628,58.96,8.9,jweller,,0,22.99,0,0,false,,,23.99,Bronze,Bronze,0.43,0,,0,50000,529,Source One Financial Services,MO,,0,0,MO186,Business First
246657,lgrace,74951.97,204,Auto Approval,ROSS MOTORSPORTS INC - TX457,,TX,LUFKIN,2026-08-04,2026-08-04,,2025,Boat,Used,,29.74,8.23,gott,,263,11.99,26800,26800,false,,,12.99,Silver 1,Silver 1,0.8,0,,0,93130,679,Source One Financial Services,TX, ryan williams,1,1,TX457,Silver
246614,ccampos,16052.74,120,Booked,Fretz RV -PA126,,PA,Souderton,2026-08-04,2026-08-04,2026-08-04,2016,RV,Used,,34.34,1.75,jharrington1,376,276,8.49,2000,2000,false,99,1,9.74,Core,Core,1.58,802.64,5,0,10150,809,Source One Financial Services,PA, tony eidle,1,0,PA126,Core
246750,pmeza,30905.37,180,Auto Approval,Ron Hoover Companies Katy -TX275,Ron Hoover,TX,Katy,2026-08-04,2026-08-04,,2026,RV,New,705,27.84,3.69,gott,,25,9.74,4500,5500,false,,,11.24,Core,Core,1.08,0,,0,28721,728,Source One Financial Services,TX, greg woods,1,1,TX275,Core
246757,avera,44355,180,Decline,Campers Inn of Chichester - NH103,Campers Inn,NH,Chichester,2026-08-04,,,2026,RV,New,,81.87,9.31,gcoulombe,,23,10.24,1000,-1450,false,,,11.74,Core,Core,1.17,0,,0,37945,692,Source One Financial Services,NH, david keller,0,0,NH103,Core
246674,hhisek,32293.95,144,Conditional Approval,PPL MOTORHOMES - OK124,,OK,EL RENO,2026-08-04,2026-08-04,,2021,RV,Used,,41.25,4.25,jweller,,79,13.74,3000,3000,false,,,13.74,Silver 1,Not Applicable,0.77,0,,0,41850,640,Connexus Credit Union,OK, brandon ray,1,1,OK124,Not Applicable
246615,rsimmons,97201.12,240,Auto Approval,Blue Compass - Mobile - AL170,Blue Compass,AL,Theodore,2026-08-04,2026-08-10,,2027,RV,New,,33.63,15,jsmith,,8624,7.99,10550,20550,false,,,9.49,Core,Core,1.05,0,,0,92890,784,Source One Financial Services,KY, dylan howard,1,1,AL170,Core
246759,,6833.77,144,Auto Decline,Blue Compass RV - St. Augustine - FL339,Blue Compass,FL,ST. AUGUSTINE,2026-08-04,,,2018,RV,Used,,33.47,3.7,pcarter,,0,16.24,2000,2000,false,,,16.74,Silver 2,Silver 2,0.74,0,,0,9295,627,Source One Financial Services,FL,,0,0,FL339,Silver
246600,,159908.25,240,Auto Decline,General RV - Ocala - FL237,General RV,FL,Ocala,2026-08-04,,,2026,RV,New,,72.59,12.13,pcarter,,0,8.24,0,18711.51,false,,,9.74,Core,Core,1.27,0,,0,125890,778,Source One Financial Services,FL,,0,0,FL237,Core
246708,,12046,144,Auto Decline,Lerch RV- PA121,,PA,Milroy,2026-08-04,,,2027,RV,New,,21.73,8.25,jharrington1,,0,14.99,4000,4000,false,,,15.99,Silver 2,Silver 2,0.73,0,,0,16573,626,Source One Financial Services,PA,,0,0,PA121,Silver
246734,ccampos,21185.39,144,Decline,Uwharrie RV  (740 Motors) - NC125,,NC,Albemarle,2026-08-04,,,2026,RV,New,628,51.27,3.54,jsmith,,4,10.24,5000,5000,false,,,11.74,Core,Core,0.76,0,,0,27748,687,Source One Financial Services,FL, brian bailey,0,0,NC125,Core
246621,thovey,55380,240,Decline,Wilder RV -MO108,,MO,Clinton,2026-08-04,,,2026,RV,New,,32.55,16.8,jweller,,23,12.49,5800,5800,false,,,13.49,Silver 1,Silver 1,0.93,0,,0,59346,663,Source One Financial Services,MO, clinton bales,0,0,MO108,Silver
246828,thovey,46065.55,240,Auto Approval,Complete Marine -AZ257,,AZ,Phoenix,2026-08-04,2026-08-05,,2025,Boat,New,774,29.31,2.66,edominguez,,1291,7.74,3000,3000,false,,,9.24,Core,Core,1.14,0,,0,40564,797,Source One Financial Services,AZ, tieshia jones,1,1,AZ257,Core
246630,,65337.26,240,Auto Decline,BLUE COMPASS RV - SOUTH HOUSTON  - TX421,Blue Compass,TX,Alvin,2026-08-04,,,2026,RV,New,,8.66,7.27,gott,,0,22.99,0,14000,false,,,23.99,Bronze,Bronze,0.99,0,,0,65802,610,Source One Financial Services,TX,,0,0,TX421,Business First
246636,sbaker,12729.36,144,Auto Approval,"Duckett Marine, L.L.C. - EAL100",EPIC,AL,Guntersville,2026-08-04,2026-08-04,,2026,Boat,New,765,16.59,2.04,S1House,,94,7.99,8000,8000,false,,,9.49,Core,Core,0.76,0,,0,16790,791,Source One Financial Services,AL, donavon evenson,1,1,EAL100,Core
246675,hhisek,16892,144,Booked,Grand Pointe Marina of Lansing - MI464,,MI,Dimondale,2026-08-04,2026-08-06,2026-08-12,2022,Boat,Used,,22.89,3.23,dzilberchtein,11380,2869,10.74,5000,5000,false,8511,0,11.99,Core,Core,0.96,844.6,5,0,17595,694,Source One Financial Services,MI, patrick crowley,1,0,MI464,Core
246710,Jhill,43064.35,180,Decline,American Truck and RV -TX337,,TX,SAN ANGELO,2026-08-04,,,2026,RV,New,652,14,1.76,gott,,15,12.49,3000,3000,false,,,13.49,Silver 1,Silver 1,0.95,0,,0,45245,662,Source One Financial Services,TX, hector martinez,0,0,TX337,Silver
246649,sdelarosa,23298.73,144,Decline,MILLERS MARINE - FL178,,FL,OCALA,2026-08-04,,,2026,Boat,New,,31.16,4.05,pcarter,,107,10.24,5000,5000,false,,,11.74,Core,Not Applicable,1.16,0,,0,20102.98,693,Connexus Credit Union,FL, johnmichael zayas,0,0,FL178,Not Applicable
246605,jharrington1,19588.34,180,Booked,ROYS RV SUPERCENTER LLC - WV101,,WV,ELKINS,2026-08-04,2026-08-07,2026-08-07,2026,RV,New,815,37.99,2.65,jharrington1,4749,4708,7.49,0,0,false,40,1,8.99,Core,Core,1.19,1175.3,6,0,16455.05,818,Source One Financial Services,WV, aaron harlan,1,0,WV101,Core
246690,Jhill,89903.41,240,Booked,Ashley Marine - Salem - AL157,,AL,Salem,2026-08-04,2026-08-13,2026-08-13,2026,Boat,Used,651,48.54,7.33,jsmith,13247,13000,9.74,20000,20000,false,243,4,10.74,Core,Core,0.95,3596.14,4,0,94363.5,739,Source One Financial Services,LA, tim holloway,1,0,AL157,Core
246856,mlomedico,22262.99,144,Booked,BLUE COMPASS RV CONNECTICUT-CT106,Blue Compass,CT,NEWTON,2026-08-04,2026-08-05,2026-08-05,2013,RV,Used,,39.23,4.45,gcoulombe,1384,1087,11.49,1000,1000,false,296,1,12.99,Core,Core,1.46,1335.78,6,0,15200,720,Source One Financial Services,CT, alexander graziano,1,0,CT106,Core
246608,lgrace,24438,180,Conditional Approval,UNITED RV CENTERS INC - GA150,,GA,CHATSWORTH,2026-08-04,2026-08-04,,2021,RV,Used,,27.31,2.99,jsmith,,18,10.74,2400,2400,false,,,12.24,Core,Core,0.71,0,,0,34400,683,Source One Financial Services,GA, ryan lasuer,1,1,GA150,Core
246579,sbaker,39935.64,180,Auto Approval,Overby Marine Sales & Service - NC164,RDS,NC,Littleton,2026-08-04,2026-08-04,,2021,Boat,Used,748,12.03,2.07,jsmith,,68,7.99,5295,5295,false,,,9.49,Core,Core,0.87,0,,0,46000,863,Source One Financial Services,VA, shane taylor,1,1,NC164,Core
246729,,23375,144,Auto Decline,Andalusia Marine & Powersports - AL173,RDS,AL,Andalusia,2026-08-04,,,2023,Boat,Used,,17.73,3.46,jsmith,,0,7.99,2500,2500,false,,,9.49,Core,Core,1.22,0,,0,19130,825,Source One Financial Services,AL,,0,0,AL173,Core
246866,mlomedico,65256.3,180,Auto Approval,Smith RV - WY105,,WY,Evansville,2026-08-04,2026-08-06,,2027,RV,New,727,36.52,6.47,dzilberchtein,,2767,9.74,0,-11200,false,,,11.24,Core,Core,1.22,0,,0,53409.8,723,Source One Financial Services,WY, bill leonard,1,1,WY105,Core
246843,thovey,56307.29,240,Decline,Rinkers Boat World - Houston - ETX132,EPIC,TX,Houston,2026-08-04,,,2023,Boat,Used,645,63.73,8.52,S1House,,28,14.49,7000,7000,false,,,15.49,Silver 1,Silver 1,0.93,0,,0,60665,648,Source One Financial Services,TX, jp lixie,0,0,ETX132,Silver
246631,hhisek,30395.64,180,Approved,"Ron Hoover Companies of Donna, Inc -Tx277",Ron Hoover,TX,Donna,2026-08-04,2026-08-04,,2026,RV,New,,10.69,1.98,gott,,5,12.49,3500,3500,false,,,13.49,Silver 1,Silver 1,1.18,0,,0,25834.9,676,Source One Financial Services,TX, julio pena,1,1,TX277,Silver
246610,hhisek,18009.34,180,Decline,Blue Compass RV - South Beumont - TX551,Blue Compass,TX,Vidor,2026-08-04,,,2026,RV,New,,27.18,4.87,gott,,3012,22.99,1500,1500,false,,,23.99,Silver 1,Silver 1,0.98,0,,0,18382,666,Source One Financial Services,TX, brett massey,0,0,TX551,Silver
246821,sbaker,30449.55,180,Verifications Incomplete,Huggy Bear RV Sales -OH162,Canopy Financial,OH,Middle Point,2026-08-04,2026-08-07,,2018,RV,Used,792,4.58,4.45,jharrington1,,4528,8.49,500,500,false,,1,9.99,Core,Core,1.12,1826.97,6,0,27100,817,Source One Financial Services,WV, mac mclelland,1,1,OH162,Core
246681,avera,249505,240,Decline,Warrior Financial - OH236,Warrior Performance,OH,Columbus,2026-08-04,,,2022,Boat,Used,,17.31,1.96,jharrington1,,168,7.74,220000,220000,false,,,9.24,Core,Core,0.56,0,,0,447950,838,Source One Financial Services,FL, jayeann hart,0,0,OH236,Core
246592,,33088,180,Auto Decline,Blue Compass RV - Columbia - SC136,Blue Compass,SC,Lexington,2026-08-04,,,2021,RV,Used,,54.99,5.98,jsmith,,0,13.24,0,15600,false,,,14.24,Silver 1,Silver 1,1.04,0,,0,31955,667,Source One Financial Services,GA,,0,0,SC136,Silver
246844,eavila,40818.88,180,Decline,Premier Yamaha Boating Center/Aransas -TX209,,TX,Aransas,2026-08-04,,,2026,Boat,New,670,25.29,2.66,gott,,47,12.49,4500,4500,false,,,13.49,Silver 1,Not Applicable,1.07,0,,0,38203.5,676,Connexus Credit Union,TX, paul mcminn,0,0,TX209,Not Applicable
246717,mlomedico,45571.77,240,Decline,Fun Town RV - Las Vegas - NV116,Fun Town,NV,Las Vegas,2026-08-04,,,2024,RV,New,,48.94,3.76,ljablonoski,,2781,12.49,6000,8500,false,,,13.49,Silver 1,Silver 1,0.9,0,,0,50655,674,Source One Financial Services,UT, julie ronquillo,0,0,NV116,Silver
246637,lgrace,80486.33,240,Booked,Erie Marine Sales - OH234,,OH,Sheffield Lake,2026-08-04,2026-08-08,2026-08-13,2026,Boat,New,701,29.37,4.12,jharrington1,13164,5615,7.24,7500,7500,false,7494,55,6.99,Core,Core,1.26,804.86,1,0,63790,854,Source One Financial Services,LA, kal zarembski,1,0,OH234,Core
246847,eavila,58765,180,Decline,RNR RV CENTER - SPOKANE - WA150,,WA,Spokane,2026-08-04,,,2026,RV,New,,3.87,3.54,ljablonoski,,1270,7.99,30000,30000,false,,,9.49,Core,Not Applicable,0.76,0,,0,76829,794,Connexus Credit Union,ID,,0,0,WA150,Not Applicable
246694,ccampos,108564.05,240,Auto Approval,BYRON POWERSPORTS LLC - GA140,,GA,BYRON,2026-08-04,2026-08-04,,2026,RV,New,820,26.29,5.41,jsmith,,35,7.49,43000,43000,false,,,8.99,Core,Core,1.25,0,,0,86998,831,Source One Financial Services,GA, tom bulger,1,1,GA140,Core
246683,Jhill,48721.85,180,Auto Approval,Ron Hoover - San Antonio - TX500,Ron Hoover,TX,San Antonio,2026-08-04,2026-08-04,,2023,Boat,Used,,11.82,6.09,gott,,43,9.24,0,0,false,,,10.74,Core,Core,1.05,0,,0,46289,770,Source One Financial Services,TX, trevor lemasters,1,1,TX500,Core
246604,avera,27488,180,Approved,"Vantage Recreational Finance, Inc. -FL291",VRF,FL,FORT LAUDERDALE,2026-08-04,2026-08-04,,2015,RV,Used,,21.06,4.93,S1House,,80,11.74,6000,6000,false,,,12.74,Core,Core,0.79,0,,0,34750,733,Source One Financial Services,SD, craig miller,1,1,FL291,Core
246578,eavila,13334.63,120,Decline,Rocky Ridge RV of McAlester - OK145,Rocky Ridge,OK,McAlester,2026-08-04,,,2026,RV,New,,48.05,5.37,jweller,,120,22.99,1500,1500,false,,,23.99,Not Applicable,Not Applicable,0.82,0,,0,16327,596,Ideal Credit Union,OK, doug menees,0,0,OK145,Not Applicable
246562,,42348,180,Auto Decline,RV CENTRAL - MI431,,MI,MOUNT PLEASANT,2026-08-04,,,2027,RV,New,,14.57,5.25,dzilberchtein,,0,22.99,0,0,false,,,23.99,Bronze,Bronze,0.99,0,,0,42624,600,Source One Financial Services,LA,,0,0,MI431,Business First
246858,pmeza,42731.41,180,Approved,Blue Compass RV - South Beumont - TX551,Blue Compass,TX,Vidor,2026-08-04,2026-08-05,,2018,RV,Used,,7.94,7.35,gott,,932,8.24,10000,10000,false,,,9.24,Core,Not Applicable,0.91,0,,0,47005,797,Connexus Credit Union,LA, leah sligar,1,1,TX551,Not Applicable
246688,mnava,38525.01,180,Decline,Kunes Scenic RV - WI745,KunesRV,WI,Baraboo,2026-08-04,,,2022,RV,Used,,29.09,3.1,dzilberchtein,,27,10.49,4000,4000,false,,,11.99,Core,Core,1.05,0,,0,36800,710,Source One Financial Services,OH, donald loveless,0,0,WI745,Core
246783,mlomedico,144028.51,180,Auto Approval,Lakeland RV -WI515,,WI,Milton,2026-08-04,2026-08-06,,2027,RV,New,,38.28,13.66,dzilberchtein,,2772,8.49,30000,30000,false,,,8.49,Core,Core,1.17,0,,0,123575,828,Source One Financial Services,WI, kevin schmidt,1,1,WI515,Core
246773,hhisek,48855.86,180,Decline,NXTLVL Marine LLC - TX502,,TX,New Braunfels,2026-08-04,,,2014,Boat,Used,655,22.69,2.3,gott,,10,15.49,10000,10000,false,,,16.49,Silver 1,Silver 1,1.12,0,,0,43570,659,Source One Financial Services,TX, jessica parnell,0,0,TX502,Silver
246874,,50222,120,Auto Decline,BOBBY WAYNES RV - SCA111,,CA,LANCASTER,2026-08-04,,,2026,RV,New,,49.09,35.56,jrubi,,0,22.99,2000,2000,false,,,23.99,Bronze,Bronze,1.3,0,,0,38566,590,Source One Financial Services,CA,,0,0,SCA111,Business First
246618,hhisek,25099.62,144,Conditional Approval,Keystone RV Center  - PA110,Pete's RV,PA,Greencastle,2026-08-04,2026-08-04,,2026,RV,New,,29.78,7.3,jharrington1,,69,12.99,1800,7050,false,,,12.99,Silver 1,Not Applicable,0.87,0,,0,28932.8,642,Connexus Credit Union,MD, jen habina,1,1,PA110,Not Applicable
246864,ccampos,30748.12,180,Auto Approval,Dune Sport -AZ267,,AZ,Mesa,2026-08-04,2026-08-05,,2026,RV,New,817,10.1,2.78,edominguez,,1078,7.49,3000,3000,false,,,8.99,Core,Core,1.13,0,,0,27240,843,Source One Financial Services,IL,,1,1,AZ267,Core
246651,,20430.82,188,Auto Decline,Budget RVs of Texas -TX109,,TX,Royse City,2026-08-04,,,2022,RV,Used,,57.98,6.11,gott,,0,22.99,2000,2000,false,,,23.99,Bronze,Bronze,1.62,0,,0,12595,601,Source One Financial Services,TX,,0,0,TX109,Business First
246878,avera,27677.11,144,Auto Approval,A and L RV Sales - Johnson City - TN 123,,TN,Johnson City,2026-08-04,2026-08-13,,2022,RV,Used,614,26.69,4.1,jsmith,,12762,13.24,3000,3000,false,,,14.24,Silver 1,Silver 1,1.31,0,,0,21150,670,Source One Financial Services,UT, amber bailey,1,1,TN123,Silver
246633,mlomedico,149645,240,Decline,Intercoastal Financial Group LLC - 17401746,IFG,FL,Vero Beach,2026-08-04,,,2026,Boat,New,,27.72,6.01,S1House,,29,10.24,20000,20000,false,,,11.49,Core,Core,1.11,0,,0,135000,687,Source One Financial Services,MT, colton smith,0,0,17401746,Core
246620,,11728,120,Auto Decline,4Zs RVs -IN163,Easy Care,IN,PERU,2026-08-04,,,2014,RV,Used,,13.31,3.26,jharrington1,,0,22.99,1200,1200,false,,,23.99,Bronze,Bronze,1.1,0,,0,10615,611,Source One Financial Services,IN,,0,0,IN163,Business First
246582,ccampos,72468.39,180,Conditional Approval,Ron Hoover Marine Inc - La Marque -TX279,Ron Hoover,TX,Houston,2026-08-04,2026-08-04,,2026,RV,New,648,37.83,9.45,gott,,49,10.74,46000,56296,false,,,10.99,Silver 1,Not Applicable,0.85,0,,0,85330,678,Connexus Credit Union,GA, damian martin,1,1,TX279,Not Applicable
246805,lgrace,46208.31,180,Decline,BISH'S RV - INDIANAPOLIS - IN199,Bish's RV,IN,ANDERSON,2026-08-04,,,2026,RV,New,,45.99,12.21,jharrington1,,12,10.24,4655,4655,false,,,11.74,Core,Core,1.1,0,,0,42110,684,Source One Financial Services,AZ, stormy pitts,0,0,IN199,Core
246664,mlomedico,16415,120,Auto Approval,Blue Compass-RV KC - Grain Valley - MO121,Blue Compass,MO,Grain Valley,2026-08-04,2026-08-11,,2017,RV,Used,770,35.74,3.27,jweller,,10109,8.99,500,500,false,,,10.49,Core,Core,1.28,0,,0,12850,794,Source One Financial Services,MO, alan harvey,1,1,MO121,Core
246572,lgrace,23148,180,Conditional Approval,Bullitt County Auto and RV Sales Inc - KY138,,KY,Shephersville,2026-08-04,2026-08-04,,2017,RV,Used,,33.24,7.86,jharrington1,,25,10.74,3000,3000,false,,,12.24,Core,Core,1.21,0,,0,19200,727,Source One Financial Services,KY, cheyanne anderson,1,1,KY138,Core
246838,,27193.8,120,Auto Decline,"Ron Hoover Companies of Donna, Inc -Tx277",Ron Hoover,TX,Donna,2026-08-04,,,2026,RV,New,,13.13,4.49,gott,,0,22.99,7000,7000,false,,,23.99,Bronze,Bronze,0.83,0,,0,32916,611,Source One Financial Services,TX,,0,0,TX277,Business First
246626,pmeza,19837.93,144,Decline,General RV Center - North Canton - OH200,General RV,OH,North Canton,2026-08-04,,,2022,RV,Used,591,49.51,2.21,jharrington1,,22,10.74,2000,2000,false,,,12.24,Core,Core,0.67,0,,0,29715,693,Source One Financial Services,OH, patsy santone,0,0,OH200,Core
246585,,16147,180,Auto Decline,Texas Marine Conroe - TX355,OneWater ,TX,Conroe,2026-08-04,,,2022,Boat,Used,,21.58,3.55,gott,,0,15.74,2200,2200,false,,,16.74,Silver 2,Silver 2,1.27,0,,0,12718,637,Source One Financial Services,TX,,0,0,TX355,Silver
246798,rsimmons,89249.65,240,Decline,Southaven RV & Marine - MS115,,MS,Southaven,2026-08-04,,,2026,RV,New,,8.66,4.86,jsmith,,16,10.24,0,25000,false,,,11.74,Core,Core,0.89,0,,0,100282.45,685,Source One Financial Services,MS, havanna klamm,0,0,MS115,Core
246819,,95010,180,Auto Decline,Beaver Marine - WI740,,WI,Waupaca,2026-08-04,,,2026,Boat,New,,1.26,0.77,dzilberchtein,,0,14.99,30000,30000,false,,,15.99,Silver 2,Silver 2,1.27,0,,0,74778.85,634,Source One Financial Services,MN,,0,0,WI740,Silver
246817,hhisek,10019.59,120,Booked,Princess Craft RV -TX191,,TX,Round Rock,2026-08-04,2026-08-12,2026-08-12,2027,RV,New,,39.11,1.38,gott,11363,11284,9.49,1000,1000,false,67,12,10.99,Core,Core,1.17,601.18,6,0,8600,754,Source One Financial Services,TX, lane lambright-reed,1,0,TX191,Core
246794,sbaker,30177.98,180,Auto Approval,Moix RV - Conway - AR134,,AR,Conway,2026-08-04,2026-08-04,,2026,RV,New,,21.04,2.46,jweller,,43,10.24,0,4025.03,false,,,11.74,Core,Core,1,0,,0,30155,681,Source One Financial Services,AR, chad cantrell,1,1,AR134,Core
246654,pmeza,25747.79,144,Decline,Rock Solid Funding LLC - TX536,RSF,TX,BEDFORD,2026-08-04,,,2014,RV,Used,,18.41,5.32,S1House,,23,10.99,2500,2500,false,,,12.49,Core,Core,0.66,0,,0,39186,752,Source One Financial Services,IL, serena pulliam,0,0,TX536,Core
246855,,55818,180,Auto Decline,Fun Town RV - Little Rock - AR126,Fun Town,AR,Bryant,2026-08-04,,,2026,RV,New,,35.64,5.21,jweller,,0,22.99,0,9000,false,,,23.99,Bronze,Bronze,0.83,0,,0,67400,610,Source One Financial Services,AR,,0,0,AR126,Business First
246859,mnava,42924.43,180,Auto Approval,Dalton RV LLC-AR132,Warrior Performance,AR,Morrilton,2026-08-04,2026-08-10,,2018,RV,Used,,13.19,4.62,jweller,,8580,9.74,6500,6500,false,,,10.49,Core,Not Applicable,0.92,0,,0,46650,716,Connexus Credit Union,AR, nate rose,1,1,AR132,Not Applicable
246648,ccampos,63923.86,240,Decline,"Vantage Recreational Finance, Inc. -FL291",VRF,FL,FORT LAUDERDALE,2026-08-04,,,2026,Boat,New,,41.95,3.62,S1House,,24,9.99,6500,6500,false,,,11.49,Core,Core,1.12,0,,0,57095.2,706,Source One Financial Services,MN, trenton cott,0,0,FL291,Core
246743,mnava,26269.45,180,Decline,Fun Town RV - Indianapolis - IN215,Fun Town,IN,Edinburgh,2026-08-04,,,2018,RV,Used,,42.82,8.67,jharrington1,,28,14.99,750,750,false,,,15.99,Silver 1,Silver 1,0.97,0,,0,26950,645,Source One Financial Services,IN, chase ackeret,0,0,IN215,Silver
246870,,17933,120,Auto Decline,BISH'S RV OF BILLINGS - MT102,Bish's RV,MT,BILLINGS,2026-08-04,,,2026,RV,New,,26.79,14.08,dzilberchtein,,0,22.99,3000,3000,false,,,23.99,Bronze,Bronze,0.78,0,,0,22859,549,Source One Financial Services,MT,,0,0,MT102,Business First
246829,rsimmons,26453.52,144,Decline,Ashley Marine - Salem - AL157,,AL,Salem,2026-08-04,,,2026,Boat,New,698,53.62,3.24,jsmith,,5,9.99,3000,3000,false,,,11.49,Core,Core,1.08,0,,0,24563,701,Source One Financial Services,AL, shirley ashley,0,0,AL157,Core
246678,thovey,10617,120,Decline,Buscher Bros. Corp - IA165,Canopy Financial,IA,Algona,2026-08-04,,,2011,RV,Used,,27.63,4.38,gcoulombe,,47,15.49,0,0,false,,,16.49,Silver 1,Silver 1,0.92,0,,0,11550,655,Source One Financial Services,IA, matt kurtz,0,0,IA165,Silver
246825,ccampos,109790,240,Decline,Foothills Marine of Lake Norman- NC144,,NC,Mooresville,2026-08-04,,,2026,Boat,New,616,32.95,5.16,jsmith,,28,12.49,10000,10000,false,,,13.49,Silver 1,Silver 1,1.23,0,,0,89470,665,Source One Financial Services,TN, james siems,0,0,NC144,Silver
246709,mlomedico,70344,180,Auto Approval,"Kris Willis RV, LLC -MO127",,MO,Dexter,2026-08-04,2026-08-04,,2026,RV,New,,19,4.23,jweller,,6,7.99,0,0,false,,,9.49,Core,Core,0.9,0,,0,77778,793,Source One Financial Services,MO, leagh willis,1,1,MO127,Core
246624,sdelarosa,96807.15,240,Auto Approval,Marina Mikes - FL147,OneWater ,FL,Fort Myers,2026-08-04,2026-08-07,,2026,Boat,New,841,36.69,5.36,wstoutimore,,4303,7.24,18500,18350,false,,,8.74,Core,Core,1.5,0,,0,64640,844,Source One Financial Services,FL, matt mancano,1,1,FL147,Core
246682,jharrington1,19461.7,180,Conditional Approval,BUDS RV WORLD - KY101,,KY,Madisonville,2026-08-04,2026-08-04,,2025,RV,Used,728,15.77,2.38,jharrington1,,21,7.49,5000,5000,false,,,8.99,Core,Core,0.6,0,,0,32700,830,Source One Financial Services,KY, tom kimmel,1,1,KY101,Core
246752,eavila,83748.5,240,Booked,Intercoastal Financial Group LLC - 17401746,IFG,FL,Vero Beach,2026-08-04,2026-08-11,2026-08-13,2022,Boat,Used,646,33.09,4.73,S1House,13026,10078,10.24,9000,9000,false,2863,85,10.99,Core,Core,0.96,2512.45,3,0,87025,722,Source One Financial Services,SC, hunter miller,1,0,17401746,Core
246707,,35304,204,Auto Decline,"Vantage Recreational Finance, Inc. -FL291",VRF,FL,FORT LAUDERDALE,2026-08-04,,,2023,Boat,Used,,29.47,8.68,S1House,,0,18.99,7000,7000,false,,,19.99,Silver 2,Silver 2,1.28,0,,0,27475,620,Source One Financial Services,KY,,0,0,FL291,Silver
246809,ahunt,60663,240,Booked,Ashley Marine LLC - GA147,,GA,Columbus,2026-08-04,2026-08-10,2026-08-10,2027,Boat,New,,45.37,5.89,jsmith,8763,8374,7.49,5000,5000,false,27,362,6.99,Core,Core,1.24,606.63,1,0,48903.84,864,Source One Financial Services,GA, amy silas,1,0,GA147,Core
246557,avera,26589.1,180,Decline,General RV - Fort Myers - FL240,General RV,FL,Fort Myers,2026-08-04,,,2022,RV,Used,,59.73,3.9,wstoutimore,,6,10.74,2500,2500,false,,,12.24,Core,Core,0.63,0,,0,41970,681,Source One Financial Services,FL, dustin knaggs,0,0,FL240,Core
246558,,45131.5,180,Auto Decline,"Ron Hoover Companies of Donna, Inc -Tx277",Ron Hoover,TX,Donna,2026-08-04,,,2027,RV,New,,4.87,4.6,gott,,0,22.99,10000,10000,false,,,23.99,Bronze,Bronze,0.98,0,,0,46019,,Source One Financial Services,TX,,0,0,TX277,Business First
246673,sbaker,28748,180,Auto Approval,Bourbon RV - MO167,,MO,Bourbon,2026-08-04,2026-08-04,,2023,RV,Used,,27.26,3.9,jweller,,17,13.24,3000,3000,false,,,14.24,Silver 1,Silver 1,0.86,0,,0,33400,673,Source One Financial Services,MO, devian williams,1,1,MO167,Silver
246583,,65174.58,240,Auto Decline,DADS CAMPER OUTLET - GULFPORT - MS100,,MS,GULFPORT,2026-08-04,,,2025,RV,New,,347.61,6.81,jsmith,,0,13.74,20000,20000,false,,,14.74,Silver 1,Silver 1,0.99,0,,0,65800,644,Source One Financial Services,AL,,0,0,MS100,Silver
246811,eavila,29245,180,Decline,ROTH RV - BEMIDJI - MN168,,MN,BEMIDJI,2026-08-04,,,2016,RV,Used,718,11.51,2.41,dzilberchtein,,18,14.99,0,0,false,,,15.99,Silver 1,Silver 1,1.08,0,,0,27000,650,Source One Financial Services,MO, tracy perpich,0,0,MN168,Silver
246857,eavila,37430,180,Booked,PALMETTO BOAT CENTER INC - SC101,,SC,PIEDMONT,2026-08-04,2026-08-11,2026-08-12,2024,Boat,New,688,39.12,3.02,jsmith,11433,10004,7.99,5000,5000,false,1429,0,7.39,Core,Core,1,374.3,1,0,37475,782,Source One Financial Services,SC, zach whitehead,1,0,SC101,Core
246744,sbaker,85204,240,Approved,"Myers RV Center, Inc - NM105",,NM,Albuquerque,2026-08-04,2026-08-04,,2021,RV,Used,761,9.3,7.33,edominguez,,149,7.79,70000,175000,false,,,8.79,Core,Not Applicable,0.38,0,,0,224675,778,BMO Harris Bank,NM, jeff myers,1,1,NM105,Not Applicable
246576,,10787.39,144,Auto Decline,Moix RV - McGaugh Outpost - AR136,,AR,Springdale,2026-08-04,,,2015,RV,Used,,53.26,4.63,jweller,,0,14.99,0,0,false,,,15.99,Silver 1,Silver 1,0.6,0,,0,18050,655,Source One Financial Services,AR,,0,0,AR136,Silver
246775,thovey,80497.79,240,Decline,Rock Solid Funding LLC - TX536,RSF,TX,BEDFORD,2026-08-04,,,2026,RV,New,,43.22,13.9,S1House,,1120,9.49,2000,2000,false,,,10.99,Core,Core,1.29,0,,0,62500,759,Source One Financial Services,NC, ashley rogers,0,0,TX536,Core
246560,avera,41809.92,180,Decline,Gil Cherry Family RV Center LLC -TX130,,TX,Sweetwater,2026-08-04,,,2026,RV,New,,23.43,3.46,gott,,12,9.49,4300,4300,false,,,10.99,Core,Core,0.95,0,,0,44148,743,Source One Financial Services,TX, pierre simmons,0,0,TX130,Core
246842,thovey,23849.94,180,Decline,BLUE COMPASS RV - DENTON - TX148,Blue Compass,TX,Denton,2026-08-04,,,2022,RV,Used,665,31.01,1.68,gott,,17,9.24,3000,3000,false,,,10.74,Core,Core,0.98,0,,0,24400,770,Source One Financial Services,TX, steven lawrence,0,0,TX148,Core
246753,mnava,18821.68,144,Decline,Fun Town RV Ottawa LLC - KS125,Fun Town,KS,Ottawa,2026-08-04,,,2022,RV,Used,,28.95,4.64,jweller,,11,14.49,0,0,false,,,15.49,Silver 1,Silver 1,1.03,0,,0,18315,642,Source One Financial Services,KS, john lucas,0,0,KS125,Silver
246703,,60631.37,240,Auto Decline,Blue Compass RV - St. Augustine - FL339,Blue Compass,FL,ST. AUGUSTINE,2026-08-04,,,2026,RV,New,,22.74,3.25,pcarter,,0,22.99,6269,16269,false,,,23.99,Bronze,Bronze,0.99,0,,0,61230,611,Source One Financial Services,FL,,0,0,FL339,Business First
246715,mlomedico,82010.73,240,Auto Approval,Viage Group South - FL348,,FL,Ft. Myers,2026-08-04,2026-08-07,,2021,Boat,Used,,24.71,2.19,wstoutimore,,4214,10.24,0,37450,false,,,11.74,Core,Core,0.99,0,,0,82900,722,Source One Financial Services,FL, marcus cruz,1,1,FL348,Core
246698,,22890,144,Auto Decline,Intercoastal Financial Group LLC - 17401746,IFG,FL,Vero Beach,2026-08-04,,,2004,Boat,Used,,32.05,3.55,S1House,,0,17.24,5000,5000,false,,,18.24,Silver 2,Silver 2,1.25,0,,0,18350,636,Source One Financial Services,MO,,0,0,17401746,Silver
246581,hhisek,113370.53,180,Booked,FUN TOWN RV CORSICANA LP- TX451,Fun Town,TX,CORSICANA,2026-08-04,2026-08-05,2026-08-05,2027,RV,New,674,31.8,9.07,gott,1894,1529,9.49,6000,16002.89,false,364,1,10.99,Core,Core,1.29,6802.23,6,0,87901,744,Source One Financial Services,TX, brenden boggs,1,0,TX451,Core
246740,eavila,36696.38,180,Booked,Parkland RV-MO220,Canopy Financial,MO,Leadington,2026-08-04,2026-08-05,2026-08-05,2024,RV,Used,699,44.66,2.86,jweller,1700,1655,7.49,0,0,false,29,16,8.99,Core,Core,0.96,2201.78,6,0,38400,817,Source One Financial Services,MO, matt kurtz,1,0,MO220,Core
246706,sbaker,13504.94,120,Auto Approval,Day Bros Auto Boat & RV Sales - Monticello - KY142,,KY,Monticello,2026-08-04,2026-08-05,,2017,RV,Used,,32.83,8.82,jharrington1,,1546,10.49,0,0,false,,,11.99,Core,Core,1.14,0,,0,11800,743,Source One Financial Services,KY, faith day,1,1,KY142,Core
246735,rsimmons,99879,240,Conditional Approval,Motor Home Specialist - TX567,Blue Compass,TX,Alvarado,2026-08-04,2026-08-04,,2026,RV,New,,36.54,8.56,gott,,20,9.99,18500,29990.16,false,,,11.49,Core,Core,0.72,0,,0,139675,715,Source One Financial Services,TX, christopher purcell,1,1,TX567,Core
246695,pmeza,41172,180,Decline,"Vantage Recreational Finance, Inc. -FL291",VRF,FL,FORT LAUDERDALE,2026-08-04,,,2017,Boat,Used,,37.5,5.89,S1House,,11,14.99,4150,4150,false,,,15.99,Silver 1,Silver 1,1.23,0,,0,33510,649,Source One Financial Services,WV, robyn lemke,0,0,FL291,Silver
246611,Jhill,61982.4,180,Decline,TRAVELERS WHOLESALE TRAILER SALES - TN138,,TN,MANCHESTER,2026-08-04,,,2026,RV,Used,,50.22,11.34,jsmith,,209,10.24,15000,15000,false,,,11.74,Core,Core,0.79,0,,0,78000,692,Source One Financial Services,IA,,0,0,TN138,Core
246861,edominguez,62328.04,240,Decline,Campers Inn - Prescott Valley- AZ329,Campers Inn,AZ,PRESCOTT VALLEY,2026-08-04,,,2024,RV,Used,617,42.1,4.83,edominguez,,27,7.49,4000,4000,false,,,8.99,Core,Core,0.81,0,,0,77250,827,Source One Financial Services,AZ, holly stocker,0,0,AZ329,Core
246850,,17892.42,180,Auto Decline,Blue Compass RV - Hickory - NC156,Blue Compass,NC,Claremont,2026-08-04,,,2026,RV,New,,47.28,3.51,jsmith,,0,13.74,0,0,false,,,14.74,Silver 1,Silver 1,0.83,0,,0,21652,646,Source One Financial Services,NC,,0,0,NC156,Silver
246607,rsimmons,72729.33,204,Booked,Ron Hoover - Odessa - TX495,Ron Hoover,TX,Odessa,2026-08-04,2026-08-10,2026-08-10,2026,RV,New,697,41.31,5.89,gott,9044,8892,8.74,0,9000,false,150,2,10.24,Core,Core,1.13,4363.76,6,0,64137,778,Source One Financial Services,TX, dexter traylor,1,0,TX495,Core
246803,Jhill,35782.72,180,Conditional Approval,RV Station LTD- Katy -TX290,,TX,Katy,2026-08-04,2026-08-05,,2024,RV,New,,32.42,2.11,gott,,1281,8.99,26300,28300,false,,,9.74,Core,Not Applicable,1,0,,0,35900,708,Connexus Credit Union,TX, jose acosta,1,1,TX290,Not Applicable
246824,pmeza,17888.5,144,Decline,The RV Store - Helper - UT139,,UT,Helper,2026-08-04,,,2022,RV,Used,465,43.88,4.67,ljablonoski,,13,13.24,1000,1000,false,,,14.24,Silver 1,Silver 1,1.11,0,,0,16060,668,Source One Financial Services,UT, morgan moynier,0,0,UT139,Silver
246797,sdelarosa,49199.57,204,Booked,Blue Compass RV - St. Augustine - FL339,Blue Compass,FL,ST. AUGUSTINE,2026-08-04,2026-08-10,2026-08-11,2026,RV,New,,37.02,6.79,pcarter,10077,8847,11.99,5000,11000,false,306,924,11.99,Silver 1,Silver 1,1.31,0,0,0,37605,679,Source One Financial Services,FL, matthew braziel,1,0,FL339,Silver
246697,lgrace,107827.48,240,Approved,JEFF COUCHS CAMPERS -OH107,Jeff Couchs,OH,Trenton,2026-08-04,2026-08-04,,2027,RV,New,,29.21,5.33,jharrington1,,18,7.24,12000,-11500,false,,,8.74,Core,Core,1.12,0,,0,96083,827,Source One Financial Services,ID, bryon spencer,1,1,OH107,Core
246599,lgrace,99516.75,240,Decline,General RV Center - Salisbury - NC137,General RV,NC,Salisbury,2026-08-04,,,2026,RV,New,,44.2,12.82,jsmith,,8,12.49,12000,12000,false,,,13.49,Silver 1,Silver 1,0.82,0,,0,120705,679,Source One Financial Services,SC, charles young,0,0,NC137,Silver
246687,rsimmons,24553.65,180,Booked,Phil Dill Boats -TX104,OneWater ,TX,Lewisville,2026-08-04,2026-08-05,2026-08-07,2016,Boat,Used,690,41.28,0.57,gott,4443,1751,8.49,5000,5000,false,2690,2,9.99,Core,Core,0.83,1718.76,7,0,29440,802,Source One Financial Services,TX, baily blackney,1,0,TX104,Core
246613,ccampos,16175.38,120,Booked,Rock Solid Funding LLC - TX536,RSF,TX,BEDFORD,2026-08-04,2026-08-10,2026-08-12,2016,RV,Used,708,23.33,2.72,S1House,11784,9027,10.49,3000,3000,false,2745,12,11.99,Core,Core,1.04,970.52,6,0,15500,759,Source One Financial Services,PA, alicia mondragon,1,0,TX536,Core
246796,avera,24302.4,180,Auto Approval,NewCoast - Boatzon - FL356,Marine Max,FL,Oldsmar,2026-08-04,2026-08-04,,2012,Boat,Used,683,38.53,2.78,S1House,,85,10.99,3900,3900,false,,,12.49,Core,Core,1.1,0,,0,22070,754,Source One Financial Services,SC, ian woodward,1,1,FL356,Core
246559,,72999,180,Auto Decline,"Vantage Recreational Finance, Inc. -FL291",VRF,FL,FORT LAUDERDALE,2026-08-04,,,2022,RV,Used,,45.07,28.99,S1House,,0,22.99,7500,7500,false,,,23.99,Bronze,Bronze,0.89,0,,0,82000,561,Source One Financial Services,FL,,0,0,FL291,Business First
246622,sbaker,28761.46,180,Auto Approval,Golden Triangle Homes and RV Inc -TX179,,TX,Vidor,2026-08-04,2026-08-04,,2026,RV,New,676,20.03,3.95,gott,,24,9.49,10000,10000,false,,,10.99,Core,Core,0.75,0,,0,38570,758,Source One Financial Services,TX, jeremiah harrington,1,1,TX179,Core
246616,avera,99363.25,240,Conditional Approval,Blue Compass RV - St. Augustine - FL339,Blue Compass,FL,ST. AUGUSTINE,2026-08-04,2026-08-04,,2024,RV,Used,583,33.04,3.2,pcarter,,78,10.24,7500,22500,false,,,11.74,Core,Core,0.93,0,,0,106656,690,Source One Financial Services,OR, matthew braziel,1,1,FL339,Core
246639,hhisek,31878.9,180,Auto Approval,RV ROADWAY - OPELIKA - AL131,,AL,OPELIKA,2026-08-04,2026-08-04,,2025,RV,New,694,30.42,5.27,jsmith,,274,10.24,3250,3250,false,,,11.74,Core,Core,0.77,0,,0,41576,683,Source One Financial Services,AL, kelley shunnarah,1,1,AL131,Core
246563,,37982.67,180,Auto Decline,Sun and Fun Inc - IA124,,IA,TIFFIN,2026-08-04,,,2023,RV,Used,,35.97,9.3,gcoulombe,,0,15.74,750,750,false,,,16.74,Silver 2,Silver 2,0.98,0,,0,38750,626,Source One Financial Services,MO,,0,0,IA124,Silver
246814,,28393.37,144,Auto Decline,Liberty Trail RV - Sulphur Springs - TX580,,TX,Sulphur Springs,2026-08-04,,,2027,RV,New,,20.27,3.89,gott,,2,22.99,13000,13000,false,,,23.99,Bronze,Bronze,0.79,0,,0,35776.67,616,Source One Financial Services,AR, shaun woodruff,0,0,TX580,Business First
246871,,34218.25,180,Auto Decline,PALMETTO BOAT CENTER INC - SC101,,SC,PIEDMONT,2026-08-04,,,2026,Boat,New,,18.04,9.24,jsmith,,0,22.99,3800,3800,false,,,23.99,Bronze,Bronze,1.05,0,,0,32655,592,Source One Financial Services,SC,,0,0,SC101,Business First
246877,lgrace,26125.42,180,Approved,Blue Compass RV - Austin - TX522,Blue Compass,TX,Buda,2026-08-04,2026-08-05,,2025,RV,Used,,11.31,1.38,gott,,684,10.24,5000,5000,false,,,11.74,Core,Core,0.69,0,,0,37950,694,Source One Financial Services,TX, nicolas paez,1,1,TX522,Core
246692,ccampos,51460.81,180,Decline,Crestview RV - Georgetown -TX177,Campers Inn,TX,Georgetown,2026-08-04,,,2026,RV,New,,54.45,7.49,gott,,7,10.24,5300,5300,false,,,11.74,Core,Core,0.91,0,,0,56360,682,Source One Financial Services,TX, yohannes samuel,0,0,TX177,Core
246662,ahunt,27600.33,180,Booked,Rogers Motors TX542,,TX,Burnet,2026-08-04,2026-08-07,2026-08-08,2025,RV,New,,28.17,4.35,gott,5942,4667,9.49,3000,3000,false,1263,12,10.99,Core,Core,1.12,1656.02,6,0,24549,758,Source One Financial Services,TX, shawn rogers,1,0,TX542,Core
246602,lgrace,67100.64,180,Auto Approval,RCD RV - North Ridgeville - OH207,,OH,North Ridgeville,2026-08-04,2026-08-04,,2027,RV,New,697,33.27,5.52,jharrington1,,153,7.49,17000,17000,false,,,8.74,Core,Not Applicable,0.91,0,,0,73749,776,Connexus Credit Union,OH, dave dunstan,1,1,OH207,Not Applicable
246873,,63584,180,Auto Decline,Royal Coach Sales - OR148,,OR,Eugene,2026-08-04,,,2023,RV,Used,,0,0,ljablonoski,,0,22.99,45000,22500,false,,,23.99,Bronze,Bronze,0.95,0,,0,67155,,Source One Financial Services,AK,,0,0,OR148,Business First
246711,,17935.86,120,Auto Decline,ROTH RV - BEMIDJI - MN168,,MN,BEMIDJI,2026-08-04,,,2026,RV,New,629,43.41,5.6,dzilberchtein,,0,14.99,0,0,false,,,15.99,Silver 2,Silver 2,0.65,0,,0,27545,630,Source One Financial Services,MN,,0,0,MN168,Silver
246699,,21652.66,180,Auto Decline,Cycle Springs Powersports - FL311,,FL,Clearwater,2026-08-04,,,2024,Boat,Used,,38.34,2.52,wstoutimore,,0,14.99,0,21790,false,,,15.99,Silver 2,Silver 2,0.45,0,,0,48175,639,Source One Financial Services,FL,,0,0,FL311,Silver
246742,avera,16485.6,168,Booked,FACTORY DIRECT RV and MARINE - GA142,,GA,AMERICUS,2026-08-04,2026-08-07,2026-08-10,2023,RV,Used,,41.08,2.05,jsmith,8655,4232,10.49,4000,4000,false,4422,1,11.49,Core,Core,0.86,659.42,4,0,19150,701,Source One Financial Services,FL, gina harris,1,0,GA142,Core
246834,thovey,55573.79,204,Auto Approval,Ron Hoover - Lubbock - TX499,Ron Hoover,TX,Slaton,2026-08-04,2026-08-04,,2026,RV,New,722,29.19,3.09,gott,,23,8.99,0,0,false,,,10.49,Core,Core,1.13,0,,0,49020,742,Source One Financial Services,TX, jon vidaure,1,1,TX499,Core
246830,mlomedico,39965.64,120,Auto Approval,Pleasureland RV South Metro - MN822,Pleasureland,MN,Shakopee,2026-08-04,2026-08-05,,2021,RV,Used,,39.16,5.47,dzilberchtein,,1189,8.55,10000,10000,false,,,9.55,Core,Not Applicable,0.84,0,,0,47685,739,Ideal Credit Union,MN, rob gleason,1,1,MN822,Not Applicable
246671,pmeza,42915,180,Auto Approval,"Holman Motors, Inc. -OH111",,OH,Batavia,2026-08-04,2026-08-04,,2027,RV,New,814,42.91,2.73,jharrington1,,34,7.49,0,0,false,,,8.99,Core,Core,0.93,0,,0,46221,864,Source One Financial Services,KY,,1,1,OH111,Core
246643,rsimmons,39244.29,180,Booked,SMITH MOTOR CO OF HATTIESBURG INC - MS107,,MS,HATTIESBURG,2026-08-04,2026-08-11,2026-08-11,2027,Boat,New,,40.86,4.32,jsmith,10381,10376,10.24,5000,5000,false,4,1,11.74,Core,Core,0.71,2354.66,6,0,55140.33,686,Source One Financial Services,LA, elizabeth aycox,1,0,MS107,Core
246623,,12377.91,144,Auto Decline,UNLIMITED RV - MO192,,MO,INDEPENDENCE,2026-08-04,,,2023,RV,Used,,62.68,5.95,jweller,,0,15.74,1200,1200,false,,,16.74,Silver 2,Silver 2,0.99,0,,0,12485,635,Source One Financial Services,KS,,0,0,MO192,Silver
246617,,43546.88,240,Cancelled,Mountaineer RV & Outdoor Center - MT. Nebo - WV105,,WV,Mt Nebo,2026-08-04,,,2027,RV,New,,0,0,jharrington1,,,22.99,0,0,false,,,23.99,Bronze,Bronze,1.02,0,,0,42693,,Source One Financial Services,WV, tim smith,0,0,WV105,Business First
246782,eavila,41277.48,180,Decline,Johnnie Walker RV - NV117,,NV,Las Vegas,2026-08-04,,,2026,RV,New,,18.84,7.99,ljablonoski,,10,12.49,4200,4200,false,,,13.49,Silver 1,Silver 1,0.94,0,,0,43728,674,Source One Financial Services,NV, walker fitch,0,0,NV117,Silver
246619,mlomedico,15284,144,Conditional Approval,Ron Hoover Companies of Tulsa - OK157,Ron Hoover,OK,Claremore,2026-08-04,2026-08-04,,2018,RV,Used,,9.29,4.17,jweller,,14,11.24,1500,1500,false,,,12.74,Core,Core,1.06,0,,0,14450,688,Source One Financial Services,OK, rick perez,1,1,OK157,Core
246875,jrubi,44698,180,Auto Approval,I-15 RV - SCA114,,CA,HESPERIA,2026-08-04,2026-08-04,,2027,RV,New,,25.13,5.1,jrubi,,48,12.99,5000,5000,false,,,13.99,Silver 1,Silver 1,1,0,,0,44703,656,Source One Financial Services,CA,,1,1,SCA114,Silver
246761,mlomedico,94489.79,240,Decline,"RV COUNTRY WASHINGTON, LLC  - FIFE - WA103",RV Country,WA,FIFE,2026-08-04,,,2025,RV,Used,,11.35,6.18,ljablonoski,,2,10.24,22000,22000,false,,,11.74,Core,Core,1.12,0,,0,84244.6,682,Source One Financial Services,WA, kevin knowles,0,0,WA103,Core
246564,,72555.42,240,Cancelled,HAPPY CAMPERS RV SALES and SERVICE - IN182,,IN,LAFAYETTE,2026-08-04,,,2027,RV,New,,0,0,jharrington1,,,22.99,15000,15000,false,,,23.99,Bronze,Bronze,0.94,0,,0,77409,,Source One Financial Services,IL, robert bruck,0,0,IN182,Business First
246712,,23713.69,180,Auto Decline,Princess Craft RV -TX191,,TX,Round Rock,2026-08-04,,,2026,RV,New,,31.22,1.68,gott,,0,22.99,7000,7000,false,,,23.99,Bronze,Bronze,1.06,0,,0,22450,605,Source One Financial Services,TN,,0,0,TX191,Business First
246667,lgrace,124720.85,240,Auto Approval,Campers Inn Inc - NH101,Campers Inn,NH,Merrimack,2026-08-04,2026-08-05,,2023,RV,Used,753,30.55,5.05,gcoulombe,,1576,7.74,29578.53,32505.15,false,,,9.24,Core,Core,1.19,0,,0,105210,876,Source One Financial Services,NH, nick simmons,1,1,NH101,Core
246727,thovey,46800,180,Decline,INLAND BOAT CENTER INC - SCA106,,CA,PERRIS,2026-08-04,,,2021,Boat,Used,,13.19,6.34,jrubi,,14,13.24,5200,5200,false,,,14.24,Silver 1,Silver 1,0.88,0,,0,52910,666,Source One Financial Services,CA, taylor nissen,0,0,SCA106,Silver
246556,,28101.85,180,Auto Decline,Old Salt Marine - FL234,,FL,Lakeland,2026-08-04,,,2021,Boat,Used,716,41.55,3.29,wstoutimore,,0,15.74,0,0,false,,,16.74,Silver 2,Silver 2,28101.85,0,,0,1,635,Source One Financial Services,FL,,0,0,FL234,Silver
246663,eavila,11499,120,Conditional Approval,"Vantage Recreational Finance, Inc. -FL291",VRF,FL,FORT LAUDERDALE,2026-08-04,2026-08-04,,2016,RV,Used,,23.29,3.21,S1House,,36,9.74,3850,3850,false,,,11.24,Core,Core,1.38,0,,0,8350,774,Source One Financial Services,CA, trenton cott,1,1,FL291,Core
246793,,19793.75,144,Auto Decline,Hilltop Trailer Sales- Brainerd -MN2003,,MN,Brainerd,2026-08-04,,,2026,RV,New,,20.27,10.32,dzilberchtein,,0,22.99,2000,2000,false,,,23.99,Bronze,Bronze,0.63,0,,0,31643,606,Source One Financial Services,WI,,0,0,MN2003,Business First
246846,pmeza,21829.25,180,Decline,Optimum RV Oklahoma City - OK147,Optimum RV,OK,Moore,2026-08-04,,,2016,RV,Used,,35.98,3.15,jweller,,8,11.24,2200,2200,false,,,12.74,Core,Core,0.82,0,,0,26495,699,Source One Financial Services,OK, paula showalter,0,0,OK147,Core
246573,avera,14343.42,120,Decline,Hufnagel and Majors Inc - PA109,,PA,Harmony,2026-08-04,,,2018,RV,Used,522,6.38,1.23,jharrington1,,3,8.49,1000,1000,false,,,9.99,Core,Core,0.98,0,,0,14700,859,Source One Financial Services,PA, anthony talerico,0,0,PA109,Core
246570,avera,13788.75,144,Auto Approval,4Zs RVs -IN163,Easy Care,IN,PERU,2026-08-04,2026-08-04,,2017,RV,Used,,24.35,1.8,jharrington1,,58,8.49,1190,1190,false,,,9.99,Core,Core,0.68,0,,0,20350,859,Source One Financial Services,IL, jim lakes,1,1,IN163,Core
246777,,47519.55,180,Auto Decline,RV Station- Cleveland -TX312,,TX,Cleveland,2026-08-04,,,2025,RV,Used,,42.64,8.29,gott,,0,22.99,4900,4900,false,,,23.99,Bronze,Bronze,0.9,0,,0,52620,593,Source One Financial Services,TX,,0,0,TX312,Business First
246574,,23243.44,144,Auto Decline,Basecamp RV Sales - ECA115,EPIC,CA,Auburn,2026-08-04,,,2017,RV,Used,,60.52,4.88,S1House,,0,14.99,5000,5000,false,,,15.99,Silver 1,Silver 1,1.28,0,,0,18150,642,Source One Financial Services,CA,,0,0,ECA115,Silver
246590,,17602.07,144,Auto Decline,BISH'S RV OF BILLINGS - MT102,Bish's RV,MT,BILLINGS,2026-08-04,,,2026,RV,New,,8.47,8.47,dzilberchtein,,0,22.99,1900,1900,false,,,23.99,Bronze,Bronze,0.81,0,,0,21865,,Source One Financial Services,MT,,0,0,MT102,Business First
246764,ahunt,21556.2,144,Booked,"Whittle Boats, Inc -TX114",,TX,Lewisville,2026-08-04,2026-08-12,2026-08-12,2011,Boat,Used,,31.06,2.57,gott,11583,11522,8.99,3000,3000,false,60,1,9.99,Core,Core,0.78,862.25,4,0,27725,807,Source One Financial Services,TX, cory whittle,1,0,TX114,Core
246568,hhisek,16150.18,144,Auto Approval,RCD Sales Co. LTD -OH127,,OH,Pataskala,2026-08-04,2026-08-06,,2021,RV,Used,,39.28,4.43,jharrington1,,3332,10.24,2000,2000,false,,,10.99,Core,Core,1.3,0,,0,12450,721,Source One Financial Services,OH, kevin seitz,1,1,OH127,Core
246802,jrubi,41684.56,180,Approved,BEAUMONT RV - SCA108,,CA,BEAUMONT,2026-08-04,2026-08-04,,2026,RV,New,,25.01,5.97,jrubi,,94,7.49,3500,3500,false,,,8.74,Core,Not Applicable,1.15,0,,0,36329,776,Connexus Credit Union,CA,,1,1,SCA108,Not Applicable
246666,rsimmons,34441.05,180,Approved,Phil Dill Boats -TX104,OneWater ,TX,Lewisville,2026-08-04,2026-08-05,,2021,Boat,Used,755,49.26,3.1,gott,,1250,9.24,3900,3900,false,,,10.74,Core,Core,0.95,0,,0,36135,766,Source One Financial Services,TX, cory dill,1,1,TX104,Core
246801,hhisek,32225.63,180,Booked,American Truck and RV -TX337,,TX,SAN ANGELO,2026-08-04,2026-08-10,2026-08-10,2021,RV,Used,,36.31,4.9,gott,8584,8413,10.74,3000,3000,false,171,0,12.24,Core,Core,0.96,1933.54,6,0,33700,681,Source One Financial Services,TX, hector martinez,1,0,TX337,Core
246765,pmeza,42512.9,216,Auto Approval,PPL MOTORHOMES - OK124,,OK,EL RENO,2026-08-04,2026-08-04,,2022,RV,Used,,34.68,3.58,jweller,,43,10.49,12100,12100,false,,,11.99,Core,Core,0.79,0,,0,54050,709,Source One Financial Services,OK, brandon ray,1,1,OK124,Core
246693,eavila,49256.31,180,Conditional Approval,Heartland Marine -MO131,,MO,Sunrise Beach,2026-08-04,2026-08-04,,2025,Boat,New,859,30.3,4.14,jweller,,15,7.49,0,0,false,,,8.99,Core,Core,1.12,0,,0,44138.83,873,Source One Financial Services,MO, ashley maass,1,1,MO131,Core
246689,eavila,80530,180,Decline,Liberty RV-MO107,,MO,Liberty,2026-08-04,,,2026,RV,New,639,34.94,6.72,jweller,,14,10.24,0,20000,false,,,11.74,Core,Core,0.92,0,,0,87493,687,Source One Financial Services,MO, shawn wiegers,0,0,MO107,Core
246658,sbaker,41564.74,180,Auto Approval,Phil Dill Boats -TX104,OneWater ,TX,Lewisville,2026-08-04,2026-08-04,,2015,Boat,Used,747,38.07,3.25,gott,,30,8.49,0,0,false,,,9.99,Core,Core,0.99,0,,0,42000,857,Source One Financial Services,TX, cory dill,1,1,TX104,Core
246862,,174167.5,240,Auto Decline,La Mesa RV Center - Mesa - AZ356,La Mesa,AZ,Mesa,2026-08-04,,,2026,RV,Used,,20.62,13.3,edominguez,,0,22.99,23800,8050,false,,,23.99,Bronze,Bronze,0.96,0,,0,181115,,Source One Financial Services,AZ,,0,0,AZ356,Business First
246756,Jhill,23652.33,204,Conditional Approval,BLUE COMPASS RV - LUBBOCK - TX117,Blue Compass,TX,Lubbock,2026-08-04,2026-08-04,,2024,RV,Used,771,17.2,2.56,gott,,60,7.49,0,5500,false,,,8.99,Core,Core,0.77,0,,0,30650,866,Source One Financial Services,TX, kyle mills,1,1,TX117,Core
246627,mlomedico,40400,180,Auto Approval,VanDOit - MO233,,MO,Chillicothe,2026-08-04,2026-08-05,,2019,RV,Used,,22.74,2.71,jweller,,1467,7.99,42037,48037,false,,,9.24,Core,Not Applicable,1,0,,0,40478,838,Connexus Credit Union,SC, michael hollon,1,1,MO233,Not Applicable
246714,rsimmons,29255.65,180,Conditional Approval,DADS CAMPER OUTLET - LAMAR - MS105,,MS,SUMRALL,2026-08-04,2026-08-04,,2026,RV,New,,22.65,3.43,jsmith,,11,9.99,1350,1350,false,,,11.49,Core,Core,0.9,0,,0,32373,700,Source One Financial Services,MS, norman sipe,1,1,MS105,Core
246728,sdelarosa,25693.92,144,Decline,Walnut Ridge Family RV Sales -IN101,,IN,New Castle,2026-08-04,,,2021,RV,Used,,70.22,8.47,jharrington1,,6,10.49,5000,12000,false,,,11.99,Core,Core,0.86,0,,0,29900,707,Source One Financial Services,IN, justin lee,0,0,IN101,Core
246691,hhisek,133402.37,240,Decline,BISH'S RV - INDIANAPOLIS - IN199,Bish's RV,IN,ANDERSON,2026-08-04,,,2025,RV,New,,20.3,11.29,jharrington1,,8,22.99,10000,17475,false,,,23.99,Core,Core,1.05,0,,0,127365,685,Source One Financial Services,TX, stormy pitts,0,0,IN199,Core
246758,rsimmons,30000,180,Conditional Approval,Texas Trader RV - TX267,Ron Hoover,TX,La Feria,2026-08-04,2026-08-04,,2022,RV,Used,730,22.09,1.03,gott,,24,8.49,1500,1500,false,,,9.99,Core,Core,1.2,0,,0,25050,792,Source One Financial Services,TX, trey flores,1,1,TX267,Core
246845,pmeza,42369.05,204,Auto Approval,Ashley Marine - Salem - AL157,,AL,Salem,2026-08-04,2026-08-04,,2026,Boat,New,,37.4,5.41,jsmith,,68,7.99,0,0,false,,,9.49,Core,Core,1.2,0,,0,35424.4,794,Source One Financial Services,AL, tim holloway,1,1,AL157,Core
246851,thovey,26775.08,216,Decline,Trailer Source Inc - Wheat Ridge - CO164,,CO,Wheat Ridge,2026-08-04,,,2025,RV,New,,34.22,4,dzilberchtein,,10,10.24,6000,6000,false,,,11.74,Core,Core,0.78,0,,0,34290,694,Source One Financial Services,TX, ray rivera,0,0,CO164,Core
246739,,20194,180,Auto Decline,"Vantage Recreational Finance, Inc. -FL291",VRF,FL,FORT LAUDERDALE,2026-08-04,,,2021,RV,Used,,49.4,11.93,S1House,,0,22.99,2000,2000,false,,,23.99,Bronze,Bronze,0.87,0,,0,23210,593,Source One Financial Services,IN,,0,0,FL291,Business First
246746,avera,23600.07,180,Conditional Approval,Fish and Ski Marine -TX215,,TX,Sanger,2026-08-04,2026-08-04,,2015,Boat,Used,,27.27,5.47,gott,,20,11.24,2400,2400,false,,,12.74,Core,Core,1,0,,0,23601,692,Source One Financial Services,TX, troy travis,1,1,TX215,Core
246580,rsimmons,43147.37,204,Auto Approval,Motor Home Specialist - TX567,Blue Compass,TX,Alvarado,2026-08-04,2026-08-04,,2015,RV,Used,,33.88,2.57,gott,,107,10.74,34000,20000,false,,,10.74,Core,Core,0.64,0,,0,67216,740,Source One Financial Services,TX, christopher purcell,1,1,TX567,Core
246647,,28197.7,180,Auto Decline,"Vantage Recreational Finance, Inc. -FL291",VRF,FL,FORT LAUDERDALE,2026-08-04,,,2022,RV,Used,,22.85,4.91,S1House,,0,15.74,5000,5000,false,,,16.74,Silver 2,Silver 2,0.94,0,,0,29950,629,Source One Financial Services,FL,,0,0,FL291,Silver
246840,ccampos,80173,204,Booked,MIDWEST MARINE BOAT CO - EMO113,EPIC,MO,Grandview,2026-08-04,2026-08-07,2026-08-10,2026,Boat,New,683,48.22,6.87,S1House,8505,4061,10.49,7000,7000,false,204,4240,11.74,Core,Core,1.19,4008.65,5,0,67540.46,681,Source One Financial Services,OK, jp lixie,1,0,EMO113,Core
246661,lgrace,58337.58,180,Decline,Meyer's I-79 RV Sales - PA148,,PA,Mount Morris,2026-08-04,,,2022,RV,Used,655,21.44,6.74,jharrington1,,96,10.24,10000,10000,false,,,11.74,Core,Not Applicable,0.92,0,,0,63718,722,Connexus Credit Union,WV, matthew stuchell,0,0,PA148,Not Applicable
246634,rsimmons,40818.7,180,Decline,Ron Hoover - Odessa - TX495,Ron Hoover,TX,Odessa,2026-08-04,,,2026,RV,New,745,16.18,4.62,gott,,6,10.24,4200,4200,false,,,11.74,Core,Core,1.03,0,,0,39799,689,Source One Financial Services,TX, dexter traylor,0,0,TX495,Core
246755,hhisek,13228.33,120,Conditional Approval,Blue Compass RV - Nashville - TN158,Blue Compass,TN,Lebanon,2026-08-04,2026-08-04,,2016,RV,Used,738,30.56,1.2,jsmith,,13,8.49,5000,5000,false,,,9.99,Core,Core,0.73,0,,0,18100,816,Source One Financial Services,NC, austin jacobs,1,1,TN158,Core
246766,hhisek,18344.01,120,Conditional Approval,RV ROADWAY - OPELIKA - AL131,,AL,OPELIKA,2026-08-04,2026-08-04,,2026,RV,New,,40.05,7.57,jsmith,,205,10.99,4000,4000,false,,,10.99,Silver 1,Not Applicable,0.76,0,,0,24101,673,Connexus Credit Union,VA, kelley shunnarah,1,1,AL131,Not Applicable
246820,thovey,94804.79,180,Auto Approval,Blue Compass RV - Gainesville - FL335,Blue Compass,FL,Alachua,2026-08-04,2026-08-10,,2014,RV,Used,,27.92,10.35,pcarter,,8510,8.99,29500,29500,false,,,10.49,Core,Core,1.14,0,,0,83500,840,Source One Financial Services,NC, mandi watt,1,1,FL335,Core
246779,eavila,53648.43,240,Auto Approval,Intercoastal Financial Group LLC - 17401746,IFG,FL,Vero Beach,2026-08-04,2026-08-04,,2022,Boat,Used,836,38.71,2.52,S1House,,47,7.99,6000,6000,false,,,9.24,Core,Core,0.98,0,,0,54995,850,Source One Financial Services,IA, dalton stokes,1,1,17401746,Core
246768,thovey,23436.25,180,Decline,"Vantage Recreational Finance, Inc. -FL291",VRF,FL,FORT LAUDERDALE,2026-08-04,,,2023,Boat,Used,,23.91,5.67,S1House,,33,13.24,20000,20000,false,,,14.24,Silver 1,Silver 1,0.25,0,,0,94200,676,Source One Financial Services,FL, jennifer richter,0,0,FL291,Silver
246720,lgrace,19488,180,Decline,4Zs RVs -IN163,Easy Care,IN,PERU,2026-08-04,,,2018,RV,Used,,15.37,7.74,jharrington1,,6,13.74,2000,2000,false,,,14.74,Silver 1,Silver 1,0.94,0,,0,20790,668,Source One Financial Services,IN, jim lakes,0,0,IN163,Silver
246806,,105443.29,240,Auto Decline,Blue Compass RV - Park City-KS117,Blue Compass,KS,Park City,2026-08-04,,,2026,RV,New,,57.62,18.06,jweller,,0,12.49,12000,12000,false,,,13.49,Silver 1,Silver 1,0.97,0,,0,108597,666,Source One Financial Services,KS,,0,0,KS117,Silver
246635,,17642.57,144,Auto Decline,REINEKE RV - TIFFIN - OH169,,OH,TIFFIN,2026-08-04,,,2016,RV,Used,,12.08,2.1,jharrington1,,0,16.24,0,0,false,,,17.24,Silver 2,Silver 2,0.84,0,,0,20990,621,Source One Financial Services,AR,,0,0,OH169,Silver
246799,,28393.37,144,Auto Decline,Liberty Trail RV - Sulphur Springs - TX580,,TX,Sulphur Springs,2026-08-04,,,2027,RV,New,615,49.23,2.35,gott,,0,22.99,13000,13000,false,,,23.99,Bronze,Bronze,0.79,0,,0,35776.67,616,Source One Financial Services,AR,,0,0,TX580,Business First
246632,mnava,20331.92,180,Decline,Buckeye RV LLC -OH225,,OH,Jefferson,2026-08-04,,,2022,RV,Used,656,31.48,3.87,jharrington1,,50,10.24,2000,2000,false,,,11.74,Core,Not Applicable,0.82,0,,0,24750,738,Connexus Credit Union,OH, nick mullins,0,0,OH225,Not Applicable
246804,edominguez,165868.46,180,Auto Approval,"RV WORLD RECREATION VEHICLE CENTER , LLC - AZ340",,AZ,YUMA,2026-08-04,2026-08-05,,2026,RV,New,755,48.12,12.54,edominguez,,1199,7.64,10000,22000,false,,,8.64,Core,Not Applicable,0.97,0,,0,171785,770,Ideal Credit Union,AZ, greg svalstad,1,1,AZ340,Not Applicable
246566,avera,43633,180,Auto Approval,Wilder RV -MO108,,MO,Clinton,2026-08-04,2026-08-13,,2021,RV,Used,632,36.73,9.13,jweller,,12962,9.99,3800,3800,false,,,10.74,Core,Not Applicable,1.13,0,,0,38700,703,Connexus Credit Union,MO, clinton bales,1,1,MO108,Not Applicable
246854,mnava,40144.99,240,Decline,Boat N RV Outlet - FL329,,FL,Hudson,2026-08-04,,,2027,RV,New,,11.66,2.93,wstoutimore,,40,9.99,3000,3000,false,,,11.49,Core,Not Applicable,1.1,0,,0,36413,701,Connexus Credit Union,FL, david cranmore,0,0,FL329,Not Applicable
246722,avera,22388.58,96,Auto Approval,GEORGIA RV OUTLET LLC - GA107,,GA,CARTERSVILLE,2026-08-04,2026-08-07,,2017,RV,Used,,28.93,9.42,jsmith,,4208,13.85,2200,2200,false,,,14.1,Core,Not Applicable,0.69,0,,0,32600,686,Ideal Credit Union,GA, shawn deuber,1,1,GA107,Not Applicable
246594,lgrace,36568,180,Auto Approval,Bullitt County Auto and RV Sales Inc - KY138,,KY,Shephersville,2026-08-04,2026-08-04,,2021,RV,Used,,36.03,10.64,jharrington1,,268,8.49,3000,3000,false,,,9.49,Core,Not Applicable,0.96,0,,0,38040,727,Connexus Credit Union,KY, cheyanne anderson,1,1,KY138,Not Applicable
246700,,18657,144,Auto Decline,"Kris Willis RV, LLC -MO127",,MO,Dexter,2026-08-04,,,2023,RV,Used,,37.12,13.32,jweller,,0,22.99,0,0,false,,,23.99,Bronze,Bronze,1.42,0,,0,13100,525,Source One Financial Services,MO,,0,0,MO127,Business First
246670,rsimmons,23764,180,Decline,GARLANDS RV OF TENNESSEE - TN122,,TN,SPRINGVILLE,2026-08-04,,,2020,RV,Used,504,9.33,6.18,jsmith,,5,10.74,2290,2290,false,,,12.24,Core,Core,0.64,0,,0,37300,695,Source One Financial Services,TN, howard willis,0,0,TN122,Core
246595,sbaker,70494,240,Decline,BRETZ RV & MARINE - BUTTE - MT117,Bretz RV,MT,Butte,2026-08-04,,,2027,RV,New,,28.74,8.55,dzilberchtein,,7,12.49,10000,10000,false,,,13.49,Silver 1,Silver 1,0.68,0,,0,103790,676,Source One Financial Services,MT, taylor lovell,0,0,MT117,Silver
246628,Jhill,235824.65,240,Decline,"Vantage Recreational Finance, Inc. -FL291",VRF,FL,FORT LAUDERDALE,2026-08-04,,,2022,RV,Used,,26.09,6.73,S1House,,24,9.99,30000,30000,false,,,11.49,Core,Core,1.03,0,,0,228800,748,Source One Financial Services,FL, terri walker,0,0,FL291,Core
246723,hhisek,112548.57,240,Decline,National Indoor Rv Centers - TN144,,TN,Lebanon,2026-08-04,,,2023,RV,Used,640,33.84,4.75,jsmith,,129,22.99,12000,12000,false,,,23.99,Silver 1,Silver 1,1.03,0,,0,109494,645,Source One Financial Services,TN, holly artlip,0,0,TN144,Silver
246713,ahunt,86858.25,240,Auto Approval,Boating Atlanta - GA133,,GA,Gainesville,2026-08-04,2026-08-12,,2027,Boat,New,,46.11,8.37,jsmith,,11313,8.99,30000,30000,false,,,10.49,Core,Core,0.89,0,,0,97655,749,Source One Financial Services,GA, josh haynes,1,1,GA133,Core
246736,Jhill,20587.97,180,Booked,Ashley Marine LLC - Stapleton - AL168,,AL,Stapleton,2026-08-04,2026-08-12,2026-08-12,2025,Boat,New,,11.64,2.5,jsmith,11719,11703,7.49,0,0,false,16,0,8.99,Core,Core,1.24,1235.28,6,0,16654,825,Source One Financial Services,MS, robert nygaard,1,0,AL168,Core
246567,lgrace,31694.41,180,Conditional Approval,Wilder RV -MO108,,MO,Clinton,2026-08-04,2026-08-04,,2021,RV,Used,852,13.57,2.76,jweller,,29,7.99,14000,11304.59,false,,,9.49,Core,Core,1.03,0,,0,30700,874,Source One Financial Services,MO, clinton bales,1,1,MO108,Core
246792,,75384,240,Auto Decline,Bourbon RV - MO167,,MO,Bourbon,2026-08-04,,,2026,RV,New,668,55.89,9.31,jweller,,0,14.99,1000,1000,false,,,15.99,Silver 2,Silver 2,1.01,0,,0,74898,637,Source One Financial Services,MO,,0,0,MO167,Silver
246638,thovey,45622.13,180,Auto Approval,Minneapolis Trailer Sales - MN824,,MN,Rogers,2026-08-04,2026-08-05,,2026,RV,New,755,37.92,1.15,dzilberchtein,,1917,8.49,20000,75000,false,,,9.24,Core,Core,0.53,0,,0,85775,827,Source One Financial Services,MN, ricky carlson,1,1,MN824,Core
246741,,60441.11,240,Auto Decline,"Kris Willis RV, LLC -MO127",,MO,Dexter,2026-08-04,,,2027,RV,New,,61.44,15.48,jweller,,0,22.99,0,6368.89,false,,,23.99,Bronze,Bronze,0.81,0,,0,74696,562,Source One Financial Services,MO,,0,0,MO127,Business First
246646,,22640.72,180,Cancelled,Top Notch RV LLC - NC149,,NC,Benson,2026-08-04,,,2017,RV,Used,,0,0,jsmith,,,22.99,0,0,false,,,23.99,Bronze,Bronze,1.01,0,,0,22450,,Source One Financial Services,NC, david hall,0,0,NC149,Business First
246730,eavila,12179.6,144,Booked,"Colonia Del Rey RV Sales, LLC -TX294",,TX,Corpus Christi,2026-08-04,2026-08-05,2026-08-05,2022,RV,Used,,31.96,1.29,gott,1630,1333,7.99,500,2500,false,297,0,9.49,Core,Core,0.88,730.78,6,0,13900,811,Source One Financial Services,TX, jesse nuncio,1,0,TX294,Core
246860,mnava,21196,180,Decline,Fun Town RV - Little Rock - AR126,Fun Town,AR,Bryant,2026-08-04,,,2026,RV,New,,72.46,2.76,jweller,,6,9.99,10000,10000,false,,,11.49,Core,Core,0.66,0,,0,32184,704,Source One Financial Services,AR, wade meeks,0,0,AR126,Core
246601,,25010.4,144,Auto Decline,SKAGGS RV OUTLET - KY113,,KY,ELIZABETHTOWN,2026-08-04,,,2027,RV,New,,71.2,7.45,jharrington1,,0,22.99,3000,3000,false,,,23.99,Bronze,Bronze,1.2,0,,0,20840,599,Source One Financial Services,KY,,0,0,KY113,Business First
246701,ahunt,32063.15,180,Auto Approval,Southaven RV & Marine - MS115,,MS,Southaven,2026-08-04,2026-08-04,,2027,RV,New,,36.97,3.99,jsmith,,14,9.49,0,4212.22,false,,,10.99,Core,Core,1.23,0,,0,26112.35,759,Source One Financial Services,TN, valerie thomas,1,1,MS115,Core
246837,,20045.65,144,Auto Decline,DADS CAMPER OUTLET - PICAYUNE - MS101,,MS,PICAYUNE,2026-08-04,,,2025,RV,New,,27.8,3.21,jsmith,,0,22.99,2000,2000,false,,,23.99,Bronze,Bronze,0.85,0,,0,23449,616,Source One Financial Services,MS,,0,0,MS101,Business First
246770,mnava,207644.64,240,Auto Approval,BRETZ RV & MARINE - NAMPA - ID119,Bretz RV,ID,Nampa,2026-08-04,2026-08-05,,2026,RV,New,,40.87,7.05,ljablonoski,,1346,9.24,100000,84000,false,,,10.74,Core,Core,0.71,0,,0,291925,728,Source One Financial Services,ID, taylor roby,1,1,ID119,Core
246644,Jhill,39366.52,180,Auto Approval,PPL MOTORHOMES - SUMMERFIELD - FL194,,FL,SUMMERFIELD,2026-08-04,2026-08-10,,2016,RV,Used,,40.51,2.28,pcarter,,8606,10.49,3500,3500,false,,,11.99,Core,Core,0.93,0,,0,42200,759,Source One Financial Services,TX, connor cockfield,1,1,FL194,Core
246749,ccampos,31403,180,Conditional Approval,JOHNNY'S RV SUPERSTORE LLC - AL124,,AL,THEODORE,2026-08-04,2026-08-04,,2024,RV,Used,,33.35,9.79,jsmith,,158,7.74,6100,6100,false,,,8.74,Core,Not Applicable,1,0,,0,31500,751,Connexus Credit Union,AL,,1,1,AL124,Not Applicable
246868,mlomedico,29308,204,Booked,St Louis RV - MO155,,MO,O'Fallon,2026-08-04,2026-08-05,2026-08-05,2027,RV,New,,25.84,3.23,jweller,1354,894,8.74,5000,5000,false,457,3,9.74,Core,Core,1.48,1172.32,4,0,19740,778,Source One Financial Services,MO, jason miller,1,0,MO155,Core
246760,mlomedico,14972,120,Approved,"Holman Motors, Inc. -OH111",,OH,Batavia,2026-08-04,2026-08-04,,2027,RV,New,,36.67,2.5,jharrington1,,33,12.49,18000,18000,false,,,13.49,Silver 1,Silver 1,0.41,0,,0,36767,672,Source One Financial Services,IN,,1,1,OH111,Silver
246577,,41383,180,Auto Decline,Texas Marine Conroe - TX355,OneWater ,TX,Conroe,2026-08-04,,,2020,Boat,New,,22.29,3.35,gott,,0,22.99,4645,4645,false,,,23.99,Bronze,Bronze,0,0,,0,0,585,Source One Financial Services,TX,,0,0,TX355,Business First
246625,mlomedico,50780,240,Decline,Blue Compass RV - Park City-KS117,Blue Compass,KS,Park City,2026-08-04,,,2026,RV,New,,59.74,13.81,jweller,,27,10.24,1500,5500,false,,,11.74,Core,Core,0.9,0,,0,56506,694,Source One Financial Services,KS, kurt bull,0,0,KS117,Core
246879,avera,37303.75,180,Approved,A and L RV Sales - Johnson City - TN 123,,TN,Johnson City,2026-08-04,2026-08-05,,2023,RV,Used,776,25.26,6.82,jsmith,,598,8.49,3000,3000,false,,,9.99,Core,Core,1.03,0,,0,36100,783,Source One Financial Services,TN, amber bailey,1,1,TN123,Core
246653,mnava,114722.56,240,Auto Approval,Minneapolis Trailer Sales - MN824,,MN,Rogers,2026-08-04,2026-08-06,,2027,RV,New,810,37.15,5.93,dzilberchtein,,3110,8.49,0,13000,false,,,9.49,Core,Core,1.22,0,,0,93800,863,Source One Financial Services,MN, ricky carlson,1,1,MN824,Core
246786,rsimmons,24249.44,144,Decline,Fun Town RV Fairfield LP - TX492,Fun Town,TX,Fairfield,2026-08-04,,,2026,RV,New,,34.49,6.79,gott,,7,9.99,1500,1500,false,,,11.49,Core,Core,0.82,0,,0,29710,716,Source One Financial Services,TX, brenden boggs,0,0,TX492,Core
246652,Jhill,39668.62,180,Auto Approval,PPL MOTORHOMES - SUMMERFIELD - FL194,,FL,SUMMERFIELD,2026-08-04,2026-08-10,,2016,RV,Used,673,49.37,2.3,pcarter,,8580,10.49,3500,3500,false,,,11.99,Core,Core,0.72,0,,0,55195,759,Source One Financial Services,TX, connor cockfield,1,1,FL194,Core
246748,eavila,65857.86,204,Decline,Wolds RV Sales LLC -MN121,,MN,Detroit Lakes,2026-08-04,,,2027,RV,New,647,45.72,6.61,dzilberchtein,,39,9.99,0,3600,false,,,11.49,Core,Core,1.09,0,,0,60579,711,Source One Financial Services,ND, mike einarson,0,0,MN121,Core
246745,ccampos,26997.27,180,Decline,Southern Mud Sports LLC - AL165,,AL,Waverly,2026-08-04,,,2026,Boat,New,679,51.22,3.47,jsmith,,130,9.74,2811,2811,false,,,11.24,Core,Not Applicable,1.58,0,,0,17118.94,740,Connexus Credit Union,NC, jeff cantey,0,0,AL165,Not Applicable
246731,sbaker,41932.43,204,Booked,"RTR Performance Fishing, LLC - TX510",,TX,Orange,2026-08-04,2026-08-06,2026-08-08,2025,Boat,New,,33.44,3.11,gott,5727,2595,8.74,0,0,false,3083,49,9.99,Core,Core,1.18,2096.62,5,0,35684,761,Source One Financial Services,TX,,1,0,TX510,Core
246807,,23214,180,Auto Decline,"Vantage Recreational Finance, Inc. -FL291",VRF,FL,FORT LAUDERDALE,2026-08-04,,,2006,Boat,Used,,0,0,S1House,,0,22.99,5000,5000,false,,,23.99,Bronze,Bronze,1.05,0,,0,22050,,Source One Financial Services,NJ,,0,0,FL291,Business First
246733,ahunt,74734.81,180,Auto Approval,Action Water Sports Texas-ETX125,EPIC,TX,Lewisville,2026-08-04,2026-08-10,,2018,Boat,Used,,48.16,8.29,S1House,,9001,10.74,0,0,false,,,12.24,Core,Core,0.64,0,,0,116260,724,Source One Financial Services,TX, sierra whitmire,1,1,ETX125,Core
246650,Jhill,47668.7,180,Decline,Your Fun Country RV's & Marine Center - TX549,,TX,Anthony,2026-08-04,,,2022,RV,Used,,50.07,17.01,gott,,4,10.24,5000,5000,false,,,11.74,Core,Core,0.85,0,,0,56100,738,Source One Financial Services,TX, kasey peralta,0,0,TX549,Core
246780,rsimmons,29457.29,180,Booked,GREAT AMERICAN RV SUPERSTORE-HATTIESBURG - MS113,,MS,HATTIESBURG,2026-08-04,2026-08-07,2026-08-07,2026,RV,Used,704,24.79,3.11,jsmith,4406,4361,9.74,2000,-33.94,false,43,2,11.24,Core,Core,1.29,1767.44,6,0,22750,739,Source One Financial Services,MS, ryan campbell,1,0,MS113,Core
246680,mlomedico,23817.8,144,Booked,Fun Town RV - Kansas City - MO231,Fun Town,MO,Buckner,2026-08-04,2026-08-10,2026-08-10,2022,RV,Used,,24.87,1.84,jweller,8927,8773,10.24,2000,2000,false,154,0,11.74,Core,Core,0.96,1429.07,6,0,24850,737,Source One Financial Services,MO, dagan mcintire,1,0,MO231,Core
246827,hhisek,233504.33,240,Decline,NXTLVL Marine - Fort Worth -  TX547,,TX,Fort Worth,2026-08-04,,,2027,Boat,New,,25.18,4.94,gott,,12,8.24,29000,29000,false,,,9.74,Core,Core,1.29,0,,0,181015,761,Source One Financial Services,TX, kandi ludwick,0,0,TX547,Core
246833,ccampos,11390.92,60,Auto Approval,JAKES RV - GA139,,GA,WARNER ROBINS,2026-08-04,2026-08-05,,2020,RV,Used,740,28.67,1.23,jsmith,,1176,12.24,2000,2000,true,,,12.24,Business First,Business First,0.78,0,,0,14550,,Source One Financial Services,GA,,1,1,GA139,Business First
246738,pmeza,31760,180,Decline,Blue Compass RV - Springfield - MO229,Blue Compass,MO,Strafford,2026-08-04,,,2025,RV,Used,,27.9,4.61,jweller,,6,13.74,3000,3000,false,,,14.74,Silver 1,Silver 1,0.73,0,,0,43560,654,Source One Financial Services,KS, blaine sherrill,0,0,MO229,Silver
246575,sbaker,18354,144,Auto Approval,Hawkeye Boat Sales - IA173,,IA,Dubuque,2026-08-04,2026-08-04,,2022,RV,Used,,20.38,4.06,gcoulombe,,13,8.49,5000,5000,false,,,9.99,Core,Core,0.81,0,,0,22650,799,Source One Financial Services,IA,,1,1,IA173,Core
246853,thovey,50163.27,240,Conditional Approval,Alabama Campers Tuscaloosa-AL161,,AL,Tuscaloosa,2026-08-04,2026-08-04,,2026,RV,New,,22.19,6.39,jsmith,,40,9.24,1000,5000,false,,,10.74,Core,Core,1.19,0,,0,42104,726,Source One Financial Services,AL, anne huntsinger,1,1,AL161,Core
246831,,25808.53,120,Auto Decline,"Ron Hoover Companies of Donna, Inc -Tx277",Ron Hoover,TX,Donna,2026-08-04,,,2022,RV,Used,,5.58,4.01,gott,,0,22.99,6000,6000,false,,,23.99,Bronze,Bronze,0.7,0,,0,36625,594,Source One Financial Services,TX,,0,0,TX277,Business First
246598,avera,45837.36,180,Approved,General RV - Ocala - FL237,General RV,FL,Ocala,2026-08-04,2026-08-04,,2020,RV,Used,,25.14,9.64,pcarter,,11,10.49,5500,5500,false,,,11.99,Core,Core,0.97,0,,0,47100,720,Source One Financial Services,AL, deandre sharp,1,1,FL237,Core
246812,,26363,144,Auto Decline,"Vantage Recreational Finance, Inc. -FL291",VRF,FL,FORT LAUDERDALE,2026-08-04,,,2006,Boat,Used,,0,0,S1House,,0,22.99,3500,3500,false,,,23.99,Bronze,Bronze,1.54,0,,0,17100,,Source One Financial Services,ID,,0,0,FL291,Business First
246587,sbaker,22173,144,Auto Decline,GARLANDS RV OF TENNESSEE - TN122,,TN,SPRINGVILLE,2026-08-04,,,2024,RV,Used,,22.45,3.39,jsmith,,13,22.99,6000,6000,false,,,23.99,Core,Core,0.77,0,,0,28820,846,Source One Financial Services,TN, pat hayes,0,0,TN122,Core
246737,,80287,240,Auto Decline,Liberty RV-MO107,,MO,Liberty,2026-08-04,,,2026,RV,New,,83.81,24.47,jweller,,3,22.99,0,20000,false,,,23.99,Bronze,Core,0.92,0,,0,87493,687,Source One Financial Services,MO, shawn wiegers,0,0,MO107,Business First
246718,avera,89209.55,240,Conditional Approval,NewCoast - Boatzon - FL356,Marine Max,FL,Oldsmar,2026-08-04,2026-08-04,,2022,Boat,Used,,49.8,9.32,S1House,,10,9.24,38000,38000,false,,,10.74,Core,Core,0.59,0,,0,150620,780,Source One Financial Services,GA, stephen bertoni,1,1,FL356,Core
246791,,20781.67,144,Auto Decline,Cedar City RV  - ETN103,EPIC,TN,Lebanon,2026-08-04,,,2023,RV,Used,,51.02,5.81,S1House,,0,13.24,1000,1000,false,,,14.24,Silver 1,Silver 1,1.09,0,,0,19000,663,Source One Financial Services,TN,,0,0,ETN103,Silver
246848,mlomedico,61576.76,180,Conditional Approval,Premier Yamaha Boating Center/Aransas -TX209,,TX,Aransas,2026-08-04,2026-08-04,,2026,Boat,New,,19.94,5.36,gott,,33,10.24,6215,6215,false,,,11.74,Core,Core,1.16,0,,0,52871.24,693,Source One Financial Services,TX, paul mcminn,1,1,TX209,Core
246823,ahunt,63650.16,180,Auto Approval,Gregg Orr Marine -TX365,,TX,TEXARKANA,2026-08-04,2026-08-04,,2022,Boat,Used,,33.17,4.48,jweller,,110,9.99,500,3005.29,false,,,11.49,Core,Core,1.05,0,,0,60710,750,Source One Financial Services,AR, adam henderson,1,1,TX365,Core
246863,mlomedico,44157.5,204,Booked,Silver Seas Yachts - Newport Beach - SCA182,Marine Max,CA,Newport Beach,2026-08-04,2026-08-13,2026-08-13,2014,Boat,Used,,18.44,2.71,S1House,12934,12636,9.49,3500,3500,false,278,20,10.99,Core,Core,0.98,3091.03,7,0,45205,780,Source One Financial Services,CA, michelle baxter,1,0,SCA182,Core
246816,lgrace,35912.5,180,Conditional Approval,Paradise RV LLC - SC148,,SC,N Charleston,2026-08-04,2026-08-04,,2020,RV,Used,,22.8,3.71,jsmith,,19,10.74,4100,4100,false,,,12.24,Core,Core,1.12,0,,0,32000,698,Source One Financial Services,SC, nathaniel dunworth,1,1,SC148,Core
246781,sdelarosa,37674.1,216,Decline,Meyer's Mentor RV - OH237,,OH,Madison,2026-08-04,,,2025,RV,New,,30.99,11.69,jharrington1,,8,12.49,4000,4000,false,,,13.49,Silver 1,Silver 1,0.82,0,,0,45928,664,Source One Financial Services,PA, bob chatlos,0,0,OH237,Silver
246784,sdelarosa,90107.29,240,Booked,Bish's RV of Murray - KY155,Bish's RV,KY,Almo,2026-08-04,2026-08-08,2026-08-10,2026,RV,New,,36.39,9.96,jharrington1,8611,5785,8.49,8000,16045.65,false,2812,14,9.99,Core,Core,1.45,5406.44,6,0,62064,763,Source One Financial Services,TN, dylan higgins,1,0,KY155,Core
246685,thovey,28694,180,Decline,Rocky Ridge - Idabel - OK149,Rocky Ridge,OK,Idabel,2026-08-04,,,2027,RV,New,601,34.98,2.37,jweller,,17,7.49,0,0,false,,,9.24,Core,Core,0.88,0,,0,32447,804,Source One Financial Services,TX, david farren,0,0,OK149,Core
246751,rsimmons,28200.01,180,Verifications Incomplete,DADS CAMPER OUTLET - LUCEDALE - MS102,,MS,LUCEDALE,2026-08-04,2026-08-12,,2026,RV,New,,32.23,4.14,jsmith,,11358,10.24,2214,2214,false,,1,11.74,Core,Core,1.04,1692,6,0,26991,682,Source One Financial Services,MS, ricky arnaud,1,1,MS102,Core
246569,rsimmons,14707.73,144,Decline,A and L RV Sales - Columbia -TN142,,TN,Columbia,2026-08-04,,,2021,RV,Used,734,45.62,2.04,jsmith,,10,10.49,2500,2500,false,,,11.99,Core,Core,0.93,0,,0,15800,715,Source One Financial Services,TN, gary smith,0,0,TN142,Core
246721,eavila,22500.7,180,Decline,Capital RV - Bismarck - ND119,Campers Inn,ND,Bismarck,2026-08-04,,,2026,RV,New,680,31.52,2.17,dzilberchtein,,10,12.49,0,16823,false,,,13.49,Silver 1,Silver 1,0.59,0,,0,38059,679,Source One Financial Services,ND, tyler biberdorf,0,0,ND119,Silver
246612,mlomedico,42439.67,180,Decline,Fun Town RV Ottawa LLC - KS125,Fun Town,KS,Ottawa,2026-08-04,,,2026,RV,New,,34.92,6.16,jweller,,7,13.74,0,0,false,,,14.74,Silver 1,Silver 1,1.06,0,,0,40054,654,Source One Financial Services,KS, john lucas,0,0,KS125,Silver
246603,hhisek,39718.7,180,Approved,Southaven RV & Marine - MS115,,MS,Southaven,2026-08-04,2026-08-04,,2019,RV,Used,,5.02,4.62,jsmith,,7,9.74,30000,30000,false,,,11.24,Core,Core,0.53,0,,0,75450,770,Source One Financial Services,KY, valerie thomas,1,1,MS115,Core
246725,Jhill,45144.29,180,Decline,"Ron Hoover Companies of Donna, Inc -Tx277",Ron Hoover,TX,Donna,2026-08-04,,,2026,RV,New,,14.88,5.3,gott,,73,9.99,4000,4000,false,,,11.49,Core,Core,1.11,0,,0,40579.9,701,Source One Financial Services,TX, julio pena,0,0,TX277,Core
246839,mlomedico,70794.45,240,Booked,Royal Palm Boat Sales - EFL108,EPIC,FL,Englewood,2026-08-04,2026-08-11,2026-08-11,2025,Boat,New,,12.55,1.43,S1House,9959,9605,9.99,5000,5000,false,353,1,11.49,Core,Core,1.01,4247.67,6,0,70075.6,703,Source One Financial Services,GA, david bounphasaysonh,1,0,EFL108,Core
246609,thovey,26279.27,180,Auto Approval,Gregg Orr Marine -TX365,,TX,TEXARKANA,2026-08-04,2026-08-11,,2026,Boat,New,,29.02,3.49,jweller,,10399,12.49,4000,4000,false,,,13.49,Silver 1,Silver 1,1.14,0,,0,22969,665,Source One Financial Services,TX, adam henderson,1,1,TX365,Silver
246702,pmeza,28200.01,144,Decline,Ashley Marine LLC - GA147,,GA,Columbus,2026-08-04,,,2026,Boat,New,,66.9,6.79,jsmith,,4,10.24,2800,2800,false,,,11.74,Core,Core,1.15,0,,0,24563,698,Source One Financial Services,GA, shirley ashley,0,0,GA147,Core
246869,,59095.24,240,Auto Decline,Warrior Financial - OH236,Warrior Performance,OH,Columbus,2026-08-04,,,2018,RV,Used,604,51.36,10.46,jharrington1,,0,11.24,6250,6250,false,,,12.74,Core,Core,0.92,0,,0,64460,685,Source One Financial Services,NY,,0,0,OH236,Core
246561,rsimmons,51044.64,240,Auto Approval,General RV - Ocala - FL237,General RV,FL,Ocala,2026-08-04,2026-08-10,,2016,RV,Used,,42.49,5.43,pcarter,,9070,8.99,13000,13000,false,,,10.49,Core,Core,1.21,0,,0,42092,794,Source One Financial Services,FL, tim mccorkle,1,1,FL237,Core
246686,hhisek,44812.76,204,Booked,Fun Town RV - Cleburne -TX108,Fun Town,TX,Cleburne,2026-08-04,2026-08-05,2026-08-05,2019,RV,Used,653,32.8,6.04,S1House,1712,1407,10.74,1000,1000,false,305,0,12.24,Core,Core,1.19,2688.77,6,0,37750,733,Source One Financial Services,TX, brenden boggs,1,0,TX108,Core
246659,rsimmons,21984.7,180,Contract Received,Auction Direct RV - FL319,,FL,Ocala,2026-08-04,2026-08-10,,2022,RV,Used,,45.73,2.88,pcarter,,8742,7.99,0,0,false,,2,9.49,Core,Core,1,0,,0,22050,803,Source One Financial Services,FL, geoff cohen,1,1,FL319,Core
246640,Jhill,118670,240,Decline,Intercoastal Financial Group LLC - 17401746,IFG,FL,Vero Beach,2026-08-04,,,2020,Boat,Used,,34.97,7.52,S1House,,8,13.24,12000,12000,false,,,14.24,Silver 1,Silver 1,1.05,0,,0,112937,667,Source One Financial Services,CA, colton smith,0,0,17401746,Silver
246815,thovey,12850.92,60,Decline,JAKES RV - GA139,,GA,WARNER ROBINS,2026-08-04,,,2013,RV,Used,,0,0,jsmith,,1066,22.99,0,0,true,,,24.99,Business First,Business First,1,0,,0,12850.92,,Source One Financial Services,GA,,0,0,GA139,Business First
246790,lgrace,136416.51,240,Decline,Fun N Sun Sports Center - Cleburne -ETX116,EPIC,TX,Cleburne,2026-08-04,,,2027,Boat,New,,86.1,11.5,S1House,,14,9.74,10000,3617.09,false,,,11.24,Core,Core,1.09,0,,0,124690,727,Source One Financial Services,TX, brett light,0,0,ETX116,Core
246754,,36771.76,180,Auto Decline,Boat-N-RV Supercenter  - TN157,,TN,Crossville,2026-08-04,,,2027,RV,New,,37.71,7.27,jsmith,,0,22.99,3500,3500,false,,,23.99,Bronze,Bronze,1.18,0,,0,31132,595,Source One Financial Services,GA,,0,0,TN157,Business First
246747,hhisek,29528.69,180,Conditional Approval,QUALITY MARINE ASSOCIATES INC - TX415,,TX,ONALASKA,2026-08-04,2026-08-04,,2026,Boat,New,,12.76,3.76,gott,,13,12.49,8100,8100,false,,,13.49,Silver 1,Silver 1,1.2,0,,0,24623,677,Source One Financial Services,TX, ronnie heldenbrand,1,1,TX415,Silver
246565,lgrace,22198,168,Booked,Palmetto State RV LLC - SC128,,SC,Greer,2026-08-04,2026-08-05,2026-08-05,2021,RV,Used,,30.19,9.02,jsmith,1980,1936,10.24,2500,2500,false,43,1,11.74,Core,Core,1.23,1331.88,6,0,18050,733,Source One Financial Services,SC, will scoggins,1,0,SC128,Core
246724,lgrace,44191.32,180,Auto Approval,Premier Watersports - Knoxville ETN130,EPIC,TN,Knoxville,2026-08-04,2026-08-12,,2026,Boat,New,582,40.74,3.86,S1House,,11537,8.74,10000,10000,false,,,9.99,Core,Core,0.7,0,,0,62882,771,Source One Financial Services,TN, brett light,1,1,ETN130,Core
246668,sbaker,89938.41,240,Decline,Ashley Marine - Salem - AL157,,AL,Salem,2026-08-04,,,2026,Boat,Used,,67.61,11.16,jsmith,,9,9.74,20000,20000,false,,,11.24,Core,Core,1.21,0,,0,74280,739,Source One Financial Services,LA, tim holloway,0,0,AL157,Core
246867,mlomedico,31051.57,180,Decline,Fun Town RV - Cleburne -TX108,Fun Town,TX,Cleburne,2026-08-04,,,2026,RV,New,666,15.67,2.69,S1House,,28,10.24,10000,10000,false,,,11.74,Core,Core,0.73,0,,0,42348,684,Source One Financial Services,TX, brenden boggs,0,0,TX108,Core
246865,,45014,180,Auto Decline,"Vantage Recreational Finance, Inc. -FL291",VRF,FL,FORT LAUDERDALE,2026-08-04,,,2021,Boat,Used,,52.6,6.89,S1House,,0,15.74,4500,4500,false,,,16.74,Silver 2,Silver 2,1.16,0,,0,38885,628,Source One Financial Services,TX,,0,0,FL291,Silver
246571,thovey,52144,204,Conditional Approval,BLUE COMPASS RV  DES MOINES-IA222,Blue Compass,IA,ALTOONA,2026-08-04,2026-08-04,,2021,RV,Used,710,13.42,2.62,gcoulombe,,78,7.99,2000,7900,false,,,9.49,Core,Core,1.03,0,,0,50650,818,Source One Financial Services,IA, roscoe vacco,1,1,IA222,Core
246606,ccampos,13572.92,120,Booked,Buckeye RV LLC -OH225,,OH,Jefferson,2026-08-04,2026-08-07,2026-08-07,2024,RV,Used,,19.79,3.04,jharrington1,4600,4397,12.49,2000,2000,false,203,0,13.49,Silver 1,Silver 1,0.6,542.92,4,0,22500,661,Source One Financial Services,OH, nick mullins,1,0,OH225,Silver
246872,lgrace,34467.69,180,Auto Approval,Fun Town RV - Indianapolis - IN215,Fun Town,IN,Edinburgh,2026-08-04,2026-08-05,,2026,RV,New,,23.7,1.97,jharrington1,,756,7.49,3500,3500,false,,,8.99,Core,Core,0.87,0,,0,39745,820,Source One Financial Services,IN, chase ackeret,1,1,IN215,Core
246767,hhisek,46813.25,204,Booked,Fun Town RV Amarillo - TX508,Fun Town,TX,Amarillo,2026-08-04,2026-08-10,2026-08-11,2027,RV,New,,17.31,7.01,gott,10057,8772,9.99,25000,25000,false,1276,9,11.49,Core,Core,0.74,2808.8,6,0,63145,718,Source One Financial Services,NM, eric adams,1,0,TX508,Core
246589,,16924,144,Cancelled,Moix RV - McGaugh Outpost - AR136,,AR,Springdale,2026-08-04,,,2024,RV,Used,,0,0,jweller,,,22.99,3200,3200,false,,,23.99,Bronze,Bronze,0.68,0,,0,24850,,Source One Financial Services,AR, bobby wood,0,0,AR136,Business First
246836,mnava,93000.84,240,Decline,Campers Inn Of Troy Inc-OH199,Campers Inn,OH,Troy,2026-08-04,,,2026,RV,New,,16.72,8.7,jharrington1,,50,7.99,12000,12000,false,,,9.49,Core,Not Applicable,0.82,0,,0,113615,786,Connexus Credit Union,OH, zach kimrey,0,0,OH199,Not Applicable
246641,ccampos,94622.82,180,Decline,General RV - Ocala - FL237,General RV,FL,Ocala,2026-08-04,,,2026,RV,New,,25.16,11.23,pcarter,,9,9.99,5000,10488.02,false,,,11.49,Core,Core,1.42,0,,0,66410,701,Source One Financial Services,FL, chuck bell,0,0,FL237,Core
246835,edominguez,34427.01,216,Decline,Sun City RV -AZ205,,AZ,Peoria,2026-08-04,,,2022,RV,Used,652,19.29,1.86,edominguez,,22,10.49,3500,3500,false,,,11.99,Core,Core,0.83,0,,0,41360,700,Source One Financial Services,AZ, rory fields,0,0,AZ205,Core
246832,mnava,25198.53,180,Decline,Auto Corral RV/AZ Auto Corral LLC -AZ266,,AZ,Mesa,2026-08-04,,,2024,RV,Used,840,9.25,0.97,edominguez,,2512,7.49,6000,7500,false,,,8.99,Core,Core,0.7,0,,0,35900,868,Source One Financial Services,FL, zac hyzdu,0,0,AZ266,Core
246669,hhisek,71768.88,240,Booked,SMG Wake of Houston -TX105,OneWater ,TX,Conroe,2026-08-04,2026-08-07,2026-08-07,2026,Boat,New,,17.07,2.47,gott,4472,4226,9.99,7400,7400,false,243,3,10.99,Core,Core,1.22,3947.29,5.5,0,58958,703,Source One Financial Services,TX, george harsh,1,0,TX105,Core
246818,rsimmons,29694.75,180,Approved,LA Boat Dealer - LA111,,LA,Metairie,2026-08-04,2026-08-04,,2021,Boat,Used,,36.65,3.35,gott,,8,13.24,5000,5000,false,,,14.24,Silver 1,Silver 1,0.83,0,,0,35832,672,Source One Financial Services,OH, hank helmer,1,1,LA111,Silver
246588,sbaker,58916.02,240,Decline,ROSS MOTORSPORTS INC - TX457,,TX,LUFKIN,2026-08-04,,,2023,Boat,Used,,26.98,6.41,gott,,6,10.24,7000,7000,false,,,11.74,Core,Core,1.01,0,,0,58250,721,Source One Financial Services,LA, ryan williams,0,0,TX457,Core
246597,rsimmons,20825.48,120,Auto Decline,QUALITY MARINE ASSOCIATES INC - TX415,,TX,ONALASKA,2026-08-04,,,2026,Boat,New,,32.4,3.84,gott,,100,22.99,0,0,false,,,23.99,Bronze,Bronze,1.23,0,,0,16925,585,Source One Financial Services,TX, ronnie heldenbrand,0,0,TX415,Business First
246732,pmeza,49020.15,180,Booked,MIDWEST MARINE BOAT CO - EMO113,EPIC,MO,Grandview,2026-08-04,2026-08-08,2026-08-12,2027,Boat,New,,21.88,6.44,S1House,11235,5804,7.89,5099,5099,false,5431,0,8.89,Silver 1,Not Applicable,1.16,1960.81,4,0,42371,679,Ideal Credit Union,MO, mia williams,1,0,EMO113,Not Applicable
246908,ahunt,35548.47,180,Auto Approval,RV LEADERS - PA108,,PA,ADAMSBURG,2026-08-05,2026-08-05,,2026,RV,New,,37.6,2.01,jharrington1,,40,7.99,3500,3500,false,,,9.49,Core,Core,1.12,0,,0,31857,795,Source One Financial Services,NJ, heather lee,1,1,PA108,Core
246944,mlomedico,96055.81,204,Auto Approval,Blue Compass RV - Colorado Springs - CO160,Blue Compass,CO,COLORADO SPRINGS,2026-08-05,2026-08-10,,2027,RV,New,,19.43,9.09,dzilberchtein,,7624,7.24,10673,10673,false,,,8.74,Core,Core,1.02,0,,0,93765,836,Source One Financial Services,TX, brandan montera,1,1,CO160,Core
247039,rsimmons,50285.74,240,Booked,Big D Marine and Powersports -TX205,,TX,Huntsville,2026-08-05,2026-08-06,2026-08-10,2026,Boat,New,,25.21,2.59,gott,7371,1490,9.99,2800,2800,false,5879,2,11.49,Core,Core,1.15,3017.14,6,0,43895,717,Source One Financial Services,TX, ronald brown,1,0,TX205,Core
246986,,25068.25,180,Auto Decline,Dalton RV LLC-AR132,Warrior Performance,AR,Morrilton,2026-08-05,,,2013,RV,Used,,13.71,2.44,jweller,,0,16.74,1000,2000,false,,,17.74,Silver 2,Silver 2,0.82,0,,0,30415,625,Source One Financial Services,AR,,0,0,AR132,Silver
247022,sbaker,248589.02,240,Decline,Ultimate Marine - EFL121,EPIC,FL,Orlando,2026-08-05,,,2027,Boat,New,609,26.16,6.19,S1House,,49,8.99,27000,27000,false,,,10.49,Core,Core,1.16,0,,0,214858,748,Source One Financial Services,FL, david bounphasaysonh,0,0,EFL121,Core
246919,,46285,180,Auto Decline,"Vantage Recreational Finance, Inc. -FL291",VRF,FL,FORT LAUDERDALE,2026-08-05,,,2026,Boat,New,,27.35,11.2,S1House,,0,14.99,5000,5000,false,,,15.99,Silver 2,Silver 2,1.03,0,,0,45138,629,Source One Financial Services,TN,,0,0,FL291,Silver
247024,,65660,180,Auto Decline,Goodhue Meredith LLC- NH112,,NH,Meredith,2026-08-05,,,2016,Boat,Used,,51.71,21.91,gcoulombe,,0,13.74,10000,10000,false,,,14.74,Silver 1,Silver 1,0.98,0,,0,66915,674,Source One Financial Services,VT,,0,0,NH112,Silver
246993,mlomedico,20194,180,Decline,Bob Hurley RV OKCity - OK139,,OK,Oklahoma City,2026-08-05,,,2020,RV,Used,,12.39,1.15,jweller,,36,14.49,9500,10300,false,,,15.49,Silver 1,Silver 1,0.68,0,,0,29520,646,Source One Financial Services,OK, michael day,0,0,OK139,Silver
246974,pmeza,15448.45,120,Verifications Incomplete,ATC Inc/ATC RV Center - IA205,Warrior Performance,IA,Walford,2026-08-05,2026-08-08,,2019,RV,Used,,3.52,1.92,gcoulombe,,4501,8.24,2800,2800,false,,2,8.99,Core,Not Applicable,0.94,0,,0,16450,720,Connexus Credit Union,TX, jimmy orapello,1,1,IA205,Not Applicable
247011,pmeza,166110.81,240,Booked,BISH'S RV OF CHEYENNE - WY100,Bish's RV,WY,CHEYENNE,2026-08-05,2026-08-12,2026-08-12,2027,RV,New,749,48.3,10.5,dzilberchtein,10133,10113,7.74,10500,18826.79,false,20,0,9.24,Core,Core,1.31,9966.65,6,0,126606,800,Source One Financial Services,SD, chad knight,1,0,WY100,Core
246936,lgrace,23395.4,180,Booked,ADVENTURE MOTORHOMES - SC118,,SC,GREEER,2026-08-05,2026-08-06,2026-08-06,2022,RV,Used,,44.68,3.53,jsmith,1784,1414,10.49,1500,1500,false,352,18,11.99,Core,Core,1.04,1403.72,6,0,22550,715,Source One Financial Services,GA, keith palmer,1,0,SC118,Core
246957,rsimmons,15424.57,144,Decline,Gil Cherry Family RV Center LLC -TX130,,TX,Sweetwater,2026-08-05,,,2011,RV,Used,,11.71,2.37,gott,,31,10.99,3000,3000,false,,,12.49,Core,Core,0.96,0,,0,16100,748,Source One Financial Services,TX, chris lambrecht,0,0,TX130,Core
246935,avera,20720.8,168,Booked,Lightnin RV Rental and Sales - GA149,,GA,Lawrenceville,2026-08-05,2026-08-12,2026-08-13,2025,RV,Used,,37.5,1.83,jsmith,11690,10395,12.49,2000,2000,false,1295,0,13.49,Silver 1,Silver 1,0.83,828.83,4,0,24850,672,Source One Financial Services,GA, stephen crook,1,0,GA149,Silver
247005,sflynn,102747.92,240,Decline,General RV Center- Draper - UT126,General RV,UT,Draper,2026-08-05,,,2024,RV,Used,673,24.19,5.96,ljablonoski,,63,9.49,3000,3000,false,,,10.99,Core,Core,1.12,0,,0,91795,749,Source One Financial Services,UT, mike naylor,0,0,UT126,Core
246975,,70494,180,Auto Decline,Bob Hurley RV-Tulsa OK137,,OK,Tulsa,2026-08-05,,,2017,RV,Used,,31.41,8.75,jweller,,0,14.99,0,0,false,,,15.99,Silver 1,Silver 1,1.03,0,,0,68198,646,Source One Financial Services,OK,,0,0,OK137,Silver
246915,mlomedico,43119,120,Auto Approval,"Vantage Recreational Finance, Inc. -FL291",VRF,FL,FORT LAUDERDALE,2026-08-05,2026-08-05,,2008,Boat,Used,,47.18,2.7,S1House,,25,10.74,23000,23000,false,,,12.24,Core,Core,1.04,0,,0,41340,761,Source One Financial Services,CA, robyn lemke,1,1,FL291,Core
246946,hhisek,49586.91,240,Decline,Ron Hoover - Breckenridge - TX496,Ron Hoover,TX,Beckenridge,2026-08-05,,,2025,RV,Used,599,17.42,2.14,gott,,15,9.49,5000,5000,false,,,10.99,Core,Core,0.8,0,,0,62100,750,Source One Financial Services,TX, cory meyer,0,0,TX496,Core
247038,hhisek,47230.56,204,Conditional Approval,Blue Compass RV - Seguin - TX573,Blue Compass,TX,Sequin,2026-08-05,2026-08-05,,2027,RV,New,688,33.7,3.08,gott,,8,9.99,1000,1000,false,,,11.49,Core,Core,1,0,,0,47031.5,708,Source One Financial Services,TX, gus ponce,1,1,TX573,Core
247158,avera,25864.46,180,Decline,Campers Inn - Prescott Valley- AZ329,Campers Inn,AZ,PRESCOTT VALLEY,2026-08-05,,,2026,RV,New,,48.89,3.87,edominguez,,691,9.99,1500,1500,false,,,11.49,Core,Core,0.85,0,,0,30397.82,704,Source One Financial Services,AZ, holly stocker,0,0,AZ329,Core
247150,,70547.25,240,Auto Decline,The RV Store - Logan - UT140,,UT,Logan,2026-08-05,,,2027,RV,New,,26.68,3.16,ljablonoski,,0,22.99,5000,6245,false,,,23.99,Bronze,Bronze,1.07,0,,0,66171,613,Source One Financial Services,CO,,0,0,UT140,Business First
246981,,30169.1,84,Auto Decline,Meyer's I-79 RV Sales - PA148,,PA,Mount Morris,2026-08-05,,,2026,RV,New,,25.21,5.02,jharrington1,,0,14.99,0,42000,false,,,15.99,Silver 2,Silver 2,0.43,0,,0,70724,633,Source One Financial Services,WV,,0,0,PA148,Silver
247018,rsimmons,64527.69,240,Decline,Rocky Ridge RV - Tyler - TX574,Rocky Ridge,TX,Tyler,2026-08-05,,,2024,RV,Used,,16,4.96,gott,,11,9.99,4000,7500,false,,,11.74,Core,Core,1.03,0,,0,62900,700,Source One Financial Services,TX, blaize ice,0,0,TX574,Core
246924,,78070.43,180,Auto Decline,"Ron Hoover Companies of Donna, Inc -Tx277",Ron Hoover,TX,Donna,2026-08-05,,,2024,Boat,Used,,26.32,10.03,gott,,0,14.99,0,10000,false,,,15.99,Silver 2,Silver 2,0.78,0,,,99863,632,Source One Financial Services,TX,,0,0,TX277,Silver
247036,mlomedico,69399.5,240,Booked,Intercoastal Financial Group LLC - 17401746,IFG,FL,Vero Beach,2026-08-05,2026-08-11,2026-08-12,2020,Boat,Used,696,46.86,5.44,S1House,10150,8438,9.49,7500,7500,false,1634,78,9.99,Core,Core,1.02,1387.99,2,0,67785,740,Source One Financial Services,SC, taylor beckford,1,0,17401746,Core
247087,jrubi,78656,220,Decline,Giant RV - Montclair - SCA155,Giant RV,CA,Montclair,2026-08-05,,,2025,RV,New,,39.47,4.74,jrubi,,32,10.24,8800,8800,false,,,11.74,Core,Core,0.76,0,,0,103110,688,Source One Financial Services,CA, julio sanchez,0,0,SCA155,Core
247001,ccampos,32744.59,180,Decline,Treasure Coast Marine & RV - FL353,,FL,Stuart,2026-08-05,,,2018,RV,Used,,20.81,1.56,wstoutimore,,1635,14.99,3300,3300,false,,,15.99,Silver 1,Not Applicable,0.53,0,,0,61422,655,Connexus Credit Union,FL,,0,0,FL353,Not Applicable
246943,hhisek,15444.04,144,Decline,"Lone Star RV Sales, INC -TX206",,TX,Houston,2026-08-05,,,2026,RV,New,,57.36,2.78,gott,,9,9.49,1600,1600,false,,,10.99,Core,Core,0.84,0,,0,18401,743,Source One Financial Services,TX, daren hines,0,0,TX206,Core
246952,,30388.08,144,Auto Decline,"Ron Hoover Companies of Donna, Inc -Tx277",Ron Hoover,TX,Donna,2026-08-05,,,2022,Boat,Used,,37.87,5.47,gott,,0,22.99,2000,4000,false,,,23.99,Bronze,Bronze,0.82,0,,,37010,618,Source One Financial Services,TX,,0,0,TX277,Business First
247091,ccampos,20031.1,180,Decline,Blue Compass RV - North Myrtle Beach - SC137,Blue Compass,SC,North Myrtle Beach,2026-08-05,,,2018,RV,Used,,27.24,6.33,jsmith,,101,13.74,10000,17000,false,,,14.74,Silver 1,Silver 1,0.58,0,,0,34550,667,Source One Financial Services,NC, adam dix,0,0,SC137,Silver
246973,hhisek,43286.43,144,Conditional Approval,Blue Fox RV - UT131,,UT,North Logan,2026-08-05,2026-08-05,,2018,RV,Used,,40.35,4.9,ljablonoski,,245,12.49,12700,17700,false,,,12.74,Silver 1,Not Applicable,1,0,,0,43315,667,Connexus Credit Union,UT, todd campbell,1,1,UT131,Not Applicable
247149,pmeza,25240.14,204,Verifications Incomplete,Blue Compass RV - Post Falls - ID123,Blue Compass,ID,Post Falls,2026-08-05,2026-08-12,,2020,RV,Used,872,28.96,3.16,ljablonoski,,10055,7.74,10000,2999.6,false,,0,9.24,Core,Core,1.46,0,,0,17250,886,Source One Financial Services,ID, william reed,1,1,ID123,Core
247052,sdelarosa,100547.18,240,Decline,Keystone RV Center  - PA110,Pete's RV,PA,Greencastle,2026-08-05,,,2026,RV,New,687,17.69,11.77,jharrington1,,100,9.74,15000,15000,false,,,11.24,Core,Not Applicable,0.91,0,,0,110237,734,Connexus Credit Union,MD, jennifer vance,0,0,PA110,Not Applicable
247102,mlomedico,16263,144,Auto Approval,St Louis RV - MO155,,MO,O'Fallon,2026-08-05,2026-08-05,,2016,RV,Used,,29.62,4.73,jweller,,223,14.99,3000,3000,false,,,15.99,Silver 1,Silver 1,0.82,0,,0,19950,659,Source One Financial Services,MO, jason miller,1,1,MO155,Silver
246911,sbaker,11242.75,120,Auto Approval,BOAT AND MOTOR SUPERSTORES PALM HARBOUR - FL155,,FL,PALM HARBOUR,2026-08-05,2026-08-07,,2024,Boat,Used,710,42.44,2.01,wstoutimore,,2898,8.99,10000,10000,false,,,10.49,Core,Core,0.61,0,,0,18403,743,Source One Financial Services,FL, sandy sigman,1,1,FL155,Core
247054,jharrington1,35000,180,Decline,Smith Auto Sales and Leasing -IN156,,IN,Angola,2026-08-05,,,2015,RV,Used,701,36.98,1.64,jharrington1,,23,10.74,12700,12700,false,,,12.24,Core,Core,0,0,,0,0,726,Source One Financial Services,MD,,0,0,IN156,Core
247133,pmeza,106369.43,240,Conditional Approval,Optimum RV - La Feria - TX512,Optimum RV,TX,La Ferua,2026-08-05,2026-08-06,,2018,RV,Used,671,44.72,4.89,gott,,934,8.24,22100,32100,false,,,9.24,Core,Not Applicable,1,0,,0,106400,756,Connexus Credit Union,TX, juan vasquez,1,1,TX512,Not Applicable
246897,sbaker,19212.5,168,Booked,FACTORY DIRECT RV and MARINE - GA142,,GA,AMERICUS,2026-08-05,2026-08-13,2026-08-13,2025,RV,Used,,19.4,3.02,jsmith,11817,11548,7.49,2500,2500,false,268,1,8.99,Core,Core,1.06,1152.75,6,0,18100,864,Source One Financial Services,IN, gina harris,1,0,GA142,Core
247029,sdelarosa,50175.69,240,Decline,North Trail RV Center - FL347,,FL,Ft. Myers,2026-08-05,,,2020,RV,Used,,9.9,8.74,wstoutimore,,44,10.24,28926.51,28926.51,false,,,11.74,Core,Core,0.66,0,,0,76065,730,Source One Financial Services,FL, justin graham,0,0,FL347,Core
246942,hhisek,106000.46,240,Booked,Campers Inn RV of Knoxville E - TN160,Campers Inn,TN,Knoxville,2026-08-05,2026-08-06,2026-08-06,2026,RV,New,,30.95,9.08,jsmith,1792,1465,7.49,4200,4200,false,263,64,8.99,Core,Core,1.42,6360.03,6,0,74414,820,Source One Financial Services,TN, radu puraci,1,0,TN160,Core
246910,rsimmons,27430.36,144,Approved,SMITH MOTOR CO OF HATTIESBURG INC - MS107,,MS,HATTIESBURG,2026-08-05,2026-08-05,,2026,Boat,New,674,33.01,2.26,jsmith,,11,8.74,0,0,false,,,8.74,Core,Core,1.11,0,,0,24681,778,Source One Financial Services,MS, june rogers,1,1,MS107,Core
246963,mlomedico,51767.98,180,Auto Approval,B&D RV Center - UT124,Easy Care,UT,Vernal,2026-08-05,2026-08-05,,2021,RV,Used,,22.36,3.08,ljablonoski,,411,10.24,14200,22200,false,,,11.74,Core,Core,1.16,0,,0,44600,734,Source One Financial Services,UT, jim lakes,1,1,UT124,Core
247067,mlomedico,23243.44,180,Booked,Basecamp RV Sales - ECA115,EPIC,CA,Auburn,2026-08-05,2026-08-07,2026-08-10,2017,RV,Used,642,46.11,2.14,S1House,7287,2709,8.49,5000,5000,false,183,4395,9.74,Core,Core,0.92,1162.17,5,0,25250,846,Source One Financial Services,CA, mark roberts,1,0,ECA115,Core
247057,sbaker,17738.03,144,Booked,Ideal RVs INC - FL228,,FL,Lakeland,2026-08-05,2026-08-07,2026-08-07,2022,RV,Used,829,35.15,2.47,wstoutimore,2979,2632,8.49,1000,1000,false,56,291,9.99,Core,Core,0.71,1064.28,6,0,25050,787,Source One Financial Services,FL, john yanis,1,0,FL228,Core
247124,ccampos,25279.08,180,Auto Approval,Titan Auto & Rv Sales - AR117,,AR,Searcy,2026-08-05,2026-08-06,,2019,RV,Used,796,24.63,2.15,jweller,,1384,8.49,3000,3000,false,,,9.99,Core,Core,0.95,0,,0,26500,863,Source One Financial Services,AR, toby wallace,1,1,AR117,Core
246933,lgrace,42117,180,Auto Approval,NewCoast - Boatzon - FL356,Marine Max,FL,Oldsmar,2026-08-05,2026-08-05,,2014,Boat,Used,,28.37,5.21,S1House,,249,10.99,4500,4500,false,,,12.49,Core,Core,0.8,0,,0,52650,751,Source One Financial Services,MS, christopher rogers,1,1,FL356,Core
247088,pmeza,147500,240,Contract Received,Nine Powersports - OK160,,OK,Eufaula,2026-08-05,2026-08-13,,2025,Boat,New,796,39.08,3.27,jweller,,11861,7.24,20000,20000,false,,22,8.49,Core,Core,0.82,0,,0,179555,807,Source One Financial Services,SC, joshua brock,1,1,OK160,Core
247113,ccampos,136730.85,240,Decline,Intercoastal Financial Group LLC - 17401746,IFG,FL,Vero Beach,2026-08-05,,,2026,Boat,New,,33.12,12.86,S1House,,72,9.49,25000,25000,false,,,10.74,Core,Core,0.94,0,,0,145000,743,Source One Financial Services,NC, nicole chaney,0,0,17401746,Core
246917,,19105.2,180,Auto Decline,Boaters World - Bradenton - FL229,,FL,Bradenton,2026-08-05,,,2008,Boat,Used,,0,0,wstoutimore,,0,22.99,20000,20000,false,,,23.99,Bronze,Bronze,0.56,0,,0,34000,,Source One Financial Services,GA,,0,0,FL229,Business First
247112,thovey,48911.3,180,Decline,Blue Compass RV - Oklahoma City - OK158,Blue Compass,OK,Norman,2026-08-05,,,2019,RV,Used,631,36.03,2.85,jweller,,36,10.49,0,0,false,,,11.99,Core,Core,0.91,0,,0,53650,743,Source One Financial Services,OK, jacqueline armendariz,0,0,OK158,Core
247074,rsimmons,32759.69,180,Conditional Approval,MARINELAND BOATING CENTER- TX376,,TX,WACO,2026-08-05,2026-08-05,,2026,Boat,New,628,24.31,2.46,gott,,17,9.74,0,0,false,,,11.24,Core,Core,1.29,0,,0,25438,722,Source One Financial Services,TX, lacy walker,1,1,TX376,Core
247007,avera,101485.29,204,Conditional Approval,Rock Solid Funding LLC - TX536,RSF,TX,BEDFORD,2026-08-05,2026-08-05,,2023,RV,Used,,13.69,5.07,S1House,,61,10.24,0,0,false,,,11.74,Core,Core,1.14,0,,0,88734,730,Source One Financial Services,CA, serena pulliam,1,1,TX536,Core
247115,ccampos,135964.96,180,Auto Approval,"Vantage Recreational Finance, Inc. -FL291",VRF,FL,FORT LAUDERDALE,2026-08-05,2026-08-06,,2013,RV,Used,,37.98,8.93,S1House,,1224,11.24,14000,14000,false,,,12.74,Core,Core,0.78,0,,0,174350,727,Source One Financial Services,TX, alicia bryson,1,1,FL291,Core
246887,,10759.75,144,Auto Decline,"EPIC FINANCE, LLC. - 17401748",EPIC,NC,WILMINGTON,2026-08-05,,,2013,RV,Used,682,25.81,1.24,S1House,,0,14.24,3000,3000,false,,,15.24,Silver 1,Silver 1,1.3,0,,0,8250,667,Source One Financial Services,AZ,,0,0,17401748,Silver
247062,mlomedico,32769,180,Decline,"Vantage Recreational Finance, Inc. -FL291",VRF,FL,FORT LAUDERDALE,2026-08-05,,,2023,Boat,Used,,38.57,6.73,S1House,,58,14.49,3500,3500,false,,,15.49,Silver 1,Silver 1,0.81,0,,0,40365,660,Source One Financial Services,DE, trenton cott,0,0,FL291,Silver
246967,pmeza,29972.17,180,Decline,Blue Compass RV - Gassville - AR137,Blue Compass,AR,Gassville,2026-08-05,,,2026,RV,New,,13.02,4.46,jweller,,19,10.24,6800,6800,false,,,11.74,Core,Core,0.71,0,,0,42222,685,Source One Financial Services,OK, sheldon doty,0,0,AR137,Core
247117,jharrington1,25985.82,204,Booked,Campers Inn Louisville -IN138,Campers Inn,IN,Clarksville,2026-08-05,2026-08-07,2026-08-07,2026,RV,New,,41.93,3.21,jharrington1,2778,2705,9.49,5000,5000,false,70,3,10.99,Core,Core,0.97,1559.15,6,0,26864,719,Source One Financial Services,KY, mark unger,1,0,IN138,Core
247037,,54894.63,240,Auto Decline,FUN TOWN RV OK LLC - OK121,Fun Town,OK,OKLAHOMA CITY,2026-08-05,,,2026,RV,New,,52.1,7.79,jweller,,0,13.74,20000,20000,false,,,14.74,Silver 1,Silver 1,0.8,0,,0,68671,649,Source One Financial Services,OK,,0,0,OK121,Silver
247049,edominguez,76163.16,180,Decline,Pleasureland RV Center - St Cloud - MN251,Pleasureland,MN,St Cloud,2026-08-05,,,2026,RV,New,628,34.95,5.49,dzilberchtein,,30,9.74,7000,7000,false,,,11.24,Core,Core,0.89,0,,0,85286,725,Source One Financial Services,MN, jj robbie,0,0,MN251,Core
247044,,13735.5,180,Auto Decline,Blue Compass RV - Tyler - TX552,Blue Compass,TX,Tyler,2026-08-05,,,2026,RV,New,,31.26,1.93,gott,,0,14.99,1500,1500,false,,,15.99,Silver 2,Silver 2,0.67,0,,0,20378,629,Source One Financial Services,TX,,0,0,TX552,Silver
247121,mlomedico,42646.1,180,Decline,TRIPLE H RVS - AL119,,AL,HALEYVILLE,2026-08-05,,,2027,RV,New,,48.64,10.82,jsmith,,1058,9.49,0,0,false,,,10.99,Core,Not Applicable,1,0,,0,42814,748,Connexus Credit Union,AL, tyler spann,0,0,AL119,Not Applicable
247146,mlomedico,13749.83,180,Decline,"Hemlock Hill RV Sales, Inc-CT107",,CT,Southington,2026-08-05,,,2019,RV,Used,,71.61,1.47,gcoulombe,,6,10.49,2500,2500,false,,,11.99,Core,Core,1.16,0,,0,11825,760,Source One Financial Services,CT, brandon brown,0,0,CT107,Core
247053,,55882,240,Auto Decline,Jimmy Jones Polaris  - Summerville - ESC121,EPIC,SC,Summerville,2026-08-05,,,2026,Boat,New,,77.24,9.58,S1House,,0,12.49,0,0,false,,,13.49,Silver 1,Silver 1,1.21,0,,0,46011,676,Source One Financial Services,SC,,0,0,ESC121,Silver
247056,,18079.13,144,Auto Decline,Coachlight RV Sales Inc. -MO106,,MO,Carthage,2026-08-05,,,2016,RV,Used,504,56.41,6.52,jweller,,0,16.24,1850,1850,false,,,17.24,Silver 2,Silver 2,1.04,0,,0,17450,624,Source One Financial Services,MO,,0,0,MO106,Silver
247072,sdelarosa,41247.99,180,Decline,Marshall's Marine Inc - SC146,,SC,Lake City,2026-08-05,,,2027,Boat,New,,43.84,5.73,jsmith,,20,13.74,40000,40000,false,,,14.74,Silver 1,Silver 1,0.54,0,,0,76090,646,Source One Financial Services,SC, hope huggins,0,0,SC146,Silver
246900,,70355.92,240,Auto Decline,"Vantage Recreational Finance, Inc. -FL291",VRF,FL,FORT LAUDERDALE,2026-08-05,,,2026,Boat,New,667,52.42,8.07,S1House,,0,14.99,7000,7000,false,,,15.99,Silver 2,Silver 2,1.35,0,,0,52063,623,Source One Financial Services,VT,,0,0,FL291,Silver
246895,lgrace,45048,180,Decline,Bullitt County Auto and RV Sales Inc - KY138,,KY,Shephersville,2026-08-05,,,2025,RV,Used,,38.37,10.44,jharrington1,,11,13.74,3000,3000,false,,,14.74,Silver 1,Silver 1,45048,0,,0,1,644,Source One Financial Services,KY, cheyanne anderson,0,0,KY138,Silver
247116,pmeza,11345,144,Booked,GIBBS OUTDOOR and RECREATION - TX454,,TX,WACO,2026-08-05,2026-08-06,2026-08-10,2022,RV,Used,,32.41,1.37,gott,7158,1388,13.24,1155,1155,false,4232,1538,14.24,Silver 1,Silver 1,0.99,453.8,4,0,11450,676,Source One Financial Services,TX, colby longenbaugh,1,0,TX454,Silver
246947,sdelarosa,24921,180,Auto Approval,Miles RV Center - NC165,,NC,Hendersonville,2026-08-05,2026-08-05,,2026,RV,New,623,21.92,4.34,jsmith,,35,12.49,6000,6000,false,,,13.49,Silver 1,Silver 1,0.7,0,,0,35646,675,Source One Financial Services,SC, jevon bryant,1,1,NC165,Silver
247025,jharrington1,83000,240,Decline,Royal RV & Auto Center Inc - IN203,,IN,Middleberry,2026-08-05,,,2025,RV,Used,669,101.33,6.05,jharrington1,,21,7.99,2000,2000,false,,,9.49,Core,Core,1.1,0,,0,75300,787,Source One Financial Services,MO, terry lapierre,0,0,IN203,Core
246955,ccampos,149917.37,240,Decline,Rock Solid Funding LLC - TX536,RSF,TX,BEDFORD,2026-08-05,,,2026,RV,New,,48.83,9.02,S1House,,113,7.49,46500,46500,false,,,8.99,Core,Not Applicable,0.98,0,,0,152322,870,Connexus Credit Union,NY, trevor bescherer,0,0,TX536,Not Applicable
247046,avera,77928.22,240,Booked,PERFORMANCE EAST - NC113,,NC,GOLDSBORO,2026-08-05,2026-08-11,2026-08-12,2023,Boat,Used,686,43.42,5.65,jsmith,10114,8686,10.24,10000,10000,false,1425,3,11.74,Core,Core,0.88,4675.69,6,0,88730,732,Source One Financial Services,VA, brandon winstead,1,0,NC113,Core
247035,,31521.2,204,Auto Decline,Little Guy Trailers - SCA171,,CA,San Diego,2026-08-05,,,2019,RV,Used,,33.44,32.34,jrubi,,0,22.99,1000,1000,false,,,23.99,Bronze,Bronze,1.29,0,,,24395,531,Source One Financial Services,CA,,0,0,SCA171,Business First
246976,mlomedico,65025,180,Auto Approval,Intercoastal Financial Group LLC - 17401746,IFG,FL,Vero Beach,2026-08-05,2026-08-05,,2015,Boat,Used,,20.07,4.15,S1House,,74,8.49,20000,20000,false,,,9.74,Core,Core,0.98,0,,0,66635,836,Source One Financial Services,CA, beulah coleman,1,1,17401746,Core
247021,rsimmons,34007.09,180,Auto Approval,Next Motors Sales LLC-TX537,,TX,Rio Grande City,2026-08-05,2026-08-06,,2023,RV,Used,,31.06,4.85,gott,,1611,13.24,3500,3500,false,,,14.24,Silver 1,Silver 1,1.04,0,,0,32800,675,Source One Financial Services,TX,,1,1,TX537,Silver
246966,,60105.7,240,Auto Decline,Intercoastal Financial Group LLC - 17401746,IFG,FL,Vero Beach,2026-08-05,,,2017,Boat,Used,,46.24,10.35,S1House,,0,14.99,10000,10000,false,,,15.99,Silver 1,Silver 1,1.2,0,,0,50000,656,Source One Financial Services,FL,,0,0,17401746,Silver
246964,ccampos,26544.22,180,Contract Received,RCD Sales Co. LTD -OH127,,OH,Pataskala,2026-08-05,2026-08-06,,2026,RV,New,,13.71,2.72,jharrington1,,1323,7.49,0,0,false,,278,8.99,Core,Core,1.16,0,,0,22906,820,Source One Financial Services,OH, kevin seitz,1,1,OH127,Core
247142,jrubi,7547,120,Decline,BOBBY WAYNES RV - SCA111,,CA,LANCASTER,2026-08-05,,,2012,RV,Used,,10.26,0.58,jrubi,,36,15.74,4000,4000,false,,,16.24,Silver 1,Silver 1,0,0,,0,0,663,Source One Financial Services,CA,,0,0,SCA111,Silver
247152,edominguez,52899.64,240,Auto Approval,BISH'S RV OF CHEYENNE - WY100,Bish's RV,WY,CHEYENNE,2026-08-05,2026-08-05,,2026,RV,New,,29.59,12.56,dzilberchtein,,39,7.49,6700,13221,false,,,8.99,Core,Core,1.3,0,,0,40620,857,Source One Financial Services,WY, stephine dunn,1,1,WY100,Core
246984,mlomedico,39378.8,180,Conditional Approval,Aquamarine LLC - OK140,,OK,Lawton,2026-08-05,2026-08-05,,2026,Boat,New,600,32.37,1.98,jweller,,102,7.89,4130,4130,false,,,8.89,Core,Not Applicable,0.97,0,,0,40454,777,Ideal Credit Union,OK, hans landwehr,1,1,OK140,Not Applicable
246888,avera,38654.45,204,Booked,Your Dream Rvs and Auto LLC - FL264,,FL,Panama City,2026-08-05,2026-08-05,2026-08-06,2021,RV,Used,783,25.37,3.19,wstoutimore,1915,28,9.49,0,0,false,307,1580,10.99,Core,Core,0.69,2319.27,6,0,55950,754,Source One Financial Services,FL,,1,0,FL264,Core
246995,sdelarosa,13607.24,84,Approved,East Coast Campers & More - DE103,,DE,Frankford,2026-08-05,2026-08-05,,2026,RV,Used,,12.31,3.3,gcoulombe,,28,8.24,1000,1000,false,,,8.99,Core,Core,0.75,0,,0,18200,813,Source One Financial Services,DE, terry spencer,1,1,DE103,Core
247155,pmeza,59388,204,Auto Approval,Midway Auto & RV - Billings - MT107,,MT,Billings,2026-08-05,2026-08-10,,2019,RV,Used,711,47.22,7.73,dzilberchtein,,6856,10.24,0,8500,false,,,10.99,Core,Core,0.88,0,,0,67650,727,Source One Financial Services,WY,,1,1,MT107,Core
246913,ccampos,23737.3,180,Decline,"Vantage Recreational Finance, Inc. -FL291",VRF,FL,FORT LAUDERDALE,2026-08-05,,,2023,Boat,Used,,16.04,4.03,S1House,,7685,10.74,20000,20000,false,,,12.24,Core,Core,0.25,0,,0,94200,688,Source One Financial Services,FL, jennifer richter,0,0,FL291,Core
247080,sbaker,17473.73,180,Decline,HOWDY RANCH RV - TX315,,TX,Mathis,2026-08-05,,,2016,RV,Used,622,34.36,1.8,gott,,6,10.99,2000,2000,false,,,12.49,Core,Core,0.81,0,,0,21505,710,Source One Financial Services,TX, aj marino,0,0,TX315,Core
247047,jharrington1,136383.97,240,Auto Approval,Fretz RV -PA126,,PA,Souderton,2026-08-05,2026-08-10,,2027,RV,New,,70.08,21.34,jharrington1,,7326,7.74,10000,16921.53,false,,,8.74,Core,Not Applicable,1.22,0,,0,111691,723,Connexus Credit Union,PA, tony eidle,1,1,PA126,Not Applicable
246996,hhisek,32107.41,180,Auto Approval,Casita Travel Trailers - TX563,RDS,TX,Rice,2026-08-05,2026-08-05,,2026,RV,New,,13.56,1.63,gott,,43,7.49,8000,8000,false,,,8.99,Core,Core,0.94,0,,0,34135,865,Source One Financial Services,LA, andy krier,1,1,TX563,Core
247048,mlomedico,207006.71,180,Conditional Approval,Campers Inn RV of Ramsey - MN840,Campers Inn,MN,Ramsey,2026-08-05,2026-08-05,,2021,RV,Used,706,36.11,11.86,dzilberchtein,,108,10.24,30000,-14017.21,false,,,11.74,Core,Core,0.92,0,,0,225700,734,Source One Financial Services,FL, mike mckelvy,1,1,MN840,Core
246949,ccampos,23651.78,204,Approved,BLUE COMPASS RV - LUBBOCK - TX117,Blue Compass,TX,Lubbock,2026-08-05,2026-08-05,,2019,RV,Used,,31.64,4.33,gott,,31,10.99,0,0,false,,,12.49,Core,Core,1.1,0,,0,21450,720,Source One Financial Services,TX, walker hale,1,1,TX117,Core
247083,hhisek,74558.98,240,Approved,RV Station LTD - Donna -TX289,,TX,Donna,2026-08-05,2026-08-05,,2026,RV,New,664,18.32,4.26,gott,,91,7.99,12000,12000,false,,,8.74,Core,Not Applicable,1,0,,0,74524,741,Connexus Credit Union,TX, sonia leal,1,1,TX289,Not Applicable
246918,avera,113757.64,240,Booked,BLUE COMPASS RV VERMONT-VT101,Blue Compass,VT,MONTPELIER,2026-08-05,2026-08-13,2026-08-13,2027,RV,New,638,28.14,9.17,gcoulombe,11862,11652,10.24,15000,27000,false,210,0,11.74,Core,Core,0.97,6825.46,6,0,117780,683,Source One Financial Services,VT, jerrold tanner,1,0,VT101,Core
246884,,70415,240,Auto Decline,Recreation USA LLC - Myrtle Beach - SC134,,SC,Myrtle Beach,2026-08-05,,,2026,RV,New,,55.71,7.54,jsmith,,1,22.99,8000,8000,false,,,23.99,Bronze,Silver 2,0.87,0,,0,80743,628,Source One Financial Services,SC, stan johnson,0,0,SC134,Business First
247071,sdelarosa,40457.45,180,Booked,Boat N RV Outlet - FL329,,FL,Hudson,2026-08-05,2026-08-08,2026-08-10,2027,RV,New,750,44.76,7.9,wstoutimore,7432,4222,7.49,5000,5005,false,3210,0,8.24,Core,Core,1.46,1213.72,3,0,27627,888,Source One Financial Services,FL, david cranmore,1,0,FL329,Core
247107,sbaker,17473.73,180,Decline,HOWDY RANCH RV - TX315,,TX,Mathis,2026-08-05,,,2016,RV,Used,,55.78,5.41,gott,,7122,10.99,2000,2000,false,,,12.49,Core,Core,0.81,0,,0,21505,710,Source One Financial Services,TX, aj marino,0,0,TX315,Core
247063,,22020,75,Auto Decline,Edwards Auto Group - IA209,,IA,Council Bluffs,2026-08-05,,,2026,Boat,New,,7,1.78,gcoulombe,,0,22.99,2000,2000,false,,,23.99,Bronze,Bronze,1.3,0,,0,17000,604,Source One Financial Services,NE,,0,0,IA209,Business First
247045,rsimmons,28874.42,180,Decline,A and L RV Sales - Johnson City - TN 123,,TN,Johnson City,2026-08-05,,,2026,RV,New,776,67.99,7.53,jsmith,,11,9.99,0,11000,false,,,11.49,Core,Core,0.72,0,,0,39972,720,Source One Financial Services,TN, rebecca henley,0,0,TN123,Core
247061,hhisek,30121.13,204,Approved,BLUE COMPASS RV  DES MOINES-IA222,Blue Compass,IA,ALTOONA,2026-08-05,2026-08-05,,2017,RV,Used,652,24.07,3.43,gcoulombe,,19,13.74,100,18100,false,,,14.74,Silver 1,Silver 1,0.7,0,,0,43150,669,Source One Financial Services,WI, roscoe vacco,1,1,IA222,Silver
246937,mlomedico,15735,144,Conditional Approval,Colmans Country Campers - IL155,,IL,Hartford,2026-08-05,2026-08-05,,2026,RV,New,,24.38,5.13,gcoulombe,,4,10.24,2500,2500,false,,,11.74,Core,Core,1.25,0,,0,12623,692,Source One Financial Services,IL, david sanders,1,1,IL155,Core
247125,jharrington1,20284.11,180,Decline,RV LEADERS - PA108,,PA,ADAMSBURG,2026-08-05,,,2021,RV,Used,,6.87,1.93,jharrington1,,18,8.49,0,0,false,,,9.99,Core,Core,1.01,0,,0,20000,787,Source One Financial Services,PA, patty atkinson,0,0,PA108,Core
247055,sbaker,27100.22,144,Decline,Rocky Ridge RV - Nacogdoches - TX525,Rocky Ridge,TX,Nacogdoches,2026-08-05,,,2024,RV,Used,,7.05,2.98,gott,,11,10.24,2800,2800,false,,,11.99,Core,Core,0.71,0,,0,38150,682,Source One Financial Services,TX, kolten archuleta,0,0,TX525,Core
247040,ahunt,82332.75,180,Booked,Action Water Sports Texas-ETX125,EPIC,TX,Lewisville,2026-08-05,2026-08-07,2026-08-07,2018,Boat,Used,,48.95,9.09,S1House,3119,2817,10.74,0,0,false,302,0,12.24,Core,Core,0.74,4939.97,6,0,111100,724,Source One Financial Services,TX, sierra whitmire,1,0,ETX125,Core
247118,,41876.19,204,Auto Decline,Boaters World - Lake Placid - FL349,,FL,Lake Placid,2026-08-05,,,2026,Boat,New,,50.07,8.79,wstoutimore,,0,12.49,0,0,false,,,13.49,Silver 1,Silver 1,1.2,0,,0,34842,671,Source One Financial Services,FL,,0,0,FL349,Silver
247078,ccampos,31886.44,180,Auto Approval,Prestige RV Center - Shawnee - OK128,,OK,Shawnee,2026-08-05,2026-08-05,,2025,RV,New,,28.47,2.81,jweller,,37,8.74,3200,3200,false,,,10.24,Core,Core,0.8,0,,0,40001,780,Source One Financial Services,OK, prestige finance,1,1,OK128,Core
247153,pmeza,26232.72,144,Conditional Approval,Top Notch RV LLC - NC149,,NC,Benson,2026-08-05,2026-08-06,,2025,RV,Used,,32.11,5.26,jsmith,,933,11.74,3000,3000,false,,,11.74,Silver 1,Not Applicable,0.91,0,,0,28900,672,Connexus Credit Union,NC, david hall,1,1,NC149,Not Applicable
246961,sbaker,57280.12,240,Decline,Campers Unlimited - Oxford - AL155,,AL,Oxford,2026-08-05,,,2026,RV,New,613,15.47,1.23,jsmith,,16,7.99,5000,5235.46,false,,,9.49,Core,Core,0.99,0,,0,58018,781,Source One Financial Services,GA, tommy perkins,0,0,AL155,Core
247097,sbaker,38853.13,180,Auto Decline,RV Station LTD - Nacogdoches -TX367,,TX,NACOGDOCHES,2026-08-05,,,2026,RV,New,,54.3,18.53,gott,,19,22.99,4000,4000,false,,,23.99,Silver 1,Silver 1,0.92,0,,0,42298,648,Source One Financial Services,TX, ryan reynolds,0,0,TX367,Silver
247002,sbaker,24467.13,180,Decline,ZOOMERS RV OF ILLINOIS - IL255,,IL,INA,2026-08-05,2026-08-06,,2022,RV,Used,,50.61,6.17,gcoulombe,,1532,10.49,2600,2600,false,,,11.99,Core,Core,0.91,0,,0,26950,706,Source One Financial Services,MO, austin sluder,0,0,IL255,Core
247004,avera,13832.55,120,Conditional Approval,Pete's RV Center - Chesapeake - VA113,Pete's RV,VA,Chesapeake,2026-08-05,2026-08-05,,2020,RV,Used,,26.48,5.03,jsmith,,13,10.74,2500,2500,false,,,12.24,Core,Core,1.16,0,,0,11900,691,Source One Financial Services,VA, jason loper,1,1,VA113,Core
247099,,13709,120,Auto Decline,Buffalo Trail Recreation - MI466,,MI,Midland,2026-08-05,,,2021,RV,Used,,26.75,8.47,dzilberchtein,,0,22.99,1500,1500,false,,,23.99,Bronze,Bronze,1.02,0,,0,13500,540,Source One Financial Services,MI,,0,0,MI466,Business First
246898,avera,34579.3,180,Decline,RCD RV - Medina - OH206,,OH,medina,2026-08-05,,,2023,RV,Used,,30.19,2.82,jharrington1,,22,14.49,3520,3520,false,,,15.49,Silver 1,Silver 1,0.92,0,,0,37550,648,Source One Financial Services,OH, amber hastings,0,0,OH206,Silver
247085,jharrington1,22115.07,180,Auto Approval,Buckeye RV LLC -OH225,,OH,Jefferson,2026-08-05,2026-08-05,,2018,RV,Used,727,10.28,4.42,jharrington1,,21,11.24,3000,3000,false,,,12.74,Core,Core,0.83,0,,0,26750,695,Source One Financial Services,OH, ryan zimbric,1,1,OH225,Core
247079,hhisek,24827.77,180,Decline,BISH'S RV OF OMAHA - NE100,Bish's RV,NE,BELLEVUE,2026-08-05,,,2020,RV,Used,,39.32,3.89,dzilberchtein,,21,14.49,2500,2500,false,,,15.49,Silver 1,Silver 1,1.16,0,,0,21350,644,Source One Financial Services,NE, stormy pitts,0,0,NE100,Silver
247082,rsimmons,14048.86,144,Auto Approval,General RV Center - Longmont - CO156,General RV,CO,Longmont,2026-08-05,2026-08-05,,2027,RV,New,674,42.76,1.19,dzilberchtein,,248,10.24,500,1500,false,,,11.74,Core,Core,0.89,0,,0,15768,699,Source One Financial Services,CO, jason jones,1,1,CO156,Core
247086,mlomedico,40605,180,Decline,BLUE COMPASS RV - MESA - AZ245,Blue Compass,AZ,MESA,2026-08-05,,,2026,RV,New,,58.32,12.88,edominguez,,15,10.24,5000,5000,false,,,11.74,Core,Core,0.82,0,,0,49291,698,Source One Financial Services,NM, tara price,0,0,AZ245,Core
247090,,12724,144,Auto Decline,Campers Inn Kings Mountain -NC108,Campers Inn,NC,Kings Mountain,2026-08-05,,,2021,RV,Used,,25.74,4.14,jsmith,,0,15.74,2500,2500,false,,,16.74,Silver 2,Silver 2,0.99,0,,0,12850,635,Source One Financial Services,SC,,0,0,NC108,Silver
246978,pmeza,64522.4,180,Decline,Wolds RV Sales LLC -MN121,,MN,Detroit Lakes,2026-08-05,,,2027,RV,New,711,31.36,7.65,dzilberchtein,,37,9.99,500,4100,false,,,11.49,Core,Core,1.07,0,,0,60579,718,Source One Financial Services,ND, mike einarson,0,0,MN121,Core
247143,thovey,46345.36,180,Decline,Blue Compass RV - Seguin - TX573,Blue Compass,TX,Sequin,2026-08-05,,,2027,RV,New,690,69.38,5.18,gott,,36,9.99,3000,3000,false,,,11.49,Core,Core,0.97,0,,0,47621.75,704,Source One Financial Services,TX, gus ponce,0,0,TX573,Core
247100,hhisek,27206.11,144,Decline,Gil Cherry Family RV Center LLC -TX130,,TX,Sweetwater,2026-08-05,,,2025,RV,New,,9.64,2.92,gott,,16,9.99,4000,4000,false,,,11.49,Core,Core,0.85,0,,0,31863,719,Source One Financial Services,TX, zach burwick,0,0,TX130,Core
246922,rsimmons,121919,240,Approved,Woodland Airstream - MI458,,MI,Grand Rapids,2026-08-05,2026-08-05,,2026,RV,New,706,31.2,5.79,dzilberchtein,,19,7.24,12000,21185,false,,,8.74,Core,Core,0.99,0,,0,122986,803,Source One Financial Services,IN,,1,1,MI458,Core
246912,sbaker,34026.72,180,Decline,PERFORMANCE EAST - NC113,,NC,GOLDSBORO,2026-08-05,,,2026,Boat,New,590,44.77,5.68,jsmith,,5,9.49,3800,3800,false,,,10.99,Core,Core,1.07,0,,0,31906.95,748,Source One Financial Services,NC, dalton pearce,0,0,NC113,Core
246998,hhisek,125162.71,180,Pending,FUN TOWN RV OK LLC - OK121,Fun Town,OK,OKLAHOMA CITY,2026-08-05,,,2026,RV,New,,38.69,8.02,jweller,,35,9.74,10000,13270.62,false,,,11.24,Core,Core,1.18,0,,0,106169.3,731,Source One Financial Services,OK, calvin mullins,0,0,OK121,Core
247103,hhisek,149817.09,216,Auto Approval,NewCoast - Boatzon - FL356,Marine Max,FL,Oldsmar,2026-08-05,2026-08-11,,2014,RV,Used,,32.16,13.29,S1House,,8330,10.24,136500,136500,false,,,11.74,Core,Core,0.43,0,,0,347000,767,Source One Financial Services,WA, julia nickolson,1,1,FL356,Core
246929,sbaker,80590,180,Conditional Approval,SYLACAUGA MARINE AND ATV INC - AL101,,AL,SYLACAUGA,2026-08-05,2026-08-05,,2027,Boat,New,687,18.42,5.49,jsmith,,148,7.24,9000,9000,false,,,8.49,Core,Not Applicable,1.07,0,,0,75000,822,Connexus Credit Union,AL, robb peoples,1,1,AL101,Not Applicable
247128,mlomedico,113420.98,240,Decline,Blue Compass RV - Austin - TX522,Blue Compass,TX,Buda,2026-08-05,,,2026,RV,New,634,70.81,7.64,gott,,70,12.49,8000,8000,false,,,13.49,Silver 1,Silver 1,1.06,0,,0,107004,663,Source One Financial Services,TX, nicolas paez,0,0,TX522,Silver
247098,,21299,180,Auto Decline,Klines Auto World Inc -MI223,,MI,Warren,2026-08-05,,,2027,RV,New,,9.56,3.78,dzilberchtein,,0,14.99,5000,5000,false,,,15.99,Silver 2,Silver 2,0.84,0,,0,25265,633,Source One Financial Services,MI,,0,0,MI223,Silver
246977,ccampos,62199,240,Decline,"Vantage Recreational Finance, Inc. -FL291",VRF,FL,FORT LAUDERDALE,2026-08-05,,,2025,RV,Used,,38.48,7.38,S1House,,33,13.74,15000,15000,false,,,14.74,Silver 1,Silver 1,0.67,0,,0,93350,652,Source One Financial Services,AL, emily stratton,0,0,FL291,Silver
246997,jharrington1,63497.64,240,Booked,BOAT MASTERS MARINE - OH171,,OH,AKRON,2026-08-05,2026-08-11,2026-08-11,2026,Boat,New,717,41.95,5.03,jharrington1,8772,8452,9.24,9000,14075.1,false,320,0,10.74,Core,Core,1.06,3809.86,6,0,60103.48,722,Source One Financial Services,WV, lexi armstrong,1,0,OH171,Core
246886,jharrington1,27243.7,180,Decline,All American Coach Co -OH102,,OH,SYLVANIA,2026-08-05,,,2020,RV,Used,,30.63,4.69,jharrington1,,132,10.49,3000,3000,false,,,11.99,Core,Core,0.98,0,,0,27750,716,Source One Financial Services,MI, william dickerson,0,0,OH102,Core
247027,,13240.94,144,Auto Decline,"EPIC FINANCE, LLC. - 17401748",EPIC,NC,WILMINGTON,2026-08-05,,,2016,RV,Used,,8.03,1.83,S1House,,0,16.24,2500,2500,false,,,17.24,Silver 2,Silver 2,0.61,0,,0,21600,638,Source One Financial Services,TX,,0,0,17401748,Silver
247058,avera,249567,240,Decline,NewCoast - Boatzon - FL356,Marine Max,FL,Oldsmar,2026-08-05,,,2021,Boat,Used,,17.68,4.44,S1House,,980,8.49,65000,65000,false,,,9.99,Core,Core,0.95,0,,0,262500,791,Source One Financial Services,GA, ian woodward,0,0,FL356,Core
246926,pmeza,12851.4,120,Booked,"Campers Inn RV of South Louisville, Inc. - KY147",Campers Inn,KY,Lebanon Junction,2026-08-05,2026-08-11,2026-08-11,2025,RV,New,,19.13,3.26,jharrington1,8832,8676,13.74,0,6250,false,156,0,14.74,Silver 1,Silver 1,0.64,514.06,4,0,20075,652,Source One Financial Services,KY, david williams,1,0,KY147,Silver
246988,rsimmons,34837.75,180,Decline,Blue Compass RV - South Beumont - TX551,Blue Compass,TX,Vidor,2026-08-05,,,2023,RV,Used,,22.49,7.18,gott,,1478,14.49,3900,3900,false,,,15.49,Silver 1,Silver 1,0.81,0,,0,43200,653,Source One Financial Services,TX, leah sligar,0,0,TX551,Silver
247064,edominguez,30975.16,180,Auto Approval,HAVA STYLE RECREATION - AZ304,,AZ,LAKE HAVASU CITY,2026-08-05,2026-08-06,,2025,RV,New,,19.88,3.77,edominguez,,1668,7.24,6500,6500,false,,,8.24,Core,Not Applicable,0.82,0,,0,37666,744,Connexus Credit Union,AZ, jaimie paterson,1,1,AZ304,Not Applicable
247013,,13617,120,Auto Decline,Blue Compass RV - Ogden - UT135,Blue Compass,UT,Marriott-Slaterville,2026-08-05,,,2020,RV,Used,,41.61,4.15,ljablonoski,,0,22.99,1500,1500,false,,,23.99,Bronze,Bronze,1.18,0,,0,11495,603,Source One Financial Services,UT,,0,0,UT135,Business First
246940,pmeza,5071,72,Auto Approval,Four Corners RV - CO151,,CO,IGNACIO,2026-08-05,2026-08-06,,2017,RV,Used,,32.59,1.4,dzilberchtein,,1299,13.85,3204,3204,false,,,14.1,Core,Not Applicable,0.86,0,,0,5900,700,Ideal Credit Union,CO, elizabeth napier,1,1,CO151,Not Applicable
247089,hhisek,66735,240,Conditional Approval,Premier Yamaha Boating Center/Aransas -TX209,,TX,Aransas,2026-08-05,2026-08-05,,2022,Boat,New,,29.18,4.62,gott,,7,7.99,3265,3265,false,,,9.49,Core,Core,0.99,0,,0,67500,830,Source One Financial Services,TX, mauri haygood,1,1,TX209,Core
246971,sdelarosa,78609.54,240,Decline,Pete's RV Center - Maine - ME115,Pete's RV,ME,Saco,2026-08-05,,,2026,RV,New,661,48.52,3.62,gcoulombe,,26,8.24,8900,8652,false,,,9.74,Core,Core,1.07,0,,0,73258,774,Source One Financial Services,PA, chris lasonde,0,0,ME115,Core
247109,thovey,56794,180,Auto Approval,Bob Hurley RV OKCity - OK139,,OK,Oklahoma City,2026-08-05,2026-08-05,,2021,RV,Used,,32.55,4.56,jweller,,59,10.49,10000,17000,false,,,11.99,Core,Core,0.83,0,,0,68450,709,Source One Financial Services,OK, michael day,1,1,OK139,Core
246968,rsimmons,14233.13,144,Decline,American Truck and RV -TX337,,TX,SAN ANGELO,2026-08-05,,,2017,RV,Used,,13.48,1.68,gott,,1306,10.49,1500,1500,false,,,11.99,Core,Core,1.01,0,,0,14135,748,Source One Financial Services,TX, hector martinez,0,0,TX337,Core
246902,ccampos,80199,180,Decline,"Vantage Recreational Finance, Inc. -FL291",VRF,FL,FORT LAUDERDALE,2026-08-05,,,2011,RV,Used,,61.75,10.73,S1House,,11,11.49,8000,8000,false,,,12.99,Core,Core,0.91,0,,0,87835,718,Source One Financial Services,CA, james pearson,0,0,FL291,Core
247065,jharrington1,25021.16,240,Decline,RV Dynasty - IN177,,IN,Bunker Hill,2026-08-05,,,2026,RV,New,648,57.73,5.06,jharrington1,,1167,12.49,30000,30000,false,,,13.49,Silver 1,Silver 1,0.42,0,,0,59727,661,Source One Financial Services,OH, jeff gunnell,0,0,IN177,Silver
247012,mlomedico,73416.45,240,Decline,Family Boating & Marine Centers of FL - EFL123,EPIC,FL,Tampa,2026-08-05,,,2027,Boat,New,,22.3,3.18,S1House,,7073,7.49,0,0,false,,,8.99,Core,Core,1.46,0,,0,50291,853,Source One Financial Services,FL, donavon evenson,0,0,EFL123,Core
247094,,28083.38,144,Auto Decline,PPL Motorhomes - Decatur -  TX583,,TX,Decatur,2026-08-05,,,2016,RV,Used,,30.94,4.4,gott,,0,22.99,10000,10000,false,,,23.99,Bronze,Bronze,0.57,0,,0,49455,591,Source One Financial Services,TX,,0,0,TX583,Business First
247095,sbaker,26359.98,180,Decline,Blue Compass RV - Nashville - TN158,Blue Compass,TN,Lebanon,2026-08-05,,,2026,RV,New,,30.25,5.91,jsmith,,31,10.24,1600,2600,false,,,11.74,Core,Core,0.88,0,,0,30059,681,Source One Financial Services,TN, karrie haynes,0,0,TN158,Core
247120,jharrington1,163672,240,Decline,Fretz RV -PA126,,PA,Souderton,2026-08-05,,,2025,RV,New,711,36.6,7.58,jharrington1,,73,7.49,15000,15000,false,,,8.99,Core,Not Applicable,0.91,0,,0,179000,841,Connexus Credit Union,NY, tony eidle,0,0,PA126,Not Applicable
246906,lgrace,75707.16,240,Approved,General RV Center - Salisbury - NC137,General RV,NC,Salisbury,2026-08-05,2026-08-05,,2026,RV,New,739,49.93,6.3,jsmith,,19,9.24,5000,8457,false,,,10.74,Core,Core,1.21,0,,0,62748,725,Source One Financial Services,NC, tim mccorkle,1,1,NC137,Core
247157,,15166.75,180,Auto Decline,Campers Inn - Phoenix  - AZ328,Campers Inn,AZ,PHOENIX,2026-08-05,,,2026,RV,New,,30.07,2.1,edominguez,,0,22.99,2000,2000,false,,,23.99,Bronze,Bronze,0.66,0,,0,22890.81,584,Source One Financial Services,AZ,,0,0,AZ328,Business First
247129,pmeza,60197.15,180,Approved,Demontrond Automotive Group-TX397,,TX,Houston,2026-08-05,2026-08-05,,2025,RV,New,,38.9,4.45,gott,,98,9.74,6200,6200,false,,,10.49,Core,Core,0.81,0,,0,73945,771,Source One Financial Services,TX, tegan summer,1,1,TX397,Core
246959,mlomedico,76631,180,Decline,Intercoastal Financial Group LLC - 17401746,IFG,FL,Vero Beach,2026-08-05,,,2016,RV,Used,,42.32,11.21,S1House,,35,13.74,10000,10000,false,,,14.74,Silver 1,Silver 1,0.87,0,,0,87994,679,Source One Financial Services,SC, joe burton,0,0,17401746,Silver
246894,lgrace,101192.28,180,Approved,Driftwood RV Center inc-NJ106,,NJ,Clermont,2026-08-05,2026-08-05,,2027,RV,New,,44.35,9.62,gcoulombe,,9,9.74,20000,20000,false,,,10.49,Core,Core,1.07,0,,0,94651,765,Source One Financial Services,PA, craig miller,1,1,NJ106,Core
247137,jrubi,31148.44,144,Conditional Approval,Rancho Santa Margarita RV - SCA174,,CA,Rancho Santa Margarita,2026-08-05,2026-08-05,,2019,RV,Used,,26.28,14.18,jrubi,,41,12.74,13800,13800,false,,,12.74,Silver 1,Not Applicable,1,0,,0,31208,675,Connexus Credit Union,CA,,1,1,SCA174,Not Applicable
247147,jrubi,21508,204,Auto Approval,St Louis RV - MO155,,MO,O'Fallon,2026-08-05,2026-08-05,,2025,RV,Used,,39.79,3.42,jweller,,14,7.99,0,0,false,,,9.49,Core,Core,0.94,0,,0,22800,798,Source One Financial Services,MO, jason miller,1,1,MO155,Core
246932,mlomedico,38974.76,180,Decline,Campers Inn Louisville -IN138,Campers Inn,IN,Clarksville,2026-08-05,,,2027,RV,New,,34.72,5.56,jharrington1,,11,10.24,6000,6000,false,,,11.74,Core,Core,1.06,0,,0,36694,692,Source One Financial Services,KY, mark unger,0,0,IN138,Core
247015,hhisek,89280.43,240,Approved,Freedom RV LLC - TX490,Canopy Financial,TX,Dodd City,2026-08-05,2026-08-05,,2027,RV,New,643,11.17,3.26,gott,,21,9.74,15000,30830.37,false,,,11.24,Core,Core,1.23,0,,0,72372,739,Source One Financial Services,TX, matt kurtz,1,1,TX490,Core
246930,hhisek,61577.68,180,Decline,Jacksonville Marine Inc - FL103,,FL,Fleming Island,2026-08-05,,,2026,Boat,New,,26.46,14.28,pcarter,,7,13.74,6300,6300,false,,,14.74,Silver 1,Silver 1,1.13,0,,0,54343,658,Source One Financial Services,FL, bob heyer,0,0,FL103,Silver
247031,hhisek,60590,180,Decline,SYLACAUGA MARINE AND ATV INC - AL101,,AL,SYLACAUGA,2026-08-05,,,2026,Boat,New,615,37.55,6.74,jsmith,,144,13.74,7000,7000,false,,,14.74,Silver 1,Not Applicable,1.14,0,,0,53000,650,Connexus Credit Union,AL, robb peoples,0,0,AL101,Not Applicable
246965,sbaker,248589.02,240,Decline,Ultimate Marine - EFL121,EPIC,FL,Orlando,2026-08-05,,,2027,Boat,New,,36.59,11.37,S1House,,52,8.99,27000,27000,false,,,10.49,Core,Core,1.16,0,,0,214858,748,Source One Financial Services,FL, david bounphasaysonh,0,0,EFL121,Core
247151,,16894.42,144,Auto Decline,Fun Town Rv/Angelo RV LLC -TX247,Fun Town,TX,San Angelo,2026-08-05,,,2025,RV,Used,635,11.23,1.86,gott,,0,13.49,1000,1000,true,,,15.49,Business First,Business First,0.8,0,,0,21250,,Source One Financial Services,TX,,0,0,TX247,Business First
246939,Jhill,83962.33,240,Auto Approval,BLUE COMPASS RV - CORPUS CHRISTI - TX459,Blue Compass,TX,CORPUS CHRISTI,2026-08-05,2026-08-05,,2026,RV,New,,19.81,9.3,gott,,25,7.24,0,10000,false,,,8.74,Core,Core,0.78,0,,0,107015,835,Source One Financial Services,TX, elisa escamilla,1,1,TX459,Core
246885,avera,53183,240,Conditional Approval,Charlie Obaugh RV & Outdoors- VA116,,VA,Staunton,2026-08-05,2026-08-05,,2023,RV,Used,,12.43,3.93,jsmith,,65,10.24,5800,5800,false,,,11.74,Core,Not Applicable,1,0,,0,53200,730,Connexus Credit Union,VA,,1,1,VA116,Not Applicable
247075,hhisek,116714.51,216,Conditional Approval,Blue Compass RV - San Antonio - TX572,Blue Compass,TX,San Antonio,2026-08-05,2026-08-05,,2026,RV,New,,19.3,11.54,gott,,13,7.49,1000,1000,false,,,8.99,Core,Core,1.11,0,,0,105295,838,Source One Financial Services,TX, qyn loza,1,1,TX572,Core
246921,hhisek,84666.12,240,Approved,TRIPLE H RVS - AL119,,AL,HALEYVILLE,2026-08-05,2026-08-05,,2026,RV,Used,,18.72,3.57,jsmith,,18,9.74,0,9000,false,,,11.24,Core,Core,1.03,0,,0,82100,730,Source One Financial Services,AL, jake rogers,1,1,AL119,Core
247009,,15407.14,144,Auto Decline,Cookeville RV and Marine - TN154,Easy Care,TN,Cookeville,2026-08-05,,,2018,RV,Used,,34.4,6.91,jsmith,,0,16.24,1500,1500,false,,,17.24,Silver 2,Silver 2,1.09,0,,0,14200,622,Source One Financial Services,TN,,0,0,TN154,Silver
246925,jharrington1,41339.5,204,Conditional Approval,SPECIALTY OUTDOORS - OH189,,OH,LANCASTER,2026-08-05,2026-08-05,,2022,RV,Used,684,30.44,3.11,jharrington1,,33,10.74,4300,4300,false,,,12.24,Core,Core,0.74,0,,0,55600,684,Source One Financial Services,IA, russ miller,1,1,OH189,Core
246901,Jhill,18760.53,144,Booked,CAMPERS INN OF JACKSONVILLE - FL157,Campers Inn,FL,JACKSONVILLE,2026-08-05,2026-08-08,2026-08-10,2021,RV,Used,612,27.88,1.8,pcarter,7503,4630,10.74,5000,5000,false,2873,0,12.24,Core,Core,0.92,1125.63,6,0,20500,683,Source One Financial Services,FL, casey beck,1,0,FL157,Core
246883,sflynn,32012.43,180,Auto Approval,"RTR Performance Fishing, LLC - TX510",,TX,Orange,2026-08-05,2026-08-05,,2025,Boat,New,,30.2,2.96,gott,,91,9.74,0,0,false,,,11.24,Core,Core,1.15,0,,0,27729.5,731,Source One Financial Services,TX,,1,1,TX510,Core
247138,mlomedico,11673.99,120,Approved,Seguin RV Inc -TX201,,TX,Seguin,2026-08-05,2026-08-05,,2016,RV,Used,,5.51,2.96,gott,,61,10.99,2500,2500,false,,,12.49,Core,Core,0.59,0,,0,19850,711,Source One Financial Services,TX, mark hatfield,1,1,TX201,Core
247104,hhisek,16099.26,144,Booked,GARLANDS RV OF TENNESSEE - TN122,,TN,SPRINGVILLE,2026-08-05,2026-08-06,2026-08-07,2021,RV,Used,715,43.38,1.99,jsmith,2792,1347,10.24,3000,3000,false,197,1248,10.74,Core,Core,1.01,321.99,2,0,15900,734,Source One Financial Services,TN, pat hayes,1,0,TN122,Core
247043,mlomedico,41798,180,Auto Approval,"72 West Motors, LLC - MO142",Canopy Financial,MO,FREDERICKTOWN,2026-08-05,2026-08-12,,2026,RV,New,,38.11,7.19,jweller,,9967,10.24,5000,5000,false,,,11.74,Core,Core,1.05,0,,0,39635,684,Source One Financial Services,MO, mac mclelland,1,1,MO142,Core
246909,,19594.4,180,Auto Decline,Phil Dill Boats -TX104,OneWater ,TX,Lewisville,2026-08-05,,,2020,Boat,Used,,70.99,2.6,gott,,0,14.49,10000,10000,false,,,15.49,Silver 1,Silver 1,0.79,0,,0,24650,655,Source One Financial Services,TX,,0,0,TX104,Silver
246987,sbaker,25209.75,204,Auto Approval,CAMPERS RV CENTER - LA103,,LA,SHREVEPORT,2026-08-05,2026-08-13,,2026,RV,New,,41.04,2.57,gott,,11409,9.49,2100,2100,false,,,7.39,Core,Core,0.99,0,,0,25434,744,Source One Financial Services,LA, dustin pinkston,1,1,LA103,Core
246956,avera,8086.14,72,Conditional Approval,Rona RV LLC-OH221,,OH,Pataskala,2026-08-05,2026-08-05,,2017,RV,Used,,40.41,2.63,jharrington1,,21,11.24,2000,2000,false,,,11.74,Core,Core,1.05,0,,0,7700,756,Source One Financial Services,OH, jason brigner,1,1,OH221,Core
247145,mlomedico,74524.39,180,Conditional Approval,RCD Sales Co. LTD -OH127,,OH,Pataskala,2026-08-05,2026-08-05,,2017,RV,Used,,13.69,4.43,jharrington1,,39,10.99,3600,3600,false,,,12.49,Core,Core,0.82,0,,0,91273,717,Source One Financial Services,OH, kevin seitz,1,1,OH127,Core
247017,rsimmons,27636.52,180,Decline,San Antonio Rvs -TX265,,TX,Seguin,2026-08-05,,,2023,RV,Used,,35.34,4.16,gott,,19,13.24,2800,2800,false,,,14.24,Silver 1,Silver 1,0.61,0,,0,45320,666,Source One Financial Services,TX, cody flores,0,0,TX265,Silver
246994,mlomedico,42945.2,180,Booked,All Stars RV - ECO103,EPIC,CO,Littleton,2026-08-05,2026-08-05,2026-08-08,2019,RV,Used,,39,3.21,S1House,4330,230,10.99,2000,2000,false,1521,2579,12.49,Core,Core,0.97,2576.71,6,0,44194,715,Source One Financial Services,CO, david bounphasaysonh,1,0,ECO103,Core
246962,,72556,240,Auto Decline,BEAUMONT RV - SCA108,,CA,BEAUMONT,2026-08-05,,,2026,RV,New,618,35.58,10.53,jrubi,,0,22.99,8000,8000,false,,,23.99,Bronze,Bronze,0.91,0,,0,79941,503,Source One Financial Services,CA,,0,0,SCA108,Business First
246890,sbaker,101193.35,180,Auto Approval,Driftwood RV Center inc-NJ106,,NJ,Clermont,2026-08-05,2026-08-05,,2027,RV,New,849,26.36,5.83,gcoulombe,,38,8.49,20000,20000,false,,,9.24,Core,Core,1.05,0,,0,96751,864,Source One Financial Services,PA, craig miller,1,1,NJ106,Core
246954,mlomedico,48250.56,180,Decline,Bailey Toliver RV and Truck Country LLC -TX369,,TX,STANTON,2026-08-05,,,2026,RV,New,,16.1,4.35,gott,,25,9.99,5000,5000,false,,,11.49,Core,Core,0.99,0,,0,48637,711,Source One Financial Services,TX, jim barben,0,0,TX369,Core
247111,ccampos,19927,144,Auto Approval,CAMPERS INN OF JACKSONVILLE - FL157,Campers Inn,FL,JACKSONVILLE,2026-08-05,2026-08-10,,2022,RV,Used,,15.92,1.75,pcarter,,7147,7.99,0,0,false,,,9.49,Core,Core,1.11,0,,0,17900,829,Source One Financial Services,FL, casey beck,1,1,FL157,Core
247060,,68070,180,Auto Decline,"McKee Auto Center, Inc. - IA163",,IA,Perry,2026-08-05,,,2024,RV,Used,,26.48,11.3,gcoulombe,,0,9.74,5000,5000,false,,,11.24,Core,Core,1.1,0,,0,61919,727,Source One Financial Services,IA,,0,0,IA163,Core
246899,lgrace,67680,240,Approved,Blue Compass RV - Charleston - SC138,Blue Compass,SC,Ladson,2026-08-05,2026-08-05,,2027,RV,New,,37.3,8.66,jsmith,,20,9.49,7600,7600,false,,,10.99,Core,Core,0.95,0,,0,70934,703,Source One Financial Services,SC, rebecca justus,1,1,SC138,Core
247026,,15850.32,180,Auto Decline,Petes RV Center - Schererville - IN114,Pete's RV,IN,Schererville,2026-08-05,,,2018,RV,Used,,67.78,5.71,jharrington1,,0,14.99,500,2500,false,,,15.99,Silver 1,Silver 1,1,0,,0,15802,643,Source One Financial Services,IL,,0,0,IN114,Silver
247093,hhisek,68717.17,180,Conditional Approval,Budget RVs of Texas -TX109,,TX,Royse City,2026-08-05,2026-08-05,,2021,RV,Used,880,12.06,3.07,gott,,86,7.99,7000,7000,false,,,9.24,Core,Not Applicable,0.93,0,,0,74085,819,Connexus Credit Union,TX, benny nordin,1,1,TX109,Not Applicable
247131,thovey,38812,180,Auto Approval,I-15 RV - SCA114,,CA,HESPERIA,2026-08-05,2026-08-05,,2026,RV,New,,36.52,2.19,jrubi,,48,9.99,4000,4000,false,,,11.49,Core,Core,1,0,,0,38819,712,Source One Financial Services,CA,,1,1,SCA114,Core
247126,ccampos,15778.37,180,Conditional Approval,Campers Inn RV of Knoxville E - TN160,Campers Inn,TN,Knoxville,2026-08-05,2026-08-05,,2016,RV,Used,,21.84,1.3,jsmith,,88,9.74,6200,6200,false,,,11.24,Core,Core,1.17,0,,0,13500,766,Source One Financial Services,NH, radu puraci,1,1,TN160,Core
246948,mlomedico,34384,180,Conditional Approval,Lake Country RV Inc - EAR105,EPIC,AR,Rogers,2026-08-05,2026-08-05,,2020,RV,Used,661,44.43,2.44,S1House,,23,9.99,15300,4295,false,,,11.49,Core,Core,1.19,0,,0,28900,751,Source One Financial Services,AR, brett light,1,1,EAR105,Core
247066,mlomedico,13117.09,120,Decline,BISH'S RV OF BOZEMAN - MT103,Bish's RV,MT,BOZEMAN,2026-08-05,,,2022,RV,Used,,26.57,3.6,dzilberchtein,,241,9.24,0,2000,false,,,10.74,Core,Core,0.7,0,,0,18845,774,Source One Financial Services,MT, austin schug,0,0,MT103,Core
247081,ccampos,55288.9,240,Auto Approval,Airstream of Tampa - FL334,Blue Compass,FL,Dover,2026-08-05,2026-08-07,,2017,RV,Used,,25.6,4.88,wstoutimore,,2512,9.99,6000,6000,false,,,11.49,Core,Core,0.5,0,,0,110750,794,Source One Financial Services,LA, samantha mulvihill,1,1,FL334,Core
247110,mlomedico,95616.18,144,Auto Approval,Beckley's Camping Center - MD111,,MD,Thurmont,2026-08-05,2026-08-07,,2012,RV,Used,,21.53,11.19,gcoulombe,,2692,11.24,22000,22000,false,,,12.74,Core,Core,0.67,0,,0,141750,728,Source One Financial Services,MD, bill woodcock,1,1,MD111,Core
247051,hhisek,43778.96,180,Conditional Approval,Colmans Country Campers - IL155,,IL,Hartford,2026-08-05,2026-08-05,,2027,RV,New,,30.96,4.54,gcoulombe,,31,9.99,4700,6700,false,,,11.49,Core,Core,1.25,0,,0,35025,706,Source One Financial Services,MO, david sanders,1,1,IL155,Core
246904,avera,62169.34,180,Approved,BLUE COMPASS RV VERMONT-VT101,Blue Compass,VT,MONTPELIER,2026-08-05,2026-08-05,,2026,RV,New,,17.43,1.81,gcoulombe,,56,7.49,7000,7000,false,,,8.99,Core,Core,0.93,0,,0,66761,803,Source One Financial Services,NH, jerrold tanner,1,1,VT101,Core
246950,Jhill,23764,144,Auto Approval,JEFF COUCHS CAMPERS -OH107,Jeff Couchs,OH,Trenton,2026-08-05,2026-08-05,,2025,RV,New,,22.47,1.99,jharrington1,,7,7.99,1000,1000,false,,,9.49,Core,Core,0.95,0,,0,25004,784,Source One Financial Services,WV, charles thomas,1,1,OH107,Core
246970,hhisek,76174.06,240,Decline,General RV-West Palm Beach-FL266,General RV,FL,West Palm Beach,2026-08-05,,,2026,RV,New,,9.29,2.55,pcarter,,4,14.99,8000,8000,false,,,15.99,Silver 1,Silver 1,0.75,0,,0,101990,640,Source One Financial Services,FL, ashley mannarino,0,0,FL266,Silver
246969,,34369,144,Auto Decline,JOHNNY'S RV SUPERSTORE LLC - AL124,,AL,THEODORE,2026-08-05,,,2025,RV,New,,41.34,7.55,jsmith,,0,14.99,4000,4000,false,,,15.99,Silver 2,Silver 2,0.81,0,,0,42248,636,Source One Financial Services,LA,,0,0,AL124,Silver
247101,rsimmons,126457.36,240,Decline,NXTLVL Marine LLC - TX502,,TX,New Braunfels,2026-08-05,,,2021,Boat,Used,,12.93,6.62,gott,,15,8.49,40000,40000,false,,,9.99,Core,Core,1.02,0,,0,124165,795,Source One Financial Services,TX, melanie stehling,0,0,TX502,Core
247030,rsimmons,31083.99,240,Decline,Blue Compass RV - Seguin - TX573,Blue Compass,TX,Sequin,2026-08-05,,,2026,RV,New,686,66.48,2.68,gott,,19,9.49,0,0,false,,,10.99,Core,Core,0.92,0,,0,33893.25,748,Source One Financial Services,TX, gus ponce,0,0,TX573,Core
246992,hhisek,32707.18,144,Booked,Gil Cherry Family RV Center LLC -TX130,,TX,Sweetwater,2026-08-05,2026-08-06,2026-08-07,2025,RV,New,,10.49,4.63,gott,3077,1480,10.24,3000,3000,false,1488,109,11.74,Core,Core,1.04,1962.43,6,0,31343,698,Source One Financial Services,TX, zach burwick,1,0,TX130,Core
246889,lgrace,17319.84,144,Booked,Ashley Marine - Panama City -  FL255,,FL,Panama City,2026-08-05,2026-08-13,2026-08-13,2018,Boat,Used,,36.49,2.87,wstoutimore,11856,11787,9.74,0,0,false,68,1,10.74,Core,Core,1.03,692.79,4,0,16780,763,Source One Financial Services,FL, amy silas,1,0,FL255,Core
247042,sdelarosa,20119,180,Auto Approval,BUDS RV WORLD - KY101,,KY,Madisonville,2026-08-05,2026-08-07,,2022,RV,Used,632,37.99,1.9,jharrington1,,2801,9.24,1000,1000,false,,,10.74,Core,Core,0.91,0,,0,22050,776,Source One Financial Services,IA, tom kimmel,1,1,KY101,Core
247008,hhisek,204769,240,Decline,Intercoastal Financial Group LLC - 17401746,IFG,FL,Vero Beach,2026-08-05,,,2018,Boat,Used,,30.96,12.1,S1House,,4,13.74,50000,50000,false,,,14.74,Silver 1,Silver 1,0.87,0,,0,235001,665,Source One Financial Services,VA, hunter miller,0,0,17401746,Silver
246945,hhisek,59620.3,180,Decline,Blue Compass RV - South Beumont - TX551,Blue Compass,TX,Vidor,2026-08-05,,,2027,RV,New,,24.31,10.74,gott,,41,22.99,10000,10000,false,,,23.99,Not Applicable,Not Applicable,1.07,0,,0,55795,739,Connexus Credit Union,LA, leah sligar,0,0,TX551,Not Applicable
246914,mlomedico,17123.27,144,Booked,Dalton RV LLC-AR132,Warrior Performance,AR,Morrilton,2026-08-05,2026-08-08,2026-08-08,2026,RV,New,,19.82,1.97,jweller,4500,4428,7.49,0,0,false,60,12,8.99,Core,Core,1.04,1027.4,6,0,16476,850,Source One Financial Services,AR, jimmy orapello,1,0,AR132,Core
246985,ccampos,54661.5,240,Decline,SR1 Companies-Manchester-ME109,,ME,Manchester,2026-08-05,,,2026,RV,New,,62.92,8.76,gcoulombe,,34,7.99,0,25,false,,,9.49,Core,Core,0.98,0,,0,56015,791,Source One Financial Services,NH, des best,0,0,ME109,Core
247156,pmeza,21916.93,180,Decline,Blue Compass RV - Katy - TX571,Blue Compass,TX,Katy,2026-08-05,,,2027,RV,New,,39.38,5.2,gott,,29,12.49,5000,5000,false,,,13.49,Silver 1,Silver 1,0.83,0,,0,26436.75,674,Source One Financial Services,TX, adam barragan,0,0,TX571,Silver
246958,pmeza,28615.43,204,Auto Approval,Cowtown USA -MO111,,MO,Cuba,2026-08-05,2026-08-05,,2025,Boat,Used,,6.72,0.45,jweller,,33,9.74,0,10995,false,,,11.24,Core,Core,0.71,0,,0,40568,723,Source One Financial Services,MO, scott land,1,1,MO111,Core
246905,,39567.35,180,Auto Decline,La Mesa RV Center - Ft. Myers - FL317,La Mesa,FL,Ft. Myers,2026-08-05,,,2026,RV,New,,8.02,1.06,wstoutimore,,0,22.99,8000,8000,false,,,23.99,Bronze,Bronze,0.84,0,,0,46826,577,Source One Financial Services,FL,,0,0,FL317,Business First
246979,pmeza,62789.57,180,Decline,MCLAUGHLINS RV and MARINE -ND112,,ND,FARGO,2026-08-05,,,2026,Boat,New,,14.58,8.19,dzilberchtein,,61,12.49,5000,5000,false,,,13.49,Silver 1,Not Applicable,1.16,0,,0,54075,664,Connexus Credit Union,NY, nate thompson,0,0,ND112,Not Applicable
246938,hhisek,17433.38,144,Conditional Approval,Crestview RV 2 - Buda -TX180,Campers Inn,TX,Buda,2026-08-05,2026-08-05,,2021,RV,Used,,16.53,3.1,gott,,5,10.74,1000,1000,false,,,12.24,Core,Core,1.13,0,,0,15400,686,Source One Financial Services,TX, luckett lowry,1,1,TX180,Core
247019,mlomedico,35137.08,180,Decline,Southern Mud Sports of the Midwest - IA225,,IA,Blue Grass,2026-08-05,,,2027,Boat,New,,46.94,3.95,gcoulombe,,38,10.24,3477,3477,false,,,11.74,Core,Core,1.3,0,,0,27099.37,693,Source One Financial Services,CA, jeff cantey,0,0,IA225,Core
247016,ccampos,15729,144,Conditional Approval,"Vantage Recreational Finance, Inc. -FL291",VRF,FL,FORT LAUDERDALE,2026-08-05,2026-08-05,,2026,RV,Used,,28.58,2.97,S1House,,26,10.24,1500,1500,false,,,11.74,Core,Core,0.83,0,,0,18850,685,Source One Financial Services,TN, james pearson,1,1,FL291,Core
247119,jrubi,36056.14,180,Decline,Treasure Coast Marine & RV - FL353,,FL,Stuart,2026-08-05,2026-08-06,,2018,RV,Used,,4.3,1.76,wstoutimore,,6656,7.99,0,0,false,,,8.99,Core,Not Applicable,0.59,0,,0,61422,754,Connexus Credit Union,FL,,0,0,FL353,Not Applicable
247122,,19854.57,180,Auto Decline,Blue Compass RV - Winston-Salem - NC159,Blue Compass,NC,Rural Hall,2026-08-05,,,2020,RV,Used,,34.85,9.16,jsmith,,0,22.99,0,5000,false,,,23.99,Bronze,Bronze,0.75,0,,0,26455,606,Source One Financial Services,VA,,0,0,NC159,Business First
247077,,28668.84,180,Auto Decline,ROYS RV SUPERCENTER LLC - WV101,,WV,ELKINS,2026-08-05,,,2027,RV,New,,23.71,3.53,jharrington1,,0,14.99,0,40000,false,,,15.99,Silver 2,Silver 2,0.43,0,,0,66578,633,Source One Financial Services,WV,,0,0,WV101,Silver
247114,rsimmons,151520.42,240,Auto Approval,Airstream of Austin - TX570,Blue Compass,TX,Buda,2026-08-05,2026-08-07,,2027,RV,New,679,23.87,9.09,gott,,2853,9.49,16000,18065,false,,,10.99,Core,Core,1.15,0,,0,132298,752,Source One Financial Services,TX, holly mendez,1,1,TX570,Core
246896,rsimmons,25522.39,180,Booked,Moix RV - Hot Springs Landing LLC - AR135,,AR,Hot Springs,2026-08-05,2026-08-08,2026-08-11,2018,RV,Used,,17.54,4.21,jweller,9118,4782,10.49,5500,5500,false,4336,0,11.99,Core,Core,0.7,1531.34,6,0,36350,754,Source One Financial Services,AR, brayden fisher,1,0,AR135,Core
247073,mlomedico,22582.52,180,Auto Approval,Cedar City RV  - ETN103,EPIC,TN,Lebanon,2026-08-05,2026-08-13,,2021,RV,Used,631,44.84,3.16,S1House,,11207,14.49,2300,2300,false,,,15.49,Silver 1,Silver 1,0.9,0,,0,25100,659,Source One Financial Services,TN, mia williams,1,1,ETN103,Silver
246903,avera,66160.05,204,Decline,Campers Inn - Ocala - FL158,Campers Inn,FL,Ocala,2026-08-05,,,2025,RV,New,,43.82,14.89,pcarter,,308,13.74,5000,40725,false,,,14.74,Silver 1,Silver 1,0.96,0,,0,68762,655,Source One Financial Services,FL, scott mckeever,0,0,FL158,Silver
246941,ccampos,48872.77,240,Decline,Blue Compass RV - Spartanburg - SC144,Blue Compass,SC,Duncan,2026-08-05,,,2023,RV,Used,566,7.35,3.17,jsmith,,29,14.49,5400,5400,false,,,15.49,Silver 1,Silver 1,0.57,0,,0,85525,642,Source One Financial Services,VA, john balma,0,0,SC144,Silver
247134,mlomedico,18511.33,144,Approved,Adventure Campers USA - MS116,,MS,Sherman,2026-08-05,2026-08-05,,2026,RV,New,,2.23,1.69,jsmith,,28,7.49,25000,25000,false,,,8.99,Core,Core,0.51,0,,0,36140,838,Source One Financial Services,AL, josh brown,1,1,MS116,Core
247096,mlomedico,16685.75,120,Auto Approval,NewCoast - Boatzon - FL356,Marine Max,FL,Oldsmar,2026-08-05,2026-08-13,,2011,Boat,Used,,20.43,5.01,S1House,,11505,11.49,1550,1550,false,,,12.99,Core,Core,1.1,0,,0,15145,713,Source One Financial Services,TX, john womble,1,1,FL356,Core
247141,jrubi,57937.08,240,Verifications Incomplete,Sky River RV - Paso Robles - SCA146,SkyRiver,CA,Paso Robles,2026-08-05,2026-08-13,,2021,RV,Used,852,38.11,2.68,jrubi,,11371,7.99,5200,-1300,false,,1,9.49,Core,Core,1.3,3476.22,6,0,44400,860,Source One Financial Services,CA, austin harding,1,1,SCA146,Core
247130,,92157,240,Auto Decline,Colmans Country Campers - IL155,,IL,Hartford,2026-08-05,,,2027,RV,New,587,44.74,8.6,gcoulombe,,0,14.99,0,999,false,,,15.99,Silver 2,Silver 2,1.53,0,,0,60244,623,Source One Financial Services,IL,,0,0,IL155,Silver
247059,ccampos,97158.08,240,Auto Approval,Metro Boating - LA121,,LA,Harvey,2026-08-05,2026-08-10,,2023,Boat,New,,37.8,8.27,gott,,6955,10.49,11250,11250,false,,,11.99,Core,Core,1.14,0,,0,84890,709,Source One Financial Services,TX,,1,1,LA121,Core
246923,ahunt,14348.84,120,Booked,"OUTBACK RV OF TEXAS, CO. - TX410",,TX,DENTON,2026-08-05,2026-08-06,2026-08-07,2026,RV,New,,8.42,0.85,gott,3216,1385,7.49,6000,6000,false,1816,15,8.49,Core,Core,0.87,573.95,4,0,16500,830,Source One Financial Services,LA, tiffanie dodson,1,0,TX410,Core
247028,jharrington1,19511.03,180,Decline,BUDS RV WORLD - KY101,,KY,Madisonville,2026-08-05,,,2021,RV,Used,,34.63,2.99,jharrington1,,24,13.24,2000,2000,false,,,14.24,Silver 1,Silver 1,1.12,0,,0,17350,667,Source One Financial Services,TN, tom kimmel,0,0,KY101,Silver
247041,,63440.09,240,Auto Decline,AIRPORT MARINE INC - AL102,,AL,ALABASTER,2026-08-05,,,2027,Boat,New,,31.13,16.72,jsmith,,0,22.99,0,19650,false,,,23.99,Bronze,Bronze,0.91,0,,0,69929.48,597,Source One Financial Services,AL,,0,0,AL102,Business First
247003,sbaker,29147.9,180,Decline,AMERICA GO RV - COMFORT - TX471,,TX,COMFORT,2026-08-05,,,2017,RV,Used,,28.8,7.03,gott,,2637,9.74,3000,3000,false,,,11.24,Core,Core,1.08,0,,0,27100,770,Source One Financial Services,TX, charlie flippen,0,0,TX471,Core
247154,jrubi,12263,120,Decline,BEAUMONT RV - SCA108,,CA,BEAUMONT,2026-08-05,,,2014,RV,Used,,60.8,2.06,jrubi,,7,11.74,7500,7500,false,,,13.24,Core,Core,0,0,,0,0,685,Source One Financial Services,CA,,0,0,SCA108,Core
247144,mlomedico,40117.86,180,Decline,FUN TOWN RV CORSICANA LP- TX451,Fun Town,TX,CORSICANA,2026-08-05,,,2024,RV,Used,590,15.43,2.24,gott,,30,7.49,3000,5465.03,false,,,8.99,Core,Core,1.04,0,,0,38720,863,Source One Financial Services,AR, brenden boggs,0,0,TX451,Core
246880,,9547,120,Auto Decline,Chesaco RV - Hamburg - PA142,,PA,Hamburg,2026-08-05,,,2013,RV,Used,,19.83,4.27,jharrington1,,0,22.99,1000,1000,false,,,23.99,Bronze,Bronze,0.58,0,,0,16400,590,Source One Financial Services,PA,,0,0,PA142,Business First
246990,mlomedico,32079.99,180,Auto Decline,Sonny's RV - WY104,,WY,Evansville,2026-08-05,,,2026,RV,New,,48.13,2.99,dzilberchtein,,232,12.49,1000,1000,false,,,13.49,Silver 1,Silver 1,0.93,0,,0,34669,668,Source One Financial Services,WY, caleb peters,0,0,WY104,Silver
247132,mlomedico,59220.99,240,Auto Approval,Blue Compass RV - Winston-Salem - NC159,Blue Compass,NC,Rural Hall,2026-08-05,2026-08-08,,2026,RV,New,,12.96,6.18,jsmith,,3968,13.74,2500,42500,false,,,14.74,Silver 1,Silver 1,0.61,0,,0,97330,652,Source One Financial Services,VA, craig herrmann,1,1,NC159,Silver
246920,sbaker,36925,180,Auto Approval,Rocky Ridge RV of Van Buren - AR115,Rocky Ridge,AR,Van Buren,2026-08-05,2026-08-05,,2024,RV,Used,,26.42,8.29,jweller,,19,9.99,1815,1815,false,,,11.74,Core,Core,0.7,0,,0,52950,710,Source One Financial Services,AR,,1,1,AR115,Core
247034,avera,55570.6,180,Conditional Approval,Florida Coach Trader Inc - FL331,,FL,Tampa,2026-08-05,2026-08-05,,2020,RV,Used,,20.38,2.83,wstoutimore,,139,7.74,5000,5000,false,,,8.99,Core,Not Applicable,0.73,0,,0,76332,860,Connexus Credit Union,NH,,1,1,FL331,Not Applicable
247148,thovey,68345.93,220,Conditional Approval,Keystone RV Center  - PA110,Pete's RV,PA,Greencastle,2026-08-05,2026-08-06,,2026,RV,New,,35.53,10.3,jharrington1,,957,7.99,1000,1000,false,,,9.49,Core,Core,1.1,0,,0,62234,798,Source One Financial Services,MD, jennifer vance,1,1,PA110,Core
247068,sbaker,21321.17,144,Decline,GQC Auto Sales - CA110,,CA,San Bernardino,2026-08-05,,,2018,RV,Used,,20.98,4.32,jrubi,,79,10.99,2100,2100,false,,,12.49,Core,Not Applicable,0.58,0,,0,36648,710,Connexus Credit Union,CA, fadi kazma,0,0,CA110,Not Applicable
247032,sbaker,77300.74,180,Decline,RV DEPOT OF CLEBURNE - TX461,,TX,JOSHUA,2026-08-05,,,2018,RV,Used,,37.93,5.42,gott,,28,10.99,8000,8000,false,,,12.49,Core,Core,1.2,0,,0,64354,714,Source One Financial Services,TX, mike nellis,0,0,TX461,Core
247014,ahunt,46150,180,Decline,Blue Compass RV - Spartanburg - SC144,Blue Compass,SC,Duncan,2026-08-05,,,2023,RV,Used,,43.1,12.14,jsmith,,7,10.49,5200,5200,false,,,11.99,Core,Core,0.53,0,,0,87615,706,Source One Financial Services,SC, john balma,0,0,SC144,Core
246960,,78081,240,Auto Decline,BEAUMONT RV - SCA108,,CA,BEAUMONT,2026-08-05,,,2026,RV,New,,31.14,17.62,jrubi,,0,22.99,8000,8000,false,,,23.99,Bronze,Bronze,0.98,0,,0,79941,503,Source One Financial Services,CA,,0,0,SCA108,Business First
246927,Jhill,64373.83,240,Decline,Water Workz Marine Inc. - ETN115,EPIC,TN,Cleveland,2026-08-05,,,2026,Boat,New,,28.91,5.79,S1House,,102,13.74,6600,11688.78,false,,,14.74,Silver 1,Not Applicable,1.11,0,,0,57823.23,646,Ideal Credit Union,MO, chuck smith,0,0,ETN115,Not Applicable
247108,,30433.46,180,Auto Decline,Ideal RVs INC - FL228,,FL,Lakeland,2026-08-05,,,2023,RV,Used,,36.11,0,wstoutimore,,0,22.99,4000,4000,false,,,23.99,Bronze,Bronze,1.22,0,,0,25000,601,Source One Financial Services,FL,,0,0,FL228,Business First
247023,ahunt,24691.7,180,Decline,Kaylor's Marine Service - KY156,Easy Care,KY,Richmond,2026-08-05,,,2026,Boat,New,,56.17,3.03,jharrington1,,5,10.24,0,0,false,,,11.74,Core,Core,0.85,0,,0,29200,689,Source One Financial Services,KY, bradley taylor,0,0,KY156,Core
247006,hhisek,35833.44,180,Decline,A and L RV SALES LLC -Chocowinity - NC120,,NC,CHOCWINITY,2026-08-05,,,2026,RV,New,692,57.31,4.41,jsmith,,12,13.74,500,4750,false,,,14.74,Silver 1,Silver 1,1.14,0,,0,31521,655,Source One Financial Services,VA, ryan branch,0,0,NC120,Silver
246999,rsimmons,48913.63,204,Booked,Blue Compass RV - South Beumont - TX551,Blue Compass,TX,Vidor,2026-08-05,,2026-08-07,2027,RV,New,,38.57,10.42,gott,124,,7.49,5000,5000,false,124,,8.99,Core,Core,1.48,2934.82,6,0,32948,803,Source One Financial Services,TX, leah sligar,1,0,TX551,Core
246882,lgrace,40998,180,Conditional Approval,JEFF COUCHS CAMPERS -OH107,Jeff Couchs,OH,Trenton,2026-08-05,2026-08-05,,2027,RV,New,,33.88,4.04,jharrington1,,24,12.49,4600,4600,false,,,13.49,Silver 1,Silver 1,0.87,0,,0,47387,670,Source One Financial Services,DE, derek hensley,1,1,OH107,Silver
247000,hhisek,16946.15,144,Decline,Rogers Motors TX542,,TX,Burnet,2026-08-05,,,2025,RV,New,,3.07,3.07,gott,,19,10.24,1700,1700,false,,,11.74,Core,Core,1.09,0,,0,15575,699,Source One Financial Services,TX, shawn rogers,0,0,TX542,Core
246907,hhisek,221745.68,240,Decline,Blue Compass RV - Seguin - TX573,Blue Compass,TX,Sequin,2026-08-05,,,2027,RV,New,,28.05,5.7,gott,,23,9.99,50000,55000,false,,,11.49,Core,Core,1.18,0,,0,188410,712,Source One Financial Services,TX, gus ponce,0,0,TX573,Core
246953,hhisek,74558.98,180,Decline,RV Station LTD - Donna -TX289,,TX,Donna,2026-08-05,,,2026,RV,New,,21.98,10.81,gott,,18,12.49,12000,12000,false,,,13.49,Silver 1,Silver 1,1,0,,0,74524,664,Source One Financial Services,TX, sonia leal,0,0,TX289,Silver
247123,mlomedico,28599.72,204,Decline,Boat N RV Outlet - FL329,,FL,Hudson,2026-08-05,,,2023,Boat,New,,0.88,0.82,wstoutimore,,1491,10.74,4000,14000,false,,,12.24,Core,Not Applicable,0.84,0,,0,33990,693,Connexus Credit Union,FL, david cranmore,0,0,FL329,Not Applicable
246916,pmeza,23452.5,180,Decline,Titan Auto & Rv Sales - AR117,,AR,Searcy,2026-08-05,,,2020,RV,Used,725,21.03,2.18,jweller,,24,13.24,0,0,false,,,14.24,Silver 1,Silver 1,0.9,0,,0,26125,661,Source One Financial Services,AR, toby wallace,0,0,AR117,Silver
247033,rsimmons,24630.77,180,Booked,TEX Star RV- TX535,,TX,Azle,2026-08-05,2026-08-06,2026-08-07,2020,RV,Used,,35.45,3.13,gott,2916,1720,7.99,500,500,false,180,1016,8.74,Core,Core,1.29,738.92,3,0,19100,854,Source One Financial Services,TX,,1,0,TX535,Core
246928,avera,58920.5,240,Auto Approval,"Vantage Recreational Finance, Inc. -FL291",VRF,FL,FORT LAUDERDALE,2026-08-05,2026-08-05,,2022,Boat,Used,678,30.84,3.04,S1House,,19,10.49,2800,2800,false,,,11.99,Core,Core,1.22,0,,0,48315,712,Source One Financial Services,FL, kaye cryer,1,1,FL291,Core
246931,rsimmons,58328.04,240,Decline,NXTLVL Marine LLC - TX502,,TX,New Braunfels,2026-08-05,,,2021,Boat,Used,608,18.24,3.22,gott,,54,10.49,6500,6500,false,,,11.99,Core,Core,0.83,0,,0,70655,710,Source One Financial Services,TX, melanie stehling,0,0,TX502,Core
247084,sdelarosa,82912.79,180,Conditional Approval,General RV - Fort Pierce - FL235,General RV,FL,Fort Pierce,2026-08-05,2026-08-05,,2019,RV,Used,718,21.66,9.84,pcarter,,124,8.24,11577,15000,false,,,9.24,Core,Not Applicable,0.85,0,,0,97730,734,Connexus Credit Union,FL, jim brandt,1,1,FL235,Not Applicable
247135,mlomedico,103413,240,Decline,Extreme Sport Boats - EAR106,EPIC,AR,Rogers,2026-08-05,,,2026,Boat,New,,36.44,7.26,S1House,,61,9.74,0,0,false,,,11.24,Core,Core,1.13,0,,0,91815,722,Source One Financial Services,AR, mia williams,0,0,EAR106,Core
246972,mlomedico,25292.55,180,Decline,"Vantage Recreational Finance, Inc. -FL291",VRF,FL,FORT LAUDERDALE,2026-08-05,,,2021,Boat,Used,,27.34,6.57,S1House,,26,9.24,2500,2500,false,,,10.74,Core,Core,0.9,0,,0,27975,763,Source One Financial Services,FL, brian decastro,0,0,FL291,Core
247140,,50695,240,Auto Decline,Blue Compass RV - Park City-KS117,Blue Compass,KS,Park City,2026-08-05,,,2026,RV,New,,17.74,6.44,jweller,,0,22.99,5700,5700,false,,,23.99,Bronze,Bronze,0.98,0,,0,51958.25,596,Source One Financial Services,TX,,0,0,KS117,Business First
247106,rsimmons,65038.05,240,Decline,A and L RV SALES LLC - TN129,,TN,JACKSON,2026-08-05,,,2026,RV,New,,29.74,15.47,jsmith,,16,9.99,7000,7000,false,,,11.49,Core,Core,0.78,0,,0,83616,704,Source One Financial Services,TN, jon mayberry,0,0,TN129,Core
247069,rsimmons,51960.18,240,Auto Approval,OCEAN MARINE GROUP - DAPHNE - AL120,,AL,DAPHNE,2026-08-05,2026-08-05,,2023,Boat,Used,752,20.52,2.38,jsmith,,66,9.24,8000,8000,false,,,10.74,Core,Core,1,0,,0,52010,762,Source One Financial Services,AL, roger harrison,1,1,AL120,Core
247070,jharrington1,26736.8,180,Booked,ROYS RV SUPERCENTER LLC - WV101,,WV,ELKINS,2026-08-05,2026-08-10,2026-08-10,2023,RV,New,654,20.83,2.82,jharrington1,7294,7146,11.74,2700,2700,false,148,0,13.24,Core,Core,0.8,1604.21,6,0,33350,684,Source One Financial Services,WV, aaron harlan,1,0,WV101,Core
246983,rsimmons,42701.43,144,Decline,The Ranch RV - TX469,,TX,College Station,2026-08-05,,,2026,RV,New,644,33.82,4.67,gott,,17,13.74,4290,4290,false,,,14.74,Silver 1,Silver 1,1.19,0,,0,35973,651,Source One Financial Services,TX, sharon bourgeois,0,0,TX469,Silver
247136,mlomedico,85280.15,240,Booked,Fun Town RV-Denton -TX322,Fun Town,TX,Denton,2026-08-05,2026-08-07,2026-08-08,2026,RV,New,,36.5,6.99,gott,4063,2943,9.99,7000,17096.27,false,1105,15,11.49,Core,Core,1.06,5116.81,6,0,80294,711,Source One Financial Services,LA, jacob redante,1,0,TX322,Core
246881,lgrace,80312.64,240,Auto Approval,JEFF COUCHS CAMPERS -OH107,Jeff Couchs,OH,Trenton,2026-08-05,2026-08-13,,2027,RV,New,,37.38,6.06,jharrington1,,11652,12.49,8000,8000,false,,,13.49,Silver 1,Silver 1,0.94,0,,0,85386,667,Source One Financial Services,ME, charles thomas,1,1,OH107,Silver
246934,avera,60299.38,240,Decline,SR1 RV - Loudon - NH115,,NH,Loudon,2026-08-05,,,2024,RV,Used,643,54.18,3.84,gcoulombe,,11,9.49,5000,5000,false,,,10.99,Core,Core,0.85,0,,0,70800,745,Source One Financial Services,RI, mike fraser,0,0,NH115,Core
246951,avera,19791.1,168,Decline,Blue Compass RV - North Myrtle Beach - SC137,Blue Compass,SC,North Myrtle Beach,2026-08-05,,,2023,RV,Used,,41.43,3.56,jsmith,,18,14.49,2000,2000,false,,,15.49,Silver 1,Silver 1,0.91,0,,0,21650,659,Source One Financial Services,NC, adam dix,0,0,SC137,Silver
247010,,21029.78,48,Auto Decline,"Lone Star RV Sales, INC -TX206",,TX,Houston,2026-08-05,,,2023,RV,New,,28.46,5.58,gott,,0,15.74,7000,7000,false,,,16.74,Silver 2,Silver 2,0.79,0,,0,26760,631,Source One Financial Services,TX,,0,0,TX206,Silver
246891,Jhill,44522.79,180,Decline,Rock Solid Funding LLC - TX536,RSF,TX,BEDFORD,2026-08-05,,,2022,RV,Used,,30.09,13.24,S1House,,7366,10.24,0,0,false,,,11.74,Core,Core,0.91,0,,0,48750,736,Source One Financial Services,TN, serena pulliam,0,0,TX536,Core
246892,lgrace,39631.57,180,Decline,Rock Outdoors - Hardy - VA123,,VA,Hardy,2026-08-05,2026-08-05,,2025,Boat,New,,34.2,5.14,jsmith,,3240,10.24,4200,4200,false,,,11.74,Core,Core,1.02,0,,0,38674,695,Source One Financial Services,VA, dennis peters,0,0,VA123,Core
247127,thovey,37015.33,240,Auto Approval,BLUE COMPASS RV - FT WORTH - TX420,Blue Compass,TX,Fort Worth,2026-08-05,2026-08-05,,2026,RV,New,,24.41,10.78,gott,,105,9.99,4000,4000,false,,,10.74,Core,Core,0.8,0,,0,46354,760,Source One Financial Services,TX, rj norman,1,1,TX420,Core
247020,hhisek,91853.93,240,Decline,BLUE COMPASS RV - DALLAS - TX147,Blue Compass,TX,Mesquite,2026-08-05,,,2026,RV,New,,41.07,7.24,gott,,7059,7.24,15000,15000,false,,,8.74,Core,Core,0.96,0,,0,96021,839,Source One Financial Services,TX, canyon downing,0,0,TX147,Core
247092,rsimmons,39779.07,180,Approved,GREAT AMERICAN RV SUPERSTORE-HATTIESBURG - MS113,,MS,HATTIESBURG,2026-08-05,2026-08-05,,2026,RV,New,,35.27,4.3,jsmith,,22,9.99,4000,4000,false,,,11.49,Core,Core,0.94,0,,0,42161,705,Source One Financial Services,MS, ryan campbell,1,1,MS113,Core
247050,edominguez,23271.25,180,Decline,Minneapolis Trailer Sales - MN824,,MN,Rogers,2026-08-05,,,2019,RV,Used,700,61.23,3.57,dzilberchtein,,14,13.74,0,5500,false,,,14.74,Silver 1,Silver 1,0.85,0,,0,27230,664,Source One Financial Services,MN, ricky carlson,0,0,MN824,Silver
246893,,13353,120,Auto Decline,AC Nelsen RV World - NE103,,NE,Omaha,2026-08-05,,,2018,RV,Used,636,24.65,1.47,dzilberchtein,,0,22.99,1000,1000,false,,,23.99,Bronze,Bronze,1.14,0,,0,11715,,Source One Financial Services,NE,,0,0,NE103,Business First
246989,mlomedico,19135,144,Auto Approval,AC Nelsen RV World - NE103,,NE,Omaha,2026-08-05,2026-08-05,,2025,RV,New,,9.31,5.94,dzilberchtein,,364,12.24,1960,1960,false,,,13.74,Core,Core,0.77,0,,0,24899,680,Source One Financial Services,NE, rian white,1,1,NE103,Core
246991,rsimmons,33780.99,180,Booked,Ron Hoover - Odessa - TX495,Ron Hoover,TX,Odessa,2026-08-05,2026-08-11,2026-08-11,2025,RV,Used,,30.05,3.7,gott,9000,8949,10.24,2800,2800,false,40,11,11.74,Core,Core,1,2026.86,6,0,33800,693,Source One Financial Services,TX, leo correa,1,0,TX495,Core
247105,edominguez,37940,180,Booked,Wilder RV -MO108,,MO,Clinton,2026-08-05,2026-08-07,2026-08-07,2020,RV,Used,,23.23,3.85,jweller,2782,2519,10.24,5000,5000,false,262,1,11.74,Core,Core,1.13,2276.4,6,0,33500,726,Source One Financial Services,MO, preston smith,1,0,MO108,Core
246982,Jhill,14516.76,144,Booked,GIBBS OUTDOOR and RECREATION - TX454,,TX,WACO,2026-08-05,2026-08-05,2026-08-06,2019,RV,Used,,13.48,2.95,gott,1677,101,8.49,500,500,false,1480,96,9.99,Core,Core,1.18,871.01,6,0,12350,846,Source One Financial Services,TX, colby longenbaugh,1,0,TX454,Core
247139,,44421.87,180,Auto Decline,RV Sales - TX554,,TX,Ponder,2026-08-05,,,2021,RV,Used,,15.75,5.77,gott,,0,22.99,17000,17000,false,,,23.99,Bronze,Bronze,0.93,0,,,47550,597,Source One Financial Services,TX,,0,0,TX554,Business First
247076,sdelarosa,35867,180,Auto Approval,NewCoast - Boatzon - FL356,Marine Max,FL,Oldsmar,2026-08-05,2026-08-05,,2024,Boat,Used,,28.84,5.24,S1House,,24,9.74,17000,17000,false,,,11.24,Core,Core,1.05,0,,0,34015,723,Source One Financial Services,CT, stephen bertoni,1,1,FL356,Core
246980,ccampos,50094,180,Conditional Approval,"Vantage Recreational Finance, Inc. -FL291",VRF,FL,FORT LAUDERDALE,2026-08-05,2026-08-06,,2016,RV,Used,,39.24,4.77,S1House,,1671,14.99,5000,5000,false,,,15.99,Silver 1,Silver 1,0.95,0,,0,52780,643,Source One Financial Services,ID, emily stratton,1,1,FL291,Silver
247311,ahunt,17293,144,Approved,Foothills Marine of Lake Norman- NC144,,NC,Mooresville,2026-08-06,2026-08-06,,2026,Boat,New,618,11.8,2.37,jsmith,,42,7.74,2000,2000,false,,,8.74,Core,Not Applicable,1.06,0,,0,16385,770,Connexus Credit Union,NC, james siems,1,1,NC144,Not Applicable
247377,,18988,180,Auto Decline,Bullitt County Auto and RV Sales Inc - KY138,,KY,Shephersville,2026-08-06,,,2021,RV,Used,,44.56,6.05,jharrington1,,0,22.99,1500,1500,false,,,23.99,Bronze,Bronze,1.31,0,,0,14500,616,Source One Financial Services,KY,,0,0,KY138,Business First
247396,mlomedico,88718.01,216,Auto Approval,Blue Compass RV - Manteca - NCA146,Blue Compass,CA,Manteca,2026-08-06,2026-08-13,,2026,RV,New,,35.57,9.02,jrubi,,10096,9.99,5000,15000,false,,,11.49,Core,Core,1.1,0,,0,80334,682,Source One Financial Services,CA, xavier guajardo,1,1,NCA146,Core
247422,,206475,240,Auto Decline,La Mesa RV Center - San Diego - SCA161,La Mesa,CA,San Diego,2026-08-06,,,2026,RV,New,806,56.15,22.93,jrubi,,0,10.24,20000,-55475,false,,,11.74,Core,Core,1.24,0,,0,165865,687,Source One Financial Services,CO,,0,0,SCA161,Core
247426,Jhill,142308.34,240,Decline,Blue Compass RV - St. Louis - MO230,Blue Compass,MO,Eureka,2026-08-06,,,2026,RV,New,,35.9,22.04,jweller,,6478,12.49,3025.92,17272.58,false,,,13.49,Silver 1,Not Applicable,0.9,0,,0,157930,668,Ideal Credit Union,MO, alex kennard,0,0,MO230,Not Applicable
247304,,39849.11,180,Auto Decline,Pete's RV Center - Chesapeake - VA113,Pete's RV,VA,Chesapeake,2026-08-06,,,2017,RV,New,,30.27,10.35,jsmith,,0,16.24,10000,10000,false,,,17.24,Silver 2,Silver 2,0.99,0,,0,40117,627,Source One Financial Services,VA,,0,0,VA113,Silver
247261,,26239,180,Auto Decline,"Vantage Recreational Finance, Inc. -FL291",VRF,FL,FORT LAUDERDALE,2026-08-06,,,2015,Boat,Used,,29.25,5.62,S1House,,0,22.99,2600,2600,false,,,23.99,Bronze,Bronze,0.51,0,,0,51695,577,Source One Financial Services,GA,,0,0,FL291,Business First
247171,sbaker,32416.88,180,Decline,Mountaineer RV & Outdoor Center - MT. Nebo - WV105,,WV,Mt Nebo,2026-08-06,,,2026,RV,New,708,51.76,3,jharrington1,,19,9.74,0,0,false,,,11.24,Core,Core,1.14,0,,0,28410,740,Source One Financial Services,WV, tim smith,0,0,WV105,Core
247362,mlomedico,69380,180,Decline,Outlet Recreation Fargo -ND113,,ND,FARGO,2026-08-06,,,2026,RV,New,,49.9,13.53,dzilberchtein,,63,10.24,30000,30000,false,,,11.74,Core,Core,1,0,,0,69545,693,Source One Financial Services,SD,,0,0,ND113,Core
247161,jharrington1,71098.87,240,Booked,HAPPY CAMPERS RV SALES and SERVICE - IN182,,IN,LAFAYETTE,2026-08-06,2026-08-11,2026-08-13,2027,RV,New,,19.88,10.45,jharrington1,10117,7766,9.24,15000,15000,false,2345,6,9.24,Not Applicable,Not Applicable,0.92,710.99,1,0,77409,714,Connexus Credit Union,IL, robert bruck,1,0,IN182,Not Applicable
247291,ahunt,32933.53,120,Approved,Sport Marine -TX221,,TX,Richmond,2026-08-06,2026-08-06,,2021,Boat,Used,,5.47,4.59,gott,,42,8.49,10000,10000,false,,,9.99,Core,Core,0.9,0,,0,36750,786,Source One Financial Services,TX, lyndsay mathews,1,1,TX221,Core
247260,,15935.7,144,Auto Decline,ANGLERS CHOICE - SPINDALE - NC102,,NC,SPINDALE,2026-08-06,,,2014,Boat,Used,,44.28,4.87,jsmith,,0,22.99,1600,1600,false,,,23.99,Bronze,Bronze,1.1,0,,0,14450,576,Source One Financial Services,NC,,0,0,NC102,Business First
247393,Jhill,72942.94,204,Conditional Approval,Big D Marine and Powersports -TX205,,TX,Huntsville,2026-08-06,2026-08-06,,2026,Boat,New,,31.58,3.15,gott,,30,12.49,20000,20000,false,,,13.49,Silver 1,Silver 1,0.98,0,,0,74365.47,679,Source One Financial Services,LA, ronald brown,1,1,TX205,Silver
247344,ccampos,42130.78,180,Auto Approval,SMITH MOTOR CO OF HATTIESBURG INC - MS107,,MS,HATTIESBURG,2026-08-06,2026-08-06,,2027,Boat,New,,20.55,2.35,jsmith,,14,7.99,500,500,false,,,9.49,Core,Core,1.06,0,,0,39734.47,796,Source One Financial Services,MS, elizabeth aycox,1,1,MS107,Core
247412,ccampos,59394.21,240,Auto Approval,RV Value Mart-Willow ST-PA124,,PA,Willow Street,2026-08-06,2026-08-06,,2027,RV,New,,43.77,7.58,jharrington1,,16,7.74,2000,3200,false,,,9.24,Core,Core,1.12,0,,0,52948,781,Source One Financial Services,PA, toby young,1,1,PA124,Core
247369,jharrington1,41063.75,180,Decline,IRVINES CAMPER SALES - OH186,,OH,LITTLE HOCKING,2026-08-06,,,2025,RV,Used,,74.85,11.27,jharrington1,,10,9.49,0,0,false,,,10.99,Core,Core,1.07,0,,0,38250,751,Source One Financial Services,OH, robing wine,0,0,OH186,Core
247355,hhisek,11158.05,120,Contract Received,Auction Direct RV - FL319,,FL,Ocala,2026-08-06,2026-08-08,,2022,RV,Used,,41.66,3.22,pcarter,,2665,10.49,5000,5000,false,,87,11.99,Core,Core,0.66,0,,0,16950,718,Source One Financial Services,FL, geoff cohen,1,1,FL319,Core
247368,jharrington1,68136.65,240,Decline,"Zoomers RV of Indiana, LLC -IN168",,IN,WABASH,2026-08-06,,,2025,RV,New,591,68.47,7.56,jharrington1,,3,9.74,2000,21200,false,,,11.24,Core,Core,0.66,0,,0,103711,740,Source One Financial Services,OH, dave fausnaugh,0,0,IN168,Core
247351,edominguez,33000,180,Booked,Nelson RV -AZ233,,AZ,Tucson,2026-08-06,2026-08-07,2026-08-13,2022,RV,Used,838,24.94,2.88,edominguez,9638,1460,7.74,15000,23800,false,4105,4073,7.99,Core,Not Applicable,0.53,330,1,0,62318,879,Connexus Credit Union,AZ,,1,0,AZ233,Not Applicable
247320,,23048.85,216,Auto Decline,GIANT RECREATION WORLD PALM BAY - FL175,,FL,Palm Bay,2026-08-06,,,2025,RV,New,715,6.07,2.95,pcarter,,0,14.99,2000,2000,false,,,15.99,Silver 2,Silver 2,0.87,0,,0,26353,622,Source One Financial Services,FL,,0,0,FL175,Silver
247247,lgrace,84809.49,240,Booked,Ashley Marine - Panama City -  FL255,,FL,Panama City,2026-08-06,2026-08-08,2026-08-08,2026,Boat,New,,38.33,10.54,wstoutimore,3069,3066,7.24,15000,15000,false,3,0,6.99,Core,Core,1.02,848.09,1,0,83473.64,835,Source One Financial Services,FL, amy silas,1,0,FL255,Core
247346,rsimmons,30119,180,Approved,Casita Travel Trailers - TX563,RDS,TX,Rice,2026-08-06,2026-08-06,,2026,RV,New,807,42.18,5.17,gott,,9,7.49,5000,5000,false,,,8.99,Core,Core,0.95,0,,0,31694,815,Source One Financial Services,TX, andy krier,1,1,TX563,Core
247205,lgrace,101357.25,240,Approved,NewCoast - Boatzon - FL356,Marine Max,FL,Oldsmar,2026-08-06,2026-08-06,,2024,RV,Used,,21.47,8.89,S1House,,58,7.24,20000,20000,false,,,8.49,Core,Not Applicable,0.79,0,,0,128392,817,Connexus Credit Union,WA, chris liseo,1,1,FL356,Not Applicable
247409,thovey,61773.17,240,Decline,"RV COUNTRY NEVADA, LLC - LAUGHLIN -NV103",RV Country,NV,LAUGHLIN,2026-08-06,,,2017,RV,Used,723,29.83,11.19,ljablonoski,,38,11.24,5300,5300,false,,,12.74,Core,Core,0.95,0,,0,64850,686,Source One Financial Services,AZ, stephanie corona,0,0,NV103,Core
247406,ccampos,24572,180,Auto Approval,FACTORY DIRECT RV and MARINE - GA142,,GA,AMERICUS,2026-08-06,2026-08-07,,2025,RV,Used,,28.03,2.16,jsmith,,1021,9.49,2500,2500,false,,,10.99,Core,Core,0.83,0,,0,29450,741,Source One Financial Services,FL, gina harris,1,1,GA142,Core
247408,Jhill,58174.5,180,Decline,Rocky Ridge RV - Nacogdoches - TX525,Rocky Ridge,TX,Nacogdoches,2026-08-06,,,2025,RV,Used,,33.75,12.94,gott,,6,13.74,5000,5000,false,,,14.74,Silver 1,Silver 1,0.96,0,,0,60500,651,Source One Financial Services,TX, kolten archuleta,0,0,TX525,Silver
247285,pmeza,13196,144,Decline,Bish's RV of Sioux Falls - SD112,Bish's RV,SD,Tea,2026-08-06,,,2019,RV,Used,,60.22,2.08,dzilberchtein,,35,8.49,2000,2000,false,,,9.99,Core,Core,0.64,0,,0,20500,820,Source One Financial Services,SD, david mcclanahan,0,0,SD112,Core
247194,,85185,240,Auto Decline,Bills Marine - EOK100,EPIC,OK,Skiatook,2026-08-06,,,2025,Boat,New,728,27.9,8.31,S1House,,0,22.99,11000,11000,false,,,23.99,Bronze,Bronze,1.01,0,,0,84277,582,Source One Financial Services,OK,,0,0,EOK100,Business First
247358,,150182.66,240,Auto Decline,La Mesa RV Center - Port St Lucie - FL314,La Mesa,FL,Port St Lucie,2026-08-06,,,2025,RV,Used,657,68.11,21.14,pcarter,,12,22.99,5000,15850,false,,,23.99,Bronze,Core,1.08,0,,0,138960,680,Source One Financial Services,FL, dallas lostutter,0,0,FL314,Business First
247308,,23085.58,180,Auto Decline,BISH'S RV OF KEARNEY - NE102,Bish's RV,NE,KEARNEY,2026-08-06,,,2022,RV,Used,,61.04,4.47,dzilberchtein,,0,13.24,1000,1000,false,,,14.24,Silver 1,Silver 1,1.13,0,,0,20450,679,Source One Financial Services,WY,,0,0,NE102,Silver
247233,,48441.07,180,Auto Decline,Fun Town RV Tyler-TX387,Fun Town,TX,Mineola,2026-08-06,,,2026,RV,New,,61.31,7.07,gott,,0,14.99,5000,5000,false,,,15.99,Silver 2,Silver 2,0.89,0,,0,54333,623,Source One Financial Services,TX,,0,0,TX387,Silver
247196,,49930.44,240,Auto Decline,Blue Compass RV - St. Louis - MO230,Blue Compass,MO,Eureka,2026-08-06,,,2026,RV,New,617,38.1,4.93,jweller,,0,14.99,5000,5000,false,,,15.99,Silver 2,Silver 2,0.82,0,,0,60625,626,Source One Financial Services,IL,,0,0,MO230,Silver
247278,eavila,81172.21,240,Approved,Heartland Marine -MO131,,MO,Sunrise Beach,2026-08-06,2026-08-06,,2020,Boat,Used,,22.22,3.35,jweller,,8,9.74,10000,10000,false,,,11.24,Core,Core,0.9,0,,0,89900,732,Source One Financial Services,OK, ashley maass,1,1,MO131,Core
247175,avera,47178.65,204,Approved,BLUE COMPASS RV  COLUMBUS-OH210,Blue Compass,OH,DELAWARE,2026-08-06,2026-08-06,,2018,RV,Used,714,24.8,4.79,jharrington1,,25,9.99,0,0,false,,,11.49,Core,Core,1.14,0,,0,41302,751,Source One Financial Services,OH, steven duty,1,1,OH210,Core
247410,eavila,56151.75,180,Decline,XGRiD Campers - NV120,,NV,Las Vegas,2026-08-06,,,2026,RV,New,,7.48,1.4,ljablonoski,,1052,9.99,5000,5000,false,,,11.49,Core,Not Applicable,1.24,0,,0,45271.62,713,Connexus Credit Union,AZ, ann walker,0,0,NV120,Not Applicable
247187,,16158.92,144,Auto Decline,BLUE COMPASS RV - DAYTON - OH159,Blue Compass,OH,Dayton,2026-08-06,,,2022,RV,Used,,32.79,4.38,jharrington1,,0,15.74,4000,4000,false,,,16.74,Silver 2,Silver 2,0.67,0,,0,23950,639,Source One Financial Services,WV,,0,0,OH159,Silver
247167,,22092.22,180,Auto Decline,"Hemlock Hill RV Sales, Inc-CT107",,CT,Southington,2026-08-06,,,2024,RV,Used,628,19.4,3.98,gcoulombe,,0,18.24,5000,5000,false,,,19.24,Silver 2,Silver 2,0.98,0,,0,22600,620,Source One Financial Services,CT,,0,0,CT107,Silver
247181,,12197.9,180,Auto Decline,General RV - Richmond - VA117,General RV,VA,Ashland,2026-08-06,,,2020,RV,Used,,48.61,1.96,jsmith,,5,22.99,1000,1000,false,,,23.99,Bronze,Silver 1,1.25,0,,0,9790,651,Source One Financial Services,VA, colby hall,0,0,VA117,Business First
247383,mlomedico,70144,144,Conditional Approval,"Vantage Recreational Finance, Inc. -FL291",VRF,FL,FORT LAUDERDALE,2026-08-06,2026-08-06,,2013,RV,Used,,14.16,12.03,S1House,,117,10.99,22000,22000,false,,,12.49,Core,Core,0.84,0,,0,83750,742,Source One Financial Services,UT, craig miller,1,1,FL291,Core
247397,ccampos,9717.2,72,Booked,Uwharrie RV  (740 Motors) - NC125,,NC,Albemarle,2026-08-06,2026-08-07,2026-08-07,2016,RV,Used,,16.71,2.64,jsmith,1448,1275,10.49,3000,3000,false,164,9,10.99,Core,Core,1.19,194.34,2,0,8200,772,Source One Financial Services,NC, chris lais,1,0,NC125,Core
247170,Jhill,35801.18,240,Decline,REINEKE RV - LIMA - OH182,,OH,LIMA,2026-08-06,,,2026,RV,New,,40.22,8.01,jharrington1,,13,13.74,0,0,false,,,14.74,Silver 1,Silver 1,1.03,0,,0,34740,657,Source One Financial Services,TX, corey stone,0,0,OH182,Silver
247232,jharrington1,37500,180,Decline,Campers Inn RV - Wilmington - OH231,Campers Inn,OH,Wilmington,2026-08-06,,,2026,RV,New,517,17.66,1.49,jharrington1,,7,10.24,5000,5000,false,,,11.74,Core,Core,0.8,0,,0,46839,683,Source One Financial Services,OH, zachary blevins,0,0,OH231,Core
247356,ccampos,201195.21,240,Decline,Wake & Water - ENC127,EPIC,NC,Mooresville,2026-08-06,,,2025,Boat,Used,,48.84,12.86,S1House,,1114,9.99,20000,20000,false,,,11.49,Core,Core,0,0,,0,0,717,Source One Financial Services,MT, jp lixie,0,0,ENC127,Core
247219,avera,158706.23,180,Conditional Approval,Action Water Sports Texas-ETX125,EPIC,TX,Lewisville,2026-08-06,2026-08-06,,2025,Boat,Used,753,44.69,5.35,S1House,,159,7.64,10000,17000,false,,,8.89,Silver 1,Not Applicable,0.87,0,,0,182445,640,Ideal Credit Union,TX, sierra whitmire,1,1,ETX125,Not Applicable
247366,rsimmons,13865,144,Approved,PITTSBURG MARINE LLC - KY110,,KY,LONDON,2026-08-06,2026-08-06,,2012,Boat,Used,639,25.85,1.49,jharrington1,,14,11.24,0,2500,false,,,12.74,Core,Core,0.64,0,,0,21510,736,Source One Financial Services,KY, matt seiber,1,1,KY110,Core
247296,rsimmons,20160.2,180,Booked,Southern Mud Sports LLC - AL165,,AL,Waverly,2026-08-06,2026-08-10,2026-08-10,2026,Boat,New,,38.99,3.14,jsmith,5918,5683,9.99,2000,2000,false,214,21,11.49,Core,Core,1,1209.61,6,0,20259,703,Source One Financial Services,GA, jeff cantey,1,0,AL165,Core
247279,hhisek,34837.75,180,Decline,Blue Compass RV - South Beumont - TX551,Blue Compass,TX,Vidor,2026-08-06,,,2023,RV,Used,653,16.13,4.42,gott,,16,10.49,3900,3900,false,,,11.99,Core,Core,0.73,0,,0,47520,710,Source One Financial Services,IL, brett massey,0,0,TX551,Core
247284,hhisek,28643.03,180,Decline,Fun Town Rv/Angelo RV LLC -TX247,Fun Town,TX,San Angelo,2026-08-06,,,2025,RV,New,587,23.86,1.17,gott,,7,7.99,3000,3000,false,,,9.49,Core,Core,0.65,0,,0,43953,799,Source One Financial Services,TX, ronnie terry,0,0,TX247,Core
247269,sbaker,199724,240,Decline,Stevens Marine - OR124,,OR,Tigard,2026-08-06,,,2026,Boat,New,,12.02,1.35,ljablonoski,,21,12.49,289000,319000,false,,,13.49,Silver 1,Silver 1,0.46,0,,0,430981.49,671,Source One Financial Services,CA, trent vanzant,0,0,OR124,Silver
247392,pmeza,11714,120,Booked,SUNRISE MARINE CENTER - AR109,,AR,SEARCY,2026-08-06,2026-08-08,2026-08-10,2010,Boat,Used,,16.66,3.04,jweller,5601,2720,15.98,4000,4000,false,2862,19,16.98,Silver 1,Silver 1,0.78,468.56,4,0,15020,641,Source One Financial Services,AR, makayla cheatham,1,0,AR109,Silver
247173,rsimmons,99428.16,240,Decline,Campers Unlimited - Gadsden-AL152,,AL,Gadsden,2026-08-06,,,2026,RV,New,670,14.58,1.86,jsmith,,13,12.49,13000,20000,false,,,13.49,Silver 1,Silver 1,1.01,0,,0,98862,667,Source One Financial Services,AL, david tyler,0,0,AL152,Silver
247244,rsimmons,18176.59,180,Verifications Incomplete,Blue Compass RV - Nashville - TN158,Blue Compass,TN,Lebanon,2026-08-06,2026-08-07,,2024,RV,Used,,14.65,6.36,jsmith,,1393,9.99,6000,6000,false,,0,11.49,Core,Core,0.79,1090.6,6,0,23100,704,Source One Financial Services,TN, austin jacobs,1,1,TN158,Core
247256,,17420.67,144,Auto Decline,Schieks RV - WI173,,WI,FOND DU LAC,2026-08-06,,,2019,RV,Used,,13.8,6.78,dzilberchtein,,0,22.99,1800,1800,false,,,23.99,Bronze,Bronze,0.96,0,,0,18150,604,Source One Financial Services,WI,,0,0,WI173,Business First
247336,,112138.38,240,Auto Decline,BISH'S RV - INDIANAPOLIS - IN199,Bish's RV,IN,ANDERSON,2026-08-06,,,2025,RV,New,,30.26,9.11,jharrington1,,20,22.99,4500,4500,false,,,23.99,Bronze,Silver 2,0.89,0,,0,126675,622,Source One Financial Services,IL, chad knight,0,0,IN199,Business First
247163,jharrington1,97165.09,240,Decline,RV Dynasty - IN177,,IN,Bunker Hill,2026-08-06,,,2026,RV,New,638,28.82,4.33,jharrington1,,15,8.74,9000,20000,false,,,10.24,Core,Core,1.14,0,,0,85445,767,Source One Financial Services,TX, jeff gunnell,0,0,IN177,Core
247361,mlomedico,66242.31,240,Auto Approval,OASIS RV - IL256,,IL,MARION,2026-08-06,2026-08-08,,2026,RV,New,,15.47,4.7,gcoulombe,,2559,8.24,0,999.47,false,,,9.74,Core,Core,1.25,0,,0,52842,775,Source One Financial Services,NC, don hart,1,1,IL256,Core
247280,lgrace,30312.42,180,Decline,Blue Compass RV - Charlotte - NC153,Blue Compass,NC,Concord,2026-08-06,,,2026,RV,New,,36.23,3.12,jsmith,,11,13.74,2000,2000,false,,,14.74,Silver 1,Silver 1,0.94,0,,0,32127.75,651,Source One Financial Services,NC, rylie seda,0,0,NC153,Silver
247379,,34655.47,180,Auto Decline,Crestview RV 2 - Buda -TX180,Campers Inn,TX,Buda,2026-08-06,,,2023,RV,Used,569,64.2,5.04,gott,,0,22.99,4000,4000,false,,,23.99,Bronze,Bronze,0.67,0,,0,51600,594,Source One Financial Services,TX,,0,0,TX180,Business First
247223,pmeza,17194.63,144,Decline,Chesaco RV - Frederick - MD109,,MD,Frederick,2026-08-06,,,2022,RV,Used,659,54.38,2.55,gcoulombe,,39,14.49,3000,3000,false,,,15.49,Silver 1,Core,1.07,0,,0,16000,729,Source One Financial Services,MD, bert landes,0,0,MD109,Silver
247391,Jhill,13160.85,180,Decline,HASKELL RV CENTER - TX434,,TX,HASKELL,2026-08-06,,,2022,RV,New,548,35.47,2.38,gott,,30,9.99,0,0,false,,,11.49,Core,Core,1.27,0,,0,10350,750,Source One Financial Services,TX, jason pelz,0,0,TX434,Core
247417,eavila,72169.63,204,Conditional Approval,BISH'S RV OF CHEYENNE - WY100,Bish's RV,WY,CHEYENNE,2026-08-06,2026-08-06,,2024,RV,Used,722,35.98,3.69,dzilberchtein,,30,9.49,8100,8100,false,,,10.99,Core,Core,1.02,0,,0,70500,742,Source One Financial Services,CO, todd miillsap,1,1,WY100,Core
247395,mlomedico,31565.24,180,Auto Approval,Southern Mud Sports of the Midwest - IA225,,IA,Blue Grass,2026-08-06,2026-08-13,,2027,Boat,New,,31.83,2.69,gcoulombe,,10199,13.74,3130,3130,false,,,14.74,Silver 1,Silver 1,1.05,0,,0,30204,646,Source One Financial Services,MO, jeff cantey,1,1,IA225,Silver
247325,sdelarosa,68866.22,240,Decline,Maxie Price RV - GA161,,GA,Loganville,2026-08-06,,,2024,RV,Used,,62.66,2.9,jsmith,,12,9.74,0,0,false,,,11.24,Core,Core,0.97,0,,0,70700,729,Source One Financial Services,GA, matt eaton,0,0,GA161,Core
247407,thovey,17596.16,144,Decline,Thomas RV and Auto Sales - AR118,,AR,Searcy,2026-08-06,,,2021,RV,Used,,38.53,2.26,jweller,,62,14.49,2000,2000,false,,,15.49,Silver 1,Not Applicable,0.95,0,,0,18500,648,Connexus Credit Union,AR, chris moffit,0,0,AR118,Not Applicable
247324,,36414.21,180,Auto Decline,Fun Town RV-Denton -TX322,Fun Town,TX,Denton,2026-08-06,,,2027,RV,New,,23.58,6.28,gott,,0,14.99,7000,7000,false,,,15.99,Silver 2,Silver 2,0.81,0,,0,44703,622,Source One Financial Services,TX,,0,0,TX322,Silver
247323,sflynn,23734,144,Conditional Approval,Heartland Marine -MO131,,MO,Sunrise Beach,2026-08-06,2026-08-07,,2005,Boat,Used,714,37.68,2.77,jweller,,1429,11.49,6500,6500,false,,,12.99,Core,Core,1,0,,0,23734,747,Source One Financial Services,MO, ashley maass,1,1,MO131,Core
247315,jharrington1,17812.3,168,Approved,Fretz RV -PA126,,PA,Souderton,2026-08-06,2026-08-06,,2026,RV,New,687,26.69,1.72,jharrington1,,20,9.99,1900,1900,false,,,11.49,Core,Core,0.98,0,,0,18095,714,Source One Financial Services,PA, tony eidle,1,1,PA126,Core
247303,sbaker,57189.63,240,Booked,Ron Hoover Companies Katy -TX275,Ron Hoover,TX,Katy,2026-08-06,2026-08-10,2026-08-10,2026,RV,New,876,13.87,3.5,gott,6153,6067,7.49,1000,3963.94,false,86,0,8.99,Core,Core,1.57,3431.38,6,0,36315,890,Source One Financial Services,TX, greg woods,1,0,TX275,Core
247307,sdelarosa,33299.65,180,Decline,BLUE COMPASS RV  COLUMBUS-OH210,Blue Compass,OH,DELAWARE,2026-08-06,,,2019,RV,Used,739,25.38,4.37,jharrington1,,25,10.99,3500,3500,false,,,12.49,Core,Core,1.06,0,,0,31460,718,Source One Financial Services,OH, steven duty,0,0,OH210,Core
247329,rsimmons,78045.44,240,Auto Approval,General RV-Wayland -MI339,General RV,MI,MOUNT VERNON,2026-08-06,2026-08-06,,2023,RV,Used,,37.86,9.55,dzilberchtein,,13,9.99,1000,1000,false,,,11.49,Core,Core,0.96,0,,0,81450,745,Source One Financial Services,MI, chris coleman,1,1,MI339,Core
247239,,26044.9,144,Auto Decline,Capital RV - Bismarck - ND119,Campers Inn,ND,Bismarck,2026-08-06,,,2024,RV,New,,55.61,11.67,dzilberchtein,,0,13.74,3000,3000,false,,,14.74,Silver 1,Silver 1,0.9,0,,0,29095,659,Source One Financial Services,ND,,0,0,ND119,Silver
247235,,56858,240,Auto Decline,BEAUMONT RV - SCA108,,CA,BEAUMONT,2026-08-06,,,2026,RV,New,,33.21,5.3,jrubi,,0,14.99,4000,4000,false,,,15.99,Silver 2,Silver 2,0.99,0,,0,57160,636,Source One Financial Services,CA,,0,0,SCA108,Silver
247206,ahunt,23934.78,120,Auto Approval,SMITH MOTOR CO OF HATTIESBURG INC - MS107,,MS,HATTIESBURG,2026-08-06,2026-08-06,,2020,Boat,Used,,29.93,3.41,jsmith,,33,10.24,5000,5000,false,,,11.74,Core,Core,1.14,0,,0,21000,722,Source One Financial Services,MS, elizabeth aycox,1,1,MS107,Core
247404,mlomedico,83653,240,Decline,Trader Bills Outdoor Sports - AR124,,AR,Hot Springs,2026-08-06,,,2026,Boat,New,662,37.58,4.31,jweller,,23,13.74,9300,9300,false,,,14.74,Silver 1,Silver 1,1.08,0,,0,77323,655,Source One Financial Services,AR, mandy short,0,0,AR124,Silver
247425,,80114,240,Auto Decline,VENTURA RV CONNECTION - SCA116,,CA,OXNARD,2026-08-06,,,2023,RV,Used,,26.84,21.14,jrubi,,0,22.99,0,30000,false,,,23.99,Bronze,Bronze,0,0,,0,0,613,Source One Financial Services,CA,,0,0,SCA116,Business First
247213,,20580.72,180,Cancelled,Top Notch RV LLC - NC149,,NC,Benson,2026-08-06,,,2024,RV,Used,,0,0,jsmith,,,22.99,0,0,false,,,23.99,Bronze,Bronze,0.91,0,,0,22500,,Source One Financial Services,NC, david hall,0,0,NC149,Business First
247263,lgrace,60767.35,240,Auto Approval,Fun Town RV - Indianapolis - IN215,Fun Town,IN,Edinburgh,2026-08-06,2026-08-07,,2026,RV,New,685,38.07,3.49,jharrington1,,1095,9.49,6000,6000,false,,,10.99,Core,Core,0.95,0,,0,64032,708,Source One Financial Services,NC, chase ackeret,1,1,IN215,Core
247199,sbaker,26124.19,180,Auto Approval,HAPPY CAMPERS RV SALES and SERVICE - IN182,,IN,LAFAYETTE,2026-08-06,2026-08-06,,2026,RV,New,737,32,5.39,jharrington1,,20,9.74,19010,5488.23,false,,,11.24,Core,Core,1.3,0,,0,20096,733,Source One Financial Services,IN, robert bruck,1,1,IN182,Core
247204,hhisek,11100.19,120,Auto Approval,Seguin RV Inc -TX201,,TX,Seguin,2026-08-06,2026-08-06,,2022,RV,Used,,32.09,2.19,gott,,22,14.49,2000,2000,false,,,15.49,Silver 1,Silver 1,0.9,0,,0,12300,649,Source One Financial Services,TX, mark hatfield,1,1,TX201,Silver
247283,edominguez,48814.69,240,Auto Approval,Blue Compass RV - Avondale - AZ360,Blue Compass,AZ,Avondale,2026-08-06,2026-08-10,,2026,RV,New,640,39.59,2.67,edominguez,,5715,9.49,1000,8900,false,,,10.99,Core,Core,1.19,0,,0,40988,703,Source One Financial Services,AZ, marshall adams,1,1,AZ360,Core
247288,thovey,55219.72,204,Auto Approval,La Mesa RV Center - Albuquerque - NM109,La Mesa,NM,Albuquerque,2026-08-06,2026-08-06,,2024,RV,Used,,44,4.94,edominguez,,82,8.99,27000,-12850,false,,,10.49,Core,Core,1.14,0,,0,48250,741,Source One Financial Services,NM, alfredo franco,1,1,NM109,Core
247294,hhisek,73707.49,240,Decline,A and L RV - Kodak -TN104,,TN,Kodak,2026-08-06,,,2026,RV,New,652,39.9,10.69,jsmith,,9,13.74,8000,8000,false,,,14.74,Silver 1,Silver 1,0.85,0,,0,87114,651,Source One Financial Services,NC, johnny gonzales,0,0,TN104,Silver
247203,mlomedico,47202.79,180,Conditional Approval,Rock Solid Funding LLC - TX536,RSF,TX,BEDFORD,2026-08-06,2026-08-06,,2018,RV,Used,763,35.06,3.08,S1House,,30,8.99,6000,6000,false,,,10.49,Core,Core,0.75,0,,0,62892,782,Source One Financial Services,MA, caleb grassi,1,1,TX536,Core
247424,eavila,38032.66,180,Decline,Sky River RV - Paso Robles - SCA146,SkyRiver,CA,Paso Robles,2026-08-06,,,2021,RV,Used,707,56.07,6.39,jrubi,,15,10.24,2000,2000,false,,,11.74,Core,Core,1.18,0,,0,32230,736,Source One Financial Services,CA, andy shellcross,0,0,SCA146,Core
247246,mlomedico,27768.91,180,Auto Approval,Moix RV - Hot Springs Landing LLC - AR135,,AR,Hot Springs,2026-08-06,2026-08-06,,2027,RV,New,708,13.3,2.02,jweller,,177,9.49,0,18766.2,false,,,10.99,Core,Core,0.59,0,,0,46775,743,Source One Financial Services,TX, brayden fisher,1,1,AR135,Core
247258,hhisek,26215.68,180,Auto Approval,Clear Creek Camping LLC-TX396,,TX,Abilene,2026-08-06,2026-08-06,,2026,RV,New,,22.49,4.55,gott,,133,9.74,3000,3000,false,,,11.24,Core,Core,0.91,0,,0,28916,723,Source One Financial Services,IN, mark connally,1,1,TX396,Core
247326,eavila,32831.58,180,Decline,Campers Inn RV - Tucson - AZ365,Campers Inn,AZ,TUCSON,2026-08-06,,,2026,RV,Used,,40.51,10.85,edominguez,,64,10.24,3400,4700,false,,,11.74,Core,Not Applicable,0.99,0,,0,33100,684,Connexus Credit Union,AZ, rob rhein,0,0,AZ365,Not Applicable
247338,mlomedico,76476.17,240,Decline,BISH'S RV OF BOZEMAN - MT103,Bish's RV,MT,BOZEMAN,2026-08-06,,,2025,RV,New,,35.4,12.48,dzilberchtein,,6078,10.24,1000,-9592,false,,,11.74,Core,Not Applicable,1.05,0,,0,72939,695,Connexus Credit Union,IN, dylan higgins,0,0,MT103,Not Applicable
247210,sbaker,48286,180,Approved,LA Boat Dealer - LA111,,LA,Metairie,2026-08-06,2026-08-06,,2020,Boat,Used,,45.97,3.1,gott,,30,9.99,10000,10000,false,,,11.49,Core,Core,1.01,0,,0,48000,751,Source One Financial Services,TX, hank helmer,1,1,LA111,Core
247198,Jhill,16050,144,Auto Approval,Bourbon RV - MO167,,MO,Bourbon,2026-08-06,2026-08-06,,2016,RV,Used,782,30.96,2.28,jweller,,28,8.49,1700,1700,false,,,9.99,Core,Core,1.12,0,,0,14300,837,Source One Financial Services,MO, devian williams,1,1,MO167,Core
247374,sbaker,23726,180,Approved,LEOS VACATION CENTER INC - MD102,,MD,GAMBRILLS,2026-08-06,2026-08-06,,2026,RV,New,,28.47,1.8,gcoulombe,,21,10.24,3000,3000,false,,,11.74,Core,Core,0.93,0,,0,25400,696,Source One Financial Services,TN,,1,1,MD102,Core
247310,lgrace,133402.37,240,Decline,BISH'S RV - INDIANAPOLIS - IN199,Bish's RV,IN,ANDERSON,2026-08-06,,,2025,RV,New,,25.27,10.37,jharrington1,,26,10.24,10000,17475,false,,,11.74,Core,Core,1.05,0,,0,127375,685,Source One Financial Services,TX, chad knight,0,0,IN199,Core
247300,hhisek,12040.52,120,Conditional Approval,Blue Compass RV - Katy - TX571,Blue Compass,TX,Katy,2026-08-06,2026-08-06,,2026,RV,Used,,37.53,3.35,gott,,19,12.49,2000,2000,false,,,13.49,Silver 1,Silver 1,0.71,0,,0,16850,674,Source One Financial Services,TX, kevin miranda,1,1,TX571,Silver
247328,hhisek,37404.38,180,Booked,Crowder RV Center- TN109,Canopy Financial,TN,Johnson City,2026-08-06,2026-08-08,2026-08-10,2026,RV,New,719,30.21,3.27,jsmith,5754,2764,9.74,750,5880.1,false,2989,1,11.24,Core,Core,1.34,2244.26,6,0,27952.5,728,Source One Financial Services,TN, mac mclelland,1,0,TN109,Core
247411,ccampos,41814.53,230,Booked,RV's of Sacramento - NCA136,,CA,Elk Grove,2026-08-06,2026-08-12,2026-08-13,2027,RV,New,,36.63,5.2,jrubi,9914,8486,9.49,5000,6587.69,false,115,1313,10.99,Core,Core,1.33,2508.87,6,0,31419.15,736,Source One Financial Services,CA, branda morgan,1,0,NCA136,Core
247339,,35419.03,180,Auto Decline,Blue Compass - Fort Myers - FL300,Blue Compass,FL,Fort Myers,2026-08-06,,,2026,RV,New,,29.33,11.39,wstoutimore,,0,22.99,7000,7000,false,,,23.99,Bronze,Bronze,0.72,0,,0,48910,608,Source One Financial Services,FL,,0,0,FL300,Business First
247192,thovey,18273.68,120,Auto Approval,Blackbeard Marine Kingston -OK151,,OK,Kingston,2026-08-06,2026-08-06,,2026,Boat,New,,23.52,1.74,jweller,,75,9.99,2500,2500,false,,,11.49,Core,Core,0.96,0,,0,18985,700,Source One Financial Services,OK, andrew harmon,1,1,OK151,Core
247191,Jhill,248589.02,240,Decline,Ultimate Marine - EFL121,EPIC,FL,Orlando,2026-08-06,,,2027,Boat,New,871,31.52,5.32,S1House,,15,8.99,27000,27000,false,,,10.49,Core,Core,1.16,0,,0,214858,748,Source One Financial Services,FL, david bounphasaysonh,0,0,EFL121,Core
247243,lgrace,131679.02,240,Decline,General RV - Richmond - VA117,General RV,VA,Ashland,2026-08-06,,,2024,RV,Used,,13.07,11.94,jsmith,,7,10.24,0,0,false,,,11.74,Core,Core,0.97,0,,0,135355,689,Source One Financial Services,FL, blake cartin,0,0,VA117,Core
247252,hhisek,32873.47,180,Auto Approval,Ron Hoover - Laredo - TX498,Ron Hoover,TX,Laredo,2026-08-06,2026-08-13,,2026,RV,New,,27.88,3.55,gott,,10266,10.24,3300,3300,false,,,11.74,Core,Core,0.95,0,,0,34520.85,682,Source One Financial Services,TX, geno quintanilla,1,1,TX498,Core
247389,Jhill,21921.43,144,Auto Approval,SMITH MOTOR CO OF HATTIESBURG INC - MS107,,MS,HATTIESBURG,2026-08-06,2026-08-06,,2026,Boat,New,,35.69,2.15,jsmith,,25,7.49,2300,2300,false,,,8.99,Core,Core,1.02,0,,0,21564.73,828,Source One Financial Services,MS, elizabeth aycox,1,1,MS107,Core
247215,mlomedico,61647.79,180,Conditional Approval,Rock Solid Funding LLC - TX536,RSF,TX,BEDFORD,2026-08-06,2026-08-06,,2018,RV,Used,822,9.2,8.86,S1House,,350,8.49,10000,10000,false,,,9.99,Core,Core,1.08,0,,0,57031,805,Source One Financial Services,AL, serena pulliam,1,1,TX536,Core
247197,sbaker,15393.3,120,Conditional Approval,Fun Town RV - Grand Rapids - MI451,Fun Town,MI,Rockford,2026-08-06,2026-08-06,,2026,RV,New,,17.91,6.19,dzilberchtein,,49,9.49,2000,2000,false,,,9.99,Core,Not Applicable,0.53,0,,0,29011,682,Connexus Credit Union,MI, tyler stolicker,1,1,MI451,Not Applicable
247354,ccampos,43260.59,180,Auto Approval,"Whittle Boats, Inc -TX114",,TX,Lewisville,2026-08-06,2026-08-07,,2020,Boat,Used,,31.1,5.87,gott,,1538,13.24,4450,4450,false,,,14.24,Silver 1,Silver 1,0.83,0,,0,52325,674,Source One Financial Services,TX, cory whittle,1,1,TX114,Silver
247230,sbaker,92093.38,240,Decline,Collier RV - IL131,,IL,Rockford,2026-08-06,,,2016,RV,Used,814,13.52,6.17,gcoulombe,,44,8.99,5000,19200,false,,,10.49,Core,Core,0.76,0,,0,121915,797,Source One Financial Services,IL, tabatha jones,0,0,IL131,Core
247347,lgrace,53424.86,240,Decline,LDRV of Tampa - FL340,Campers Inn,FL,Seffner,2026-08-06,,,2016,RV,Used,610,49.01,6.06,wstoutimore,,92,16.24,6000,6000,false,,,17.24,Silver 1,Silver 1,0.94,0,,0,56595,640,Source One Financial Services,FL, craig haselbush,0,0,FL340,Silver
247380,ccampos,88500,180,Decline,Recreational Resort Cottages- Athens -TX311,,TX,Athens,2026-08-06,,,2027,RV,New,,31.77,11.13,gott,,46,7.99,20000,20000,false,,,9.49,Core,Core,1.04,0,,0,85000,791,Source One Financial Services,TX,,0,0,TX311,Core
247231,lgrace,25448,204,Conditional Approval,Blue Compass RV - Columbia - SC136,Blue Compass,SC,Lexington,2026-08-06,2026-08-06,,2026,RV,New,,25.27,4.35,jsmith,,17,10.24,0,12000,false,,,11.74,Core,Core,0.64,0,,0,39474,693,Source One Financial Services,SC, zach smith,1,1,SC136,Core
247331,ccampos,46758.36,180,Decline,BLUE COMPASS RV - LUBBOCK - TX117,Blue Compass,TX,Lubbock,2026-08-06,,,2017,RV,Used,,43.17,4.82,gott,,9,10.99,4800,4800,false,,,12.49,Core,Core,1.3,0,,0,36050,710,Source One Financial Services,TX, kyle mills,0,0,TX117,Core
247208,eavila,25878.46,120,Booked,CRABTREE RV CENTER INC - AR101,,AR,ALMA,2026-08-06,2026-08-06,2026-08-12,2026,RV,New,,29.26,6.71,jweller,8561,459,11.49,2000,2000,false,6955,1147,11.74,Silver 1,Not Applicable,1.12,258.78,1,0,23096,667,Connexus Credit Union,AR, mike jennings,1,0,AR101,Not Applicable
247350,,49864,180,Auto Decline,Bob Hurley RV-Tulsa OK137,,OK,Tulsa,2026-08-06,,,2027,RV,New,842,71.37,5.66,jweller,,0,22.99,17500,17500,false,,,23.99,Bronze,Bronze,0.66,0,,0,75835,615,Source One Financial Services,IL,,0,0,OK137,Business First
247226,mlomedico,79191.32,180,Booked,Cedar City RV  - ETN103,EPIC,TN,Lebanon,2026-08-06,2026-08-06,2026-08-10,2027,RV,New,,37.17,5.36,S1House,5976,130,10.24,10000,10000,false,4123,1723,11.74,Core,Core,1,4751.48,6,0,79050,693,Source One Financial Services,TN, mia williams,1,0,ETN103,Core
247423,lgrace,78108.76,240,Decline,Giant RV - Montclair - SCA155,Giant RV,CA,Montclair,2026-08-06,2026-08-06,,2026,RV,New,,31.76,3.35,jrubi,,1183,9.99,25000,25000,false,,,11.49,Core,Core,1.02,0,,0,76749,704,Source One Financial Services,CA, john pine,0,0,SCA155,Core
247370,ccampos,58187.48,180,Decline,TEXAS RV OUTLET SUPERSTORE - TX331,,TX,WILLOW PARK,2026-08-06,,,2023,RV,Used,,26.31,4.89,gott,,60,14.49,6000,6000,false,,,15.49,Silver 1,Not Applicable,0.77,0,,0,75600,653,Connexus Credit Union,TX, dustin cluiss,0,0,TX331,Not Applicable
247317,,51163,180,Auto Decline,HOWARD RV CENTER - NC145,,NC,Wilmington,2026-08-06,,,2021,RV,Used,561,12.15,11.73,jsmith,,0,22.99,5600,5600,false,,,23.99,Bronze,Bronze,1.22,0,,0,41944,614,Source One Financial Services,NC,,0,0,NC145,Business First
247333,thovey,48774,180,Auto Approval,Rocky Ridge RV of McAlester - OK145,Rocky Ridge,OK,McAlester,2026-08-06,2026-08-12,,2026,RV,New,748,33.64,6.49,jweller,,8526,8.74,0,1000,false,,,10.49,Core,Core,1.1,0,,0,44535,774,Source One Financial Services,OK, doug menees,1,1,OK145,Core
247240,sdelarosa,46087.84,180,Approved,HORIZON RV CENTER - GA136,,GA,LAKE PARK,2026-08-06,2026-08-06,,2027,RV,New,,38.04,5.29,jsmith,,34,12.49,4700,4700,false,,,13.49,Silver 1,Silver 1,1.02,0,,0,45303,663,Source One Financial Services,GA, lazaro remolina,1,1,GA136,Silver
247334,hhisek,39826.38,204,Auto Approval,Texas Marine - Clear Lake -TX354,OneWater ,TX,SEABROOK,2026-08-06,2026-08-07,,2015,Boat,Used,,28.53,2.03,gott,,1339,8.99,4000,4000,false,,,10.49,Core,Core,0.87,0,,0,45805,782,Source One Financial Services,TX, seth franco,1,1,TX354,Core
247305,Jhill,57766.42,204,Conditional Approval,Rock Solid Funding LLC - TX536,RSF,TX,BEDFORD,2026-08-06,2026-08-06,,2015,RV,Used,804,43.66,5.67,S1House,,33,8.49,6200,6200,false,,,9.99,Core,Core,0.55,0,,0,104500,821,Source One Financial Services,IN, caleb grassi,1,1,TX536,Core
247302,,9619,120,Auto Decline,LEONARD TRUCK and TRAILER INC. -OH164,,OH,NORTH JACKSON,2026-08-06,,,2026,RV,New,,49.82,4.76,jharrington1,,0,22.99,0,0,false,,,23.99,Bronze,Bronze,1.52,0,,0,6319,579,Source One Financial Services,OH,,0,0,OH164,Business First
247265,sdelarosa,138088.87,240,Auto Approval,Blue Compass RV - North Myrtle Beach - SC137,Blue Compass,SC,North Myrtle Beach,2026-08-06,2026-08-06,,2027,RV,New,791,29.39,3.34,jsmith,,20,7.49,30000,14901.13,false,,,8.99,Core,Core,1.23,0,,0,112194,822,Source One Financial Services,SC, adam dix,1,1,SC137,Core
247267,,29393.34,180,Cancelled,ROYS RV SUPERCENTER LLC - WV101,,WV,ELKINS,2026-08-06,,,2025,RV,New,,0,0,jharrington1,,,22.99,0,0,false,,,23.99,Bronze,Bronze,1.05,0,,0,28115,,Source One Financial Services,WV, aaron harlan,0,0,WV101,Business First
247400,Jhill,18955.43,144,Decline,Bish's RV of Birmingham - AL172,Bish's RV,AL,calera,2026-08-06,,,2026,RV,New,,39.05,2.67,jsmith,,27,13.74,1000,1000,false,,,14.74,Silver 1,Silver 1,1.1,0,,0,17278,649,Source One Financial Services,FL, chad knight,0,0,AL172,Silver
247313,hhisek,103883.97,240,Booked,Marine World of Texas-TX532,,TX,Whitehouse,2026-08-06,2026-08-11,2026-08-13,2021,Boat,Used,,18.08,2.37,gott,10050,7345,10.24,10000,14000,false,2704,1,10.99,Core,Core,0.98,3116.52,3,0,106030,728,Source One Financial Services,TX, brenda morales,1,0,TX532,Core
247212,hhisek,68038.98,180,Decline,OPTIMUM RV TX LLC - Robstown - TX481,Optimum RV,TX,ROBSTOWN,2026-08-06,,,2026,RV,New,,32.39,15.53,gott,,178,9.49,0,0,false,,,10.99,Core,Not Applicable,1.08,0,,0,62717,750,Connexus Credit Union,LA, josh brewer,0,0,TX481,Not Applicable
247251,sbaker,14459.29,120,Decline,Rock Solid Funding LLC - TX536,RSF,TX,BEDFORD,2026-08-06,,,2019,RV,Used,822,37.14,3.62,S1House,,1748,8.49,5000,5000,false,,,9.99,Core,Core,0.64,0,,0,22450,852,Source One Financial Services,TX, ashley rogers,0,0,TX536,Core
247178,lgrace,59468.25,240,Decline,Intercoastal Financial Group LLC - 17401746,IFG,FL,Vero Beach,2026-08-06,2026-08-06,,2025,Boat,Used,,49.18,14.79,S1House,,5925,9.74,6000,6000,false,,,10.99,Core,Core,0.65,0,,0,91145,734,Source One Financial Services,FL, hunter miller,0,0,17401746,Core
247189,Jhill,34514,180,Decline,"Vantage Recreational Finance, Inc. -FL291",VRF,FL,FORT LAUDERDALE,2026-08-06,,,2023,Boat,Used,672,21.21,1.73,S1House,,16,10.24,3000,3000,false,,,11.74,Core,Core,0.43,0,,0,80986.5,738,Source One Financial Services,NY, andrea strawn-ingram,0,0,FL291,Core
247273,mlomedico,9690.5,60,Booked,PPL MOTORHOMES - OK124,,OK,EL RENO,2026-08-06,2026-08-10,2026-08-10,2017,RV,Used,,25.82,3.26,jweller,8390,5962,13.24,1500,1500,false,2427,1,13.24,Core,Core,1.08,96.91,1,0,8950,760,Source One Financial Services,OK, brandon ray,1,0,OK124,Core
247159,lgrace,114994,240,Decline,Intercoastal Financial Group LLC - 17401746,IFG,FL,Vero Beach,2026-08-06,,,2007,Boat,Used,,58.38,5.11,S1House,,33,9.49,28756,28756,false,,,10.74,Core,Core,0.85,0,,0,135000,810,Source One Financial Services,TN, phil swaun,0,0,17401746,Core
247182,rsimmons,57894.5,240,Approved,GREAT AMERICAN RV SUPERSTORE-HAMMOND - LA105,,LA,HAMMOND,2026-08-06,2026-08-06,,2026,RV,New,,33.82,4.32,gott,,12,9.99,7400,10123.24,false,,,11.49,Core,Core,1.03,0,,0,56094,705,Source One Financial Services,LA, kerry turlich,1,1,LA105,Core
247301,lgrace,22684.9,144,Decline,NewCoast - Boatzon - FL356,Marine Max,FL,Oldsmar,2026-08-06,,,2025,Boat,New,,42.76,3.32,S1House,,22,10.24,2100,2100,false,,,11.74,Core,Core,1.35,0,,0,16785,681,Source One Financial Services,FL, ian woodward,0,0,FL356,Core
247359,Jhill,159995.66,240,Auto Approval,BRETZ RV & MARINE - MISSOULA - MT116,Bretz RV,MT,Missoula,2026-08-06,2026-08-06,,2026,RV,New,,48.28,5.34,dzilberchtein,,40,8.99,31000,31019,false,,,10.49,Core,Core,1,0,,0,160042,749,Source One Financial Services,MT, anthony lecoure,1,1,MT116,Core
247172,lgrace,53990,240,Conditional Approval,Blue Compass RV - Columbia NE - SC149,Blue Compass,SC,Mcbee,2026-08-06,2026-08-06,,2018,RV,Used,,14.57,7.47,jsmith,,24,8.49,8600,15600,false,,,9.99,Core,Core,1.13,0,,0,47630,807,Source One Financial Services,SC, josh ball,1,1,SC149,Core
247183,Jhill,149501,240,Decline,"Dyer Marine LKN, LLC - NC150",,NC,Mooresville,2026-08-06,,,2026,Boat,New,,30.26,2.67,jsmith,,33,12.49,28000,28000,false,,,13.49,Silver 1,Not Applicable,0.88,0,,0,170113,677,Ideal Credit Union,NC, cori wagoner,0,0,NC150,Not Applicable
247282,rsimmons,63401.75,240,Approved,Ron Hoover Companies Katy -TX275,Ron Hoover,TX,Katy,2026-08-06,2026-08-06,,2026,RV,New,784,29.09,3.01,gott,,14,7.99,5000,5000,false,,,9.49,Core,Core,0.83,0,,0,76031,796,Source One Financial Services,TX, greg woods,1,1,TX275,Core
247403,thovey,38358,180,Decline,"Kris Willis RV, LLC -MO127",,MO,Dexter,2026-08-06,,,2026,RV,New,661,41.99,3.72,jweller,,1289,10.24,5000,12000,false,,,11.74,Core,Core,0.87,0,,0,43940,686,Source One Financial Services,MO, mikayla hall,0,0,MO127,Core
247402,Jhill,21800.83,144,Booked,TEX Star RV- TX535,,TX,Azle,2026-08-06,2026-08-07,2026-08-10,2021,RV,Used,826,29.24,1.68,gott,5753,1379,7.99,2000,2000,false,45,4329,8.99,Core,Core,0.95,872.03,4,0,23000,839,Source One Financial Services,TX,,1,0,TX535,Core
247168,,26459,180,Auto Decline,"Vantage Recreational Finance, Inc. -FL291",VRF,FL,FORT LAUDERDALE,2026-08-06,,,2008,Boat,Used,,0,0,S1House,,0,22.99,2650,2650,false,,,23.99,Bronze,Bronze,1.06,0,,0,25000,,Source One Financial Services,NC,,0,0,FL291,Business First
247207,,19631.7,144,Auto Decline,NewCoast - Boatzon - FL356,Marine Max,FL,Oldsmar,2026-08-06,,,2009,Boat,Used,,0,0,S1House,,0,22.99,0,8000,false,,,23.99,Bronze,Bronze,0.95,0,,0,20670,,Source One Financial Services,IA,,0,0,FL356,Business First
247209,,32578.32,180,Auto Decline,Bama RV - Opelika - AL151,,AL,Opelika,2026-08-06,,,2024,RV,Used,,37.12,7.46,jsmith,,0,14.99,0,6642,false,,,15.99,Silver 2,Silver 2,1.26,0,,0,25800,629,Source One Financial Services,AL,,0,0,AL151,Silver
247382,ccampos,30701,144,Conditional Approval,COUNTY LINE CAMPERS - MS108,,MS,GULFPORT,2026-08-06,2026-08-06,,2026,RV,New,,11.24,6.39,jsmith,,77,9.99,8000,8000,false,,,10.49,Core,Not Applicable,0.99,0,,0,30937,683,Connexus Credit Union,MS,,1,1,MS108,Not Applicable
247343,,45743.98,240,Auto Decline,Mountaineer RV & Outdoor Center - MT. Nebo - WV105,,WV,Mt Nebo,2026-08-06,,,2026,RV,New,,62.37,0,jharrington1,,0,13.74,0,0,false,,,14.74,Silver 1,Silver 1,1.16,0,,0,39425,649,Source One Financial Services,WV,,0,0,WV105,Silver
247276,sbaker,49717.39,240,Auto Approval,GIBBS OUTDOOR and RECREATION - TX454,,TX,WACO,2026-08-06,2026-08-06,,2022,RV,Used,,46.74,5.26,gott,,60,7.99,5500,5500,false,,,9.49,Core,Core,0.8,0,,0,61850,824,Source One Financial Services,MS, colby longenbaugh,1,1,TX454,Core
247193,jharrington1,138375,240,Decline,"Campers Inn RV of South Louisville, Inc. - KY147",Campers Inn,KY,Lebanon Junction,2026-08-06,2026-08-06,,2025,RV,New,721,31.46,8.55,jharrington1,,1770,8.74,0,14000,false,,,10.24,Core,Core,1.14,0,,0,120950,776,Source One Financial Services,TN, bruce brown,0,0,KY147,Core
247248,Jhill,28743.25,180,Auto Approval,Phil Dill Boats -TX104,OneWater ,TX,Lewisville,2026-08-06,2026-08-06,,2016,Boat,Used,747,37.07,2.25,gott,,105,8.49,0,0,false,,,9.99,Core,Core,1.25,0,,0,22930,857,Source One Financial Services,TX, cory dill,1,1,TX104,Core
247216,Jhill,10893,120,Auto Approval,"CSRA Camperland, Inc - GA159",,GA,Martinez,2026-08-06,2026-08-10,,2025,RV,Used,,11.47,1.23,jsmith,,5695,11.74,900,900,false,,,11.74,Silver 1,Not Applicable,0.94,0,,0,11650,676,Connexus Credit Union,GA, phillip price,1,1,GA159,Not Applicable
247363,pmeza,30784.42,146,Verifications Incomplete,Fun Town RV Ottawa LLC - KS125,Fun Town,KS,Ottawa,2026-08-06,2026-08-13,,2019,RV,Used,749,17.18,6.26,jweller,,9837,9.74,2400,2400,false,,1,10.24,Core,Core,1.4,615.69,2,0,22000,780,Source One Financial Services,KS, justin hernandez,1,1,KS125,Core
247293,rsimmons,30373.67,180,Approved,Ron Hoover - Laredo - TX498,Ron Hoover,TX,Laredo,2026-08-06,2026-08-06,,2026,RV,New,818,23.42,1.78,gott,,8,7.49,3700,3700,false,,,8.99,Core,Core,0.93,0,,0,32789,876,Source One Financial Services,TX, geno quintanilla,1,1,TX498,Core
247414,eavila,49560.05,240,Approved,RGV RV SALES - TX569,,TX,Mission,2026-08-06,2026-08-06,,2027,RV,New,751,25.98,2.24,gott,,25,7.49,5020,5020,false,,,8.99,Core,Core,0.97,0,,0,51085,818,Source One Financial Services,TX, aldo camarillo,1,1,TX569,Core
247309,pmeza,39292,180,Decline,RV SUPERCENTER - SCA145,,CA,MENIFEE,2026-08-06,,,2027,RV,New,532,47.09,1.69,jrubi,,68,7.49,500,500,false,,,8.99,Core,Core,0.97,0,,0,40448,804,Source One Financial Services,CA, veronica costa,0,0,SCA145,Core
247221,,53728,180,Auto Decline,OUTLET RECREATION-DETROIT LAKES LOC - MN3028,,MN,DETROIT LAKES,2026-08-06,,,2016,RV,Used,,46.24,14.94,dzilberchtein,,0,13.74,5000,5000,false,,,14.74,Silver 1,Silver 1,0,0,,0,0,670,Source One Financial Services,ND,,0,0,MN3028,Silver
247298,hhisek,65224,204,Decline,Woodland Airstream of Indiana - IN216,,IN,Lebanon,2026-08-06,,,2026,RV,New,,25.77,13.69,jharrington1,,11,12.49,6700,6700,false,,,13.49,Silver 1,Silver 1,1.12,0,,0,58352,662,Source One Financial Services,IN,,0,0,IN216,Silver
247271,rsimmons,37861.34,204,Conditional Approval,BLUE COMPASS RV - CORPUS CHRISTI - TX459,Blue Compass,TX,CORPUS CHRISTI,2026-08-06,2026-08-06,,2026,RV,New,,16.54,3.35,gott,,28,9.74,5000,5000,false,,,11.24,Core,Core,1.09,0,,0,34625,729,Source One Financial Services,TX, elisa escamilla,1,1,TX459,Core
247341,,30077.99,180,Auto Decline,Ashley Marine - Panama City -  FL255,,FL,Panama City,2026-08-06,,,2026,Boat,New,,36.33,4.03,wstoutimore,,0,22.99,0,0,false,,,23.99,Bronze,Bronze,1.3,0,,0,23125,612,Source One Financial Services,FL,,0,0,FL255,Business First
247224,pmeza,69204.47,204,Auto Approval,Johnston RV Center - AL134,,AL,Decatur,2026-08-06,2026-08-06,,2026,RV,New,787,28.27,5.15,jsmith,,14,7.99,1000,1000,false,,,9.49,Core,Core,0.85,0,,0,80952,793,Source One Financial Services,AL, sarah kirkpatrick,1,1,AL134,Core
247281,sdelarosa,35015.31,180,Decline,BRITTBLAIR LLC - IN188,,IN,KOKOMO,2026-08-06,,,2027,RV,New,593,30.74,4.63,jharrington1,,13,10.24,5000,5000,false,,,11.74,Core,Core,0.89,0,,0,39207,688,Source One Financial Services,TX, austin earley,0,0,IN188,Core
247270,,22744,180,Auto Decline,"Vantage Recreational Finance, Inc. -FL291",VRF,FL,FORT LAUDERDALE,2026-08-06,,,2007,Boat,Used,,0,0,S1House,,0,22.99,20000,20000,false,,,23.99,Bronze,Bronze,0.52,0,,0,43400,,Source One Financial Services,NC,,0,0,FL291,Business First
247360,Jhill,33970.38,180,Booked,All American Coach Co -OH102,,OH,SYLVANIA,2026-08-06,2026-08-07,2026-08-07,2026,RV,New,,42.47,5.26,jharrington1,1381,1236,10.24,3200,3200,false,145,0,11.74,Core,Core,0.97,2038.22,6,0,35174,692,Source One Financial Services,OH, william dickerson,1,0,OH102,Core
247186,,11479.7,120,Auto Decline,PPL MOTORHOMES - OK124,,OK,EL RENO,2026-08-06,,,2022,RV,Used,,48.7,2.09,jweller,,0,13.24,1150,1150,false,,,14.24,Silver 1,Silver 1,0.79,0,,0,14545,665,Source One Financial Services,OK,,0,0,OK124,Silver
247268,,9314.68,120,Auto Decline,Chesaco RV - Hamburg - PA142,,PA,Hamburg,2026-08-06,,,2026,RV,New,541,39.44,2.23,jharrington1,,0,22.99,6000,6000,false,,,23.99,Bronze,Bronze,0.85,0,,0,11008,615,Source One Financial Services,PA,,0,0,PA142,Business First
247214,rsimmons,31896.41,180,Decline,QUALITY MARINE ASSOCIATES INC - TX415,,TX,ONALASKA,2026-08-06,,,2024,Boat,Used,,40.57,5.51,gott,,20,12.49,0,0,false,,,13.49,Silver 1,Silver 1,1.09,0,,0,29220,676,Source One Financial Services,TX, ronnie heldenbrand,0,0,TX415,Silver
247299,hhisek,40285.74,180,Decline,Golden Triangle Homes and RV Inc -TX179,,TX,Vidor,2026-08-06,,,2023,RV,Used,459,12.14,5.4,gott,,1,10.24,0,0,false,,,11.74,Core,Core,1.11,0,,0,36370,738,Source One Financial Services,TX, jeremiah harrington,0,0,TX179,Core
247306,,32976.57,180,Auto Decline,SOUTHERN RV INC - GA128,,GA,MCDONOUGH,2026-08-06,,,2026,RV,New,,23.92,11.41,jsmith,,0,22.99,3400,3400,false,,,23.99,Bronze,Bronze,1.05,0,,0,31270,589,Source One Financial Services,GA,,0,0,GA128,Business First
247373,sdelarosa,8643,120,Decline,GEORGIA RV OUTLET LLC - GA107,,GA,CARTERSVILLE,2026-08-06,,,2011,RV,Used,711,18.78,1.02,jsmith,,5,13.49,1000,1000,false,,,13.99,Core,Core,1.32,0,,0,6550,692,Source One Financial Services,SC, shawn deuber,0,0,GA107,Core
247332,Jhill,15751.03,144,Decline,Ashley Marine LLC - Stapleton - AL168,,AL,Stapleton,2026-08-06,2026-08-06,,2026,Boat,New,675,104.68,3.44,jsmith,,6890,9.99,2000,2000,false,,,9.99,Core,Core,0.93,0,,0,16967,701,Source One Financial Services,AL, joey hawkins,0,0,AL168,Core
247220,eavila,20223.7,180,Decline,ADVENTURE MOTORHOMES - SC118,,SC,GREEER,2026-08-06,,,2025,RV,New,,45.98,4.14,jsmith,,98,13.74,2000,2000,false,,,14.74,Silver 1,Not Applicable,0.66,0,,0,30619,646,Connexus Credit Union,NC, keith palmer,0,0,SC118,Not Applicable
247292,pmeza,26342.74,204,Auto Approval,Liberty RV-MO107,,MO,Liberty,2026-08-06,2026-08-06,,2021,RV,Used,717,17.3,2.39,jweller,,48,9.49,0,0,false,,,10.99,Core,Core,1.09,0,,0,24100,743,Source One Financial Services,MO, travis evans,1,1,MO107,Core
247185,jharrington1,46768,180,Decline,RV USA - OH188,,OH,NORWALK,2026-08-06,,,2019,RV,Used,,23.17,0,jharrington1,,51,13.74,5000,5000,false,,,14.74,Silver 1,Not Applicable,0.62,0,,0,75880,664,Connexus Credit Union,IL,,0,0,OH188,Not Applicable
247249,hhisek,8306.14,60,Conditional Approval,Buckeye RV LLC -OH225,,OH,Jefferson,2026-08-06,2026-08-06,,2014,RV,Used,715,37.02,1.13,jharrington1,,13,13.49,800,800,false,,,13.99,Core,Core,0.76,0,,0,11000,695,Source One Financial Services,OH, tim christner,1,1,OH225,Core
247164,rsimmons,53307.29,240,Decline,Rinkers Boat World - Houston - ETX132,EPIC,TX,Houston,2026-08-06,,,2023,Boat,Used,,14.91,4.54,S1House,,6,14.49,10000,10000,false,,,15.49,Silver 1,Silver 1,0.89,0,,0,59665,648,Source One Financial Services,TX, jp lixie,0,0,ETX132,Silver
247420,edominguez,30680,180,Pending,Blue Compass RV - Park City-KS117,Blue Compass,KS,Park City,2026-08-06,2026-08-06,,2026,RV,New,,12.56,1.01,jweller,,16,10.24,3000,3100,false,,,11.74,Core,Core,0.9,0,,0,33924.25,683,Source One Financial Services,KS, hailli barnes,0,0,KS117,Core
247176,rsimmons,36703.73,180,Conditional Approval,RV ROADWAY - OPELIKA - AL131,,AL,OPELIKA,2026-08-06,2026-08-06,,2026,RV,New,623,38.89,3.12,jsmith,,13,10.24,10000,10000,false,,,11.74,Core,Core,0.74,0,,0,49883,697,Source One Financial Services,WV, robin thurmond,1,1,AL131,Core
247419,eavila,95797.78,240,Decline,RV COUNTRY - FRESNO - NCA115,RV Country,CA,FRESNO,2026-08-06,,,2016,RV,Used,,41.11,9.26,jrubi,,35,13.74,70000,70000,false,,,14.74,Silver 1,Silver 1,0.61,0,,0,156350,666,Source One Financial Services,ID, ryan davis,0,0,NCA115,Silver
247384,mlomedico,58881.96,240,Decline,RV Dynasty - IN177,,IN,Bunker Hill,2026-08-06,,,2026,RV,New,,70.18,13.48,jharrington1,,26,7.99,0,0,false,,,9.49,Core,Core,0.95,0,,0,62029,792,Source One Financial Services,NJ, jeff gunnell,0,0,IN177,Core
247201,,92160,240,Auto Decline,Smith RV - WY105,,WY,Evansville,2026-08-06,,,2022,RV,Used,690,39.57,7.88,dzilberchtein,,0,22.99,2500,-2000,false,,,23.99,Bronze,Bronze,1.25,0,,0,73637,583,Source One Financial Services,OR,,0,0,WY105,Business First
247376,ccampos,215121.65,204,Auto Approval,La Mesa RV Center - Phoenix - AZ354,La Mesa,AZ,Phoenix,2026-08-06,2026-08-13,,2026,RV,New,,27.43,5.71,edominguez,,9735,9.74,22000,22000,false,,,11.24,Core,Core,0.74,0,,0,289268.88,731,Source One Financial Services,CO, mark watman,1,1,AZ354,Core
247316,rsimmons,44565.07,204,Conditional Approval,Bayside Marine INC-TX540,,TX,Port Isabel,2026-08-06,2026-08-06,,2022,Boat,Used,,24.46,3.32,gott,,10,7.99,0,10250,false,,,7.99,Core,Core,0.96,0,,0,46218,857,Source One Financial Services,TX, daniel cortez,1,1,TX540,Core
247225,Jhill,99428.16,180,Auto Decline,Campers Unlimited - Gadsden-AL152,,AL,Gadsden,2026-08-06,,,2026,RV,New,,54.57,15.65,jsmith,,15,22.99,13000,20000,false,,,23.99,Silver 1,Silver 1,1.01,0,,0,98862,667,Source One Financial Services,AL, david tyler,0,0,AL152,Silver
247372,eavila,38927,180,Auto Approval,RV SUPERCENTER - SCA145,,CA,MENIFEE,2026-08-06,2026-08-12,,2025,RV,New,,21.2,5.1,jrubi,,8660,7.99,0,0,false,,,9.49,Core,Core,0.97,0,,0,40085,784,Source One Financial Services,CA, veronica costa,1,1,SCA145,Core
247227,jharrington1,33508.65,204,Booked,4Zs RVs -IN163,Easy Care,IN,PERU,2026-08-06,2026-08-08,2026-08-10,2027,RV,New,,25.39,1.66,jharrington1,5951,3181,10.24,1500,5019.1,false,2757,13,11.74,Core,Core,0.91,2010.52,6,0,36954,690,Source One Financial Services,IL, bradley taylor,1,0,IN163,Core
247177,sbaker,45036.85,180,Decline,The Outpost RV Inc -IN144,,IN,Middlebury,2026-08-06,,,2026,RV,New,,32.08,5.3,jharrington1,,41,12.49,4615,4615,false,,,13.49,Silver 1,Silver 1,0.94,0,,0,47968,667,Source One Financial Services,MO,,0,0,IN144,Silver
247253,hhisek,40799.66,240,Booked,Blue Compass RV - St. Louis - MO230,Blue Compass,MO,Eureka,2026-08-06,2026-08-10,2026-08-10,2026,RV,New,674,33.22,3.2,jweller,6278,6164,10.24,3300,3300,false,113,1,11.74,Core,Core,1.17,2447.98,6,0,34982,685,Source One Financial Services,MO, alex kennard,1,0,MO230,Core
247228,eavila,29250,180,Auto Approval,INLAND BOAT CENTER INC - SCA106,,CA,PERRIS,2026-08-06,2026-08-06,,2018,Boat,Used,769,49.27,3.22,jrubi,,41,8.49,3250,3250,false,,,9.99,Core,Core,1.03,0,,0,28370,806,Source One Financial Services,CA, taylor nissen,1,1,SCA106,Core
247195,,34104.99,180,Auto Decline,BLUE COMPASS RV - BOERNE - TX422,Blue Compass,TX,Boerne,2026-08-06,,,2027,RV,New,,43.54,18.44,gott,,0,22.99,3500,3500,false,,,23.99,Bronze,Bronze,0.86,0,,0,39554,610,Source One Financial Services,TX,,0,0,TX422,Business First
247188,hhisek,52265.35,180,Auto Approval,GREAT AMERICAN RV SUPERSTORE-TUPELO - MS114,,MS,BELDEN,2026-08-06,2026-08-06,,2013,RV,Used,,49.69,5.8,jsmith,,76,8.99,5000,5000,false,,,10.49,Core,Core,1,0,,0,52250,847,Source One Financial Services,MS, dj miller,1,1,MS114,Core
247385,ccampos,20140.72,144,Decline,Top Notch RV LLC - NC149,,NC,Benson,2026-08-06,,,2017,RV,Used,,39.34,5.78,jsmith,,58,13.74,2500,2500,false,,,14.74,Silver 1,Silver 1,0.9,0,,0,22450,672,Source One Financial Services,NC, david hall,0,0,NC149,Silver
247319,pmeza,36791.44,204,Auto Approval,Bish's RV of Oak Grove - KY154,Bish's RV,KY,Oak Grove,2026-08-06,2026-08-06,,2026,RV,New,,41.04,11.7,jharrington1,,60,10.24,2500,2500,false,,,11.74,Core,Core,1,0,,0,36919,694,Source One Financial Services,TN, todd miillsap,1,1,KY154,Core
247352,,68434.2,240,Auto Decline,Modern Classic RVs - CO170,,CO,Grand Junction,2026-08-06,,,2025,RV,Used,,24.21,14.29,dzilberchtein,,0,13.74,8000,1436,false,,,14.74,Silver 1,Silver 1,0.92,0,,0,74500,649,Source One Financial Services,CO,,0,0,CO170,Silver
247242,mlomedico,17693.6,144,Auto Approval,Noteboom RV LLC- Harrisburg -SD106,,SD,Harrisburg,2026-08-06,2026-08-06,,2021,RV,Used,674,37.34,1.81,dzilberchtein,,91,11.49,1900,1900,false,,,12.49,Core,Core,0.91,0,,0,19525,681,Source One Financial Services,SD, finance noteboom rv,1,1,SD106,Core
247180,Jhill,34370,240,Decline,Intercoastal Financial Group LLC - 17401746,IFG,FL,Vero Beach,2026-08-06,,,1996,Boat,Used,771,10.32,1.11,S1House,,11,9.99,3500,3500,false,,,11.24,Core,Core,1.23,0,,0,28000,789,Source One Financial Services,VA, hunter miller,0,0,17401746,Core
247229,,64264.4,240,Auto Decline,ADAMEC MARINE - FL123,,FL,ORANGE PARK,2026-08-06,,,2026,Boat,New,,50.18,8.05,pcarter,,0,13.74,6700,6700,false,,,14.74,Silver 1,Silver 1,0.81,0,,0,79249.11,650,Source One Financial Services,NC,,0,0,FL123,Silver
247340,ccampos,25950.19,180,Approved,Fun Town RV - Indianapolis - IN215,Fun Town,IN,Edinburgh,2026-08-06,2026-08-06,,2026,RV,New,797,31.44,3.03,jharrington1,,15,7.49,15000,15000,false,,,8.99,Core,Core,0.71,0,,0,36324,804,Source One Financial Services,IL, chase ackeret,1,1,IN215,Core
247297,,31313.24,180,Auto Decline,WHITE SANDS RV LLC - AL122,,AL,SUMMEDALE,2026-08-06,,,2026,RV,New,,56.63,5.42,jsmith,,0,22.99,3300,3300,false,,,23.99,Bronze,Bronze,0.81,0,,0,38700,598,Source One Financial Services,FL,,0,0,AL122,Business First
247241,sbaker,24926.21,144,Decline,AIRPORT MARINE INC - AL102,,AL,ALABASTER,2026-08-06,,,2026,Boat,New,,19.31,7.13,jsmith,,6,13.74,0,0,false,,,13.77,Silver 1,Silver 1,1.37,0,,0,18144.56,649,Source One Financial Services,AL, gene quann,0,0,AL102,Silver
247357,ahunt,121968.9,240,Booked,Blue Compass RV - Anderson - Sales - NCA144,Blue Compass,CA,Anderson,2026-08-06,2026-08-08,2026-08-10,2027,RV,New,,22.21,6.29,jrubi,5966,2824,7.49,20000,16667.71,false,3142,0,8.24,Core,Core,1.33,3659.07,3,0,91695,795,Source One Financial Services,CA, matthew siemens,1,0,NCA144,Core
247184,lgrace,19813.94,168,Auto Approval,Beckley's Camping Center - MD111,,MD,Thurmont,2026-08-06,2026-08-07,,2018,RV,Used,705,40.31,2.42,gcoulombe,,1293,10.99,5000,5029,false,,,12.49,Core,Core,0.93,0,,0,21350,711,Source One Financial Services,PA, tony mills,1,1,MD111,Core
247190,lgrace,46082.85,120,Auto Approval,MURPHY RV LLC - FL184,,FL,MELBOURNE,2026-08-06,2026-08-06,,2017,RV,Used,,39.48,11.55,pcarter,,214,11.85,4600,4600,false,,,12.35,Core,Not Applicable,0.9,0,,0,51165,689,Ideal Credit Union,FL, bristol litfin,1,1,FL184,Not Applicable
247321,ahunt,55008.94,240,Decline,"THE BOAT HOUSE OF CAPE CORAL, LLC - FL111",,FL,CAPE CORAL,2026-08-06,,,2023,Boat,Used,668,87.97,3.71,wstoutimore,,9,10.74,10000,10000,false,,,12.24,Core,Core,0.93,0,,0,59395,693,Source One Financial Services,FL, darian martin,0,0,FL111,Core
247217,,31896.41,144,Cancelled,QUALITY MARINE ASSOCIATES INC - TX415,,TX,ONALASKA,2026-08-06,,,2024,Boat,Used,,0,0,gott,,,22.99,0,0,false,,,23.99,Bronze,Bronze,1.34,0,,0,23820,,Source One Financial Services,TX, ronnie heldenbrand,0,0,TX415,Business First
247413,,73884,180,Auto Decline,Apache Village RV-Hazelwood -MO113,,MO,Hazelwood,2026-08-06,,,2011,RV,Used,,34.73,25.45,jweller,,0,10.24,8750,8750,false,,,11.99,Core,Core,0,0,,0,0,773,Source One Financial Services,FL,,0,0,MO113,Core
247174,Jhill,316484,240,Decline,Warrior Financial - OH236,Warrior Performance,OH,Columbus,2026-08-06,,,2022,Boat,Used,800,1.99,1.99,jharrington1,,10163,8.49,172200,172200,false,,,9.99,Core,Not Applicable,1,0,,0,316510,838,BMO Harris Bank,FL, bob rose iii,0,0,OH236,Not Applicable
247254,edominguez,17066.08,168,Conditional Approval,BLUE COMPASS RV - MESA - AZ245,Blue Compass,AZ,MESA,2026-08-06,2026-08-06,,2023,RV,Used,798,33.18,1.23,edominguez,,56,7.99,5000,5000,false,,,9.49,Core,Core,0.83,0,,0,20500,807,Source One Financial Services,AZ, steven clark,1,1,AZ245,Core
247345,ahunt,35561.24,180,Booked,Miles RV Center - NC165,,NC,Hendersonville,2026-08-06,2026-08-07,2026-08-10,2026,RV,New,,44.78,6.83,jsmith,5821,1530,9.74,3000,5847.76,false,4291,0,11.24,Core,Core,1.24,2133.67,6,0,28745,736,Source One Financial Services,SC, jevon bryant,1,0,NC165,Core
247245,thovey,76812.09,240,Decline,Blue Compass RV - San Marcos - SCA167,Blue Compass,CA,San Marcos,2026-08-06,,,2026,RV,New,,40.08,11.5,jrubi,,39,12.49,2500,2500,false,,,13.49,Silver 1,Silver 1,1.17,0,,0,65775,677,Source One Financial Services,CA, billy rodger,0,0,SCA167,Silver
247387,pmeza,43851.44,180,Conditional Approval,Boat Country Inc - SCA177,,CA,Ripon,2026-08-06,2026-08-06,,2025,Boat,Used,,27.9,3.06,jrubi,,90,8.49,4000,4000,false,,,9.49,Core,Not Applicable,0.93,0,,0,46920,716,Connexus Credit Union,CA, patrick mulry,1,1,SCA177,Not Applicable
247327,,60127.95,204,Auto Decline,Little Guy Trailers - SCA171,,CA,San Diego,2026-08-06,,,2026,RV,New,,34.29,10.97,jrubi,,0,22.99,0,0,false,,,23.99,Bronze,Bronze,1.36,0,,,44157,534,Source One Financial Services,CA,,0,0,SCA171,Business First
247287,sbaker,20019.24,180,Approved,Bradford Marine & ATV-Rogers - AR145,Bradford Marine,AR,Rogers,2026-08-06,2026-08-06,,2026,Boat,New,705,20.19,3.32,jweller,,17,9.99,2000,2000,false,,,11.49,Core,Core,1.11,0,,0,17980,704,Source One Financial Services,AR, david sturgis,1,1,AR145,Core
247218,thovey,72038.46,240,Decline,RV VALUE MART- PA101,,PA,MANHEIM,2026-08-06,,,2026,RV,New,657,39.09,4.86,jharrington1,,4,12.49,0,6500,false,,,13.49,Silver 1,Silver 1,0.85,0,,0,84401,665,Source One Financial Services,MA, eric knauer,0,0,PA101,Silver
247200,Jhill,10478.58,120,Auto Approval,Blue Compass RV - Macon - GA157,Blue Compass,GA,Byron,2026-08-06,2026-08-06,,2019,RV,Used,,38.62,1.74,jsmith,,35,8.49,2600,2600,false,,,9.99,Core,Core,0.77,0,,0,13550,833,Source One Financial Services,GA, zach carmichael,1,1,GA157,Core
247398,edominguez,36229.01,204,Auto Approval,"RV COUNTRY ARIZONA, LLC - MESA -AZ333",RV Country,AZ,MESA,2026-08-06,2026-08-12,,2025,RV,New,,7.81,3.38,edominguez,,8451,9.49,1000,1000,false,,,10.99,Core,Core,0.8,0,,0,45252,747,Source One Financial Services,AZ, matthew ellison,1,1,AZ333,Core
247160,avera,65716.5,180,Conditional Approval,MIG RV  MARINE SUPER CENTER INC - BELLEFONT-OH187,,OH,BELLEFONTAINE,2026-08-06,2026-08-06,,2026,RV,New,,18.05,6.08,jharrington1,,197,9.99,6800,6800,false,,,10.49,Core,Not Applicable,1.05,0,,0,62364,684,Connexus Credit Union,AL, jesse ginn,1,1,OH187,Not Applicable
247322,ccampos,16092.13,144,Decline,Ansley RV - PA144,,PA,Duncansville,2026-08-06,,,2023,RV,Used,,25.39,1.65,jharrington1,,23,14.49,0,13701.87,false,,,15.49,Silver 1,Not Applicable,0.53,0,,0,30500,659,Connexus Credit Union,CT, joe barbera,0,0,PA144,Not Applicable
247274,jharrington1,10137.5,120,Auto Approval,Huggy Bear RV Sales -OH162,Canopy Financial,OH,Middle Point,2026-08-06,2026-08-06,,2022,RV,New,784,17.24,1.1,jharrington1,,14,7.99,12500,12500,false,,,9.49,Core,Core,0.29,0,,0,35280,879,Source One Financial Services,OH, matt kurtz,1,1,OH162,Core
247367,thovey,19413.41,180,Decline,Blue Compass RV - Medford - Sales - OR145,Blue Compass,OR,Medford,2026-08-06,,,2027,RV,New,616,43.18,1.57,ljablonoski,,30,9.99,0,0,false,,,11.49,Core,Core,1.03,0,,0,18810,714,Source One Financial Services,OR, matthew siemens,0,0,OR145,Core
247353,,47936,180,Auto Decline,MY RV SD - SCA112,,CA,EL CAJON,2026-08-06,,,2017,RV,Used,,47.64,15.55,jrubi,,2,22.99,4000,4000,false,,,23.99,Bronze,Silver 1,0,0,,0,0,655,Source One Financial Services,CA,,0,0,SCA112,Business First
247169,,46772.43,180,Auto Decline,A and L RV - Kodak -TN104,,TN,Kodak,2026-08-06,,,2027,RV,New,,34.04,5.53,jsmith,,0,14.99,1000,31500,false,,,15.99,Silver 2,Silver 2,0.65,0,,0,71630,633,Source One Financial Services,TN,,0,0,TN104,Silver
247222,mlomedico,143593.78,180,Decline,Bob Hurley RV-Tulsa OK137,,OK,Tulsa,2026-08-06,,,2015,RV,Used,,4.26,2.48,jweller,,5,13.74,45000,45000,false,,,14.74,Silver 1,Silver 1,0.7,0,,0,203720,663,Source One Financial Services,TN, otis buttress,0,0,OK137,Silver
247381,pmeza,60551.81,240,Auto Approval,Sport World Boat Center -MO179,,MO,Sunrise Beach,2026-08-06,2026-08-06,,2027,Boat,New,,38.39,6.19,jweller,,28,7.49,5000,5926.97,false,,,8.99,Core,Core,1.05,0,,0,57596,816,Source One Financial Services,MO,,1,1,MO179,Core
247364,mlomedico,141537.7,240,Decline,"Vantage Recreational Finance, Inc. -FL291",VRF,FL,FORT LAUDERDALE,2026-08-06,,,2016,RV,Used,,18.3,10.22,S1House,,25,10.99,15000,15000,false,,,12.49,Core,Core,0.84,0,,0,168015,704,Source One Financial Services,VA, alphonzo bowe,0,0,FL291,Core
247399,Jhill,41066.45,180,Auto Approval,Blue Compass RV - Katy - TX571,Blue Compass,TX,Katy,2026-08-06,2026-08-08,,2027,RV,New,,21.13,7.28,gott,,2644,9.75,5000,5000,false,,,9.75,Core,Not Applicable,0.92,0,,0,44535,681,Ideal Credit Union,TX, kevin miranda,1,1,TX571,Not Applicable
247179,hhisek,25478,180,Approved,Fun Town RV - Little Rock - AR126,Fun Town,AR,Bryant,2026-08-06,2026-08-06,,2024,RV,Used,,29.28,2.95,jweller,,17,12.49,5700,5700,false,,,13.49,Silver 1,Silver 1,0.66,0,,0,38335,671,Source One Financial Services,TX, wade meeks,1,1,AR126,Silver
247262,Jhill,77041.31,240,Approved,BLUE COMPASS RV - DENTON - TX148,Blue Compass,TX,Denton,2026-08-06,2026-08-06,,2023,RV,Used,788,27.34,5.54,gott,,11,7.74,8600,8600,false,,,9.24,Core,Core,0.78,0,,0,98200,836,Source One Financial Services,TX, chad pickens,1,1,TX148,Core
247386,sbaker,25729.37,180,Approved,Ashley Marine LLC - Stapleton - AL168,,AL,Stapleton,2026-08-06,2026-08-06,,2026,Boat,New,,32.24,3.02,jsmith,,14,10.24,30000,30000,false,,,11.74,Core,Core,0.52,0,,0,49227,684,Source One Financial Services,AL, joey hawkins,1,1,AL168,Core
247312,eavila,46439,180,Auto Approval,"Vantage Recreational Finance, Inc. -FL291",VRF,FL,FORT LAUDERDALE,2026-08-06,2026-08-06,,2017,RV,Used,,31.81,11.31,S1House,,101,10.99,2350,2350,false,,,12.49,Core,Core,0.99,0,,0,47000,707,Source One Financial Services,SC, stephanie peck,1,1,FL291,Core
247415,,78190.7,72,Auto Decline,KA-RV Sales LLC - FL351,,FL,Fruitland Park,2026-08-06,,,2025,RV,Used,564,63.21,19.34,pcarter,,0,22.99,0,0,true,,,24.99,Business First,Business First,1.17,0,,0,66700,,Source One Financial Services,FL,,0,0,FL351,Business First
247295,jharrington1,10137.5,120,Approved,Huggy Bear RV Sales -OH162,Canopy Financial,OH,Middle Point,2026-08-06,2026-08-06,,2022,RV,New,784,17.24,1.1,jharrington1,,9,7.99,12500,12500,false,,,9.49,Core,Core,0.29,0,,0,35280,879,Source One Financial Services,OH, matt kurtz,1,1,OH162,Core
247238,Jhill,47070.47,180,Approved,SUNDANCE MARINE - GRAND JUNCTION - CO139,,CO,GRAND JUNCTION,2026-08-06,2026-08-06,,2026,Boat,New,731,16.49,1.32,dzilberchtein,,15,7.99,0,22000,false,,,9.49,Core,Core,0.77,0,,0,60918,782,Source One Financial Services,CO, michael wells,1,1,CO139,Core
247365,sbaker,39996,180,Approved,Lookout Marine - EKY106,EPIC,KY,Somerset,2026-08-06,2026-08-06,,2026,Boat,New,764,20.85,4.7,S1House,,28,8.74,0,10000,false,,,10.24,Core,Core,1.05,0,,0,38237,776,Source One Financial Services,OH, jp lixie,1,1,EKY106,Core
247401,mlomedico,17148.95,120,Decline,BANNING RV DISCOUNT CENTER - SCA123,,CA,BANNING,2026-08-06,,,2018,RV,Used,,35.95,4.24,jrubi,,1454,13.74,0,0,false,,,14.74,Silver 1,Silver 1,1.62,0,,0,10615,673,Source One Financial Services,CA,,0,0,SCA123,Silver
247416,pmeza,179204,240,Auto Approval,Royal Coach Sales - OR148,,OR,Eugene,2026-08-06,2026-08-11,,2026,RV,New,784,15.71,3.07,ljablonoski,,6835,7.24,20000,20000,false,,,8.74,Core,Core,0.95,0,,0,189298,859,Source One Financial Services,CA, jeremy orlando,1,1,OR148,Core
247348,,28675.55,240,Auto Decline,CRESTVIEW RV SUPERSTORE - SELMA - TX484,Campers Inn,TX,SELMA,2026-08-06,,,2027,RV,New,,16.32,3.32,gott,,0,22.99,3000,3000,false,,,23.99,Bronze,Bronze,0.78,0,,0,36783,617,Source One Financial Services,TX,,0,0,TX484,Business First
247250,mlomedico,23076.22,180,Auto Approval,La Mesa RV Center - Albuquerque - NM109,La Mesa,NM,Albuquerque,2026-08-06,2026-08-06,,2016,RV,Used,,39.09,3.97,edominguez,,45,8.24,3000,3000,false,,,9.24,Core,Core,0.77,0,,0,29900,876,Source One Financial Services,NM, leon garcia,1,1,NM109,Core
247337,ahunt,16442.62,144,Auto Approval,Ashley Marine LLC - Stapleton - AL168,,AL,Stapleton,2026-08-06,2026-08-06,,2026,Boat,New,,35.34,1.86,jsmith,,99,9.49,2000,2000,false,,,10.99,Core,Core,0.99,0,,0,16592,759,Source One Financial Services,MS, joey hawkins,1,1,AL168,Core
247388,ccampos,178903.48,240,Decline,General RV - Richmond - VA117,General RV,VA,Ashland,2026-08-06,,,2026,RV,New,,36.3,10.82,jsmith,,46,10.24,50000,91861,false,,,11.74,Core,Core,0.62,0,,0,288604,684,Source One Financial Services,WI, sebastian beltran,0,0,VA117,Core
247342,hhisek,47636.1,180,Verifications Incomplete,TRIPLE H RVS - AL119,,AL,HALEYVILLE,2026-08-06,2026-08-08,,2027,RV,New,660,27.24,4.49,jsmith,,2732,9.49,0,0,false,,2,7.39,Core,Core,1.11,476.36,1,0,42814,748,Source One Financial Services,AL, tyler spann,1,1,AL119,Core
247257,mlomedico,30391.4,144,Conditional Approval,Campers Inn RV of Richfield-WI738,Campers Inn,WI,Richfield,2026-08-06,2026-08-06,,2025,RV,Used,,29.9,3.19,dzilberchtein,,264,10.74,5500,5500,false,,,10.99,Silver 1,Not Applicable,0.75,0,,0,40600,678,Connexus Credit Union,OH, nicholas heilman,1,1,WI738,Not Applicable
247371,lgrace,202389.97,240,Approved,Legendary Marine - Destin - FL142,OneWater ,FL,Destin,2026-08-06,2026-08-06,,2027,Boat,New,,37.62,2.94,wstoutimore,,61,9.49,20000,20600,false,,,10.99,Core,Core,1.25,0,,0,161536.12,752,Source One Financial Services,KY, nolon saucier,1,1,FL142,Core
247290,eavila,27646,180,Verifications Incomplete,Bob Hurley RV OKCity - OK139,,OK,Oklahoma City,2026-08-06,2026-08-08,,2022,RV,Used,,32.61,3.73,jweller,,2732,9.74,2500,2500,false,,2894,10.74,Core,Not Applicable,1.1,1105.84,4,0,25050,699,Allegius Credit Union,OK, mike weatherford,1,1,OK139,Not Applicable
247202,Jhill,68745.5,204,Auto Approval,"Campers Inn RV of Myrtle Beach, Inc - SC109",Campers Inn,SC,Myrtle Beach,2026-08-06,2026-08-06,,2022,RV,Used,672,37.14,6.73,jsmith,,36,10.74,12500,12500,false,,,12.24,Core,Core,0.96,0,,0,71450,683,Source One Financial Services,PA, dion sexton,1,1,SC109,Core
247277,sdelarosa,64907.5,180,Decline,Campers Inn Kings Mountain -NC108,Campers Inn,NC,Kings Mountain,2026-08-06,,,2027,RV,New,,23.92,7.22,jsmith,,12,13.74,4000,7500,false,,,14.74,Silver 1,Silver 1,0.9,0,,0,72067,643,Source One Financial Services,SC, hunter lee,0,0,NC108,Silver
247255,rsimmons,50979.51,204,Auto Approval,Optimum RV - La Feria - TX512,Optimum RV,TX,La Ferua,2026-08-06,2026-08-08,,2025,RV,New,,30.52,3.48,gott,,3122,9.99,5000,5000,false,,,9.99,Core,Core,0.68,0,,0,74965,707,Source One Financial Services,TX, hector cruz,1,1,TX512,Core
247335,,19419.36,144,Auto Decline,Keystone RV Center  - PA110,Pete's RV,PA,Greencastle,2026-08-06,,,2012,RV,Used,,43.57,8.61,jharrington1,,0,22.99,500,500,false,,,23.99,Bronze,Bronze,0.75,0,,0,25750,564,Source One Financial Services,PA,,0,0,PA110,Business First
247236,lgrace,55392.16,144,Auto Approval,Driftwood RV Center inc-NJ106,,NJ,Clermont,2026-08-06,2026-08-06,,2026,RV,New,817,15.03,4,gcoulombe,,22,8.49,32000,32000,false,,,9.24,Core,Core,1.08,0,,0,51379,836,Source One Financial Services,PA, craig miller,1,1,NJ106,Core
247390,mlomedico,15411.21,144,Decline,Fun Town RV Ottawa LLC - KS125,Fun Town,KS,Ottawa,2026-08-06,,,2020,RV,Used,,24.85,1.9,jweller,,43,14.49,1500,1500,false,,,15.49,Silver 1,Not Applicable,0.84,0,,0,18250,656,Connexus Credit Union,KS, john lucas,0,0,KS125,Not Applicable
247405,mlomedico,27463.29,180,Verifications Incomplete,Campers Inn - Prescott Valley- AZ329,Campers Inn,AZ,PRESCOTT VALLEY,2026-08-06,2026-08-12,,2022,RV,Used,,13.74,3.68,edominguez,,8249,10.74,2200,2200,false,,20,12.24,Core,Core,1.37,1647.8,6,0,20000,684,Source One Financial Services,CA, holly stocker,1,1,AZ329,Core
247330,Jhill,12380.97,120,Decline,Rocky Ridge RV - Nacogdoches - TX525,Rocky Ridge,TX,Nacogdoches,2026-08-06,,,2023,RV,Used,,22.32,3.07,gott,,2,14.49,1000,1000,false,,,15.49,Silver 1,Silver 1,0.91,0,,0,13550,641,Source One Financial Services,FL, kolten archuleta,0,0,TX525,Silver
247394,Jhill,31461.3,180,Decline,Gil Cherry Family RV Center LLC -TX130,,TX,Sweetwater,2026-08-06,,,2020,RV,Used,,13.56,3.69,gott,,36,10.74,4000,4000,false,,,12.24,Core,Core,1.08,0,,0,29250,683,Source One Financial Services,TX, zach burwick,0,0,TX130,Core
247375,rsimmons,46670.39,204,Pending,Blue Compass RV - Santee - SCA168,Blue Compass,CA,Santee,2026-08-06,,,2023,RV,Used,656,26.67,4.64,jrubi,,16,10.74,7100,8222.17,false,,,12.24,Core,Core,1.14,0,,0,41050,689,Source One Financial Services,CA, brian breinig,0,0,SCA168,Core
247266,sdelarosa,124008.46,240,Decline,Blue Compass RV - Chattanooga - GA156,Blue Compass,GA,Ringgold,2026-08-06,,,2027,RV,New,,19.81,7.06,jsmith,,31,14.99,5000,11500,false,,,15.99,Silver 1,Silver 1,1.14,0,,0,109138,640,Source One Financial Services,TN, david wallace,0,0,GA156,Silver
247264,mlomedico,18587.14,144,Decline,Royal Palm Boat Sales - EFL108,EPIC,FL,Englewood,2026-08-06,,,2006,Boat,Used,677,38.15,1.91,S1House,,43,11.99,2000,2000,false,,,13.49,Core,Core,1.06,0,,0,17570,704,Source One Financial Services,FL, chuck smith,0,0,EFL108,Core
247162,rsimmons,30615,180,Approved,TRIPLE H RVS - AL119,,AL,HALEYVILLE,2026-08-06,2026-08-06,,2025,RV,Used,,49.47,3.8,jsmith,,9,9.49,2000,4074,false,,,10.99,Core,Core,0.79,0,,0,38880,747,Source One Financial Services,SC, brian skelton,1,1,AL119,Core
247421,eavila,39618.18,180,Approved,BISH'S RV OF LINCOLN - NE101,Bish's RV,NE,ROCA,2026-08-06,2026-08-06,,2026,RV,New,686,34.72,3.21,dzilberchtein,,33,9.99,0,3943.93,false,,,11.49,Core,Core,0.91,0,,0,43685,700,Source One Financial Services,NE, todd miillsap,1,1,NE101,Core
247234,,28474.6,180,Auto Decline,Rex and Sons RVs Inc - NC127,,NC,CASTLE HAYNE,2026-08-06,,,2026,RV,New,,63.22,10.99,jsmith,,0,13.74,0,0,false,,,14.74,Silver 1,Silver 1,0.84,0,,0,34083,645,Source One Financial Services,NC,,0,0,NC127,Silver
247286,,29375.79,180,Auto Decline,Fun Town RV-Waller -TX539,Fun Town,TX,Waller,2026-08-06,,,2024,RV,Used,,20.7,3.47,gott,,0,14.99,3000,3000,false,,,15.99,Silver 2,Silver 2,0.79,0,,0,37100,636,Source One Financial Services,FL,,0,0,TX539,Silver
247272,lgrace,25252,204,Auto Approval,Grand Pointe Marina of Lansing - MI464,,MI,Dimondale,2026-08-06,2026-08-07,,2026,Boat,New,858,19.59,3.03,dzilberchtein,,1076,7.49,20000,20000,false,,,8.99,Core,Core,0.63,0,,0,39955,857,Source One Financial Services,OH, patrick crowley,1,1,MI464,Core
247314,mlomedico,59956.79,240,Decline,"Vantage Recreational Finance, Inc. -FL291",VRF,FL,FORT LAUDERDALE,2026-08-06,,,2024,Boat,Used,,12.19,2.86,S1House,,32,9.74,4500,4500,false,,,11.24,Core,Core,0.81,0,,0,73945,721,Source One Financial Services,LA, heather freestone,0,0,FL291,Core
247237,jharrington1,15183,144,Auto Approval,Meyer's RV Sales of Pittsburgh - PA146,,PA,Apollo,2026-08-06,2026-08-12,,2025,RV,Used,,18.69,4.27,jharrington1,,9006,8.49,900,900,false,,,9.99,Core,Core,0.65,0,,0,23300,800,Source One Financial Services,PA, amy gestner,1,1,PA146,Core
247165,lgrace,47677.83,180,Verifications Incomplete,Jimmy Jones Polaris  - Summerville - ESC121,EPIC,SC,Summerville,2026-08-06,2026-08-07,,2026,Boat,New,676,35.89,3.55,S1House,,1873,9.99,0,7629.17,false,,5953,9.99,Core,Core,1.06,0,0,0,44911,703,Source One Financial Services,SC, mia williams,1,1,ESC121,Core
247259,thovey,14412,144,Approved,Blue Compass RV - Ogden - UT135,Blue Compass,UT,Marriott-Slaterville,2026-08-06,2026-08-06,,2026,RV,New,,14.13,1.39,ljablonoski,,71,9.99,0,0,false,,,11.49,Core,Core,0.86,0,,0,16725,692,Source One Financial Services,CO, brandon snow,1,1,UT135,Core
247349,thovey,46846.5,240,Booked,Dalton RV LLC-AR132,Warrior Performance,AR,Morrilton,2026-08-06,2026-08-10,2026-08-10,2026,RV,New,,24.92,4.86,jweller,5827,5625,9.99,4065,4776.28,false,202,0,11.49,Core,Core,1.36,2810.79,6,0,34331,704,Source One Financial Services,AR, jimmy orapello,1,0,AR132,Core
247289,ahunt,31143.12,180,Auto Approval,American Marine - Chippewa Falls - WI732,,WI,Chippewa Falls,2026-08-06,2026-08-06,,2026,Boat,New,,21.9,4.22,dzilberchtein,,18,7.49,2000,22000,false,,,8.99,Core,Core,0.76,0,,0,40732,842,Source One Financial Services,IA, missy prissel,1,1,WI732,Core
247378,Jhill,78626.78,240,Decline,Bama RV - Opelika - AL151,,AL,Opelika,2026-08-06,,,2026,RV,New,,110.75,18.71,jsmith,,6762,9.99,8400,8400,false,,,11.49,Core,Core,0.92,0,,0,85603,709,Source One Financial Services,AL, kevin horne,0,0,AL151,Core
247418,eavila,23558.68,144,Contract Received,Intercoastal Financial Group LLC - 17401746,IFG,FL,Vero Beach,2026-08-06,2026-08-13,,2021,RV,Used,685,46.88,4.08,S1House,,9445,10.24,2400,2400,false,,440,11.49,Core,Core,0.69,0,,0,34045,729,Source One Financial Services,TX, tim kratz,1,1,17401746,Core
247318,sbaker,98037.34,240,Auto Approval,RV'S OF AMERICA - COLORADO SPRINGS  - CO150,,CO,COLORADO SPRINGS,2026-08-06,2026-08-11,,2027,RV,New,787,9.68,1.66,dzilberchtein,,7219,8.49,29900,6900,false,,,8.99,Core,Core,1.49,0,,0,65900,815,Source One Financial Services,CO, anthony downs,1,1,CO150,Core
247275,Jhill,121747.79,240,Decline,Rock Solid Funding LLC - TX536,RSF,TX,BEDFORD,2026-08-06,,,2025,RV,New,,58.27,6.79,S1House,,80,10.24,15000,15000,false,,,11.74,Core,Core,1.17,0,,0,104166,681,Source One Financial Services,TN, serena pulliam,0,0,TX536,Core
247166,jharrington1,40116.1,180,Decline,Buckeye RV LLC -OH225,,OH,Jefferson,2026-08-06,,,2026,RV,New,642,26.26,8.29,jharrington1,,11,9.99,4100,4100,false,,,11.49,Core,Core,0.88,0,,0,45506,705,Source One Financial Services,KY, ryan zimbric,0,0,OH225,Core
247211,rsimmons,38857.56,144,Contract Received,Gil Cherry Family RV Center LLC -TX130,,TX,Sweetwater,2026-08-06,2026-08-08,,2025,RV,Used,,39.63,3.79,gott,,3138,7.49,4000,6823.16,false,,2517,8.99,Core,Core,0.92,0,,0,42450,820,Source One Financial Services,OK, zach burwick,1,1,TX130,Core
247664,hhisek,18652.62,144,Decline,CAMPERS RV CENTER - LA103,,LA,SHREVEPORT,2026-08-07,,,2021,RV,Used,,7.6,6.65,gott,,3,10.24,1720,1720,false,,,11.74,Core,Core,1.36,0,,0,13750,734,Source One Financial Services,LA, dustin pinkston,0,0,LA103,Core
247466,,113910,240,Auto Decline,Ashley Marine LLC - GA147,,GA,Columbus,2026-08-07,,,2026,Boat,New,,45.69,17.97,jsmith,,0,14.99,0,0,false,,,15.99,Silver 2,Silver 2,1.24,0,,0,91749,630,Source One Financial Services,SC,,0,0,GA147,Silver
247637,eavila,9404.54,180,Decline,San Antonio Rvs -TX265,,TX,Seguin,2026-08-07,,,2026,RV,New,,13.44,1.94,gott,,7,11.99,250,250,false,,,12.49,Core,Core,1.03,0,,0,9144,695,Source One Financial Services,TX, cody flores,0,0,TX265,Core
247550,,44664.07,180,Auto Decline,OneWater Sundance - FL125,OneWater ,FL,Pompano Beach,2026-08-07,,,2022,Boat,Used,,41.2,5.7,pcarter,,0,15.74,10000,10000,false,,,16.74,Silver 2,Silver 2,1.34,0,,0,33255,621,Source One Financial Services,FL,,0,0,FL125,Silver
247493,lgrace,123661.96,240,Auto Approval,Keystone RV Center  - PA110,Pete's RV,PA,Greencastle,2026-08-07,2026-08-07,,2026,RV,New,,25.1,4.35,jharrington1,,52,8.99,5000,17676,false,,,10.49,Core,Core,1.25,0,,0,98784,748,Source One Financial Services,MD, jen habina,1,1,PA110,Core
247473,avera,50545.77,204,Conditional Approval,General RV Center - Salisbury - NC137,General RV,NC,Salisbury,2026-08-07,2026-08-07,,2027,RV,New,,21.12,9.2,jsmith,,141,7.74,5400,5400,false,,,8.74,Core,Not Applicable,0.95,0,,0,53434,755,Connexus Credit Union,NC, tim mccorkle,1,1,NC137,Not Applicable
247616,lgrace,197512,240,Decline,CAMPERS INN OF MOCKSVILLE - NC107,Campers Inn,NC,MOCKSVILLE,2026-08-07,,,2026,RV,New,,11.88,10.32,jsmith,,49,10.24,40000,40000,false,,,11.74,Core,Core,0.84,0,,0,235500,690,Source One Financial Services,NC, troy egebrecht,0,0,NC107,Core
247716,,45362.59,180,Cancelled,BISH'S RV OF KALISPELL - MT105,Bish's RV,MT,KALISPELL,2026-08-07,,,2026,RV,New,,0,0,dzilberchtein,,,22.99,3426.3,5525.5,false,,,23.99,Bronze,Bronze,1.26,0,,0,35950,,Source One Financial Services,MT, stormy pitts,0,0,MT105,Business First
247463,avera,8763.16,72,Auto Approval,RV South LLC - GA160,,GA,Sylvester,2026-08-07,2026-08-07,,2018,RV,Used,,35.2,2.64,jsmith,,46,11.24,4000,4000,false,,,11.74,Core,Core,0.7,0,,0,12550,757,Source One Financial Services,GA, dan crumpler,1,1,GA160,Core
247462,sbaker,86747.79,240,Approved,Rock Solid Funding LLC - TX536,RSF,TX,BEDFORD,2026-08-07,2026-08-07,,2026,RV,New,,46.09,14.24,S1House,,100,8.74,50000,50000,false,,,10.24,Core,Core,0.83,0,,0,104167,767,Source One Financial Services,PA, ashley rogers,1,1,TX536,Core
247525,,33139.5,180,Auto Decline,Giant RV - Montclair - SCA155,Giant RV,CA,Montclair,2026-08-07,,,2026,RV,New,,37.81,3.77,jrubi,,0,14.99,0,3250,false,,,15.99,Silver 2,Silver 2,0.85,0,,0,38765,624,Source One Financial Services,CA,,0,0,SCA155,Silver
247558,sbaker,19548.77,120,Approved,RV Station LTD - Donna -TX289,,TX,Donna,2026-08-07,2026-08-07,,2022,RV,Used,,31.75,4.64,gott,,170,11.99,2000,2000,false,,,12.49,Core,Not Applicable,0.85,0,,0,22900,684,Connexus Credit Union,TX, sonia leal,1,1,TX289,Not Applicable
247520,rsimmons,249879.48,240,Decline,Austin Water Sports Inc dba Ski Dock -TX190,,TX,Austin,2026-08-07,,,2026,Boat,New,,60.15,8.34,gott,,13,7.24,28500,44500,false,,,8.74,Core,Core,1.03,0,,0,242130,879,Source One Financial Services,TX, kevin brown,0,0,TX190,Core
247575,rsimmons,53963.72,240,Approved,FUN TOWN RV SAN ANTONIO LP - TX465,Fun Town,TX,CIBOLO,2026-08-07,2026-08-07,,2026,RV,New,,30.7,5.59,gott,,16,9.49,10000,12053.36,false,,,10.99,Core,Core,1.25,0,,0,43176,755,Source One Financial Services,TX, franz grimes,1,1,TX465,Core
247571,jharrington1,56763.7,214,Auto Approval,Meyers RV Sales & Marine - Sayre - PA149,,PA,Sayre,2026-08-07,2026-08-07,,2018,RV,Used,,17.47,6.57,jharrington1,,16,10.74,5000,2750,false,,,12.24,Core,Core,0.97,0,,0,58600,700,Source One Financial Services,PA, chirs crowley,1,1,PA149,Core
247702,eavila,16681.6,144,Approved,Hanner RV Supercenter -TX165,,TX,Baird,2026-08-07,2026-08-07,,2018,RV,Used,667,36.27,1.69,gott,,28,13.74,1700,1900,false,,,14.74,Silver 1,Silver 1,1.04,0,,0,16000,670,Source One Financial Services,TX, lance finley,1,1,TX165,Silver
247457,sbaker,67249.44,180,Auto Approval,RAYS SPORT and MARINE - PERHAM -MN154,,MN,PERHAM,2026-08-07,2026-08-07,,2026,Boat,New,,29.05,9.52,dzilberchtein,,18,7.49,15070,15070,false,,,8.99,Core,Core,1.3,0,,0,51732,839,Source One Financial Services,MN, shannon pape,1,1,MN154,Core
247529,Jhill,36664.5,180,Contract Received,Casita Travel Trailers - TX563,RDS,TX,Rice,2026-08-07,2026-08-10,,2026,RV,New,,29.51,3.7,gott,,4472,9.49,4500,4500,false,,49,10.99,Core,Core,1.05,0,,0,34857,744,Source One Financial Services,NH, andy krier,1,1,TX563,Core
247433,,72699,240,Auto Decline,Wilder RV -MO108,,MO,Clinton,2026-08-07,,,2027,RV,New,,50.92,23.48,jweller,,0,13.74,7500,7500,false,,,14.74,Silver 1,Silver 1,0.87,0,,0,83565,641,Source One Financial Services,IA,,0,0,MO108,Silver
247437,Jhill,37026.11,180,Auto Approval,AIRPORT MARINE INC - AL102,,AL,ALABASTER,2026-08-07,2026-08-07,,2020,Boat,Used,,34.01,9.78,jsmith,,115,10.24,4150,4150,false,,,11.74,Core,Core,1.06,0,,0,35000,730,Source One Financial Services,AL, gene quann,1,1,AL102,Core
247719,lgrace,14553.25,168,Decline,General RV - Richmond - VA117,General RV,VA,Ashland,2026-08-07,,,2021,RV,Used,672,41.55,0.95,jsmith,,476,11.49,3000,3000,false,,,12.49,Silver 1,Core,0.92,0,,0,15900,684,Source One Financial Services,MD, chris coleman,0,0,VA117,Silver
247712,eavila,45741.16,180,Auto Approval,FUN TOWN RV CORSICANA LP- TX451,Fun Town,TX,CORSICANA,2026-08-07,2026-08-08,,2020,RV,Used,703,30.25,4.06,gott,,866,10.24,3600,10378.73,false,,,11.74,Core,Core,1.15,0,,0,39700,743,Source One Financial Services,TX, brenden boggs,1,1,TX451,Core
247580,pmeza,65994.51,180,Decline,RV COUNTRY - FRESNO - NCA115,RV Country,CA,FRESNO,2026-08-07,,,2025,RV,New,,42.48,6.19,jrubi,,34,9.99,7500,7500,false,,,11.49,Core,Core,0.86,0,,0,76801,708,Source One Financial Services,CA, ryan davis,0,0,NCA115,Core
247677,mlomedico,41859.44,180,Auto Approval,RV's of America - Lindon - UT125,,UT,Lindon,2026-08-07,2026-08-07,,2027,RV,New,640,29.18,2.2,ljablonoski,,6,9.99,4000,4000,false,,,11.49,Core,Core,1.23,0,,0,34100,716,Source One Financial Services,CA, will smith,1,1,UT125,Core
247540,rsimmons,91080.09,240,Auto Approval,"Ron Hoover Companies of Lake Conroe, Inc -TX280",Ron Hoover,TX,Willis,2026-08-07,2026-08-07,,2026,RV,New,,30.37,8,gott,,211,9.74,0,0,false,,,11.24,Core,Core,1.16,0,,0,78564,722,Source One Financial Services,MS, gilbert salazar,1,1,TX280,Core
247541,mlomedico,33129.91,240,Decline,Optimum RV - La Feria - TX512,Optimum RV,TX,La Ferua,2026-08-07,,,2025,RV,New,,12.23,2.16,gott,,13,10.24,10000,10000,false,,,11.74,Core,Core,0.74,0,,0,44646,695,Source One Financial Services,NM, juan vasquez,0,0,TX512,Core
247703,mlomedico,40236.31,180,Decline,Blue Compass RV - Katy - TX571,Blue Compass,TX,Katy,2026-08-07,,,2026,RV,New,,21.54,7.5,gott,,25,22.99,0,5200,false,,,23.99,Silver 1,Silver 1,0.92,0,,0,43870,670,Source One Financial Services,TX, eddie johnson,0,0,TX571,Silver
247435,avera,13581.25,120,Decline,Show Me RV -MO172,,MO,CLINTON,2026-08-07,,,2023,RV,Used,,3.05,2.57,jweller,,20,13.24,2500,2500,false,,,14.24,Silver 1,Silver 1,0.99,0,,0,13690,678,Source One Financial Services,TX, kyle glenn,0,0,MO172,Silver
247438,lgrace,47719,180,Booked,"Vantage Recreational Finance, Inc. -FL291",VRF,FL,FORT LAUDERDALE,2026-08-07,2026-08-10,2026-08-11,2016,Boat,Used,,32.33,7.43,S1House,6112,4566,10.74,0,0,false,287,1259,11.99,Core,Core,1.03,2385.95,5,0,46200,733,Source One Financial Services,VA, alphonzo bowe,1,0,FL291,Core
247449,sbaker,135284.39,240,Decline,NXTLVL Marine - Fort Worth -  TX547,,TX,Fort Worth,2026-08-07,,,2021,Boat,Used,,54.1,10.29,gott,,20,10.74,14000,14000,false,,,12.24,Core,Core,1.24,0,,0,108790,694,Source One Financial Services,AZ, kandi ludwick,0,0,TX547,Core
247643,thovey,17468.17,180,Auto Approval,"RV COUNTRY ARIZONA, LLC - FLAGSTAFF -AZ332",RV Country,AZ,FLAGSTAFF,2026-08-07,2026-08-12,,2027,RV,New,,13.66,2.73,edominguez,,7047,7.49,3500,3500,false,,,8.99,Core,Core,1.12,0,,0,15645,808,Source One Financial Services,AZ, kevin mccoy,1,1,AZ332,Core
247682,eavila,13150.59,180,Decline,Blue Compass RV - Katy - TX571,Blue Compass,TX,Katy,2026-08-07,,,2026,RV,New,,42.69,2.47,gott,,1022,13.74,1000,1000,false,,,14.74,Silver 1,Silver 1,1.05,0,,0,12571,652,Source One Financial Services,TX, kevin miranda,0,0,TX571,Silver
247652,Jhill,23247.79,180,Approved,Rock Solid Funding LLC - TX536,RSF,TX,BEDFORD,2026-08-07,2026-08-07,,2018,RV,Used,,6.5,0.47,S1House,,31,10.74,5000,5000,false,,,12.24,Core,Core,0.99,0,,0,23550,726,Source One Financial Services,TX, ashley rogers,1,1,TX536,Core
247602,,51872.6,180,Auto Decline,Atlantic Pro - FL333,,FL,Palmetto,2026-08-07,,,2021,Boat,Used,,49.61,5.13,wstoutimore,,3916,13.24,12000,12000,false,,,14.24,Silver 1,Silver 1,0.75,0,,0,69325,668,Source One Financial Services,CA, yelena mikhelson,0,0,FL333,Silver
247429,avera,114631,180,Decline,Fretz RV -PA126,,PA,Souderton,2026-08-07,,,2025,RV,New,,19.73,14.53,jharrington1,,18,9.49,20000,20000,false,,,10.99,Core,Core,0.86,0,,0,133795,748,Source One Financial Services,PA, tony eidle,0,0,PA126,Core
247661,Jhill,26438.33,180,Decline,Campers Inn - Ocala - FL158,Campers Inn,FL,Ocala,2026-08-07,,,2026,RV,New,598,33.71,3.51,pcarter,,18,12.49,3000,3000,false,,,13.49,Silver 1,Silver 1,0.99,0,,0,26807,665,Source One Financial Services,FL, scott mckeever,0,0,FL158,Silver
247586,mlomedico,17520.94,120,Decline,RV's of Sacramento - NCA136,,CA,Elk Grove,2026-08-07,,,2017,RV,Used,685,56.88,2.88,jrubi,,26,10.49,2000,2000,false,,,11.99,Core,Core,1.4,0,,0,12550,756,Source One Financial Services,CA, branda morgan,0,0,NCA136,Core
247534,edominguez,13394.75,120,Auto Approval,ROTH RV - BEMIDJI - MN168,,MN,BEMIDJI,2026-08-07,2026-08-07,,2015,RV,Used,,46.81,2.23,dzilberchtein,,18,10.49,500,500,false,,,11.99,Core,Core,1.17,0,,0,11450,750,Source One Financial Services,ND, tracy perpich,1,1,MN168,Core
247573,avera,25393.27,180,Decline,Blue Compass RV - Winston-Salem - NC159,Blue Compass,NC,Rural Hall,2026-08-07,,,2021,RV,Used,,57.1,6.2,jsmith,,24,10.74,3000,3000,false,,,12.24,Core,Core,1.04,0,,0,24475,685,Source One Financial Services,SC, jamal bailey,0,0,NC159,Core
247483,Jhill,29460,180,Auto Approval,Mid America RV -MO104,,MO,Carthage,2026-08-07,2026-08-07,,2026,RV,New,,37.84,3.33,jweller,,66,7.49,0,0,false,,,8.99,Core,Core,0.96,0,,0,30844,813,Source One Financial Services,MO, jeremy nelson,1,1,MO104,Core
247633,,28801.98,180,Auto Decline,Markquart RV - Ramsey - MN828,Markquart,MN,Ramsey,2026-08-07,,,2026,RV,New,,44.25,7.74,dzilberchtein,,0,22.99,2893,5512,false,,,23.99,Bronze,Bronze,1.07,0,,0,26938,608,Source One Financial Services,MN,,0,0,MN828,Business First
247564,pmeza,36854.78,204,Approved,Blue Compass-RV KC - Grain Valley - MO121,Blue Compass,MO,Grain Valley,2026-08-07,2026-08-11,,2020,RV,Used,,40.25,6.94,jweller,,5709,9.99,0,6000,false,,,11.49,Core,Core,1.02,0,,0,36250,717,Source One Financial Services,MO, aaron shockey,1,1,MO121,Core
247460,rsimmons,75024.81,240,Approved,RGV RV SALES - TX569,,TX,Mission,2026-08-07,2026-08-07,,2027,RV,New,,11.26,10.54,gott,,29,9.74,7660,7660,false,,,11.24,Core,Core,1.15,0,,0,65249,725,Source One Financial Services,TX, aldo camarillo,1,1,TX569,Core
247566,,43216.12,216,Auto Decline,Trailer Source Inc - Wheat Ridge - CO164,,CO,Wheat Ridge,2026-08-07,,,2026,RV,New,603,33.77,3.27,dzilberchtein,,0,18.24,0,12000,false,,,19.24,Silver 2,Silver 2,0.73,0,,0,59130,620,Source One Financial Services,CO,,0,0,CO164,Silver
247434,,155729.17,240,Auto Decline,General RV - Richmond - VA117,General RV,VA,Ashland,2026-08-07,,,2027,RV,New,,50.79,10.33,jsmith,,0,13.74,20000,23488,false,,,14.74,Silver 1,Silver 1,0.9,0,,0,173885,653,Source One Financial Services,VA,,0,0,VA117,Silver
247486,,128650.76,240,Auto Decline,HIGHWAY 3 MARINE -MN296,,MN,Brainerd,2026-08-07,,,2026,Boat,New,,158.52,28.37,dzilberchtein,,0,7.74,60000,60000,false,,,9.24,Core,Core,1.18,0,,,109300,789,Source One Financial Services,MN,,0,0,MN296,Core
247494,sbaker,44286.1,180,Decline,TRIPLE H RVS - AL119,,AL,HALEYVILLE,2026-08-07,,,2026,RV,New,,51.18,11.78,jsmith,,7,9.74,4600,4600,false,,,11.24,Core,Core,0.87,0,,0,51166,734,Source One Financial Services,AL, tyler spann,0,0,AL119,Core
247691,edominguez,41818.17,180,Decline,BLUE COMPASS RV  DES MOINES-IA222,Blue Compass,IA,ALTOONA,2026-08-07,,,2027,RV,New,630,30.38,5.02,gcoulombe,,40,9.49,4000,6500,false,,,10.99,Core,Core,1.18,0,,0,35392,745,Source One Financial Services,OK, roscoe vacco,0,0,IA222,Core
247662,Jhill,13657.11,120,Auto Approval,Georgia Campers - GA145,,GA,Newman,2026-08-07,2026-08-07,,2026,RV,New,,17.91,1.91,jsmith,,7,9.74,2000,2000,false,,,11.24,Core,Core,0.61,0,,0,22297,730,Source One Financial Services,GA, anne huntsinger,1,1,GA145,Core
247705,,47456.95,180,Auto Decline,Fun Town RV - Cleburne -TX108,Fun Town,TX,Cleburne,2026-08-07,,,2018,RV,Used,,45.32,8.3,S1House,,0,13.74,2000,2000,false,,,14.74,Silver 1,Silver 1,0.94,0,,0,50350,673,Source One Financial Services,NC,,0,0,TX108,Silver
247522,,15919.6,144,Auto Decline,Campers Unlimited - Gadsden-AL152,,AL,Gadsden,2026-08-07,,,2022,RV,Used,,36.13,3.32,jsmith,,0,15.74,1700,1700,false,,,16.74,Silver 2,Silver 2,0.85,0,,0,18810,635,Source One Financial Services,AL,,0,0,AL152,Silver
247503,hhisek,24980,180,Booked,Midway Auto & RV - Billings - MT107,,MT,Billings,2026-08-07,2026-08-11,2026-08-11,2026,RV,New,716,41.17,1.83,dzilberchtein,6037,5776,8.74,5000,5000,false,261,0,10.24,Core,Core,1.16,1498.8,6,0,21480,761,Source One Financial Services,WY,,1,0,MT107,Core
247504,,14834,144,Auto Decline,Dolney RV Center Inc - MI445,,MI,Kawkawlin,2026-08-07,,,2026,RV,New,565,39,1.96,dzilberchtein,,0,14.99,0,0,false,,,15.99,Silver 2,Silver 2,14834,0,,0,1,626,Source One Financial Services,MI,,0,0,MI445,Silver
247440,Jhill,17539.79,120,Decline,RV THERE YET - FL265,,FL,ST. AUGUSTINE,2026-08-07,,,2022,RV,New,,43.43,8.29,pcarter,,11,14.49,2000,2000,false,,,15.49,Silver 1,Silver 1,0.87,0,,0,20130,644,Source One Financial Services,FL, guy amuial,0,0,FL265,Silver
247427,avera,31854,180,Decline,LEOS VACATION CENTER INC - MD102,,MD,GAMBRILLS,2026-08-07,,,2026,RV,New,,19.94,2.7,gcoulombe,,146,12.49,3300,3300,false,,,13.49,Silver 1,Not Applicable,0.85,0,,0,37345,668,Connexus Credit Union,MD,,0,0,MD102,Not Applicable
247618,mlomedico,44541.04,120,Auto Approval,Titan Auto & Rv Sales - AR117,,AR,Searcy,2026-08-07,2026-08-13,,2026,RV,New,810,18.8,4.97,jweller,,8649,7.24,1250,6350,false,,,6.99,Core,Core,0.9,0,,0,49489,804,Source One Financial Services,AR, toby wallace,1,1,AR117,Core
247539,lgrace,115161,180,Auto Approval,NewCoast - Boatzon - FL356,Marine Max,FL,Oldsmar,2026-08-07,2026-08-07,,2009,Boat,Used,824,9.97,9.02,S1House,,107,11.49,19000,19000,true,,,13.49,Business First,Business First,0.58,0,,0,198000,,Source One Financial Services,OK, michael mclamb,1,1,FL356,Business First
247553,eavila,82704,204,Auto Approval,"Vantage Recreational Finance, Inc. -FL291",VRF,FL,FORT LAUDERDALE,2026-08-07,2026-08-07,,2017,Boat,Used,,18.46,4.05,S1House,,22,8.99,2500,2500,false,,,10.49,Core,Core,0.92,0,,0,90370,797,Source One Financial Services,VA, linda lemire,1,1,FL291,Core
247509,jharrington1,70391.51,240,Decline,RV Value Mart-Bethlehem-PA125,,PA,Bath,2026-08-07,,,2026,RV,New,,64.24,9.23,jharrington1,,18,9.49,7000,7300,false,,,10.99,Core,Core,1.11,0,,0,63298,756,Source One Financial Services,NJ, marty dieppa,0,0,PA125,Core
247478,mlomedico,36091,180,Decline,Rocky Ridge - Idabel - OK149,Rocky Ridge,OK,Idabel,2026-08-07,,,2026,RV,Used,594,47.59,6.05,jweller,,9,9.74,0,0,false,,,11.49,Core,Core,0.88,0,,0,40866,740,Source One Financial Services,AR, michael white,0,0,OK149,Core
247624,,19035,144,Auto Decline,MY RV SD - SCA112,,CA,EL CAJON,2026-08-07,,,2024,RV,New,,17.08,2.67,jrubi,,0,22.99,2000,2000,false,,,23.99,Bronze,Bronze,1.34,0,,0,14250,606,Source One Financial Services,CA,,0,0,SCA112,Business First
247545,Jhill,60607.7,240,Decline,"Campers Inn RV of Myrtle Beach, Inc - SC109",Campers Inn,SC,Myrtle Beach,2026-08-07,,,2026,RV,New,650,81.27,6.02,jsmith,,12,8.74,20000,18095.07,false,,,10.24,Core,Core,0.9,0,,0,67621,775,Source One Financial Services,NJ, dave hunter,0,0,SC109,Core
247694,ahunt,39556.35,180,Booked,Big D Marine and Powersports -TX205,,TX,Huntsville,2026-08-07,2026-08-08,2026-08-12,2021,Boat,Used,652,15.92,2.93,gott,7045,1160,9.99,7000,7000,false,5779,106,10.99,Core,Core,0.95,1582.25,4,0,41630,760,Source One Financial Services,TX, ethan brown,1,0,TX205,Core
247497,mlomedico,249893.65,240,Decline,"Vantage Recreational Finance, Inc. -FL291",VRF,FL,FORT LAUDERDALE,2026-08-07,,,2025,Boat,New,,55.67,9.47,S1House,,75,8.24,90000,90000,false,,,9.74,Core,Core,0.51,0,,0,487759,762,Source One Financial Services,FL, terri walker,0,0,FL291,Core
247672,thovey,46202.92,144,Decline,Bradford Marine & ATV-Springdale-AR144,Bradford Marine,AR,Springdale,2026-08-07,,,2026,Boat,New,,7.43,1.63,jweller,,3993,10.24,10500,10500,false,,,11.74,Core,Core,0.93,0,,0,49934,684,Source One Financial Services,AR, charlie jones,0,0,AR144,Core
247516,eavila,77499.22,180,Booked,Fun Town RV Ottawa LLC - KS125,Fun Town,KS,Ottawa,2026-08-07,2026-08-08,2026-08-12,2026,RV,New,,22.59,6.06,jweller,7378,1436,9.99,15000,7432.88,false,5942,0,11.49,Core,Core,1.04,4649.95,6,0,74450,703,Source One Financial Services,PA, justin hernandez,1,0,KS125,Core
247500,lgrace,83859,240,Auto Approval,NewCoast - Boatzon - FL356,Marine Max,FL,Oldsmar,2026-08-07,2026-08-07,,2024,Boat,New,792,36.03,7.64,S1House,,104,7.74,4400,4400,false,,,9.24,Core,Core,1.09,0,,0,76590,785,Source One Financial Services,AL, christopher rogers,1,1,FL356,Core
247450,lgrace,77629,240,Decline,AIRSTREAM OF NASHUA - NH108,Blue Compass,NH,NASHUA,2026-08-07,2026-08-07,,2015,RV,Used,681,46.75,6.15,gcoulombe,,9024,10.99,9000,11500,false,,,12.49,Core,Core,0.84,0,,0,92150,708,Source One Financial Services,NH, xan peterson,0,0,NH108,Core
247552,mlomedico,24362.28,144,Decline,BOBBY COMBS RV LLC - AZ338,,AZ,YUMA,2026-08-07,,,2026,RV,New,,3.94,3.64,edominguez,,3,13.74,2400,2400,false,,,14.74,Silver 1,Silver 1,0.83,0,,0,29445,651,Source One Financial Services,AZ, andy ostiguin,0,0,AZ338,Silver
247617,avera,25390.3,144,Auto Approval,Ashley Marine LLC - Pensacola - FL325,,FL,Pensacola,2026-08-07,2026-08-08,,2026,Boat,New,,27.31,6.09,wstoutimore,,1287,9.49,2600,3350,false,,,9.99,Core,Not Applicable,1.01,0,,0,25206,682,Connexus Credit Union,FL, joey hawkins,1,1,FL325,Not Applicable
247489,mlomedico,151197.79,180,Auto Approval,Rock Solid Funding LLC - TX536,RSF,TX,BEDFORD,2026-08-07,2026-08-07,,2022,Boat,Used,,10.03,3.96,S1House,,23,7.99,7250,7250,false,,,9.49,Core,Core,1.07,0,,0,140900,833,Source One Financial Services,TX, ashley rogers,1,1,TX536,Core
247458,rsimmons,28095,180,Auto Approval,Southern Mud Sports LLC - AL165,,AL,Waverly,2026-08-07,2026-08-11,,2026,Boat,New,,26.52,2.35,jsmith,,5852,9.99,2490,2490,false,,,9.99,Core,Core,1.13,0,,0,24891,709,Source One Financial Services,GA, jeff cantey,1,1,AL165,Core
247627,hhisek,29542.08,180,Approved,Courvelle's RV - LA113,,LA,Opelousas,2026-08-07,2026-08-07,,2025,RV,New,794,20.05,1.68,gott,,6,7.49,3000,3000,false,,,8.99,Core,Core,1,0,,0,29516,804,Source One Financial Services,LA, craig guidry,1,1,LA113,Core
247441,sbaker,27084.46,180,Conditional Approval,GEORGIA RV OUTLET LLC - GA107,,GA,CARTERSVILLE,2026-08-07,2026-08-07,,2017,RV,Used,,33.27,6.24,jsmith,,26,9.74,5000,5000,false,,,11.24,Core,Core,1.09,0,,0,24850,765,Source One Financial Services,FL, shawn deuber,1,1,GA107,Core
247644,sbaker,71404.5,240,Conditional Approval,NewCoast - Boatzon - FL356,Marine Max,FL,Oldsmar,2026-08-07,2026-08-07,,2018,Boat,Used,,31.99,5.19,S1House,,77,8.49,22650,22650,false,,,9.99,Core,Core,1.5,0,,0,47610,865,Source One Financial Services,TX, christopher rogers,1,1,FL356,Core
247589,mlomedico,18187.09,180,Decline,KUNES COUNTRY FREEDOM RV INC - WI711,KunesRV,WI,SLINGER,2026-08-07,,,2026,RV,New,,43.42,5.56,dzilberchtein,,24,13.74,2000,2000,false,,,14.74,Silver 1,Silver 1,1.1,0,,0,16499,641,Source One Financial Services,WI, bj lavota,0,0,WI711,Silver
247629,hhisek,100000,240,Decline,Gull Lake Marine -MI330,,MI,Marshall,2026-08-07,,,2025,Boat,New,,17.05,4.35,dzilberchtein,,11,13.74,126124.71,126124.71,false,,,14.74,Silver 1,Silver 1,0.52,0,,0,191520,648,Source One Financial Services,IN, jennifer overla,0,0,MI330,Silver
247608,pmeza,75473.98,204,Auto Approval,Blue Compass RV - Colorado Springs - CO160,Blue Compass,CO,COLORADO SPRINGS,2026-08-07,2026-08-07,,2022,RV,Used,743,39.5,5.02,dzilberchtein,,49,7.74,0,4791.2,false,,,9.24,Core,Core,1.07,0,,0,70513,870,Source One Financial Services,CO, brandan montera,1,1,CO160,Core
247626,edominguez,20676.23,144,Approved,Trailer Source Inc - Longmont - CO166,,CO,Longmont,2026-08-07,2026-08-07,,2021,RV,Used,,14.59,6.45,dzilberchtein,,86,8.49,3000,3000,false,,,9.49,Core,Not Applicable,0.96,0,,0,21550,729,Connexus Credit Union,CO, jared swell,1,1,CO166,Not Applicable
247604,eavila,129798,240,Decline,Conejo RV - SCA143,,CA,Thousand Oakes,2026-08-07,,,2026,RV,New,,22.22,9.12,jrubi,,22,9.74,15000,15000,false,,,11.24,Core,Core,1.15,0,,0,112851,730,Source One Financial Services,TX,,0,0,SCA143,Core
247685,mlomedico,28286,180,Decline,WADES RV SUPERCENTER - OK114,,OK,GLENPOOL,2026-08-07,,,2017,RV,Used,,15.52,4.52,jweller,,11,10.99,18000,18000,false,,,12.49,Core,Core,0.99,0,,0,28700,701,Source One Financial Services,OK, glenpool currey,0,0,OK114,Core
247665,eavila,176642.11,240,Decline,Marine United - UT122,,UT,South Salt Lake City,2026-08-07,,,2022,Boat,Used,,12.34,3.36,ljablonoski,,21,13.24,18000,18000,false,,,14.24,Silver 1,Silver 1,0.98,0,,0,180000,677,Source One Financial Services,UT, josh fischer,0,0,UT122,Silver
247675,mlomedico,12040.23,120,Decline,The RV Store - Helper - UT139,,UT,Helper,2026-08-07,,,2015,RV,Used,695,27.79,0.99,ljablonoski,,18,11.24,4000,4000,false,,,12.74,Core,Core,0.72,0,,0,16720,690,Source One Financial Services,PA, morgan moynier,0,0,UT139,Core
247678,pmeza,26113.07,180,Approved,PRIMEAUX RV SUPERSTORE - CARENCRO - LA102,,LA,CARENCRO,2026-08-07,2026-08-07,,2025,RV,Used,,16.41,1.69,gott,,33,10.24,3500,3500,false,,,11.74,Core,Core,0.82,0,,0,31750,695,Source One Financial Services,LA, rebecca scherff,1,1,LA102,Core
247548,rsimmons,18413.83,180,Conditional Approval,Hanner RV Supercenter -TX165,,TX,Baird,2026-08-07,2026-08-07,,2019,RV,Used,,18.07,3.04,gott,,21,11.24,6000,8000,false,,,11.24,Core,Core,1.11,0,,0,16650,696,Source One Financial Services,NM, lance finley,1,1,TX165,Core
247505,avera,70266.3,180,Conditional Approval,La Mesa RV Center - Sanford - FL315,La Mesa,FL,Sanford,2026-08-07,2026-08-07,,2021,RV,Used,,23.77,12.34,pcarter,,27,8.49,19100,24400,false,,,9.99,Core,Core,1.21,0,,0,57834,782,Source One Financial Services,TX, neil cribari,1,1,FL315,Core
247663,pmeza,25708.1,180,Decline,Campers Inn - Prescott Valley- AZ329,Campers Inn,AZ,PRESCOTT VALLEY,2026-08-07,,,2022,RV,Used,679,37.29,3.79,edominguez,,24,14.49,7000,7000,false,,,15.49,Silver 1,Silver 1,1.44,0,,0,17850,657,Source One Financial Services,AZ, holly stocker,0,0,AZ329,Silver
247521,,48625.43,240,Auto Decline,BLUE COMPASS RV - CORPUS CHRISTI - TX459,Blue Compass,TX,CORPUS CHRISTI,2026-08-07,,,2026,RV,New,,15.7,4.12,gott,,0,14.99,5000,5000,false,,,15.99,Silver 2,Silver 2,0.78,0,,0,62690,637,Source One Financial Services,TX,,0,0,TX459,Silver
247599,hhisek,38838.84,180,Decline,Fun Town RV Amarillo - TX508,Fun Town,TX,Amarillo,2026-08-07,,,2026,RV,New,,6.94,2.33,gott,,2,9.49,4000,4000,false,,,10.99,Core,Core,0.81,0,,0,47951,744,Source One Financial Services,TX, eric adams,0,0,TX508,Core
247642,jharrington1,34579.7,204,Conditional Approval,Chesaco RV - Hamburg - PA142,,PA,Hamburg,2026-08-07,2026-08-07,,2021,RV,Used,,44.61,10.3,jharrington1,,34,13.74,4000,8500,false,,,15.24,Core,Core,1.06,0,,0,32750,680,Source One Financial Services,PA, dave conard,1,1,PA142,Core
247587,edominguez,39530.54,180,Decline,Freedom RV-AZ252,,AZ,Tucson,2026-08-07,,,2017,RV,Used,,59.53,5.54,edominguez,,33,9.74,5000,5000,false,,,11.24,Core,Core,1.13,0,,0,35050,774,Source One Financial Services,AZ, tyler temple,0,0,AZ252,Core
247585,Jhill,12753.98,120,Booked,Lawrenceburg Marine - ETN108,EPIC,TN,Lawrenceburg,2026-08-07,2026-08-11,2026-08-11,2027,Boat,New,,20.31,4.04,S1House,5972,5867,7.49,1400,1400,false,105,0,8.99,Core,Core,1.27,765.24,6,0,10080.63,841,Source One Financial Services,TN, chuck smith,1,0,ETN108,Core
247527,lgrace,28314.68,180,Approved,Campers Inn - Ocala - FL158,Campers Inn,FL,Ocala,2026-08-07,2026-08-13,,2026,RV,New,,39.16,2.66,pcarter,,9144,9.99,3000,3000,false,,,11.49,Core,Core,0.85,0,,0,33493,717,Source One Financial Services,FL, scott mckeever,1,1,FL158,Core
247442,lgrace,50242.88,240,Auto Approval,Ultimate Marine - EFL121,EPIC,FL,Orlando,2026-08-07,2026-08-07,,2026,Boat,New,,46.34,4.74,S1House,,12,7.49,4000,4000,false,,,8.99,Core,Core,1.29,0,,0,39058.38,863,Source One Financial Services,FL, david bounphasaysonh,1,1,EFL121,Core
247563,rsimmons,53286.09,204,Decline,Liberty Trail RV - Sulphur Springs - TX580,,TX,Sulphur Springs,2026-08-07,,,2026,RV,New,718,30.82,7.12,gott,,17,9.99,0,0,false,,,11.49,Core,Core,1.15,0,,0,46168.5,730,Source One Financial Services,TX, shaun woodruff,0,0,TX580,Core
247560,rsimmons,25875.3,180,Decline,Rocky Ridge RV - Tyler - TX574,Rocky Ridge,TX,Tyler,2026-08-07,,,2017,RV,Used,,9.58,5.06,gott,,8,11.24,0,0,false,,,12.99,Core,Core,0.89,0,,0,29200,698,Source One Financial Services,TX, brandon barsh,0,0,TX574,Core
247673,ahunt,71142.8,240,Approved,Royal RV & Auto Center Inc - IN203,,IN,Middleberry,2026-08-07,2026-08-07,,2026,RV,New,600,18.33,4.94,jharrington1,,46,9.74,6000,6000,false,,,11.24,Core,Core,0.83,0,,0,85993,737,Source One Financial Services,MI, jason flick,1,1,IN203,Core
247613,hhisek,33154.6,180,Decline,Ski's Truck and RV Sales - IN213,Easy Care,IN,Rockville,2026-08-07,,,2022,RV,New,,34.39,3.2,jharrington1,,8,10.49,4000,4000,false,,,11.99,Core,Core,0.82,0,,0,40480,710,Source One Financial Services,OH, bradley taylor,0,0,IN213,Core
247490,rsimmons,97113.82,240,Decline,Ron Hoover - Lubbock - TX499,Ron Hoover,TX,Slaton,2026-08-07,,,2026,RV,New,,50.68,5.26,gott,,6,8.99,0,11350,false,,,10.49,Core,Core,1.24,0,,0,78299,747,Source One Financial Services,TX, jon vidaure,0,0,TX499,Core
247515,,30412.25,120,Auto Decline,NewCoast - Boatzon - FL356,Marine Max,FL,Oldsmar,2026-08-07,,,2024,Boat,Used,,59.4,5.79,S1House,,0,22.99,12000,12000,false,,,23.99,Bronze,Bronze,0.65,0,,0,46440,589,Source One Financial Services,FL,,0,0,FL356,Business First
247446,hhisek,109892.77,180,Verifications Incomplete,Woodland Airstream - MI458,,MI,Grand Rapids,2026-08-07,2026-08-13,,2027,RV,New,,15.17,3.32,dzilberchtein,,8626,9.5,1000,49700,false,,1,10,Silver 1,Not Applicable,0.8,2197.86,2,0,138181,675,Ideal Credit Union,WI,,1,1,MI458,Not Applicable
247669,eavila,63000,180,Pending,INLAND BOAT CENTER INC - SCA106,,CA,PERRIS,2026-08-07,,,2017,Boat,Used,,65.89,7.49,jrubi,,23,10.99,4000,4000,false,,,12.49,Core,Core,0.91,0,,0,69476,714,Source One Financial Services,CA, taylor nissen,0,0,SCA106,Core
247701,jrubi,29275,180,Decline,BISH'S RV OF KEARNEY - NE102,Bish's RV,NE,KEARNEY,2026-08-07,,,2022,RV,Used,,12.65,11.34,dzilberchtein,,15,13.24,500,500,false,,,14.24,Silver 1,Silver 1,0.97,0,,0,30150,667,Source One Financial Services,NE, dylan higgins,0,0,NE102,Silver
247611,,13768,120,Auto Decline,BOBBY WAYNES RV - SCA111,,CA,LANCASTER,2026-08-07,,,2010,RV,Used,,0,0,jrubi,,0,22.99,500,500,false,,,23.99,Bronze,Bronze,0,0,,0,0,,Source One Financial Services,CA,,0,0,SCA111,Business First
247549,Jhill,59057.73,240,Auto Approval,Blue Compass RV - Fort Wayne - IN217,Blue Compass,IN,Columbia City,2026-08-07,2026-08-07,,2025,RV,New,,32.94,7.28,jharrington1,,21,7.49,6500,6500,false,,,8.99,Core,Core,0.89,0,,0,66235,852,Source One Financial Services,IN, tasha santos,1,1,IN217,Core
247605,lgrace,36977.77,180,Auto Approval,NewCoast - Boatzon - FL356,Marine Max,FL,Oldsmar,2026-08-07,2026-08-12,,2009,Boat,Used,,38.34,3.79,S1House,,7189,14.74,3800,5861,false,,,15.74,Silver 1,Silver 1,0.93,0,,0,39705,665,Source One Financial Services,CT, john womble,1,1,FL356,Silver
247568,sbaker,45649.64,240,Auto Approval,Gregg Orr Marine - Hot Springs - AR123,,AR,Hot Springs,2026-08-07,2026-08-12,,2024,Boat,New,,39.07,4.01,jweller,,7518,9.74,0,6399.36,false,,,11.24,Core,Core,0.63,0,,0,71937,726,Source One Financial Services,LA, lisa murphy,1,1,AR123,Core
247485,eavila,44087.55,144,Decline,Fun Town RV Ottawa LLC - KS125,Fun Town,KS,Ottawa,2026-08-07,,,2026,RV,New,,56.54,4.31,jweller,,6,7.49,5000,5043.03,false,,,8.99,Core,Core,1.17,0,,0,37777,806,Source One Financial Services,KS, john lucas,0,0,KS125,Core
247684,,16855.7,120,Cancelled,BANNING RV DISCOUNT CENTER - SCA123,,CA,BANNING,2026-08-07,,,2013,RV,Used,,0,0,jrubi,,,22.99,0,0,false,,,23.99,Bronze,Bronze,1.59,0,,0,10615,,Source One Financial Services,CA, alberto sanchez,0,0,SCA123,Business First
247632,rsimmons,51346.11,240,Booked,AMERICA GO RV - COMFORT - TX471,,TX,COMFORT,2026-08-07,2026-08-08,2026-08-10,2023,RV,Used,662,35.2,3.63,gott,4355,1208,10.24,5000,5000,false,3146,1,11.74,Core,Core,1.05,3080.77,6,0,48950,726,Source One Financial Services,TX, eric sprague,1,0,TX471,Core
247583,sbaker,27692,240,Decline,Blue Compass - Mobile - AL170,Blue Compass,AL,Theodore,2026-08-07,,,2026,RV,New,,38.4,4.23,jsmith,,6,10.24,2800,2800,false,,,11.74,Core,Core,1.01,0,,0,27550,690,Source One Financial Services,AL, dylan howard,0,0,AL170,Core
247443,,48591.81,180,Auto Decline,Optimum RV Zephyr Hills - FL164,Optimum RV,FL,Zephyr Hills,2026-08-07,,,2024,RV,Used,,22.15,21.44,wstoutimore,,0,22.99,30000,30000,false,,,23.99,Bronze,Bronze,0.83,0,,0,58300,593,Source One Financial Services,FL,,0,0,FL164,Business First
247479,Jhill,27712.8,180,Approved,Campers Inn RV of Knoxville E - TN160,Campers Inn,TN,Knoxville,2026-08-07,2026-08-07,,2026,RV,New,,29.41,3.94,jsmith,,22,12.49,500,51750,false,,,13.49,Silver 1,Silver 1,0.41,0,,0,67631,678,Source One Financial Services,FL, radu puraci,1,1,TN160,Silver
247471,rsimmons,29553.2,180,Booked,Big D Marine and Powersports -TX205,,TX,Huntsville,2026-08-07,2026-08-11,2026-08-11,2019,Boat,Used,,25.84,4.02,gott,6082,5917,11.24,2300,2300,false,162,3,12.74,Core,Core,1.33,1773.19,6,0,22175,684,Source One Financial Services,TX, ronald brown,1,0,TX205,Core
247671,pmeza,160773.85,240,Decline,Blue Compass RV - Columbia - SC136,Blue Compass,SC,Lexington,2026-08-07,,,2026,RV,New,,52.7,12.5,jsmith,,39,10.24,0,20674.15,false,,,11.74,Core,Core,1.2,0,,0,134304,697,Source One Financial Services,SC, zach smith,0,0,SC136,Core
247428,lgrace,34552.35,180,Approved,Clear Creek Camping LLC-TX396,,TX,Abilene,2026-08-07,2026-08-07,,2023,RV,Used,,27.49,3.35,gott,,10,9.99,2000,2000,false,,,11.49,Core,Core,1.01,0,,0,34250,744,Source One Financial Services,OK, clay anderson,1,1,TX396,Core
247648,,20186,180,Auto Decline,American RV Center - IN219,,IN,Evansville,2026-08-07,,,2017,RV,Used,648,38.75,6.33,jharrington1,,0,16.24,100,1500,false,,,17.24,Silver 2,Silver 2,1.02,0,,0,19750,634,Source One Financial Services,IL,,0,0,IN219,Silver
247476,rsimmons,21550.07,180,Decline,RV Station LTD - Tyler -TX324,,TX,Tyler,2026-08-07,,,2018,RV,Used,,19.4,2.15,gott,,2,10.99,0,0,false,,,12.49,Core,Core,0.93,0,,0,23265,703,Source One Financial Services,TX, james chadwick,0,0,TX324,Core
247455,,35916.5,180,Auto Decline,Williamson RV LLC-IN209,,IN,Seymour,2026-08-07,,,2020,RV,Used,,24.85,24.85,jharrington1,,0,22.99,15000,19000,false,,,23.99,Bronze,Bronze,0.8,0,,0,45000,,Source One Financial Services,KY,,0,0,IN209,Business First
247572,hhisek,30832.9,204,Booked,Blue Compass RV - Katy - TX571,Blue Compass,TX,Katy,2026-08-07,2026-08-10,2026-08-12,2027,RV,New,690,30.25,1.73,gott,7259,4312,7.99,0,0,false,2941,6,7.39,Core,Core,1.49,308.33,1,0,20667.58,789,Source One Financial Services,TX, jakob cunningham,1,0,TX571,Core
247628,Jhill,24249.14,144,Auto Approval,FC MARINE - OH172,,OH,NEW FRANKLIN,2026-08-07,2026-08-07,,2013,Boat,Used,,25.13,3.31,jharrington1,,16,11.24,3000,3000,false,,,12.74,Core,Core,0.91,0,,0,26740,727,Source One Financial Services,OH, kenneth grimes,1,1,OH172,Core
247518,,16478,144,Auto Decline,"HAPPY TOWN RV, LLC - SC122",,SC,ST GEORGE,2026-08-07,,,2021,RV,Used,,4.73,4.7,jsmith,,0,22.99,500,5000,false,,,23.99,Bronze,Bronze,0.94,0,,0,17500,,Source One Financial Services,SC,,0,0,SC122,Business First
247567,avera,43585.52,220,Auto Approval,General RV - West Chester - PA113,General RV,PA,West Chester,2026-08-07,2026-08-11,,2015,RV,Used,,34.1,3.21,jharrington1,,5516,8.24,10000,10000,false,,,9.74,Core,Core,0.8,0,,0,54516,805,Source One Financial Services,DE, michael quigley,1,1,PA113,Core
247475,mlomedico,62898,180,Auto Approval,Colmans Country Campers - IL155,,IL,Hartford,2026-08-07,2026-08-07,,2026,RV,New,,34.3,8.11,gcoulombe,,23,8.74,0,0,false,,,10.24,Core,Core,1.24,0,,0,50768,764,Source One Financial Services,MO, david sanders,1,1,IL155,Core
247574,avera,99999.15,240,Approved,CAMPERS INN OF KINGSTON - NH100,Campers Inn,NH,KINGSTON,2026-08-07,2026-08-07,,2026,RV,New,710,35.6,3.69,gcoulombe,,58,7.24,13437.64,13519.85,false,,,8.74,Core,Core,1.14,0,,0,87904,869,Source One Financial Services,NH, kenneth unger,1,1,NH100,Core
247528,Jhill,31271.02,180,Auto Approval,Huggy Bear RV Sales -OH162,Canopy Financial,OH,Middle Point,2026-08-07,2026-08-07,,2026,RV,New,,32.02,4.77,jharrington1,,3,9.74,0,6427.98,false,,,11.24,Core,Core,0.87,0,,0,35899,732,Source One Financial Services,IN, matt kurtz,1,1,OH162,Core
247640,,24053.56,180,Auto Decline,Southern RV INC - FL192,,FL,DeLand,2026-08-07,,,2022,RV,Used,497,18.25,4.34,pcarter,,0,22.99,4000,4000,false,,,23.99,Bronze,Bronze,1.05,0,,0,22999,492,Source One Financial Services,FL,,0,0,FL192,Business First
247655,lgrace,70391.51,240,Auto Approval,RV Value Mart-Bethlehem-PA125,,PA,Bath,2026-08-07,2026-08-07,,2026,RV,New,737,49.71,5.25,jharrington1,,15,9.49,7000,7300,false,,,10.99,Core,Core,1.11,0,,0,63288,756,Source One Financial Services,NJ, marty dieppa,1,1,PA125,Core
247588,hhisek,32831.78,180,Approved,CAMPERS INN MACON - GA121,Campers Inn,GA,BYRON,2026-08-07,2026-08-07,,2025,RV,New,741,15.18,2.92,jsmith,,45,9.74,2000,7000,false,,,11.24,Core,Core,1.3,0,,0,25259,725,Source One Financial Services,GA, brandon tarleton,1,1,GA121,Core
247674,eavila,155745.85,240,Decline,"Campers Inn RV of Myrtle Beach, Inc - SC109",Campers Inn,SC,Myrtle Beach,2026-08-07,,,2026,RV,New,,30.24,11.11,jsmith,,30,12.49,0,20000,false,,,13.49,Silver 1,Silver 1,0.96,0,,0,161430,670,Source One Financial Services,FL, murphy jackson,0,0,SC109,Silver
247676,,74227.81,240,Auto Decline,RV Dynasty - IN177,,IN,Bunker Hill,2026-08-07,,,2026,RV,New,,53.22,20.19,jharrington1,,0,10.24,7000,7000,false,,,11.74,Core,Core,0.87,0,,0,85443,693,Source One Financial Services,TX,,0,0,IN177,Core
247444,rsimmons,21805.04,180,Approved,Vicars Trailer Sales -MI139,Canopy Financial,MI,Taylor,2026-08-07,2026-08-07,,2023,RV,New,,38.7,3.2,dzilberchtein,,7,9.99,8000,8000,false,,,11.49,Core,Core,0.56,0,,0,38987,745,Source One Financial Services,MI, matt kurtz,1,1,MI139,Core
247623,,57280.12,240,Cancelled,Campers Unlimited - Oxford - AL155,,AL,Oxford,2026-08-07,,,2026,RV,New,,0,0,jsmith,,,22.99,5000,5235.46,false,,,23.99,Bronze,Bronze,0.99,0,,0,58018,,Source One Financial Services,GA, tommy perkins,0,0,AL155,Business First
247709,,32879.91,180,Auto Decline,SANTA ROSA RV SALES - NCA113,,CA,SANTA ROSA,2026-08-07,,,2026,RV,New,,4.33,4.32,jrubi,,0,9.74,20000,20000,false,,,11.24,Core,Core,0.69,0,,0,47450,736,Source One Financial Services,CA,,0,0,NCA113,Core
247519,rsimmons,12482.36,120,Booked,DADS CAMPER OUTLET - GULFPORT - MS100,,MS,GULFPORT,2026-08-07,2026-08-11,2026-08-11,2026,RV,New,,17.2,2.13,jsmith,5987,5957,9.74,0,10000,false,30,0,11.24,Core,Core,0.56,748.94,6,0,22204,729,Source One Financial Services,MS, ricky arnaud,1,0,MS100,Core
247612,Jhill,82768,204,Auto Approval,Mid America RV -MO104,,MO,Carthage,2026-08-07,2026-08-07,,2026,RV,New,,26.83,9.02,jweller,,9,9.49,1000,1000,false,,,10.99,Core,Core,0.95,0,,0,87117,747,Source One Financial Services,MO, jeremy nelson,1,1,MO104,Core
247710,eavila,29617.95,144,Conditional Approval,Blue Compass RV - Katy - TX571,Blue Compass,TX,Katy,2026-08-07,2026-08-08,,2026,RV,New,,25.09,5.62,gott,,920,11.25,3000,3000,false,,,11.5,Silver 1,Not Applicable,0.82,0,,0,35992,642,Ideal Credit Union,AR, kevin miranda,1,1,TX571,Not Applicable
247666,hhisek,77145.96,204,Conditional Approval,Blue Compass RV - Seguin - TX573,Blue Compass,TX,Sequin,2026-08-07,2026-08-07,,2026,RV,New,802,35.24,9.27,gott,,5,7.49,0,0,false,,,8.99,Core,Core,0.99,0,,0,78166,816,Source One Financial Services,TX, gus ponce,1,1,TX573,Core
247607,,40287,180,Auto Decline,Liberty RV-MO107,,MO,Liberty,2026-08-07,,,2027,RV,New,,16.52,8.42,jweller,,0,14.99,0,0,false,,,15.99,Silver 2,Silver 2,0.96,0,,0,41779,639,Source One Financial Services,AL,,0,0,MO107,Silver
247546,mlomedico,98644,180,Auto Approval,St Louis RV - MO155,,MO,O'Fallon,2026-08-07,2026-08-07,,2026,RV,New,821,21.53,4.46,jweller,,32,7.49,5000,5000,false,,,8.99,Core,Core,1.21,0,,0,81200,860,Source One Financial Services,IL, jason miller,1,1,MO155,Core
247506,,32057.5,180,Auto Decline,Intercoastal Financial Group LLC - 17401746,IFG,FL,Vero Beach,2026-08-07,,,2017,Boat,Used,,28.85,2.74,S1House,,0,19.49,5000,5000,false,,,20.49,Silver 2,Silver 2,0.92,0,,0,35000,619,Source One Financial Services,CA,,0,0,17401746,Silver
247594,mlomedico,31048,204,Auto Approval,Blue Compass-RV KC - Grain Valley - MO121,Blue Compass,MO,Grain Valley,2026-08-07,2026-08-07,,2026,RV,New,,24.71,7.34,jweller,,26,8.74,1000,1000,false,,,10.24,Core,Core,0.86,0,,0,36132.25,780,Source One Financial Services,MO, aaron shockey,1,1,MO121,Core
247470,mlomedico,29539.18,180,Approved,Fun Town RV - Texarkana - AR120,Fun Town,AR,Texarkana,2026-08-07,2026-08-07,,2025,RV,Used,,15.32,4.53,jweller,,30,13.74,1000,5003,false,,,14.74,Silver 1,Silver 1,0.85,0,,0,34800,649,Source One Financial Services,AR, henry reyna,1,1,AR120,Silver
247468,mlomedico,50275.75,180,Conditional Approval,Lakeland RV -WI515,,WI,Milton,2026-08-07,2026-08-07,,2015,RV,Used,704,49.91,5.79,dzilberchtein,,153,10.74,14500,14500,false,,,11.24,Core,Core,0.98,0,,0,51200,762,Source One Financial Services,IL, kevin schmidt,1,1,WI515,Core
247614,lgrace,80122.3,240,Auto Approval,PERFORMANCE EAST - NC113,,NC,GOLDSBORO,2026-08-07,2026-08-07,,2027,Boat,New,,40.94,12.07,jsmith,,28,8.99,10000,11500,false,,,10.49,Core,Core,1.19,0,,0,67064.13,751,Source One Financial Services,NC, dalton pearce,1,1,NC113,Core
247699,mlomedico,99123,240,Auto Approval,Blue Compass-RV KC - Grain Valley - MO121,Blue Compass,MO,Grain Valley,2026-08-07,2026-08-07,,2026,RV,New,863,39.78,10.45,jweller,,35,7.24,1000,22000,false,,,8.74,Core,Core,0.85,0,,0,116461,863,Source One Financial Services,MO, aaron shockey,1,1,MO121,Core
247526,rsimmons,37773.12,204,Decline,Texas Boat World -TX378,,TX,Harker Heights,2026-08-07,,,2025,Boat,New,,53.33,5.45,gott,,19,9.49,0,0,false,,,10.99,Core,Core,1.15,0,,0,32752.46,754,Source One Financial Services,TX,,0,0,TX378,Core
247707,,61331.55,240,Auto Decline,LEMKE RV LLC - NCA116,,CA,ROCKLIN,2026-08-07,,,2018,RV,Used,602,33.95,10.68,jrubi,,0,16.24,16000,16000,false,,,17.24,Silver 2,Silver 2,0.76,0,,,80185,632,Source One Financial Services,CA,,0,0,NCA116,Silver
247639,avera,25050.03,240,Decline,BLUE COMPASS RV  COLUMBUS-OH210,Blue Compass,OH,DELAWARE,2026-08-07,,,2026,RV,New,634,53.78,3.61,jharrington1,,7,12.49,4000,4000,false,,,13.49,Silver 1,Silver 1,0.1,0,,0,263320,678,Source One Financial Services,OH, anja merchant,0,0,OH210,Silver
247658,mlomedico,71615.38,240,Auto Approval,Fun Town RV - Texarkana - AR120,Fun Town,AR,Texarkana,2026-08-07,2026-08-07,,2026,RV,New,,29.66,5.88,jweller,,47,8.74,1000,7115,false,,,10.24,Core,Core,0.96,0,,0,74325,762,Source One Financial Services,TX, henry reyna,1,1,AR120,Core
247631,eavila,50799.68,180,Decline,Ashley Marine LLC - GA147,,GA,Columbus,2026-08-07,,,2026,Boat,New,,19.62,7.15,jsmith,,35,14.99,10000,10000,false,,,15.99,Silver 2,Not Applicable,1.01,0,,0,50150.99,635,Ideal Credit Union,GA, shirley ashley,0,0,GA147,Not Applicable
247598,mlomedico,95586.8,240,Decline,Prossers Premium RV Outlet -WI170,,WI,Sturtevant,2026-08-07,,,2026,RV,New,,56.66,18.78,dzilberchtein,,25,7.49,1000,1000,false,,,8.99,Core,Core,0.88,0,,0,108077,806,Source One Financial Services,WI, richard smith,0,0,WI170,Core
247660,hhisek,55531.76,180,Decline,Premier Yamaha Boating Center/Aransas -TX209,,TX,Aransas,2026-08-07,,,2025,Boat,New,,15.58,3.86,gott,,10,13.74,10000,13500,false,,,14.74,Silver 1,Silver 1,0.88,0,,0,63310,646,Source One Financial Services,TX, charles ferguson,0,0,TX209,Silver
247561,lgrace,168000,240,Approved,Ultimate Toys Inc- OH218,,OH,Loveland,2026-08-07,2026-08-07,,2026,RV,New,,20.66,3.94,jharrington1,,32,7.24,19000,19000,false,,,8.74,Core,Core,1.2,0,,0,140185,822,Source One Financial Services,FL, russell jay,1,1,OH218,Core
247448,rsimmons,43219,204,Auto Approval,Campers Inn RV of Knoxville E - TN160,Campers Inn,TN,Knoxville,2026-08-07,2026-08-07,,2024,RV,Used,797,37.76,3.79,jsmith,,14,9.49,4600,1100,false,,,10.99,Core,Core,1.06,0,,0,40800,751,Source One Financial Services,NC, radu puraci,1,1,TN160,Core
247517,avera,79976.96,204,Conditional Approval,NewCoast - Boatzon - FL356,Marine Max,FL,Oldsmar,2026-08-07,2026-08-07,,2026,RV,New,,20.18,6.86,S1House,,24,8.74,83800,83800,false,,,10.24,Core,Core,0.55,0,,0,144600,763,Source One Financial Services,CO, chris liseo,1,1,FL356,Core
247634,,18383.42,120,Auto Decline,Rock Solid Funding LLC - TX536,RSF,TX,BEDFORD,2026-08-07,,,2026,RV,New,,45.29,2.3,S1House,,0,14.99,10000,10000,false,,,15.99,Silver 1,Silver 1,0.88,0,,0,20938,640,Source One Financial Services,FL,,0,0,TX536,Silver
247555,jharrington1,20689.7,180,Approved,Best Choice Trailers & RV-PA123,Canopy Financial,PA,Irwin,2026-08-07,2026-08-07,,2017,RV,Used,,30.88,3.61,jharrington1,,24,10.99,2500,2500,false,,,12.49,Core,Core,0.89,0,,0,23250,715,Source One Financial Services,PA, matt kurtz,1,1,PA123,Core
247531,hhisek,24030.55,180,Approved,Freedom RV LLC - TX490,Canopy Financial,TX,Dodd City,2026-08-07,2026-08-07,,2021,RV,Used,,25.29,2.42,gott,,6,9.99,2000,2000,false,,,11.49,Core,Core,0.97,0,,0,24800,752,Source One Financial Services,TX, matt kurtz,1,1,TX490,Core
247554,,29416.88,180,Auto Decline,MOUNTAINEER RV and OUTDOOR CENTER - WV102,,WV,JANE LEW,2026-08-07,,,2025,RV,New,,26.07,10.87,jharrington1,,0,14.99,3000,3000,false,,,15.99,Silver 2,Silver 2,0.78,0,,0,37829,631,Source One Financial Services,WV,,0,0,WV102,Silver
247499,,25437.75,120,Auto Decline,"Ron Hoover Companies of Donna, Inc -Tx277",Ron Hoover,TX,Donna,2026-08-07,,,2022,RV,Used,,51.16,9.71,gott,,0,22.99,3000,3000,false,,,23.99,Bronze,Bronze,0.76,0,,0,33375,525,Source One Financial Services,TX,,0,0,TX277,Business First
247708,jrubi,22013,144,Conditional Approval,BEAUMONT RV - SCA108,,CA,BEAUMONT,2026-08-07,2026-08-08,,2026,RV,New,,14.1,4.14,jrubi,,1072,7.74,2000,2000,false,,,8.74,Core,Not Applicable,1.11,0,,0,19900,759,Connexus Credit Union,CA,,1,1,SCA108,Not Applicable
247654,hhisek,32285.94,180,Decline,Campers Inn RV of Knoxville E - TN160,Campers Inn,TN,Knoxville,2026-08-07,,,2016,RV,Used,,15.59,7.54,jsmith,,6,11.24,1000,1000,false,,,12.74,Core,Core,0.56,0,,0,57900,681,Source One Financial Services,TN, radu puraci,0,0,TN160,Core
247621,,14508.55,180,Auto Decline,Blue Compass RV - Gainesville - FL335,Blue Compass,FL,Alachua,2026-08-07,,,2018,RV,Used,,51.36,6.72,pcarter,,0,13.74,3800,3800,false,,,14.74,Silver 1,Silver 1,0.77,0,,0,18850,670,Source One Financial Services,FL,,0,0,FL335,Silver
247523,avera,45183,180,Auto Approval,American RV Center - IN219,,IN,Evansville,2026-08-07,2026-08-07,,2024,RV,Used,758,27.72,3.43,jharrington1,,77,7.49,5000,5000,false,,,9.24,Core,Core,1.04,0,,0,43600,824,Source One Financial Services,IN, chad s. bruce,1,1,IN219,Core
247477,,42038.9,180,Auto Decline,"Ron Hoover Companies of Donna, Inc -Tx277",Ron Hoover,TX,Donna,2026-08-07,,,2026,RV,New,,45.85,5.08,gott,,0,13.74,4200,4200,false,,,14.74,Silver 1,Silver 1,1.04,0,,0,40520,656,Source One Financial Services,TX,,0,0,TX277,Silver
247533,thovey,94972.94,240,Auto Approval,UNLIMITED RV - MO192,,MO,INDEPENDENCE,2026-08-07,2026-08-12,,2026,RV,New,693,14.1,8.34,jweller,,7140,8.99,2000,13900,false,,,9.74,Core,Not Applicable,0.98,0,,0,96663,701,Connexus Credit Union,IL, nate donaldson,1,1,MO192,Not Applicable
247452,sbaker,33672.79,240,Decline,Rock Solid Funding LLC - TX536,RSF,TX,BEDFORD,2026-08-07,,,2015,RV,Used,,10.49,8.87,S1House,,20,9.74,0,0,false,,,11.24,Core,Core,0.73,0,,0,46200,778,Source One Financial Services,CO, caleb grassi,0,0,TX536,Core
247686,mlomedico,120828.11,240,Approved,BISHS RV - TWIN FALLS - ID108,Bish's RV,ID,JEROME,2026-08-07,2026-08-07,,2027,RV,New,749,35.78,5.91,ljablonoski,,33,7.74,2278.86,14513.53,false,,,9.24,Core,Core,1.22,0,,0,99254,792,Source One Financial Services,ID, todd miillsap,1,1,ID108,Core
247641,edominguez,47175,180,Auto Approval,Auto Corral RV/AZ Auto Corral LLC -AZ266,,AZ,Mesa,2026-08-07,2026-08-07,,2021,RV,Used,,41.78,2.61,edominguez,,52,7.99,10000,10000,false,,,9.49,Core,Core,0.88,0,,0,53800,802,Source One Financial Services,NC, zac hyzdu,1,1,AZ266,Core
247706,mlomedico,35703.97,204,Auto Approval,Blue Compass RV - Charlotte - NC153,Blue Compass,NC,Concord,2026-08-07,2026-08-07,,2021,RV,Used,,17.18,6.68,jsmith,,10,9.99,500,4158.1,false,,,11.49,Core,Core,0.95,0,,0,37400,749,Source One Financial Services,NC, rylie seda,1,1,NC153,Core
247656,pmeza,25015,204,Booked,SUNRISE MARINE CENTER - AR109,,AR,SEARCY,2026-08-07,2026-08-11,2026-08-11,2023,Boat,Used,,43.6,2.59,jweller,5678,5633,10.49,1000,2000,false,29,16,11.99,Core,Core,0.95,1500.9,6,0,26260,708,Source One Financial Services,AR, makayla cheatham,1,0,AR109,Core
247538,eavila,25431.33,180,Approved,Campers Inn - Ocala - FL158,Campers Inn,FL,Ocala,2026-08-07,2026-08-07,,2026,RV,New,,22.88,8.45,pcarter,,25,7.89,4000,4000,false,,,8.64,Silver 1,Not Applicable,0.95,0,,0,26807,665,Ideal Credit Union,FL, scott mckeever,1,1,FL158,Not Applicable
247451,avera,29231.64,180,Booked,White Horse RV Center-NJ107,,NJ,Williamstown,2026-08-07,2026-08-10,2026-08-12,2026,RV,New,,22.6,3.54,gcoulombe,7549,4680,8.74,3000,3000,false,2839,30,10.24,Core,Core,0.98,1753.9,6,0,29869,772,Source One Financial Services,PA, nancy bedard,1,0,NJ107,Core
247693,eavila,77725.13,240,Decline,LDRV of Tampa - FL340,Campers Inn,FL,Seffner,2026-08-07,,,2018,RV,Used,625,43.31,4.32,wstoutimore,,43,11.24,5000,11427.76,false,,,12.74,Silver 1,Silver 1,1.04,0,,0,74690,649,Source One Financial Services,FL, ethan haynes,0,0,FL340,Silver
247510,sbaker,24790,180,Booked,Tulsa RV Outlet Center - OK108,,OK,TULSA,2026-08-07,2026-08-07,2026-08-10,2020,RV,Used,,25.81,4.82,jweller,4636,56,9.99,3000,3000,false,4560,20,11.49,Core,Core,1.08,1487.4,6,0,23050,750,Source One Financial Services,OK, david digiovanni,1,0,OK108,Core
247439,avera,13849.49,120,Decline,General RV - Fort Myers - FL240,General RV,FL,Fort Myers,2026-08-07,,,2021,RV,Used,,38.43,5.73,wstoutimore,,62,14.49,3000,3000,false,,,15.49,Silver 1,Silver 1,0.69,0,,0,20200,655,Source One Financial Services,FL, dustin knaggs,0,0,FL240,Silver
247536,rsimmons,36693.04,180,Auto Approval,RV Station LTD - Bryan/College Station -TX193,,TX,College Station,2026-08-07,2026-08-07,,2016,RV,Used,,19.51,2.53,gott,,179,9.99,3000,3000,false,,,11.49,Core,Core,1.06,0,,0,34750,752,Source One Financial Services,TX, curtis hunsinger,1,1,TX193,Core
247480,lgrace,20817,144,Auto Approval,NewCoast - Boatzon - FL356,Marine Max,FL,Oldsmar,2026-08-07,2026-08-07,,2017,Boat,Used,,30.79,1.85,S1House,,18,10.74,2000,2000,false,,,12.24,Core,Core,0.99,0,,0,20945,733,Source One Financial Services,OK, john womble,1,1,FL356,Core
247647,mlomedico,11623.3,60,Auto Approval,RAM MOTORS RV AND TRUCK - NM102,,NM,ALBUQUERQUE,2026-08-07,2026-08-07,,2013,RV,Used,,16.7,2.96,edominguez,,239,17.74,1200,1200,false,,,17.74,Silver 1,Silver 1,0.98,0,,0,11850,679,Source One Financial Services,FL, uriah holland,1,1,NM102,Silver
247430,avera,53341,240,Decline,Cope Auto and Marine Inc - IL162,,IL,O'Fallon,2026-08-07,,,2026,Boat,New,679,32.36,4.29,jweller,,11,12.49,0,10700,false,,,13.49,Silver 1,Silver 1,1.03,0,,0,52031,667,Source One Financial Services,MO, robert hoard,0,0,IL162,Silver
247659,rsimmons,77785.59,240,Auto Approval,RV Station LTD- Katy -TX290,,TX,Katy,2026-08-07,2026-08-07,,2023,RV,Used,740,29.02,3.79,gott,,47,7.24,8000,8000,false,,,8.24,Core,Not Applicable,0.81,0,,0,96200,747,Connexus Credit Union,OK, joe diaz,1,1,TX290,Not Applicable
247492,eavila,36091,180,Decline,Rocky Ridge - Idabel - OK149,Rocky Ridge,OK,Idabel,2026-08-07,,,2026,RV,Used,,50.52,9.68,jweller,,27,9.74,0,0,false,,,11.49,Core,Core,0.88,0,,0,40866,740,Source One Financial Services,AR, michael white,0,0,OK149,Core
247543,avera,26280.16,180,Booked,Meyer's I-79 RV Sales - PA148,,PA,Mount Morris,2026-08-07,2026-08-07,2026-08-10,2022,RV,Used,671,33.38,5.2,jharrington1,4599,252,9.99,0,0,false,4346,1,11.49,Core,Core,1.34,1576.81,6,0,19550,741,Source One Financial Services,PA, matthew stuchell,1,0,PA148,Core
247619,sbaker,85733.57,240,Approved,STAGECOACH RV SALES - IN180,,IN,PERU,2026-08-07,2026-08-07,,2026,RV,New,700,28.17,5.84,jharrington1,,45,7.24,41000,41000,false,,,8.74,Core,Core,0.65,0,,0,132170,850,Source One Financial Services,VT, kodi rybolt,1,1,IN180,Core
247576,,59623.5,204,Auto Decline,"Vantage Recreational Finance, Inc. -FL291",VRF,FL,FORT LAUDERDALE,2026-08-07,,,2011,RV,Used,,52.57,19.5,S1House,,0,22.99,6100,6100,false,,,23.99,Bronze,Bronze,0.96,0,,0,62424,610,Source One Financial Services,NC,,0,0,FL291,Business First
247557,sbaker,59114.76,240,Approved,Bayside Marine INC-TX540,,TX,Port Isabel,2026-08-07,2026-08-07,,2027,Boat,New,,25.55,4.41,gott,,10,7.49,0,10250,false,,,8.99,Core,Core,0.91,0,,0,64620,857,Source One Financial Services,TX, daniel cortez,1,1,TX540,Core
247456,Jhill,74515,240,Decline,ADVENTURE MOTORHOMES - SC118,,SC,GREEER,2026-08-07,,,2026,RV,New,,60.52,11.63,jsmith,,3,7.49,2000,2000,false,,,8.99,Core,Core,0.85,0,,0,87453,886,Source One Financial Services,SC, keith palmer,0,0,SC118,Core
247512,lgrace,44380.26,180,Booked,Basecamp RV Sales - ECA115,EPIC,CA,Auburn,2026-08-07,2026-08-07,2026-08-13,2027,RV,New,,39.56,4.79,S1House,8991,272,9.99,2000,2000,false,5945,2774,11.49,Core,Core,1.21,2662.82,6,0,36750.19,704,Source One Financial Services,CA, jp lixie,1,0,ECA115,Core
247680,mlomedico,17413.02,144,Decline,Olathe Ford Sales INC-KS127,,KS,Gardner,2026-08-07,,,2019,RV,Used,,48.92,6.5,jweller,,2,13.24,3000,3000,false,,,14.74,Core,Core,1.16,0,,0,15015,680,Source One Financial Services,KS, megan wolf,0,0,KS127,Core
247683,eavila,28700,180,Auto Approval,"Holman Motors, Inc. -OH111",,OH,Batavia,2026-08-07,2026-08-08,,2027,RV,New,,23.86,2.82,jharrington1,,1072,9.99,0,0,false,,,11.49,Core,Core,0.97,0,,0,29494,720,Source One Financial Services,KY,,1,1,OH111,Core
247668,,55127.66,240,Cancelled,Sky River RV - Paso Robles - SCA146,SkyRiver,CA,Paso Robles,2026-08-07,,,2022,RV,Used,,0,0,jrubi,,,22.99,2000,2000,false,,,23.99,Bronze,Bronze,1.18,0,,0,46620,,Source One Financial Services,CA, andy shellcross,0,0,SCA146,Business First
247577,lgrace,80822.25,216,Booked,Boating Atlanta - GA133,,GA,Gainesville,2026-08-07,2026-08-12,2026-08-12,2026,Boat,New,,38.29,8.58,jsmith,7244,6947,10.24,8216,8216,false,296,1,11.74,Core,Core,1.09,4849.34,6,0,74145.38,699,Source One Financial Services,GA, josh haynes,1,0,GA133,Core
247638,thovey,34027.29,180,Approved,Marker 17 Marine LLC - ENC113,EPIC,NC,Wilmington,2026-08-07,2026-08-10,,2023,Boat,Used,,41.88,5.62,S1House,,3970,9.99,10000,10000,false,,,11.49,Core,Core,0.89,0,,0,38208,747,Source One Financial Services,NC, brett light,1,1,ENC113,Core
247507,hhisek,16140.43,144,Conditional Approval,Bish's RV of Sioux Falls - SD112,Bish's RV,SD,Tea,2026-08-07,2026-08-07,,2026,RV,New,,20.26,5.26,dzilberchtein,,22,10.24,1000,1000,false,,,11.74,Core,Core,0.94,0,,0,17095,698,Source One Financial Services,SD, dylan higgins,1,1,SD112,Core
247551,sbaker,136376,240,Decline,Campers Inn of Davenport - IA216,Campers Inn,IA,Davenport,2026-08-07,,,2026,RV,New,765,36.85,19.71,gcoulombe,,25,8.24,0,15000,false,,,9.74,Core,Core,1.15,0,,0,118347,764,Source One Financial Services,IL, thomas greer,0,0,IA216,Core
247600,avera,21156,180,Booked,ARROWHEAD CAMPER SALES - KY117,,KY,MAYFIELD,2026-08-07,2026-08-07,2026-08-10,2019,RV,Used,,24.36,3.38,jharrington1,4370,133,10.49,0,0,false,3657,580,11.99,Core,Core,0.84,1269.36,6,0,25050,744,Source One Financial Services,KY,,1,0,KY117,Core
247464,lgrace,20929,180,Booked,"Vantage Recreational Finance, Inc. -FL291",VRF,FL,FORT LAUDERDALE,2026-08-07,2026-08-07,2026-08-10,2007,Boat,Used,,34.18,2.92,S1House,4757,359,9.99,2200,2200,false,4366,32,11.49,Core,Core,0.99,1255.74,6,0,21105,784,Source One Financial Services,LA, sean fitzpatrick,1,0,FL291,Core
247681,eavila,66035.94,240,Decline,Optimum RV - Tallahassee - FL252,Optimum RV,FL,Tallahassee,2026-08-07,,,2016,RV,Used,,22.54,10.68,wstoutimore,,11,14.99,6500,6500,false,,,15.99,Silver 1,Silver 1,0.86,0,,0,76900,650,Source One Financial Services,FL, joshua ellis,0,0,FL252,Silver
247445,hhisek,16535.46,144,Decline,CAMP EZ RV - TX528,,TX,LIVINGSTON,2026-08-07,,,2021,RV,Used,649,21.09,1.56,gott,,4,13.24,1700,1700,false,,,14.24,Silver 1,Silver 1,0.95,0,,0,17430,662,Source One Financial Services,TX, tony eppler,0,0,TX528,Silver
247565,,32895,180,Auto Decline,Poulsbo RV - Mt Vernon - WA132,,WA,Mt Vernon,2026-08-07,,,2025,RV,New,,43,5.12,ljablonoski,,0,18.24,10000,10000,false,,,19.24,Silver 2,Silver 2,0.97,0,,0,33965,620,Source One Financial Services,WA,,0,0,WA132,Silver
247697,,50000,240,Auto Decline,Ron Hoover Companies of Tulsa - OK157,Ron Hoover,OK,Claremore,2026-08-07,,,2026,Boat,New,610,28.63,4.85,jweller,,0,13.74,9974,9999.96,false,,,14.74,Silver 1,Silver 1,0.64,0,,0,77967.6,656,Source One Financial Services,OK,,0,0,OK157,Silver
247514,Jhill,66242.69,240,Auto Approval,AIRPORT MARINE INC - AL102,,AL,ALABASTER,2026-08-07,2026-08-07,,2027,Boat,New,,35.81,7.55,jsmith,,32,7.49,20000,20000,false,,,8.99,Core,Core,0.9,0,,0,73800,802,Source One Financial Services,AL, kenneth hollis,1,1,AL102,Core
247472,Jhill,29852.9,180,Auto Approval,"Campers Inn RV of South Louisville, Inc. - KY147",Campers Inn,KY,Lebanon Junction,2026-08-07,2026-08-07,,2025,RV,New,,32.23,2.18,jharrington1,,16,9.49,3500,3500,false,,,10.99,Core,Core,1.09,0,,0,27342,752,Source One Financial Services,KY, david williams,1,1,KY147,Core
247610,hhisek,79607.5,240,Approved,Fun Town RV-Denton -TX322,Fun Town,TX,Denton,2026-08-07,2026-08-07,,2026,RV,New,,40.29,7.22,gott,,6,7.74,12850,17068.96,false,,,9.24,Core,Core,1.3,0,,0,61231,789,Source One Financial Services,TX, douglas santos,1,1,TX322,Core
247488,Jhill,111283,240,Auto Approval,Boating Atlanta - GA133,,GA,Gainesville,2026-08-07,2026-08-07,,2025,Boat,New,,11.25,3.79,jsmith,,58,7.74,21405.25,21405.25,false,,,9.24,Core,Core,0.89,0,,0,125650,797,Source One Financial Services,GA, josh haynes,1,1,GA133,Core
247713,,35530,180,Auto Decline,Smith RV - WY105,,WY,Evansville,2026-08-07,,,2026,RV,New,,53.42,8.01,dzilberchtein,,0,22.99,0,0,false,,,23.99,Bronze,Bronze,1.25,0,,665,28478,587,Source One Financial Services,WY,,0,0,WY105,Business First
247718,avera,75035,204,Conditional Approval,Midway Auto & RV - Billings - MT107,,MT,Billings,2026-08-07,2026-08-08,,2026,RV,New,622,37.75,4.17,dzilberchtein,,757,10.24,31300,8346,false,,,11.74,Core,Core,1.03,0,,0,72841,695,Source One Financial Services,MT,,1,1,MT107,Core
247484,rsimmons,36765.97,180,Auto Approval,CRESTVIEW RV SUPERSTORE - SELMA - TX484,Campers Inn,TX,SELMA,2026-08-07,2026-08-10,,2027,RV,New,,33.16,10.19,gott,,4179,10.24,4000,4000,false,,,11.74,Core,Core,0.91,0,,0,40565,685,Source One Financial Services,TX, tom allen,1,1,TX484,Core
247593,rsimmons,54309.66,240,Booked,Big D Marine and Powersports -TX205,,TX,Huntsville,2026-08-07,2026-08-11,2026-08-11,2026,Boat,New,,24.81,5.29,gott,5808,5492,9.74,0,1500,false,315,1,10.74,Core,Core,1.26,2172.39,4,0,43047.49,722,Source One Financial Services,TX, ethan brown,1,0,TX205,Core
247582,,14436.88,144,Auto Decline,David's Sport Center - EOK118,EPIC,OK,Oklahoma City,2026-08-07,,,2004,Boat,Used,,0,0,S1House,,0,22.99,500,500,false,,,23.99,Bronze,Bronze,1.22,0,,0,11835,,Source One Financial Services,OK,,0,0,EOK118,Business First
247714,edominguez,29728.1,180,Decline,Blue Compass RV - Wheat Ridge - CO162,Blue Compass,CO,Wheat Ridge,2026-08-07,,,2026,RV,New,,49.84,4.87,dzilberchtein,,13,9.99,0,3500,false,,,11.49,Core,Core,0.92,0,,0,32415,709,Source One Financial Services,CO, shawn nelson,0,0,CO162,Core
247511,hhisek,70986.78,180,Conditional Approval,BISH'S RV OF COLDWATER - MI427,Bish's RV,MI,COLDWATER,2026-08-07,2026-08-07,,2026,RV,New,,30.71,4.29,dzilberchtein,,5,13.74,8000,8000,false,,,14.74,Silver 1,Silver 1,0.96,0,,0,73770,656,Source One Financial Services,MI, todd miillsap,1,1,MI427,Silver
247481,sbaker,64955,240,Auto Approval,SYLACAUGA MARINE AND ATV INC - AL101,,AL,SYLACAUGA,2026-08-07,2026-08-07,,2025,Boat,New,,30.44,8.83,jsmith,,61,9.24,8700,8700,false,,,10.74,Core,Core,1.3,0,,0,50000,733,Source One Financial Services,AL, robb peoples,1,1,AL101,Core
247625,Jhill,26000,180,Auto Approval,JOLLEY'S MARINE AND RV CENTER - OR130,,OR,SALEM,2026-08-07,2026-08-07,,2022,Boat,Used,,23.17,1.77,ljablonoski,,16,7.99,0,0,false,,,9.49,Core,Core,0.78,0,,0,33185,864,Source One Financial Services,OR,,1,1,OR130,Core
247454,,18384,180,Auto Decline,Midway Auto & RV - Billings - MT107,,MT,Billings,2026-08-07,,,2021,RV,Used,,45.16,3.46,dzilberchtein,,0,15.74,1000,1000,false,,,16.74,Silver 2,Silver 2,0,0,,0,0,632,Source One Financial Services,MT,,0,0,MT107,Silver
247532,lgrace,37601.2,180,Decline,CHESACO RV - OKEECHOBEE - FL297,,FL,Okeechobee,2026-08-07,,,2025,RV,Used,,43.79,17.89,pcarter,,25,12.49,2500,2870,false,,,13.49,Silver 1,Silver 1,1.05,0,,0,35764,667,Source One Financial Services,FL, dina marshalek,0,0,FL297,Silver
247679,jrubi,90499,180,Decline,BOBBY WAYNES RV - SCA111,,CA,LANCASTER,2026-08-07,,,2027,RV,New,,46.66,7.87,jrubi,,67,12.49,10000,10000,false,,,13.49,Silver 1,Not Applicable,0.97,0,,0,93726,676,Connexus Credit Union,CA,,0,0,SCA111,Not Applicable
247596,mlomedico,13189,144,Auto Approval,Doss Marine - ESC103,EPIC,SC,Chapin,2026-08-07,2026-08-07,,2023,Boat,Used,,51.25,1.68,S1House,,56,8.49,5000,5000,false,,,9.99,Core,Core,0.71,0,,0,18555,782,Source One Financial Services,SC, david bounphasaysonh,1,1,ESC103,Core
247487,mlomedico,25484.83,180,Decline,Colaw RV Sales -MO110,,MO,Carthage,2026-08-07,,,2026,RV,New,650,39.33,2.4,jweller,,173,9.99,1262.25,1262.25,false,,,11.49,Core,Core,0.86,0,,0,29595,716,Source One Financial Services,MO, hailey coss,0,0,MO110,Core
247570,sbaker,9102.43,84,Decline,HOPPERS RV LLC - TX546,,TX,Cypress,2026-08-07,,,2021,RV,Used,,33.72,1.94,gott,,5899,12.24,1000,1000,false,,,12.74,Core,Core,1.31,0,,0,6975,700,Source One Financial Services,TX, zach randall,0,0,TX546,Core
247595,,31586.42,180,Auto Decline,BLUE COMPASS RV - SOUTH HOUSTON  - TX421,Blue Compass,TX,Alvin,2026-08-07,,,2026,RV,New,,53.86,2.33,gott,,0,14.99,6000,6000,false,,,15.99,Silver 2,Silver 2,0.87,0,,0,36350,621,Source One Financial Services,TX,,0,0,TX421,Silver
247502,Jhill,12589.11,120,Verifications Incomplete,Ron Hoover - San Antonio - TX500,Ron Hoover,TX,San Antonio,2026-08-07,2026-08-13,,2011,RV,Used,,35.85,3.1,gott,,8748,11.24,5000,5000,false,,12,12.74,Core,Core,0.92,755.35,6,0,13750,729,Source One Financial Services,TX, trevor lemasters,1,1,TX500,Core
247537,sbaker,22581.88,144,Decline,"Atlanta Marine, Inc - EGA110",EPIC,GA,Buford,2026-08-07,,,2015,Boat,Used,,73.19,2.13,S1House,,35,9.74,5000,5000,false,,,11.24,Core,Core,1.06,0,,0,21400,777,Source One Financial Services,GA, austin backus,0,0,EGA110,Core
247688,,66242.31,240,Cancelled,OASIS RV - IL256,,IL,MARION,2026-08-07,,,2026,RV,New,,0,0,gcoulombe,,,22.99,0,999.47,false,,,23.99,Bronze,Bronze,1.25,0,,0,52842,,Source One Financial Services,NC, don hart,0,0,IL256,Business First
247711,edominguez,44757.59,180,Decline,Blue Compass RV - Austin - TX522,Blue Compass,TX,Buda,2026-08-07,,,2020,RV,Used,,6.05,3.23,gott,,18,14.49,4600,4600,false,,,15.49,Silver 1,Silver 1,1.07,0,,0,41850,647,Source One Financial Services,TX, caleb munoz,0,0,TX522,Silver
247650,eavila,18332.65,144,Auto Approval,SMI Marine - EKY102,EPIC,KY,Louisville,2026-08-07,2026-08-10,,2026,Boat,New,649,38.42,1.78,S1House,,4045,12.49,19350,35350,false,,,13.49,Silver 1,Core,0.33,0,,0,54890,680,Source One Financial Services,KY, jp lixie,1,1,EKY102,Silver
247491,hhisek,12618.75,120,Decline,Your RV Broker - TX380,,TX,JUSTIN,2026-08-07,,,2025,RV,Used,,89.41,3.92,gott,,181,9.74,500,500,false,,,11.24,Core,Core,12618.75,0,,0,1,732,Source One Financial Services,TX,,0,0,TX380,Core
247615,edominguez,58186.75,180,Conditional Approval,Barrington Motor Sales and Service Inc - IL215,,IL,St. Charles,2026-08-07,2026-08-07,,2017,RV,Used,760,19.7,2.39,gcoulombe,,83,9.24,6200,6200,false,,,10.49,Core,Not Applicable,0.53,0,,0,109100,857,Allegius Credit Union,MO, bryan bransky,1,1,IL215,Not Applicable
247498,hhisek,72132.82,240,Conditional Approval,DADS CAMPER OUTLET - GULFPORT - MS100,,MS,GULFPORT,2026-08-07,2026-08-07,,2026,RV,New,703,31.04,6.84,jsmith,,12,8.74,9800,29594.19,false,,,10.24,Core,Core,1.19,0,,0,60761,764,Source One Financial Services,MS, ricky arnaud,1,1,MS100,Core
247579,,16646.15,144,Auto Decline,Rogers Motors TX542,,TX,Burnet,2026-08-07,,,2025,RV,New,,29.16,1.79,gott,,0,22.99,2000,2000,false,,,23.99,Bronze,Bronze,1.07,0,,0,15575,615,Source One Financial Services,TX,,0,0,TX542,Business First
247584,pmeza,48822.31,204,Booked,The Boat Dock LTD - IL214,,IL,Springfield,2026-08-07,2026-08-10,2026-08-10,2017,RV,Used,,35.72,4.71,gcoulombe,4527,4439,9.74,8000,8000,false,84,4,10.74,Core,Core,0.97,1952.89,4,0,50400,770,Source One Financial Services,IL, sue gardner,1,0,IL214,Core
247698,mlomedico,25110,180,Booked,Tulsa RV Outlet Center - OK108,,OK,TULSA,2026-08-07,2026-08-08,2026-08-12,2019,RV,Used,,28.54,2.31,jweller,7023,1009,13.74,3000,3000,false,5925,89,14.74,Silver 1,Silver 1,1.42,1004.4,4,0,17650,679,Source One Financial Services,OK, david digiovanni,1,0,OK108,Silver
247461,sbaker,15655.72,144,Decline,PRIMEAUX RV SUPERSTORE - CARENCRO - LA102,,LA,CARENCRO,2026-08-07,,,2026,RV,New,578,33.05,1.57,gott,,23,10.24,1500,1500,false,,,11.74,Core,Core,0.72,0,,0,21814,699,Source One Financial Services,FL, rebecca scherff,0,0,LA102,Core
247562,,113988,240,Auto Decline,I-15 RV - SCA114,,CA,HESPERIA,2026-08-07,,,2026,RV,New,,41.76,21.36,jrubi,,0,12.49,1000,22300,false,,,13.49,Silver 1,Silver 1,1.1,0,,0,103659,667,Source One Financial Services,CA,,0,0,SCA114,Silver
247556,,18618,240,Auto Decline,"Vantage Recreational Finance, Inc. -FL291",VRF,FL,FORT LAUDERDALE,2026-08-07,,,2020,Boat,New,,45.28,5.93,S1House,,18,13.24,1900,1900,false,,,14.24,Silver 1,Silver 1,1.17,0,,0,15875,670,Source One Financial Services,SC, joe lary,0,0,FL291,Silver
247635,Jhill,26853.85,180,Decline,Camp Site RV Inc - IA189,,IA,CRESCO,2026-08-07,,,2026,RV,New,,15.25,4.56,gcoulombe,,30,10.24,0,0,false,,,11.74,Core,Core,1.08,0,,0,24907,697,Source One Financial Services,IA, mark cunningham,0,0,IA189,Core
247465,lgrace,36395,144,Approved,Grand Pointe Marina of Lansing - MI464,,MI,Dimondale,2026-08-07,2026-08-07,,2024,Boat,New,815,17.57,1.89,dzilberchtein,,8,7.49,20000,20000,false,,,8.99,Core,Core,0.73,0,,0,49950,848,Source One Financial Services,MI, patrick crowley,1,1,MI464,Core
247513,thovey,148971.66,240,Decline,Ricks RV Center - IL186,,IL,Joilet,2026-08-07,,,2026,RV,New,651,39.57,16.42,gcoulombe,,259,8.24,55000,55000,false,,,9.74,Core,Not Applicable,0.83,0,,0,180530,762,Connexus Credit Union,NY, jim freeland,0,0,IL186,Not Applicable
247657,thovey,64411,240,Decline,"RANGITSCH BROTHERS, LLC - MT114",,MT,MISSOULA,2026-08-07,,,2026,RV,New,606,28.41,8.9,dzilberchtein,,46,13.74,15000,16400,false,,,14.74,Silver 1,Silver 1,0.84,0,,0,77009.48,651,Source One Financial Services,MT, steve lauwers,0,0,MT114,Silver
247544,rsimmons,29188.61,180,Approved,Fun Town RV - Cleburne -TX108,Fun Town,TX,Cleburne,2026-08-07,2026-08-07,,2023,RV,Used,,24.24,4.22,S1House,,15,10.49,3000,3000,false,,,11.99,Core,Core,0.94,0,,0,31150,714,Source One Financial Services,TX, brenden boggs,1,1,TX108,Core
247622,,37390.82,180,Auto Decline,Budget RVs of Texas -TX109,,TX,Royse City,2026-08-07,,,2015,RV,Used,,72.25,21.19,gott,,0,22.99,15000,15000,false,,,23.99,Bronze,Bronze,1.34,0,,0,27940,584,Source One Financial Services,TX,,0,0,TX109,Business First
247620,pmeza,55127.66,204,Auto Approval,Sky River RV - Paso Robles - SCA146,SkyRiver,CA,Paso Robles,2026-08-07,2026-08-07,,2022,RV,Used,860,24.08,4.6,jrubi,,111,7.99,2000,2000,false,,,9.49,Core,Core,1.04,0,,0,53150,863,Source One Financial Services,CA, andy shellcross,1,1,SCA146,Core
247636,hhisek,35970.75,180,Decline,RV Station LTD - Donna -TX289,,TX,Donna,2026-08-07,,,2026,RV,New,,27.97,3.96,gott,,18,9.74,3690,3690,false,,,11.24,Core,Core,1.03,0,,0,34835,727,Source One Financial Services,TX, sonia leal,0,0,TX289,Core
247601,mlomedico,56651.77,180,Auto Approval,ESCAPOD SALES AND RENTALS - UT117,,UT,COALVILLE,2026-08-07,2026-08-10,,2026,RV,New,,24.85,1.45,ljablonoski,,4203,7.99,10000,10000,false,,,7.99,Core,Core,1.04,0,,0,54581.7,785,Source One Financial Services,CA,,1,1,UT117,Core
247592,jharrington1,30464.94,180,Decline,DAY BROS AUTO and RV SALES - KY121,,KY,LONDON,2026-08-07,,,2023,RV,Used,,49.93,8.23,jharrington1,,14,10.74,0,0,false,,,12.24,Core,Core,1.02,0,,0,29950,688,Source One Financial Services,KY, faith day,0,0,KY121,Core
247651,hhisek,23481.12,180,Auto Approval,PPL MOTORHOMES - SUMMERFIELD - FL194,,FL,SUMMERFIELD,2026-08-07,2026-08-10,,2015,RV,Used,,11.15,6,pcarter,,3991,10.49,2350,2350,false,,,11.99,Core,Core,0.86,0,,0,27200,758,Source One Financial Services,FL, connor cockfield,1,1,FL194,Core
247453,thovey,35861,144,Decline,JOPLIN RV - MO209,,MO,JOPLIN,2026-08-07,,,2026,RV,New,657,34.05,5.52,jweller,,3,13.74,7500,7500,false,,,14.74,Silver 1,Silver 1,0.89,0,,0,40476,644,Source One Financial Services,MO, todd rutherford,0,0,MO209,Silver
247469,sbaker,18735.67,144,Booked,Sonny's RV - WY104,,WY,Evansville,2026-08-07,2026-08-12,2026-08-12,2023,RV,Used,,15.68,2.06,dzilberchtein,7496,7306,7.99,879.98,879.98,false,187,3,8.24,Core,Core,0.84,187.36,1,0,22350,859,Source One Financial Services,NE, caleb peters,1,0,WY104,Core
247569,eavila,26281.75,180,Decline,"Vantage Recreational Finance, Inc. -FL291",VRF,FL,FORT LAUDERDALE,2026-08-07,,,2020,RV,Used,,30.81,2.38,S1House,,95,13.24,2600,2600,false,,,14.24,Silver 1,Silver 1,1.37,0,,0,19140,666,Source One Financial Services,TX, sean mccomas,0,0,FL291,Silver
247542,edominguez,42647.54,180,Auto Approval,Blue Compass RV - Albuquerque - NM112,Blue Compass,NM,Albuquerque,2026-08-07,2026-08-07,,2026,RV,New,670,36.25,4.38,edominguez,,40,12.49,4500,4500,false,,,13.49,Silver 1,Silver 1,0.97,0,,0,43931,677,Source One Financial Services,NM, scott rodriguez,1,1,NM112,Silver
247692,eavila,20816.42,180,Decline,Hanner RV Supercenter -TX165,,TX,Baird,2026-08-07,,,2022,RV,Used,,13.3,3,gott,,39,14.49,1500,1500,false,,,15.49,Silver 1,Silver 1,1.22,0,,0,17050,642,Source One Financial Services,OK, lance finley,0,0,TX165,Silver
247646,,35999.23,180,Auto Decline,RV Station LTD- Katy -TX290,,TX,Katy,2026-08-07,,,2026,RV,New,,27.54,3.8,gott,,0,14.99,3700,3700,false,,,15.99,Silver 2,Silver 2,0.91,0,,0,39495,622,Source One Financial Services,TX,,0,0,TX290,Silver
247649,thovey,20837,180,Decline,Bob Hurley RV OKCity - OK139,,OK,Oklahoma City,2026-08-07,,,2026,RV,New,529,41.11,4.32,jweller,,25,12.49,2200,2200,false,,,13.49,Silver 1,Silver 1,0.79,0,,0,26239,667,Source One Financial Services,OK, michael day,0,0,OK139,Silver
247432,,10988.18,120,Auto Decline,BLUE COMPASS RV - DAYTON - OH159,Blue Compass,OH,Dayton,2026-08-07,,,2015,RV,Used,541,23.58,0.97,jharrington1,,0,16.24,2000,2000,false,,,17.24,Silver 2,Silver 2,1.69,0,,0,6490,623,Source One Financial Services,MO,,0,0,OH159,Silver
247508,hhisek,33368,180,Conditional Approval,COUNTY LINE CAMPERS - MS108,,MS,GULFPORT,2026-08-07,2026-08-07,,2027,RV,New,,5.39,5.07,jsmith,,126,7.24,10000,10000,false,,,8.24,Core,Not Applicable,0.85,0,,0,39440,766,Connexus Credit Union,VT,,1,1,MS108,Not Applicable
247474,mlomedico,85218.55,120,Decline,Intercoastal Financial Group LLC - 17401746,IFG,FL,Vero Beach,2026-08-07,,,1997,Boat,Used,,30.53,11.34,S1House,,192,10.74,9000,9000,false,,,11.99,Core,Core,1.26,0,,0,67500,763,Source One Financial Services,MO, zach edwards,0,0,17401746,Core
247690,ahunt,37879.4,180,Decline,Clear Creek Camping LLC-TX396,,TX,Abilene,2026-08-07,,,2026,RV,New,,5.4,2.82,gott,,21,10.24,5000,5000,false,,,11.74,Core,Core,0.86,0,,0,44244,696,Source One Financial Services,TX, mark connally,0,0,TX396,Core
247436,lgrace,26985,180,Auto Approval,Shoeders RV Marine and Sport Center -WI625,,WI,Rhinelander,2026-08-07,2026-08-07,,2026,RV,New,664,15.34,1.19,dzilberchtein,,12,10.74,2800,2800,false,,,11.74,Silver 1,Core,1.11,0,,0,24333,695,Source One Financial Services,WI,,1,1,WI625,Silver
247535,mlomedico,55899,120,Auto Decline,"Vantage Recreational Finance, Inc. -FL291",VRF,FL,FORT LAUDERDALE,2026-08-07,,,2013,RV,Used,,45.81,14.09,S1House,,17,14.24,5700,5700,false,,,15.24,Silver 1,Silver 1,0.8,0,,0,69938,676,Source One Financial Services,NJ, kaye cryer,0,0,FL291,Silver
247501,lgrace,26245.72,180,Decline,Top Notch RV LLC - NC149,,NC,Benson,2026-08-07,,,2025,RV,Used,607,19.5,4.62,jsmith,,71,9.99,0,0,false,,,11.49,Core,Not Applicable,0.91,0,,0,28900,720,Connexus Credit Union,NC, david hall,0,0,NC149,Not Applicable
247667,rsimmons,32637.23,204,Conditional Approval,GREAT AMERICAN RV SUPERSTORE-HUNTSVILLE - AL146,,AL,TANNER,2026-08-07,2026-08-07,,2023,RV,Used,,8.51,0.92,jsmith,,11,9.99,500,500,false,,,11.49,Core,Core,1.02,0,,0,32000,755,Source One Financial Services,FL, joey wright,1,1,AL146,Core
247695,ahunt,27893.14,180,Auto Approval,Bish's RV of Birmingham - AL172,Bish's RV,AL,calera,2026-08-07,2026-08-07,,2026,RV,New,,39.22,2.84,jsmith,,3,7.49,4000,4211,false,,,8.99,Core,Core,1.3,0,,0,21499,832,Source One Financial Services,AL, todd miillsap,1,1,AL172,Core
247630,mlomedico,52702.79,240,Auto Approval,Moix RV - Hot Springs Landing LLC - AR135,,AR,Hot Springs,2026-08-07,2026-08-07,,2023,RV,Used,,21.29,5.37,jweller,,28,9.24,3000,5872.1,false,,,10.74,Core,Core,0.62,0,,0,84550,766,Source One Financial Services,AR, brayden fisher,1,1,AR135,Core
247696,jrubi,165417.45,240,Decline,SKYRIVER RV - FRESNO - NCA138,SkyRiver,CA,Fresno,2026-08-07,,,2026,RV,New,521,37.52,4.66,jrubi,,16,8.24,25000,25000,false,,,9.74,Core,Core,1.33,0,,0,124219.18,765,Source One Financial Services,CA, julien castillo,0,0,NCA138,Core
247581,avera,60445,240,Decline,Blue Compass RV - Spartanburg - SC144,Blue Compass,SC,Duncan,2026-08-07,,,2026,RV,New,,19.17,2.63,jsmith,,57,13.74,6000,6000,false,,,14.74,Silver 1,Silver 1,0.96,0,,0,62646,643,Source One Financial Services,SC, jay deloach,0,0,SC144,Silver
247597,hhisek,49211.99,180,Decline,General RV - Jacksonville - FL236,General RV,FL,Orange Park,2026-08-07,,,2027,RV,New,,46.6,3.85,pcarter,,6906,9.99,0,22250,false,,,11.49,Core,Not Applicable,0.75,0,,0,65254,701,Connexus Credit Union,FL, tim mccorkle,0,0,FL236,Not Applicable
247606,avera,19577,144,Conditional Approval,"Holman Motors, Inc. -OH111",,OH,Batavia,2026-08-07,2026-08-07,,2011,RV,Used,664,45.86,3.67,jharrington1,,19,10.99,2050,2050,false,,,12.49,Core,Core,1.2,0,,0,16300,753,Source One Financial Services,KY,,1,1,OH111,Core
247704,jrubi,107036.57,240,Decline,General RV Center- Draper - UT126,General RV,UT,Draper,2026-08-07,,,2024,RV,Used,617,13.92,11.25,ljablonoski,,9,13.74,20000,20000,false,,,14.74,Silver 1,Silver 1,0.85,0,,0,126225,652,Source One Financial Services,UT, weston bird,0,0,UT126,Silver
247689,eavila,24659.01,96,Auto Approval,Sun City RV -AZ205,,AZ,Peoria,2026-08-07,2026-08-13,,2017,RV,Used,,14.12,7.34,edominguez,,8395,13.85,11500,11500,false,,,14.1,Silver 1,Not Applicable,1.2,0,,0,20550,664,Ideal Credit Union,AZ, rory fields,1,1,AZ205,Not Applicable
247687,,54258.9,240,Auto Decline,Boaters World - Bradenton - FL229,,FL,Bradenton,2026-08-07,,,2022,Boat,Used,601,35.35,4.12,wstoutimore,,0,15.74,5000,5000,false,,,16.74,Silver 2,Silver 2,0.88,0,,0,61550,634,Source One Financial Services,FL,,0,0,FL229,Silver
247590,rsimmons,44286.1,180,Approved,TRIPLE H RVS - AL119,,AL,HALEYVILLE,2026-08-07,2026-08-07,,2026,RV,New,734,38.97,6.13,jsmith,,19,7.49,4600,4600,false,,,8.99,Core,Core,0.87,0,,0,51166,806,Source One Financial Services,AL, tyler spann,1,1,AL119,Core
247496,edominguez,24299.19,180,Decline,Bradford Marine & ATV-Little Rock - AR142,Bradford Marine,AR,Little Rock,2026-08-07,,,2026,Boat,New,,87.54,5.03,jweller,,6,9.74,0,0,false,,,11.24,Core,Core,1.2,0,,0,20263,740,Source One Financial Services,AR, john dickson,0,0,AR142,Core
247653,hhisek,24741.3,180,Decline,Blue Compass RV - Midland - MI461,Blue Compass,MI,Midland,2026-08-07,,,2023,RV,Used,,17.28,8.23,dzilberchtein,,1,14.49,5000,5000,false,,,15.49,Silver 1,Silver 1,0.6,0,,0,41470,657,Source One Financial Services,MI, chris galus,0,0,MI461,Silver
247495,edominguez,32725.32,204,Auto Approval,"Link Ford and RV, LLC - Minong -WI124",,WI,Minong,2026-08-07,2026-08-13,,2025,RV,New,,28.16,1.84,dzilberchtein,,9081,10.24,3100,3100,false,,,11.49,Core,Core,1,0,,0,32888,683,Source One Financial Services,WI, brian overbey,1,1,WI124,Core
247431,lgrace,27096.96,180,Auto Approval,Keystone RV Center  - PA110,Pete's RV,PA,Greencastle,2026-08-07,2026-08-07,,2027,RV,New,733,47.73,1.26,jharrington1,,348,8.74,2900,2900,false,,,10.24,Core,Core,0.97,0,,0,27865,770,Source One Financial Services,VA, jennifer vance,1,1,PA110,Core
247717,avera,36705.63,180,Approved,Fun Town RV Amarillo - TX508,Fun Town,TX,Amarillo,2026-08-07,2026-08-08,,2026,RV,New,,30.47,3.68,gott,,933,7.49,1000,5999,false,,,8.74,Core,Not Applicable,1.21,0,,0,30250,800,Connexus Credit Union,TX, eric adams,1,1,TX508,Not Applicable
247482,,235219.2,240,Auto Decline,Demontrond Automotive Group-TX397,,TX,Houston,2026-08-07,,,2026,RV,New,689,106.28,36.12,gott,,0,14.99,0,31000,false,,,15.99,Silver 2,Silver 2,0.82,0,,0,288360,634,Source One Financial Services,DE,,0,0,TX397,Silver
247524,hhisek,47450.56,180,Decline,Premier Yamaha Boating Center/Aransas -TX209,,TX,Aransas,2026-08-07,,,2026,Boat,New,,41.36,4.41,gott,,16,12.49,0,0,false,,,13.49,Silver 1,Silver 1,1.32,0,,0,36004.01,675,Source One Financial Services,TX, mauri haygood,0,0,TX209,Silver
247447,Jhill,31270.2,180,Approved,JEFF COUCHS CAMPERS -OH107,Jeff Couchs,OH,Trenton,2026-08-07,2026-08-07,,2027,RV,New,,29.87,3.86,jharrington1,,17,9.99,3500,3500,false,,,11.49,Core,Core,0.99,0,,0,31455,715,Source One Financial Services,OH, bryon spencer,1,1,OH107,Core
247530,lgrace,30820.65,120,Decline,MURPHY RV LLC - FL184,,FL,MELBOURNE,2026-08-07,,,2013,RV,Used,,9.36,2.86,pcarter,,19,10.99,0,0,false,,,12.49,Core,Core,1.43,0,,0,21600,754,Source One Financial Services,FL, kevin murphy,0,0,FL184,Core
247670,eavila,24578.99,180,Auto Approval,OPTIMUM RV Titusville - FL165,Optimum RV,FL,MIMS,2026-08-07,2026-08-11,,2025,RV,New,,35.9,3.9,pcarter,,5468,10.24,1000,1000,false,,,11.74,Core,Core,1.16,0,,0,21218,686,Source One Financial Services,FL, parker lester,1,1,FL165,Core
247591,sbaker,22422.95,180,Auto Approval,Courvelle's RV - LA113,,LA,Opelousas,2026-08-07,2026-08-13,,2022,RV,Used,,28.94,2.79,gott,,8728,7.99,2200,2200,false,,,9.49,Core,Core,1.06,0,,0,21150,811,Source One Financial Services,LA, craig guidry,1,1,LA113,Core
247559,,13295.74,144,Auto Decline,Uwharrie RV  (740 Motors) - NC125,,NC,Albemarle,2026-08-07,,,2026,RV,New,689,30.67,3.05,jsmith,,0,22.99,1500,1500,false,,,23.99,Bronze,Bronze,0.68,0,,0,19472,459,Source One Financial Services,NC,,0,0,NC125,Business First
247547,eavila,108650.76,240,Decline,HIGHWAY 3 MARINE -MN296,,MN,Brainerd,2026-08-07,,,2026,Boat,New,861,81.73,12.03,dzilberchtein,,80,7.99,80000,80000,false,,,8.5,Core,Core,0.99,0,,0,109305,789,Source One Financial Services,MN,,0,0,MN296,Core
247609,rsimmons,32808.59,180,Conditional Approval,RV OUTFITTERS OF TEXAS - TX456,,TX,NACOGDOCHES,2026-08-07,2026-08-07,,2026,RV,New,661,33.08,1.97,gott,,23,12.49,20000,29000,false,,,13.49,Silver 1,Core,1.12,0,,0,29344,683,Source One Financial Services,TX, mel cordray,1,1,TX456,Silver
247603,,22157.32,180,Auto Decline,Freedom RV LLC - TX490,Canopy Financial,TX,Dodd City,2026-08-07,,,2023,RV,Used,,21.71,4.93,gott,,0,22.99,2000,2000,false,,,23.99,Bronze,Bronze,0.92,0,,0,24145,,Source One Financial Services,TX,,0,0,TX490,Business First
247645,eavila,44788.89,204,Decline,BISH'S RV OF KALISPELL - MT105,Bish's RV,MT,KALISPELL,2026-08-07,,,2026,RV,New,,47.18,7.66,dzilberchtein,,962,9.49,4000,6099.2,false,,,10.99,Core,Core,1.25,0,,0,35950,711,Source One Financial Services,MT, stormy pitts,0,0,MT105,Core
247578,eavila,64037,240,Approved,Intercoastal Financial Group LLC - 17401746,IFG,FL,Vero Beach,2026-08-07,2026-08-07,,2018,Boat,Used,,45.11,6.91,S1House,,102,10.99,6500,6500,false,,,12.24,Core,Core,0.99,0,,0,65000,710,Source One Financial Services,OH, hunter miller,1,1,17401746,Core
247459,Jhill,250878.06,240,Decline,Sara Bay Marina-FL269,,FL,Sarasota,2026-08-07,,,2026,Boat,New,,20.71,3.9,wstoutimore,,5717,7.24,194741,227451.14,false,,,8.74,Core,Core,0.65,0,,0,383550,826,Source One Financial Services,FL, madison fox,0,0,FL269,Core
247715,,23561.13,180,Auto Decline,B and L RV - NCA119,,CA,SACRAMENTO,2026-08-07,,,2023,RV,Used,,27.23,8.77,jrubi,,0,22.99,3500,3500,false,,,23.99,Bronze,Bronze,0.87,0,,0,27150,619,Source One Financial Services,CA,,0,0,NCA119,Business First
247467,,86875.31,240,Auto Decline,AIRPORT MARINE INC - AL102,,AL,ALABASTER,2026-08-07,,,2025,Boat,Used,,34.98,27.68,jsmith,,0,22.99,15000,15000,false,,,23.99,Bronze,Bronze,1.04,0,,0,83900,563,Source One Financial Services,AL,,0,0,AL102,Business First
247700,jrubi,49907,144,Conditional Approval,I-15 RV - SCA114,,CA,HESPERIA,2026-08-07,2026-08-08,,2022,RV,Used,,14.47,7.57,jrubi,,1092,12.49,17100,17100,false,,,12.74,Silver 1,Not Applicable,0.87,0,,0,57084,667,Connexus Credit Union,CA,,1,1,SCA114,Not Applicable
247822,thovey,67779.94,204,Conditional Approval,Bills Happy Camper Rv LLC-PA135,Warrior Performance,PA,Mill Hall,2026-08-08,2026-08-08,,2019,RV,Used,835,18.73,2.45,jharrington1,,20,8.24,0,9800,false,,,9.74,Core,Core,1.06,0,,0,64050,862,Source One Financial Services,PA, kyle smith,1,1,PA135,Core
247756,avera,9201,72,Booked,American RVs and Auto Sales - OH183 LLC,,OH,Belpre,2026-08-08,2026-08-10,2026-08-10,2018,RV,Used,,12.11,11.97,jharrington1,3229,3033,10.49,0,0,false,196,0,10.99,Core,Core,0.71,184.02,2,0,13050,764,Source One Financial Services,OH,,1,0,OH183,Core
247907,avera,28665.12,180,Decline,White Horse RV Center-NJ107,,NJ,Williamstown,2026-08-08,,,2015,RV,Used,,38.38,5.91,gcoulombe,,25,14.99,5000,5000,false,,,15.99,Silver 1,Silver 1,0.56,0,,0,50790,649,Source One Financial Services,NY, maria ostapovich,0,0,NJ107,Silver
247805,lgrace,30919.49,180,Booked,Fun Town RV - Indianapolis - IN215,Fun Town,IN,Edinburgh,2026-08-08,2026-08-10,2026-08-11,2027,RV,New,721,35.85,4.12,jharrington1,4533,2802,9.74,1000,1000,false,1727,4,11.24,Core,Core,1.4,1855.17,6,0,22146,722,Source One Financial Services,IN, chase ackeret,1,0,IN215,Core
247743,sflynn,23988.44,180,Decline,Fun Town RV - Indianapolis - IN215,Fun Town,IN,Edinburgh,2026-08-08,,,2022,RV,Used,,36.8,9.56,jharrington1,,23,13.24,2000,2000,false,,,14.24,Silver 1,Silver 1,0.91,0,,0,26345,679,Source One Financial Services,IL, chase ackeret,0,0,IN215,Silver
247727,lgrace,76692.44,240,Decline,Erie Marine Sales - OH234,,OH,Sheffield Lake,2026-08-08,,,2026,Boat,New,,60.95,13.46,jharrington1,,4,9.74,10000,10000,false,,,11.24,Core,Core,0.98,0,,0,78379,730,Source One Financial Services,AR, kal zarembski,0,0,OH234,Core
247897,sflynn,9872.39,60,Conditional Approval,American Truck and RV -TX337,,TX,SAN ANGELO,2026-08-08,2026-08-08,,2022,RV,Used,,23.42,3.55,gott,,19,9.99,2000,2000,false,,,10.49,Core,Core,0.86,0,,0,11450,775,Source One Financial Services,TX, hector martinez,1,1,TX337,Core
247826,thovey,51824.83,240,Decline,Blue Compass RV - St. Augustine - FL339,Blue Compass,FL,ST. AUGUSTINE,2026-08-08,,,2026,RV,New,,27.16,11.16,pcarter,,3367,12.49,5200,5200,false,,,13.49,Silver 1,Silver 1,0.95,0,,0,54825,670,Source One Financial Services,FL, matthew braziel,0,0,FL339,Silver
247847,eavila,149542.48,240,Decline,General Rv Center - Huntley IL - IL234,General RV,IL,Huntley,2026-08-08,,,2026,RV,New,,24.09,4.88,gcoulombe,,2929,10.24,119500,149624.5,false,,,11.74,Core,Not Applicable,0.6,0,,0,248635,692,Connexus Credit Union,MA, christopher coleman,0,0,IL234,Not Applicable
247991,pmeza,24315,180,Decline,Blue Compass RV - Park City-KS117,Blue Compass,KS,Park City,2026-08-08,,,2014,RV,Used,,58.36,5.32,jweller,,11,11.74,2500,2500,false,,,13.24,Core,Core,0.89,0,,0,27335,691,Source One Financial Services,KS, hailli barnes,0,0,KS117,Core
248003,,92176,240,Auto Decline,Blue Compass RV - Ogden - UT135,Blue Compass,UT,Marriott-Slaterville,2026-08-08,,,2026,RV,New,,58.4,17.82,ljablonoski,,0,13.74,15000,20100,false,,,14.74,Silver 1,Silver 1,1.4,0,,0,65785,659,Source One Financial Services,UT,,0,0,UT135,Silver
247722,lgrace,79325.51,204,Auto Approval,LDRV of Tampa - FL340,Campers Inn,FL,Seffner,2026-08-08,2026-08-10,,2026,RV,New,,31.35,8.82,wstoutimore,,3232,10.24,8200,8200,false,,,11.74,Core,Core,1.02,0,,0,77655,683,Source One Financial Services,FL, james vock,1,1,FL340,Core
247905,pmeza,28778.38,180,Auto Approval,GREAT AMERICAN RV SUPERSTORE-GRAND BAY - AL144,,AL,GRAND BAY,2026-08-08,2026-08-13,,2026,RV,New,,37.73,4,jsmith,,7160,9.99,3000,3000,false,,,11.49,Core,Core,0.94,0,,0,30520,719,Source One Financial Services,MS, molly ritzel,1,1,AL144,Core
247864,thovey,28252.43,180,Decline,Jacksonville Marine Inc - FL103,,FL,Fleming Island,2026-08-08,,,2023,Boat,Used,,45.59,4.79,pcarter,,18,13.24,0,4500,false,,,14.24,Silver 1,Silver 1,0.8,0,,0,35285,678,Source One Financial Services,FL, ben fontaine,0,0,FL103,Silver
247720,,32381.09,144,Auto Decline,Blue Compass RV - Jacksonville - FL336,Blue Compass,FL,Jacksonville,2026-08-08,,,2018,RV,Used,,49.96,4.48,pcarter,,0,16.24,3200,3200,false,,,17.24,Silver 2,Silver 2,0.8,0,,0,40370,624,Source One Financial Services,GA,,0,0,FL336,Silver
247955,eavila,77915.41,180,Conditional Approval,Optimum RV - La Feria - TX512,Optimum RV,TX,La Ferua,2026-08-08,2026-08-08,,2026,RV,New,,33.09,9.27,gott,,38,10.24,2550,8050,false,,,11.74,Core,Core,1.09,0,,0,71635,696,Source One Financial Services,TX, juan vasquez,1,1,TX512,Core
247867,eavila,41498.39,180,Approved,Moix RV - Hot Springs Landing LLC - AR135,,AR,Hot Springs,2026-08-08,2026-08-08,,2026,RV,New,717,37.17,4.95,jweller,,6,8.74,0,15000,false,,,10.24,Core,Core,0.75,0,,0,55079,771,Source One Financial Services,AR, brayden fisher,1,1,AR135,Core
247815,Jhill,48999.64,144,Auto Approval,Gulf Coast Marine -TX266,,TX,Corpus Christi,2026-08-08,2026-08-11,,2023,Boat,Used,,44.99,7.65,gott,,4207,7.99,13000,13000,false,,,9.49,Core,Core,1.05,0,,0,46785,875,Source One Financial Services,TX, melisa dlabaja,1,1,TX266,Core
247827,avera,28397.95,180,Decline,REINEKE RV - LIMA - OH182,,OH,LIMA,2026-08-08,,,2027,RV,New,,11.95,2.83,jharrington1,,19,12.49,2700,3200,false,,,13.49,Silver 1,Silver 1,1.02,0,,0,27950,674,Source One Financial Services,LA, mike smith,0,0,OH182,Silver
247804,thovey,44155.56,180,Auto Approval,"Ron Hoover Companies of Donna, Inc -Tx277",Ron Hoover,TX,Donna,2026-08-08,2026-08-08,,2026,RV,New,,21.1,4.27,gott,,84,8.99,5000,5000,false,,,9.74,Core,Not Applicable,1.04,0,,0,42521.1,715,Connexus Credit Union,TX, julio pena,1,1,TX277,Not Applicable
247767,,40743.69,120,Auto Decline,SAVA RV - FL284,,FL,Fort Myers,2026-08-08,,,2026,RV,New,,20.39,8.96,wstoutimore,,0,22.99,6000,6000,false,,,23.99,Bronze,Bronze,0.92,0,,0,44169,604,Source One Financial Services,FL,,0,0,FL284,Business First
247910,Jhill,114700,240,Approved,Blue Compass RV - Liberty Lake - WA154,Blue Compass,WA,Liberty Lake,2026-08-08,2026-08-10,,2026,RV,New,833,9.4,7.37,ljablonoski,,2752,9.49,20000,160495,true,,,11.49,Business First,Business First,0.38,0,,0,298075,,Source One Financial Services,MT, jordan kammarcal,1,1,WA154,Business First
247947,Jhill,7025.83,60,Booked,GREAT AMERICAN RV SUPERSTORE-HATTIESBURG - MS113,,MS,HATTIESBURG,2026-08-08,2026-08-11,2026-08-11,2017,RV,Used,,10.55,1.86,jsmith,4254,4114,11.99,2800,2800,false,140,0,12.49,Core,Core,0.67,140.52,2,0,10500,710,Source One Financial Services,MS, ryan campbell,1,0,MS113,Core
247858,,27560.34,180,Auto Decline,"Ron Hoover Co of Boerne, Inc -TX246",Ron Hoover,TX,Boerne,2026-08-08,,,2022,RV,Used,,11.8,3.52,gott,,0,15.74,3000,3000,false,,,16.74,Silver 2,Silver 2,0.99,0,,0,27775,638,Source One Financial Services,TX,,0,0,TX246,Silver
247746,thovey,58406,180,Decline,RICH and SONS RV HEADQUARTERS - NE117,,NE,GRAND ISLAND,2026-08-08,2026-08-10,,2021,RV,Used,672,61.39,6.95,dzilberchtein,,2990,10.24,5500,10500,false,,,11.74,Core,Core,1.17,0,,0,49850,732,Source One Financial Services,NE, cayla thompson,0,0,NE117,Core
247850,Jhill,75494.7,204,Booked,Phil Dill Boats -TX104,OneWater ,TX,Lewisville,2026-08-08,2026-08-11,2026-08-11,2026,Boat,Used,,42.74,14.34,gott,4458,4187,10.24,8000,8000,false,271,0,11.74,Core,Core,0.99,4529.68,6,0,76360,694,Source One Financial Services,TX, baily blackney,1,0,TX104,Core
247860,eavila,61565.88,204,Auto Approval,Blue Compass-RV KC - Grain Valley - MO121,Blue Compass,MO,Grain Valley,2026-08-08,2026-08-12,,2026,RV,New,808,36.82,3.34,jweller,,6082,7.49,3000,3000,false,,,8.99,Core,Core,0.87,0,,0,70570,806,Source One Financial Services,MO, aaron shockey,1,1,MO121,Core
247797,sflynn,237502.64,180,Decline,Boat Town Inc -TX219,,TX,Austin,2026-08-08,,,2026,Boat,New,,7.27,7.13,gott,,47,13.74,50000,50000,false,,,14.74,Silver 1,Silver 1,0.94,0,,0,252187,659,Source One Financial Services,TX, michelle meurer,0,0,TX219,Silver
247845,lgrace,11160.44,120,Approved,Campers Inn RV of Knoxville E - TN160,Campers Inn,TN,Knoxville,2026-08-08,2026-08-08,,2026,RV,New,687,28.58,2.1,jsmith,,28,9.99,10000,10000,false,,,11.49,Core,Core,0.54,0,,0,20801,715,Source One Financial Services,TN, radu puraci,1,1,TN160,Core
247936,eavila,18387.14,144,Decline,Beckley's Camping Center - MD111,,MD,Thurmont,2026-08-08,,,2026,RV,New,700,45.03,2.85,gcoulombe,,37,12.49,500,500,false,,,13.49,Silver 1,Not Applicable,0.84,0,,0,21992,666,Connexus Credit Union,PA, tony mills,0,0,MD111,Not Applicable
247823,sflynn,58307.74,180,Booked,SUNRISE MARINE CENTER - AR109,,AR,SEARCY,2026-08-08,2026-08-11,2026-08-11,2021,Boat,Used,,38.21,4.9,jweller,4458,4448,9.24,0,1406.26,false,10,0,10.74,Core,Core,1.14,3498.46,6,0,51370,766,Source One Financial Services,AR, makayla cheatham,1,0,AR109,Core
247981,eavila,77825.11,180,Decline,Western Skies RV - NV111,,NV,Reno,2026-08-08,,,2026,RV,New,,36.64,8.89,ljablonoski,,14,10.24,20000,20000,false,,,11.74,Core,Core,0.78,0,,0,100165,699,Source One Financial Services,NV, scott bailey,0,0,NV111,Core
247895,lgrace,25102,204,Verifications Incomplete,Blue Compass RV - Charlotte - NC153,Blue Compass,NC,Concord,2026-08-08,2026-08-10,,2023,RV,Used,,27.92,3.2,jsmith,,2834,10.74,2700,2700,false,,5,12.24,Core,Core,0.93,1506.12,6,0,27000,687,Source One Financial Services,NC, alex kottenstette,1,1,NC153,Core
247990,eavila,35318.56,180,Decline,Blue Compass RV - Santee - SCA168,Blue Compass,CA,Santee,2026-08-08,,,2021,RV,Used,,46.33,2.13,jrubi,,34,10.49,6000,6000,false,,,11.99,Core,Core,1.05,0,,0,33700,706,Source One Financial Services,CA, matthew donath,0,0,SCA168,Core
248007,eavila,20137.99,144,Conditional Approval,Bish's RV of Birmingham - AL172,Bish's RV,AL,calera,2026-08-08,2026-08-10,,2026,RV,Used,,25.83,3.15,jsmith,,2511,11.25,2100,2100,false,,,11.5,Silver 1,Not Applicable,0.91,0,,0,22150,646,Ideal Credit Union,AL, todd miillsap,1,1,AL172,Not Applicable
248000,eavila,135647.02,240,Decline,General RV - Tampa - FL238,General RV,FL,Dover,2026-08-08,,,2026,RV,New,,34.83,8.81,wstoutimore,,2498,10.24,15000,4654.67,false,,,11.74,Core,Not Applicable,1.01,0,,0,134685,688,Connexus Credit Union,FL, tommy miranda,0,0,FL238,Not Applicable
247763,avera,149703.65,240,Decline,OPTIMUM RV OCALA - FL162,Optimum RV,FL,OCALA,2026-08-08,,,2021,RV,Used,696,27.5,5.79,pcarter,,103,22.99,135400,140706,false,,,23.99,Silver 1,Not Applicable,0.75,0,,0,199550,665,Connexus Credit Union,RI, michael buskey,0,0,FL162,Not Applicable
247890,thovey,72335,204,Decline,BLUE COMPASS RV INDIANAPOLIS-IN206,Blue Compass,IN,INDIANAPOLIS,2026-08-08,,,2026,RV,New,652,21.39,3.81,jharrington1,,37,9.74,4000,4000,false,,,11.24,Core,Core,0.85,0,,0,85195,730,Source One Financial Services,TN, ron hamilton,0,0,IN206,Core
248012,hhisek,33776.44,180,Approved,Camperland Trailer Sales Inc -TX167,,TX,Conroe,2026-08-08,2026-08-10,,2016,RV,Used,,29.25,4.18,gott,,2267,10.99,7000,7000,false,,,12.49,Core,Core,0.84,0,,0,40450,706,Source One Financial Services,TX, eduardo blancafort,1,1,TX167,Core
247989,Jhill,24062.49,144,Auto Approval,BISHS RV OF LONGVIEW - TX473,Bish's RV,TX,LONGVIEW,2026-08-08,2026-08-10,,2026,RV,New,,35.05,5.4,gott,,2413,7.49,10000,10000,false,,,8.99,Core,Core,0.65,0,,0,37085,813,Source One Financial Services,TX, david mcclanahan,1,1,TX473,Core
247753,thovey,34141.69,180,Decline,Seguin RV Inc -TX201,,TX,Seguin,2026-08-08,,,2021,RV,Used,,41.31,9.29,gott,,74,14.49,3500,3500,false,,,15.49,Silver 1,Silver 1,0.79,0,,0,43100,652,Source One Financial Services,TX, mark hatfield,0,0,TX201,Silver
247948,,33018.1,180,Auto Decline,Johnston RV Center - AL134,,AL,Decatur,2026-08-08,,,2027,RV,New,,48.55,5.25,jsmith,,0,14.99,3600,3600,false,,,15.99,Silver 2,Silver 2,0.84,0,,0,39515,631,Source One Financial Services,AL,,0,0,AL134,Silver
247900,eavila,44044.26,180,Approved,Yonaks  Inc  -OH140,,OH,BELMONT,2026-08-08,2026-08-08,,2027,RV,New,666,4.94,4.68,jharrington1,,32,8.74,4500,4500,false,,,10.24,Core,Core,1.03,0,,0,42754,761,Source One Financial Services,WV, dave yonak,1,1,OH140,Core
247882,sflynn,15932.1,144,Conditional Approval,Maxie Price RV - GA161,,GA,Loganville,2026-08-08,2026-08-08,,2018,RV,Used,752,29.95,2.74,jsmith,,40,10.49,4000,4000,false,,,11.99,Core,Core,1.32,0,,0,12050,840,Source One Financial Services,GA, matt eaton,1,1,GA161,Core
247825,,71358.55,180,Auto Decline,"Ron Hoover Companies of Donna, Inc -Tx277",Ron Hoover,TX,Donna,2026-08-08,,,2026,RV,New,595,51.77,7.98,gott,,0,22.99,10000,10000,false,,,23.99,Bronze,Bronze,0.94,0,,0,76044.03,599,Source One Financial Services,TX,,0,0,TX277,Business First
247776,eavila,57651.78,240,Decline,WINDISH RV - CO134,,CO,LAKEWOOD,2026-08-08,,,2026,RV,New,,56.28,3.05,dzilberchtein,,37,9.49,12000,12000,false,,,10.99,Core,Core,0.89,0,,0,64665,751,Source One Financial Services,CO, eric smith,0,0,CO134,Core
247920,Jhill,26164.17,204,Contract Received,Bama RV - Opelika - AL151,,AL,Opelika,2026-08-08,2026-08-12,,2026,RV,New,678,43.89,2.47,jsmith,,5684,10.24,0,2811.15,false,,108,11.74,Core,Core,0.93,0,,0,28001,695,Source One Financial Services,AL, kevin horne,1,1,AL151,Core
247886,pmeza,76726.1,240,Decline,TRIPLE H RVS - AL119,,AL,HALEYVILLE,2026-08-08,,,2026,RV,New,,31.28,6.01,jsmith,,138,13.74,7000,10500,false,,,14.74,Silver 1,Not Applicable,1.09,0,,0,70583,643,Connexus Credit Union,AL, tyler spann,0,0,AL119,Not Applicable
247854,,59899.18,240,Cancelled,Blue Compass RV - Auburn Hills - MI460,Blue Compass,MI,Auburn Hills,2026-08-08,,,2021,RV,Used,,0,0,dzilberchtein,,,22.99,12700,18844.32,false,,,23.99,Bronze,Bronze,1.08,0,,0,55715,,Source One Financial Services,TX, rafal bahary,0,0,MI460,Business First
247999,,20999,144,Auto Decline,MY RV SD - SCA112,,CA,EL CAJON,2026-08-08,,,2024,RV,New,,5.45,2.63,jrubi,,0,14.99,2000,2000,false,,,15.99,Silver 2,Silver 2,1.07,0,,0,19650,637,Source One Financial Services,CA,,0,0,SCA112,Silver
247760,sflynn,34393.89,180,Approved,Rendel RV -TX235,Canopy Financial,TX,Rice,2026-08-08,2026-08-08,,2025,RV,New,749,44.76,2.5,gott,,76,7.49,0,0,false,,,8.99,Core,Core,1.05,0,,0,32690,844,Source One Financial Services,TX, matt kurtz,1,1,TX235,Core
247755,Jhill,23273.47,180,Approved,AMERICA GO RV (Seguin) -TX419,,TX,SEGUIN,2026-08-08,2026-08-08,,2018,RV,Used,,17.69,1.48,gott,,19,8.49,0,0,false,,,9.99,Core,Core,1.09,0,,0,21350,849,Source One Financial Services,TX, bill goglas,1,1,TX419,Core
247786,,45117,240,Auto Decline,GARLANDS RV OF TENNESSEE - TN122,,TN,SPRINGVILLE,2026-08-08,,,2026,RV,New,,39.33,5.5,jsmith,,0,22.99,4500,6977,false,,,23.99,Bronze,Bronze,0.96,0,,0,46993,579,Source One Financial Services,TN,,0,0,TN122,Business First
247996,,50629.32,240,Auto Decline,La Mesa RV Center - Albuquerque - NM109,La Mesa,NM,Albuquerque,2026-08-08,,,2026,RV,New,,40.9,16.46,edominguez,,0,22.99,5000,5000,false,,,23.99,Bronze,Bronze,1.09,0,,0,46261,614,Source One Financial Services,NM,,0,0,NM109,Business First
247726,lgrace,20244,180,Auto Approval,Pierce RV & Marine - Billings -  MT110,Easy Care,MT,Billings,2026-08-08,2026-08-12,,2026,RV,New,,42.62,5.23,dzilberchtein,,5993,10.24,2200,2200,false,,,11.74,Core,Core,0.95,0,,0,21253,690,Source One Financial Services,MT, jim lakes,1,1,MT110,Core
247866,pmeza,37605,180,Decline,Wilder RV -MO108,,MO,Clinton,2026-08-08,,,2021,RV,Used,,46.33,10.88,jweller,,67,22.99,3800,3800,false,,,11.99,Core,Core,0.97,0,,0,38700,703,Source One Financial Services,MO, clinton bales,0,0,MO108,Core
247846,thovey,14929,144,Auto Approval,Bish's RV of Sioux Falls - SD112,Bish's RV,SD,Tea,2026-08-08,2026-08-13,,2019,RV,Used,,20.1,5.1,dzilberchtein,,7578,11.24,1000,1000,false,,,12.74,Core,Core,1.15,0,,0,13000,698,Source One Financial Services,SD, dylan higgins,1,1,SD112,Core
247833,,19715.69,180,Auto Decline,Miles RV Center - NC165,,NC,Hendersonville,2026-08-08,,,2027,RV,New,,19.29,6.82,jsmith,,0,22.99,2100,2100,false,,,23.99,Bronze,Bronze,0.92,0,,0,21478,618,Source One Financial Services,NC,,0,0,NC165,Business First
247772,lgrace,38293.23,204,Approved,CAMPERS INN RV OF ACWORTH - GA123,Campers Inn,GA,ACWORTH,2026-08-08,2026-08-08,,2022,RV,Used,,18.89,2.6,jsmith,,21,13.24,3000,13500,false,,,14.24,Silver 1,Silver 1,0.86,0,,0,44400,676,Source One Financial Services,GA, matthew martinez,1,1,GA123,Silver
247724,,47136.22,180,Auto Decline,Maxie Price RV - GA161,,GA,Loganville,2026-08-08,,,2021,RV,Used,,60.63,4.21,jsmith,,0,13.24,0,0,false,,,14.24,Silver 1,Silver 1,1.34,0,,0,35300,661,Source One Financial Services,GA,,0,0,GA161,Silver
247789,eavila,67335.77,180,Conditional Approval,Keystone RV Center  - PA110,Pete's RV,PA,Greencastle,2026-08-08,2026-08-08,,2027,RV,New,,34.31,8.14,jharrington1,,57,10.24,7000,7000,false,,,11.74,Core,Core,0.94,0,,0,71754,688,Source One Financial Services,NJ, jen habina,1,1,PA110,Core
247995,,27972.06,180,Auto Decline,Blue Compass RV - Manteca - NCA146,Blue Compass,CA,Manteca,2026-08-08,,,2026,RV,New,681,45.93,2.74,jrubi,,0,22.99,2700,2700,false,,,23.99,Bronze,Bronze,0.95,0,,0,29300,612,Source One Financial Services,CA,,0,0,NCA146,Business First
247939,sflynn,39745.8,180,Approved,General RV Center - Salisbury - NC137,General RV,NC,Salisbury,2026-08-08,2026-08-08,,2026,RV,New,655,30.1,3.42,jsmith,,29,13.74,0,21900,false,,,14.74,Silver 1,Silver 1,0.84,0,,0,47045,648,Source One Financial Services,NC, muhanad malka,1,1,NC137,Silver
247873,eavila,162234.51,240,Conditional Approval,RV Station LTD - Nacogdoches -TX367,,TX,NACOGDOCHES,2026-08-08,2026-08-08,,2026,RV,New,794,25.56,3.47,gott,,31,7.74,17700,27100,false,,,9.24,Core,Core,1.25,0,,0,130020,782,Source One Financial Services,TX, ryan reynolds,1,1,TX367,Core
247915,avera,197861.94,240,Decline,Keystone RV Center  - PA110,Pete's RV,PA,Greencastle,2026-08-08,,,2027,RV,New,,50.17,19.14,jharrington1,,11,10.24,35000,35000,false,,,11.74,Core,Core,0.99,0,,0,200390,688,Source One Financial Services,PA, jennifer vance,0,0,PA110,Core
247928,eavila,55881.89,240,Approved,"Greenlee Campground RV and Marine, LLC - ETN107",EPIC,TN,Rutledge,2026-08-08,2026-08-08,,2026,Boat,New,,9.56,2.8,S1House,,26,8.74,0,18000,false,,,10.24,Core,Core,0.76,0,,0,73051.85,763,Source One Financial Services,VA, david bounphasaysonh,1,1,ETN107,Core
247806,pmeza,36711.18,180,Decline,RV Station LTD - Bryan/College Station -TX193,,TX,College Station,2026-08-08,,,2026,RV,New,,21.98,7.28,gott,,65,10.99,0,4000,false,,,11.74,Core,Core,1.1,0,,0,33406,720,Source One Financial Services,TX, curtis hunsinger,0,0,TX193,Core
247828,sflynn,69329.06,240,Decline,PETE'S RV CENTER - CONNECTICUT - CT102,Pete's RV,CT,SOUTH WINDSOR,2026-08-08,,,2026,RV,New,807,59.07,5.99,gcoulombe,,3,9.74,5000,4946.36,false,,,11.24,Core,Core,1.04,0,,0,66345,739,Source One Financial Services,CT, ryan ayoub,0,0,CT102,Core
248017,jrubi,67160,240,Auto Approval,Smith RV & Marine - ID112,,ID,Idaho Falls,2026-08-08,2026-08-10,,2026,RV,New,,41.94,4.95,ljablonoski,,2908,7.49,0,7000,false,,,8.99,Core,Core,0.87,0,,0,77424,819,Source One Financial Services,ID,,1,1,ID112,Core
247725,avera,55132.68,204,Decline,NXTLVL Marine LLC - TX502,,TX,New Braunfels,2026-08-08,,,2016,Boat,Used,,53.59,7.08,gott,,9,10.74,5000,5000,false,,,12.24,Core,Core,1.03,0,,0,53610,734,Source One Financial Services,WY, melanie stehling,0,0,TX502,Core
247943,pmeza,20562.36,204,Auto Approval,Blue Compass RV - Katy - TX571,Blue Compass,TX,Katy,2026-08-08,2026-08-08,,2027,RV,New,,18.22,3.56,gott,,42,9.49,0,21000,false,,,10.99,Core,Core,0.46,0,,0,44535,715,Source One Financial Services,TX, angel molina,1,1,TX571,Core
247803,sflynn,27838.18,180,Conditional Approval,SMITH MOTOR CO OF HATTIESBURG INC - MS107,,MS,HATTIESBURG,2026-08-08,2026-08-08,,2026,Boat,New,,43.24,4.55,jsmith,,41,9.74,1400,1400,false,,,11.24,Core,Core,1.1,0,,0,25283.33,721,Source One Financial Services,AR, lisa hartfield,1,1,MS107,Core
247962,,20794.23,180,Auto Decline,Blue Compass - Mobile - AL170,Blue Compass,AL,Theodore,2026-08-08,,,2017,RV,Used,,16.23,4,jsmith,,0,22.99,2000,2000,false,,,23.99,Bronze,Bronze,1.2,0,,0,17325,616,Source One Financial Services,MS,,0,0,AL170,Business First
247912,thovey,149949.81,240,Decline,Rinkers Boat World - Houston - ETX132,EPIC,TX,Houston,2026-08-08,,,2026,Boat,New,,29.11,10.19,S1House,,33,9.99,62000,62000,false,,,11.49,Core,Core,1,0,,0,149500,709,Source One Financial Services,TX, sierra whitmire,0,0,ETX132,Core
247836,sflynn,74790.81,204,Verifications Incomplete,BLUE COMPASS RV - SOUTH HOUSTON  - TX421,Blue Compass,TX,Alvin,2026-08-08,2026-08-11,,2026,RV,New,,21.25,8.22,gott,,4282,7.49,0,0,false,,0,8.99,Core,Core,1.04,0,,0,71855,873,Source One Financial Services,TX, frank carranza,1,1,TX421,Core
247853,thovey,62133.75,240,Approved,Fun-N-Sun Sports Center - Hurst - ETX111,EPIC,TX,Hurst,2026-08-08,2026-08-08,,2025,Boat,New,760,12.55,2.55,S1House,,13,7.49,25000,25000,false,,,8.99,Core,Core,0.76,0,,0,81932,821,Source One Financial Services,TX, david bounphasaysonh,1,1,ETX111,Core
247829,sflynn,69323,180,Decline,BANKSTON MOTORHOMES INC - AL111,,AL,HUNTSVILLE,2026-08-08,,,2027,RV,New,631,39.82,6.97,jsmith,,16,22.99,10000,10000,false,,,14.74,Silver 2,Silver 1,0.87,0,,0,79411.5,641,Source One Financial Services,AL, justin cheatwood,0,0,AL111,Silver
247977,pmeza,88819.86,240,Approved,BYRON POWERSPORTS LLC - GA140,,GA,BYRON,2026-08-08,2026-08-08,,2023,RV,New,,38.22,7,jsmith,,48,8.74,9000,9000,false,,,10.24,Core,Core,1.3,0,,0,68370,761,Source One Financial Services,GA, tom bulger,1,1,GA140,Core
247951,eavila,35016,180,Ready to Book,SUNRISE MARINE CENTER - AR109,,AR,SEARCY,2026-08-08,2026-08-12,,2026,Boat,New,,39.61,4.29,jweller,,5799,9.5,0,18327,false,,2,10.25,Silver 1,Not Applicable,0.66,1050.48,3,0,53019.43,674,Ideal Credit Union,AR, makayla cheatham,1,1,AR109,Not Applicable
247992,pmeza,48539.52,240,Decline,BANNING RV DISCOUNT CENTER - SCA123,,CA,BANNING,2026-08-08,,,2020,RV,Used,,30.6,11.75,jrubi,,25,8.49,2000,2000,false,,,9.99,Core,Core,1.3,0,,0,37345,782,Source One Financial Services,CA, alberto sanchez,0,0,SCA123,Core
247809,,9686.9,120,Auto Decline,SAVA RV - FL284,,FL,Fort Myers,2026-08-08,,,2018,RV,Used,,44.67,6.74,wstoutimore,,0,22.99,3000,3000,false,,,23.99,Bronze,Bronze,0.89,0,,0,10900,573,Source One Financial Services,WY,,0,0,FL284,Business First
247778,sflynn,47824.41,240,Approved,Texas Trader RV - TX267,Ron Hoover,TX,La Feria,2026-08-08,2026-08-08,,2026,RV,New,,17.45,2.98,gott,,20,7.99,1999,1999,false,,,9.49,Core,Core,1.16,0,,0,41300,794,Source One Financial Services,TX, trey flores,1,1,TX267,Core
248005,eavila,49450.05,144,Decline,RGV RV SALES - TX569,,TX,Mission,2026-08-08,,,2027,RV,New,,35.61,6.15,gott,,10,13.74,5130,5130,false,,,14.74,Silver 1,Silver 1,1.04,0,,0,47496,654,Source One Financial Services,TX, aldo camarillo,0,0,TX569,Silver
247790,,31825.9,144,Auto Decline,United RV -TX228,,TX,Fort Worth,2026-08-08,,,2025,RV,Used,,27.14,7.13,gott,,0,22.99,0,7100,false,,,23.99,Bronze,Bronze,0.82,0,,0,39050,599,Source One Financial Services,TX,,0,0,TX228,Business First
247824,jrubi,24247.98,144,Auto Approval,Ultimate RV Center - LA112,,LA,Carencro,2026-08-08,2026-08-12,,2020,RV,Used,,17.67,2.47,gott,,5695,10.49,3000,3000,false,,,10.49,Core,Core,1.35,0,,0,17900,720,Source One Financial Services,LA, lee ashy,1,1,LA112,Core
247737,avera,134621.59,240,Auto Approval,Boaters World - Bradenton - FL229,,FL,Bradenton,2026-08-08,2026-08-10,,2026,Boat,Used,,33.74,10.07,wstoutimore,,2891,7.49,15000,15000,false,,,8.99,Core,Core,1.04,0,,0,130000,830,Source One Financial Services,FL, hussein saleh,1,1,FL229,Core
247758,sflynn,76959.46,240,Auto Approval,GAUTHIERS RV CENTER INC - LA100,,LA,SCOTT,2026-08-08,2026-08-08,,2026,RV,New,,32.8,6.49,gott,,10,9.74,7600,7600,false,,,11.24,Core,Core,1.06,0,,0,72844,722,Source One Financial Services,LA, patrick sonnier,1,1,LA100,Core
248020,jrubi,98989.98,204,Conditional Approval,Blue Compass RV - Manteca - NCA146,Blue Compass,CA,Manteca,2026-08-08,2026-08-10,,2020,RV,Used,865,21.51,5.78,jrubi,,2172,7.99,10000,10000,false,,,9.49,Core,Core,1.07,0,,0,92850,880,Source One Financial Services,CA, xavier guajardo,1,1,NCA146,Core
247792,pmeza,44822.18,180,Decline,Sun City RV -AZ205,,AZ,Peoria,2026-08-08,,,2026,RV,New,,11.5,5.98,edominguez,,8,13.74,5000,5000,false,,,14.74,Silver 1,Silver 1,0.9,0,,0,49704,648,Source One Financial Services,AZ, rory fields,0,0,AZ205,Silver
247752,avera,27962.23,240,Decline,Blue Compass RV - Chattanooga - GA156,Blue Compass,GA,Ringgold,2026-08-08,,,2026,RV,New,,47,6.22,jsmith,,7,10.24,2700,2700,false,,,11.74,Core,Core,0.97,0,,0,28894,692,Source One Financial Services,TN, carson callender,0,0,GA156,Core
247898,thovey,17063.5,180,Decline,BLUE COMPASS RV INDIANAPOLIS-IN206,Blue Compass,IN,INDIANAPOLIS,2026-08-08,,,2022,RV,Used,612,27.5,0.92,jharrington1,,44,10.24,2000,2000,false,,,11.74,Core,Core,0.99,0,,0,17300,736,Source One Financial Services,TN, michael dennison,0,0,IN206,Core
247953,thovey,44297,240,Decline,Bourbon RV - MO167,,MO,Bourbon,2026-08-08,,,2025,RV,Used,,88.36,9.59,jweller,,25,7.49,1000,1000,false,,,8.99,Core,Core,1.12,0,,0,39450,821,Source One Financial Services,MO, devian williams,0,0,MO167,Core
247880,eavila,109059,240,Approved,Blue Compass RV - Charleston - SC138,Blue Compass,SC,Ladson,2026-08-08,2026-08-08,,2026,RV,New,649,30.28,4.7,jsmith,,32,10.24,15000,17751,false,,,11.74,Core,Core,0.88,0,,0,123875,688,Source One Financial Services,SC, houston mcdaniel,1,1,SC138,Core
247908,eavila,21425.45,216,Auto Approval,RV's of Sacramento - NCA136,,CA,Elk Grove,2026-08-08,2026-08-08,,2019,RV,Used,,38.38,4.29,jrubi,,123,10.49,1050,1050,false,,,11.99,Core,Core,1.08,0,,0,19900,719,Source One Financial Services,CA, branda morgan,1,1,NCA136,Core
247935,Jhill,105397.03,240,Verifications Incomplete,BLUE COMPASS RV - SOUTH HOUSTON  - TX421,Blue Compass,TX,Alvin,2026-08-08,2026-08-11,,2026,RV,New,,33.27,8.84,gott,,3985,9.74,10000,10000,false,,0,11.24,Core,Core,1.01,6323.82,6,0,103995,721,Source One Financial Services,TX, frank carranza,1,1,TX421,Core
247837,lgrace,45907.6,240,Decline,Blue Compass RV - South Raleigh - NC158,Blue Compass,NC,Benson,2026-08-08,,,2016,RV,Used,,36.08,6.04,jsmith,,6,11.24,5000,7500,false,,,12.74,Core,Core,1.29,0,,0,35600,688,Source One Financial Services,SC, melissa hein,0,0,NC158,Core
248010,,110016.29,180,Auto Decline,Blue Compass RV - Prescott Valley - AZ362,Blue Compass,AZ,PRESCOTT VALLEY,2026-08-08,,,2017,RV,Used,,81.78,37.8,edominguez,,0,14.99,16500,16500,false,,,15.99,Silver 1,Silver 1,1.07,0,,0,102540,659,Source One Financial Services,AZ,,0,0,AZ362,Silver
247877,sflynn,9938,144,Decline,4Zs RVs -IN163,Easy Care,IN,PERU,2026-08-08,,,2011,RV,Used,,13.46,5.38,jharrington1,,8,16.49,850,850,false,,,16.99,Silver 1,Silver 1,0.66,0,,0,15125,649,Source One Financial Services,IN, jim lakes,0,0,IN163,Silver
247736,lgrace,17559.25,120,Decline,Wright Campers LLC - NC163,,NC,Dobson,2026-08-08,,,2015,RV,Used,680,10.59,2.68,jsmith,,29,9.74,500,500,false,,,11.24,Core,Core,0.96,0,,0,18332.5,763,Source One Financial Services,NC, kimberley wright,0,0,NC163,Core
247878,sflynn,12370.03,84,Auto Approval,MARINELAND BOATING CENTER- TX376,,TX,WACO,2026-08-08,2026-08-08,,2026,Boat,New,,22,1.65,gott,,8,8.24,11000,11000,false,,,8.99,Core,Core,0.64,0,,0,19232.83,857,Source One Financial Services,TX, lacy walker,1,1,TX376,Core
247738,sflynn,43755.9,180,Decline,Fun Town RV - Texarkana - AR120,Fun Town,AR,Texarkana,2026-08-08,,,2026,RV,New,,39.84,3.47,jweller,,33,10.24,1000,1000,false,,,11.74,Core,Core,0.94,0,,0,46551,696,Source One Financial Services,LA, henry reyna,0,0,AR120,Core
247782,sflynn,48673.05,180,Auto Approval,Princess Craft RV -TX191,,TX,Round Rock,2026-08-08,2026-08-08,,2026,RV,New,,43.48,5.56,gott,,5,8.74,2100,2180.68,false,,,10.24,Core,Core,1.24,0,,0,39400,772,Source One Financial Services,TX, lane lambright-reed,1,1,TX191,Core
247766,,185441.97,240,Auto Decline,General RV - Elizabethtown - PA112,General RV,PA,Elizabethtown,2026-08-08,,,2027,RV,New,,50.04,8.65,jharrington1,,0,12.49,5000,23543.99,false,,,13.49,Silver 1,Silver 1,1.29,0,,0,143791,673,Source One Financial Services,PA,,0,0,PA112,Silver
247734,sflynn,29270.27,180,Auto Approval,SMI Marine - EKY102,EPIC,KY,Louisville,2026-08-08,2026-08-11,,2026,Boat,New,689,45.95,2.18,S1House,,4700,10.24,4000,4000,false,,,11.74,Core,Core,1.13,0,,0,26000,695,Source One Financial Services,KY, chuck smith,1,1,EKY102,Core
247997,pmeza,39611.66,188,Decline,Budget RVs of Texas -TX109,,TX,Royse City,2026-08-08,,,2015,RV,Used,,20.35,4.03,gott,,21,10.99,10000,10000,false,,,12.49,Core,Core,1.31,0,,0,30140,701,Source One Financial Services,OK, benny nordin,0,0,TX109,Core
247799,jrubi,32631.97,180,Decline,"Hemlock Hill RV Sales, Inc-CT107",,CT,Southington,2026-08-08,,,2022,RV,Used,,109.54,12.24,gcoulombe,,31,9.24,3500,3500,false,,,10.74,Core,Core,0.84,0,,0,38750,770,Source One Financial Services,CT, brandon brown,0,0,CT107,Core
247974,sflynn,22589.43,180,Booked,Fun Town RV - Indianapolis - IN215,Fun Town,IN,Edinburgh,2026-08-08,2026-08-10,2026-08-10,2026,RV,New,817,26.01,1.22,jharrington1,2765,2531,7.49,5000,5000,false,233,1,8.99,Core,Core,1.14,1355.37,6,0,19792,858,Source One Financial Services,IN, chase ackeret,1,0,IN215,Core
247863,thovey,14509.26,120,Auto Approval,DARREN BIDEAUX RV - UT101,,UT,WEST HAVEN,2026-08-08,2026-08-08,,2013,RV,Used,,39.63,3.28,ljablonoski,,17,8.99,0,0,false,,,10.49,Core,Core,1.21,0,,0,11950,829,Source One Financial Services,OH, jeff campbell,1,1,UT101,Core
247957,thovey,385660,240,Decline,Marine United - UT122,,UT,South Salt Lake City,2026-08-08,,,2026,Boat,Used,,27.41,11.79,ljablonoski,,3021,9.24,60000,60000,false,,,10.74,Core,Core,0.96,0,,0,400000,740,Source One Financial Services,UT, josh fischer,0,0,UT122,Core
247783,,40988.51,180,Auto Approval,Gage Marine -WI583,,WI,Williams Bay,2026-08-08,2026-08-08,,2026,Boat,New,,22.48,1.84,dzilberchtein,,4,7.99,5000,5000,false,,,9.49,Core,Core,1.04,0,,0,39268,796,Source One Financial Services,WI, tim lindquist,1,1,WI583,Core
247968,Jhill,15132.3,144,Approved,CRESTVIEW RV SUPERSTORE - SELMA - TX484,Campers Inn,TX,SELMA,2026-08-08,2026-08-08,,2027,RV,New,,31.48,2.03,gott,,47,9.74,1681,1681,false,,,11.24,Core,Core,0.78,0,,0,19439,727,Source One Financial Services,TX, tom allen,1,1,TX484,Core
248004,,14360,180,Auto Decline,Blue Compass RV - St. Louis - MO230,Blue Compass,MO,Eureka,2026-08-08,,,2025,RV,Used,,3.97,3.39,jweller,,0,14.99,1800,1800,false,,,15.99,Silver 2,Silver 2,0.8,0,,0,17875,624,Source One Financial Services,MO,,0,0,MO230,Silver
247941,,59263.68,240,Auto Decline,General RV Center - Salisbury - NC137,General RV,NC,Salisbury,2026-08-08,,,2026,RV,New,,24.24,3.11,jsmith,,0,14.99,5500,5500,false,,,15.99,Silver 2,Silver 2,1.1,0,,0,54047,633,Source One Financial Services,NC,,0,0,NC137,Silver
247741,sflynn,43412.09,240,Auto Approval,General RV Center - Wixom - MI446,General RV,MI,Wixom,2026-08-08,2026-08-08,,2027,RV,New,,13.17,2.04,dzilberchtein,,14,9.49,500,500,false,,,10.99,Core,Core,1.3,0,,0,33490,743,Source One Financial Services,MI, jack smith,1,1,MI446,Core
247808,sflynn,27303.94,180,Approved,TEX Star RV- TX535,,TX,Azle,2026-08-08,2026-08-08,,2019,RV,Used,,20.94,1.9,gott,,9,8.49,5000,5000,false,,,9.99,Core,Core,0.62,0,,0,43700,805,Source One Financial Services,TX,,1,1,TX535,Core
247888,thovey,36242.92,180,Approved,RV Value Mart-Willow ST-PA124,,PA,Willow Street,2026-08-08,2026-08-08,,2026,RV,New,,29.7,2.8,jharrington1,,137,7.49,5000,3737.41,false,,,8.74,Core,Not Applicable,1.16,0,,0,31116,880,Connexus Credit Union,NY, toby young,1,1,PA124,Not Applicable
247985,,17183.83,180,Auto Decline,Blue Compass RV - Anderson - Sales - NCA144,Blue Compass,CA,Anderson,2026-08-08,,,2026,RV,New,,20.44,3.93,jrubi,,0,22.99,1650,1650,false,,,23.99,Bronze,Bronze,1,0,,0,17168,616,Source One Financial Services,CA,,0,0,NCA144,Business First
247919,,19974,96,Auto Decline,Midway Auto & RV - Billings - MT107,,MT,Billings,2026-08-08,,,2015,RV,Used,592,37.82,7.14,dzilberchtein,,0,22.99,1000,1000,false,,,23.99,Bronze,Bronze,0,0,,0,0,616,Source One Financial Services,WY,,0,0,MT107,Business First
247742,thovey,23873.46,204,Auto Approval,CRABTREE RV CENTER INC - AR101,,AR,ALMA,2026-08-08,2026-08-08,,2026,RV,New,,16.33,3.94,jweller,,28,9.24,4000,4000,false,,,10.74,Core,Core,0.97,0,,0,24514,731,Source One Financial Services,AR, mike jennings,1,1,AR101,Core
247852,Jhill,29279.24,144,Conditional Approval,FUN TOWN RV - JACKSON - MI455,Fun Town,MI,Jackson,2026-08-08,2026-08-08,,2026,RV,New,,24.7,3.35,dzilberchtein,,128,10.74,2900,2900,false,,,10.99,Silver 1,Not Applicable,0.82,0,,0,35723,674,Connexus Credit Union,TX, dan shew,1,1,MI455,Not Applicable
248008,,18671.96,120,Auto Decline,RV Country-Klamath Falls-OR132,RV Country,OR,Klamath Falls,2026-08-08,,,2021,RV,Used,,14.7,3.06,ljablonoski,,0,22.99,4000,4000,false,,,23.99,Bronze,Bronze,1.18,0,,0,15840,590,Source One Financial Services,OR,,0,0,OR132,Business First
247765,thovey,30060,180,Approved,Tulsa RV Outlet Center - OK108,,OK,TULSA,2026-08-08,2026-08-08,,2020,RV,Used,,29.96,4.47,jweller,,39,10.24,4000,4000,false,,,11.74,Core,Core,0.93,0,,0,32450,732,Source One Financial Services,OK, david digiovanni,1,1,OK108,Core
247960,sflynn,34172.42,204,Booked,Blue Compass RV - South Raleigh - NC158,Blue Compass,NC,Benson,2026-08-08,2026-08-11,2026-08-11,2024,RV,Used,,41.42,6.28,jsmith,4242,3887,9.49,0,0,false,354,1,10.99,Core,Core,1.27,2050.35,6,0,26950,759,Source One Financial Services,NC, kyle cecala,1,0,NC158,Core
247984,,88825.11,240,Cancelled,Western Skies RV - NV111,,NV,Reno,2026-08-08,,,2026,RV,New,,0,0,ljablonoski,,,22.99,9000,9000,false,,,23.99,Bronze,Bronze,0.89,0,,0,100165,,Source One Financial Services,NV, scott bailey,0,0,NV111,Business First
247785,Jhill,35625.11,180,Approved,Fun Town RV - Cleburne -TX108,Fun Town,TX,Cleburne,2026-08-08,2026-08-08,,2025,RV,New,651,29.25,3.21,S1House,,75,13.74,3700,7811.72,false,,,14.74,Silver 1,Silver 1,0.83,0,,0,42995,660,Source One Financial Services,TX, brenden boggs,1,1,TX108,Silver
247874,,25068.25,180,Auto Decline,Dalton RV LLC-AR132,Warrior Performance,AR,Morrilton,2026-08-08,,,2013,RV,Used,625,27.66,3.16,jweller,,0,22.99,1000,6000,false,,,23.99,Bronze,Bronze,0.82,0,,0,30415,599,Source One Financial Services,AR,,0,0,AR132,Business First
247879,,60766.67,180,Auto Decline,CAMPERS INN RV OF RALEIGH INC - NC109,Campers Inn,NC,SELMA,2026-08-08,,,2017,RV,Used,,29.59,9.68,jsmith,,0,16.24,6800,6800,false,,,17.24,Silver 2,Silver 2,0.85,0,,0,71537.4,631,Source One Financial Services,NC,,0,0,NC109,Silver
247876,Jhill,53020.73,180,Approved,Clear Creek Camping LLC-TX396,,TX,Abilene,2026-08-08,2026-08-08,,2021,RV,Used,,26.99,8.16,gott,,45,10.49,8000,8000,false,,,11.99,Core,Core,1.08,0,,0,49250,712,Source One Financial Services,TX, mark connally,1,1,TX396,Core
247979,,12606,120,Auto Decline,AC Nelsen RV World - NE103,,NE,Omaha,2026-08-08,,,2022,RV,Used,,25.17,3.94,dzilberchtein,,0,22.99,1500,1500,false,,,23.99,Bronze,Bronze,1,0,,0,12550,606,Source One Financial Services,NE,,0,0,NE103,Business First
247748,,31603.46,180,Auto Decline,JAKES RV - GA139,,GA,WARNER ROBINS,2026-08-08,,,2023,RV,Used,,10.8,9.84,jsmith,,0,22.99,0,0,false,,,23.99,Bronze,Bronze,0.77,0,,,41000,609,Source One Financial Services,GA,,0,0,GA139,Business First
247871,Jhill,30523.94,180,Decline,BISH'S RV OF LUDINGTON - MI428,Bish's RV,MI,LUDINGTON,2026-08-08,,,2021,RV,Used,,7.58,6.34,dzilberchtein,,19,9.99,0,4800,false,,,11.49,Core,Core,1.13,0,,0,27000,743,Source One Financial Services,MI, todd miillsap,0,0,MI428,Core
247838,avera,68846.41,240,Decline,FUN TOWN RV OK LLC - OK121,Fun Town,OK,OKLAHOMA CITY,2026-08-08,,,2026,RV,New,,24.27,7.25,jweller,,22,9.74,8600,8600,false,,,11.24,Core,Not Applicable,0.9,0,,0,76320,736,Connexus Credit Union,AL, arthur fenimore,0,0,OK121,Not Applicable
247976,,21631.04,144,Auto Decline,Play More RV - ID116,,ID,Post Falls,2026-08-08,,,2016,RV,Used,,48.42,7.45,ljablonoski,,0,13.74,0,0,false,,,14.74,Silver 1,Silver 1,1.17,0,,,18465,664,Source One Financial Services,ID,,0,0,ID116,Silver
247757,lgrace,37604.26,204,Conditional Approval,Fretz RV -PA126,,PA,Souderton,2026-08-08,2026-08-08,,2026,RV,New,734,25.25,2.53,jharrington1,,21,8.74,6500,7100,false,,,10.24,Core,Core,1.3,0,,0,28995,771,Source One Financial Services,PA, tony eidle,1,1,PA126,Core
248016,sbaker,33419.23,144,Decline,Galeys Marine Supply - NCA150,,CA,Bakersfield,2026-08-08,,,2007,Boat,Used,,20.64,2.42,ljablonoski,,2272,9.99,5900,5900,false,,,11.49,Core,Core,0.94,0,,0,35552,799,Source One Financial Services,CA, maia kight,0,0,NCA150,Core
247800,thovey,50214.5,180,Decline,"McKee Auto Center, Inc. - IA163",,IA,Perry,2026-08-08,,,2026,RV,New,,13.7,2.22,gcoulombe,,11,10.24,5000,5000,false,,,11.74,Core,Core,0.99,0,,0,50612,698,Source One Financial Services,TX, dave geiger,0,0,IA163,Core
247924,,76982.23,240,Auto Decline,FUN TOWN RV CONROE -TX400,Fun Town,TX,CONROE,2026-08-08,,,2026,RV,New,,7.63,1.27,gott,,0,14.99,30000,30000,false,,,15.99,Silver 2,Silver 2,0.83,0,,0,92315,638,Source One Financial Services,TX,,0,0,TX400,Silver
247849,sflynn,16792.48,144,Decline,BAILEY TOLIVER RV - VICTORIA - TX472,,TX,VICTORIA,2026-08-08,,,2022,RV,Used,,39.32,2.89,gott,,61,13.24,5575,5575,false,,,14.24,Silver 1,Not Applicable,1,0,,0,16800,661,Connexus Credit Union,TX, jake boots,0,0,TX472,Not Applicable
247945,Jhill,36000,180,Approved,GREAT AMERICAN RV SUPERSTORE-GRAND BAY - AL144,,AL,GRAND BAY,2026-08-08,2026-08-08,,2026,RV,New,,32.62,7.14,jsmith,,29,10.24,5000,5000,false,,,11.74,Core,Core,0.64,0,,0,56485,685,Source One Financial Services,AL, molly ritzel,1,1,AL144,Core
247916,eavila,31927.98,180,Decline,Blue Compass RV - Avondale - AZ360,Blue Compass,AZ,Avondale,2026-08-08,,,2026,RV,New,597,34.86,4.34,edominguez,,9,10.24,1000,42000,false,,,11.74,Core,Core,0.42,0,,0,75262,689,Source One Financial Services,AZ, marshall adams,0,0,AZ360,Core
247859,lgrace,70442.42,216,Auto Approval,Blue Compass RV - Macon - GA157,Blue Compass,GA,Byron,2026-08-08,2026-08-10,,2026,RV,New,,38.01,8.92,jsmith,,2626,11.99,0,12600,false,,,12.99,Silver 1,Silver 1,1.07,0,,0,65690,667,Source One Financial Services,AL, zach carmichael,1,1,GA157,Silver
247769,thovey,56481.33,240,Decline,Bish's RV of Fairfield - SCA178,Bish's RV,CA,Fairfield,2026-08-08,,,2026,RV,New,636,4.93,0.45,jrubi,,42,8.74,10000,-5285,false,,,10.24,Core,Core,1.33,0,,0,42614,767,Source One Financial Services,CA, stormy pitts,0,0,SCA178,Core
247732,Jhill,149764,240,Decline,PALMETTO BOAT CENTER INC - SC101,,SC,PIEDMONT,2026-08-08,,,2026,Boat,New,,23.63,3.49,jsmith,,28,9.99,145000,145000,false,,,11.49,Core,Core,0.51,0,,0,291958,700,Source One Financial Services,SC, zach whitehead,0,0,SC101,Core
247930,thovey,13036.84,120,Auto Approval,"Campers Inn RV of South Louisville, Inc. - KY147",Campers Inn,KY,Lebanon Junction,2026-08-08,2026-08-08,,2026,RV,Used,683,47.85,0.85,jharrington1,,25,8.74,1500,1500,false,,,10.24,Core,Core,0.93,0,,0,14000,764,Source One Financial Services,KY, david williams,1,1,KY147,Core
247730,avera,44677.28,180,Approved,RV Wholesalers -OH118,,OH,Lakeview,2026-08-08,2026-08-08,,2027,RV,New,686,28.28,1.84,jharrington1,,29,10.24,1000,6200,false,,,11.74,Core,Core,1.09,0,,0,41074,684,Source One Financial Services,OH, dallas henry,1,1,OH118,Core
247893,Jhill,13672.35,120,Conditional Approval,Blue Compass RV - San Antonio - TX572,Blue Compass,TX,San Antonio,2026-08-08,2026-08-08,,2024,RV,Used,,27.95,3.33,gott,,41,9.99,0,0,false,,,11.49,Core,Core,0.74,0,,0,18450,705,Source One Financial Services,TX, ryan johnson,1,1,TX572,Core
247791,thovey,107994.23,240,Decline,Blue Compass RV - Knoxville - TN159,Blue Compass,TN,Louisville,2026-08-08,,,2027,RV,New,,13.69,7.23,jsmith,,47,9.99,20000,20000,false,,,11.49,Core,Core,1.2,0,,0,89695,717,Source One Financial Services,TN, david smith jr.,0,0,TN159,Core
247721,lgrace,15505.29,180,Decline,ROYS RV SUPERCENTER LLC - WV101,,WV,ELKINS,2026-08-08,,,2012,RV,Used,,99,2.53,jharrington1,,4,8.99,0,0,false,,,10.49,Core,Core,1.05,0,,0,14810,838,Source One Financial Services,MD, aaron harlan,0,0,WV101,Core
247902,Jhill,27266.06,144,Auto Approval,BLUE COMPASS RV - SOUTH HOUSTON  - TX421,Blue Compass,TX,Alvin,2026-08-08,2026-08-10,,2027,RV,New,,38.89,10.14,gott,,2677,9.99,5000,5000,false,,,11.49,Core,Core,0.89,0,,0,30745,714,Source One Financial Services,TX, frank carranza,1,1,TX421,Core
247901,pmeza,50674.12,180,Conditional Approval,Ashley Marine LLC - Stapleton - AL168,,AL,Stapleton,2026-08-08,2026-08-08,,2026,Boat,New,755,39.29,5.81,jsmith,,216,7.49,5330,5330,false,,,8.74,Core,Not Applicable,1.05,0,,0,48243,709,Connexus Credit Union,AL, joey hawkins,1,1,AL168,Not Applicable
247972,pmeza,47567.63,240,Pending,American Water Sports-MO221,,MO,Kimberling City,2026-08-08,2026-08-10,,2019,Boat,Used,688,28.49,6.09,jweller,,2990,10.99,5000,7000,false,,,11.99,Core,Core,1.1,0,,0,43224,716,Source One Financial Services,AR, megan miller,0,0,MO221,Core
247798,lgrace,37639.26,204,Decline,Webb's RV Center - ME100,,ME,Bangor,2026-08-08,,,2026,RV,New,,42.73,6.18,gcoulombe,,4383,11.99,2100,0,false,,,12.99,Silver 1,Silver 1,0.99,0,,0,37987,676,Source One Financial Services,ME, becca cox,0,0,ME100,Silver
247731,lgrace,37301.1,180,Approved,Meyer's I-79 RV Sales - PA148,,PA,Mount Morris,2026-08-08,2026-08-08,,2026,RV,New,,41.34,6.65,jharrington1,,20,9.49,0,0,false,,,10.99,Core,Core,0.87,0,,0,42715,747,Source One Financial Services,PA, matthew stuchell,1,1,PA148,Core
247843,,47873,180,Auto Decline,BEAUMONT RV - SCA108,,CA,BEAUMONT,2026-08-08,,,2024,RV,Used,,47.99,14.14,jrubi,,0,18.24,20000,20000,false,,,19.24,Silver 2,Silver 2,0,0,,0,0,620,Source One Financial Services,CA,,0,0,SCA108,Silver
247956,Jhill,34903.96,180,Approved,BYRON POWERSPORTS LLC - GA140,,GA,BYRON,2026-08-08,2026-08-08,,2024,RV,New,756,42.72,2.81,jsmith,,28,7.49,0,5750,false,,,8.99,Core,Core,0.78,0,,0,44800,827,Source One Financial Services,GA, tom bulger,1,1,GA140,Core
247921,,45437.75,180,Auto Decline,Blue Compass RV - Oklahoma City - OK158,Blue Compass,OK,Norman,2026-08-08,,,2026,RV,New,,31.7,3.36,jweller,,0,14.99,0,0,false,,,15.99,Silver 2,Silver 2,1.11,0,,0,40805,637,Source One Financial Services,OK,,0,0,OK158,Silver
247775,avera,145459.48,240,Auto Approval,Blue Compass - Fort Myers - FL300,Blue Compass,FL,Fort Myers,2026-08-08,2026-08-13,,2027,RV,New,722,30.38,9.49,wstoutimore,,7249,8.24,25100,57200,false,,,9.74,Core,Core,1.25,0,,0,116385,766,Source One Financial Services,TN, cory grambart,1,1,FL300,Core
247914,lgrace,86992.57,240,Booked,Blue Compass RV - North Atlanta - GA158,Blue Compass,GA,Buford,2026-08-08,2026-08-11,2026-08-11,2026,RV,New,,41.66,11.37,jsmith,4413,4195,7.24,9200,9200,false,216,2,8.74,Core,Core,1.32,5219.55,6,0,65715,810,Source One Financial Services,GA, roland boughton,1,0,GA158,Core
248015,sbaker,17888.4,144,Auto Approval,Blue Compass RV - Post Falls - ID123,Blue Compass,ID,Post Falls,2026-08-08,2026-08-10,,2026,RV,New,743,29.47,2.15,ljablonoski,,2800,7.49,2000,2000,false,,,8.99,Core,Core,1.02,0,,0,17501,840,Source One Financial Services,ID, alan harvey,1,1,ID123,Core
247807,pmeza,22498.71,144,Booked,Thomas RV and Auto Sales - AR118,,AR,Searcy,2026-08-08,2026-08-08,2026-08-11,2021,RV,Used,776,9.04,2.7,jweller,4489,122,7.99,2000,2000,false,4360,7,9.49,Core,Core,1,1349.92,6,0,22450,831,Source One Financial Services,AR, annette domingo,1,0,AR118,Core
247784,sflynn,30998,144,Decline,JOHNNY'S RV SUPERSTORE LLC - AL124,,AL,THEODORE,2026-08-08,,,2013,RV,Used,714,16.06,4.34,jsmith,,48,11.49,0,13275,false,,,12.99,Core,Core,0,0,,0,0,706,Source One Financial Services,MS,,0,0,AL124,Core
247861,sflynn,40406.98,180,Decline,FISH AND SKI MARINE -NEW BRAUNFELS - TX412,,TX,NEW BRAUNFELS,2026-08-08,,,2026,Boat,New,,33.77,5.24,gott,,18,10.24,3000,3000,false,,,11.74,Core,Core,1.19,0,,0,33856,686,Source One Financial Services,TX, lee hicks,0,0,TX412,Core
247988,,29190.33,180,Auto Decline,BLUE COMPASS RV - BOERNE - TX422,Blue Compass,TX,Boerne,2026-08-08,,,2026,RV,Used,,30.28,15.16,gott,,0,22.99,3000,3000,false,,,23.99,Bronze,Bronze,0.88,0,,0,33220,604,Source One Financial Services,TX,,0,0,TX422,Business First
247811,avera,55165.46,204,Booked,A and L RV SALES LLC -Chocowinity - NC120,,NC,CHOCWINITY,2026-08-08,2026-08-11,2026-08-11,2026,RV,New,,17.26,3.17,jsmith,4539,4241,9.49,0,0,false,298,0,7.39,Core,Core,1.29,551.65,1,0,42756,751,Source One Financial Services,NC, tina rose,1,0,NC120,Core
247911,sflynn,21419.87,144,Decline,American Water Sports- MO222,,MO,Shell Knob,2026-08-08,,,2004,Boat,Used,,18.35,18.35,jweller,,15,22.99,1500,1500,false,,,23.99,Bronze,Bronze,1.29,0,,0,16665,,Source One Financial Services,MO,,0,0,MO222,Business First
247903,sflynn,54158.96,180,Auto Approval,Boaters World - Lake Placid - FL349,,FL,Lake Placid,2026-08-08,2026-08-10,,2018,Boat,Used,716,32.65,3.85,wstoutimore,,2588,8.99,3000,3000,false,,,10.49,Core,Core,1,0,,0,54200,798,Source One Financial Services,FL, bo hoffman,1,1,FL349,Core
247938,thovey,50753.09,180,Approved,RV Station LTD- Katy -TX290,,TX,Katy,2026-08-08,2026-08-08,,2026,RV,New,,21.9,5.03,gott,,27,10.24,5200,5200,false,,,11.74,Core,Core,1.02,0,,0,49645,695,Source One Financial Services,TX, joe diaz,1,1,TX290,Core
247978,pmeza,28714.82,180,Decline,Blue Compass RV - Danville - VA125,Blue Compass,VA,Ringgold,2026-08-08,,,2018,RV,Used,703,54.01,3.86,jsmith,,50,10.99,3000,3000,false,,,12.49,Core,Core,1.09,0,,0,26350,705,Source One Financial Services,NC, joshua kelley,0,0,VA125,Core
248002,pmeza,33822.36,180,Approved,Fun Town RV Amarillo - TX508,Fun Town,TX,Amarillo,2026-08-08,2026-08-10,,2026,RV,New,686,13.09,2,gott,,2444,8.99,3500,3500,false,,,9.74,Core,Not Applicable,1.07,0,,0,31662,709,Connexus Credit Union,TX, eric adams,1,1,TX508,Not Applicable
247744,,116935.14,240,Auto Decline,Motor Home Specialist - TX567,Blue Compass,TX,Alvarado,2026-08-08,,,2027,RV,New,,49.14,23.83,gott,,0,22.99,13500,13500,false,,,23.99,Bronze,Bronze,0.9,0,,0,129215,549,Source One Financial Services,WA,,0,0,TX567,Business First
247810,avera,99266.87,216,Auto Approval,REEDER TRAUSCH MARINES - IN187,,IN,ROCKVILLE,2026-08-08,2026-08-08,,2026,Boat,New,,19.67,2.96,jharrington1,,28,10.24,35000,35000,false,,,11.74,Core,Core,0.87,0,,0,114603,683,Source One Financial Services,GA, dillon furry,1,1,IN187,Core
247922,eavila,126727,240,Verifications Incomplete,Blue Compass RV - Charleston - SC138,Blue Compass,SC,Ladson,2026-08-08,2026-08-11,,2026,RV,New,649,31.05,5.46,jsmith,,4194,10.24,15000,17751,false,,12,11.74,Core,Core,1.01,0,,0,125170,688,Source One Financial Services,SC, houston mcdaniel,1,1,SC138,Core
247926,lgrace,21497.16,180,Conditional Approval,Campers Inn RV - Wilmington - OH231,Campers Inn,OH,Wilmington,2026-08-08,2026-08-08,,2027,RV,New,,14.51,3.13,jharrington1,,11,10.24,2200,2200,false,,,11.74,Core,Core,1.11,0,,0,19445.69,695,Source One Financial Services,OH, zachary blevins,1,1,OH231,Core
247923,sflynn,51987.72,240,Pending,"Hemlock Hill RV Sales, Inc-CT107",,CT,Southington,2026-08-08,,,2026,RV,New,,20.95,2.91,gcoulombe,,,9.49,0,20350,false,,,10.99,Core,Core,0.78,0,,0,66738,750,Source One Financial Services,CT, brandon brown,0,0,CT107,Core
247844,lgrace,27697.01,180,Decline,Princess Craft RV -TX191,,TX,Round Rock,2026-08-08,,,2026,RV,New,788,34.31,1.56,gott,,15,9.49,2800,2800,false,,,10.99,Core,Core,1.04,0,,0,26600,752,Source One Financial Services,TX, lane lambright-reed,0,0,TX191,Core
247855,avera,40148,216,Decline,Meyer's Mentor RV - OH237,,OH,Madison,2026-08-08,,,2012,RV,Used,,43.06,11.72,jharrington1,,25,15.49,9000,9000,false,,,16.49,Silver 1,Silver 1,0.98,0,,0,40826,650,Source One Financial Services,OH, bob chatlos,0,0,OH237,Silver
247894,thovey,100285,240,Auto Approval,VENTURA RV CONNECTION - SCA116,,CA,OXNARD,2026-08-08,2026-08-08,,2023,RV,Used,,33.72,5.63,jrubi,,137,7.24,0,10000,false,,,8.49,Core,Not Applicable,0.84,0,,0,120068,852,Connexus Credit Union,CA,,1,1,SCA116,Not Applicable
247754,thovey,82372.43,240,Conditional Approval,WHITE SANDS RV LLC - AL122,,AL,SUMMEDALE,2026-08-08,2026-08-10,,2027,RV,New,672,49.83,8.2,jsmith,,2843,9.24,10000,19322.4,false,,,10.74,Core,Core,1.07,0,,0,76901,726,Source One Financial Services,AL, connor stuckey,1,1,AL122,Core
247961,sflynn,34380.33,144,Approved,RV Value Mart-Willow ST-PA124,,PA,Willow Street,2026-08-08,2026-08-10,,2027,RV,New,705,12.19,2.25,jharrington1,,2523,7.24,10000,10000,false,,,8.24,Core,Not Applicable,0.83,0,,0,41499,754,Connexus Credit Union,NY, toby young,1,1,PA124,Not Applicable
247887,thovey,19230.94,144,Auto Approval,AC Nelsen RV World -MN5005,,MN,SHAKOPEE,2026-08-08,2026-08-10,,2019,RV,Used,,43.12,4.24,dzilberchtein,,3175,11.24,2000,2000,false,,,12.74,Core,Core,0.83,0,,0,23200,697,Source One Financial Services,MN, steve cady,1,1,MN5005,Core
247728,,147622,240,Auto Decline,Sportsmans Choice Marine - SC150,,SC,Longs,2026-08-08,,,2026,Boat,New,,25.66,5,jsmith,,0,22.99,25000,25000,false,,,23.99,Bronze,Bronze,1.1,0,,0,134673,616,Source One Financial Services,FL,,0,0,SC150,Business First
248001,eavila,14608,120,Conditional Approval,Campers Inn Of Troy Inc-OH199,Campers Inn,OH,Troy,2026-08-08,2026-08-08,,2027,RV,New,,35.24,3.47,jharrington1,,17,10.24,1460,1460,false,,,11.74,Core,Core,1.13,0,,0,12935,685,Source One Financial Services,OH, zach kimrey,1,1,OH199,Core
247794,sflynn,45974.88,144,Verifications Incomplete,Pittsburg RV - ETX126,EPIC,TX,Pittsburg,2026-08-08,2026-08-12,,2024,RV,Used,,24.29,7.95,S1House,,5925,7.99,4600,4600,false,,11,8.74,Core,Not Applicable,1.03,1379.25,3,0,44650,745,Connexus Credit Union,TX, david bounphasaysonh,1,1,ETX126,Not Applicable
247819,sflynn,14852,144,Approved,LEOS VACATION CENTER INC - MD102,,MD,GAMBRILLS,2026-08-08,2026-08-08,,2026,RV,New,,8.34,3.72,gcoulombe,,88,7.74,4000,4000,false,,,8.74,Core,Not Applicable,0.9,0,,0,16422,728,Connexus Credit Union,MD,,1,1,MD102,Not Applicable
247739,jharrington1,16738.24,168,Approved,RV Wholesalers -OH118,,OH,Lakeview,2026-08-08,2026-08-08,,2017,RV,Used,,44.48,3.98,jharrington1,,11,9.74,2500,2500,false,,,11.24,Core,Core,1,0,,0,16800,780,Source One Financial Services,OH, dallas henry,1,1,OH118,Core
247842,pmeza,28678.21,180,Conditional Approval,RV Station LTD - Donna -TX289,,TX,Donna,2026-08-08,2026-08-08,,2022,RV,Used,706,35.66,2.3,gott,,25,10.49,1400,1400,false,,,11.99,Core,Core,1.05,0,,0,27200,719,Source One Financial Services,TX, manny gomez,1,1,TX289,Core
247870,,29734,180,Auto Decline,Fun Town RV - Little Rock - AR126,Fun Town,AR,Bryant,2026-08-08,,,2020,RV,Used,711,29.35,4.19,jweller,,0,22.99,3000,3000,false,,,23.99,Bronze,Bronze,0.89,0,,0,33290,601,Source One Financial Services,AR,,0,0,AR126,Business First
247764,sflynn,21202.31,144,Verifications Incomplete,De La Garza Trade Park - TX558,,TX,Harlingen,2026-08-08,2026-08-08,,2022,RV,Used,,20.74,2.21,gott,,200,8.49,0,0,false,,5543,9.99,Core,Core,1.43,1272.14,6,0,14800,793,Source One Financial Services,TX,,1,1,TX558,Core
247745,sflynn,41807.22,144,Conditional Approval,RV Station LTD - Donna -TX289,,TX,Donna,2026-08-08,2026-08-08,,2026,RV,Used,,21.88,9.18,gott,,123,11.25,30000,30000,false,,,11.5,Silver 1,Not Applicable,0.63,0,,0,66400,673,Ideal Credit Union,FL, sonia leal,1,1,TX289,Not Applicable
247980,eavila,69315,180,Decline,Blue Compass RV - Charleston - SC138,Blue Compass,SC,Ladson,2026-08-08,2026-08-11,,2026,RV,New,,37.18,9.85,jsmith,,4115,12.49,500,13175,false,,,13.49,Silver 1,Silver 1,0.88,0,,0,79090,668,Source One Financial Services,SC, rebecca justus,0,0,SC138,Silver
247818,thovey,96647.25,240,Auto Approval,Gregg Orr Marine - Hot Springs - AR123,,AR,Hot Springs,2026-08-08,2026-08-12,,2024,Boat,New,,34.87,4.21,jweller,,6185,10.24,10000,10000,false,,,11.74,Core,Core,0.59,0,,0,164109,693,Source One Financial Services,AR, alistair cook,1,1,AR123,Core
247747,Jhill,10789.96,60,Conditional Approval,BLUE COMPASS RV - SOUTH HOUSTON  - TX421,Blue Compass,TX,Alvin,2026-08-08,2026-08-08,,2017,RV,Used,,12.96,3.8,gott,,96,9.55,200,200,false,,,9.55,Silver 1,Not Applicable,0.55,0,,0,19750,642,Ideal Credit Union,TX, lucy anzaldua,1,1,TX421,Not Applicable
247969,pmeza,41836.9,180,Approved,Chesaco RV - Hamburg - PA142,,PA,Hamburg,2026-08-08,2026-08-08,,2023,RV,Used,742,25.27,3.22,jharrington1,,57,10.24,2000,3600,false,,,11.74,Core,Core,0.96,0,,0,43600,738,Source One Financial Services,MD, dave conard,1,1,PA142,Core
247906,,92086.77,240,Auto Decline,Johnston RV Center - AL134,,AL,Decatur,2026-08-08,,,2026,RV,New,593,33.28,7.43,jsmith,,0,22.99,8500,7490,false,,,23.99,Bronze,Bronze,1.27,0,,0,72768,615,Source One Financial Services,MS,,0,0,AL134,Business First
247993,pmeza,19333.96,144,Conditional Approval,RGV RV SALES - TX569,,TX,Mission,2026-08-08,2026-08-08,,2024,RV,New,715,13.21,1.26,gott,,22,10.24,18000,18000,false,,,11.74,Core,Core,0.54,0,,0,36000,694,Source One Financial Services,TX, aldo camarillo,1,1,TX569,Core
247872,,39963.52,240,Auto Decline,PPL MOTORHOMES - SUMMERFIELD - FL194,,FL,SUMMERFIELD,2026-08-08,,,2022,RV,Used,,46.52,11.34,pcarter,,0,22.99,5500,5500,false,,,23.99,Bronze,Bronze,0.6,0,,0,66285,608,Source One Financial Services,FL,,0,0,FL194,Business First
247950,eavila,21692.18,180,Booked,Blue Compass RV - Colorado Springs - CO160,Blue Compass,CO,COLORADO SPRINGS,2026-08-08,2026-08-10,2026-08-10,2026,RV,New,,12.13,1.57,dzilberchtein,2828,2637,7.49,2300,2300,false,191,0,8.99,Core,Core,1.05,1301.53,6,0,20738.33,861,Source One Financial Services,CO, chris manaois,1,0,CO160,Core
247970,Jhill,30494,180,Approved,GREAT AMERICAN RV SUPERSTORE-HUNTSVILLE - AL146,,AL,TANNER,2026-08-08,2026-08-08,,2020,RV,Used,,2.22,1.64,jsmith,,24,8.49,3300,3300,false,,,9.99,Core,Core,1,0,,0,30600,786,Source One Financial Services,AL, joey wright,1,1,AL146,Core
247750,lgrace,18358.07,144,Contract Received,Lerch RV- PA121,,PA,Milroy,2026-08-08,2026-08-10,,2019,RV,Used,,27.38,6.12,jharrington1,,3007,8.99,2402,2404.32,false,,4401,8.99,Core,Core,1.2,0,,0,15350,794,Source One Financial Services,PA,,1,1,PA121,Core
247971,pmeza,11458.9,144,Decline,FACTORY DIRECT RV and MARINE - GA142,,GA,AMERICUS,2026-08-08,,,2012,RV,Used,,51.16,2.4,jsmith,,4160,11.49,2500,2500,false,,,12.99,Core,Core,1.2,0,,0,9550,712,Source One Financial Services,AL, gina harris,0,0,GA142,Core
247841,,93642.57,240,Auto Decline,Sky River RV - Paso Robles - SCA146,SkyRiver,CA,Paso Robles,2026-08-08,,,2025,RV,New,555,40.46,14.27,jrubi,,0,22.99,2000,2000,false,,,23.99,Bronze,Bronze,0.88,0,,0,106676,606,Source One Financial Services,CA,,0,0,SCA146,Business First
247834,eavila,32164.5,180,Approved,Capital RV - Minot - ND118,Campers Inn,ND,Minot,2026-08-08,2026-08-10,,2027,RV,New,,25.71,4.6,dzilberchtein,,3215,9.49,6000,6000,false,,,10.99,Core,Core,1.03,0,,0,31301.1,747,Source One Financial Services,ND, michelle barber,1,1,ND118,Core
248006,eavila,70290.53,204,Auto Approval,Campers Inn - Prescott Valley- AZ329,Campers Inn,AZ,PRESCOTT VALLEY,2026-08-08,2026-08-11,,2025,RV,New,629,39.02,2.8,edominguez,,4259,9.49,7800,9245.33,false,,,10.99,Core,Core,0.93,0,,0,75360,704,Source One Financial Services,AZ, holly stocker,1,1,AZ329,Core
247831,lgrace,40403,180,Decline,Palmetto State RV LLC - SC128,,SC,Greer,2026-08-08,,,2026,RV,New,,22.55,3.41,jsmith,,9,13.74,5000,5000,false,,,14.74,Silver 1,Silver 1,1.02,0,,0,39804,649,Source One Financial Services,SC, will scoggins,0,0,SC128,Silver
247856,pmeza,23241.01,180,Auto Approval,LDRV of Tampa - FL340,Campers Inn,FL,Seffner,2026-08-08,2026-08-10,,2021,RV,Used,696,31.45,2.42,wstoutimore,,2917,9.99,2000,2000,false,,,11.49,Core,Core,1.09,0,,0,21350,741,Source One Financial Services,FL, james vock,1,1,FL340,Core
247851,eavila,118821.8,240,Conditional Approval,La Mesa RV Center - Albuquerque - NM109,La Mesa,NM,Albuquerque,2026-08-08,2026-08-10,,2026,RV,New,752,10.31,2.54,edominguez,,3116,7.24,19650,19650,false,,,8.24,Core,Not Applicable,0.72,0,,0,165865,750,Connexus Credit Union,KS, leon garcia,1,1,NM109,Not Applicable
248013,,18168.26,144,Auto Decline,FUN TOWN RV CORSICANA LP- TX451,Fun Town,TX,CORSICANA,2026-08-08,,,2025,RV,Used,,32.51,9.2,gott,,0,22.99,2400,2400,false,,,23.99,Bronze,Bronze,0.84,0,,0,21650,615,Source One Financial Services,TX,,0,0,TX451,Business First
247896,avera,30372.52,204,Auto Approval,Blue Compass RV - Macon - GA157,Blue Compass,GA,Byron,2026-08-08,2026-08-08,,2024,RV,Used,,18.29,3.09,jsmith,,25,7.74,0,0,false,,,9.24,Core,Core,0.94,0,,0,32350,788,Source One Financial Services,GA, zach carmichael,1,1,GA157,Core
247793,pmeza,32546.13,180,Conditional Approval,Fun Town RV - Texarkana - AR120,Fun Town,AR,Texarkana,2026-08-08,2026-08-08,,2021,RV,Used,,33.66,4.49,jweller,,33,9.99,9233,12482,false,,,11.49,Core,Core,1.14,0,,0,28600,742,Source One Financial Services,TX, henry reyna,1,1,AR120,Core
247821,,19325,180,Auto Decline,Campers Inn of Chichester - NH103,Campers Inn,NH,Chichester,2026-08-08,,,2027,RV,New,,53.05,3.29,gcoulombe,,0,13.74,500,500,false,,,14.74,Silver 1,Silver 1,1.1,0,,0,17574,655,Source One Financial Services,NH,,0,0,NH103,Silver
247994,pmeza,33145.3,180,Conditional Approval,Blue Compass RV - San Antonio - TX572,Blue Compass,TX,San Antonio,2026-08-08,2026-08-08,,2027,RV,New,,37.41,4.15,gott,,24,12.49,3400,3400,false,,,13.49,Silver 1,Silver 1,0.82,0,,0,40430,663,Source One Financial Services,TX, ryan johnson,1,1,TX572,Silver
247848,avera,28251.6,120,Booked,STOKLEYS MARINE - KY120,,KY,NICHOLASVILLE,2026-08-08,2026-08-13,2026-08-13,2026,Boat,New,,33.38,7.05,jharrington1,7257,7008,9.49,3000,3000,false,246,3,9.99,Core,Core,1.08,565.03,2,0,26249,759,Source One Financial Services,KY, erin tuttle,1,0,KY120,Core
247780,pmeza,15681.75,144,Conditional Approval,General RV - West Chester - PA113,General RV,PA,West Chester,2026-08-08,2026-08-08,,2026,RV,Used,,35.51,2.66,jharrington1,,18,12.49,2500,2500,false,,,13.49,Silver 1,Silver 1,0.75,0,,0,20950,677,Source One Financial Services,NJ, ifeanyi bosa,1,1,PA113,Silver
247788,lgrace,19913.92,144,Booked,MID-GA RV - GA151,,GA,Byron,2026-08-08,2026-08-13,2026-08-13,2019,RV,Used,,44.71,5.73,jsmith,7458,7351,10.99,2000,2000,false,107,0,12.49,Core,Core,0.81,1194.84,6,0,24650,708,Source One Financial Services,GA, mark mcdonald,1,0,GA151,Core
247913,eavila,35000,240,Decline,Gil Cherry Family RV Center LLC -TX130,,TX,Sweetwater,2026-08-08,2026-08-08,,2027,RV,New,626,53.53,2.26,gott,,2859,8.24,20000,20000,false,,,9.74,Core,Core,0.8,0,,0,44009,771,Source One Financial Services,TX, chris lambrecht,0,0,TX130,Core
247892,eavila,39692.25,180,Conditional Approval,RGV RV SALES - TX569,,TX,Mission,2026-08-08,2026-08-08,,2027,RV,New,,32.53,3.88,gott,,32,9.99,1900,1900,false,,,11.49,Core,Core,0.94,0,,0,42133,708,Source One Financial Services,TX, aldo camarillo,1,1,TX569,Core
247885,avera,33161.48,180,Approved,JEFF COUCHS CAMPERS -OH107,Jeff Couchs,OH,Trenton,2026-08-08,2026-08-08,,2027,RV,New,,30.94,7.26,jharrington1,,45,8.74,2250,3750,false,,,10.24,Core,Core,0.81,0,,0,40851,780,Source One Financial Services,OH, charles thomas,1,1,OH107,Core
247768,Jhill,31876.07,180,Auto Approval,Rinkers Boat World - Houston - ETX132,EPIC,TX,Houston,2026-08-08,2026-08-08,,2008,Boat,Used,,31.06,2.57,S1House,,119,9.49,3500,3500,false,,,10.99,Core,Core,1.27,0,,0,25105,843,Source One Financial Services,TX, david bounphasaysonh,1,1,ETX132,Core
247986,pmeza,30181.1,180,Approved,Meyer's I-79 RV Sales - PA148,,PA,Mount Morris,2026-08-08,2026-08-10,,2026,RV,New,,9.53,4.03,jharrington1,,2479,7.49,5000,5000,false,,,8.49,Core,Not Applicable,0.83,0,,0,36415,721,Connexus Credit Union,WV, matthew stuchell,1,1,PA148,Not Applicable
247967,sflynn,66460.71,240,Auto Approval,Slalom Shop -TX159,OneWater ,TX,Lewisville,2026-08-08,2026-08-08,,2019,Boat,Used,,36.93,5.51,gott,,16,10.49,20000,20000,false,,,11.99,Core,Core,1.04,0,,0,63605,753,Source One Financial Services,OK, monica bedenbaugh,1,1,TX159,Core
247773,Jhill,115779.89,240,Auto Approval,Big D Marine and Powersports -TX205,,TX,Huntsville,2026-08-08,2026-08-10,,2026,Boat,New,,33.39,5.95,gott,,3278,9.99,10000,10000,false,,,11.49,Core,Core,1.15,0,,0,100669,715,Source One Financial Services,LA, justin mata,1,1,TX205,Core
247933,Jhill,49589.25,180,Approved,BAILEY TOLIVER RV - BROWNFIELD - TX430,,TX,BROWNFIELD,2026-08-08,2026-08-08,,2026,RV,New,650,42.3,4.62,gott,,15,9.99,5000,5000,false,,,11.49,Core,Core,1.01,0,,0,49196,711,Source One Financial Services,NM, victor quintanilla,1,1,TX430,Core
247944,Jhill,77774,204,Booked,GREAT AMERICAN RV SUPERSTORE-TUPELO - MS114,,MS,BELDEN,2026-08-08,2026-08-12,2026-08-12,2026,RV,New,682,34.92,8.72,jsmith,5742,5621,9.74,5500,5500,false,114,7,11.24,Core,Core,1.2,4666.44,6,0,64905,725,Source One Financial Services,MS, dj miller,1,0,MS114,Core
247857,thovey,31763,180,Auto Approval,RANGE RV - SCA118,,CA,HESPERIA,2026-08-08,2026-08-11,,2026,RV,New,839,28.6,2.73,jrubi,,4541,7.49,0,0,false,,,8.99,Core,Core,1.06,0,,0,30041,841,Source One Financial Services,CA,,1,1,SCA118,Core
247934,pmeza,49000,240,Decline,Gil Cherry Family RV Center LLC -TX130,,TX,Sweetwater,2026-08-08,,,2027,RV,New,,51.54,4.63,gott,,18,8.74,6000,6000,false,,,10.24,Core,Core,1.04,0,,0,47332,771,Source One Financial Services,TX, chris lambrecht,0,0,TX130,Core
247723,,22053.94,180,Auto Decline,Ansley RV - PA144,,PA,Duncansville,2026-08-08,,,2026,RV,New,,50.11,6.97,jharrington1,,0,22.99,1000,1000,false,,,23.99,Bronze,Bronze,0.84,0,,0,26251,615,Source One Financial Services,PA,,0,0,PA144,Business First
247946,sflynn,30210,180,Approved,Fairdealz RV LLC - TX545,,TX,Decatur,2026-08-08,2026-08-08,,2022,RV,Used,,15.75,2.55,gott,,6,8.49,2500,2500,false,,,9.99,Core,Core,0.96,0,,0,31400,799,Source One Financial Services,TX, jacob evans,1,1,TX545,Core
247954,,21550.12,144,Auto Decline,BLUE COMPASS RV - FT WORTH - TX420,Blue Compass,TX,Fort Worth,2026-08-08,,,2022,RV,Used,,13.2,13.2,gott,,0,22.99,0,5000,false,,,23.99,Bronze,Bronze,0.96,0,,0,22350,,Source One Financial Services,TX,,0,0,TX420,Business First
247963,sflynn,52560,84,Conditional Approval,Maxie Price RV - GA161,,GA,Loganville,2026-08-08,2026-08-08,,2020,RV,Used,,30.13,6.46,jsmith,,41,11.49,0,10326.46,false,,,12.99,Core,Core,1.09,0,,0,48180,719,Source One Financial Services,GA, maxie price,1,1,GA161,Core
247932,pmeza,55233.94,240,Booked,Easy Camping RV - IA141,,IA,Nevada,2026-08-08,2026-08-10,2026-08-10,2026,RV,New,,8.98,5.28,gcoulombe,2831,2588,10.24,0,13000,false,242,1,11.74,Core,Core,0.73,3314.04,6,0,75233,699,Source One Financial Services,IA, ryan jensen,1,0,IA141,Core
248018,Jhill,54272,240,Decline,Clearwater Marine - FL227,OneWater ,FL,Clearwater,2026-08-08,,,2024,Boat,Used,572,33.85,4.29,wstoutimore,,2408,22.99,10000,10000,false,,,23.99,Core,Core,0.86,0,,0,63041,747,Source One Financial Services,FL, jared gooch,0,0,FL227,Core
247958,eavila,33394.38,204,Approved,BLUE COMPASS RV  COLUMBUS-OH210,Blue Compass,OH,DELAWARE,2026-08-08,2026-08-10,,2021,RV,Used,782,36.46,4.02,jharrington1,,3135,7.99,3000,3000,false,,,9.49,Core,Core,1.17,0,,0,28450,819,Source One Financial Services,NM, steven duty,1,1,OH210,Core
248014,rsimmons,88421.41,204,Decline,Bailey Toliver RV and Truck Country LLC -TX369,,TX,STANTON,2026-08-08,,,2026,RV,New,,29.72,5.86,gott,,2265,12.49,0,15500,false,,,13.49,Silver 1,Silver 1,1.09,0,,0,81162,677,Source One Financial Services,TX, jim barben,0,0,TX369,Silver
247835,thovey,83286.22,240,Auto Approval,Liberty RV-MO107,,MO,Liberty,2026-08-08,2026-08-11,,2026,RV,New,,41.8,10.39,jweller,,4668,7.74,20500,23500,false,,,9.24,Core,Core,1.3,0,,0,64215,789,Source One Financial Services,KS, shawn wiegers,1,1,MO107,Core
247759,lgrace,50201.99,240,Auto Approval,Blue Compass RV - Gainesville - FL335,Blue Compass,FL,Alachua,2026-08-08,2026-08-10,,2022,RV,Used,640,23.64,4.27,pcarter,,3111,9.99,35600,35946.05,false,,,11.49,Core,Core,1.2,0,,0,41700,749,Source One Financial Services,CA, mandi watt,1,1,FL335,Core
247777,sflynn,30711.04,180,Auto Approval,Blue Compass RV - Wheat Ridge - CO162,Blue Compass,CO,Wheat Ridge,2026-08-08,2026-08-08,,2027,RV,New,860,24.72,1.44,dzilberchtein,,11,7.49,7000,7000,false,,,8.99,Core,Core,1.21,0,,0,25351,844,Source One Financial Services,CO, shawn nelson,1,1,CO162,Core
247862,sflynn,41544.28,180,Conditional Approval,Ron Hoover Marine Inc - La Marque -TX279,Ron Hoover,TX,Houston,2026-08-08,2026-08-08,,2021,RV,Used,,15.58,3.96,gott,,104,8.49,21950,22011.45,false,,,9.49,Core,Not Applicable,1,0,,0,41550,722,Connexus Credit Union,TX, deborah mendoza,1,1,TX279,Not Applicable
247868,jrubi,102232,240,Auto Approval,SIMI RECREATIONAL VEHICLE SALES - SCA144,,CA,SIMI VALLEY,2026-08-08,2026-08-10,,2026,RV,New,,30.48,4.32,jrubi,,2862,8.99,9500,-2479,false,,,9.99,Core,Core,1.12,0,,0,91514,725,Source One Financial Services,CA,,1,1,SCA144,Core
247927,,9216.43,72,Auto Decline,Hilltop Trailer Sales- Brainerd -MN2003,,MN,Brainerd,2026-08-08,,,2017,RV,Used,,19.02,6.41,dzilberchtein,,0,22.99,2000,2000,false,,,23.99,Bronze,Bronze,0.64,0,,0,14450,594,Source One Financial Services,MN,,0,0,MN2003,Business First
248009,jrubi,81858.03,240,Auto Approval,Blue Compass RV - Prescott Valley - AZ362,Blue Compass,AZ,PRESCOTT VALLEY,2026-08-08,2026-08-10,,2027,RV,New,632,47.73,9.08,edominguez,,2655,10.24,3000,9244,false,,,11.74,Core,Core,1.11,0,,0,73435,681,Source One Financial Services,AZ, michael bennett,1,1,AZ362,Core
247787,jrubi,20133.24,180,Auto Approval,CAMPERS INN RV OF RALEIGH INC - NC109,Campers Inn,NC,SELMA,2026-08-08,2026-08-08,,2026,RV,New,707,14.78,1.37,jsmith,,49,10.24,2800,2800,false,,,11.74,Core,Core,0.83,0,,0,24373,698,Source One Financial Services,NC, tressa row,1,1,NC109,Core
247840,avera,22963.88,144,Conditional Approval,Pikeville RV Sales Inc - KY137,,KY,Pikeville,2026-08-08,2026-08-08,,2026,RV,New,,9.84,6.81,jharrington1,,50,7.74,0,0,false,,,8.74,Core,Not Applicable,1.12,0,,0,20548,728,Connexus Credit Union,KY, richard brown,1,1,KY137,Not Applicable
247966,thovey,34741,180,Ready to Book,Campinc LLC - OK110,,OK,McAlester,2026-08-08,2026-08-10,,2025,RV,Used,,40.04,10.51,jweller,,2586,8.49,1000,1000,false,,638,9.24,Core,Not Applicable,0.94,1042.23,3,0,37100,703,Connexus Credit Union,OK, jack elgin,1,1,OK110,Not Applicable
248011,jrubi,39463.1,216,Decline,RGV RV SALES - TX569,,TX,Mission,2026-08-08,,,2027,RV,New,,18.1,5.71,gott,,1178,9.74,0,0,false,,,11.24,Core,Core,0.94,0,,0,42199,730,Source One Financial Services,TX, aldo camarillo,0,0,TX569,Core
247937,sflynn,36522.57,180,Auto Approval,Spend-A-Day Marina -OH125,OneWater ,OH,Russels Point,2026-08-08,2026-08-08,,2023,Boat,Used,,37.72,3.83,jharrington1,,5,7.99,10000,10000,false,,,9.49,Core,Core,0.86,0,,0,42500,828,Source One Financial Services,OH, brittany daniel,1,1,OH125,Core
247881,avera,46954.03,204,Booked,Blue Compass - Fort Myers - FL300,Blue Compass,FL,Fort Myers,2026-08-08,2026-08-10,2026-08-11,2026,RV,Used,665,32.52,5.43,wstoutimore,4397,3108,10.24,4000,4000,false,1289,0,11.74,Core,Core,0.95,2817.24,6,0,49500,692,Source One Financial Services,FL, anthony gagliardi,1,0,FL300,Core
247729,lgrace,40041.55,180,Decline,A and L RV SALES - LAKE PARK - GA143,,GA,LAKE PARK,2026-08-08,,,2026,RV,New,723,57.35,1.57,jsmith,,9,9.99,4500,4500,false,,,11.49,Core,Core,0.95,0,,0,42077,716,Source One Financial Services,GA, michael gibson,0,0,GA143,Core
247925,,24203,120,Auto Decline,McDowell South Inc - MO203,,MO,Jackson,2026-08-08,,,2023,RV,Used,582,52.85,6.67,jweller,,0,22.99,5000,5000,true,,,24.99,Business First,Business First,0.83,0,,0,29150,,Source One Financial Services,MO,,0,0,MO203,Business First
247869,lgrace,167090,240,Approved,Wetnight RV's - IN214,,IN,Terra Haute,2026-08-08,2026-08-08,,2017,RV,Used,,42.34,9.03,jharrington1,,65,8.99,17200,17200,false,,,10.49,Core,Core,0.66,0,,0,253550,783,Source One Financial Services,IN, jim lakes,1,1,IN214,Core
247735,Jhill,41488.95,120,Auto Approval,NXTLVL Marine LLC - TX502,,TX,New Braunfels,2026-08-08,2026-08-12,,2009,Boat,Used,,6.81,0.35,gott,,6167,11.99,9000,9000,false,,,13.49,Core,Core,1,0,,0,41690,716,Source One Financial Services,TX, melanie stehling,1,1,TX502,Core
247975,pmeza,46962.27,180,Approved,Fun Town RV- Waco-TX212,Fun Town,TX,Hewitt,2026-08-08,2026-08-08,,2026,RV,New,,15.14,3.65,gott,,49,9.74,2112,2112,false,,,11.24,Core,Core,0.99,0,,0,47349,737,Source One Financial Services,TX, eric cuffee,1,1,TX212,Core
247816,lgrace,20733.11,144,Booked,THRILLS RV - IN194,,IN,COLUMBIA CITY,2026-08-08,2026-08-10,2026-08-11,2014,RV,Used,,25.76,5.97,jharrington1,4549,3077,15.49,3161.95,3161.95,false,1454,18,16.49,Silver 1,Silver 1,1.11,829.32,4,0,18750,655,Source One Financial Services,OH, josh mould,1,0,IN194,Silver
247891,thovey,27143.68,180,Decline,Moix RV - McGaugh Outpost - AR136,,AR,Springdale,2026-08-08,,,2024,RV,Used,,31.16,5,jweller,,18,12.49,2800,2800,false,,,13.49,Silver 1,Silver 1,0.84,0,,0,32300,666,Source One Financial Services,AR, bobby wood,0,0,AR136,Silver
247904,lgrace,72907.08,240,Auto Approval,Petes RV Center - Schererville - IN114,Pete's RV,IN,Schererville,2026-08-08,2026-08-12,,2026,RV,New,,12.43,5.58,jharrington1,,5699,9.99,20000,20000,false,,,11.49,Core,Core,0.84,0,,0,87190,709,Source One Financial Services,GA, luis castresana,1,1,IN114,Core
247987,,20878.82,144,Auto Decline,Georgia Campers - GA145,,GA,Newman,2026-08-08,,,2025,RV,New,,26.7,5.42,jsmith,,0,22.99,4000,4000,false,,,23.99,Bronze,Bronze,1.13,0,,0,18499,609,Source One Financial Services,GA,,0,0,GA145,Business First
247952,Jhill,38714.75,180,Decline,PRIMEAUX RV SUPERSTORE - CARENCRO - LA102,,LA,CARENCRO,2026-08-08,,,2027,RV,New,,28.54,5.75,gott,,24,10.24,2000,2000,false,,,11.74,Core,Core,0.99,0,,0,39262,683,Source One Financial Services,LA, rebecca scherff,0,0,LA102,Core
248019,jrubi,44274,180,Decline,BEAUMONT RV - SCA108,,CA,BEAUMONT,2026-08-08,,,2024,RV,Used,,20,7.14,jrubi,,2233,7.99,0,0,false,,,9.49,Core,Core,1.25,0,,0,35400,757,Source One Financial Services,NM,,0,0,SCA108,Core
247917,thovey,26878.9,180,Auto Approval,STOKLEYS MARINE - KY120,,KY,NICHOLASVILLE,2026-08-08,2026-08-13,,2026,Boat,New,,37.95,7.32,jharrington1,,7102,9.99,3000,3000,false,,,11.49,Core,Core,0.98,0,,0,27471,703,Source One Financial Services,KY, erin tuttle,1,1,KY120,Core
247813,jrubi,21802.65,144,Auto Approval,Seguin RV Inc -TX201,,TX,Seguin,2026-08-08,2026-08-08,,2024,RV,New,,21.58,3.66,gott,,287,9.74,3000,3000,false,,,10.99,Core,Core,0.77,0,,0,28350,733,Source One Financial Services,TX, mark hatfield,1,1,TX201,Core
247931,sflynn,24531,180,Conditional Approval,American RV Center - IN219,,IN,Evansville,2026-08-08,2026-08-08,,2026,RV,New,655,25.25,2.56,jharrington1,,19,12.49,4050,4050,false,,,13.49,Silver 1,Silver 1,0.85,0,,0,28757,671,Source One Financial Services,IL, chad s. bruce,1,1,IN219,Silver
247774,pmeza,15282.8,144,Approved,JERRYS TRAILERS and CAMPERS -NE105,,NE,NORFOLK,2026-08-08,2026-08-08,,2025,RV,New,708,39.78,3.19,dzilberchtein,,38,9.74,500,500,false,,,11.24,Core,Core,1.02,0,,0,14960,740,Source One Financial Services,NE, tim mendlik,1,1,NE105,Core
247751,pmeza,19469.71,120,Conditional Approval,UNLIMITED RV - MO192,,MO,INDEPENDENCE,2026-08-08,2026-08-08,,2022,RV,Used,,12.66,4.06,jweller,,82,13.74,5000,5000,false,,,13.74,Silver 1,Not Applicable,0.74,0,,0,26150,641,Connexus Credit Union,MO, bill king,1,1,MO192,Not Applicable
247998,pmeza,37378,180,Approved,American RV Center - IN219,,IN,Evansville,2026-08-08,2026-08-08,,2027,RV,New,639,29.29,3.09,jharrington1,,2,9.74,500,500,false,,,11.49,Core,Core,1.04,0,,0,35899,725,Source One Financial Services,IN, richard caddell,1,1,IN219,Core
247982,eavila,39463.1,216,Decline,RGV RV SALES - TX569,,TX,Mission,2026-08-08,,,2027,RV,New,,25.81,4.08,gott,,41,12.49,0,0,false,,,13.49,Silver 1,Silver 1,0.94,0,,0,42199,661,Source One Financial Services,TX, aldo camarillo,0,0,TX569,Silver
247733,avera,81057.32,120,Auto Approval,Carolina Adventure RV LLC - SC117,,SC,Myrtle Beach,2026-08-08,2026-08-08,,2027,RV,New,622,36.61,5.75,jsmith,,353,9.74,1000,9337.68,false,,,11.24,Core,Core,1.14,0,,0,71310,728,Source One Financial Services,SC, aleesha knopic,1,1,SC117,Core
247949,sflynn,24127.53,144,Auto Approval,Gregg Orr Marine -TX365,,TX,TEXARKANA,2026-08-08,2026-08-11,,2026,Boat,New,,37.68,5.42,jweller,,4017,13.24,4555,4555,false,,,14.24,Silver 1,Silver 1,1,0,,0,24130,670,Source One Financial Services,TX, chad jordan,1,1,TX365,Silver
247817,avera,32500.4,144,Approved,SKAGGS RV OUTLET - KY113,,KY,ELIZABETHTOWN,2026-08-08,2026-08-08,,2026,RV,New,,14.89,4.89,jharrington1,,67,7.49,0,0,false,,,8.74,Core,Not Applicable,0.98,0,,0,33160,780,Connexus Credit Union,TN, donnie simoneit,1,1,KY113,Not Applicable
247865,pmeza,18072.93,120,Decline,RV's of Sacramento - NCA136,,CA,Elk Grove,2026-08-08,,,2021,RV,Used,690,35.18,2.55,jrubi,,8,10.49,2000,2000,false,,,11.99,Core,Core,1.31,0,,0,13800,713,Source One Financial Services,CA, branda morgan,0,0,NCA136,Core
247802,lgrace,47133.21,204,Verifications Incomplete,Campers Inn Of Troy Inc-OH199,Campers Inn,OH,Troy,2026-08-08,2026-08-10,,2021,RV,Used,655,30.56,4.53,jharrington1,,2764,9.49,4000,241.05,false,,0,10.99,Core,Core,1.36,2827.99,6,0,34550,747,Source One Financial Services,OH, zach kimrey,1,1,OH199,Core
247973,thovey,33672.15,180,Auto Approval,ET Quality RV - NCA131,,CA,Yuba City,2026-08-08,2026-08-10,,2026,RV,New,,33.69,1.89,jrubi,,3057,13.74,5000,5000,false,,,14.74,Silver 1,Silver 1,0.94,0,,0,35704,653,Source One Financial Services,CA, corey huskey,1,1,NCA131,Silver
247832,eavila,33006.19,180,Decline,Southaven RV & Marine - MS115,,MS,Southaven,2026-08-08,,,2027,RV,New,589,10.78,0.98,jsmith,,21,9.99,5000,5000,false,,,11.49,Core,Core,0.99,0,,0,33477.35,720,Source One Financial Services,TX, havanna klamm,0,0,MS115,Core
247964,thovey,19515,180,Auto Approval,Recreation USA LLC - Myrtle Beach - SC134,,SC,Myrtle Beach,2026-08-08,2026-08-11,,2018,RV,Used,,30.63,2.62,jsmith,,4256,10.74,0,0,false,,,12.24,Core,Core,0.86,0,,0,22700,721,Source One Financial Services,SC, stan johnson,1,1,SC134,Core
247965,eavila,145827.12,240,Auto Approval,Boaters World - Lake Placid - FL349,,FL,Lake Placid,2026-08-08,2026-08-10,,2026,Boat,New,736,34.53,8.04,wstoutimore,,2474,7.74,6500,22122,false,,,9.24,Core,Core,1.25,0,,0,117050,783,Source One Financial Services,FL, bo hoffman,1,1,FL349,Core
247830,,50569.27,240,Auto Decline,Fun Town RV Tyler-TX387,Fun Town,TX,Mineola,2026-08-08,,,2026,RV,New,759,42.08,3.7,gott,,0,14.99,5000,5000,false,,,15.99,Silver 2,Silver 2,0.93,0,,0,54333,623,Source One Financial Services,TX,,0,0,TX387,Silver
247909,avera,31984.65,180,Decline,BLUE COMPASS RV  COLUMBUS-OH210,Blue Compass,OH,DELAWARE,2026-08-08,,,2020,RV,Used,529,20.27,3.95,jharrington1,,26,9.99,0,0,false,,,11.49,Core,Core,1.06,0,,0,30275,759,Source One Financial Services,OH, steven duty,0,0,OH210,Core
247762,,44044.23,240,Auto Decline,Blue Compass RV - Knoxville - TN159,Blue Compass,TN,Louisville,2026-08-08,,,2026,RV,New,591,93.99,11.41,jsmith,,0,14.99,0,0,false,,,15.99,Silver 2,Silver 2,1.02,0,,0,43329,623,Source One Financial Services,TN,,0,0,TN159,Silver
247929,pmeza,21429.15,144,Conditional Approval,Walnut Ridge Family RV Sales -IN101,,IN,New Castle,2026-08-08,2026-08-08,,2022,RV,Used,,8.72,6.27,jharrington1,,161,8.49,800,800,false,,,9.49,Core,Not Applicable,1,0,,0,21500,727,Connexus Credit Union,IN, jesse trennepohl,1,1,IN101,Not Applicable
247796,eavila,40877.77,180,Decline,Campers Inn RV - Wilmington - OH231,Campers Inn,OH,Wilmington,2026-08-08,,,2026,RV,New,458,45.37,9.78,jharrington1,,27,13.74,1500,6607.91,false,,,1474,Silver 1,Silver 1,1.1,0,,0,37072,660,Source One Financial Services,OH, zachary blevins,0,0,OH231,Silver
247761,lgrace,32179.74,180,Decline,THRILLS RV - IN194,,IN,COLUMBIA CITY,2026-08-08,,,2027,RV,New,,1.59,0.76,jharrington1,,50,13.74,10000,10000,false,,,14.74,Silver 1,Silver 1,0.62,0,,0,52104,652,Source One Financial Services,NJ, josh mould,0,0,IN194,Silver
247889,sflynn,17680.5,144,Auto Approval,"Duckett Marine, L.L.C. - EAL100",EPIC,AL,Guntersville,2026-08-08,2026-08-08,,2025,Boat,Used,,15.15,5.17,S1House,,27,7.99,0,0,false,,,9.49,Core,Core,1.03,0,,0,17185,781,Source One Financial Services,AL, chuck smith,1,1,EAL100,Core
247740,lgrace,21347.2,144,Booked,"Campers Inn RV of South Louisville, Inc. - KY147",Campers Inn,KY,Lebanon Junction,2026-08-08,2026-08-11,2026-08-11,2018,RV,Used,,25.31,6.61,jharrington1,4600,4445,10.74,2500,2500,false,154,1,11.99,Core,Core,1.17,1067.36,5,0,18200,728,Source One Financial Services,KY, david williams,1,0,KY147,Core
247918,thovey,34515.88,180,Decline,BISHS RV - ELDRIDGE - IA214,Bish's RV,IA,ELDRIDGE,2026-08-08,,,2026,RV,New,,27.03,10.25,gcoulombe,,12,13.74,500,500,false,,,14.74,Silver 1,Silver 1,0.93,0,,0,36950,656,Source One Financial Services,IL, todd miillsap,0,0,IA214,Silver
247942,sflynn,41547.05,180,Decline,General RV - Tampa - FL238,General RV,FL,Dover,2026-08-08,,,2026,RV,New,,21.48,3.9,wstoutimore,,2508,9.99,5000,5000,false,,,11.49,Core,Not Applicable,0.95,0,,0,43901,708,Connexus Credit Union,FL, sebastian beltran,0,0,FL238,Not Applicable
247779,sflynn,13046.12,120,Decline,TRIPLE H RVS - AL119,,AL,HALEYVILLE,2026-08-08,,,2021,RV,Used,,50.04,1.88,jsmith,,67,9.24,1000,1000,false,,,10.74,Core,Core,0.95,0,,0,13800,775,Source One Financial Services,AL, brian skelton,0,0,AL119,Core
247884,sflynn,50996.25,240,Auto Approval,Ron Hoover - Georgetown - TX497,Ron Hoover,TX,Georgetown,2026-08-08,2026-08-08,,2026,Boat,New,,24.45,3.45,gott,,52,7.99,4000,4000,false,,,9.49,Core,Core,1.13,0,,0,44977.74,794,Source One Financial Services,TX, edgar duran,1,1,TX497,Core
247812,sflynn,10892.98,120,Conditional Approval,BLUE COMPASS RV - SOUTH HOUSTON  - TX421,Blue Compass,TX,Alvin,2026-08-08,2026-08-08,,2024,RV,Used,,45.27,1.46,gott,,26,8.74,0,6000,false,,,10.24,Core,Core,0.66,0,,0,16550,780,Source One Financial Services,TX, frank carranza,1,1,TX421,Core
247770,lgrace,16181.94,144,Decline,Fretz RV -PA126,,PA,Souderton,2026-08-08,,,2016,RV,Used,,35.42,3.79,jharrington1,,36,14.99,2000,2000,false,,,15.99,Silver 1,Silver 1,1.16,0,,0,13950,645,Source One Financial Services,PA, tony eidle,0,0,PA126,Silver
247781,eavila,18192.8,120,Conditional Approval,BLUE COMPASS RV INDIANAPOLIS-IN206,Blue Compass,IN,INDIANAPOLIS,2026-08-08,2026-08-08,,2022,RV,Used,670,24.83,4.15,jharrington1,,48,10.24,500,500,false,,,11.74,Core,Core,1.05,0,,0,17300,723,Source One Financial Services,IN, ron hamilton,1,1,IN206,Core
247983,sflynn,78769,180,Decline,"Myers RV Center, Inc - NM105",,NM,Albuquerque,2026-08-08,,,2026,RV,New,,27.18,3.2,edominguez,,2955,10.24,8400,8400,false,,,11.99,Core,Not Applicable,0.85,0,,0,92548,681,Connexus Credit Union,NM, scott pierce,0,0,NM105,Not Applicable
247940,sflynn,99861.75,120,Auto Approval,LDRV of Tampa - FL340,Campers Inn,FL,Seffner,2026-08-08,2026-08-10,,2026,RV,New,,24.53,8.23,wstoutimore,,2542,9.74,59340.05,71230.05,false,,,11.24,Core,Core,0.56,0,,0,178785,738,Source One Financial Services,SC, maria amatangelo,1,1,FL340,Core
247899,,25926.65,120,Auto Decline,SAVA RV - FL284,,FL,Fort Myers,2026-08-08,,,2017,RV,Used,,35.95,14.79,wstoutimore,,0,22.99,5000,5000,false,,,23.99,Bronze,Bronze,0.93,0,,0,28000,608,Source One Financial Services,FL,,0,0,FL284,Business First
247959,Jhill,57879.56,240,Decline,FUN TOWN RV SAN ANTONIO LP - TX465,Fun Town,TX,CIBOLO,2026-08-08,,,2026,RV,New,,36.99,6.04,gott,,11,13.74,1000,8842.13,false,,,14.74,Silver 1,Silver 1,1.27,0,,0,45752,659,Source One Financial Services,TX, franz grimes,0,0,TX465,Silver
247795,sflynn,33395,180,Auto Approval,ACTION MARINE -AL142,,AL,DOTHAN,2026-08-08,2026-08-10,,2023,Boat,Used,,38.73,6.26,jsmith,,2787,9.24,3000,-1200,false,,,10.74,Core,Core,1.05,0,,0,31765,762,Source One Financial Services,AL, greg schroll,1,1,AL142,Core
247801,jrubi,67447.5,240,Decline,SR1 Companies-Turner-ME108,,ME,Turner,2026-08-08,,,2026,RV,New,,55.44,8.59,gcoulombe,,37,9.49,0,0,false,,,10.99,Core,Core,0.91,0,,0,74002,753,Source One Financial Services,ME, shawn martin,0,0,ME108,Core
247749,sflynn,7421.55,60,Conditional Approval,OPTIMUM RV TX LLC - Robstown - TX481,Optimum RV,TX,ROBSTOWN,2026-08-08,2026-08-08,,2021,RV,Used,,30.73,2.25,gott,,84,12.24,700,700,false,,,12.74,Core,Core,1.05,0,,0,7050,700,Source One Financial Services,TX, nicholas cicala,1,1,TX481,Core
247883,,23677,180,Auto Decline,UNLIMITED RV - MO192,,MO,INDEPENDENCE,2026-08-08,,,2026,RV,New,623,41.02,2.1,jweller,,0,14.99,6500,6500,false,,,15.99,Silver 2,Silver 2,0.63,0,,0,37339,631,Source One Financial Services,MO,,0,0,MO192,Silver
247814,Jhill,75217.72,240,Decline,RGV RV SALES - TX569,,TX,Mission,2026-08-08,,,2027,RV,New,,29.73,6.5,gott,,148,9.49,7680,7680,false,,,10.99,Core,Not Applicable,0.89,0,,0,84849,745,Connexus Credit Union,TX, aldo camarillo,0,0,TX569,Not Applicable
247875,lgrace,25102,180,Decline,Blue Compass RV - Charlotte - NC153,Blue Compass,NC,Concord,2026-08-08,,,2023,RV,Used,632,19.8,1.55,jsmith,,17,10.74,2700,2700,false,,,12.24,Core,Core,0.85,0,,0,29700,687,Source One Financial Services,NC, alex kottenstette,0,0,NC153,Core
247771,,132857.55,240,Auto Decline,Boaters World - Bradenton - FL229,,FL,Bradenton,2026-08-08,,,2026,Boat,New,,42.84,13.52,wstoutimore,,0,14.99,30000,35800,false,,,15.99,Silver 2,Silver 2,1.09,0,,0,121744,634,Source One Financial Services,FL,,0,0,FL229,Silver
247839,sflynn,73835.13,144,Auto Approval,Keystone RV Center  - PA110,Pete's RV,PA,Greencastle,2026-08-08,2026-08-13,,2026,RV,New,788,29.41,11.63,jharrington1,,7418,8.49,500,12500,false,,,9.99,Core,Core,0.99,0,,0,74326,792,Source One Financial Services,MD, jen habina,1,1,PA110,Core
247820,sflynn,59012.88,180,Auto Approval,RGV RV SALES - TX569,,TX,Mission,2026-08-08,2026-08-08,,2027,RV,New,,20.07,5.38,gott,,90,8.74,6000,6000,false,,,10.24,Core,Core,1.03,0,,0,57053,761,Source One Financial Services,TX, aldo camarillo,1,1,TX569,Core
248053,sdelarosa,30264.08,180,Approved,Georgia Campers - GA145,,GA,Newman,2026-08-09,2026-08-10,,2026,RV,New,,41.83,2.51,jsmith,,925,9.99,0,6700,false,,,11.49,Core,Core,1.08,0,,0,28041,706,Source One Financial Services,GA, anne huntsinger,1,1,GA145,Core
248027,,11814.45,180,Auto Decline,RV's of Sacramento - NCA136,,CA,Elk Grove,2026-08-09,,,2026,RV,New,,25.1,4.72,jrubi,,0,22.99,20000,20000,false,,,23.99,Bronze,Bronze,0.31,0,,0,37929,522,Source One Financial Services,CA,,0,0,NCA136,Business First
248043,rsimmons,22689.64,204,Approved,BLUE COMPASS RV - CORPUS CHRISTI - TX459,Blue Compass,TX,CORPUS CHRISTI,2026-08-09,2026-08-10,,2027,RV,New,,31.29,4.12,gott,,1007,9.49,0,0,false,,,10.99,Core,Core,0.99,0,,0,22821.75,752,Source One Financial Services,TX, elisa escamilla,1,1,TX459,Core
248060,,52170.2,240,Auto Decline,Willis and Co RV - TX566,Easy Care,TX,Granbury,2026-08-09,,,2027,RV,New,,31.15,8.84,gott,,0,22.99,0,0,false,,,23.99,Bronze,Bronze,1.2,0,,0,43492,,Source One Financial Services,GA,,0,0,TX566,Business First
248040,sbaker,86201.58,240,Decline,Fun Town RV-Denton -TX322,Fun Town,TX,Denton,2026-08-09,,,2026,RV,New,639,20.09,2.92,gott,,1036,9.74,5000,2650,false,,,11.24,Core,Core,1.02,0,,0,84300,739,Source One Financial Services,TX, douglas santos,0,0,TX322,Core
248047,hhisek,48644.18,180,Decline,Blue Compass RV - South Beumont - TX551,Blue Compass,TX,Vidor,2026-08-09,,,2027,RV,New,,12.23,6.76,gott,,1069,13.74,5000,5000,false,,,14.74,Silver 1,Not Applicable,1.06,0,,0,45867,657,Connexus Credit Union,TX, leah sligar,0,0,TX551,Not Applicable
248034,jrubi,9931.26,72,Booked,LDRV of Tampa - FL340,Campers Inn,FL,Seffner,2026-08-09,2026-08-13,2026-08-13,2015,RV,Used,,30.4,1.94,wstoutimore,5867,5640,10.49,1500,1500,false,227,0,10.99,Core,Core,1.56,198.63,2,0,6350,765,Source One Financial Services,FL, jason rubin,1,0,FL340,Core
248057,sbaker,16241.4,144,Conditional Approval,Blue Compass RV - Liberty Lake - WA154,Blue Compass,WA,Liberty Lake,2026-08-09,2026-08-10,,2026,RV,New,,38.74,2.82,ljablonoski,,906,10.24,2000,2000,false,,,11.74,Core,Core,0.74,0,,0,21887.67,696,Source One Financial Services,ID, joshua guerra,1,1,WA154,Core
248051,avera,43318,180,Approved,BEAUMONT RV - SCA108,,CA,BEAUMONT,2026-08-09,2026-08-11,,2025,RV,Used,,35.75,2.78,jrubi,,2592,9.74,4300,4300,false,,,11.24,Core,Core,0.83,0,,0,52000,738,Source One Financial Services,CA,,1,1,SCA108,Core
248031,,26939.98,180,Auto Decline,General RV Center - Salisbury - NC137,General RV,NC,Salisbury,2026-08-09,,,2026,RV,New,,13.09,4.38,jsmith,,0,14.99,3000,3000,false,,,15.99,Silver 2,Silver 2,0.9,0,,0,29915,634,Source One Financial Services,OK,,0,0,NC137,Silver
248038,lgrace,21605.56,180,Auto Approval,General RV Center - Salisbury - NC137,General RV,NC,Salisbury,2026-08-09,2026-08-12,,2027,RV,New,660,42.13,1.74,jsmith,,4220,10.24,2300,2300,false,,,11.74,Core,Core,1.07,0,,0,20170,687,Source One Financial Services,NC, muhanad malka,1,1,NC137,Core
248021,avera,56931.46,240,Approved,Rock Solid Funding LLC - TX536,RSF,TX,BEDFORD,2026-08-09,2026-08-10,,2026,RV,New,,35.41,3.28,S1House,,1351,9.99,7500,7500,false,,,11.49,Core,Core,1.17,0,,0,48624.16,719,Source One Financial Services,MO, alicia mondragon,1,1,TX536,Core
248054,rsimmons,50299.75,204,Decline,Blue Compass RV - San Marcos - SCA167,Blue Compass,CA,San Marcos,2026-08-09,,,2012,RV,Used,,51.78,13.39,jrubi,,949,11.49,6000,6000,false,,,12.99,Core,Core,1.12,0,,0,44935,716,Source One Financial Services,CA, billy rodger,0,0,SCA167,Core
248063,sbaker,9918.36,60,Auto Approval,Adventure Trading RV - OR142,,OR,Oregon City,2026-08-09,2026-08-10,,2011,RV,Used,,31.04,2.93,ljablonoski,,1401,10.99,2650,2650,false,,,11.49,Core,Core,1.17,0,,0,8500,777,Source One Financial Services,OR, jim lakes,1,1,OR142,Core
248061,hhisek,15000,144,Auto Approval,Blue Compass RV - Post Falls - ID123,Blue Compass,ID,Post Falls,2026-08-09,2026-08-11,,2022,RV,Used,,39.7,0.84,ljablonoski,,2847,7.99,5000,5000,false,,,9.49,Core,Core,0.82,0,,0,18250,822,Source One Financial Services,ID, alan harvey,1,1,ID123,Core
248033,jrubi,31868.98,144,Auto Approval,Blue Compass RV - South Beumont - TX551,Blue Compass,TX,Vidor,2026-08-09,2026-08-12,,2027,RV,New,,22.38,1.79,gott,,4278,11.25,10000,10000,false,,,11.5,Silver 1,Not Applicable,0.75,0,,0,42328,647,Ideal Credit Union,TX, leah sligar,1,1,TX551,Not Applicable
248050,jrubi,66385,180,Decline,MY RV SD - SCA112,,CA,EL CAJON,2026-08-09,,,2026,RV,New,655,26.93,7.17,jrubi,,1020,10.24,6700,6700,false,,,11.74,Core,Not Applicable,1,0,,0,66334,696,Connexus Credit Union,CA,,0,0,SCA112,Not Applicable
248037,lgrace,46930.13,180,Auto Approval,Blue Compass RV - South Beumont - TX551,Blue Compass,TX,Vidor,2026-08-09,2026-08-10,,2023,RV,Used,,23.83,3.06,gott,,1055,9.99,0,0,false,,,11.49,Core,Core,1.09,0,,0,43200,741,Source One Financial Services,LA, leah sligar,1,1,TX551,Core
248023,,16292.42,180,Auto Decline,Blue Compass RV - Charlotte - NC153,Blue Compass,NC,Concord,2026-08-09,,,2026,RV,New,612,38.99,3.81,jsmith,,0,22.99,1600,1600,false,,,23.99,Bronze,Bronze,0.75,0,,0,21652,616,Source One Financial Services,NC,,0,0,NC153,Business First
248044,,15548.41,144,Auto Decline,"RV COUNTRY ARIZONA, LLC - FLAGSTAFF -AZ332",RV Country,AZ,FLAGSTAFF,2026-08-09,,,2016,RV,Used,,48.77,6.11,edominguez,,0,13.74,4211.43,4211.43,false,,,14.74,Silver 1,Silver 1,1.21,0,,0,12850,668,Source One Financial Services,AZ,,0,0,AZ332,Silver
248048,sbaker,21530.51,120,Decline,Blue Compass RV - Surprise - AZ363,Blue Compass,AZ,Surprise,2026-08-09,,,2026,RV,New,619,47.4,2.56,edominguez,,1017,10.24,2500,2500,false,,,11.74,Core,Core,0.7,0,,0,30695.5,698,Source One Financial Services,AZ, zachary lauer,0,0,AZ363,Core
248059,avera,22605.74,180,Auto Approval,Uwharrie RV  (740 Motors) - NC125,,NC,Albemarle,2026-08-09,2026-08-13,,2026,RV,New,720,17.07,1.38,jsmith,,5553,8.74,20000,20000,false,,,7.39,Core,Core,0.53,0,,0,42961,763,Source One Financial Services,NC, marko stamatovich,1,1,NC125,Core
248056,jrubi,37364.29,210,Decline,RV's of Sacramento - NCA136,,CA,Elk Grove,2026-08-09,,,2026,RV,New,,34.55,5.84,jrubi,,914,12.49,5000,5000,false,,,13.49,Silver 1,Silver 1,1.01,0,,0,37144,678,Source One Financial Services,CA, branda morgan,0,0,NCA136,Silver
248052,hhisek,117620.84,240,Approved,FUN TOWN RV SAN ANTONIO LP - TX465,Fun Town,TX,CIBOLO,2026-08-09,2026-08-10,,2026,RV,New,,36.97,6.95,gott,,946,9.74,1000,17173.21,false,,,11.24,Core,Core,1.18,0,,0,99371,774,Source One Financial Services,TX, franz grimes,1,1,TX465,Core
248058,hhisek,68839.81,204,Conditional Approval,Blue Compass RV - Manteca - NCA146,Blue Compass,CA,Manteca,2026-08-09,2026-08-10,,2027,RV,New,,39.66,8.72,jrubi,,881,10.24,10000,9500,false,,,11.74,Core,Core,0.97,0,,0,70890,698,Source One Financial Services,CA, maxwell barton,1,1,NCA146,Core
248025,,60533.02,240,Cancelled,Fun Town RV Orange LP - TX468,Fun Town,TX,Orange,2026-08-09,,,2026,RV,New,,0,0,gott,,,22.99,16725,22207.54,false,,,23.99,Bronze,Bronze,0.8,0,,0,75673,,Source One Financial Services,TX, cody kirkman,0,0,TX468,Business First
248062,hhisek,131415.72,240,Auto Approval,La Mesa RV Center - Albuquerque - NM109,La Mesa,NM,Albuquerque,2026-08-09,2026-08-13,,2025,RV,Used,767,27.32,6.79,edominguez,,5441,8.24,6000,6000,false,,,9.74,Core,Core,0.73,0,,0,180720,780,Source One Financial Services,NM, erika davidson,1,1,NM109,Core
248030,lgrace,19438.33,180,Decline,Blue Compass RV - Bowling Green - KY152,Blue Compass,KY,Bowling Green,2026-08-09,,,2024,RV,Used,643,59.48,3.6,jharrington1,,1094,13.74,2000,2000,false,,,14.74,Silver 1,Silver 1,1.1,0,,0,17655,641,Source One Financial Services,TN, cheyenne waterman,0,0,KY152,Silver
248022,avera,22365.29,180,Decline,Rock Solid Funding LLC - TX536,RSF,TX,BEDFORD,2026-08-09,,,2014,RV,Used,633,35.53,3.35,S1House,,1353,11.49,1000,1000,false,,,12.99,Core,Core,1.09,0,,0,20550,711,Source One Financial Services,MI, alicia mondragon,0,0,TX536,Core
248041,mlomedico,40040,240,Conditional Approval,Blue Compass RV - Liberty Lake - WA154,Blue Compass,WA,Liberty Lake,2026-08-09,2026-08-10,,2026,RV,New,,5.43,4.91,ljablonoski,,1425,10.74,39000,39000,false,,,10.74,Core,Core,0.06,0,,0,675620,731,Source One Financial Services,WA, jordan kammarcal,1,1,WA154,Core
248035,sdelarosa,40448,240,Decline,Blue Compass RV - Columbia - SC136,Blue Compass,SC,Lexington,2026-08-09,,,2026,RV,New,631,25.02,6.39,jsmith,,1071,9.74,0,0,false,,,11.24,Core,Core,1,0,,0,40290,740,Source One Financial Services,SC, zach smith,0,0,SC136,Core
248036,jrubi,59075.79,180,Conditional Approval,RGV RV SALES - TX569,,TX,Mission,2026-08-09,2026-08-12,,2027,RV,New,,35.7,6.11,gott,,4553,10.24,6150,6150,false,,,11.74,Core,Core,1.03,0,,0,57083,694,Source One Financial Services,TX, aldo camarillo,1,1,TX569,Core
248029,jrubi,27434.28,180,Decline,ET Quality RV - NCA131,,CA,Yuba City,2026-08-09,,,2026,RV,New,,41.62,4.25,jrubi,,45,13.74,0,0,false,,,14.74,Silver 1,Silver 1,1.22,0,,0,22423,656,Source One Financial Services,CA, corey huskey,0,0,NCA131,Silver
248024,sdelarosa,58948,240,Decline,Blue Compass RV - Columbia - SC136,Blue Compass,SC,Lexington,2026-08-09,,,2022,RV,Used,,64.75,7.36,jsmith,,1199,10.74,3000,10500,false,,,12.24,Core,Core,1.06,0,,0,55400,692,Source One Financial Services,SC, zach smith,0,0,SC136,Core
248039,jrubi,69040,240,Decline,Blue Compass RV - Liberty Lake - WA154,Blue Compass,WA,Liberty Lake,2026-08-09,,,2026,RV,New,712,7.55,7.13,ljablonoski,,19,9.74,10000,10000,false,,,11.24,Core,Core,0.1,0,,0,675620,731,Source One Financial Services,WA, jordan kammarcal,0,0,WA154,Core
248032,jrubi,25336.51,180,Decline,OPTIMUM RV TX LLC - Robstown - TX481,Optimum RV,TX,ROBSTOWN,2026-08-09,,,2022,RV,Used,,16.69,3.65,gott,,26,14.49,3000,3000,false,,,15.49,Silver 1,Silver 1,0.83,0,,0,30635,653,Source One Financial Services,TX, nicholas cicala,0,0,TX481,Silver
248046,sbaker,50457.79,240,Approved,Rock Solid Funding LLC - TX536,RSF,TX,BEDFORD,2026-08-09,2026-08-10,,2026,RV,New,,32.35,6.51,S1House,,1042,9.99,6000,6000,false,,,11.49,Core,Core,1.19,0,,0,42500,711,Source One Financial Services,WV, alicia mondragon,1,1,TX536,Core
248045,sbaker,260532.34,240,Decline,General RV Center - Wixom - MI446,General RV,MI,Wixom,2026-08-09,,,2026,RV,New,,43.78,10.8,dzilberchtein,,1006,9.49,10000,10000,false,,,10.99,Core,Core,0.99,0,,0,263085,743,Source One Financial Services,MI, john sennett,0,0,MI446,Core
248055,lgrace,24942.7,180,Decline,Blue Compass RV - San Marcos - SCA167,Blue Compass,CA,San Marcos,2026-08-09,,,2026,RV,New,,30.19,9.89,jrubi,,935,10.24,6000,6000,false,,,11.74,Core,Core,0.89,0,,0,27944,697,Source One Financial Services,CA, billy rodger,0,0,SCA167,Core
248049,rsimmons,65480.4,204,Verifications Incomplete,Fun Town RV-Giddings -TX314,Fun Town,TX,Giddings,2026-08-09,2026-08-13,,2027,RV,New,,37.24,6.67,gott,,5558,10.24,3000,6950.13,false,,0,11.74,Core,Core,1.37,3928.82,6,0,47724,691,Source One Financial Services,TX, angela morrell,1,1,TX314,Core
248026,avera,11015.29,144,Auto Approval,Rock Solid Funding LLC - TX536,RSF,TX,BEDFORD,2026-08-09,2026-08-10,,2021,RV,Used,,14.6,2.58,S1House,,1653,7.99,1500,1500,false,,,9.49,Core,Core,0.97,0,,0,11300,839,Source One Financial Services,OH, alicia mondragon,1,1,TX536,Core
248028,jrubi,15522.18,144,Decline,RV's of Sacramento - NCA136,,CA,Elk Grove,2026-08-09,,,2026,RV,New,,33.57,4.94,jrubi,,74,9.74,2000,2000,false,,,11.24,Core,Core,0.9,0,,0,17197,734,Source One Financial Services,CA, branda morgan,0,0,NCA136,Core
248042,hhisek,23241.88,204,Auto Approval,BLUE COMPASS RV - SOUTH HOUSTON  - TX421,Blue Compass,TX,Alvin,2026-08-09,2026-08-13,,2026,RV,New,623,43.38,3,gott,,5348,9.99,0,13000,false,,,11.49,Core,Core,0.77,0,,0,30302,720,Source One Financial Services,TX, lucy anzaldua,1,1,TX421,Core
248429,avera,28429,180,Decline,Tulsa RV Outlet Center - OK108,,OK,TULSA,2026-08-10,2026-08-11,,2016,RV,Used,677,31.17,2.36,jweller,,789,8.49,3000,3000,false,,,9.99,Core,Core,1.01,0,,0,28250,816,Source One Financial Services,OK, david digiovanni,0,0,OK108,Core
248180,hhisek,29956.73,144,Approved,"Ron Hoover Companies of Donna, Inc -Tx277",Ron Hoover,TX,Donna,2026-08-10,2026-08-10,,2026,RV,New,,37.87,3.86,gott,,12,9.99,3300,3300,false,,,11.49,Core,Core,1.16,0,,0,25834.9,719,Source One Financial Services,TX, julio pena,1,1,TX277,Core
248425,eavila,19406.56,144,Auto Approval,Collier RV Lake County - IL106,,IL,Wadsworth,2026-08-10,2026-08-12,,2022,RV,Used,,27.82,3.45,gcoulombe,,2709,10.49,2000,2000,false,,,11.99,Core,Core,0.73,0,,0,26570,707,Source One Financial Services,IL, john tessendorf,1,1,IL106,Core
248409,,20195.29,180,Auto Decline,Rock Solid Funding LLC - TX536,RSF,TX,BEDFORD,2026-08-10,,,2018,Boat,Used,728,57.91,3.72,S1House,,0,16.24,1000,1000,false,,,17.24,Silver 2,Silver 2,1.09,0,,0,18590,632,Source One Financial Services,ND,,0,0,TX536,Silver
248297,,79234.62,180,Auto Decline,"Ron Hoover Companies of Lake Conroe, Inc -TX280",Ron Hoover,TX,Willis,2026-08-10,,,2026,RV,New,,27.99,11.71,gott,,0,14.99,9000,9000,false,,,15.99,Silver 2,Silver 2,0.9,0,,0,87759,632,Source One Financial Services,TX,,0,0,TX280,Silver
248391,mnava,7538.58,60,Conditional Approval,GEORGIA RV OUTLET LLC - GA107,,GA,CARTERSVILLE,2026-08-10,2026-08-10,,2018,RV,Used,,16.31,2.75,jsmith,,22,15.24,1000,1000,false,,,15.74,Silver 1,Silver 1,0.74,0,,0,10250,665,Source One Financial Services,GA, shawn deuber,1,1,GA107,Silver
248217,mnava,49649.85,180,Auto Approval,Open Road RV Center - Monroe - WA156,,WA,Monroe,2026-08-10,2026-08-12,,2021,RV,Used,652,37.27,4.6,ljablonoski,,3227,10.49,18000,23834.5,false,,,11.99,Core,Core,1.09,0,,0,45450,702,Source One Financial Services,WA, shannon ellis,1,1,WA156,Core
248166,jrubi,65053.75,240,Auto Approval,Giant RV - Colton - SCA157,Giant RV,CA,Colton,2026-08-10,2026-08-10,,2026,RV,New,,41.54,5.02,jrubi,,10,7.49,500,-7500,false,,,8.99,Core,Core,1.1,0,,0,59102,813,Source One Financial Services,CA, c.c. lafrades,1,1,SCA157,Core
248109,sdelarosa,32296.47,180,Approved,Uwharrie RV  (740 Motors) - NC125,,NC,Albemarle,2026-08-10,2026-08-10,,2026,RV,New,793,6.24,2.54,jsmith,,64,7.49,0,0,false,,,8.99,Core,Core,1.09,0,,0,29710,811,Source One Financial Services,NC, brian bailey,1,1,NC125,Core
248184,lgrace,15540.06,144,Booked,RTE 125 RV & Marine - NH106,,NH,Rochester,2026-08-10,2026-08-11,2026-08-11,2019,RV,Used,,38.87,1.55,gcoulombe,1627,1321,11.24,1600,1600,false,306,0,12.49,Core,Core,1.18,777,5,0,13150,684,Source One Financial Services,VT, christopher wuelper,1,0,NH106,Core
248146,sbaker,68553.5,240,Auto Approval,NewCoast - Boatzon - FL356,Marine Max,FL,Oldsmar,2026-08-10,2026-08-10,,2022,Boat,Used,,45.23,4.26,S1House,,343,10.24,15000,15000,false,,,11.74,Core,Core,0.89,0,,0,77210,729,Source One Financial Services,CA, christopher rogers,1,1,FL356,Core
248344,sbaker,92405.88,180,Decline,Foothills Marine of Lake Norman- NC144,,NC,Mooresville,2026-08-10,2026-08-10,,2026,Boat,New,,50.31,12.82,jsmith,,1095,10.24,0,28000,false,,,11.74,Core,Core,0.87,0,,0,106215,697,Source One Financial Services,NC, james siems,0,0,NC144,Core
248165,jharrington1,130971.3,240,Decline,Royal RV & Auto Center Inc - IN203,,IN,Middleberry,2026-08-10,,,2026,RV,New,662,11.99,8.92,jharrington1,,44,13.74,1000,44000,false,,,14.74,Silver 1,Silver 1,0.81,0,,0,161093,652,Source One Financial Services,MI, terry lapierre,0,0,IN203,Silver
248405,thovey,100000,240,Auto Approval,"Vantage Recreational Finance, Inc. -FL291",VRF,FL,FORT LAUDERDALE,2026-08-10,2026-08-10,,2026,RV,New,792,8.52,4.32,S1House,,28,8.49,32539.99,32539.99,false,,,9.24,Core,Core,0.92,0,,0,109000,833,Source One Financial Services,TX, robyn lemke,1,1,FL291,Core
248282,lgrace,44970.94,180,Auto Approval,Campers Inn - Ocala - FL158,Campers Inn,FL,Ocala,2026-08-10,2026-08-10,,2026,RV,New,,35.69,11.34,pcarter,,30,12.49,11000,11000,false,,,13.49,Silver 1,Silver 1,0.82,0,,0,54916,670,Source One Financial Services,FL, scott mckeever,1,1,FL158,Silver
248288,mlomedico,32767,180,Approved,NewCoast - Boatzon - FL356,Marine Max,FL,Oldsmar,2026-08-10,2026-08-10,,2023,Boat,Used,,30.91,2.53,S1House,,28,10.74,7000,7000,false,,,12.24,Core,Core,0.94,0,,0,34710,693,Source One Financial Services,CA, christopher rogers,1,1,FL356,Core
248416,thovey,22576,180,Auto Approval,BEAUMONT RV - SCA108,,CA,BEAUMONT,2026-08-10,2026-08-10,,2026,RV,New,,23.92,3.48,jrubi,,13,9.74,1500,1500,false,,,11.24,Core,Core,1.13,0,,0,19900,725,Source One Financial Services,CA,,1,1,SCA108,Core
248107,lgrace,33686.88,144,Conditional Approval,Mountaineer RV & Outdoor Center - MT. Nebo - WV105,,WV,Mt Nebo,2026-08-10,2026-08-10,,2026,RV,New,,37.65,5.06,jharrington1,,409,12.99,3500,3500,false,,,12.99,Silver 1,Not Applicable,0.87,0,,0,38778,653,Connexus Credit Union,WV, tim smith,1,1,WV105,Not Applicable
248155,mlomedico,26117,180,Auto Approval,NewCoast - Boatzon - FL356,Marine Max,FL,Oldsmar,2026-08-10,2026-08-12,,2019,Boat,Used,,30.53,2.52,S1House,,3188,11.74,2500,2500,false,,,13.24,Core,Core,0.91,0,,0,28620,698,Source One Financial Services,TN, christopher rogers,1,1,FL356,Core
248426,mnava,50519.09,240,Decline,BISH'S RV OF BILLINGS - MT102,Bish's RV,MT,BILLINGS,2026-08-10,,,2026,RV,New,,18.67,6.13,dzilberchtein,,17,12.49,22000,22000,false,,,13.49,Silver 1,Silver 1,0.63,0,,0,80743,671,Source One Financial Services,MT, todd miillsap,0,0,MT102,Silver
248346,pmeza,34888,204,Auto Approval,Blue Compass RV - North Atlanta - GA158,Blue Compass,GA,Buford,2026-08-10,2026-08-13,,2019,RV,Used,604,38.42,3.09,jsmith,,4264,12.74,9000,9000,false,,,14.24,Core,Core,0.82,0,,0,42400,680,Source One Financial Services,SC, roland boughton,1,1,GA158,Core
248275,pmeza,44633.3,240,Auto Approval,Shoeders RV Marine and Sport Center -WI625,,WI,Rhinelander,2026-08-10,2026-08-10,,2026,RV,New,667,29.71,2.24,dzilberchtein,,37,7.49,22251,22251,false,,,8.99,Core,Core,1.3,0,,0,34334,805,Source One Financial Services,WI,,1,1,WI625,Core
248343,thovey,48837.74,180,Auto Approval,FUN TOWN RV OK LLC - OK121,Fun Town,OK,OKLAHOMA CITY,2026-08-10,2026-08-10,,2019,RV,Used,617,26.48,2.3,jweller,,22,8.99,1500,1500,false,,,10.49,Core,Core,1.1,0,,0,44400,789,Source One Financial Services,OK, arthur fenimore,1,1,OK121,Core
248245,,34500,216,Auto Decline,HAVA STYLE RECREATION - AZ304,,AZ,LAKE HAVASU CITY,2026-08-10,,,2025,RV,New,,46.75,2.98,edominguez,,0,13.74,3000,3000,false,,,14.74,Silver 1,Silver 1,0.73,0,,0,47037,648,Source One Financial Services,ID,,0,0,AZ304,Silver
248144,mlomedico,10196,120,Auto Approval,DISCOVER RV - NCA114,,CA,LODI,2026-08-10,2026-08-10,,2020,RV,Used,711,13.77,1.25,jrubi,,503,9.99,9500,9500,false,,,11.49,Core,Core,0.72,0,,0,14150,751,Source One Financial Services,CA,,1,1,NCA114,Core
248069,lgrace,54952.5,204,Decline,SR1 Companies-Turner-ME108,,ME,Turner,2026-08-10,,,2026,RV,New,,40.08,11.86,gcoulombe,,6,12.49,3000,3000,false,,,13.49,Silver 1,Silver 1,0.91,0,,0,60708,677,Source One Financial Services,ME, shawn martin,0,0,ME108,Silver
248393,,82296.43,180,Auto Decline,"Ron Hoover Companies of Donna, Inc -Tx277",Ron Hoover,TX,Donna,2026-08-10,,,2026,RV,New,,23.56,11.12,gott,,0,22.99,4000,9000,false,,,23.99,Bronze,Bronze,1.07,0,,0,76903.1,613,Source One Financial Services,TX,,0,0,TX277,Business First
248382,,26318.07,144,Auto Decline,KUNES STOUGHTON RV INC - WI713,KunesRV,WI,DEFOREST,2026-08-10,,,2022,RV,Used,605,22.37,3.85,dzilberchtein,,0,15.74,0,0,false,,,16.74,Silver 2,Silver 2,0.61,0,,0,43435,633,Source One Financial Services,WI,,0,0,WI713,Silver
248289,sbaker,17397.57,144,Decline,Fun Town RV Amarillo - TX508,Fun Town,TX,Amarillo,2026-08-10,,,2027,RV,New,,12.73,3.78,gott,,1555,10.24,1500,1500,false,,,11.74,Core,Core,0.82,0,,0,21091,685,Source One Financial Services,OK, eric adams,0,0,TX508,Core
248321,hhisek,75980.78,180,Conditional Approval,RV Station LTD - Bryan/College Station -TX193,,TX,College Station,2026-08-10,2026-08-10,,2019,RV,Used,,30.25,9.23,gott,,156,7.99,8500,8500,false,,,9.24,Core,Not Applicable,0.97,0,,0,78083,827,Connexus Credit Union,TX, curtis hunsinger,1,1,TX193,Not Applicable
248315,pmeza,17203,144,Decline,WEHR FORD OF MTN. GROVE - 2ND LOCATION- MO186,,MO,MTN. GROVE,2026-08-10,,,2024,RV,New,,20.82,5.14,jweller,,12,13.74,1900,1900,false,,,14.74,Silver 1,Silver 1,0.48,0,,0,35893,643,Source One Financial Services,MO, chase barnes,0,0,MO186,Silver
248239,,142498.75,240,Auto Decline,North Trail RV Center - FL347,,FL,Ft. Myers,2026-08-10,,,2017,RV,Used,,57.6,31.28,wstoutimore,,19,22.99,16000,16000,false,,,23.99,Bronze,Core,0.9,0,,0,157575,707,Source One Financial Services,FL, justin graham,0,0,FL347,Business First
248399,,10614,144,Auto Decline,"Campers Inn RV of Myrtle Beach, Inc - SC109",Campers Inn,SC,Myrtle Beach,2026-08-10,,,2026,RV,New,,18.19,4.36,jsmith,,0,14.99,15000,15000,false,,,15.99,Silver 2,Silver 2,0.4,0,,0,26657.98,636,Source One Financial Services,NC,,0,0,SC109,Silver
248412,pmeza,35518.84,180,Approved,Ron Hoover Companies Katy -TX275,Ron Hoover,TX,Katy,2026-08-10,2026-08-11,,2026,RV,New,660,29.72,2.34,gott,,957,7.24,35000,35000,false,,,8.49,Core,Not Applicable,0.45,0,,0,78835.31,819,Connexus Credit Union,TX, greg woods,1,1,TX275,Not Applicable
248352,,50932.6,180,Auto Decline,BISH'S RV - INDIANAPOLIS - IN199,Bish's RV,IN,ANDERSON,2026-08-10,,,2022,RV,Used,665,40.59,4.87,jharrington1,,0,15.74,100,100,false,,,16.74,Silver 2,Silver 2,1.1,0,,0,46400,625,Source One Financial Services,MI,,0,0,IN199,Silver
248226,hhisek,26496.96,144,Conditional Approval,Fun Town RV- Waco-TX212,Fun Town,TX,Hewitt,2026-08-10,2026-08-10,,2018,RV,Used,,32.79,4.79,gott,,116,13.99,2500,2500,false,,,13.99,Silver 1,Not Applicable,0.95,0,,0,27750,651,Connexus Credit Union,OK, matt peacock,1,1,TX212,Not Applicable
248129,rsimmons,17823.88,144,Approved,Fun Town RV- Waco-TX212,Fun Town,TX,Hewitt,2026-08-10,2026-08-10,,2021,RV,Used,,28.98,2.28,gott,,39,10.24,2698,2698,false,,,11.74,Core,Core,1.1,0,,0,16250,731,Source One Financial Services,TX, matt peacock,1,1,TX212,Core
248232,pmeza,67020,204,Auto Approval,Bourbon RV - MO167,,MO,Bourbon,2026-08-10,2026-08-10,,2020,RV,Used,,37.85,3.93,jweller,,100,13.24,2000,8000,false,,,14.24,Silver 1,Silver 1,0.9,0,,0,74800,673,Source One Financial Services,KS, devian williams,1,1,MO167,Silver
248366,,74760,180,Auto Decline,BLUE COMPASS RV  DES MOINES-IA222,Blue Compass,IA,ALTOONA,2026-08-10,,,2016,RV,Used,,39.67,19,gcoulombe,,0,22.99,15000,15000,false,,,23.99,Bronze,Bronze,0.58,0,,0,128040,619,Source One Financial Services,IA,,0,0,IA222,Business First
248087,avera,66134.85,240,Approved,ANGLERS CHOICE - LEXINGTON - NC101,,NC,LEXINGTON,2026-08-10,2026-08-10,,2020,Boat,Used,,36.84,3.09,jsmith,,15,7.99,7000,7000,false,,,9.49,Core,Core,1.03,0,,0,64000,816,Source One Financial Services,NC, lee parker,1,1,NC101,Core
248192,,45505.5,240,Auto Decline,Legendary Marine - Panama - FL143,OneWater ,FL,Panama City,2026-08-10,,,2018,Boat,Used,,7.47,1.85,wstoutimore,,0,22.99,20000,20000,false,,,23.99,Bronze,Bronze,1.23,0,,0,37145,585,Source One Financial Services,FL,,0,0,FL143,Business First
248406,,40303,180,Auto Decline,Ron Hoover Companies of Tulsa - OK157,Ron Hoover,OK,Claremore,2026-08-10,,,2025,RV,New,,56.59,7,jweller,,0,13.74,1000,1000,false,,,14.74,Silver 1,Silver 1,0.97,0,,0,41412,641,Source One Financial Services,OK,,0,0,OK157,Silver
248150,,21308.14,180,Auto Decline,White Horse RV Center-NJ107,,NJ,Williamstown,2026-08-10,,,2020,RV,Used,,14.6,5.98,gcoulombe,,0,22.99,2000,2000,false,,,23.99,Bronze,Bronze,0.9,0,,0,23700,552,Source One Financial Services,NJ,,0,0,NJ107,Business First
248169,thovey,18434.7,180,Auto Approval,"Link Ford and RV, LLC - Minong -WI124",,WI,Minong,2026-08-10,2026-08-10,,2021,RV,Used,,49.96,2.1,dzilberchtein,,429,8.99,0,0,false,,,9.74,Core,Core,1.15,0,,0,16100,813,Source One Financial Services,WI, brian overbey,1,1,WI124,Core
248313,jharrington1,73784,240,Approved,LEONARD TRUCK and TRAILER INC. -OH164,,OH,NORTH JACKSON,2026-08-10,2026-08-10,,2026,RV,New,,44.69,5.01,jharrington1,,16,9.74,20000,20000,false,,,10.74,Core,Core,1.08,0,,0,68487,737,Source One Financial Services,OH,,1,1,OH164,Core
248126,thovey,48954,204,Auto Approval,Fun Town RV - Little Rock - AR126,Fun Town,AR,Bryant,2026-08-10,2026-08-13,,2026,RV,New,,34.26,4.17,jweller,,4594,13.24,6000,6000,false,,,14.24,Silver 1,Silver 1,0.9,0,,0,54585,657,Source One Financial Services,AR, wade meeks,1,1,AR126,Silver
248381,mlomedico,40300,180,Conditional Approval,Intercoastal Financial Group LLC - 17401746,IFG,FL,Vero Beach,2026-08-10,2026-08-10,,2021,RV,Used,668,20.16,1.63,S1House,,24,10.24,10200,10200,false,,,11.49,Core,Core,1.11,0,,0,36150,723,Source One Financial Services,GA, stephen jolles,1,1,17401746,Core
248421,mnava,21106.75,144,Decline,Sky River RV - Paso Robles - SCA146,SkyRiver,CA,Paso Robles,2026-08-10,,,2022,RV,Used,,20.3,4.88,jrubi,,16,14.49,5000,5000,false,,,15.49,Silver 1,Silver 1,1.02,0,,0,20680,655,Source One Financial Services,CA, andy shellcross,0,0,SCA146,Silver
248404,eavila,130360.94,216,Verifications Incomplete,Blue Compass RV - Albuquerque - NM112,Blue Compass,NM,Albuquerque,2026-08-10,2026-08-13,,2026,RV,New,,42.97,10.65,edominguez,,4350,10.99,22000,15000,false,,16,11.74,Core,Core,1.33,0,,0,97854,720,Source One Financial Services,TX, scott rodriguez,1,1,NM112,Core
248395,mlomedico,23676.33,144,Approved,Harper RV LLC - EKS105,EPIC,KS,Harper,2026-08-10,2026-08-10,,2025,RV,New,692,24.99,6.7,S1House,,17,9.74,500,500,false,,,11.24,Core,Core,1.1,0,,0,21489,729,Source One Financial Services,KS, mia williams,1,1,EKS105,Core
248380,pmeza,168878.64,180,Decline,Smith RV - WY105,,WY,Evansville,2026-08-10,,,2027,RV,New,,32.25,6.26,dzilberchtein,,17,22.99,0,-11300,false,,,23.99,Silver 1,Silver 1,1.12,0,,0,150715,656,Source One Financial Services,WY,,0,0,WY105,Silver
248427,pmeza,45513.32,240,Auto Approval,Blue Compass RV - Longmont - CO161,Blue Compass,CO,Longmont,2026-08-10,2026-08-10,,2026,RV,New,,19.76,0.6,dzilberchtein,,16,9.74,2150,2150,false,,,11.24,Core,Core,1.14,0,,0,39879.25,740,Source One Financial Services,CO, anthony bova,1,1,CO161,Core
248377,mnava,67036.73,240,Booked,Fun Town RV - Indianapolis - IN215,Fun Town,IN,Edinburgh,2026-08-10,2026-08-12,2026-08-12,2026,RV,New,735,30.25,5.36,jharrington1,2797,2562,7.99,3000,8000,false,229,6,7.39,Core,Core,1.52,670.37,1,0,44103,794,Source One Financial Services,AZ, chase ackeret,1,0,IN215,Core
248308,hhisek,33002.83,180,Auto Approval,AMERICA GO RV - COMFORT - TX471,,TX,COMFORT,2026-08-10,2026-08-11,,2026,RV,New,720,29.29,5.84,gott,,1488,7.74,3400,3400,false,,,8.74,Core,Not Applicable,0.98,0,,0,33835,686,Connexus Credit Union,TX, eric sprague,1,1,TX471,Not Applicable
248214,Jhill,36039.49,180,Decline,Blue Compass RV - South Beumont - TX551,Blue Compass,TX,Vidor,2026-08-10,,,2027,RV,New,614,41.69,2.83,gott,,14,12.49,3700,3700,false,,,13.49,Silver 1,Silver 1,0.95,0,,0,37934,668,Source One Financial Services,LA, brett massey,0,0,TX551,Silver
248392,,8000,60,Cancelled,East Coast RV - PA111,,PA,Bedford,2026-08-10,,,2011,RV,Used,,0,0,jharrington1,,,22.99,0,0,false,,,23.99,Bronze,Bronze,0.91,0,,0,8800,,Source One Financial Services,PA, katrina watson,0,0,PA111,Business First
248190,lgrace,135703.82,204,Auto Approval,PPL MOTORHOMES - SUMMERFIELD - FL194,,FL,SUMMERFIELD,2026-08-10,2026-08-10,,2015,RV,Used,729,26.87,6,pcarter,,162,8.24,5000,18502.12,false,,,9.74,Core,Core,1.12,0,,0,121650,810,Source One Financial Services,MI, connor cockfield,1,1,FL194,Core
248328,mlomedico,50346.4,240,Decline,Intercoastal Financial Group LLC - 17401746,IFG,FL,Vero Beach,2026-08-10,,,2021,Boat,Used,,28.23,1.65,S1House,,5,15.74,20000,20000,false,,,16.74,Silver 1,Silver 1,0.92,0,,0,55000,640,Source One Financial Services,FL, hunter miller,0,0,17401746,Silver
248367,sdelarosa,18164.34,120,Decline,RV South LLC - GA160,,GA,Sylvester,2026-08-10,,,2019,RV,Used,625,32.05,6.47,jsmith,,22,13.74,2000,2000,false,,,14.74,Silver 1,Silver 1,1.82,0,,0,9987,662,Source One Financial Services,GA, dan crumpler,0,0,GA160,Silver
248260,thovey,43234.9,180,Auto Approval,BRITTBLAIR LLC - IN188,,IN,KOKOMO,2026-08-10,2026-08-11,,2021,RV,Used,,26.64,2.86,jharrington1,,1584,9.24,0,0,false,,,10.74,Core,Core,1,0,,0,43050,763,Source One Financial Services,AL, austin earley,1,1,IN188,Core
248263,,44234.35,240,Auto Decline,KUNES RV SUPERCENTER INC - WI714,KunesRV,WI,SHEBOYGAN,2026-08-10,,,2025,RV,New,639,32.63,7.02,dzilberchtein,,0,22.99,0,7500,false,,,23.99,Bronze,Bronze,0.96,0,,0,46101,619,Source One Financial Services,WI,,0,0,WI714,Business First
248329,thovey,127115.33,240,Decline,Fun Town RV Ottawa LLC - KS125,Fun Town,KS,Ottawa,2026-08-10,,,2026,RV,New,,63.81,8.2,jweller,,20,9.99,5000,5000,false,,,11.49,Core,Core,1.19,0,,0,106613,707,Source One Financial Services,KS, john lucas,0,0,KS125,Core
248371,,14473,180,Auto Decline,Fun Town RV Factory Connect LLC-IN205,Fun Town,IN,Elkhart,2026-08-10,,,2026,RV,New,,21.45,4.24,jharrington1,,0,22.99,1000,1000,false,,,23.99,Bronze,Bronze,0.75,0,,0,19314,607,Source One Financial Services,MI,,0,0,IN205,Business First
248284,rsimmons,36432.42,204,Auto Approval,Blue Compass RV - Charlotte - NC153,Blue Compass,NC,Concord,2026-08-10,2026-08-11,,2027,RV,New,,26.54,4.84,jsmith,,1470,9.74,0,0,false,,,11.24,Core,Core,1.03,0,,0,35330,734,Source One Financial Services,NC, rylie seda,1,1,NC153,Core
248065,lgrace,26256,180,Auto Approval,Intercoastal Financial Group LLC - 17401746,IFG,FL,Vero Beach,2026-08-10,2026-08-10,,2022,Boat,Used,,27.26,3.65,S1House,,591,9.24,3000,3000,false,,,10.49,Core,Core,0.54,0,,0,48375,761,Source One Financial Services,NC, taylor beckford,1,1,17401746,Core
248235,rsimmons,34713.04,180,Approved,DADS CAMPER OUTLET - PICAYUNE - MS101,,MS,PICAYUNE,2026-08-10,2026-08-10,,2026,RV,New,,22.04,5.59,jsmith,,21,9.74,4000,4000,false,,,11.24,Core,Core,1.22,0,,0,28340,738,Source One Financial Services,MS, austin carney,1,1,MS101,Core
248134,,72797,240,Auto Decline,Woodland Airstream - MI458,,MI,Grand Rapids,2026-08-10,,,2024,RV,Used,573,64.43,14.68,dzilberchtein,,0,14.99,10000,10000,false,,,15.99,Silver 2,Silver 2,0,0,,0,0,629,Source One Financial Services,MI,,0,0,MI458,Silver
248197,hhisek,54590.39,180,Booked,Bailey Toliver RV and Truck Country LLC -TX369,,TX,STANTON,2026-08-10,2026-08-12,2026-08-12,2024,RV,Used,,35.2,6.2,gott,3190,3172,9.99,11000,11000,false,17,1,10.99,Core,Core,1,2183.62,4,0,54800,714,Source One Financial Services,TX, jim barben,1,0,TX369,Core
248286,jharrington1,12098.81,144,Decline,MIG RV  MARINE SUPER CENTER INC - BELLEFONT-OH187,,OH,BELLEFONTAINE,2026-08-10,,,2025,RV,New,,67.4,2.33,jharrington1,,5,9.99,1200,1200,false,,,11.49,Core,Core,0.71,0,,0,17134,701,Source One Financial Services,OH, brandon hoisington,0,0,OH187,Core
248120,jharrington1,20829.93,168,Booked,HAPPY CAMPERS RV SALES and SERVICE - IN182,,IN,LAFAYETTE,2026-08-10,2026-08-10,2026-08-10,2015,RV,Used,784,7.24,4.14,jharrington1,390,169,8.49,4000,4000,false,210,11,9.99,Core,Core,1.21,1249.8,6,0,17250,827,Source One Financial Services,IN, robert bruck,1,0,IN182,Core
248394,,46849.62,180,Auto Decline,BAILEY TOLIVER RV - VICTORIA - TX472,,TX,VICTORIA,2026-08-10,,,2027,RV,New,,27.76,15.38,gott,,0,14.99,0,5000,false,,,15.99,Silver 2,Silver 2,0.99,0,,0,47331,628,Source One Financial Services,TX,,0,0,TX472,Silver
248204,,112994,240,Auto Decline,"Vantage Recreational Finance, Inc. -FL291",VRF,FL,FORT LAUDERDALE,2026-08-10,,,2012,RV,Used,,37.05,11.91,S1House,,0,22.99,15000,15000,false,,,23.99,Bronze,Bronze,0.88,0,,0,128000,612,Source One Financial Services,AL,,0,0,FL291,Business First
248378,Jhill,17228.33,144,Decline,Blue Compass RV - Bowling Green - KY152,Blue Compass,KY,Bowling Green,2026-08-10,,,2019,RV,Used,,14.78,2.69,jharrington1,,15,14.99,1000,1000,false,,,15.99,Silver 1,Silver 1,1.05,0,,0,16400,651,Source One Financial Services,TN, cheyenne waterman,0,0,KY152,Silver
248386,,55325.75,180,Auto Decline,Campers Inn of Toms River - NJ104,Campers Inn,NJ,Toms River,2026-08-10,,,2026,RV,New,726,39.76,6.99,gcoulombe,,0,14.99,8000,21950,false,,,15.99,Silver 2,Silver 2,0.83,0,,0,66655,637,Source One Financial Services,NJ,,0,0,NJ104,Silver
248330,rsimmons,36802.02,180,Auto Approval,AMERICA GO RV (Seguin) -TX419,,TX,SEGUIN,2026-08-10,2026-08-10,,2023,RV,Used,,3.63,3.31,gott,,76,9.24,20000,38000,false,,,10.74,Core,Core,0.48,0,,0,77300,772,Source One Financial Services,WI, tanner towsend,1,1,TX419,Core
248415,eavila,17176.43,144,Auto Approval,SKYRIVER RV - FRESNO - NCA138,SkyRiver,CA,Fresno,2026-08-10,2026-08-12,,2017,RV,Used,,4.59,2.32,jrubi,,2517,10.99,3800,3800,false,,,12.49,Core,Core,1.23,0,,0,13950,705,Source One Financial Services,CA, julien castillo,1,1,NCA138,Core
248215,rsimmons,20957.98,180,Decline,BLUE COMPASS RV - FT WORTH - TX420,Blue Compass,TX,Fort Worth,2026-08-10,,,2023,RV,Used,644,43.91,1.88,gott,,4,10.49,2500,2500,false,,,11.99,Core,Core,1.14,0,,0,18450,703,Source One Financial Services,AZ, rj norman,0,0,TX420,Core
248203,,126620.91,240,Auto Decline,Campers Inn RV - Johnstown - CO163,Campers Inn,CO,Johnstown,2026-08-10,,,2026,RV,New,615,77.68,8.68,dzilberchtein,,0,18.24,25000,26677,false,,,19.24,Silver 2,Silver 2,1.01,0,,0,125060,620,Source One Financial Services,CO,,0,0,CO163,Silver
248220,,21253.9,180,Auto Decline,KUNES COUNTRY FREEDOM RV INC - WI711,KunesRV,WI,SLINGER,2026-08-10,,,2026,RV,New,,50.13,7.62,dzilberchtein,,0,13.74,10000,10000,false,,,14.74,Silver 1,Silver 1,0.62,0,,0,34518,643,Source One Financial Services,OH,,0,0,WI711,Silver
248311,,48954,204,Cancelled,Fun Town RV - Little Rock - AR126,Fun Town,AR,Bryant,2026-08-10,,,2026,RV,New,,0,0,jweller,,,22.99,6000,6000,false,,,23.99,Bronze,Bronze,0.9,0,,0,54585,,Source One Financial Services,AR, wade meeks,0,0,AR126,Business First
248277,hhisek,49632.84,180,Decline,GIANT RECREATION WORLD DAYTONA - FL176,,FL,Ormond Beach,2026-08-10,,,2014,RV,Used,,19.59,6.98,pcarter,,23,11.74,500,500,false,,,13.24,Core,Core,1.05,0,,0,47200,688,Source One Financial Services,FL, peter feldmann,0,0,FL176,Core
248430,,47310.72,180,Auto Decline,ACTION LINE SALES LLC - AZ339,,AZ,LAKE HAVASU CITY,2026-08-10,,,2021,RV,Used,571,41.79,8.23,edominguez,,0,15.74,0,0,false,,,16.74,Silver 2,Silver 2,2.43,0,,0,19500,625,Source One Financial Services,AZ,,0,0,AZ339,Silver
248358,avera,14692,120,Auto Approval,NewCoast - Boatzon - FL356,Marine Max,FL,Oldsmar,2026-08-10,2026-08-10,,2013,Boat,Used,,27.46,1.84,S1House,,60,8.99,1400,1400,false,,,10.49,Core,Core,1.34,0,,0,10990,806,Source One Financial Services,AZ, christopher rogers,1,1,FL356,Core
248276,mlomedico,46973.03,180,Auto Approval,Freedom Boat Club - Lake Norman - ENC135,EPIC,NC,Denver,2026-08-10,2026-08-12,,2024,Boat,Used,747,39.54,1.74,S1House,,3032,7.99,2000,2000,false,,,8.99,Core,Core,0.92,0,,0,50965,799,Source One Financial Services,NC, david bounphasaysonh,1,1,ENC135,Core
248154,lgrace,17944.83,168,Contract Received,Southern RV INC - FL192,,FL,DeLand,2026-08-10,2026-08-10,,2025,RV,Used,,22.58,3.11,pcarter,,244,7.49,2000,2000,false,,877,6.99,Core,Core,0.95,0,,0,18850,875,Source One Financial Services,FL, joe hilton,1,1,FL192,Core
248354,pmeza,46719.23,180,Approved,RV's Of America - Duncan - SC130,,SC,Duncan,2026-08-10,2026-08-10,,2027,RV,New,796,11.32,4.29,jsmith,,102,7.49,15000,15000,false,,,8.74,Core,Not Applicable,1,0,,0,46588,760,Connexus Credit Union,NY, dakota giardino,1,1,SC130,Not Applicable
248418,,45042.91,180,Auto Decline,Fun Town RV-Denton -TX322,Fun Town,TX,Denton,2026-08-10,,,2026,RV,New,,45.17,4.69,gott,,0,22.99,0,0,false,,,23.99,Bronze,Bronze,1.09,0,,0,41288,609,Source One Financial Services,TX,,0,0,TX322,Business First
248253,,34659.24,180,Auto Decline,Buckeye RV LLC -OH225,,OH,Jefferson,2026-08-10,,,2024,RV,Used,,42.84,10.24,jharrington1,,0,14.99,0,0,false,,,15.99,Silver 2,Silver 2,1.58,0,,0,22000,621,Source One Financial Services,OH,,0,0,OH225,Silver
248411,mlomedico,74398.86,240,Auto Approval,LEONARD TRUCK and TRAILER INC. -OH164,,OH,NORTH JACKSON,2026-08-10,2026-08-12,,2027,RV,New,749,25.46,2.6,jharrington1,,2483,9.49,12300,7300,false,,,10.99,Core,Core,1.37,0,,0,54118,745,Source One Financial Services,ME,,1,1,OH164,Core
248207,hhisek,33090.4,180,Approved,Fun Town RV - Cleburne -TX108,Fun Town,TX,Cleburne,2026-08-10,2026-08-10,,2026,RV,New,,25.61,1.53,S1House,,6,9.74,3000,3000,false,,,11.24,Core,Core,1.05,0,,0,31552,728,Source One Financial Services,TX, brenden boggs,1,1,TX108,Core
248152,,25077.63,180,Auto Decline,Fun Town Rv/Angelo RV LLC -TX247,Fun Town,TX,San Angelo,2026-08-10,,,2027,RV,New,596,28.26,2.45,gott,,0,22.99,4000,4000,false,,,23.99,Bronze,Bronze,0.81,0,,0,30935,598,Source One Financial Services,TX,,0,0,TX247,Business First
248351,mlomedico,52751.2,204,Auto Approval,Elevated Marine LLC - ECO114,EPIC,CO,Arvada,2026-08-10,2026-08-10,,2014,Boat,Used,795,6.52,4.29,S1House,,20,8.99,25000,25000,false,,,10.49,Core,Core,0.79,0,,0,66800,806,Source One Financial Services,CO, sierra whitmire,1,1,ECO114,Core
248350,ahunt,20727,144,Auto Approval,McDowell South Inc - MO203,,MO,Jackson,2026-08-10,2026-08-11,,2026,RV,New,,24.67,1.15,jweller,,1594,7.49,2100,2100,false,,,8.99,Core,Core,0.84,0,,0,24542,819,Source One Financial Services,MO, alan sellers,1,1,MO203,Core
248145,thovey,52524.04,204,Auto Approval,FOUR SEASONS RV - KS122,,KS,ABILENE,2026-08-10,2026-08-10,,2026,RV,New,687,28.86,6.28,jweller,,54,9.24,5000,5000,false,,,10.74,Core,Core,0.95,0,,0,55335,726,Source One Financial Services,KS, travis purser,1,1,KS122,Core
248205,avera,133263.08,240,Auto Approval,Blue Compass - Fort Myers - FL300,Blue Compass,FL,Fort Myers,2026-08-10,2026-08-13,,2026,RV,New,772,26.55,12.43,wstoutimore,,4448,7.24,24000,41000,false,,,8.74,Core,Core,1.36,0,,0,98179,827,Source One Financial Services,FL, cory grambart,1,1,FL300,Core
248077,Jhill,100699,240,Decline,"Vantage Recreational Finance, Inc. -FL291",VRF,FL,FORT LAUDERDALE,2026-08-10,,,2014,RV,Used,,23.71,10.54,S1House,,35,11.49,15000,15000,false,,,12.99,Core,Core,0.94,0,,0,107000,701,Source One Financial Services,OK, craig miller,0,0,FL291,Core
248280,mnava,34762.5,180,Pending,Titan Auto & Rv Sales - AR117,,AR,Searcy,2026-08-10,2026-08-10,,2018,RV,Used,,33.05,3.27,jweller,,45,10.74,3600,3600,false,,,12.24,Core,Core,0.88,0,,0,39600,737,Source One Financial Services,AR, dylan melton,0,0,AR117,Core
248158,hhisek,37998.76,180,Decline,Your Fun Country RV's & Marine Center - TX549,,TX,Anthony,2026-08-10,,,2026,RV,New,,13.88,4.52,gott,,4,10.24,4000,4000,false,,,11.74,Core,Core,0.88,0,,0,43249,699,Source One Financial Services,NM, kasey peralta,0,0,TX549,Core
248211,mnava,38299,180,Decline,Wilder RV -MO108,,MO,Clinton,2026-08-10,,,2026,RV,New,590,40,4.9,jweller,,8,9.99,0,0,false,,,11.49,Core,Core,0.85,0,,0,44854,708,Source One Financial Services,AR, clinton bales,0,0,MO108,Core
248157,mlomedico,45718.9,144,Conditional Approval,Unreel Marine - EFL129,EPIC,FL,Port Richey,2026-08-10,2026-08-10,,2024,Boat,Used,,47.81,2.4,S1House,,101,9.49,5000,5000,false,,,10.24,Core,Not Applicable,0.91,0,,0,50290,694,Connexus Credit Union,MA, chuck smith,1,1,EFL129,Not Applicable
248368,thovey,216620,240,Auto Approval,"Vantage Recreational Finance, Inc. -FL291",VRF,FL,FORT LAUDERDALE,2026-08-10,2026-08-10,,2025,Boat,Used,,18.97,5.49,S1House,,32,7.24,67000,67000,false,,,8.74,Core,Core,1,0,,0,216620,837,Source One Financial Services,AZ, robyn lemke,1,1,FL291,Core
248242,jharrington1,36579.7,180,Decline,Chesaco RV - Hamburg - PA142,,PA,Hamburg,2026-08-10,,,2021,RV,Used,485,40.42,9.56,jharrington1,,9,12.74,2000,8500,false,,,14.24,Core,Core,1.26,0,,0,29000,680,Source One Financial Services,PA, dave conard,0,0,PA142,Core
248336,jharrington1,52387.94,204,Conditional Approval,SKAGGS RV OUTLET - KY113,,KY,ELIZABETHTOWN,2026-08-10,2026-08-10,,2027,RV,New,,48.33,4.73,jharrington1,,33,7.99,14500,7100,false,,,9.49,Core,Core,1.29,0,,0,40718,799,Source One Financial Services,KY, donnie simoneit,1,1,KY113,Core
248128,mlomedico,38204.96,180,Auto Approval,Optimum RV Zephyr Hills - FL164,Optimum RV,FL,Zephyr Hills,2026-08-10,2026-08-10,,2021,RV,Used,721,39.94,2.89,wstoutimore,,187,9.99,6400,12400,false,,,11.49,Core,Core,1.16,0,,0,32800,759,Source One Financial Services,FL, todd glenn,1,1,FL164,Core
248209,pmeza,15257.55,120,Conditional Approval,Campers Inn Of Philadelphia Inc-PA103,Campers Inn,PA,Hatfield,2026-08-10,2026-08-10,,2027,RV,New,,43.92,5.6,jharrington1,,131,12.99,1700,1700,false,,,12.99,Silver 1,Not Applicable,0.9,0,,0,16935,646,Connexus Credit Union,PA, scott hayes,1,1,PA103,Not Applicable
248320,mlomedico,67442.5,240,Decline,Pierce RV & Marine - Billings -  MT110,Easy Care,MT,Billings,2026-08-10,,,2026,RV,New,,40.67,16.38,dzilberchtein,,7,12.49,1000,1000,false,,,13.49,Silver 1,Silver 1,1.04,0,,0,64612,673,Source One Financial Services,MT, jim lakes,0,0,MT110,Silver
248114,sbaker,23760.88,204,Auto Approval,"Lone Star RV Sales, INC -TX206",,TX,Houston,2026-08-10,2026-08-10,,2026,RV,New,,30.58,2.28,gott,,48,8.24,0,0,false,,,9.74,Core,Core,0.98,0,,0,24145,771,Source One Financial Services,TX, bob russo,1,1,TX206,Core
248156,hhisek,15459.98,120,Booked,Jeff England Motor Co Inc -TX328,,TX,Cleburne,2026-08-10,2026-08-11,2026-08-12,2019,RV,Used,,33.16,2.81,gott,3164,1744,14.99,1500,1500,false,1263,157,15.99,Silver 1,Silver 1,0.99,618.4,4,0,15600,645,Source One Financial Services,AZ,,1,0,TX328,Silver
248428,avera,23024.7,204,Decline,Kaylor's Marine Service - KY156,Easy Care,KY,Richmond,2026-08-10,,,2026,Boat,New,689,46.29,1.66,jharrington1,,703,9.99,2400,2400,false,,,11.49,Core,Core,0.79,0,,0,29200,695,Source One Financial Services,KY, bradley taylor,0,0,KY156,Core
248332,mlomedico,84070.65,180,Auto Approval,Family Boating & Marine Centers of FL - EFL123,EPIC,FL,Tampa,2026-08-10,2026-08-10,,2016,Boat,Used,,21.13,7.56,S1House,,52,8.49,10000,10000,false,,,9.99,Core,Core,1.05,0,,0,80175,826,Source One Financial Services,FL, brett light,1,1,EFL123,Core
248396,mlomedico,29283.46,180,Decline,Lawrenceburg Marine - ETN108,EPIC,TN,Lawrenceburg,2026-08-10,,,2018,Boat,Used,,66.65,9.99,S1House,,20,10.74,0,8000,false,,,12.24,Core,Core,0.79,0,,0,37265,740,Source One Financial Services,TN, donavon evenson,0,0,ETN108,Core
248075,Jhill,37470.29,204,Decline,Rock Solid Funding LLC - TX536,RSF,TX,BEDFORD,2026-08-10,,,2016,RV,Used,,142.62,12.56,S1House,,32,11.24,0,0,false,,,12.74,Core,Core,0.83,0,,0,44918,695,Source One Financial Services,GA, caleb grassi,0,0,TX536,Core
248431,lgrace,71663.95,240,Ready to Book,Liquid Planet Marine- EFL119,EPIC,FL,Clermont,2026-08-10,2026-08-12,,2023,Boat,Used,,30.66,4.9,S1House,,2585,7.49,3500,3500,false,,1234,8.74,Core,Not Applicable,1,3583.2,5,0,71700,740,Connexus Credit Union,FL, sierra whitmire,1,1,EFL119,Not Applicable
248195,sdelarosa,17230.36,120,Decline,RV Value Mart-Asheboro-NC140,,NC,Franklinville,2026-08-10,,,2022,RV,Used,,23.93,2.96,jsmith,,27,12.74,2000,2000,false,,,14.24,Core,Core,0.83,0,,0,20790,680,Source One Financial Services,NC, chase rhodes,0,0,NC140,Core
248252,hhisek,16688.81,144,Approved,Fun Town Rv/Angelo RV LLC -TX247,Fun Town,TX,San Angelo,2026-08-10,2026-08-10,,2026,RV,New,,27.98,2.56,gott,,11,10.24,1700,1700,false,,,11.74,Core,Core,0.95,0,,0,17526,688,Source One Financial Services,TX, brenden boggs,1,1,TX247,Core
248064,avera,149999.95,240,Auto Approval,Intercoastal Financial Group LLC - 17401746,IFG,FL,Vero Beach,2026-08-10,2026-08-11,,2023,Boat,Used,738,28.23,2.81,S1House,,1968,8.24,420605,420605,false,,,9.49,Core,Core,0.34,0,,0,441998,769,Source One Financial Services,FL, taylor beckford,1,1,17401746,Core
248171,,43500,180,Auto Decline,Juniata Valley RV- PA133,,PA,Mifllintown,2026-08-10,,,2026,RV,New,679,56.4,13.34,jharrington1,,0,18.24,3000,3000,false,,,19.24,Silver 2,Silver 2,1.07,0,,0,40702,620,Source One Financial Services,PA,,0,0,PA133,Silver
248237,hhisek,23279.96,180,Conditional Approval,Rock Solid Funding LLC - TX536,RSF,TX,BEDFORD,2026-08-10,2026-08-10,,2026,RV,New,638,35.37,3.04,S1House,,42,10.24,2200,2200,false,,,11.74,Core,Core,1.24,0,,0,18708,694,Source One Financial Services,VA, ashley rogers,1,1,TX536,Core
248200,,85923.19,180,Auto Decline,Blue Compass RV - San Marcos - SCA167,Blue Compass,CA,San Marcos,2026-08-10,,,2026,RV,New,,23,11.89,jrubi,,0,22.99,30000,30000,false,,,23.99,Bronze,Bronze,0.8,0,,0,107846,555,Source One Financial Services,CA,,0,0,SCA167,Business First
248102,rsimmons,37606.1,180,Decline,TRIPLE H RVS - AL119,,AL,HALEYVILLE,2026-08-10,,,2027,RV,New,,18.27,6.06,jsmith,,4,12.49,4000,4000,false,,,13.49,Silver 1,Silver 1,0.91,0,,0,41526,679,Source One Financial Services,AL, tyler spann,0,0,AL119,Silver
248327,sbaker,200013.53,240,Decline,Gerzeny's RV World - Nokomis - FL259,,FL,Nokomis,2026-08-10,,,2026,RV,New,,28.03,17.4,wstoutimore,,27,9.99,101000,101000,false,,,11.49,Core,Core,0.88,0,,0,226500,717,Source One Financial Services,MA, kelli simpson,0,0,FL259,Core
248376,,15901.01,180,Auto Decline,Buckeye RV LLC -OH225,,OH,Jefferson,2026-08-10,,,2020,RV,Used,,25.7,3.75,jharrington1,,0,22.99,1580,1580,false,,,23.99,Bronze,Bronze,1.19,0,,0,13365,595,Source One Financial Services,OH,,0,0,OH225,Business First
248267,eavila,9536,60,Conditional Approval,Beckley's Camping Center - MD111,,MD,Thurmont,2026-08-10,2026-08-10,,2019,RV,Used,,23.23,4.14,gcoulombe,,18,15.99,1000,1000,false,,,16.49,Silver 1,Silver 1,0.76,0,,0,12550,644,Source One Financial Services,MA,,1,1,MD111,Silver
248086,avera,39590.79,180,Decline,Optimum RV Zephyr Hills - FL164,Optimum RV,FL,Zephyr Hills,2026-08-10,,,2021,RV,Used,697,19.82,7.08,wstoutimore,,3,10.24,5000,5000,false,,,11.74,Core,Core,0.74,0,,0,53750,732,Source One Financial Services,FL, todd glenn,0,0,FL164,Core
248424,eavila,29954.84,180,Auto Approval,FUN TOWN RV SAN ANTONIO LP - TX465,Fun Town,TX,CIBOLO,2026-08-10,2026-08-11,,2025,RV,New,,34.08,6.3,gott,,964,9.74,3000,3000,false,,,11.24,Core,Core,0.72,0,,0,41520,739,Source One Financial Services,TX, franz grimes,1,1,TX465,Core
248078,lgrace,98307.85,240,Auto Approval,CAMPERS INN OF KINGSTON - NH100,Campers Inn,NH,KINGSTON,2026-08-10,2026-08-10,,2027,RV,New,829,24.22,3.44,gcoulombe,,70,8.24,68750,69452.55,false,,,9.74,Core,Core,1.25,0,,0,78651,818,Source One Financial Services,MA, kenneth unger,1,1,NH100,Core
248261,rsimmons,25010.52,180,Booked,HOPPERS RV LLC - TX546,,TX,Cypress,2026-08-10,2026-08-12,2026-08-13,2015,RV,Used,,4.06,4.06,gott,4551,2737,8.99,500,500,false,1800,14,10.49,Core,Core,1.52,1500.63,6,0,16450,794,Source One Financial Services,TX, tony marino,1,0,TX546,Core
248389,pmeza,59668.8,180,Auto Approval,Bailey Toliver RV and Truck Country LLC -TX369,,TX,STANTON,2026-08-10,2026-08-11,,2026,RV,New,,26.07,7.2,gott,,1550,9.99,5000,10530.77,false,,,10.49,Core,Not Applicable,1.21,0,,0,49175,699,Connexus Credit Union,TX, jim barben,1,1,TX369,Not Applicable
248410,mnava,36818.69,180,Verifications Incomplete,Fish and Ski Marine - Canton - TX575,,TX,Canton,2026-08-10,2026-08-12,,2026,Boat,New,,23.15,3.12,gott,,2400,9.99,3600,6850,false,,4,10.99,Core,Core,1.06,0,,0,34797,705,Source One Financial Services,TX, paul hyland,1,1,TX575,Core
248339,,32258.65,180,Auto Decline,"Ron Hoover Companies of Donna, Inc -Tx277",Ron Hoover,TX,Donna,2026-08-10,,,2026,RV,New,,47.44,7.81,gott,,0,22.99,3000,3000,false,,,23.99,Bronze,Bronze,0.94,0,,0,34144,601,Source One Financial Services,TX,,0,0,TX277,Business First
248303,,32949,120,Auto Decline,McClain's Longhorn RV Inc - TX520,,TX,Sanger,2026-08-10,,,2019,RV,Used,,43.95,4.53,gott,,0,16.24,6000,6000,false,,,17.24,Silver 2,Silver 2,0.99,0,,0,33150,628,Source One Financial Services,TX,,0,0,TX520,Silver
248162,Jhill,37470.29,204,Decline,Rock Solid Funding LLC - TX536,RSF,TX,BEDFORD,2026-08-10,,,2016,RV,Used,687,63.77,4.62,S1House,,119,11.24,0,0,false,,,12.74,Core,Core,0.83,0,,0,44918,695,Source One Financial Services,GA, caleb grassi,0,0,TX536,Core
248379,lgrace,46086.33,180,Approved,Legendary Marine - Destin - FL142,OneWater ,FL,Destin,2026-08-10,2026-08-10,,2019,Boat,Used,,16.43,4.54,wstoutimore,,16,14.99,10000,10000,false,,,15.99,Silver 1,Silver 1,0.92,0,,0,50295,650,Source One Financial Services,FL, nolon saucier,1,1,FL142,Silver
248322,sdelarosa,66924.95,240,Auto Approval,Uwharrie RV  (740 Motors) - NC125,,NC,Albemarle,2026-08-10,2026-08-11,,2026,RV,New,766,16.87,5.01,jsmith,,1542,7.49,10000,10000,false,,,8.99,Core,Core,0.93,0,,0,72185,844,Source One Financial Services,GA, brian bailey,1,1,NC125,Core
248124,avera,7300,60,Auto Approval,East Coast RV - PA111,,PA,Bedford,2026-08-10,2026-08-11,,2011,RV,Used,,34.47,2.13,jharrington1,,1568,12.99,700,700,false,,,13.49,Core,Core,0.83,0,,0,8800,681,Source One Financial Services,PA, katrina watson,1,1,PA111,Core
248401,mlomedico,73063.78,180,Auto Approval,General RV-Birch Run -MI412,General RV,MI,Birch Run,2026-08-10,2026-08-10,,2017,RV,Used,728,36.39,3.8,dzilberchtein,,46,8.49,10000,10000,false,,,9.99,Core,Core,1,0,,0,72850,852,Source One Financial Services,MI, steve knapp,1,1,MI412,Core
248234,rsimmons,8637.39,180,Decline,"ANCIRA MOTORHOMES, INC - TX523",,TX,BOERNE,2026-08-10,,,2048,RV,Used,509,9.15,0.65,gott,,13,22.99,10000,10000,false,,,23.49,Silver 1,Silver 1,0.57,0,,0,15200,642,Source One Financial Services,TX, joe gonzales,0,0,TX523,Silver
248269,,34840,180,Auto Decline,"Holman Motors, Inc. -OH111",,OH,Batavia,2026-08-10,,,2020,RV,Used,,28.27,12.21,jharrington1,,0,22.99,2500,2500,false,,,23.99,Bronze,Bronze,0,0,,0,0,612,Source One Financial Services,FL,,0,0,OH111,Business First
248305,,49965.24,180,Auto Decline,NewCoast - Boatzon - FL356,Marine Max,FL,Oldsmar,2026-08-10,,,2022,Boat,Used,,31.78,5.36,S1House,,0,22.99,5000,5000,false,,,23.99,Bronze,Bronze,49965.24,0,,0,1,548,Source One Financial Services,FL,,0,0,FL356,Business First
248422,pmeza,43497.86,180,Contract Received,BISHS RV OF LONGVIEW - TX473,Bish's RV,TX,LONGVIEW,2026-08-10,2026-08-12,,2026,RV,New,,43.48,7.27,gott,,2506,7.74,5000,5000,false,,1301,8.74,Core,Not Applicable,1.29,0,,0,33800,752,Connexus Credit Union,TX, david mcclanahan,1,1,TX473,Not Applicable
248334,hhisek,93281.75,180,Conditional Approval,JEFF COUCHS CAMPERS -OH107,Jeff Couchs,OH,Trenton,2026-08-10,2026-08-10,,2027,RV,New,649,44.15,6.57,jharrington1,,38,9.74,12100,12100,false,,,11.24,Core,Core,0.9,0,,0,103763,723,Source One Financial Services,CO, bryon spencer,1,1,OH107,Core
248100,Jhill,123469.36,240,Approved,Fun Town RV - Cleburne -TX108,Fun Town,TX,Cleburne,2026-08-10,2026-08-10,,2026,RV,New,654,20.23,4.33,S1House,,57,7.99,15673,16373,false,,,9.49,Core,Core,1.15,0,,0,107378,787,Source One Financial Services,TX, cody kirkman,1,1,TX108,Core
248294,rsimmons,1810.04,180,Auto Approval,Premier Yamaha Boating Center/Aransas -TX209,,TX,Aransas,2026-08-10,2026-08-11,,2016,Boat,Used,655,32.02,0.19,gott,,1202,11.24,19890,19890,false,,,12.74,Core,Core,0.07,0,,0,25145,694,Source One Financial Services,TX, mauri haygood,1,1,TX209,Core
248385,mlomedico,64800,120,Approved,Intercoastal Financial Group LLC - 17401746,IFG,FL,Vero Beach,2026-08-10,2026-08-10,,2013,Boat,Used,,17.03,6.42,S1House,,40,11.49,20000,20000,false,,,12.74,Core,Core,1,0,,0,64800,703,Source One Financial Services,SC, nadine flynn,1,1,17401746,Core
248066,avera,64252.5,240,Auto Approval,SR1 Companies-Turner-ME108,,ME,Turner,2026-08-10,2026-08-10,,2026,RV,New,753,27.35,2.55,gcoulombe,,22,7.49,3195,3195,false,,,8.99,Core,Core,0.87,0,,0,74002,802,Source One Financial Services,ME, shawn martin,1,1,ME108,Core
248285,sbaker,45327.08,240,Decline,Rex and Sons RVs Inc - NC127,,NC,CASTLE HAYNE,2026-08-10,,,2022,RV,Used,,22.24,12.66,jsmith,,3970,8.49,5000,5000,false,,,9.99,Core,Core,0.96,0,,0,47270,796,Source One Financial Services,NC, jonathan creech,0,0,NC127,Core
248071,,9793.96,120,Auto Decline,General RV - West Chester - PA113,General RV,PA,West Chester,2026-08-10,,,2013,RV,Used,,14.27,2.51,jharrington1,,0,16.74,1000,1000,false,,,17.24,Silver 2,Silver 2,0.98,0,,0,9950,638,Source One Financial Services,DE,,0,0,PA113,Silver
248347,hhisek,46341.32,144,Conditional Approval,Texas Trader RV - TX267,Ron Hoover,TX,La Feria,2026-08-10,2026-08-11,,2026,RV,New,,16.47,5.87,gott,,1224,11.74,10000,10000,false,,,11.74,Silver 1,Not Applicable,1.17,0,,0,39700,674,Connexus Credit Union,TX, trey flores,1,1,TX267,Not Applicable
248072,lgrace,20417.79,180,Conditional Approval,Rock Solid Funding LLC - TX536,RSF,TX,BEDFORD,2026-08-10,2026-08-10,,2015,RV,Used,,40.19,4.96,S1House,,32,11.24,10000,10000,false,,,12.74,Core,Core,0.89,0,,0,22900,696,Source One Financial Services,NC, caleb grassi,1,1,TX536,Core
248175,sdelarosa,53653.24,240,Auto Approval,Campers Inn - Ocala - FL158,Campers Inn,FL,Ocala,2026-08-10,2026-08-10,,2025,RV,New,,41.95,4.75,pcarter,,363,9.49,10000,10000,false,,,10.99,Core,Core,0.8,0,,0,67355,749,Source One Financial Services,FL, scott mckeever,1,1,FL158,Core
248139,,30963.56,180,Auto Decline,"Bill Thomas Camper Sales, Inc -MO105",,MO,Wentzville,2026-08-10,,,2026,RV,New,,71.56,7.95,jweller,,0,13.74,1000,1000,false,,,14.74,Silver 1,Silver 1,0.98,0,,0,31641,657,Source One Financial Services,NE,,0,0,MO105,Silver
248133,hhisek,35026.93,180,Decline,East Coast Campers & More - DE103,,DE,Frankford,2026-08-10,,,2027,RV,New,572,26.17,2.03,gcoulombe,,38,13.74,4000,-1000,false,,,14.74,Silver 1,Silver 1,1.35,0,,0,25923.2,653,Source One Financial Services,MD, terry spencer,0,0,DE103,Silver
248307,eavila,10331.79,84,Decline,Colaw RV Sales -MO110,,MO,Carthage,2026-08-10,,,2019,RV,Used,,8.23,1.5,jweller,,14,11.24,500,500,false,,,12.74,Core,Core,0.81,0,,0,12750,695,Source One Financial Services,MO, hailey coss,0,0,MO110,Core
248222,,24890.4,144,Auto Decline,SKAGGS RV OUTLET - KY113,,KY,ELIZABETHTOWN,2026-08-10,,,2027,RV,New,,53.33,7.43,jharrington1,,0,13.74,1000,1000,false,,,14.74,Silver 1,Silver 1,0.91,0,,0,27306,653,Source One Financial Services,KY,,0,0,KY113,Silver
248092,,39099,180,Auto Decline,Wilder RV -MO108,,MO,Clinton,2026-08-10,,,2024,RV,Used,,42.75,16.79,jweller,,0,22.99,4000,4000,false,,,23.99,Bronze,Bronze,1.16,0,,0,33750,608,Source One Financial Services,MO,,0,0,MO108,Business First
248345,Jhill,133553.54,240,Auto Approval,General RV Center-Brownstown -MI402,General RV,MI,Brownstown,2026-08-10,2026-08-10,,2026,RV,New,769,47.63,11.84,dzilberchtein,,43,7.24,46000,46000,false,,,8.74,Core,Core,1.25,0,,0,106765,810,Source One Financial Services,MI, ej sajous,1,1,MI402,Core
248414,lgrace,34390,180,Auto Approval,O'CONNELL YACHTS-SC129,,SC,Boiling Springs,2026-08-10,2026-08-11,,2020,Boat,Used,,12.93,2.23,jsmith,,1028,8.49,15000,15000,false,,,9.99,Core,Core,0.74,0,,0,46570,789,Source One Financial Services,OH, jodie oconnell,1,1,SC129,Core
248248,sdelarosa,17056.94,144,Decline,NewCoast - Boatzon - FL356,Marine Max,FL,Oldsmar,2026-08-10,,,2012,Boat,Used,,65.53,2.33,S1House,,1149,11.49,1800,1800,false,,,12.99,Core,Core,0.86,0,,0,19876,714,Source One Financial Services,TX, john womble,0,0,FL356,Core
248241,hhisek,64167,240,Decline,NewCoast - Boatzon - FL356,Marine Max,FL,Oldsmar,2026-08-10,,,2024,Boat,Used,,18.64,2.4,S1House,,3073,7.99,6500,6500,false,,,9.49,Core,Core,64167,0,,0,1,796,Source One Financial Services,TX, john womble,0,0,FL356,Core
248360,hhisek,26797.4,180,Decline,"SUN CAMPER LIQUIDATORS, LLC - FL113",,FL,FORT PIERCE,2026-08-10,,,2022,RV,Used,,11.06,7.67,pcarter,,12,9.99,3500,3500,false,,,11.49,Core,Core,0.88,0,,0,30550,745,Source One Financial Services,FL, chad landry,0,0,FL113,Core
248212,mlomedico,99497.54,240,Decline,General RV Center- Draper - UT126,General RV,UT,Draper,2026-08-10,,,2025,RV,Used,,35.77,6.49,ljablonoski,,8,13.74,37000,37000,false,,,14.74,Silver 1,Silver 1,0.61,0,,0,164285,650,Source One Financial Services,UT, weston bird,0,0,UT126,Silver
248216,sflynn,20492,180,Auto Approval,Coachlight RV Sales Inc. -MO106,,MO,Carthage,2026-08-10,2026-08-10,,2022,RV,Used,712,25.36,5.96,jweller,,373,9.99,0,0,false,,,11.49,Core,Core,0.91,0,,0,22450,751,Source One Financial Services,KS, doug lown,1,1,MO106,Core
248143,lgrace,185507.55,180,Auto Approval,Recreation USA LLC - Myrtle Beach - SC134,,SC,Myrtle Beach,2026-08-10,2026-08-13,,2027,RV,New,722,32.56,4.14,jsmith,,4310,9.5,19500,19500,false,,,10,Core,Not Applicable,0.9,0,,0,205879,715,Ideal Credit Union,FL, stan johnson,1,1,SC134,Not Applicable
248292,Jhill,15539,144,Auto Approval,"Holman Motors, Inc. -OH111",,OH,Batavia,2026-08-10,2026-08-10,,2027,RV,New,,16.11,1.58,jharrington1,,2,7.49,5000,5000,false,,,8.99,Core,Core,0.65,0,,0,24050,870,Source One Financial Services,OH,,1,1,OH111,Core
248118,mlomedico,17769.29,144,Auto Approval,Rock Solid Funding LLC - TX536,RSF,TX,BEDFORD,2026-08-10,2026-08-10,,2020,RV,Used,662,36.9,2.16,S1House,,15,13.24,1690,1690,false,,,14.24,Core,Core,0.8,0,,0,22300,699,Source One Financial Services,PA, serena pulliam,1,1,TX536,Core
248161,mlomedico,25809.5,120,Verifications Incomplete,Intercoastal Financial Group LLC - 17401746,IFG,FL,Vero Beach,2026-08-10,2026-08-11,,2014,RV,Used,,20.68,9.68,S1House,,1606,11.74,2500,2500,false,,2521,12.99,Core,Core,1.05,1290.48,5,0,24570,689,Source One Financial Services,TX, stephen jolles,1,1,17401746,Core
248283,hhisek,71689.55,180,Decline,GAUTHIERS RV CENTER INC - LA100,,LA,SCOTT,2026-08-10,,,2025,RV,New,,36.32,16.36,gott,,9,9.49,5000,5000,false,,,10.99,Core,Core,0.91,0,,0,79196,750,Source One Financial Services,LA, patrick sonnier,0,0,LA100,Core
248182,,59214.43,180,Auto Decline,ROTH RV - GRAND RAPIDS - MN164,,MN,GRAND RAPIDS,2026-08-10,,,2027,RV,New,,41.44,14,dzilberchtein,,0,14.99,1000,-36.78,false,,,15.99,Silver 2,Silver 2,1.27,0,,0,46600,632,Source One Financial Services,MN,,0,0,MN164,Silver
248342,mnava,16985.7,120,Decline,COUNCIL CUP TRAILER SALES INC - PA107,,PA,WAPWALLOPEN,2026-08-10,,,2018,RV,Used,616,68.91,2.6,jharrington1,,24,10.74,1000,1000,false,,,12.24,Core,Core,1.11,0,,0,15250,734,Source One Financial Services,PA, brian lawall,0,0,PA107,Core
248206,avera,61192.29,204,Conditional Approval,Superior Boat Repair & Sales-ECA106,EPIC,CA,Rancho Cordova,2026-08-10,2026-08-11,,2018,Boat,Used,,39.81,7.49,S1House,,1641,13.74,40000,40000,false,,,14.74,Silver 1,Silver 1,0.71,0,,0,86725,668,Source One Financial Services,CA, sierra whitmire,1,1,ECA106,Silver
248194,jharrington1,11464.9,144,Auto Approval,BUDS RV WORLD - KY101,,KY,Madisonville,2026-08-10,2026-08-10,,2022,RV,Used,700,46.49,1.7,jharrington1,,33,10.24,1200,1200,false,,,11.74,Core,Core,0.65,0,,0,17550,736,Source One Financial Services,KY, tom kimmel,1,1,KY101,Core
248221,sflynn,51747.21,180,Auto Approval,OCEAN MARINE GROUP - DAPHNE - AL120,,AL,DAPHNE,2026-08-10,2026-08-10,,2024,Boat,New,,1.34,1.05,jsmith,,28,7.49,0,0,false,,,8.99,Core,Core,1.04,0,,0,49706,839,Source One Financial Services,GA, roger harrison,1,1,AL120,Core
248148,,65460,180,Auto Decline,BOBBY COMBS RV LLC - AZ338,,AZ,YUMA,2026-08-10,,,2025,RV,New,,61.23,10.11,edominguez,,0,13.74,1000,1000,false,,,14.74,Silver 1,Silver 1,0.8,0,,0,81898,648,Source One Financial Services,UT,,0,0,AZ338,Silver
248231,hhisek,63629.52,240,Pending,Optimum RV - La Feria - TX512,Optimum RV,TX,La Ferua,2026-08-10,,,2026,RV,New,697,26.97,6.03,gott,,18,12.49,3000,3000,false,,,13.49,Silver 1,Silver 1,1.02,0,,0,62165,666,Source One Financial Services,TX, juan vasquez,0,0,TX512,Silver
248099,rsimmons,33008.42,180,Approved,BAILEY TOLIVER RV - VICTORIA - TX472,,TX,VICTORIA,2026-08-10,2026-08-10,,2021,RV,Used,676,41.39,2.77,gott,,8,9.99,0,0,false,,,11.49,Core,Core,1.07,0,,0,30850,747,Source One Financial Services,TX, jake boots,1,1,TX472,Core
248323,Jhill,110386.4,240,Auto Approval,General RV - Fort Myers - FL240,General RV,FL,Fort Myers,2026-08-10,2026-08-11,,2026,RV,New,,33.01,3.98,wstoutimore,,1514,7.49,5000,5000,false,,,8.99,Core,Core,1.04,0,,0,106340,831,Source One Financial Services,FL, dustin knaggs,1,1,FL240,Core
248123,sbaker,38648,180,Decline,Budget RVs of Texas -TX109,,TX,Royse City,2026-08-10,,,2020,RV,Used,,47.46,1.6,gott,,112,10.49,8600,8600,false,,,11.99,Core,Not Applicable,0.91,0,,0,42550,704,Ideal Credit Union,MN, benny nordin,0,0,TX109,Not Applicable
248255,,40543.53,180,Auto Decline,Colaw RV Sales -MO110,,MO,Carthage,2026-08-10,,,2023,RV,Used,571,23.23,4.97,jweller,,0,22.99,0,0,false,,,23.99,Bronze,Bronze,0.91,0,,0,44600,606,Source One Financial Services,MO,,0,0,MO110,Business First
248240,hhisek,47375.67,204,Conditional Approval,Blue Compass RV - Katy - TX571,Blue Compass,TX,Katy,2026-08-10,2026-08-10,,2026,RV,New,,26.32,4.43,gott,,11,9.99,5000,5000,false,,,11.49,Core,Core,1.25,0,,0,37770,707,Source One Financial Services,TX, jakob cunningham,1,1,TX571,Core
248363,hhisek,49032.97,240,Approved,CAMPERS INN RV OF ACWORTH - GA123,Campers Inn,GA,ACWORTH,2026-08-10,2026-08-10,,2027,RV,New,,18.04,7.24,jsmith,,16,7.99,3000,5462.27,false,,,9.49,Core,Core,1.3,0,,0,37725.87,783,Source One Financial Services,GA, steven goins,1,1,GA123,Core
248279,jrubi,23195,204,Auto Approval,BEAUMONT RV - SCA108,,CA,BEAUMONT,2026-08-10,2026-08-11,,2027,RV,New,641,41.01,2.6,jrubi,,1320,9.99,2300,2300,false,,,11.49,Core,Core,0.9,0,,0,25742,700,Source One Financial Services,CA,,1,1,SCA108,Core
248333,mlomedico,24478,144,Auto Approval,Intercoastal Financial Group LLC - 17401746,IFG,FL,Vero Beach,2026-08-10,2026-08-10,,2019,RV,Used,,35.38,3.32,S1House,,43,13.74,2400,2400,false,,,14.74,Silver 1,Silver 1,1.01,0,,0,24200,667,Source One Financial Services,IN, stephen jolles,1,1,17401746,Silver
248251,sbaker,13191.89,120,Decline,PPL MOTORHOMES - NEW BRAUNFELS - TX441,,TX,NEW BRAUNFELS,2026-08-10,,,2022,RV,Used,,32.19,2.18,gott,,6,14.49,1300,1300,false,,,15.49,Silver 1,Silver 1,0.71,0,,0,18650,648,Source One Financial Services,TX, emily tompkins,0,0,TX441,Silver
248218,edominguez,36330.39,180,Auto Approval,"Destination RV, LLC - AZ309",,AZ,Phoenix,2026-08-10,2026-08-10,,2026,RV,New,692,33.26,5.3,edominguez,,204,7.99,3355,3355,false,,,9.49,Core,Core,1.2,0,,0,30347,787,Source One Financial Services,AZ, chris coates,1,1,AZ309,Core
248199,sbaker,35368.18,180,Booked,Marina Mikes - FL147,OneWater ,FL,Fort Myers,2026-08-10,2026-08-11,2026-08-12,2012,Boat,Used,,36.18,5.56,wstoutimore,3033,1859,11.49,3500,3500,false,1173,1,12.99,Core,Core,0.93,2122.09,6,0,38100,714,Source One Financial Services,FL, matt mancano,1,0,FL147,Core
248106,avera,40536.47,180,Approved,Uwharrie RV  (740 Motors) - NC125,,NC,Albemarle,2026-08-10,2026-08-10,,2026,RV,New,780,47.99,4.17,jsmith,,113,7.49,0,0,false,,,8.74,Core,Not Applicable,1.03,0,,0,39523,764,Connexus Credit Union,NC, brian bailey,1,1,NC125,Not Applicable
248364,rsimmons,57115,240,Decline,Campers Inn Inc - NH101,Campers Inn,NH,Merrimack,2026-08-10,,,2016,RV,Used,,14.2,7.45,gcoulombe,,16,13.74,7500,7500,false,,,14.74,Silver 1,Silver 1,0.75,0,,0,76350,677,Source One Financial Services,NH, nick simmons,0,0,NH101,Silver
248193,jharrington1,18442.45,168,Auto Approval,The Outpost RV Inc -IN144,,IN,Middlebury,2026-08-10,2026-08-10,,2025,RV,New,,21.48,2.33,jharrington1,,25,7.49,1000,1000,false,,,8.99,Core,Core,1.15,0,,0,15995,868,Source One Financial Services,IA,,1,1,IN144,Core
248362,jharrington1,25031.33,180,Conditional Approval,Buckeye RV LLC -OH225,,OH,Jefferson,2026-08-10,2026-08-10,,2026,RV,New,,35.07,2.38,jharrington1,,31,10.24,27000,27000,false,,,11.74,Core,Core,0.51,0,,0,49171,684,Source One Financial Services,OH, ryan zimbric,1,1,OH225,Core
248254,lgrace,76526.05,240,Auto Approval,HAPPY CAMPERS RV SALES and SERVICE - IN182,,IN,LAFAYETTE,2026-08-10,2026-08-12,,2023,RV,Used,,44.28,11.8,jharrington1,,2898,7.74,0,0,false,,,9.24,Core,Core,1.11,0,,0,69250,853,Source One Financial Services,DE, robert bruck,1,1,IN182,Core
248091,Jhill,49602.56,180,Decline,Ron Hoover - Georgetown - TX497,Ron Hoover,TX,Georgetown,2026-08-10,,,2027,RV,New,,23.11,4.78,gott,,1429,9.74,5000,5000,false,,,11.24,Core,Core,1.1,0,,0,45139,736,Source One Financial Services,IA, edgar duran,0,0,TX497,Core
248420,mnava,45739.24,180,Decline,St Louis RV - MO155,,MO,O'Fallon,2026-08-10,,,2014,RV,Used,,20.29,6.89,jweller,,10,11.24,5000,5000,false,,,12.74,Core,Core,1.19,0,,0,38502,733,Source One Financial Services,MO, jason miller,0,0,MO155,Core
248301,avera,15916.05,144,Decline,WALNUT RIDGE FAMILY RV SALES- Memphis-IN207,,IN,MEMPHIS,2026-08-10,,,2022,RV,Used,640,37.77,2.08,jharrington1,,7,14.49,5500,5500,false,,,15.49,Silver 1,Silver 1,0.8,0,,0,20000,645,Source One Financial Services,IN, curt riedling,0,0,IN207,Silver
248213,mlomedico,31499.99,180,Auto Approval,ANGLERS MARINE - SCA119,,CA,ANAHEIM,2026-08-10,2026-08-10,,2023,Boat,Used,,15.01,1.18,jrubi,,27,10.74,3500,3500,false,,,12.24,Core,Core,0.97,0,,0,32540,693,Source One Financial Services,CA, mark hamann,1,1,SCA119,Core
248080,jharrington1,24799.7,180,Decline,PKB RVs- WV108,Canopy Financial,WV,Parkersburg,2026-08-10,2026-08-10,,2023,RV,Used,660,56.16,3.1,jharrington1,,94,10.49,3000,3000,false,,,11.99,Core,Core,0.84,0,,0,29700,717,Source One Financial Services,WV, matt kurtz,0,0,WV108,Core
248081,sbaker,43322.79,180,Conditional Approval,Rock Solid Funding LLC - TX536,RSF,TX,BEDFORD,2026-08-10,2026-08-10,,2026,Boat,New,,35.87,5.08,S1House,,26,7.99,1200,1200,false,,,9.49,Core,Core,1.3,0,,0,33333,799,Source One Financial Services,OK, serena pulliam,1,1,TX536,Core
248400,mlomedico,82015.75,240,Decline,CAMPERS RV CENTER - LA103,,LA,SHREVEPORT,2026-08-10,,,2019,RV,Used,656,26.27,4.38,gott,,14,14.99,10000,10000,false,,,15.99,Silver 1,Silver 1,1.01,0,,0,81050,644,Source One Financial Services,LA, dustin pinkston,0,0,LA103,Silver
248208,rsimmons,22195.35,180,Auto Approval,General RV Center-Brownstown -MI402,General RV,MI,Brownstown,2026-08-10,2026-08-10,,2021,RV,Used,,27.52,3.52,dzilberchtein,,180,10.24,2500,3500,false,,,11.74,Core,Core,1.23,0,,0,18050,732,Source One Financial Services,IN, tim mccorkle,1,1,MI402,Core
248272,sbaker,21741.12,180,Auto Approval,MOUNTAINEER RV and OUTDOOR CENTER - WV102,,WV,JANE LEW,2026-08-10,2026-08-10,,2022,RV,Used,,17.98,3.08,jharrington1,,17,10.49,2200,2200,false,,,11.99,Core,Core,0.89,0,,0,24550,710,Source One Financial Services,WV, nicole mccluskey,1,1,WV102,Core
248341,,21387.18,180,Auto Decline,Campers Inn RV of Ramsey - MN840,Campers Inn,MN,Ramsey,2026-08-10,,,2025,RV,New,627,34.98,2.3,dzilberchtein,,0,13.74,3500,3500,false,,,14.74,Silver 1,Silver 1,0.88,0,,0,24199,652,Source One Financial Services,NE,,0,0,MN840,Silver
248338,,34270.31,180,Auto Decline,Campers Unlimited - Oxford - AL155,,AL,Oxford,2026-08-10,,,2027,RV,New,673,27.48,2.5,jsmith,,0,14.99,3700,3700,false,,,15.99,Silver 2,Silver 2,0.92,0,,0,37139,635,Source One Financial Services,AL,,0,0,AL155,Silver
248179,thovey,49966.93,180,Conditional Approval,D and H RV CENTER - NC117,,NC,APEX,2026-08-10,2026-08-10,,2026,RV,New,,18.28,2.96,jsmith,,145,7.24,20000,20000,false,,,8.49,Core,Not Applicable,0.84,0,,0,59341,786,Connexus Credit Union,VA, evan chick,1,1,NC117,Not Applicable
248083,rsimmons,60289.02,240,Auto Approval,FUN TOWN RV CONROE -TX400,Fun Town,TX,CONROE,2026-08-10,2026-08-10,,2026,RV,New,,41.67,4.67,gott,,385,10.24,6000,6000,false,,,11.74,Core,Core,0.77,0,,0,78436,682,Source One Financial Services,TX, michal procek,1,1,TX400,Core
248110,mlomedico,57200,240,Booked,Ice Forts -MN5010,,MN,Brainerd,2026-08-10,2026-08-12,2026-08-13,2026,RV,New,,21.75,6.01,dzilberchtein,4568,3147,9.99,2800,2800,false,1374,47,10.24,Core,Core,0.87,572,1,0,65400,708,Source One Financial Services,MN,,1,0,MN5010,Core
248074,lgrace,15519.56,144,Conditional Approval,Keystone RV Center  - PA110,Pete's RV,PA,Greencastle,2026-08-10,2026-08-10,,2020,RV,Used,,36.64,1.59,jharrington1,,7,7.99,4500,4500,false,,,9.49,Core,Core,1.22,0,,0,12700,868,Source One Financial Services,WV, jen habina,1,1,PA110,Core
248337,Jhill,29665.66,180,Auto Approval,Holiday World of Houston -TX195,,TX,Katy,2026-08-10,2026-08-13,,2026,RV,New,,20.8,3.87,gott,,4257,10.99,1500,1500,false,,,12.49,Core,Core,0.98,0,,0,30208,719,Source One Financial Services,TX, donny gutierrez,1,1,TX195,Core
248306,,127196.28,240,Auto Decline,General RV - Elizabethtown - PA112,General RV,PA,Elizabethtown,2026-08-10,,,2027,RV,New,,37.76,11.22,jharrington1,,0,14.99,13000,13000,false,,,15.99,Silver 2,Silver 2,1,0,,0,126744,632,Source One Financial Services,RI,,0,0,PA112,Silver
248174,hhisek,49488.2,120,Booked,Fun Town RV Amarillo - TX508,Fun Town,TX,Amarillo,2026-08-10,2026-08-11,2026-08-12,2026,RV,New,,13.29,4.21,gott,3101,1803,9.99,3000,3000,false,217,1081,10.99,Core,Core,1.05,1979.53,4,0,47160,717,Source One Financial Services,FL, eric adams,1,0,TX508,Core
248355,thovey,40021.21,180,Booked,Boat Doctor Marine -MN5004,,MN,Montgomery,2026-08-10,2026-08-12,2026-08-12,2027,Boat,New,,0.12,0.01,dzilberchtein,2956,2943,8.74,2000,32000,false,12,1,7.39,Core,Core,0.7,400.21,1,0,56826,780,Source One Financial Services,WI,,1,0,MN5004,Core
248088,Jhill,16845.44,144,Approved,Uwharrie RV  (740 Motors) - NC125,,NC,Albemarle,2026-08-10,2026-08-10,,2024,RV,New,814,33.41,1.98,jsmith,,9,7.49,0,0,false,,,8.99,Core,Core,0.86,0,,0,19545,841,Source One Financial Services,NC, brian bailey,1,1,NC125,Core
248147,,18712.19,180,Auto Decline,Georgia Campers - GA145,,GA,Newman,2026-08-10,,,2027,RV,New,,65.22,3.81,jsmith,,0,12.49,2500,2500,false,,,13.49,Silver 1,Silver 1,0.85,0,,0,22137,674,Source One Financial Services,GA,,0,0,GA145,Silver
248096,,18084.85,144,Auto Decline,RV Value Mart-Bethlehem-PA125,,PA,Bath,2026-08-10,,,2021,RV,Used,,65.5,4.89,jharrington1,,0,22.99,1500,1500,false,,,23.99,Bronze,Bronze,1.41,0,,0,12800,610,Source One Financial Services,NJ,,0,0,PA125,Business First
248094,avera,24762.79,180,Conditional Approval,Rock Solid Funding LLC - TX536,RSF,TX,BEDFORD,2026-08-10,2026-08-10,,2019,RV,Used,,30.57,2.73,S1House,,116,13.74,2400,2400,false,,,14.74,Silver 1,Silver 1,1.02,0,,0,24200,667,Source One Financial Services,IN, ashley rogers,1,1,TX536,Silver
248225,,25419.95,180,Auto Decline,American Truck and RV -TX337,,TX,SAN ANGELO,2026-08-10,,,2025,RV,Used,,18.91,4.51,gott,,0,14.99,10000,10000,false,,,15.99,Silver 2,Silver 2,0.76,0,,0,33500,637,Source One Financial Services,TX,,0,0,TX337,Silver
248119,avera,53591.02,204,Auto Approval,Blue Compass - Fort Myers - FL300,Blue Compass,FL,Fort Myers,2026-08-10,2026-08-13,,2026,RV,New,736,6.8,2.72,wstoutimore,,4394,8.74,9800,9800,false,,,10.24,Core,Core,0.89,0,,0,60125,761,Source One Financial Services,FL, cory grambart,1,1,FL300,Core
248265,lgrace,61775.45,204,Conditional Approval,Campers Inn Louisville -IN138,Campers Inn,IN,Clarksville,2026-08-10,2026-08-10,,2026,RV,New,,17.55,3.58,jharrington1,,28,10.24,6400,6400,false,,,11.74,Core,Core,0.93,0,,0,66500,688,Source One Financial Services,IN, mark unger,1,1,IN138,Core
248198,sbaker,45452.53,180,Auto Approval,A and L RV SALES LLC - TN129,,TN,JACKSON,2026-08-10,2026-08-10,,2027,RV,New,,31.23,12.01,jsmith,,16,10.24,4545,4545,false,,,11.74,Core,Core,1.02,0,,0,44588,681,Source One Financial Services,TN, jon mayberry,1,1,TN129,Core
248082,lgrace,34246.23,180,Decline,Lightnin RV Rental and Sales - GA149,,GA,Lawrenceville,2026-08-10,,,2026,RV,New,757,53.02,2.25,jsmith,,14,8.74,0,0,false,,,10.24,Core,Core,0.89,0,,0,38465,771,Source One Financial Services,GA, cody pruitt,0,0,GA149,Core
248227,thovey,48491.4,240,Auto Approval,Blue Compass RV - Avondale - AZ360,Blue Compass,AZ,Avondale,2026-08-10,2026-08-10,,2026,RV,New,,22.23,3.69,edominguez,,35,8.24,2000,2000,false,,,9.74,Core,Core,1.08,0,,0,44900,762,Source One Financial Services,AZ, marshall adams,1,1,AZ360,Core
248356,eavila,76043,240,Auto Approval,Lake Region RV -ND103,,ND,Devels Lake,2026-08-10,2026-08-11,,2027,RV,New,866,49.24,4.9,dzilberchtein,,1510,8.24,6200,16700,false,,,8.99,Core,Core,1.29,0,,0,58730,875,Source One Financial Services,ND,,1,1,ND103,Core
248142,hhisek,26862.62,204,Decline,BLUE COMPASS RV - FT WORTH - TX420,Blue Compass,TX,Fort Worth,2026-08-10,,,2024,RV,Used,,4.12,2.8,gott,,55,8.74,0,0,false,,,10.24,Core,Not Applicable,0.92,0,,0,29200,763,Connexus Credit Union,TX, rj norman,0,0,TX420,Not Applicable
248291,Jhill,133032.23,240,Decline,Blue Compass RV - Chattanooga - GA156,Blue Compass,GA,Ringgold,2026-08-10,,,2026,RV,New,,10,8.61,jsmith,,7,9.49,10000,25000,false,,,10.99,Core,Core,1.19,0,,0,112194,748,Source One Financial Services,TN, david wallace,0,0,GA156,Core
248167,jharrington1,17949.59,180,Approved,Barton Lake RV Sales -IN104,,IN,Fremont,2026-08-10,2026-08-10,,2025,RV,Used,,36.46,4.71,jharrington1,,35,8.74,0,6000,false,,,10.24,Core,Core,0.52,0,,0,34800,762,Source One Financial Services,OH, shane housholder,1,1,IN104,Core
248117,mlomedico,28439,180,Auto Approval,Worldwide RV -AZ217,,AZ,MESA,2026-08-10,2026-08-13,,2027,RV,New,,30.96,9.01,edominguez,,4396,9.49,500,5000,false,,,10.99,Core,Core,1.06,0,,0,26879,745,Source One Financial Services,AZ, steve skadra,1,1,AZ217,Core
248224,rsimmons,39611.66,180,Approved,Budget RVs of Texas -TX109,,TX,Royse City,2026-08-10,2026-08-10,,2015,RV,Used,660,23.8,3.16,gott,,15,14.99,10000,10000,false,,,15.99,Silver 1,Core,1.08,0,,0,36512,701,Source One Financial Services,OK, benny nordin,1,1,TX109,Silver
248374,Jhill,20123.12,180,Auto Approval,Blue Compass - Mobile - AL170,Blue Compass,AL,Theodore,2026-08-10,2026-08-11,,2026,RV,New,,33.82,3.93,jsmith,,1194,9.99,0,0,false,,,11.49,Core,Core,1.05,0,,0,19233,710,Source One Financial Services,GA, dylan howard,1,1,AL170,Core
248138,jharrington1,35021.97,180,Decline,RV Value Mart-Bethlehem-PA125,,PA,Bath,2026-08-10,,,2026,RV,New,569,44.99,2.57,jharrington1,,30,12.49,2500,2500,false,,,13.49,Silver 1,Silver 1,0.82,0,,0,42823,666,Source One Financial Services,PA, marty dieppa,0,0,PA125,Silver
248300,rsimmons,43396.87,204,Auto Approval,RV Station LTD - Nacogdoches -TX367,,TX,NACOGDOCHES,2026-08-10,2026-08-10,,2026,RV,New,,30.75,1.28,gott,,32,9.99,0,6000,false,,,11.49,Core,Core,0.89,0,,0,48753,714,Source One Financial Services,TX, ryan reynolds,1,1,TX367,Core
248130,Jhill,54272,180,Auto Decline,Clearwater Marine - FL227,OneWater ,FL,Clearwater,2026-08-10,,,2004,Boat,Used,,24.67,9.99,wstoutimore,,91,22.99,10000,10000,false,,,23.99,Core,Core,1.12,0,,0,48565,747,Source One Financial Services,FL, jared gooch,0,0,FL227,Core
248170,pmeza,32756.54,180,Auto Decline,Fun Town RV - Las Vegas - NV116,Fun Town,NV,Las Vegas,2026-08-10,,,2017,RV,Used,,45.48,4.6,ljablonoski,,123,13.74,4000,4000,false,,,14.74,Silver 1,Silver 1,0.72,0,,0,45350,645,Source One Financial Services,NV, julie ronquillo,0,0,NV116,Silver
248370,hhisek,34405.42,180,Auto Approval,TEX Star RV- TX535,,TX,Azle,2026-08-10,2026-08-12,,2020,RV,Used,,6.14,4.42,gott,,2916,7.74,3500,3500,false,,,8.99,Core,Not Applicable,0.59,0,,0,58800,775,Connexus Credit Union,TX,,1,1,TX535,Not Applicable
248318,eavila,9120,60,Decline,Colmans Country Campers - IL155,,IL,Hartford,2026-08-10,,,2026,RV,New,,59.88,3.6,gcoulombe,,7,8.24,0,0,false,,,8.74,Core,Core,1.27,0,,0,7209,807,Source One Financial Services,MO, david sanders,0,0,IL155,Core
248076,hhisek,57024,180,Approved,Fun Town RV - Little Rock - AR126,Fun Town,AR,Bryant,2026-08-10,2026-08-10,,2026,RV,New,664,27.83,7.92,jweller,,38,9.74,6000,6000,false,,,11.24,Core,Core,0.9,0,,0,63361,739,Source One Financial Services,AR, wade meeks,1,1,AR126,Core
248202,mlomedico,259905.8,240,Decline,Airstream of Minnesota - MN841,Campers Inn,MN,Ransey,2026-08-10,,,2027,RV,New,,10.04,9.55,dzilberchtein,,6,7.74,35000,35000,false,,,9.24,Core,Core,1.06,0,,0,246115,799,Source One Financial Services,MN, mike mckelvy,0,0,MN841,Core
248238,avera,48016,240,Auto Approval,Foothills Marine of Lake Norman- NC144,,NC,Mooresville,2026-08-10,2026-08-10,,2023,Boat,Used,687,26.49,4.89,jsmith,,195,10.24,0,13000,false,,,11.74,Core,Core,0.7,0,,0,68615,723,Source One Financial Services,SC, james siems,1,1,NC144,Core
248121,mlomedico,50391,180,Decline,"Vantage Recreational Finance, Inc. -FL291",VRF,FL,FORT LAUDERDALE,2026-08-10,,,2019,RV,Used,,37.66,7.91,S1House,,12,14.99,2500,2500,false,,,15.99,Silver 1,Silver 1,0.88,0,,0,57500,652,Source One Financial Services,NC, kaye cryer,0,0,FL291,Silver
248250,mnava,18764,144,Decline,"Vantage Recreational Finance, Inc. -FL291",VRF,FL,FORT LAUDERDALE,2026-08-10,,,2022,RV,Used,,19.08,3.05,S1House,,30,13.24,4000,4000,false,,,14.24,Silver 1,Silver 1,0.74,0,,0,25200,667,Source One Financial Services,WY, sean mccomas,0,0,FL291,Silver
248229,sdelarosa,242202.95,240,Decline,North Trail RV Center - FL347,,FL,Ft. Myers,2026-08-10,,,2026,RV,New,,43.31,12.64,wstoutimore,,1428,13.74,5000,30000,false,,,14.74,Silver 1,Silver 1,0.98,0,,0,247846,653,Source One Financial Services,FL, michael engh,0,0,FL347,Silver
248361,mlomedico,26864,180,Auto Approval,Doss Marine - ESC103,EPIC,SC,Chapin,2026-08-10,2026-08-10,,2024,Boat,Used,684,30.61,3.93,S1House,,35,9.49,1000,1000,false,,,10.99,Core,Core,0.88,0,,0,30650,742,Source One Financial Services,SC, brett light,1,1,ESC103,Core
248419,eavila,149736.88,240,Decline,Freedom RV-AZ252,,AZ,Tucson,2026-08-10,2026-08-11,,2020,RV,Used,,61.83,17.77,edominguez,,3816,8.24,24000,34000,false,,,9.24,Core,Not Applicable,0.98,0,,0,152150,762,Connexus Credit Union,AZ, keith hausmann,0,0,AZ252,Not Applicable
248383,sbaker,18599.63,144,Decline,"Colonia Del Rey RV Sales, LLC -TX294",,TX,Corpus Christi,2026-08-10,,,2026,RV,New,675,53.96,3.44,gott,,12,12.24,2500,2500,false,,,13.74,Core,Core,0.72,0,,0,25930,680,Source One Financial Services,TX, jesse nuncio,0,0,TX294,Core
248325,pmeza,58849,240,Auto Approval,COASTAL RV - VA102,,VA,CARROLLTON,2026-08-10,2026-08-10,,2026,RV,New,820,32.62,3.05,jsmith,,29,7.49,1480.73,4680.73,false,,,9.24,Core,Core,1.3,0,,0,45269,848,Source One Financial Services,VA, ron beagle,1,1,VA102,Core
248168,jharrington1,37594,180,Decline,"Zoomers RV of Indiana, LLC -IN168",,IN,WABASH,2026-08-10,,,2017,RV,Used,,35.21,6.89,jharrington1,,33,11.24,10000,10000,false,,,12.74,Core,Core,0.85,0,,0,44000,693,Source One Financial Services,MI, jennifer fuhrman,0,0,IN168,Core
248270,hhisek,23775.62,180,Decline,Rock Solid Funding LLC - TX536,RSF,TX,BEDFORD,2026-08-10,,,2026,RV,New,,30.31,2.93,S1House,,28,12.49,2300,2300,false,,,13.49,Silver 1,Silver 1,1.24,0,,0,19165,662,Source One Financial Services,OK, serena pulliam,0,0,TX536,Silver
248243,thovey,53769,240,Auto Approval,Midwest RV Center -MO114,,MO,St Louis,2026-08-10,2026-08-10,,2026,RV,New,,40.75,5.31,jweller,,41,9.49,2700,2700,false,,,11.24,Core,Core,0.95,0,,0,56376,705,Source One Financial Services,MO, randy starkey,1,1,MO114,Core
248271,hhisek,38741,144,Auto Decline,JOHNNY'S RV SUPERSTORE LLC - AL124,,AL,THEODORE,2026-08-10,,,2025,RV,Used,,46.14,16.69,jsmith,,4,13.74,4000,4000,false,,,14.74,Silver 1,Silver 1,0.76,0,,0,50950,651,Source One Financial Services,AL,,0,0,AL124,Silver
248068,sdelarosa,16605.65,144,Conditional Approval,BLUE COMPASS RV INDIANAPOLIS-IN206,Blue Compass,IN,INDIANAPOLIS,2026-08-10,2026-08-10,,2018,RV,Used,,14.39,3.74,jharrington1,,24,10.99,1000,1000,false,,,12.49,Core,Core,1.21,0,,0,13700,712,Source One Financial Services,IN, ron hamilton,1,1,IN206,Core
248097,thovey,44297,240,Auto Approval,Bourbon RV - MO167,,MO,Bourbon,2026-08-10,2026-08-10,,2025,RV,Used,802,42.05,3.49,jweller,,15,7.24,1000,1000,false,,,8.74,Core,Core,0.88,0,,0,50400,821,Source One Financial Services,MO, devian williams,1,1,MO167,Core
248173,hhisek,22487.51,120,Approved,Fun Town RV - Kansas City - MO231,Fun Town,MO,Buckner,2026-08-10,2026-08-10,,2026,RV,New,,12.67,4.67,jweller,,94,12.49,7500,7500,false,,,12.49,Silver 1,Not Applicable,0.78,0,,0,29009,657,Connexus Credit Union,OK, dagan mcintire,1,1,MO231,Not Applicable
248349,eavila,30445,180,Approved,Blue Compass RV - Spartanburg - SC144,Blue Compass,SC,Duncan,2026-08-10,2026-08-10,,2026,RV,New,695,42.85,3.2,jsmith,,22,9.74,1000,1000,false,,,11.24,Core,Core,0.85,0,,0,35829,732,Source One Financial Services,SC, john balma,1,1,SC144,Core
248132,mnava,77286.46,240,Decline,GIANT RECREATION WORLD PALM BAY - FL175,,FL,Palm Bay,2026-08-10,2026-08-13,,2025,RV,New,703,39.76,12.08,pcarter,,4512,8.99,2000,12181.44,false,,,10.49,Core,Core,1.15,0,,0,66963,758,Source One Financial Services,FL, javitz roebuck,0,0,FL175,Core
248191,hhisek,70632.1,240,Decline,Fun Town RV Amarillo - TX508,Fun Town,TX,Amarillo,2026-08-10,,,2026,RV,New,638,22.88,3.26,gott,,10,9.74,7000,8000,false,,,11.24,Core,Core,0.81,0,,0,86977,735,Source One Financial Services,MT, eric adams,0,0,TX508,Core
248264,mnava,72919.29,180,Decline,Rock Solid Funding LLC - TX536,RSF,TX,BEDFORD,2026-08-10,2026-08-10,,2025,RV,Used,,14.03,7.46,S1House,,3007,7.49,7300,7300,false,,,8.24,Core,Not Applicable,0.78,0,,0,93350,742,Connexus Credit Union,NC, alicia mondragon,0,0,TX536,Not Applicable
248290,sbaker,32637,180,Auto Approval,NewCoast - Boatzon - FL356,Marine Max,FL,Oldsmar,2026-08-10,2026-08-10,,2019,Boat,Used,,3.92,3.46,S1House,,31,8.49,3300,3300,false,,,9.99,Core,Core,1.48,0,,0,22000,838,Source One Financial Services,GA, christopher rogers,1,1,FL356,Core
248266,eavila,15234.98,120,Booked,"Vantage Recreational Finance, Inc. -FL291",VRF,FL,FORT LAUDERDALE,2026-08-10,2026-08-12,2026-08-12,2026,Boat,New,,29.76,4.58,S1House,2990,2805,10.99,2000,2000,false,159,26,12.49,Core,Core,1.24,914.1,6,0,12255,681,Source One Financial Services,LA, trenton cott,1,0,FL291,Core
248219,rsimmons,15475.91,180,Auto Approval,Premier Yamaha Boating Center/Aransas -TX209,,TX,Aransas,2026-08-10,2026-08-11,,2013,Boat,Used,,20.25,2,gott,,1329,11.24,27000,27000,false,,,12.74,Core,Core,0.4,0,,0,38220,732,Source One Financial Services,CA, charles ferguson,1,1,TX209,Core
248384,mlomedico,19503.66,144,Auto Approval,Blue Compass RV - St. Louis - MO230,Blue Compass,MO,Eureka,2026-08-10,2026-08-11,,2021,RV,Used,721,13.21,2.35,jweller,,1560,10.24,3000,3000,false,,,11.74,Core,Core,0.9,0,,0,21700,723,Source One Financial Services,MO, alex kennard,1,1,MO230,Core
248375,,15888.91,144,Auto Decline,American Truck and RV -TX337,,TX,SAN ANGELO,2026-08-10,,,2020,RV,Used,652,26.35,6.23,gott,,0,22.99,2500,2500,false,,,23.99,Bronze,Bronze,1.01,0,,0,15675,612,Source One Financial Services,TX,,0,0,TX337,Business First
248159,,46246.77,180,Auto Decline,Fun Town RV-Waller -TX539,Fun Town,TX,Waller,2026-08-10,,,2026,RV,New,613,35.99,4.32,gott,,0,14.99,50000,50000,false,,,15.99,Silver 2,Silver 2,0.6,0,,0,76922,637,Source One Financial Services,TX,,0,0,TX539,Silver
248230,eavila,32872.02,240,Conditional Approval,Blue Compass RV - Albuquerque - NM112,Blue Compass,NM,Albuquerque,2026-08-10,2026-08-10,,2026,RV,New,,29.66,4.73,edominguez,,29,9.49,1600,1600,false,,,10.99,Core,Core,1.15,0,,0,28505,708,Source One Financial Services,NM, scott rodriguez,1,1,NM112,Core
248373,sbaker,85233.21,240,Auto Approval,Williamson RV LLC-IN209,,IN,Seymour,2026-08-10,2026-08-10,,2027,RV,New,874,14.59,5.04,jharrington1,,10,7.24,10000,10000,false,,,8.74,Core,Core,0.99,0,,0,86065,868,Source One Financial Services,IN, jerry hale,1,1,IN209,Core
248073,,17291,144,Auto Decline,JOHNNY'S RV SUPERSTORE LLC - AL124,,AL,THEODORE,2026-08-10,,,2020,RV,Used,,27.15,7.5,jsmith,,0,15.74,4500,4500,false,,,16.74,Silver 2,Silver 2,0,0,,0,0,625,Source One Financial Services,AL,,0,0,AL124,Silver
248108,rsimmons,68100.32,204,Conditional Approval,RV Station- Cleveland -TX312,,TX,Cleveland,2026-08-10,2026-08-10,,2025,RV,New,695,42.13,7.98,gott,,35,10.24,10000,20500,false,,,11.74,Core,Core,0.87,0,,0,78347,719,Source One Financial Services,TX, david grossman,1,1,TX312,Core
248153,eavila,51726.39,180,Auto Approval,Willis and Co RV - TX566,Easy Care,TX,Granbury,2026-08-10,2026-08-10,,2027,RV,New,,46.81,5.91,gott,,169,7.99,0,0,false,,,9.49,Core,Core,1.19,0,,0,43492,797,Source One Financial Services,GA, jim lakes,1,1,TX566,Core
248093,Jhill,35911.84,180,Auto Approval,Blue Compass RV - North Myrtle Beach - SC137,Blue Compass,SC,North Myrtle Beach,2026-08-10,2026-08-10,,2027,RV,New,,23.53,3.99,jsmith,,14,7.49,5000,730.61,false,,,8.99,Core,Core,1.22,0,,0,29499,825,Source One Financial Services,NC, adam dix,1,1,SC137,Core
248085,lgrace,194604.37,240,Auto Approval,MIDWEST MARINE BOAT CO - EMO113,EPIC,MO,Grandview,2026-08-10,2026-08-13,,2027,Boat,New,665,24.88,5.25,S1House,,4528,8.24,15000,26500,false,,,8.99,Core,Core,1.22,0,,0,159100,774,Source One Financial Services,KS, mia williams,1,1,EMO113,Core
248331,eavila,48476.75,180,Decline,"Vantage Recreational Finance, Inc. -FL291",VRF,FL,FORT LAUDERDALE,2026-08-10,,,2020,Boat,Used,589,42.92,4.77,S1House,,11,13.24,5000,5000,false,,,14.24,Silver 1,Silver 1,1.07,0,,0,45397,670,Source One Financial Services,FL, emily stratton,0,0,FL291,Silver
248324,rsimmons,61572.74,240,Auto Approval,NXTLVL Marine LLC - TX502,,TX,New Braunfels,2026-08-10,2026-08-10,,2016,Boat,Used,,42.23,7.45,gott,,95,8.49,7000,7000,false,,,9.99,Core,Core,0.92,0,,0,67280,804,Source One Financial Services,TX, melanie stehling,1,1,TX502,Core
248390,thovey,26754.5,144,Decline,Sun and Fun Inc - IA124,,IA,TIFFIN,2026-08-10,,,2027,RV,New,,25.59,4.11,gcoulombe,,29,13.74,3000,3000,false,,,14.74,Silver 1,Not Applicable,0.87,0,,0,30654,641,Connexus Credit Union,IA, michael cripps,0,0,IA124,Not Applicable
248319,mnava,146365,240,Decline,GREAT AMERICAN RV SUPERSTORE-TUPELO - MS114,,MS,BELDEN,2026-08-10,,,2026,RV,New,,42.03,11.84,jsmith,,56,12.49,50000,50000,false,,,13.49,Silver 1,Not Applicable,0.82,0,,0,178585,675,Connexus Credit Union,MS, dj miller,0,0,MS114,Not Applicable
248335,avera,30748.21,180,Conditional Approval,Blue Compass RV - Columbia NE - SC149,Blue Compass,SC,Mcbee,2026-08-10,2026-08-10,,2026,RV,New,,32.78,7.98,jsmith,,32,12.49,3000,6741.79,false,,,13.49,Silver 1,Silver 1,1.2,0,,0,25727,664,Source One Financial Services,SC, tim isgett,1,1,SC149,Silver
248122,mlomedico,137272.79,240,Auto Approval,Rock Solid Funding LLC - TX536,RSF,TX,BEDFORD,2026-08-10,2026-08-10,,2017,Boat,Used,698,28.02,4.84,S1House,,26,10.99,70000,70000,false,,,12.49,Core,Core,0.68,0,,0,202650,707,Source One Financial Services,WA, serena pulliam,1,1,TX536,Core
248181,sbaker,17001.86,180,Decline,Campers Inn - Ocala - FL158,Campers Inn,FL,Ocala,2026-08-10,,,2017,RV,Used,,51.87,5.02,pcarter,,27,11.24,1500,1500,false,,,12.74,Core,Core,0.84,0,,0,20236,689,Source One Financial Services,FL, scott mckeever,0,0,FL158,Core
248316,hhisek,52991.59,240,Decline,Fun Town Rv/Angelo RV LLC -TX247,Fun Town,TX,San Angelo,2026-08-10,,,2026,RV,New,,27.61,7.08,gott,,2974,7.99,6000,7775,false,,,9.49,Core,Core,1.24,0,,0,42581,781,Source One Financial Services,TX, brenden boggs,0,0,TX247,Core
248357,mnava,96067.93,240,Auto Approval,NAUTIQUE BOATS OF UTAH - UT103,,UT,DRAPER,2026-08-10,2026-08-10,,2026,Boat,New,,15.94,2.04,ljablonoski,,25,7.24,35000,140000,false,,,8.74,Core,Core,0.51,0,,0,188205,868,Source One Financial Services,UT, jake anderson,1,1,UT103,Core
248312,rsimmons,57778,240,Auto Approval,OCEAN MARINE GROUP - OCEAN SPRINGS - MS103,,MS,OCEAN SPRINGS,2026-08-10,2026-08-11,,2022,Boat,Used,,27.03,3.07,jsmith,,1290,10.49,15000,15000,false,,,11.99,Core,Core,0.86,0,,0,67235,700,Source One Financial Services,MS, susan battaile,1,1,MS103,Core
248136,hhisek,153448.64,240,Decline,Pete's RV Center Plainville - MA104,Pete's RV,MA,Plainville,2026-08-10,,,2026,RV,New,,56.65,8.16,gcoulombe,,52,7.24,1000,18500,false,,,8.74,Core,Core,1.27,0,,0,121270,832,Source One Financial Services,NY, john hill,0,0,MA104,Core
248178,sbaker,20350.68,144,Decline,Fun Town RV Amarillo - TX508,Fun Town,TX,Amarillo,2026-08-10,,,2026,RV,New,,31.49,3.79,gott,,10,10.24,1500,2828,false,,,11.74,Core,Core,1.04,0,,0,19637,693,Source One Financial Services,TX, eric adams,0,0,TX508,Core
248177,mlomedico,47040.03,180,Auto Approval,Freedom Boat Club - Lake Norman - ENC135,EPIC,NC,Denver,2026-08-10,2026-08-11,,2024,Boat,Used,747,39.6,1.8,S1House,,1370,7.99,2000,2000,false,,,9.49,Core,Core,0.92,0,,0,50965,799,Source One Financial Services,NC, david bounphasaysonh,1,1,ENC135,Core
248259,eavila,46404.16,180,Decline,"Destination RV, LLC - AZ309",,AZ,Phoenix,2026-08-10,,,2016,RV,Used,634,31.28,6.33,edominguez,,17,8.49,5000,5000,false,,,9.99,Core,Core,1.08,0,,0,42950,827,Source One Financial Services,AZ, chris coates,0,0,AZ309,Core
248353,mlomedico,13852.2,120,Auto Approval,All Stars RV - ECO103,EPIC,CO,Littleton,2026-08-10,2026-08-12,,2014,RV,Used,,30.86,4.15,S1House,,2664,11.74,1400,1400,false,,,13.24,Core,Core,1.03,0,,0,13400,699,Source One Financial Services,CO, jp lixie,1,1,ECO103,Core
248293,Jhill,137934.34,180,Decline,Texas Marine - Clear Lake -TX354,OneWater ,TX,SEABROOK,2026-08-10,,,2025,Boat,New,642,27.43,5.85,gott,,1182,7.49,15000,15236,false,,,8.99,Core,Not Applicable,1.21,0,,0,113575.04,843,Ideal Credit Union,TX, seth franco,0,0,TX354,Not Applicable
248304,lgrace,26718.24,204,Auto Approval,ANGLERS CHOICE - MARTINSVILLE - VA100,,VA,MARTINSVILLE,2026-08-10,2026-08-10,,2021,Boat,Used,,32.85,4.18,jsmith,,32,10.74,4000,2815,false,,,12.24,Core,Core,0.96,0,,0,27840,683,Source One Financial Services,VA, brian shuler,1,1,VA100,Core
248417,eavila,36263.95,180,Decline,Fun Town RV Ottawa LLC - KS125,Fun Town,KS,Ottawa,2026-08-10,,,2026,RV,New,,50.44,9.59,jweller,,23,9.74,0,0,false,,,11.24,Core,Core,0.9,0,,0,40260,740,Source One Financial Services,AR, john lucas,0,0,KS125,Core
248244,sflynn,128540.93,240,Auto Approval,Gregg Orr Marine - Hot Springs - AR123,,AR,Hot Springs,2026-08-10,2026-08-12,,2026,Boat,New,,36.39,7.87,jweller,,3228,7.74,5000,17261,false,,,9.24,Core,Core,1.16,0,,0,111005,781,Source One Financial Services,AR, lisa murphy,1,1,AR123,Core
248149,,13737,120,Auto Decline,JOHNNY'S RV SUPERSTORE LLC - AL124,,AL,THEODORE,2026-08-10,,,2022,RV,Used,,32.47,5.64,jsmith,,0,22.99,2000,2000,false,,,23.99,Bronze,Bronze,0,0,,0,0,603,Source One Financial Services,MS,,0,0,AL124,Business First
248127,rsimmons,35239.1,180,Conditional Approval,Golden Triangle Homes and RV Inc -TX179,,TX,Vidor,2026-08-10,2026-08-10,,2027,RV,New,,9.93,3.83,gott,,16,9.74,3500,3500,false,,,11.24,Core,Core,1.05,0,,0,33720,731,Source One Financial Services,TX, jeremiah harrington,1,1,TX179,Core
248423,mnava,18748.23,144,Auto Approval,"OUTBACK RV OF TEXAS, CO. - TX410",,TX,DENTON,2026-08-10,2026-08-13,,2023,RV,Used,,40.54,1.13,gott,,4222,9.99,2000,2000,false,,,10.99,Core,Core,1.16,0,,0,16200,750,Source One Financial Services,TX, tiffanie dodson,1,1,TX410,Core
248369,pmeza,29942.25,180,Auto Approval,Gregg Orr Marine - Hot Springs - AR123,,AR,Hot Springs,2026-08-10,2026-08-12,,2026,Boat,New,645,17.85,2.19,jweller,,3054,7.49,7485,7485,false,,,8.99,Core,Core,0.94,0,,0,32015.77,824,Source One Financial Services,AR, alistair cook,1,1,AR123,Core
248257,,18017,180,Auto Decline,Blue Compass - Mobile - AL170,Blue Compass,AL,Theodore,2026-08-10,,,2026,RV,New,618,24.14,4.51,jsmith,,0,14.99,2000,2000,false,,,15.99,Silver 2,Silver 2,0.82,0,,0,21920,625,Source One Financial Services,AL,,0,0,AL170,Silver
248236,mlomedico,33945.39,204,Auto Approval,Blue Compass RV - West Pasco - WA155,Blue Compass,WA,Pasco,2026-08-10,2026-08-13,,2026,RV,New,,21.78,3.9,ljablonoski,,4291,10.24,58000,58000,false,,,11.74,Core,Core,0.39,0,,0,87988.12,689,Source One Financial Services,ID, stephani flynn,1,1,WA155,Core
248372,rsimmons,20198.84,180,Conditional Approval,Meyer's I-79 RV Sales - PA148,,PA,Mount Morris,2026-08-10,2026-08-10,,2018,RV,Used,,26.42,2.86,jharrington1,,38,11.24,2000,2000,false,,,12.74,Core,Core,0.92,0,,0,22000,685,Source One Financial Services,WV, shawn vandenbossche,1,1,PA148,Core
248299,sdelarosa,30860.5,180,Decline,"CAMPERS INN RV OF CHARLESTON, INC - SC110",Campers Inn,SC,MONCKS CORNER,2026-08-10,,,2025,RV,New,,41.14,3.22,jsmith,,18,9.99,5000,5000,false,,,11.49,Core,Core,0.74,0,,0,41715,703,Source One Financial Services,SC, ryan semerau,0,0,SC110,Core
248160,Jhill,54429.79,240,Decline,Rock Solid Funding LLC - TX536,RSF,TX,BEDFORD,2026-08-10,,,2021,RV,Used,,36.01,3,S1House,,38,13.24,5500,5500,false,,,14.24,Silver 1,Silver 1,0.9,0,,0,60150,665,Source One Financial Services,MD, trevor bescherer,0,0,TX536,Silver
248246,avera,40962.37,216,Conditional Approval,GIANT RECREATION WORLD PALM BAY - FL175,,FL,Palm Bay,2026-08-10,2026-08-13,,2025,RV,New,,39.83,2.66,pcarter,,4238,12.49,85000,85000,false,,,13.49,Silver 1,Silver 1,0.3,0,,0,137775,670,Source One Financial Services,FL, torrey slobodzian,1,1,FL175,Silver
248098,sbaker,30323.04,144,Conditional Approval,A and L RV Sales - Columbia -TN142,,TN,Columbia,2026-08-10,2026-08-10,,2026,RV,New,,9.72,5.98,jsmith,,83,11.74,3000,3000,false,,,11.74,Silver 1,Not Applicable,0.92,0,,0,32841,677,Connexus Credit Union,TN, gary smith,1,1,TN142,Not Applicable
248151,mlomedico,34312,180,Auto Approval,Colaw RV Sales -MO110,,MO,Carthage,2026-08-10,2026-08-13,,2023,RV,Used,736,28.91,3.13,jweller,,4327,8.49,0,0,false,,,9.99,Core,Core,0.65,0,,0,52650,791,Source One Financial Services,MO, hailey coss,1,1,MO110,Core
248402,eavila,51638.53,180,Auto Decline,OPTIMUM RV TX LLC - Robstown - TX481,Optimum RV,TX,ROBSTOWN,2026-08-10,,,2026,RV,New,,45.8,9.57,gott,,1059,13.74,15000,15000,false,,,14.74,Silver 1,Silver 1,0.79,0,,0,65476,656,Source One Financial Services,TX, nicholas cicala,0,0,TX481,Silver
248247,sflynn,14367.35,120,Auto Approval,RV LEADERS - PA108,,PA,ADAMSBURG,2026-08-10,2026-08-10,,2026,RV,New,,39.72,6.62,jharrington1,,4,9.49,1000,1000,false,,,10.99,Core,Core,1.04,0,,0,13808,756,Source One Financial Services,PA, heather lee,1,1,PA108,Core
248185,hhisek,26299.75,180,Approved,Casita Travel Trailers - TX563,RDS,TX,Rice,2026-08-10,2026-08-10,,2026,RV,New,,26.98,3.15,gott,,3,7.49,20000,20000,false,,,8.99,Core,Core,0.71,0,,0,37100,869,Source One Financial Services,CA, andy krier,1,1,TX563,Core
248111,hhisek,129445.86,144,Auto Approval,Gulf Coast Marine -TX266,,TX,Corpus Christi,2026-08-10,2026-08-10,,2026,Boat,New,,23.74,2.63,gott,,213,11.5,46710,13601.7,false,,,12,Silver 1,Not Applicable,1.03,0,,0,125167,660,Ideal Credit Union,TX, melisa dlabaja,1,1,TX266,Not Applicable
248262,mnava,16738.97,144,Approved,D and H RV CENTER - NC117,,NC,APEX,2026-08-10,2026-08-10,,2022,RV,Used,,26.02,1.8,jsmith,,21,10.74,1800,1800,false,,,12.24,Core,Core,1.02,0,,0,16450,693,Source One Financial Services,NC, evan chick,1,1,NC117,Core
248172,,50335.43,240,Auto Decline,Campers Inn RV - Johnstown - CO163,Campers Inn,CO,Johnstown,2026-08-10,,,2018,RV,Used,,68.98,9.85,dzilberchtein,,0,13.74,500,-3500,false,,,14.74,Silver 1,Silver 1,1.05,0,,0,47740,674,Source One Financial Services,WY,,0,0,CO163,Silver
248268,hhisek,27027.5,180,Booked,Fairdealz RV LLC - TX545,,TX,Decatur,2026-08-10,2026-08-10,2026-08-10,2017,RV,Used,,16.18,1.07,gott,415,39,8.49,2500,2500,false,88,288,9.24,Core,Core,0.55,810.82,3,0,48700,850,Source One Financial Services,TX, jacob evans,1,0,TX545,Core
248104,jharrington1,33000,180,Auto Approval,SUSQUEHANNA VALLEY RV - SELINSGROVE - PA115,,PA,SELINSGROVE,2026-08-10,2026-08-10,,2026,RV,New,,26.14,2.59,jharrington1,,12,7.99,0,0,false,,,9.49,Core,Core,0.96,0,,0,34538,788,Source One Financial Services,NJ, danielle wagner,1,1,PA115,Core
248210,hhisek,119006.87,240,Auto Approval,BAILEY TOLIVER RV - VICTORIA - TX472,,TX,VICTORIA,2026-08-10,2026-08-11,,2027,RV,New,660,39.4,10.11,gott,,1444,9.99,16000,1000,false,,,11.49,Core,Core,1.05,0,,0,113250,715,Source One Financial Services,TX, jake boots,1,1,TX472,Core
248365,thovey,49939,180,Decline,Fun Town RV - Little Rock - AR126,Fun Town,AR,Bryant,2026-08-10,,,2026,RV,New,641,15.69,3.26,jweller,,52,9.74,12000,12000,false,,,11.24,Core,Not Applicable,0.74,0,,0,67467,737,Connexus Credit Union,AR, wade meeks,0,0,AR126,Not Applicable
248228,sdelarosa,146925.49,240,Decline,General RV-West Palm Beach-FL266,General RV,FL,West Palm Beach,2026-08-10,,,2026,RV,New,699,35.69,8.23,pcarter,,219,8.24,7000,18200,false,,,9.74,Core,Not Applicable,1,0,,0,146485,766,Connexus Credit Union,FL, chris coleman,0,0,FL266,Not Applicable
248067,lgrace,11748,144,Approved,Intercoastal Financial Group LLC - 17401746,IFG,FL,Vero Beach,2026-08-10,2026-08-10,,2022,RV,Used,,16.4,2.21,S1House,,15,10.49,1000,1000,false,,,11.74,Core,Core,0.84,0,,0,13950,718,Source One Financial Services,AL, stephen jolles,1,1,17401746,Core
248281,,68462.5,240,Auto Decline,AC Nelsen RV World -MN5005,,MN,SHAKOPEE,2026-08-10,,,2026,RV,New,680,40.2,6.18,dzilberchtein,,0,12.49,0,6947,false,,,13.49,Silver 1,Silver 1,0.78,0,,0,87775,661,Source One Financial Services,MN,,0,0,MN5005,Silver
248103,thovey,24168.93,180,Decline,Rock Solid Funding LLC - TX536,RSF,TX,BEDFORD,2026-08-10,,,2022,RV,Used,606,28.72,4.74,S1House,,38,15.74,2000,2000,false,,,16.74,Silver 1,Silver 1,1.24,0,,0,19500,640,Source One Financial Services,CA, alicia mondragon,0,0,TX536,Silver
248164,,11999.5,120,Auto Decline,Blue Compass RV - Park City-KS117,Blue Compass,KS,Park City,2026-08-10,,,2021,RV,Used,,30.97,1.95,jweller,,0,22.99,4000,4000,false,,,23.99,Bronze,Bronze,0.9,0,,0,13400,595,Source One Financial Services,MS,,0,0,KS117,Business First
248135,hhisek,27131.06,180,Decline,Fun Town RV-Waller -TX539,Fun Town,TX,Waller,2026-08-10,,,2024,RV,Used,,27.74,2.95,gott,,17,12.49,1000,1000,false,,,13.49,Silver 1,Silver 1,0.85,0,,0,31800,669,Source One Financial Services,TX, meddie nieto,0,0,TX539,Silver
248070,mlomedico,103780,144,Decline,Intercoastal Financial Group LLC - 17401746,IFG,FL,Vero Beach,2026-08-10,,,2023,Boat,Used,,18.94,3.69,S1House,,621,22.99,15000,15000,false,,,23.99,Core,Core,1.04,0,,0,100000,704,Source One Financial Services,NJ, hunter miller,0,0,17401746,Core
248223,sflynn,41332,180,Auto Approval,"CSRA Camperland, Inc - GA159",,GA,Martinez,2026-08-10,2026-08-10,,2026,RV,New,,45.15,4.78,jsmith,,27,9.74,0,0,false,,,11.24,Core,Core,1.1,0,,0,37611,735,Source One Financial Services,GA, phillip price,1,1,GA159,Core
248310,sdelarosa,71843,180,Auto Approval,CAMPERS INN RV OF ACWORTH - GA123,Campers Inn,GA,ACWORTH,2026-08-10,2026-08-11,,2023,RV,Used,,33.71,7.23,jsmith,,1277,14.49,7550,7550,false,,,15.49,Silver 1,Silver 1,0.79,0,,0,91400,646,Source One Financial Services,NC, steven goins,1,1,GA123,Silver
248295,thovey,46365,240,Conditional Approval,BLUE COMPASS RV  DES MOINES-IA222,Blue Compass,IA,ALTOONA,2026-08-10,2026-08-10,,2022,RV,Used,847,39.65,4.59,gcoulombe,,18,7.74,11000,14000,false,,,9.24,Core,Core,1.13,0,,0,41200,879,Source One Financial Services,IA, roscoe vacco,1,1,IA222,Core
248112,sbaker,23563.7,180,Auto Approval,PPL MOTORHOMES - OK124,,OK,EL RENO,2026-08-10,2026-08-10,,2020,RV,Used,810,17.14,1.95,jweller,,16,7.99,3325,3325,false,,,9.49,Core,Core,1.2,0,,0,19700,855,Source One Financial Services,OK, brandon ray,1,1,OK124,Core
248359,mlomedico,12574.75,144,Auto Approval,Intercoastal Financial Group LLC - 17401746,IFG,FL,Vero Beach,2026-08-10,2026-08-10,,2016,RV,Used,,28.79,1.55,S1House,,27,8.99,1900,1900,false,,,10.24,Core,Core,1.3,0,,0,9650,795,Source One Financial Services,CA, stephen jolles,1,1,17401746,Core
248233,sbaker,14970.13,144,Auto Approval,SMITH MOTOR CO OF HATTIESBURG INC - MS107,,MS,HATTIESBURG,2026-08-10,2026-08-10,,2026,Boat,New,685,27.22,1.25,jsmith,,23,10.24,10000,10000,false,,,11.74,Core,Core,0.66,0,,0,22741.93,697,Source One Financial Services,FL, elizabeth aycox,1,1,MS107,Core
248163,mlomedico,55297.79,240,Decline,Rock Solid Funding LLC - TX536,RSF,TX,BEDFORD,2026-08-10,,,2021,RV,Used,,44.78,12.55,S1House,,49,14.49,5500,5500,false,,,15.49,Silver 1,Silver 1,0.92,0,,0,60150,659,Source One Financial Services,CT, trevor bescherer,0,0,TX536,Silver
248090,sbaker,35047,180,Approved,Casita Travel Trailers - TX563,RDS,TX,Rice,2026-08-10,2026-08-10,,2026,RV,New,,8.09,5.98,gott,,195,7.24,4000,4000,false,,,8.24,Core,Not Applicable,1.03,0,,0,34001.1,800,Ideal Credit Union,FL, andy krier,1,1,TX563,Not Applicable
248176,mlomedico,31756.92,240,Decline,"Vantage Recreational Finance, Inc. -FL291",VRF,FL,FORT LAUDERDALE,2026-08-10,,,2024,Boat,New,820,67.94,2.39,S1House,,29,7.49,10000,10000,false,,,8.99,Core,Core,0.87,0,,0,36366,853,Source One Financial Services,MN, trenton cott,0,0,FL291,Core
248278,rsimmons,37002.42,144,Conditional Approval,BLUE COMPASS RV - FT WORTH - TX420,Blue Compass,TX,Fort Worth,2026-08-10,2026-08-10,,2026,RV,New,,31.83,7.58,gott,,226,9.99,3800,3800,false,,,10.49,Core,Not Applicable,1.03,0,,0,35865,693,Connexus Credit Union,TX, rj norman,1,1,TX420,Not Applicable
248397,mlomedico,55736.79,180,Auto Approval,Casita Travel Trailers - TX563,RDS,TX,Rice,2026-08-10,2026-08-10,,2026,RV,New,796,14.26,5.84,gott,,21,7.99,2000,2000,false,,,9.49,Core,Core,1.12,0,,0,49736,811,Source One Financial Services,KY, andy krier,1,1,TX563,Core
248183,,105759.14,240,Auto Decline,Ultimate Marine - EFL121,EPIC,FL,Orlando,2026-08-10,,,2025,Boat,Used,,94.76,11.83,S1House,,0,13.74,8000,8000,false,,,14.74,Silver 1,Silver 1,0.91,0,,0,115956,655,Source One Financial Services,FL,,0,0,EFL121,Silver
248137,avera,75809,216,Conditional Approval,Campers Inn Inc - NH101,Campers Inn,NH,Merrimack,2026-08-10,2026-08-10,,2026,RV,New,605,38.61,4.98,gcoulombe,,84,8.99,5000,7325,false,,,10.49,Core,Core,1.22,0,,0,62159,742,Source One Financial Services,NH, nick simmons,1,1,NH101,Core
248140,,40949,180,Auto Decline,Bob Hurley RV OKCity - OK139,,OK,Oklahoma City,2026-08-10,,,2026,RV,Used,,39.86,13.2,jweller,,0,14.99,4500,4500,false,,,15.99,Silver 2,Silver 2,0.94,0,,0,43556,633,Source One Financial Services,OK,,0,0,OK139,Silver
248125,lgrace,49564,144,Decline,Recreation USA LLC - Myrtle Beach - SC134,,SC,Myrtle Beach,2026-08-10,,,2022,RV,Used,,10.16,8.27,jsmith,,73,10.74,5500,5500,false,,,12.24,Core,Not Applicable,0.93,0,,0,53150,687,Connexus Credit Union,SC, stan johnson,0,0,SC134,Not Applicable
248340,mlomedico,113799,240,Decline,"Vantage Recreational Finance, Inc. -FL291",VRF,FL,FORT LAUDERDALE,2026-08-10,,,2027,RV,New,756,30.38,3.4,S1House,,13,11.24,12000,12000,true,,,13.24,Business First,Business First,0.93,0,,0,121770,,Source One Financial Services,PA, james pearson,0,0,FL291,Business First
248348,rsimmons,65795.85,240,Decline,ANGLERS CHOICE - MARTINSVILLE - VA100,,VA,MARTINSVILLE,2026-08-10,,,2025,Boat,Used,,12.6,11.55,jsmith,,20,10.24,0,15000,false,,,11.74,Core,Core,0.7,0,,0,94520,699,Source One Financial Services,NC, brian shuler,0,0,VA100,Core
248141,hhisek,27596.16,180,Decline,"ANCIRA MOTORHOMES, INC - TX523",,TX,BOERNE,2026-08-10,,,2019,RV,Used,,17.2,4.94,gott,,11,8.99,2800,2800,false,,,10.49,Core,Core,0.76,0,,0,36450,796,Source One Financial Services,TX, joe gonzales,0,0,TX523,Core
248095,,49500,180,Auto Decline,Blue Compass RV - Gassville - AR137,Blue Compass,AR,Gassville,2026-08-10,,,2024,RV,Used,618,17.54,2.39,jweller,,0,14.99,5500,5500,false,,,15.99,Silver 2,Silver 2,1.01,0,,0,48900,632,Source One Financial Services,AR,,0,0,AR137,Silver
248113,Jhill,33056,180,Auto Approval,Casita Travel Trailers - TX563,RDS,TX,Rice,2026-08-10,2026-08-10,,2026,RV,New,,45.92,3.59,gott,,36,9.49,5000,5000,false,,,10.99,Core,Core,0.96,0,,0,34450,755,Source One Financial Services,TX, andy krier,1,1,TX563,Core
248309,Jhill,29692,180,Auto Approval,NewCoast - Boatzon - FL356,Marine Max,FL,Oldsmar,2026-08-10,2026-08-10,,2021,Boat,Used,751,15.3,2.91,S1House,,36,9.99,3000,3000,false,,,11.49,Core,Core,0.98,0,,0,30325,747,Source One Financial Services,OK, christopher rogers,1,1,FL356,Core
248189,,71199,180,Auto Decline,Wolds RV Sales LLC -MN121,,MN,Detroit Lakes,2026-08-10,,,2027,RV,New,,31.2,5.74,dzilberchtein,,0,22.99,6500,6536,false,,,23.99,Bronze,Bronze,1.12,0,,0,63537,517,Source One Financial Services,TX,,0,0,MN121,Business First
248388,pmeza,17745.82,180,Decline,Southaven RV & Marine - MS115,,MS,Southaven,2026-08-10,,,2016,RV,Used,565,23.87,2.02,jsmith,,11,13.74,1000,1000,false,,,14.74,Silver 1,Silver 1,1.18,0,,0,15070,672,Source One Financial Services,AL, havanna klamm,0,0,MS115,Silver
248201,thovey,50299.75,120,Conditional Approval,Blue Compass RV - San Marcos - SCA167,Blue Compass,CA,San Marcos,2026-08-10,2026-08-10,,2012,RV,Used,697,42.64,9.25,jrubi,,33,11.49,6000,6000,false,,,12.99,Core,Core,0.99,0,,0,50654,716,Source One Financial Services,CA, antonio casillas,1,1,SCA167,Core
248188,,36076.88,180,Auto Decline,MOUNTAINEER RV and OUTDOOR CENTER - WV102,,WV,JANE LEW,2026-08-10,,,2022,RV,Used,,62.89,8.92,jharrington1,,0,14.49,8000,8000,false,,,15.49,Silver 1,Silver 1,0.86,0,,0,41950,646,Source One Financial Services,WV,,0,0,WV102,Silver
248079,thovey,14815,144,Decline,"Vantage Recreational Finance, Inc. -FL291",VRF,FL,FORT LAUDERDALE,2026-08-10,,,2019,RV,Used,,25.58,1.67,S1House,,40,14.99,750,750,false,,,15.99,Silver 1,Silver 1,0.79,0,,0,18790,644,Source One Financial Services,MS, alphonzo bowe,0,0,FL291,Silver
248403,,27782.94,180,Auto Decline,"Vantage Recreational Finance, Inc. -FL291",VRF,FL,FORT LAUDERDALE,2026-08-10,,,2009,Boat,Used,,7.48,1.24,S1House,,0,17.24,3000,3000,false,,,18.24,Silver 2,Silver 2,0.95,0,,0,29210,631,Source One Financial Services,TX,,0,0,FL291,Silver
248296,eavila,56133.97,240,Approved,FUN TOWN RV ANNA LLC - IL251,Fun Town,IL,ANNA,2026-08-10,2026-08-10,,2026,RV,New,,26.82,4.3,gcoulombe,,24,9.74,5000,7795.21,false,,,11.24,Core,Core,0.82,0,,0,68193,723,Source One Financial Services,IL, brenden boggs,1,1,IL251,Core
248287,,26018.86,180,Auto Decline,Keystone RV Center  - PA110,Pete's RV,PA,Greencastle,2026-08-10,,,2026,RV,New,,51.72,9.23,jharrington1,,0,13.74,0,0,false,,,14.74,Silver 1,Silver 1,0.89,0,,0,29119,647,Source One Financial Services,WV,,0,0,PA110,Silver
248131,lgrace,74653.75,240,Decline,Blue Compass RV - Raleigh - NC157,Blue Compass,NC,Raleigh,2026-08-10,,,2026,RV,New,650,83.75,13.93,jsmith,,33,12.49,8000,8000,false,,,13.49,Silver 1,Silver 1,0.93,0,,0,80306,671,Source One Financial Services,NC, kyle cecala,0,0,NC157,Silver
248387,hhisek,21944.06,180,Auto Approval,BLUE COMPASS RV - SOUTH HOUSTON  - TX421,Blue Compass,TX,Alvin,2026-08-10,2026-08-11,,2022,RV,Used,,19.66,1.3,gott,,1176,9.24,2400,2400,false,,,10.74,Core,Core,0.97,0,,0,22550,769,Source One Financial Services,TX, frank carranza,1,1,TX421,Core
248089,Jhill,77135,204,Auto Approval,"Vantage Recreational Finance, Inc. -FL291",VRF,FL,FORT LAUDERDALE,2026-08-10,2026-08-10,,2025,Boat,Used,786,43.78,4.14,S1House,,55,7.49,0,0,false,,,8.99,Core,Core,1.04,0,,0,74445,861,Source One Financial Services,NC, alphonzo bowe,1,1,FL291,Core
248398,eavila,74322,180,Conditional Approval,MY RV SD - SCA112,,CA,EL CAJON,2026-08-10,2026-08-11,,2026,RV,New,817,8.06,4.23,jrubi,,1110,7.74,7300,7300,false,,,8.99,Core,Not Applicable,1.04,0,,0,71689,784,Allegius Credit Union,CA,,1,1,SCA112,Not Applicable
248314,avera,140002.79,120,Auto Approval,Rock Solid Funding LLC - TX536,RSF,TX,BEDFORD,2026-08-10,2026-08-12,,2013,RV,Used,726,34.51,9.14,S1House,,2804,9.99,0,0,false,,,10.99,Core,Core,0.89,0,,0,156450,861,Source One Financial Services,IL, ashley rogers,1,1,TX536,Core
248187,hhisek,24725.31,180,Decline,RV Station LTD- Katy -TX290,,TX,Katy,2026-08-10,,,2021,RV,Used,610,42.81,1.89,gott,,6,13.24,2100,2100,false,,,14.24,Silver 1,Silver 1,0.98,0,,0,25350,676,Source One Financial Services,TX, jose acosta,0,0,TX290,Silver
248115,lgrace,36395,180,Auto Approval,Grand Pointe Marina of Lansing - MI464,,MI,Dimondale,2026-08-10,2026-08-10,,2024,Boat,New,,30.5,3.09,dzilberchtein,,25,7.49,20000,20000,false,,,8.99,Core,Core,0.73,0,,0,49950,848,Source One Financial Services,MI, patrick crowley,1,1,MI464,Core
248196,Jhill,63890.45,240,Auto Decline,Intercoastal Financial Group LLC - 17401746,IFG,FL,Vero Beach,2026-08-10,,,2003,Boat,Used,,15.22,6.42,S1House,,50,22.99,25000,25000,false,,,23.99,Core,Core,0.8,0,,0,80000,879,Source One Financial Services,MO, nick brainard,0,0,17401746,Core
248258,jharrington1,81149.43,204,Auto Approval,Campers Inn Of Philadelphia Inc-PA103,Campers Inn,PA,Hatfield,2026-08-10,2026-08-11,,2026,RV,New,,44.75,6.92,jharrington1,,1559,9.74,16500,9260.59,false,,,11.24,Core,Core,1.28,0,,0,63310,740,Source One Financial Services,PA, jason passehl,1,1,PA103,Core
248298,thovey,25851.84,144,Decline,"Bill Thomas Camper Sales, Inc -MO105",,MO,Wentzville,2026-08-10,2026-08-13,,2020,RV,Used,,27.33,4.4,jweller,,4206,11.99,2500,2500,false,,,12.49,Core,Not Applicable,0.9,0,,0,28750,698,Connexus Credit Union,MO, ronald koenig,0,0,MO105,Not Applicable
248186,,25931.43,144,Auto Decline,SMITH MOTOR CO OF HATTIESBURG INC - MS107,,MS,HATTIESBURG,2026-08-10,,,2026,Boat,New,,19.98,6.81,jsmith,,0,14.99,1500,1500,false,,,15.99,Silver 2,Silver 2,1.99,0,,0,13050.24,630,Source One Financial Services,MS,,0,0,MS107,Silver
248084,,27073.84,144,Auto Decline,General RV Center - Salisbury - NC137,General RV,NC,Salisbury,2026-08-10,,,2019,RV,Used,,47.78,6.82,jsmith,,0,14.99,0,0,false,,,15.99,Silver 1,Silver 1,1.26,0,,0,21450,656,Source One Financial Services,NC,,0,0,NC137,Silver
248302,,33289.76,180,Auto Decline,Longview RV Inc-CT108,,CT,Windor Locks,2026-08-10,,,2026,RV,New,,5.48,0.56,gcoulombe,,0,22.99,17000,17000,false,,,23.99,Bronze,Bronze,0.66,0,,0,50160,527,Source One Financial Services,CT,,0,0,CT108,Business First
248317,lgrace,20000.6,120,Booked,RV South LLC - GA160,,GA,Sylvester,2026-08-10,2026-08-11,2026-08-11,2021,RV,Used,,20.5,2.63,jsmith,1543,1279,10.74,2000,2000,false,244,20,10.95,Core,Core,0.88,200.01,1,0,22650,689,Source One Financial Services,GA, dan crumpler,1,0,GA160,Core
248274,avera,113119.4,204,Auto Approval,Campers Inn RV of Sewell - NJ105,Campers Inn,NJ,Sewell,2026-08-10,2026-08-10,,2018,RV,Used,775,40.53,7.56,gcoulombe,,33,10.49,13000,15500,false,,,11.99,Core,Core,0.91,0,,0,124450,750,Source One Financial Services,MD, jacob helms,1,1,NJ105,Core
248256,pmeza,85817.16,204,Auto Approval,Century Auto/RV -TX344,,TX,AMARILLO,2026-08-10,2026-08-12,,2026,RV,New,686,44.28,6.48,gott,,2970,10.24,8000,8000,false,,,11.74,Core,Core,1.14,0,,0,75365,698,Source One Financial Services,TX, bill faghih,1,1,TX344,Core
248105,,77301.53,240,Auto Decline,General RV - Tampa - FL238,General RV,FL,Dover,2026-08-10,,,2027,RV,New,611,33.85,8.91,wstoutimore,,0,14.99,7500,13500,false,,,15.99,Silver 2,Silver 2,1.22,0,,0,63284,630,Source One Financial Services,FL,,0,0,FL238,Silver
248116,,18599.19,144,Auto Decline,Seguin RV Inc -TX201,,TX,Seguin,2026-08-10,,,2015,RV,Used,,59.2,4.12,gott,,0,16.24,900,900,false,,,17.24,Silver 2,Silver 2,0.86,0,,0,21600,635,Source One Financial Services,TX,,0,0,TX201,Silver
248408,mnava,52360.86,240,Decline,Pikeville RV Sales Inc - KY137,,KY,Pikeville,2026-08-10,,,2026,RV,New,572,79.1,10.15,jharrington1,,14,12.49,6000,6000,false,,,13.49,Silver 1,Silver 1,1.01,0,,0,51873,668,Source One Financial Services,OH, richard brown,0,0,KY137,Silver
248407,pmeza,118741.87,240,Conditional Approval,Blue Compass RV - Post Falls - ID123,Blue Compass,ID,Post Falls,2026-08-10,2026-08-11,,2026,RV,New,767,36.76,9.03,ljablonoski,,1053,7.99,21098,11415.87,false,,,9.49,Core,Core,1.25,0,,0,94995,782,Source One Financial Services,ID, alan harvey,1,1,ID123,Core
248326,,19915.05,180,Auto Decline,Trailer Source Inc - Wheat Ridge - CO164,,CO,Wheat Ridge,2026-08-10,,,2022,RV,Used,,24.59,4.29,dzilberchtein,,0,15.74,2500,2500,false,,,16.74,Silver 2,Silver 2,0.98,0,,0,20240,634,Source One Financial Services,CO,,0,0,CO164,Silver
248249,pmeza,72233,180,Decline,Pleasureland RV Center - St Cloud - MN251,Pleasureland,MN,St Cloud,2026-08-10,,,2026,RV,New,629,41.98,4.92,dzilberchtein,,16,12.49,8000,8000,false,,,13.49,Silver 1,Silver 1,1.01,0,,0,71836,667,Source One Financial Services,MN,,0,0,MN251,Silver
248413,eavila,30422.06,240,Decline,Blue Compass - Fort Myers - FL300,Blue Compass,FL,Fort Myers,2026-08-10,,,2019,RV,Used,625,44.19,2.17,wstoutimore,,801,14.49,25000,27007.76,false,,,15.49,Silver 1,Silver 1,0.77,0,,0,39270,649,Source One Financial Services,FL, cory grambart,0,0,FL300,Silver
248273,hhisek,135166.2,180,Auto Approval,RV DEPOT OF CLEBURNE - TX461,,TX,JOSHUA,2026-08-10,2026-08-10,,2013,RV,Used,,37.92,8.88,gott,,198,11.24,14000,14000,false,,,12.74,Core,Core,0.85,0,,0,158500,727,Source One Financial Services,TX, mike joyce,1,1,TX461,Core
248101,avera,135158.58,216,Auto Approval,LEXINGTON RV LLC - KY135,,KY,LEXINGTON,2026-08-10,2026-08-11,,2012,RV,Used,754,28.91,11.48,jharrington1,,1433,8.74,13870,13870,false,,,10.24,Core,Core,0.96,0,,0,141300,879,Source One Financial Services,KY, oliver griffen,1,1,KY135,Core
248649,sbaker,14937.55,120,Auto Approval,Sunrise Marine - Orange Beach - AL159,OneWater ,AL,Orange Beach,2026-08-11,2026-08-12,,2012,Boat,Used,710,22.85,1.51,jsmith,,1111,11.24,10000,10000,false,,,12.74,Core,Core,0.48,0,,0,31325,723,Source One Financial Services,AL, hilary rasnick,1,1,AL159,Core
248636,ahunt,40335.53,180,Decline,SkipperBud's - Sequoit Harbor - IL267,Marine Max,IL,Antioch,2026-08-11,,,2025,Boat,New,,45.28,5.34,S1House,,10,7.99,500,500,false,,,9.49,Core,Core,1.01,0,,0,40134,785,Source One Financial Services,WI, alex dingee,0,0,IL267,Core
248577,mlomedico,48312.73,180,Conditional Approval,"A to Z Supercenter, LLC - FL242",,FL,Ocala,2026-08-11,2026-08-11,,2022,RV,Used,,28.72,5.41,pcarter,,9,7.99,16500,26331.58,false,,,9.49,Core,Core,1.18,0,,0,40850,805,Source One Financial Services,FL, james roig,1,1,FL242,Core
248676,mnava,67534,240,Decline,Colmans Country Campers - IL155,,IL,Hartford,2026-08-11,,,2026,RV,New,,30.32,7.88,gcoulombe,,49,12.49,2000,2000,false,,,13.49,Silver 1,Not Applicable,0.97,0,,0,69768,667,Connexus Credit Union,LA, david sanders,0,0,IL155,Not Applicable
248668,pmeza,147883.78,180,Decline,Bob Hurley RV-Tulsa OK137,,OK,Tulsa,2026-08-11,,,2015,RV,Used,,21.92,11.5,jweller,,22,14.99,50000,39000,false,,,15.99,Silver 1,Silver 1,0.73,0,,0,203270,641,Source One Financial Services,NC, otis buttress,0,0,OK137,Silver
248637,rsimmons,31876.3,180,Booked,OWENSBORO RV - KY119,,KY,OWENSBORO,2026-08-11,2026-08-12,2026-08-12,2027,RV,New,,37.43,4.89,jharrington1,1345,1337,9.74,1250,1250,false,7,1,11.24,Core,Core,1.39,1912.58,6,0,22946,725,Source One Financial Services,KY, scott stacy,1,0,KY119,Core
248582,,34102,180,Auto Decline,"Kris Willis RV, LLC -MO127",,MO,Dexter,2026-08-11,,,2027,RV,New,599,32.83,6.9,jweller,,0,14.99,0,0,false,,,15.99,Silver 2,Silver 2,0.97,0,,0,35201,636,Source One Financial Services,MO,,0,0,MO127,Silver
248468,avera,43055.7,180,Auto Approval,Hallberg Marine -MN352,,MN,Wyoming,2026-08-11,2026-08-11,,2025,Boat,New,842,31.1,2.36,dzilberchtein,,52,7.49,1000,3000,false,,,8.99,Core,Core,1.15,0,,0,37398,840,Source One Financial Services,MN, wally lund,1,1,MN352,Core
248435,sdelarosa,36262.69,180,Approved,Optimum RV Bushnell - FL163,Optimum RV,FL,Bushnell,2026-08-11,2026-08-11,,2025,RV,Used,,31.24,6.42,wstoutimore,,43,9.49,4000,9000,false,,,10.99,Core,Core,0.87,0,,0,41800,747,Source One Financial Services,FL, presley wallace,1,1,FL163,Core
248553,,33128,180,Auto Decline,ARROWHEAD CAMPER SALES - KY117,,KY,MAYFIELD,2026-08-11,,,2021,RV,Used,,25.75,18.24,jharrington1,,0,22.99,8000,8000,false,,,23.99,Bronze,Bronze,0.86,0,,,38700,552,Source One Financial Services,MI,,0,0,KY117,Business First
248564,lgrace,80000,240,Decline,Campers Inn Kings Mountain -NC108,Campers Inn,NC,Kings Mountain,2026-08-11,,,2027,RV,New,,24.16,5.01,jsmith,,15,13.74,10000,10000,false,,,14.74,Silver 1,Silver 1,0.83,0,,0,96404,644,Source One Financial Services,SC, hunter lee,0,0,NC108,Silver
248491,mlomedico,40245.97,180,Auto Approval,GIANT RECREATION WORLD WINTER GARDEN - FL172,,FL,WINTER GARDEN,2026-08-11,2026-08-11,,2025,RV,New,,23.8,5.32,pcarter,,43,10.24,5000,5000,false,,,11.74,Core,Core,0.8,0,,0,50168,688,Source One Financial Services,FL, brandon plummer,1,1,FL172,Core
248571,thovey,78128.18,240,Decline,Blue Compass RV - Colorado Springs - CO160,Blue Compass,CO,COLORADO SPRINGS,2026-08-11,,,2025,RV,Used,727,19.54,5.98,dzilberchtein,,25,7.74,0,10000,false,,,9.24,Core,Core,0.93,0,,0,84425,788,Source One Financial Services,CA, brandan montera,0,0,CO160,Core
248561,mlomedico,11106.24,120,Auto Approval,Blue Compass RV - Surprise - AZ363,Blue Compass,AZ,Surprise,2026-08-11,2026-08-11,,2026,RV,New,,29.28,5.95,edominguez,,18,13.74,1500,1500,false,,,14.74,Silver 1,Silver 1,0.52,0,,0,21331,654,Source One Financial Services,AZ, zachary lauer,1,1,AZ363,Silver
248703,pmeza,116416.5,240,Decline,"RV COUNTRY NEVADA, LLC - LAUGHLIN -NV103",RV Country,NV,LAUGHLIN,2026-08-11,,,2023,RV,Used,588,46.87,9.37,ljablonoski,,22,13.24,0,15000,false,,,14.24,Silver 1,Silver 1,1.01,0,,0,114825.5,665,Source One Financial Services,NV, stephanie corona,0,0,NV103,Silver
248566,mnava,43043.56,180,Conditional Approval,Dalton RV LLC-AR132,Warrior Performance,AR,Morrilton,2026-08-11,2026-08-11,,2026,RV,New,652,48.29,6.64,jweller,,64,7.74,6000,12500,false,,,8.74,Core,Not Applicable,0.87,0,,0,49251,761,Connexus Credit Union,AR, kyle smith,1,1,AR132,Not Applicable
248682,,14867.2,144,Auto Decline,Uwharrie RV  (740 Motors) - NC125,,NC,Albemarle,2026-08-11,,,2022,RV,New,,33.19,9.55,jsmith,,0,22.99,3000,3000,false,,,23.99,Bronze,Bronze,1.13,0,,0,13100,602,Source One Financial Services,NC,,0,0,NC125,Business First
248560,rsimmons,14746.83,120,Decline,ROSS MOTORSPORTS INC - TX457,,TX,LUFKIN,2026-08-11,,,2017,Boat,Used,,33.01,1.42,gott,,18,14.99,2000,2000,false,,,15.99,Silver 1,Silver 1,1.04,0,,0,14205,649,Source One Financial Services,TX, ryan williams,0,0,TX457,Silver
248517,lgrace,56104.61,216,Conditional Approval,TAC RV - NC121,,NC,Moyock,2026-08-11,2026-08-11,,2026,RV,New,,31.31,6.69,jsmith,,22,7.49,5000,5000,false,,,8.99,Core,Core,1.12,0,,0,49917,829,Source One Financial Services,NC, dana overman,1,1,NC121,Core
248674,mlomedico,47786.71,180,Decline,"Ron Hoover Companies of Donna, Inc -Tx277",Ron Hoover,TX,Donna,2026-08-11,,,2026,RV,New,,35.61,5.1,gott,,25,9.99,5000,5000,false,,,11.49,Core,Core,0.98,0,,0,48989.33,703,Source One Financial Services,TX, julio pena,0,0,TX277,Core
248624,,17384,144,Auto Decline,Midway Auto and RV Cody LLC - WY101,,WY,Cody,2026-08-11,,,2016,RV,Used,,21.34,4.33,dzilberchtein,,0,22.99,4000,4000,false,,,23.99,Bronze,Bronze,0,0,,0,0,601,Source One Financial Services,MT,,0,0,WY101,Business First
248514,,13060,180,Auto Decline,Wetnight RV's - IN214,,IN,Terra Haute,2026-08-11,,,2013,RV,Used,670,35.63,3.06,jharrington1,,0,22.99,1300,1300,false,,,23.99,Bronze,Bronze,1.21,0,,0,10765,570,Source One Financial Services,IN,,0,0,IN214,Business First
248589,eavila,167799,204,Auto Approval,"Vantage Recreational Finance, Inc. -FL291",VRF,FL,FORT LAUDERDALE,2026-08-11,2026-08-13,,2021,RV,Used,765,41.23,11.37,S1House,,2692,8.49,20000,20000,false,,,9.99,Core,Core,0.95,0,,0,176600,784,Source One Financial Services,CA, richard cosentino,1,1,FL291,Core
248620,lgrace,72465.96,216,Auto Approval,Keystone RV Center  - PA110,Pete's RV,PA,Greencastle,2026-08-11,2026-08-13,,2026,RV,New,,32.23,9.82,jharrington1,,2575,8.24,1000,1000,false,,,9.74,Core,Core,1.02,0,,0,70858.8,770,Source One Financial Services,VA, jen habina,1,1,PA110,Core
248563,eavila,116809.02,180,Decline,La Mesa RV Center - Ft. Myers - FL317,La Mesa,FL,Ft. Myers,2026-08-11,,,2026,RV,New,,54.96,23.42,wstoutimore,,180,7.24,14000,14000,false,,,8.74,Core,Not Applicable,0.76,0,,0,153590,837,Ideal Credit Union,FL, michael parks,0,0,FL317,Not Applicable
248692,mnava,27322.26,120,Decline,FUN TOWN RV OK LLC - OK121,Fun Town,OK,OKLAHOMA CITY,2026-08-11,,,2026,RV,New,747,243.7,1.66,jweller,,7,9.99,3100,3100,false,,,11.49,Core,Core,0.99,0,,0,27584.65,710,Source One Financial Services,OK, calvin mullins,0,0,OK121,Core
248614,sbaker,22861.97,180,Decline,Princess Craft RV -TX191,,TX,Round Rock,2026-08-11,,,2026,RV,New,689,6.31,1.16,gott,,9,10.24,2530,2530,false,,,11.74,Core,Core,1.25,0,,0,18289,698,Source One Financial Services,IN, lane lambright-reed,0,0,TX191,Core
248466,lgrace,22729.31,180,Conditional Approval,Campers Inn of Raynham Inc-MA102,Campers Inn,MA,Raynham,2026-08-11,2026-08-11,,2027,RV,New,,15.51,3.56,gcoulombe,,61,12.49,2300,2300,false,,,13.49,Silver 1,Silver 1,0.86,0,,0,26583,668,Source One Financial Services,MA, mckayla craig,1,1,MA102,Silver
248606,hhisek,47254.84,204,Conditional Approval,Blue Compass RV - Seguin - TX573,Blue Compass,TX,Sequin,2026-08-11,2026-08-11,,2015,RV,Used,630,35.28,5.02,gott,,16,10.49,5100,5100,false,,,11.99,Core,Core,1.16,0,,0,40734,759,Source One Financial Services,TX, ryan campos,1,1,TX573,Core
248629,thovey,26640,180,Decline,RTE 125 RV & Marine - NH106,,NH,Rochester,2026-08-11,,,2024,RV,Used,650,37.75,3.77,gcoulombe,,47,13.74,6000,6000,false,,,14.74,Silver 1,Silver 1,0.87,0,,0,30550,647,Source One Financial Services,MA, christopher wuelper,0,0,NH106,Silver
248453,Jhill,243030.49,240,Verifications Incomplete,No Wake Marine - OH198,,OH,FAIRFIELD,2026-08-11,2026-08-13,,2025,Boat,New,778,43.6,6.17,jharrington1,,3026,7.99,50000,140083.91,false,,45,8.99,Core,Core,0.76,0,,0,321033,776,Source One Financial Services,OH, tyler farmer,1,1,OH198,Core
248534,rsimmons,76691.16,240,Decline,Rocky Ridge RV - Tyler - TX574,Rocky Ridge,TX,Tyler,2026-08-11,,,2026,RV,New,,32.23,8.48,gott,,15,10.24,1500,8500,false,,,11.99,Core,Core,1.05,0,,0,73260,683,Source One Financial Services,OK, brandon barsh,0,0,TX574,Core
248432,lgrace,16125,144,Approved,Parkland RV-MO220,Canopy Financial,MO,Leadington,2026-08-11,2026-08-11,,2020,RV,Used,690,32.39,2.49,jweller,,17,10.49,1750,1750,false,,,11.99,Core,Core,0.89,0,,0,18200,715,Source One Financial Services,MO, matt kurtz,1,1,MO220,Core
248512,hhisek,17454.6,144,Booked,BROWNS CAMPING SALES INC - GA119,,GA,JONESBORO,2026-08-11,2026-08-13,2026-08-13,2025,RV,New,,34.21,0.87,jsmith,3249,3185,9.99,1900,1900,false,64,0,10.99,Core,Core,0.72,698.18,4,0,24111,700,Source One Financial Services,GA, jim steedley,1,0,GA119,Core
248608,,89304.51,240,Auto Decline,RCD Sales Co. LTD -OH127,,OH,Pataskala,2026-08-11,,,2027,RV,New,,39.87,29.12,jharrington1,,0,13.74,1100,1100,false,,,14.74,Silver 1,Silver 1,0.96,0,,0,92790,651,Source One Financial Services,OH,,0,0,OH127,Silver
248493,mlomedico,33090.92,204,Auto Approval,Blue Compass RV - Charlotte - NC153,Blue Compass,NC,Concord,2026-08-11,2026-08-11,,2015,RV,Used,,9.91,9.91,jsmith,,27,13.74,3500,9348,false,,,14.74,Silver 1,Silver 1,0.85,0,,0,38862,661,Source One Financial Services,NC, alex kottenstette,1,1,NC153,Silver
248679,thovey,22850,120,Conditional Approval,Brooks Camper Sales LLC-PA136,Warrior Performance,PA,CONNELSVILLE,2026-08-11,2026-08-11,,2024,RV,Used,,41.72,7.17,jharrington1,,90,12.49,2400,2400,false,,,12.49,Silver 1,Not Applicable,0.81,0,,0,28350,645,Connexus Credit Union,PA, kyle smith,1,1,PA136,Not Applicable
248519,mnava,32067.75,180,Approved,Aquamarine LLC - OK140,,OK,Lawton,2026-08-11,2026-08-11,,2024,Boat,Used,723,27.62,1.2,jweller,,106,6.99,0,0,false,,,8.49,Core,Not Applicable,0.96,0,,0,33250,857,Connexus Credit Union,TX, hans landwehr,1,1,OK140,Not Applicable
248635,sbaker,19937.55,120,Decline,Sunrise Marine - Orange Beach - AL159,OneWater ,AL,Orange Beach,2026-08-11,,,2012,Boat,Used,,5.72,4.42,jsmith,,14,11.24,5000,5000,false,,,12.74,Core,Core,0.64,0,,0,31325,723,Source One Financial Services,AL, hilary rasnick,0,0,AL159,Core
248434,lgrace,38567.31,144,Auto Approval,Optimum RV Bushnell - FL163,Optimum RV,FL,Bushnell,2026-08-11,2026-08-13,,2022,RV,Used,,25.36,3.84,wstoutimore,,3335,11.99,5000,5000,false,,,12.24,Silver 1,Not Applicable,0.95,0,,0,40450,666,Connexus Credit Union,FL, presley wallace,1,1,FL163,Not Applicable
248505,lgrace,57464.7,180,Auto Approval,HOWARD RV CENTER - NC145,,NC,Wilmington,2026-08-11,2026-08-13,,2022,RV,Used,,32.16,9.63,jsmith,,2882,7.99,10000,10000,false,,,8.99,Core,Not Applicable,0.7,0,,0,81900,770,Connexus Credit Union,NC, dan hilton,1,1,NC145,Not Applicable
248707,mnava,40023.07,240,Auto Approval,RV's of Sacramento - NCA136,,CA,Elk Grove,2026-08-11,2026-08-12,,2026,RV,New,841,22.8,2.29,jrubi,,1102,7.49,4200,4200,false,,,8.99,Core,Core,1.05,0,,0,38209,855,Source One Financial Services,CA, branda morgan,1,1,NCA136,Core
248522,,25264,180,Auto Decline,GARLANDS RV OF TENNESSEE - TN122,,TN,SPRINGVILLE,2026-08-11,,,2026,RV,Used,,39.68,6.62,jsmith,,0,22.99,2500,2500,false,,,23.99,Bronze,Bronze,0.7,0,,0,36350,585,Source One Financial Services,TN,,0,0,TN122,Business First
248597,mlomedico,35017.85,144,Auto Approval,Intercoastal Financial Group LLC - 17401746,IFG,FL,Vero Beach,2026-08-11,2026-08-11,,2016,Boat,Used,731,41.75,2.08,S1House,,37,8.49,3750,3750,false,,,9.74,Core,Core,0.92,0,,0,38235,811,Source One Financial Services,LA, zach edwards,1,1,17401746,Core
248623,sdelarosa,19903.59,120,Decline,SAVA RV - FL284,,FL,Fort Myers,2026-08-11,,,2019,RV,Used,568,12.24,3.19,wstoutimore,,32,14.99,2500,2500,false,,,15.99,Silver 1,Silver 1,1,0,,0,19999,659,Source One Financial Services,FL, victoria childress,0,0,FL284,Silver
248641,eavila,38965,180,Decline,"Kris Willis RV, LLC -MO127",,MO,Dexter,2026-08-11,,,2027,RV,New,480,45.71,9.97,jweller,,4,12.49,0,0,false,,,13.49,Silver 1,Silver 1,0.9,0,,0,43374,668,Source One Financial Services,MO, mikayla hall,0,0,MO127,Silver
248532,hhisek,12465.09,120,Decline,"Ron Hoover Companies of Corpus Christi, Inc -TX278",Ron Hoover,TX,Corpus Christi,2026-08-11,,,2018,Boat,Used,,37.22,2.92,gott,,8,14.99,14000,14000,false,,,15.99,Silver 1,Silver 1,0.42,0,,0,30035,654,Source One Financial Services,TX, david carrillo,0,0,TX278,Silver
248475,rsimmons,97926.62,240,Auto Approval,Intercoastal Financial Group LLC - 17401746,IFG,FL,Vero Beach,2026-08-11,2026-08-11,,2018,Boat,Used,763,30.3,5.41,S1House,,127,8.99,10000,10000,false,,,10.24,Core,Core,1.05,0,,0,93321,786,Source One Financial Services,MN, dalton stokes,1,1,17401746,Core
248700,mnava,63701.03,240,Pending,Fun Town RV - Las Vegas - NV116,Fun Town,NV,Las Vegas,2026-08-11,2026-08-11,,2027,RV,New,,16.46,2.24,ljablonoski,,20,9.74,1000,19000,false,,,11.24,Core,Core,1.09,0,,0,58182,740,Source One Financial Services,NV, julie ronquillo,0,0,NV116,Core
248436,rsimmons,50343.47,180,Decline,Rocky Ridge RV - Nacogdoches - TX525,Rocky Ridge,TX,Nacogdoches,2026-08-11,,,2027,RV,New,582,29.87,6.36,gott,,22,9.49,0,0,false,,,11.24,Core,Core,1.12,0,,0,44758,752,Source One Financial Services,TX, kolten archuleta,0,0,TX525,Core
248521,pmeza,48649.29,240,Auto Approval,Bradford Marine & ATV-Rogers - AR145,Bradford Marine,AR,Rogers,2026-08-11,2026-08-11,,2026,Boat,New,671,37.93,3.89,jweller,,63,9.74,5000,5000,false,,,11.24,Core,Core,1.19,0,,0,40961,727,Source One Financial Services,AR, david sturgis,1,1,AR145,Core
248509,ahunt,51695.15,240,Auto Approval,Premier Financial Service - TX548,,TX,Los Fresnos,2026-08-11,2026-08-11,,2027,Boat,New,,35.97,4.76,gott,,51,7.49,19000,19000,false,,,8.99,Core,Core,0.97,0,,0,53225,809,Source One Financial Services,TX, oscar salinas,1,1,TX548,Core
248661,mnava,24611.5,180,Decline,I-70 RV CENTER - MO200,,MO,WILLIAMSBURG,2026-08-11,,,2019,RV,Used,,15.46,4.3,jweller,,12,10.99,3000,3000,false,,,12.49,Core,Core,1.24,0,,0,19900,707,Source One Financial Services,MO, gina meyer,0,0,MO200,Core
248458,avera,93617.56,240,Verifications Incomplete,Prossers Premium RV Outlet -WI170,,WI,Sturtevant,2026-08-11,2026-08-12,,2026,RV,New,808,38.89,11.23,dzilberchtein,,1605,7.24,11378,11378,false,,524,8.49,Core,Not Applicable,0.87,4680.88,5,0,108077,806,Connexus Credit Union,WI, richard smith,1,1,WI170,Not Applicable
248559,ahunt,23756.7,180,Auto Approval,WAGNERS OUTDOOR EXPRESS RV LLC - WV103,Easy Care,WV,FALLING WATERS,2026-08-11,2026-08-11,,2027,RV,New,,30.81,2.42,jharrington1,,18,7.49,500,500,false,,,8.99,Core,Core,1.01,0,,0,23564,838,Source One Financial Services,WV, jim lakes,1,1,WV103,Core
248592,,47964.29,180,Auto Decline,RV Station LTD - Donna -TX289,,TX,Donna,2026-08-11,,,2027,RV,New,,38.48,6.08,gott,,0,22.99,5000,5000,false,,,23.99,Bronze,Bronze,0.99,0,,0,48210,593,Source One Financial Services,TX,,0,0,TX289,Business First
248473,,15171.78,144,Auto Decline,ROCKY MOUNTAIN RV and MARINE - NM101,,NM,ALBUQUERQUE,2026-08-11,,,2017,RV,Used,,19.96,4.58,edominguez,,0,16.24,500,500,false,,,17.24,Silver 2,Silver 2,2.23,0,,0,6800,625,Source One Financial Services,NM,,0,0,NM101,Silver
248598,sbaker,17044.23,144,Conditional Approval,Blue Compass RV - Knoxville - TN159,Blue Compass,TN,Louisville,2026-08-11,2026-08-11,,2018,RV,Used,728,30.07,4.36,jsmith,,26,8.99,250,250,false,,,10.49,Core,Core,1.02,0,,0,16750,797,Source One Financial Services,TN, joseph ward,1,1,TN159,Core
248632,hhisek,22431.43,120,Conditional Approval,SMITH MOTOR CO OF HATTIESBURG INC - MS107,,MS,HATTIESBURG,2026-08-11,2026-08-11,,2026,Boat,New,,44.12,2.82,jsmith,,210,11.24,5000,5000,false,,,11.74,Silver 1,Not Applicable,0.93,0,,0,24121,667,Connexus Credit Union,MS, lisa hartfield,1,1,MS107,Not Applicable
248546,avera,38734.8,180,Decline,Blue Compass RV - North Myrtle Beach - SC137,Blue Compass,SC,North Myrtle Beach,2026-08-11,,,2026,RV,New,615,28.7,3.63,jsmith,,29,13.74,1000,4966,false,,,14.74,Silver 1,Silver 1,0.94,0,,0,41415,643,Source One Financial Services,VA, adam dix,0,0,SC137,Silver
248660,,26774.94,180,Auto Decline,A and L RV SALES LLC -Chocowinity - NC120,,NC,CHOCWINITY,2026-08-11,,,2023,RV,Used,,30.35,9.11,jsmith,,0,15.74,0,0,false,,,16.74,Silver 2,Silver 2,0.96,0,,0,28000,628,Source One Financial Services,NC,,0,0,NC120,Silver
248552,mnava,17612.19,144,Auto Approval,618 FIX MY RV - IL259,,IL,BENTON,2026-08-11,2026-08-11,,2027,RV,New,,21.79,5.29,gcoulombe,,224,8.74,300,300,false,,,9,Core,Core,1.29,0,,0,13694,775,Source One Financial Services,IL,,1,1,IL259,Core
248572,avera,95939.1,180,Decline,Cycle Springs Powersports - FL311,,FL,Clearwater,2026-08-11,,,2025,Boat,New,,19.1,4.56,wstoutimore,,19,10.24,0,50000,false,,,11.74,Core,Core,0.62,0,,0,155288,687,Source One Financial Services,FL, richard hicks,0,0,FL311,Core
248503,hhisek,40774.34,144,Auto Approval,RV Station LTD - Donna -TX289,,TX,Donna,2026-08-11,2026-08-12,,2026,RV,New,,18.04,5.91,gott,,1844,11.49,4200,4200,false,,,11.74,Silver 1,Not Applicable,0.86,0,,0,47410,674,Connexus Credit Union,TX, manny gomez,1,1,TX289,Not Applicable
248470,hhisek,29283,180,Auto Approval,Noteboom RV LLC- Harrisburg -SD106,,SD,Harrisburg,2026-08-11,2026-08-13,,2016,RV,Used,747,6.14,5.27,dzilberchtein,,2996,8.99,2000,6500,false,,,10.49,Core,Core,0.76,0,,0,38500,792,Source One Financial Services,SD, hunter eggert,1,1,SD106,Core
248669,thovey,123331.59,240,Auto Approval,General RV - Ocala - FL237,General RV,FL,Ocala,2026-08-11,2026-08-12,,2026,RV,New,722,41.07,10.29,pcarter,,1213,10.24,69000,25000,false,,,10.99,Core,Core,1.25,0,,0,99032,732,Source One Financial Services,GA, chuck bell,1,1,FL237,Core
248599,lgrace,14450.61,120,Auto Approval,Chesapeake RV Solutions - VA112,,VA,Chesapeake,2026-08-11,2026-08-13,,2022,RV,Used,,42.14,3.33,jsmith,,2775,10.74,1500,1500,false,,,12.24,Core,Core,0.67,0,,0,21600,693,Source One Financial Services,VA, frank smith,1,1,VA112,Core
248680,mnava,75890.1,180,Decline,Fun Town RV-Giddings -TX314,Fun Town,TX,Giddings,2026-08-11,,,2026,RV,New,627,38.02,5.65,gott,,47,13.74,3000,9500,false,,,14.74,Silver 1,Silver 1,0.96,0,,0,79453,646,Source One Financial Services,TX, angela morrell,0,0,TX314,Silver
248537,,82296.43,180,Auto Decline,"Ron Hoover Companies of Donna, Inc -Tx277",Ron Hoover,TX,Donna,2026-08-11,,,2026,RV,New,,24.28,7.02,gott,,0,22.99,4000,9000,false,,,23.99,Bronze,Bronze,1.07,0,,0,76903.1,593,Source One Financial Services,TX,,0,0,TX277,Business First
248708,eavila,23999,180,Decline,I-15 RV - SCA114,,CA,HESPERIA,2026-08-11,,,2026,RV,New,643,20.43,3.71,jrubi,,2,13.74,3000,3000,false,,,14.74,Silver 1,Silver 1,0.83,0,,0,28771,656,Source One Financial Services,CA,,0,0,SCA114,Silver
248691,eavila,25570.86,120,Decline,Demontrond Automotive Group-TX397,,TX,Houston,2026-08-11,,,2021,RV,Used,,16.75,5.04,gott,,70,13.24,2500,2500,false,,,14.24,Silver 1,Silver 1,0.74,0,,0,34545,663,Source One Financial Services,TX, tegan summer,0,0,TX397,Silver
248699,,44751.25,180,Auto Decline,"Ron Hoover Companies of Donna, Inc -Tx277",Ron Hoover,TX,Donna,2026-08-11,,,2027,RV,New,632,64.84,5.25,gott,,0,14.99,5000,5000,false,,,15.99,Silver 2,Silver 2,1,0,,0,44894,634,Source One Financial Services,TX,,0,0,TX277,Silver
248585,rsimmons,32638.51,180,Decline,ROSS MOTORSPORTS INC - TX457,,TX,LUFKIN,2026-08-11,,,2026,Boat,New,,7.02,4.59,gott,,12,9.99,4500,4500,false,,,11.49,Core,Core,1.03,0,,0,31758.55,701,Source One Financial Services,TX, ryan williams,0,0,TX457,Core
248474,thovey,64201,180,Auto Approval,All About Boats - MO224,,MO,Osage Beach,2026-08-11,2026-08-11,,2016,Boat,Used,,43.71,13.85,jweller,,444,8.49,25000,25000,false,,,9.99,Core,Core,0.82,0,,0,78495,821,Source One Financial Services,KS, ryan lambert,1,1,MO224,Core
248670,rsimmons,70887.17,204,Decline,FUN TOWN RV - JACKSON - MI455,Fun Town,MI,Jackson,2026-08-11,,,2026,RV,New,663,32.61,10.19,dzilberchtein,,8,13.74,8600,18099.77,false,,,14.74,Silver 1,Silver 1,0.97,0,,0,73291,657,Source One Financial Services,MI, ken fields,0,0,MI455,Silver
248673,mlomedico,12145.13,120,Auto Approval,NewCoast - Boatzon - FL356,Marine Max,FL,Oldsmar,2026-08-11,2026-08-13,,2008,Boat,Used,716,35.23,2.17,S1House,,2817,11.49,1155,1155,false,,,12.99,Core,Core,0.72,0,,0,16841,760,Source One Financial Services,TX, christopher rogers,1,1,FL356,Core
248619,,63629.52,240,Cancelled,Optimum RV - La Feria - TX512,Optimum RV,TX,La Ferua,2026-08-11,,,2026,RV,New,,0,0,gott,,,22.99,3000,3000,false,,,23.99,Bronze,Bronze,1.02,0,,0,62165,,Source One Financial Services,TX, juan vasquez,0,0,TX512,Business First
248508,thovey,66914.43,240,Decline,Ron Hoover - Breckenridge - TX496,Ron Hoover,TX,Beckenridge,2026-08-11,,,2026,RV,Used,,32.69,14.56,gott,,15,13.74,6800,6800,false,,,14.74,Silver 1,Silver 1,0.74,0,,0,90200,644,Source One Financial Services,TX, cris stoker,0,0,TX496,Silver
248612,sbaker,25275,144,Approved,Norco RV Center - SCA180,,CA,Norco,2026-08-11,2026-08-11,,2024,RV,Used,,39.12,6.06,jrubi,,165,9.49,10000,10000,false,,,9.99,Silver 1,Not Applicable,0.72,0,,0,35300,689,Connexus Credit Union,CA,,1,1,SCA180,Not Applicable
248549,,23173.07,180,Auto Decline,Southern Mud Sports of the Midwest - IA225,,IA,Blue Grass,2026-08-11,,,2025,Boat,New,,57.94,1.32,gcoulombe,,0,9.99,2324,2324,false,,,11.49,Core,Core,2.19,0,,0,10563.03,720,Source One Financial Services,IA,,0,0,IA225,Core
248446,sdelarosa,28784.48,180,Decline,Blue Compass RV - Raleigh - NC157,Blue Compass,NC,Raleigh,2026-08-11,,,2022,RV,Used,,18.72,4.15,jsmith,,4,14.49,0,0,false,,,15.49,Silver 1,Silver 1,1.01,0,,0,28380,649,Source One Financial Services,VA, kayla bays,0,0,NC157,Silver
248610,mlomedico,76563.1,240,Decline,Intercoastal Financial Group LLC - 17401746,IFG,FL,Vero Beach,2026-08-11,,,2018,Boat,Used,,30.19,10.58,S1House,,37,9.74,15000,15000,false,,,10.99,Core,Core,1.13,0,,0,67500,772,Source One Financial Services,FL, zach edwards,0,0,17401746,Core
248638,lgrace,26848.62,144,Auto Approval,Barton Lake RV Sales -IN104,,IN,Fremont,2026-08-11,2026-08-13,,2024,RV,Used,,11.05,8.65,jharrington1,,2694,9.99,5000,5000,false,,,11.49,Core,Core,0.7,0,,0,38350,710,Source One Financial Services,IN, shane housholder,1,1,IN104,Core
248625,avera,25000,120,Auto Approval,Dixie Marine -OH139,,OH,Fairfield,2026-08-11,2026-08-12,,2026,Boat,New,,35.77,7.13,jharrington1,,1210,10.24,11000,11000,false,,,11.74,Core,Core,0.84,0,,0,29695,697,Source One Financial Services,OH, russell jay,1,1,OH139,Core
248465,,19995,120,Auto Decline,U Motors Inc -ND108,,ND,Fargo,2026-08-11,,,2003,Boat,New,,0,0,dzilberchtein,,0,22.99,0,0,false,,,23.99,Bronze,Bronze,0,0,,0,0,,Source One Financial Services,MO,,0,0,ND108,Business First
248533,mnava,35311.98,180,Auto Decline,Bradford Marine & ATV-Springdale-AR144,Bradford Marine,AR,Springdale,2026-08-11,,,2026,Boat,New,,48.58,7.68,jweller,,21,12.49,3600,3600,false,,,13.49,Silver 1,Silver 1,1.11,0,,0,31744,663,Source One Financial Services,AR, charlie jones,0,0,AR144,Silver
248484,mlomedico,19833.21,144,Decline,Olathe Ford Sales INC-KS127,,KS,Gardner,2026-08-11,,,2021,RV,Used,636,38.06,1.76,jweller,,40,8.49,2500,2500,false,,,9.99,Core,Core,0.85,0,,0,23210,782,Source One Financial Services,KS, megan wolf,0,0,KS127,Core
248600,,21575.58,120,Auto Decline,Blue Compass RV - Las Vegas - NV118,Blue Compass,NV,Las Vegas,2026-08-11,,,2027,RV,New,,67.07,5.12,ljablonoski,,0,14.99,2500,2500,false,,,15.99,Silver 2,Silver 2,0.99,0,,0,21792,637,Source One Financial Services,NV,,0,0,NV118,Silver
248646,thovey,31717.2,180,Auto Approval,"Wakeside Marine, LLC - IN212",,IN,Elkhart,2026-08-11,2026-08-11,,2011,Boat,Used,785,14.49,1.86,jharrington1,,35,9.49,19100,19100,false,,,10.99,Core,Core,1.04,0,,0,30365,810,Source One Financial Services,IL, jackson lambert,1,1,IN212,Core
248433,,19451,144,Auto Decline,"Holman Motors, Inc. -OH111",,OH,Batavia,2026-08-11,,,2026,RV,New,,64.1,9.9,jharrington1,,0,14.99,0,0,false,,,15.99,Silver 2,Silver 2,0.77,0,,0,25426,639,Source One Financial Services,OH,,0,0,OH111,Silver
248595,sbaker,52354.84,240,Decline,Blue Compass RV - Seguin - TX573,Blue Compass,TX,Sequin,2026-08-11,,,2016,RV,Used,,54.25,8.42,gott,,19,10.49,0,0,false,,,11.99,Core,Core,1.09,0,,0,47824,759,Source One Financial Services,TX, ryan campos,0,0,TX573,Core
248569,sbaker,33898.98,180,Decline,BAILEY TOLIVER RV - VICTORIA - TX472,,TX,VICTORIA,2026-08-11,,,2017,RV,Used,,28.7,6.68,gott,,6,14.99,5500,5500,false,,,15.99,Silver 1,Silver 1,0.77,0,,0,43835,656,Source One Financial Services,TX, jake boots,0,0,TX472,Silver
248617,,35448,180,Auto Decline,Bullitt County Auto and RV Sales Inc - KY138,,KY,Shephersville,2026-08-11,,,2022,RV,Used,,50.63,11.44,jharrington1,,0,13.24,2000,2000,false,,,14.24,Silver 1,Silver 1,35448,0,,0,1,672,Source One Financial Services,OH,,0,0,KY138,Silver
248498,mlomedico,42719.2,180,Approved,GIANT RECREATION WORLD PALM BAY - FL175,,FL,Palm Bay,2026-08-11,2026-08-11,,2026,RV,New,706,37.87,4.87,pcarter,,19,9.99,3900,3900,false,,,11.49,Core,Core,0.97,0,,0,44039,700,Source One Financial Services,FL, javitz roebuck,1,1,FL175,Core
248520,hhisek,165515.18,240,Approved,Phil Dill Boats -TX104,OneWater ,TX,Lewisville,2026-08-11,2026-08-11,,2026,Boat,New,,28.71,3.99,gott,,7,9.74,19000,19000,false,,,11.24,Core,Core,1.03,0,,0,161336.5,753,Source One Financial Services,TX, baily blackney,1,1,TX104,Core
248694,eavila,37344,144,Auto Approval,Pierce RV & Marine - Billings -  MT110,Easy Care,MT,Billings,2026-08-11,2026-08-13,,2026,RV,New,,26.91,7.36,dzilberchtein,,2469,10.24,2000,2000,false,,,10.49,Silver 1,Not Applicable,1.09,0,,0,34396,673,Connexus Credit Union,MT, jim lakes,1,1,MT110,Not Applicable
248461,hhisek,18330.5,72,Decline,BLUE COMPASS RV - CORPUS CHRISTI - TX459,Blue Compass,TX,CORPUS CHRISTI,2026-08-11,,,2022,RV,Used,,7.58,7.58,gott,,13,8.49,3200,3200,false,,,9.99,Core,Core,0.95,0,,0,19300,781,Source One Financial Services,TX, elisa escamilla,0,0,TX459,Core
248441,hhisek,24273.57,144,Decline,Liberty Trail RV - Sulphur Springs - TX580,,TX,Sulphur Springs,2026-08-11,,,2020,RV,Used,609,15.87,2.15,gott,,6,13.24,2750,2750,false,,,14.24,Silver 1,Silver 1,0.91,0,,0,26800,672,Source One Financial Services,TX, shaun woodruff,0,0,TX580,Silver
248662,,49450.05,180,Auto Decline,RGV RV SALES - TX569,,TX,Mission,2026-08-11,,,2027,RV,New,,46.53,11.24,gott,,0,14.99,5130,5130,false,,,15.99,Silver 2,Silver 2,1.04,0,,0,47496,632,Source One Financial Services,TX,,0,0,TX569,Silver
248630,mlomedico,31645,180,Decline,Moix RV - Conway - AR134,,AR,Conway,2026-08-11,,,2026,RV,New,,33.13,2.11,jweller,,11,13.74,3500,3500,false,,,14.74,Silver 1,Silver 1,0.82,0,,0,38768,653,Source One Financial Services,AR, chad cantrell,0,0,AR134,Silver
248469,ahunt,24000,144,Auto Approval,RAMBO MARINE - HANCEVILLE - AL136,OneWater ,AL,HANCEVILLE,2026-08-11,2026-08-11,,2012,Boat,Used,,36.48,2.34,jsmith,,52,8.99,10000,10000,false,,,10.49,Core,Core,0.77,0,,0,31300,838,Source One Financial Services,AL, gerrit vanderwerff,1,1,AL136,Core
248631,rsimmons,77977.43,204,Decline,Texas Trader RV - TX267,Ron Hoover,TX,La Feria,2026-08-11,,,2019,RV,Used,,12.61,6.54,gott,,72,8.99,10000,25000,false,,,10.49,Core,Not Applicable,0.8,0,,0,97900,793,Connexus Credit Union,TX, trey flores,0,0,TX267,Not Applicable
248488,,47086.28,180,Auto Decline,Next Motors Sales LLC-TX537,,TX,Rio Grande City,2026-08-11,,,2017,Boat,Used,,50.26,7.08,gott,,0,16.24,4900,4900,false,,,17.24,Silver 2,Silver 2,1.4,0,,,33624,639,Source One Financial Services,TX,,0,0,TX537,Silver
248506,hhisek,72167.02,240,Conditional Approval,GAUTHIERS RV CENTER INC - LA100,,LA,SCOTT,2026-08-11,2026-08-11,,2027,RV,New,721,41.55,3.81,gott,,8,8.74,3200,3600,false,,,10.24,Core,Core,0.9,0,,0,80460,765,Source One Financial Services,LA, patrick sonnier,1,1,LA100,Core
248574,sbaker,57235.08,120,Auto Approval,Rocky Ridge RV - Tyler - TX574,Rocky Ridge,TX,Tyler,2026-08-11,2026-08-11,,2021,RV,Used,,8.68,2.85,gott,,204,8.55,5900,5900,false,,,9.55,Core,Not Applicable,0.99,0,,0,58100,777,Ideal Credit Union,TX, brandon barsh,1,1,TX574,Not Applicable
248688,thovey,26465,180,Decline,Recreation USA LLC - Myrtle Beach - SC134,,SC,Myrtle Beach,2026-08-11,,,2018,RV,Used,,39.32,9.78,jsmith,,45,14.99,4000,4000,false,,,15.99,Silver 1,Silver 1,0.74,0,,0,35600,651,Source One Financial Services,SC, stan johnson,0,0,SC134,Silver
248485,hhisek,50777.85,180,Decline,ROCKY MOUNTAIN RV and MARINE - NM101,,NM,ALBUQUERQUE,2026-08-11,,,2026,Boat,New,,108.19,17.28,edominguez,,19,9.74,0,0,false,,,11.24,Core,Core,1.2,0,,0,42191,738,Source One Financial Services,NM, bianca mcclaskey,0,0,NM101,Core
248615,pmeza,12547.21,120,Decline,UNLIMITED RV - MO192,,MO,INDEPENDENCE,2026-08-11,,,2021,RV,Used,613,41.2,1.94,jweller,,87,10.74,1500,1500,false,,,12.24,Core,Not Applicable,0.98,0,,0,12800,689,Connexus Credit Union,MO, bill king,0,0,MO192,Not Applicable
248588,pmeza,30903,180,Auto Approval,Mid America RV -MO104,,MO,Carthage,2026-08-11,2026-08-11,,2026,RV,New,,26.41,2.86,jweller,,53,9.74,1000,6000,false,,,11.24,Core,Core,0.85,0,,0,36280,738,Source One Financial Services,MO, josh schmutz,1,1,MO104,Core
248666,mlomedico,22391,180,Decline,BEAUMONT RV - SCA108,,CA,BEAUMONT,2026-08-11,,,2021,RV,Used,607,30.17,2.69,jrubi,,16,14.49,0,39000,false,,,15.49,Silver 1,Silver 1,0,0,,0,0,654,Source One Financial Services,CA,,0,0,SCA108,Silver
248644,,37953,180,Auto Decline,Foothills Marine of Lake Norman- NC144,,NC,Mooresville,2026-08-11,,,2023,Boat,Used,,37.02,5.46,jsmith,,0,15.74,4000,4000,false,,,16.74,Silver 2,Silver 2,0.96,0,,0,39355,630,Source One Financial Services,NC,,0,0,NC144,Silver
248576,,28267.48,180,Auto Decline,Johnston RV Center - AL134,,AL,Decatur,2026-08-11,,,2026,RV,New,,49.91,4.79,jsmith,,0,13.74,3000,3000,false,,,14.74,Silver 1,Silver 1,0.82,0,,0,34659,650,Source One Financial Services,AL,,0,0,AL134,Silver
248704,eavila,76565.62,180,Decline,RV Country - Show Low - AZ366,RV Country,AZ,Lakeside,2026-08-11,,,2025,RV,New,,45.19,11.82,edominguez,,19,10.24,14000,14000,false,,,11.74,Core,Core,0.83,0,,0,91887.6,687,Source One Financial Services,AZ, cindy poulsen,0,0,AZ366,Core
248444,,68142.13,180,Auto Decline,D and D RV And Auto LLC -OH108,,OH,West Alexandria,2026-08-11,,,2026,RV,New,,38.45,10.01,jharrington1,,0,18.24,7000,7000,false,,,19.24,Silver 2,Silver 2,0.98,0,,0,69380,620,Source One Financial Services,OH,,0,0,OH108,Silver
248581,ahunt,77557.25,240,Auto Approval,Boating Atlanta - GA133,,GA,Gainesville,2026-08-11,2026-08-11,,2026,Boat,New,,38.35,5.29,jsmith,,88,7.24,13086,13086,false,,,8.74,Core,Core,1.17,0,,0,66130,843,Source One Financial Services,GA, josh haynes,1,1,GA133,Core
248443,lgrace,204924.7,240,Auto Approval,BOAT AND MOTOR SUPERSTORES PALM HARBOUR - FL155,,FL,PALM HARBOUR,2026-08-11,2026-08-11,,2026,Boat,New,,36.01,11.34,wstoutimore,,433,7.49,20000,8500,false,,,8.99,Core,Core,1.11,0,,0,185220,809,Source One Financial Services,FL, sandy sigman,1,1,FL155,Core
248548,sbaker,69349.37,240,Decline,RV Station LTD - Nacogdoches -TX367,,TX,NACOGDOCHES,2026-08-11,,,2026,RV,New,,23.42,5.39,gott,,14,14.99,0,45000,false,,,15.99,Silver 1,Silver 1,0.67,0,,0,103050,640,Source One Financial Services,TX, ryan reynolds,0,0,TX367,Silver
248551,,39687.5,60,Auto Decline,Freedom RV Service- TX529,,TX,Aransas Pass,2026-08-11,,,2018,RV,Used,,34.45,27.19,gott,,6,22.99,0,0,false,,,23.99,Bronze,Bronze,1.07,0,,,37000,535,Source One Financial Services,TX,,0,0,TX529,Business First
248530,sbaker,38321.18,204,Auto Approval,Premier Yamaha Boating Center/Aransas -TX209,,TX,Aransas,2026-08-11,2026-08-13,,2026,Boat,New,,32.14,4.55,gott,,3206,10.74,7000,7000,false,,,11.74,Silver 1,Core,0.99,0,,0,38624,699,Source One Financial Services,TX, mauri haygood,1,1,TX209,Silver
248516,pmeza,20080.73,180,Auto Approval,The Boat Dock LTD - IL214,,IL,Springfield,2026-08-11,2026-08-11,,2018,Boat,Used,729,22.23,2.4,gcoulombe,,31,8.49,7246,7246,false,,,9.99,Core,Core,0.87,0,,0,23105,804,Source One Financial Services,IL, sue gardner,1,1,IL214,Core
248486,thovey,26936.88,180,Auto Approval,Blue Compass-RV KC - Grain Valley - MO121,Blue Compass,MO,Grain Valley,2026-08-11,2026-08-12,,2021,RV,Used,703,32.29,4.94,jweller,,1930,10.49,0,0,false,,,11.99,Core,Core,1.17,0,,0,23100,720,Source One Financial Services,MO, aaron shockey,1,1,MO121,Core
248640,pmeza,24858,108,Auto Approval,Heartland Marine -MO131,,MO,Sunrise Beach,2026-08-11,2026-08-12,,2013,Boat,Used,,38.51,3.91,jweller,,1527,9.99,8032.34,8032.34,false,,,11.49,Core,Core,1.05,0,,0,23675,798,Source One Financial Services,MO, ashley maass,1,1,MO131,Core
248460,rsimmons,78110.32,240,Auto Approval,Bama RV - Opelika - AL151,,AL,Opelika,2026-08-11,2026-08-13,,2026,RV,New,720,22.12,5.86,jsmith,,3026,8.74,3500,3500,false,,,10.24,Core,Core,1.15,0,,0,67933,772,Source One Financial Services,AL, kevin horne,1,1,AL151,Core
248633,mlomedico,46880.66,180,Conditional Approval,Keystone RV Center  - PA110,Pete's RV,PA,Greencastle,2026-08-11,2026-08-11,,2026,RV,New,643,12.51,2.54,jharrington1,,21,9.99,2340,2340,false,,,11.49,Core,Core,0.99,0,,0,47461,714,Source One Financial Services,VA, jen habina,1,1,PA110,Core
248501,pmeza,30179.9,180,Auto Approval,Blue Compass RV - Oklahoma City - OK158,Blue Compass,OK,Norman,2026-08-11,2026-08-12,,2022,RV,Used,,21.79,6.36,jweller,,1776,10.74,1495,1495,false,,,12.24,Core,Core,0.91,0,,0,33150,682,Source One Financial Services,OK, jacqueline armendariz,1,1,OK158,Core
248697,,47749.62,180,Auto Decline,Demontrond Automotive Group-TX397,,TX,Houston,2026-08-11,,,2027,RV,New,,65.79,3.69,gott,,0,12.49,0,0,false,,,13.49,Silver 1,Silver 1,1.08,0,,0,44391,673,Source One Financial Services,TX,,0,0,TX397,Silver
248450,sbaker,44818.37,204,Auto Approval,CAMPERS INN RV OF ACWORTH - GA123,Campers Inn,GA,ACWORTH,2026-08-11,2026-08-11,,2020,RV,Used,805,42.97,3.03,jsmith,,30,8.49,2885,8885,false,,,9.99,Core,Core,1.18,0,,0,38100,797,Source One Financial Services,VA, matthew martinez,1,1,GA123,Core
248627,mlomedico,28857,144,Approved,NewCoast - Boatzon - FL356,Marine Max,FL,Oldsmar,2026-08-11,2026-08-11,,2025,Boat,New,,21.1,7.23,S1House,,32,12.49,8800,18800,false,,,13.49,Silver 1,Silver 1,0.78,0,,0,37100,673,Source One Financial Services,SC, christopher rogers,1,1,FL356,Silver
248705,mnava,34285.03,216,Decline,Bretz RV & Marine - Lake Crystal - MN842,Bretz RV,MN,Lake Crystal,2026-08-11,,,2022,RV,Used,,49.26,3.44,dzilberchtein,,11,13.24,2000,3511,false,,,14.24,Silver 1,Silver 1,1.01,0,,0,33935,678,Source One Financial Services,MN, hayley archuleta,0,0,MN842,Silver
248490,thovey,232900,240,Auto Approval,Nine Powersports - OK160,,OK,Eufaula,2026-08-11,2026-08-12,,2027,Boat,New,794,15.73,3.06,jweller,,1516,7.24,27000,52000,false,,,8.74,Core,Core,1.2,0,,0,193860,816,Source One Financial Services,OK, joshua brock,1,1,OK160,Core
248648,rsimmons,77476.45,240,Auto Approval,RV ROADWAY - OPELIKA - AL131,,AL,OPELIKA,2026-08-11,2026-08-12,,2026,RV,New,,23.9,3.69,jsmith,,1193,8.24,0,0,false,,,9.74,Core,Core,0.86,0,,0,90265,763,Source One Financial Services,AL, vincent kotarsky,1,1,AL131,Core
248579,thovey,112181.2,180,Auto Approval,Intercoastal Financial Group LLC - 17401746,IFG,FL,Vero Beach,2026-08-11,2026-08-11,,2006,Boat,Used,738,21.47,3.09,S1House,,93,9.49,26000,26000,false,,,10.74,Core,Core,1.05,0,,0,107234,815,Source One Financial Services,FL, zach edwards,1,1,17401746,Core
248482,ahunt,46775,240,Contract Received,Boating Atlanta - GA133,,GA,Gainesville,2026-08-11,2026-08-13,,2026,Boat,New,,21.09,3.62,jsmith,,3086,7.49,6005,6005,false,,16,8.99,Core,Core,1.15,0,,0,40829,862,Source One Financial Services,SC, josh haynes,1,1,GA133,Core
248652,pmeza,24149,120,Decline,Futrell Marine - Hot Springs - AR139,,AR,Hot Springs,2026-08-11,,,2016,Boat,Used,573,8.6,6.03,jweller,,15,22.99,2650,2650,false,,,23.99,Core,Core,1.04,0,,0,23205,722,Source One Financial Services,AR, madison miller,0,0,AR139,Core
248603,hhisek,39141.42,180,Approved,"Ron Hoover Companies of Donna, Inc -Tx277",Ron Hoover,TX,Donna,2026-08-11,2026-08-11,,2027,RV,New,675,18.63,2.87,gott,,25,12.49,7000,7000,false,,,13.49,Silver 1,Silver 1,0.9,0,,0,43258.9,670,Source One Financial Services,TX, julio pena,1,1,TX277,Silver
248611,mnava,60353.75,240,Auto Approval,SR1 RV - Loudon - NH115,,NH,Loudon,2026-08-11,2026-08-12,,2026,RV,New,,39.79,4.9,gcoulombe,,1195,8.49,10000,10000,false,,,9.99,Core,Core,0.81,0,,0,74406,766,Source One Financial Services,MA, mike fraser,1,1,NH115,Core
248642,mlomedico,100533.86,240,Auto Approval,Boaters World - Bradenton - FL229,,FL,Bradenton,2026-08-11,2026-08-13,,2026,Boat,New,,17.28,6.21,wstoutimore,,2899,8.24,40000,67000,false,,,9.74,Core,Core,0.81,0,,0,124592,774,Source One Financial Services,FL, stephen dimauro,1,1,FL229,Core
248449,lgrace,23738,144,Decline,General RV Center - North Canton - OH200,General RV,OH,North Canton,2026-08-11,,,2024,RV,Used,,20.47,6.59,jharrington1,,6,13.74,6000,6000,false,,,14.74,Silver 1,Silver 1,0.79,0,,0,30030,643,Source One Financial Services,OH, jon williams,0,0,OH200,Silver
248712,avera,40166.25,144,Decline,Sun City RV -AZ205,,AZ,Peoria,2026-08-11,,,2025,RV,New,,11.05,5.14,edominguez,,762,13.74,5000,5000,false,,,14.74,Silver 1,Not Applicable,0.97,0,,0,41489,649,Connexus Credit Union,CA, rory fields,0,0,AZ205,Not Applicable
248556,sbaker,25307.79,180,Decline,AMERICA GO RV (Seguin) -TX419,,TX,SEGUIN,2026-08-11,,,2023,RV,Used,,39.87,2.87,gott,,10,14.49,2590,2590,false,,,15.49,Silver 1,Silver 1,0.92,0,,0,27650,657,Source One Financial Services,TX, tanner towsend,0,0,TX419,Silver
248497,mlomedico,61093,240,Decline,Cold Springs RV LLC - NH105,,NH,Weare,2026-08-11,,,2026,RV,New,,18.31,7.41,gcoulombe,,14,12.49,6800,6800,false,,,13.49,Silver 1,Silver 1,0.81,0,,0,75386,672,Source One Financial Services,MA, norm vachon,0,0,NH105,Silver
248609,thovey,49009,180,Auto Approval,Hawkeye Boat Sales - IA173,,IA,Dubuque,2026-08-11,2026-08-11,,2022,RV,Used,714,37.18,3.45,gcoulombe,,31,9.99,0,844,false,,,11.49,Core,Core,1.08,0,,0,45550,742,Source One Financial Services,WI,,1,1,IA173,Core
248459,hhisek,39784.51,144,Decline,LEES COUNTRY RV- IN129,Easy Care,IN,BATESVILLE,2026-08-11,,,2027,RV,New,,41.77,3.75,jharrington1,,63,13.74,500,5200,false,,,14.74,Silver 1,Not Applicable,1.19,0,,0,33560,659,Connexus Credit Union,IN, jim lakes,0,0,IN129,Not Applicable
248462,mlomedico,79347.9,180,Auto Approval,Family Boating & Marine Centers of FL - EFL123,EPIC,FL,Tampa,2026-08-11,2026-08-12,,2016,Boat,Used,708,38.07,5.21,S1House,,1742,8.99,13000,13000,false,,,10.24,Core,Core,1.01,0,,0,78500,792,Source One Financial Services,FL, david bounphasaysonh,1,1,EFL123,Core
248452,rsimmons,48363.42,204,Decline,Blue Compass RV - Charlotte - NC153,Blue Compass,NC,Concord,2026-08-11,,,2026,RV,New,666,48.45,5.73,jsmith,,12,9.74,3100,8224,false,,,11.24,Core,Core,1.03,0,,0,46750.75,732,Source One Financial Services,NC, alex kottenstette,0,0,NC153,Core
248573,sbaker,11728.94,120,Verifications Incomplete,Ashley Marine - Panama City -  FL255,,FL,Panama City,2026-08-11,2026-08-13,,2026,Boat,New,,28.36,2.78,wstoutimore,,2833,8.74,15000,15000,false,,2,7.39,Core,Core,0.54,117.29,1,0,21802.05,766,Source One Financial Services,FL, amy silas,1,1,FL255,Core
248687,thovey,47964.29,144,Auto Approval,RV Station LTD - Donna -TX289,,TX,Donna,2026-08-11,2026-08-12,,2027,RV,New,,27.65,6.97,gott,,1034,12.99,5000,5000,false,,,12.99,Silver 2,Not Applicable,0.99,0,,0,48210,642,Connexus Credit Union,TX, manny gomez,1,1,TX289,Not Applicable
248543,hhisek,96247.39,240,Decline,Fun Town RV Amarillo - TX508,Fun Town,TX,Amarillo,2026-08-11,2026-08-11,,2026,RV,New,674,48.89,5.86,gott,,184,8.24,1000,11757.01,false,,,9.74,Core,Core,1.11,0,,0,86977,773,Source One Financial Services,TX, eric adams,0,0,TX508,Core
248604,avera,36592.9,204,Auto Approval,Setzer's World of Camping Inc - WV106,,WV,Huntington,2026-08-11,2026-08-11,,2026,RV,New,,25.1,6.62,jharrington1,,52,10.24,3800,3800,false,,,11.74,Core,Not Applicable,0.91,0,,0,40004,699,Connexus Credit Union,WV, eric collinsworth,1,1,WV106,Not Applicable
248593,hhisek,143855.11,240,Decline,Blue Compass RV - Austin - TX522,Blue Compass,TX,Buda,2026-08-11,,,2027,RV,New,,9.12,4.12,gott,,24,10.24,10000,10000,false,,,11.74,Core,Core,1.09,0,,0,132283.25,692,Source One Financial Services,TX, nicolas paez,0,0,TX522,Core
248445,,20442.48,144,Auto Decline,STAGECOACH RV SALES - IN180,,IN,PERU,2026-08-11,,,2018,RV,Used,,32.35,10.1,jharrington1,,0,22.99,4000,4000,false,,,23.99,Bronze,Bronze,1.18,0,,0,17325,615,Source One Financial Services,IL,,0,0,IN180,Business First
248565,,55885.45,180,Auto Decline,Magic Touch Inc - NCA143,,CA,Tulare,2026-08-11,,,2024,RV,New,,63.11,21.09,jrubi,,0,22.99,10000,10000,false,,,23.99,Bronze,Bronze,1.05,0,,0,53415,486,Source One Financial Services,CA,,0,0,NCA143,Business First
248495,eavila,207611.97,204,Conditional Approval,GIANT RECREATION WORLD WINTER GARDEN - FL172,,FL,WINTER GARDEN,2026-08-11,2026-08-11,,2026,RV,New,755,30.96,12.51,pcarter,,233,9.25,37000,46072.61,false,,,9.99,Core,Core,1.25,0,,0,166143,777,Source One Financial Services,FL, brandon plummer,1,1,FL172,Core
248575,lgrace,65570.68,240,Decline,OPTIMUM RV OCALA - FL162,Optimum RV,FL,OCALA,2026-08-11,,,2026,RV,New,,25.15,10.08,pcarter,,18,9.74,5000,5000,false,,,11.24,Core,Core,1.07,0,,0,61088,731,Source One Financial Services,FL, michael buskey,0,0,FL162,Core
248504,,20745.54,180,Auto Decline,Power Implements - LA106,,LA,Iowa,2026-08-11,,,2026,Boat,New,,39.78,5.11,gott,,0,14.99,2000,2000,false,,,15.99,Silver 2,Silver 2,1.41,0,,,14714.06,631,Source One Financial Services,LA,,0,0,LA106,Silver
248654,lgrace,19511.03,144,Decline,BUDS RV WORLD - KY101,,KY,Madisonville,2026-08-11,,,2021,RV,Used,665,29.57,2.06,jharrington1,,20,13.24,2000,2000,false,,,14.24,Silver 1,Silver 1,1.12,0,,0,17350,667,Source One Financial Services,TN, tom kimmel,0,0,KY101,Silver
248664,,25443.05,180,Auto Decline,FUN TOWN RV CORSICANA LP- TX451,Fun Town,TX,CORSICANA,2026-08-11,,,2027,RV,New,,6.64,1.22,gott,,0,14.99,1000,56609,false,,,15.99,Silver 2,Silver 2,0.31,0,,0,82128,627,Source One Financial Services,TX,,0,0,TX451,Silver
248602,lgrace,149970.06,240,Conditional Approval,Metro Boating - LA121,,LA,Harvey,2026-08-11,2026-08-11,,2026,Boat,New,,22.12,8.18,gott,,73,9.49,60100,60100,false,,,10.99,Core,Core,0.97,0,,0,155175,706,Source One Financial Services,AL,,1,1,LA121,Core
248663,mlomedico,38186.23,180,Decline,Campers Inn RV - Johnstown - CO163,Campers Inn,CO,Johnstown,2026-08-11,,,2024,RV,Used,,37.57,9.06,dzilberchtein,,12,12.49,4500,4500,false,,,13.49,Silver 1,Silver 1,1.3,0,,0,29425,669,Source One Financial Services,WY, glover howard,0,0,CO163,Silver
248651,mlomedico,17994,144,Auto Approval,BRETZ RV & MARINE - BILLINGS - MT115,Bretz RV,MT,Billings,2026-08-11,2026-08-11,,2022,RV,Used,737,44.36,5.28,dzilberchtein,,12,10.49,7500,7500,false,,,11.99,Core,Core,0.85,0,,0,21150,717,Source One Financial Services,MT, nikolaus hinebauch,1,1,MT115,Core
248562,mlomedico,16935.11,144,Auto Approval,Olathe Ford Sales INC-KS127,,KS,Gardner,2026-08-11,2026-08-12,,2019,RV,Used,709,31.38,1.13,jweller,,1812,8.49,2000,2000,false,,,9.99,Core,Core,0.85,0,,0,19900,850,Source One Financial Services,KS, dan hill,1,1,KS127,Core
248527,rsimmons,29002.67,180,Approved,Clear Creek Camping LLC-TX396,,TX,Abilene,2026-08-11,2026-08-11,,2026,RV,New,872,33.46,3.38,gott,,20,7.49,3000,3000,false,,,8.99,Core,Core,0.85,0,,0,34110,885,Source One Financial Services,TX, clay anderson,1,1,TX396,Core
248539,mlomedico,15770.29,120,Decline,Rock Solid Funding LLC - TX536,RSF,TX,BEDFORD,2026-08-11,,,2020,RV,Used,567,49.7,2.85,S1House,,14,15.74,0,0,false,,,16.74,Silver 1,Silver 1,0.83,0,,0,19000,640,Source One Financial Services,SC, ashley rogers,0,0,TX536,Silver
248525,sbaker,39501,180,Approved,JOHNNY'S RV SUPERSTORE LLC - AL124,,AL,THEODORE,2026-08-11,2026-08-11,,2022,RV,Used,,14.62,4.05,jsmith,,143,9.74,20000,20000,false,,,10.49,Core,Not Applicable,0.69,0,,0,57350,711,Connexus Credit Union,AL,,1,1,AL124,Not Applicable
248476,lgrace,30611.68,144,Approved,RV THERE YET - FL265,,FL,ST. AUGUSTINE,2026-08-11,2026-08-12,,2026,RV,New,,10.24,3.63,pcarter,,1817,8.99,5524,5524,false,,,9.74,Core,Not Applicable,0.9,0,,0,33903,715,Connexus Credit Union,NJ, guy amuial,1,1,FL265,Not Applicable
248675,mlomedico,23211.44,180,Decline,Blue Compass RV - Prescott - AZ361,Blue Compass,AZ,Prescott,2026-08-11,,,2026,RV,New,467,15.94,2.25,edominguez,,5,7.49,1000,3500,false,,,8.99,Core,Core,0.75,0,,0,30918.15,827,Source One Financial Services,AZ, jared dragon,0,0,AZ361,Core
248502,rsimmons,66595.85,240,Auto Approval,ANGLERS CHOICE - MARTINSVILLE - VA100,,VA,MARTINSVILLE,2026-08-11,2026-08-11,,2025,Boat,Used,699,40.83,2.71,jsmith,,33,7.49,15000,15000,false,,,8.99,Core,Core,0.7,0,,0,94620,844,Source One Financial Services,NC, brian shuler,1,1,VA100,Core
248578,avera,80569,240,Decline,"Holman Motors, Inc. -OH111",,OH,Batavia,2026-08-11,,,2026,RV,New,,57.82,7.06,jharrington1,,13,10.24,20000,56000,false,,,11.74,Core,Core,0.61,0,,0,131170,692,Source One Financial Services,KY,,0,0,OH111,Core
248438,lgrace,67207,240,Approved,Blue Compass RV - Concord - NC154,Blue Compass,NC,Concord,2026-08-11,2026-08-11,,2024,RV,Used,665,14.26,6.74,jsmith,,16,8.99,10000,10000,false,,,8.99,Core,Core,0.71,0,,0,94708,749,Source One Financial Services,NC, josh ball,1,1,NC154,Core
248618,sbaker,16397.79,144,Approved,Rock Solid Funding LLC - TX536,RSF,TX,BEDFORD,2026-08-11,2026-08-11,,2020,RV,Used,754,31.36,1.06,S1House,,24,7.99,1000,1000,false,,,9.49,Core,Core,0.86,0,,0,19000,846,Source One Financial Services,WA, ashley rogers,1,1,TX536,Core
248464,,5204.82,60,Auto Decline,Starr's Trailer Sales - PA141,,PA,Brockway,2026-08-11,,,2016,RV,Used,548,23.15,2.52,jharrington1,,0,22.99,0,0,false,,,23.99,Bronze,Bronze,1.25,0,,,4150,590,Source One Financial Services,PA,,0,0,PA141,Business First
248591,avera,31010.6,144,Conditional Approval,Safe Harbor Emerald Coast - FL324,,FL,Santa Rosa Beach,2026-08-11,2026-08-11,,2023,Boat,Used,,47.6,1.74,wstoutimore,,59,9.49,9500,9500,false,,,9.99,Core,Not Applicable,0.98,0,,0,31641,693,Connexus Credit Union,FL, jeff henley,1,1,FL324,Not Applicable
248555,rsimmons,149497.12,240,Decline,NXTLVL Marine LLC - TX502,,TX,New Braunfels,2026-08-11,,,2025,Boat,Used,,7.72,1.63,gott,,1690,8.24,80000,81500,false,,,9.74,Core,Not Applicable,0.61,0,,0,246210,771,Connexus Credit Union,TX, melanie stehling,0,0,TX502,Not Applicable
248524,hhisek,60635.18,180,Pending,"Ron Hoover Companies of Donna, Inc -Tx277",Ron Hoover,TX,Donna,2026-08-11,2026-08-11,,2027,RV,New,,22.42,7.02,gott,,8,13.74,12600,13165,false,,,14.74,Silver 1,Silver 1,1.2,0,,0,50552,656,Source One Financial Services,TX, julio pena,0,0,TX277,Silver
248496,mnava,72461.49,180,Auto Approval,General RV Center - South Weber - UT132,General RV,UT,South Weber,2026-08-11,2026-08-11,,2026,RV,New,,19.55,4.3,ljablonoski,,319,9.99,1000,8500,false,,,10.49,Core,Not Applicable,0.97,0,,0,74794,696,Connexus Credit Union,NC, dj daenzer,1,1,UT132,Not Applicable
248455,lgrace,42885.47,204,Approved,Uwharrie RV  (740 Motors) - NC125,,NC,Albemarle,2026-08-11,2026-08-11,,2024,RV,New,,36.14,9.31,jsmith,,15,9.74,4000,4600,false,,,11.24,Core,Core,1.06,0,,0,40600,728,Source One Financial Services,NC, brian bailey,1,1,NC125,Core
248528,mlomedico,30404,180,Decline,AC Nelsen RV World - NE103,,NE,Omaha,2026-08-11,,,2025,RV,New,,3.62,2.99,dzilberchtein,,2814,9.74,10000,10000,false,,,11.24,Core,Core,0.66,0,,0,45792,735,Source One Financial Services,IA, rian white,0,0,NE103,Core
248442,sbaker,213096.2,240,Auto Approval,AEONrv - ENV100,EPIC,NV,Reno,2026-08-11,2026-08-12,,2026,RV,New,869,22.62,10.27,S1House,,1510,7.49,60000,60000,false,,,8.99,Core,Core,1.05,0,,0,203785,869,Source One Financial Services,CO, mark roberts,1,1,ENV100,Core
248467,mlomedico,34048.05,180,Decline,South Florida Marine - EFL125,EPIC,FL,Boynton Beach,2026-08-11,,,2026,Boat,New,,76.45,2.6,S1House,,76,7.49,0,23000,false,,,8.99,Core,Core,0.9,0,,0,38017,825,Source One Financial Services,FL, jp lixie,0,0,EFL125,Core
248463,sdelarosa,20003.3,180,Approved,Buckeye RV LLC -OH225,,OH,Jefferson,2026-08-11,2026-08-11,,2025,RV,Used,,34.8,3.1,jharrington1,,28,10.24,5000,5000,false,,,11.74,Core,Core,0.74,0,,0,26950,696,Source One Financial Services,OH, ryan zimbric,1,1,OH225,Core
248557,sbaker,44953.15,240,Booked,SOUTHLAND RV - GA137,,GA,RICHMOND HILL,2026-08-11,2026-08-13,2026-08-13,2026,RV,New,,31.62,5.77,jsmith,3139,2873,9.99,6000,6000,false,247,19,11.49,Core,Core,0.97,2697.19,6,0,46325,711,Source One Financial Services,WV, colton hatch,1,0,GA137,Core
248626,sdelarosa,25262.87,180,Approved,LEES COUNTRY RV- IN129,Easy Care,IN,BATESVILLE,2026-08-11,2026-08-11,,2026,RV,New,689,40.03,2.3,jharrington1,,106,10.24,0,0,false,,,11.74,Core,Core,1,0,,0,25287,730,Source One Financial Services,IN, bradley taylor,1,1,IN129,Core
248481,lgrace,47928.3,180,Approved,WAGNERS OUTDOOR EXPRESS RV LLC - WV103,Easy Care,WV,FALLING WATERS,2026-08-11,2026-08-11,,2026,RV,New,793,20.73,3.92,jharrington1,,19,8.74,500,11159.7,false,,,10.24,Core,Core,1.06,0,,0,45101,772,Source One Financial Services,WV, bradley taylor,1,1,WV103,Core
248693,mnava,28519,180,Auto Approval,"Vantage Recreational Finance, Inc. -FL291",VRF,FL,FORT LAUDERDALE,2026-08-11,2026-08-12,,2017,Boat,Used,,28.92,4,S1House,,805,8.49,2000,2000,false,,,9.99,Core,Core,1.01,0,,0,28245,841,Source One Financial Services,OK, brian decastro,1,1,FL291,Core
248518,mlomedico,25032.3,180,Decline,GIANT RECREATION WORLD WINTER GARDEN - FL172,,FL,WINTER GARDEN,2026-08-11,,,2025,RV,Used,,15.77,8.7,pcarter,,31,13.74,2500,2500,false,,,14.74,Silver 1,Silver 1,0.73,0,,0,34255,659,Source One Financial Services,AR, brandon plummer,0,0,FL172,Silver
248689,thovey,48288.08,240,Auto Approval,Fun Town RV - Cleburne -TX108,Fun Town,TX,Cleburne,2026-08-11,2026-08-12,,2026,RV,New,818,24.09,3.21,S1House,,1064,7.24,1500,1500,false,,,8.74,Core,Core,1.17,0,,0,41288,819,Source One Financial Services,TX, brenden boggs,1,1,TX108,Core
248513,mlomedico,77670,180,Auto Approval,Intercoastal Financial Group LLC - 17401746,IFG,FL,Vero Beach,2026-08-11,2026-08-12,,2007,Boat,Used,653,28.28,1.82,S1House,,1369,11.74,4000,4000,false,,,12.99,Core,Core,0.64,0,,0,121420,727,Source One Financial Services,CA, beulah coleman,1,1,17401746,Core
248706,eavila,123715.15,204,Auto Approval,BLUE COMPASS RV - CORPUS CHRISTI - TX459,Blue Compass,TX,CORPUS CHRISTI,2026-08-11,2026-08-12,,2026,RV,New,772,28.07,6.53,gott,,972,8.99,5000,5000,false,,,9.49,Core,Core,0.96,0,,0,128723,795,Source One Financial Services,TX, elisa escamilla,1,1,TX459,Core
248480,hhisek,56527.79,180,Decline,NXTLVL Marine - Fort Worth -  TX547,,TX,Fort Worth,2026-08-11,,,2016,Boat,Used,664,50.95,6.18,gott,,22,9.74,0,10000,false,,,11.24,Core,Core,1,0,,0,56528,764,Source One Financial Services,OK, kandi ludwick,0,0,TX547,Core
248471,thovey,72553.53,180,Ready to Book,Bell Camper Sales - OK127,,OK,Bartlesville,2026-08-11,2026-08-11,,2026,RV,New,684,15.87,4.04,jweller,,474,9.99,9000,9000,false,,1154,10.49,Core,Not Applicable,1.17,1451.07,2,0,61766,685,Connexus Credit Union,OK,,1,1,OK127,Not Applicable
248607,rsimmons,24286.71,180,Booked,Alabama Campers Tuscaloosa-AL161,,AL,Tuscaloosa,2026-08-11,2026-08-12,2026-08-13,2022,RV,Used,,7.34,5.51,jsmith,2872,1539,7.99,3000,3000,false,1332,1,9.49,Core,Core,1.13,1457.2,6,0,21500,806,Source One Financial Services,AL, gustavo egidi,1,0,AL161,Core
248613,,17125.43,144,Auto Decline,HOPPERS RV LLC - TX546,,TX,Cypress,2026-08-11,,,2017,RV,Used,,59.43,5.47,gott,,0,16.24,2000,2000,false,,,17.24,Silver 2,Silver 2,1.32,0,,0,13000,627,Source One Financial Services,TX,,0,0,TX546,Silver
248544,thovey,27495.46,180,Auto Approval,CRABTREE RV CENTER INC - AR101,,AR,ALMA,2026-08-11,2026-08-11,,2022,RV,Used,,36.43,2.22,jweller,,217,9.99,2100,-550,false,,,11.49,Core,Core,1.15,0,,0,23950,741,Source One Financial Services,OK, mike jennings,1,1,AR101,Core
248634,mnava,57330.56,180,Conditional Approval,JEFF COUCHS CAMPERS -OH107,Jeff Couchs,OH,Trenton,2026-08-11,2026-08-11,,2026,RV,New,,26.66,13.32,jharrington1,,184,7.24,15000,15000,false,,,8.49,Core,Not Applicable,0.75,0,,0,76422,788,Connexus Credit Union,MA, derek hensley,1,1,OH107,Not Applicable
248451,rsimmons,58687.37,240,Decline,Ron Hoover - Odessa - TX495,Ron Hoover,TX,Odessa,2026-08-11,,,2021,RV,Used,,34.69,9.3,gott,,2,13.24,5900,5900,false,,,14.24,Silver 1,Silver 1,0.99,0,,0,59171,673,Source One Financial Services,TX, dexter traylor,0,0,TX495,Silver
248616,,26470.38,180,Auto Decline,Johnston RV Center - AL134,,AL,Decatur,2026-08-11,,,2024,RV,Used,,71.03,9.78,jsmith,,0,14.99,2800,2800,false,,,15.99,Silver 2,Silver 2,0.87,0,,0,30305,627,Source One Financial Services,AL,,0,0,AL134,Silver
248529,mnava,20458.97,180,Approved,D and H RV CENTER - NC117,,NC,APEX,2026-08-11,2026-08-11,,2027,RV,New,,26.18,1.96,jsmith,,47,10.24,2200,2200,false,,,11.74,Core,Core,0.98,0,,0,20783,693,Source One Financial Services,NC, evan chick,1,1,NC117,Core
248584,mnava,22449,180,Decline,"Vantage Recreational Finance, Inc. -FL291",VRF,FL,FORT LAUDERDALE,2026-08-11,,,2023,Boat,Used,,20.59,1.38,S1House,,53,8.49,2200,2200,false,,,9.99,Core,Core,1.65,0,,0,13575,787,Source One Financial Services,MS, brian decastro,0,0,FL291,Core
248479,pmeza,76024.84,240,Auto Approval,"Kris Willis RV, LLC -MO127",,MO,Dexter,2026-08-11,2026-08-11,,2026,RV,New,,17.52,5.39,jweller,,344,7.74,2000,23957.16,false,,,8.74,Core,Not Applicable,0.93,0,,0,82160,774,Connexus Credit Union,MO, mikayla hall,1,1,MO127,Not Applicable
248439,avera,33459.77,216,Booked,Fun Town RV - Nature Coast -FL302,Fun Town,FL,Crystal River,2026-08-11,2026-08-13,2026-08-13,2026,RV,New,,44.49,4.69,wstoutimore,3484,3432,9.49,2500,2500,false,40,12,10.99,Core,Core,0.87,2007.59,6,0,38410,714,Source One Financial Services,FL, bill uttech,1,0,FL302,Core
248671,,13031.25,120,Auto Decline,"Campers Inn RV of Myrtle Beach, Inc - SC109",Campers Inn,SC,Myrtle Beach,2026-08-11,,,2016,RV,Used,,18.56,3.7,jsmith,,0,22.99,3000,3000,true,,,24.99,Business First,Business First,0.84,0,,0,15565,,Source One Financial Services,NC,,0,0,SC109,Business First
248650,mlomedico,189994,240,Decline,Bob Hurley RV OKCity - OK139,,OK,Oklahoma City,2026-08-11,,,2027,RV,New,,33.84,16.76,jweller,,4,7.74,1500,31500,false,,,9.24,Core,Core,1.31,0,,0,145535,781,Source One Financial Services,OK, mike weatherford,0,0,OK139,Core
248545,,149343,240,Auto Decline,Blue Compass RV - Prescott - AZ361,Blue Compass,AZ,Prescott,2026-08-11,,,2014,RV,Used,,59.44,43,edominguez,,0,11.74,3000,3000,false,,,13.24,Core,Core,0.99,0,,0,151030,681,Source One Financial Services,OK,,0,0,AZ361,Core
248686,eavila,28370.16,180,Auto Approval,General RV - Tampa - FL238,General RV,FL,Dover,2026-08-11,2026-08-13,,2026,RV,New,652,29.07,1.97,wstoutimore,,2779,13.74,3800,3800,false,,,14.74,Silver 1,Silver 1,1.2,0,,0,23674,655,Source One Financial Services,FL, tommy miranda,1,1,FL238,Silver
248594,,54888.93,180,Auto Decline,Galeys Marine Supply - NCA150,,CA,Bakersfield,2026-08-11,,,2013,Boat,Used,686,40.09,3.91,ljablonoski,,0,16.74,6500,6500,false,,,17.74,Silver 2,Silver 2,1.04,0,,0,52921,638,Source One Financial Services,CA,,0,0,NCA150,Silver
248472,rsimmons,29250,144,Conditional Approval,JOHNNY'S RV SUPERSTORE LLC - AL124,,AL,THEODORE,2026-08-11,2026-08-11,,2017,RV,Used,,26.92,8.09,jsmith,,42,13.74,3000,3000,false,,,14.74,Silver 1,Silver 1,0.84,0,,0,34700,674,Source One Financial Services,AL,,1,1,AL124,Silver
248587,rsimmons,20405.28,144,Decline,Fun Town RV-Denton -TX322,Fun Town,TX,Denton,2026-08-11,,,2026,RV,New,725,58.78,1.75,gott,,21,9.99,5000,21000,false,,,11.49,Core,Core,0.52,0,,0,39187,703,Source One Financial Services,TX, jacob redante,0,0,TX322,Core
248507,,36918.69,180,Cancelled,Fish and Ski Marine - Canton - TX575,,TX,Canton,2026-08-11,,,2026,Boat,New,,0,0,gott,,,22.99,3500,6750,false,,,23.99,Bronze,Bronze,1.06,0,,0,34797,,Source One Financial Services,TX, paul hyland,0,0,TX575,Business First
248702,mnava,23582.1,144,Auto Approval,Blue Compass RV - Liberty Lake - WA154,Blue Compass,WA,Liberty Lake,2026-08-11,2026-08-11,,2026,RV,New,855,16.64,3.2,ljablonoski,,29,7.49,1500,1500,false,,,8.99,Core,Core,1.07,0,,0,22138,855,Source One Financial Services,WA, jordan kammarcal,1,1,WA154,Core
248596,rsimmons,65996.56,240,Auto Approval,RV ROADWAY - OPELIKA - AL131,,AL,OPELIKA,2026-08-11,2026-08-11,,2025,RV,New,,41.63,5.47,jsmith,,94,7.24,0,0,false,,,8.49,Core,Core,1.04,0,,0,63686,815,Source One Financial Services,AL, kelley shunnarah,1,1,AL131,Core
248658,sdelarosa,75048.02,240,Decline,RV Value Mart-Bethlehem-PA125,,PA,Bath,2026-08-11,,,2026,RV,New,,65.21,7.56,jharrington1,,9,7.49,7700,7700,false,,,8.99,Core,Core,0.95,0,,0,79240,833,Source One Financial Services,DE, marty dieppa,0,0,PA125,Core
248672,mnava,19363.71,144,Conditional Approval,General RV - Fort Myers - FL240,General RV,FL,Fort Myers,2026-08-11,2026-08-11,,2024,RV,Used,,15.01,2.98,wstoutimore,,137,8.49,5000,6500,false,,,9.24,Core,Not Applicable,0.75,0,,0,25800,705,Connexus Credit Union,RI, dustin knaggs,1,1,FL240,Not Applicable
248550,lgrace,82194,216,Auto Approval,"Vantage Recreational Finance, Inc. -FL291",VRF,FL,FORT LAUDERDALE,2026-08-11,2026-08-11,,2019,RV,Used,,18.45,12.84,S1House,,10,10.99,4000,4000,false,,,12.49,Core,Core,0.78,0,,0,105429,704,Source One Financial Services,MT, emily stratton,1,1,FL291,Core
248678,,47562.02,180,Cancelled,Southern Mud Sports LLC - AL165,,AL,Waverly,2026-08-11,,,2027,Boat,New,,0,0,jsmith,,,22.99,32000,32000,false,,,23.99,Bronze,Bronze,0.78,0,,0,61083.24,,Source One Financial Services,GA, jeff cantey,0,0,AL165,Business First
248698,thovey,53732,240,Auto Approval,Blue Compass-RV KC - Grain Valley - MO121,Blue Compass,MO,Grain Valley,2026-08-11,2026-08-12,,2027,RV,New,,35.44,3.02,jweller,,1466,9.49,7000,7000,false,,,10.99,Core,Core,0.82,0,,0,65878,719,Source One Financial Services,MO, aaron shockey,1,1,MO121,Core
248580,,24242.38,180,Auto Decline,Ashley Marine - Panama City -  FL255,,FL,Panama City,2026-08-11,,,2026,Boat,New,,151.56,9.1,wstoutimore,,7,22.99,5000,20000,false,,,23.99,Bronze,Silver 1,0.65,0,,0,37492.99,660,Source One Financial Services,FL, amy silas,0,0,FL255,Business First
248659,pmeza,57000,240,Auto Approval,Kent RV - WA151,,WA,Kent,2026-08-11,2026-08-12,,2021,RV,Used,853,13.92,3.66,ljablonoski,,1225,7.99,12000,12000,false,,,8.99,Core,Core,1.2,0,,0,47685,869,Source One Financial Services,WA,,1,1,WA151,Core
248713,avera,25384,180,Decline,Midway Auto & RV - Billings - MT107,,MT,Billings,2026-08-11,,,2016,RV,Used,791,15.85,4.92,dzilberchtein,,850,8.49,18000,18000,false,,,9.99,Core,Not Applicable,0.69,0,,0,36540,838,BMO Harris Bank,MT,,0,0,MT107,Not Applicable
248643,avera,17337.75,180,Decline,Blue Compass RV - Winston-Salem - NC159,Blue Compass,NC,Rural Hall,2026-08-11,,,2027,RV,New,,27.32,1.43,jsmith,,10,12.49,3900,3900,false,,,13.49,Silver 1,Silver 1,0.99,0,,0,17497.88,664,Source One Financial Services,IN, ryan wall,0,0,NC159,Silver
248622,,40732.7,240,Auto Decline,General RV - Ocala - FL237,General RV,FL,Ocala,2026-08-11,,,2026,RV,New,617,32.71,2.46,pcarter,,0,22.99,2400,7400,false,,,23.99,Bronze,Bronze,1.05,0,,0,38784,582,Source One Financial Services,FL,,0,0,FL237,Business First
248523,ahunt,77363.92,240,Auto Approval,BLUE COMPASS RV - DENTON - TX148,Blue Compass,TX,Denton,2026-08-11,2026-08-11,,2027,RV,New,,33.11,5.15,gott,,28,7.74,3000,10082.25,false,,,9.24,Core,Core,1.29,0,,0,60095,794,Source One Financial Services,TX, chad pickens,1,1,TX148,Core
248570,eavila,69315,180,Auto Approval,Blue Compass RV - Charleston - SC138,Blue Compass,SC,Ladson,2026-08-11,2026-08-11,,2026,RV,New,,37.18,9.85,jsmith,,114,12.49,500,13175,false,,,13.49,Silver 1,Silver 1,0.88,0,,0,79090,668,Source One Financial Services,SC, rebecca justus,1,1,SC138,Silver
248583,hhisek,71907.82,240,Decline,BISHS RV OF LONGVIEW - TX473,Bish's RV,TX,LONGVIEW,2026-08-11,,,2024,RV,Used,679,26.44,7.54,gott,,4,9.49,2100,2100,false,,,10.99,Core,Core,0.91,0,,0,78705,760,Source One Financial Services,TX, eddie vega,0,0,TX473,Core
248601,pmeza,26979.65,180,Approved,Fun Town RV Dallas -TX327,Fun Town,TX,Fate,2026-08-11,2026-08-11,,2026,RV,New,,35.37,2.81,gott,,35,9.99,2800,2800,false,,,11.49,Core,Core,0.83,0,,0,32633,701,Source One Financial Services,TX, brenden boggs,1,1,TX327,Core
248677,,47562.02,180,Cancelled,Southern Mud Sports LLC - AL165,,AL,Waverly,2026-08-11,,,2027,Boat,New,,0,0,jsmith,,,22.99,32000,32000,false,,,23.99,Bronze,Bronze,0.78,0,,0,61083.24,,Source One Financial Services,GA, jeff cantey,0,0,AL165,Business First
248526,hhisek,21546.57,180,Approved,RV Station LTD - Donna -TX289,,TX,Donna,2026-08-11,2026-08-11,,2020,RV,Used,,43.2,1.98,gott,,11,10.74,2200,2200,false,,,12.24,Core,Core,0.99,0,,0,21750,698,Source One Financial Services,TX, manny gomez,1,1,TX289,Core
248447,avera,44729,144,Auto Approval,Woodland Airstream of Kentucky - KY151,,KY,Georgetown,2026-08-11,2026-08-11,,2018,RV,Used,,29.44,10.52,jharrington1,,32,9.74,1000,25000,false,,,11.24,Core,Core,0.68,0,,0,65600,762,Source One Financial Services,IN,,1,1,KY151,Core
248554,mlomedico,13841.25,120,Auto Approval,ZOOMERS RV OF ILLINOIS - IL255,,IL,INA,2026-08-11,2026-08-11,,2026,RV,New,,16.85,5.14,gcoulombe,,12,7.99,6000,6000,false,,,9.49,Core,Core,0.86,0,,0,16006,793,Source One Financial Services,IL, austin sluder,1,1,IL255,Core
248487,hhisek,29246.31,180,Auto Decline,Ashley Marine LLC - GA147,,GA,Columbus,2026-08-11,2026-08-11,,2026,Boat,New,,47.12,4.88,jsmith,,281,12.49,3000,3375,false,,,13.49,Silver 1,Silver 1,1.05,0,,0,27978.4,664,Source One Financial Services,GA, shirley ashley,0,0,GA147,Silver
248683,,41144.65,180,Auto Decline,RV ROADWAY - OPELIKA - AL131,,AL,OPELIKA,2026-08-11,,,2026,RV,New,613,31.55,8.21,jsmith,,0,14.99,0,0,false,,,15.99,Silver 2,Silver 2,0.93,0,,0,44323,634,Source One Financial Services,AL,,0,0,AL131,Silver
248536,sbaker,22205.25,180,Auto Approval,Carpenters Campers Inc - FL226,,FL,Pensacola,2026-08-11,2026-08-13,,2026,RV,New,810,15.31,1.69,wstoutimore,,3081,7.49,4000,4000,false,,,8.99,Core,Core,1.19,0,,0,18726.67,827,Source One Financial Services,FL, tracey carpenter,1,1,FL226,Core
248586,rsimmons,36919.1,180,Decline,Fun Town RV - Cleburne -TX108,Fun Town,TX,Cleburne,2026-08-11,,,2026,RV,New,,30.12,3.98,S1House,,18,12.49,3900,3900,false,,,13.49,Silver 1,Silver 1,0.93,0,,0,39626,663,Source One Financial Services,TX, brenden boggs,0,0,TX108,Silver
248510,mlomedico,51029.34,240,Decline,General RV- Clarkston -MI414,General RV,MI,KOKOMO,2026-08-11,,,2026,RV,New,,27.5,3.3,dzilberchtein,,5,12.49,5700,5700,false,,,13.49,Silver 1,Silver 1,0.97,0,,0,52855,665,Source One Financial Services,TN, tim mccorkle,0,0,MI414,Silver
248477,mlomedico,20727,144,Booked,McDowell South Inc - MO203,,MO,Jackson,2026-08-11,2026-08-13,2026-08-13,2026,RV,New,,24.67,1.15,jweller,3105,2804,7.49,2100,2100,false,301,0,8.99,Core,Core,0.84,1243.62,6,0,24542,819,Source One Financial Services,MO, alan sellers,1,0,MO203,Core
248711,thovey,101458.45,240,Approved,Blue Compass RV - Wheat Ridge - CO162,Blue Compass,CO,Wheat Ridge,2026-08-11,2026-08-11,,2026,RV,New,728,35.49,9.97,dzilberchtein,,58,8.99,5000,5000,false,,,10.49,Core,Core,1,0,,0,101331,760,Source One Financial Services,WY, shawn nelson,1,1,CO162,Core
248656,,21446.72,120,Auto Decline,Fun Town RV - Kansas City - MO231,Fun Town,MO,Buckner,2026-08-11,,,2027,RV,New,490,18.87,4.52,jweller,,0,14.99,15000,15000,false,,,15.99,Silver 2,Silver 2,0.68,0,,0,31314,628,Source One Financial Services,MO,,0,0,MO231,Silver
248710,,24574.03,180,Auto Decline,RV's of Sacramento - NCA136,,CA,Elk Grove,2026-08-11,,,2026,RV,New,,33.7,3.4,jrubi,,0,22.99,2500,2500,false,,,23.99,Bronze,Bronze,0.98,0,,0,25012.34,537,Source One Financial Services,CA,,0,0,NCA136,Business First
248492,,29563,180,Auto Decline,"Thatcher RV Sales, Inc. -IN123",,IN,Center Point,2026-08-11,,,2026,RV,New,,75.81,18.05,jharrington1,,0,22.99,3500,3500,false,,,23.99,Bronze,Bronze,1.09,0,,0,27135,484,Source One Financial Services,IN,,0,0,IN123,Business First
248547,edominguez,17870.23,144,Auto Approval,Blue Compass RV - Tucson - AZ364,Blue Compass,AZ,Tucson,2026-08-11,2026-08-11,,2026,RV,New,687,10.46,0.76,edominguez,,205,11.24,0,50000,false,,,11.99,Core,Core,0.25,0,,0,70393,687,Source One Financial Services,AZ, ambez miran,1,1,AZ364,Core
248655,,37543.54,240,Auto Decline,Rock Solid Funding LLC - TX536,RSF,TX,BEDFORD,2026-08-11,,,2022,RV,Used,,16.92,5.04,S1House,,0,22.99,1500,1500,false,,,23.99,Bronze,Bronze,0.72,0,,0,52200,520,Source One Financial Services,OK,,0,0,TX536,Business First
248535,,58514.24,180,Auto Decline,Century Auto/RV -TX344,,TX,AMARILLO,2026-08-11,,,2021,RV,Used,,64.16,37.22,gott,,0,22.99,5000,5000,false,,,23.99,Bronze,Bronze,1.05,0,,,55770,614,Source One Financial Services,TX,,0,0,TX344,Business First
248448,rsimmons,11754.6,120,Approved,Buffalo Trail Recreation - MI466,,MI,Midland,2026-08-11,2026-08-11,,2022,RV,Used,638,30.57,1.82,dzilberchtein,,63,13.24,1350,1350,false,,,14.24,Silver 1,Silver 1,0.89,0,,0,13150,668,Source One Financial Services,MI, kyle staelgraeve,1,1,MI466,Silver
248709,avera,74994.9,204,Decline,Fun Town RV - Cleburne -TX108,Fun Town,TX,Cleburne,2026-08-11,,,2026,RV,Used,,30.86,8.82,S1House,,708,13.74,30600,40241.03,false,,,14.74,Silver 1,Silver 1,0.6,0,,0,126005,654,Source One Financial Services,OK, brenden boggs,0,0,TX108,Silver
248531,,61676.22,240,Auto Decline,"Vantage Recreational Finance, Inc. -FL291",VRF,FL,FORT LAUDERDALE,2026-08-11,,,2026,Boat,New,,30.61,5.75,S1House,,0,14.99,10000,10000,false,,,15.99,Silver 2,Silver 2,1.1,0,,0,56160,633,Source One Financial Services,MN,,0,0,FL291,Silver
248489,mlomedico,82167.79,240,Pending,Rock Solid Funding LLC - TX536,RSF,TX,BEDFORD,2026-08-11,,,2026,Boat,New,,21.67,4.12,S1House,,,7.49,2500,2500,false,,,8.99,Core,Core,1.07,0,,0,77000,830,Source One Financial Services,WV, caleb grassi,0,0,TX536,Core
248701,eavila,103640.5,180,Decline,Germaine Marine/Tige Performance LLC -AZ131,,AZ,Mesa,2026-08-11,,,2020,Boat,Used,,33.01,5.19,edominguez,,17,13.24,0,12000,false,,,14.24,Silver 1,Silver 1,0.98,0,,0,106293,679,Source One Financial Services,AZ, reed whiting,0,0,AZ131,Silver
248605,,48152.31,180,Auto Decline,RV STATION LLC - COLBERT - OK125,,OK,COLBERT,2026-08-11,,,2026,RV,New,,114.24,10.47,jweller,,0,13.74,5000,5000,false,,,14.74,Silver 1,Silver 1,1.06,0,,0,45459,642,Source One Financial Services,OK,,0,0,OK125,Silver
248500,mnava,28744.59,180,Conditional Approval,Day Bros Auto Boat & RV Sales - Monticello - KY142,,KY,Monticello,2026-08-11,2026-08-11,,2021,RV,Used,763,30.54,1.72,jharrington1,,22,7.99,10000,10760.35,false,,,9.49,Core,Core,1.09,0,,0,26450,819,Source One Financial Services,KY, faith day,1,1,KY142,Core
248540,mlomedico,33195,180,Auto Approval,Tulsa RV Outlet Center - OK108,,OK,TULSA,2026-08-11,2026-08-11,,2023,RV,Used,,31.11,5.57,jweller,,25,9.24,4000,4000,false,,,10.74,Core,Core,0.81,0,,0,41200,780,Source One Financial Services,OK, david digiovanni,1,1,OK108,Core
248690,,37685.04,180,Auto Decline,Fun Town RV - Las Vegas - NV116,Fun Town,NV,Las Vegas,2026-08-11,,,2027,RV,New,,32.46,10.4,ljablonoski,,0,22.99,3000,3000,false,,,23.99,Bronze,Bronze,0.95,0,,0,39711,611,Source One Financial Services,CA,,0,0,NV116,Business First
248456,avera,19086,144,Decline,Yonaks  Inc  -OH140,,OH,BELMONT,2026-08-11,,,2021,RV,Used,,30.96,5.19,jharrington1,,6,13.24,2000,2000,false,,,14.24,Silver 1,Silver 1,1.2,0,,0,15900,661,Source One Financial Services,WV, dave yonak,0,0,OH140,Silver
248511,mlomedico,34020.69,120,Decline,LDRV of Tampa - FL340,Campers Inn,FL,Seffner,2026-08-11,,,2020,RV,Used,,26.91,11.79,wstoutimore,,129,10.74,3500,12000,false,,,12.24,Core,Not Applicable,0.81,0,,0,41900,696,Ideal Credit Union,FL, craig haselbush,0,0,FL340,Not Applicable
248665,lgrace,77385.28,240,Decline,TAC RV - NC121,,NC,Moyock,2026-08-11,,,2026,RV,New,,16.29,10.49,jsmith,,28,7.99,8200,8200,false,,,9.49,Core,Not Applicable,0.94,0,,0,82098,786,Connexus Credit Union,NC, dana overman,0,0,NC121,Not Applicable
248567,avera,20616,180,Approved,Blue Compass - Mobile - AL170,Blue Compass,AL,Theodore,2026-08-11,2026-08-11,,2026,RV,New,,29.21,6.26,jsmith,,23,8.74,2500,2500,false,,,10.24,Core,Core,0.87,0,,0,23670,764,Source One Financial Services,AL, dylan howard,1,1,AL170,Core
248647,lgrace,99863.18,240,Auto Approval,General RV - Winter Garden - FL239,General RV,FL,Winter Garden,2026-08-11,2026-08-13,,2026,RV,New,676,18.62,1.87,pcarter,,2438,10.24,24000,25000,false,,,11.74,Core,Core,1.2,0,,0,83406,687,Source One Financial Services,FL, sebastian beltran,1,1,FL239,Core
248653,sbaker,153449.37,240,Auto Approval,Dockside Marine LLC - ETX118,EPIC,TX,Montgomery,2026-08-11,2026-08-11,,2021,Boat,Used,,43.77,9.61,S1House,,127,9.49,16500,14500,false,,,10.99,Core,Core,1.04,0,,0,147000,758,Source One Financial Services,TX, jp lixie,1,1,ETX118,Core
248684,pmeza,47776,180,Auto Approval,RV SUPERCENTER - SCA145,,CA,MENIFEE,2026-08-11,2026-08-12,,2026,RV,New,,37.86,6.18,jrubi,,1382,10.24,25000,25000,false,,,11.74,Core,Core,0.76,0,,0,63010,695,Source One Financial Services,CA, veronica costa,1,1,SCA145,Core
248538,lgrace,18595.94,180,Auto Approval,Intercoastal Financial Group LLC - 17401746,IFG,FL,Vero Beach,2026-08-11,2026-08-11,,2018,RV,Used,,20.27,1.49,S1House,,181,11.24,3000,3000,false,,,12.49,Core,Core,0.84,0,,0,22150,684,Source One Financial Services,KY, stephen jolles,1,1,17401746,Core
248437,avera,35120.66,180,Decline,Keystone RV Center  - PA110,Pete's RV,PA,Greencastle,2026-08-11,,,2026,RV,New,670,44.5,8.24,jharrington1,,18,9.99,500,-11200,false,,,11.49,Core,Core,1.21,0,,0,29002,705,Source One Financial Services,PA, jen habina,0,0,PA110,Core
248515,hhisek,42619.43,180,Conditional Approval,"Ron Hoover Companies of Donna, Inc -Tx277",Ron Hoover,TX,Donna,2026-08-11,2026-08-11,,2026,RV,New,,3.68,2.37,gott,,91,7.74,5000,5000,false,,,8.74,Core,Not Applicable,0.89,0,,0,47756,754,Connexus Credit Union,TX, julio pena,1,1,TX277,Not Applicable
248478,avera,169995.75,216,Auto Approval,BOAT AND MOTOR SUPERSTORES PALM HARBOUR - FL155,,FL,PALM HARBOUR,2026-08-11,2026-08-11,,2013,Boat,Used,,21.6,10.01,wstoutimore,,108,11.24,150000,150000,false,,,12.74,Core,Core,0.61,0,,0,279653,740,Source One Financial Services,FL, diandra cannon,1,1,FL155,Core
248657,pmeza,39600,180,Decline,BRETZ RV & MARINE - NAMPA - ID119,Bretz RV,ID,Nampa,2026-08-11,,,2021,RV,Used,,39.93,11.93,ljablonoski,,3,10.49,1000,4714,false,,,11.99,Core,Core,1.2,0,,0,33000,705,Source One Financial Services,OR, taylor roby,0,0,ID119,Core
248542,mlomedico,32630.88,180,Decline,Freedom RV-AZ252,,AZ,Tucson,2026-08-11,,,2020,RV,Used,,29.67,3.68,edominguez,,19,14.49,3000,3000,false,,,15.49,Silver 1,Silver 1,1.58,0,,0,20600,644,Source One Financial Services,TX, tyler temple,0,0,AZ252,Silver
248590,eavila,11039,120,Conditional Approval,Fun Town RV - Little Rock - AR126,Fun Town,AR,Bryant,2026-08-11,2026-08-11,,2016,RV,Used,,16.25,1.69,jweller,,19,13.74,4000,4000,false,,,14.74,Silver 1,Silver 1,0.58,0,,0,19050,670,Source One Financial Services,AR, wade meeks,1,1,AR126,Silver
248483,ahunt,54219.7,180,Auto Approval,STOKLEYS MARINE - KY120,,KY,NICHOLASVILLE,2026-08-11,2026-08-11,,2025,Boat,New,,44.38,9.19,jharrington1,,44,7.49,0,1900,false,,,8.99,Core,Core,1.02,0,,0,52957,809,Source One Financial Services,KY, erin tuttle,1,1,KY120,Core
248685,,11874,144,Auto Decline,GARLANDS RV OF TENNESSEE - TN122,,TN,SPRINGVILLE,2026-08-11,,,2026,RV,New,,6.36,6.36,jsmith,,0,22.99,1100,1100,false,,,23.99,Bronze,Bronze,0.6,0,,0,19883,,Source One Financial Services,TN,,0,0,TN122,Business First
248454,rsimmons,25117,180,Decline,Crowder RV Center- TN109,Canopy Financial,TN,Johnson City,2026-08-11,,,2023,RV,Used,716,51.32,3.4,jsmith,,13,9.99,5000,5000,false,,,11.49,Core,Core,0.96,0,,0,26200,760,Source One Financial Services,TN, mac mclelland,0,0,TN109,Core
248494,mlomedico,57118.2,240,Decline,"Zoomers RV of Indiana, LLC -IN168",,IN,WABASH,2026-08-11,,,2026,RV,New,,59.93,3.2,jharrington1,,19,7.99,15000,15000,false,,,9.49,Core,Core,0.72,0,,0,79246,798,Source One Financial Services,OH, jennifer fuhrman,0,0,IN168,Core
248681,thovey,45597.43,180,Decline,RV Station LTD - Donna -TX289,,TX,Donna,2026-08-11,,,2026,RV,New,,28.46,7.78,gott,,25,22.99,4700,4700,false,,,23.99,Silver 1,Silver 1,0.96,0,,0,47410,642,Source One Financial Services,TX, manny gomez,0,0,TX289,Silver
248645,mnava,19682.16,144,Conditional Approval,General RV-West Palm Beach-FL266,General RV,FL,West Palm Beach,2026-08-11,2026-08-11,,2021,RV,Used,,33.64,2.1,pcarter,,30,10.74,1500,5404.73,false,,,12.24,Core,Core,1.1,0,,0,17850,699,Source One Financial Services,FL, tim mccorkle,1,1,FL266,Core
248541,hhisek,13500,120,Approved,"Holman Motors, Inc. -OH111",,OH,Batavia,2026-08-11,2026-08-11,,2027,RV,New,,41.71,3.77,jharrington1,,6,9.74,1000,1000,false,,,11.24,Core,Core,0.69,0,,0,19635,738,Source One Financial Services,OH,,1,1,OH111,Core
248440,sbaker,35285,180,Decline,Tulsa RV Outlet Center - OK108,,OK,TULSA,2026-08-11,,,2023,RV,Used,,69.11,11.09,jweller,,7,7.99,4000,4000,false,,,9.49,Core,Core,1.09,0,,0,32318,866,Source One Financial Services,OK, david digiovanni,0,0,OK108,Core
248696,mnava,20142,180,Auto Approval,RV SUPERCENTER - SCA145,,CA,MENIFEE,2026-08-11,2026-08-12,,2023,RV,Used,,31.9,2.09,jrubi,,1339,8.49,5000,5000,false,,,9.99,Core,Core,1.1,0,,0,18300,786,Source One Financial Services,CA, veronica costa,1,1,SCA145,Core
248568,sdelarosa,73274.4,180,Auto Approval,Atlantic Pro - FL333,,FL,Palmetto,2026-08-11,2026-08-13,,2016,Boat,Used,,34.31,7.22,wstoutimore,,2729,14.99,45000,45000,false,,,15.99,Silver 1,Silver 1,0.64,0,,0,115285,654,Source One Financial Services,FL, yelena mikhelson,1,1,FL333,Silver
248667,pmeza,28811.62,180,Decline,Dalton RV LLC-AR132,Warrior Performance,AR,Morrilton,2026-08-11,,,2027,RV,New,,10.03,6.85,jweller,,11,10.24,4000,4000,false,,,11.74,Core,Core,0.89,0,,0,32393,695,Source One Financial Services,TN, kyle smith,0,0,AR132,Core
248558,,26443.95,180,Auto Decline,"Thatcher RV Sales, Inc. -IN123",,IN,Center Point,2026-08-11,,,2025,RV,New,,40.03,4.57,jharrington1,,0,22.99,3500,3500,false,,,23.99,Bronze,Bronze,0.98,0,,0,26940,600,Source One Financial Services,IN,,0,0,IN123,Business First
248628,mlomedico,73369.7,240,Decline,Lichtsinn Motors - IA137,,IA,Forest City,2026-08-11,2026-08-12,,2026,RV,New,719,36.94,11.57,gcoulombe,,1613,7.24,35000,60000,false,,,8.49,Core,Not Applicable,0.56,0,,0,131010,777,Connexus Credit Union,IA, cody hennigar,0,0,IA137,Not Applicable
248457,lgrace,20040.06,180,Booked,Parkland RV-MO220,Canopy Financial,MO,Leadington,2026-08-11,2026-08-11,2026-08-12,2020,RV,Used,690,32.64,2.74,jweller,1753,573,10.49,1750,1750,false,1156,24,11.49,Core,Core,1.1,801.6,4,0,18200,715,Source One Financial Services,MO, matt kurtz,1,0,MO220,Core
248499,hhisek,45597.43,144,Conditional Approval,RV Station LTD - Donna -TX289,,TX,Donna,2026-08-11,2026-08-11,,2026,RV,New,,27.3,6.63,gott,,105,12.99,4700,4700,false,,,12.99,Silver 1,Not Applicable,0.96,0,,0,47410,642,Connexus Credit Union,TX, manny gomez,1,1,TX289,Not Applicable
248695,pmeza,99272.01,240,Decline,Granger Chevrolet Inc. -TX382,,TX,ORANGE,2026-08-11,,,2018,RV,Used,553,28.34,6.22,gott,,48,8.99,11030.22,11030.22,false,,,10.49,Core,Core,1.09,0,,0,91408,791,Source One Financial Services,TX,,0,0,TX382,Core
248621,mnava,15397.79,144,Conditional Approval,Rock Solid Funding LLC - TX536,RSF,TX,BEDFORD,2026-08-11,2026-08-11,,2018,RV,Used,,23.08,1.94,S1House,,36,11.24,2000,2000,false,,,12.74,Core,Core,1.09,0,,0,14150,683,Source One Financial Services,NE, trevor bescherer,1,1,TX536,Core
248639,edominguez,34175,180,Conditional Approval,Puyallup RV - Vancouver -WA141,,WA,Vancouver,2026-08-11,2026-08-11,,2017,RV,Used,,30.73,6.69,ljablonoski,,37,8.49,5000,15000,false,,,9.99,Core,Core,1.19,0,,0,28676,841,Source One Financial Services,WA,,1,1,WA141,Core
248753,,34039.97,180,Auto Decline,Fun Town RV Amarillo - TX508,Fun Town,TX,Amarillo,2026-08-12,,,2027,RV,New,649,23.95,2.57,gott,,0,22.99,3500,3500,false,,,23.99,Bronze,Bronze,0.9,0,,0,37937,602,Source One Financial Services,TX,,0,0,TX508,Business First
248833,mlomedico,25660,180,Auto Approval,Ski's Truck and RV Sales - IN213,Easy Care,IN,Rockville,2026-08-12,2026-08-12,,2019,RV,Used,725,10.72,2.02,jharrington1,,8,10.49,2600,2600,false,,,11.99,Core,Core,0.64,0,,0,40150,759,Source One Financial Services,IL, jim lakes,1,1,IN213,Core
248950,thovey,69919,240,Decline,Miles RV Center - NC165,,NC,Hendersonville,2026-08-12,,,2026,RV,New,,63.75,19.02,jsmith,,52,10.24,7500,7500,false,,,11.74,Core,Core,0.86,0,,0,80981,681,Source One Financial Services,NC, jevon bryant,0,0,NC165,Core
248839,lgrace,19693.54,144,Decline,"Campers Inn RV of South Louisville, Inc. - KY147",Campers Inn,KY,Lebanon Junction,2026-08-12,,,2025,RV,New,,41.98,7.35,jharrington1,,3,13.74,3000,3000,false,,,14.74,Silver 1,Silver 1,0.83,0,,0,23800,647,Source One Financial Services,KY, david williams,0,0,KY147,Silver
248798,Jhill,22549,180,Approved,"Vantage Recreational Finance, Inc. -FL291",VRF,FL,FORT LAUDERDALE,2026-08-12,2026-08-12,,2019,RV,Used,,42.05,2.95,S1House,,11,10.49,5000,5000,false,,,11.99,Core,Core,1.1,0,,0,20500,745,Source One Financial Services,IA, jenica carpentier,1,1,FL291,Core
248922,rsimmons,73623.72,240,Decline,Bent's RV - LA117,,LA,Boutte,2026-08-12,,,2026,RV,New,737,21.45,5.02,gott,,9,9.99,5000,5000,false,,,11.49,Core,Core,0.86,0,,0,85951,701,Source One Financial Services,LA, louis lebreton,0,0,LA117,Core
248772,mlomedico,29339.83,180,Auto Approval,Fun Town RV- Waco-TX212,Fun Town,TX,Hewitt,2026-08-12,2026-08-12,,2026,RV,New,,32.62,3.49,gott,,8,9.99,3000,3000,false,,,11.49,Core,Core,1.08,0,,0,27121,714,Source One Financial Services,TX, matt peacock,1,1,TX212,Core
248767,sbaker,18147.23,180,Decline,NewCoast - Boatzon - FL356,Marine Max,FL,Oldsmar,2026-08-12,,,2026,RV,New,,17,3.16,S1House,,22,12.49,1693.8,1693.8,false,,,13.49,Silver 1,Silver 1,1.08,0,,0,16870.99,668,Source One Financial Services,NY, dan welte,0,0,FL356,Silver
248863,sbaker,130572.69,180,Auto Approval,"EPIC FINANCE, LLC. - 17401748",EPIC,NC,WILMINGTON,2026-08-12,2026-08-13,,2021,Boat,Used,,34.1,10.71,S1House,,1649,10.74,5000,15000,false,,,11.74,Core,Core,0.81,0,,0,160780,685,Source One Financial Services,TN, donavon evenson,1,1,17401748,Core
248854,sbaker,36814.35,144,Conditional Approval,HOPPERS RV LLC - TX546,,TX,Cypress,2026-08-12,2026-08-13,,2024,RV,Used,,30.16,6.97,gott,,1401,12.99,14800,15100,false,,,12.99,Silver 1,Not Applicable,1,0,,0,36935,657,Connexus Credit Union,TX, tony marino,1,1,TX546,Not Applicable
248739,avera,23309.8,180,Approved,Ashley Marine - Panama City -  FL255,,FL,Panama City,2026-08-12,2026-08-12,,2026,Boat,New,,47.21,6.14,wstoutimore,,50,9.49,0,-1820,false,,,10.99,Core,Core,1.29,0,,0,18114,750,Source One Financial Services,AL, amy silas,1,1,FL255,Core
248966,mlomedico,68330.65,240,Decline,BRETZ RV & MARINE - BOISE - ID118,Bretz RV,ID,Boise,2026-08-12,,,2014,RV,Used,,55.83,7.36,ljablonoski,,3,11.49,10000,10000,false,,,12.99,Core,Core,1.23,0,,0,55495,702,Source One Financial Services,UT, kaymbree lauer,0,0,ID118,Core
248849,thovey,21171.15,120,Auto Approval,Rock Solid Funding LLC - TX536,RSF,TX,BEDFORD,2026-08-12,2026-08-12,,2022,RV,Used,,30.52,2.29,S1House,,85,7.99,0,0,false,,,9.49,Core,Core,1.08,0,,0,19650,844,Source One Financial Services,MS, caleb grassi,1,1,TX536,Core
248932,,99794,180,Auto Decline,"Vantage Recreational Finance, Inc. -FL291",VRF,FL,FORT LAUDERDALE,2026-08-12,,,2018,RV,Used,,37.92,18.87,S1House,,0,22.99,10000,10000,false,,,23.99,Bronze,Bronze,0.72,0,,0,138100,599,Source One Financial Services,TN,,0,0,FL291,Business First
248806,sbaker,30631.91,144,Decline,ANGLERS CHOICE - LEXINGTON - NC101,,NC,LEXINGTON,2026-08-12,,,2019,Boat,Used,,8.87,5.68,jsmith,,22,14.99,8000,8000,false,,,15.99,Silver 1,Silver 1,1.03,0,,0,29750,653,Source One Financial Services,NC, lee parker,0,0,NC101,Silver
248952,Jhill,40290,240,Auto Approval,H&W Marine/Powersports - LA107,,LA,Shreveport,2026-08-12,2026-08-13,,2023,Boat,Used,,16.34,2.71,gott,,1228,10.24,9000,9000,false,,,11.74,Core,Core,0.99,0,,0,40505,723,Source One Financial Services,MS, mark glenn,1,1,LA107,Core
248723,lgrace,48666.94,180,Auto Approval,"Freedom Outdoors of Southern Ohio, Inc. -OH148",,OH,Wheelersburg,2026-08-12,2026-08-13,,2018,Boat,Used,,23.78,3.01,jharrington1,,1779,7.99,5000,5000,false,,,9.24,Core,Not Applicable,0.81,0,,0,60435,742,Connexus Credit Union,KY, russell jay,1,1,OH148,Not Applicable
248925,pmeza,37937.25,180,Decline,DALY RV INC - NC110,,NC,GOLDSBORO,2026-08-12,,,2026,RV,New,569,36.1,3.95,jsmith,,31,8.74,0,0,false,,,10.24,Core,Core,0.86,0,,0,44052,775,Source One Financial Services,NC, alan daly,0,0,NC110,Core
248738,,16432.83,144,Auto Decline,Campers Inn RV - St. George - UT137,Campers Inn,UT,St. George,2026-08-12,,,2016,RV,Used,602,8.86,4.5,ljablonoski,,0,22.99,8000,8000,false,,,23.99,Bronze,Bronze,0,0,,0,0,606,Source One Financial Services,UT,,0,0,UT137,Business First
248805,mnava,83471.45,180,Decline,Ingman Marine - FL346,,FL,Port Charlotte,2026-08-12,,,2018,Boat,Used,,33.09,10.98,wstoutimore,,32,14.99,30000,30000,false,,,15.99,Silver 1,Silver 1,0.95,0,,0,87730,648,Source One Financial Services,VA, jeff giles,0,0,FL346,Silver
248937,thovey,30472.34,180,Auto Approval,Blue Compass RV - Reno - NV119,Blue Compass,NV,Reno,2026-08-12,2026-08-12,,2024,RV,Used,,28.34,5.88,ljablonoski,,64,11.24,7600,4044,false,,,11.99,Core,Core,0.87,0,,0,34950,683,Source One Financial Services,NV, brina rounds,1,1,NV119,Core
248797,mlomedico,32964.34,180,Auto Approval,Sport-O-Motive -WI322,,WI,Appleton,2026-08-12,2026-08-12,,2026,Boat,New,682,35.81,2.43,dzilberchtein,,91,7.49,10,-1455.99,false,,,8.99,Core,Core,1.3,0,,0,25360,838,Source One Financial Services,WI,,1,1,WI322,Core
248774,mlomedico,79730.98,240,Auto Approval,ADAMEC MARINE - FL123,,FL,ORANGE PARK,2026-08-12,2026-08-12,,2026,Boat,New,,19.27,3.62,pcarter,,13,7.24,104000,104000,false,,,8.74,Core,Core,0.5,0,,0,160060,830,Source One Financial Services,FL, tony terry,1,1,FL123,Core
248831,mlomedico,15975.65,144,Decline,DADS CAMPER OUTLET - LAMAR - MS105,,MS,SUMRALL,2026-08-12,,,2025,RV,New,,28.15,4.43,jsmith,,2,12.49,5000,5000,false,,,13.49,Silver 1,Silver 1,0.63,0,,0,25343,678,Source One Financial Services,MS, norman sipe,0,0,MS105,Silver
248972,avera,47413.13,180,Decline,BOBBY COMBS RV NORTHWEST - OR103,,OR,COBURG,2026-08-12,,,2026,RV,Used,,68.49,10.41,ljablonoski,,829,8.49,0,29000,false,,,9.49,Core,Core,0.68,0,,0,69235,848,Source One Financial Services,WA, conchita korth,0,0,OR103,Core
248777,mlomedico,61410.72,180,Conditional Approval,Top Notch RV LLC - NC149,,NC,Benson,2026-08-12,2026-08-12,,2024,RV,Used,,33.9,9.31,jsmith,,16,13.74,6550,6550,false,,,14.74,Silver 1,Silver 1,0.73,0,,0,84450,644,Source One Financial Services,NC, david hall,1,1,NC149,Silver
248955,mlomedico,24299.19,180,Decline,Bradford Marine & ATV-Little Rock - AR142,Bradford Marine,AR,Little Rock,2026-08-12,,,2026,Boat,New,777,70.24,3.03,jweller,,27,9.74,0,0,false,,,11.24,Core,Core,1.2,0,,0,20263,740,Source One Financial Services,AR, john dickson,0,0,AR142,Core
248897,rsimmons,42118.57,240,Conditional Approval,The Great Outdoors Marine - WV111,,WV,Lavalette,2026-08-12,2026-08-12,,2026,Boat,New,727,31.05,2.34,jharrington1,,29,9.74,1500,6500,false,,,11.24,Core,Core,1.28,0,,0,33005.37,777,Source One Financial Services,WV, bradlee matzdorff,1,1,WV111,Core
248716,sdelarosa,29927,180,Decline,ADVENTURE MOTORHOMES - SC118,,SC,GREEER,2026-08-12,,,2027,RV,New,,39.82,4.45,jsmith,,14,10.24,3500,3500,false,,,11.74,Core,Core,0.8,0,,0,37297,695,Source One Financial Services,SC, keith palmer,0,0,SC118,Core
248970,mnava,56573.87,240,Decline,Blue Compass RV - San Marcos - SCA167,Blue Compass,CA,San Marcos,2026-08-12,,,2024,RV,Used,,18,4.1,jrubi,,7,10.24,10000,10000,false,,,11.74,Core,Core,0.7,0,,0,80355,687,Source One Financial Services,CA, billy rodger,0,0,SCA167,Core
248715,,25745.25,120,Auto Decline,SAVA RV - FL284,,FL,Fort Myers,2026-08-12,,,2012,RV,Used,,18.03,17.36,wstoutimore,,0,22.99,2000,2000,false,,,23.99,Bronze,Bronze,1.03,0,,0,25000,609,Source One Financial Services,KS,,0,0,FL284,Business First
248894,,31541.95,180,Auto Decline,OPTIMUM RV Titusville - FL165,Optimum RV,FL,MIMS,2026-08-12,,,2015,RV,Used,535,46.77,7.83,pcarter,,0,22.99,2500,2500,false,,,23.99,Bronze,Bronze,1.58,0,,0,20000,567,Source One Financial Services,FL,,0,0,FL165,Business First
248942,mnava,50514,180,Approved,Recreation USA LLC - Myrtle Beach - SC134,,SC,Myrtle Beach,2026-08-12,2026-08-12,,2027,RV,New,,42.69,7.89,jsmith,,29,8.74,20000,20000,false,,,10.24,Core,Core,0.68,0,,0,73744,772,Source One Financial Services,SC, stan johnson,1,1,SC134,Core
248836,mlomedico,29480.92,180,Auto Approval,OASIS RV - IL256,,IL,MARION,2026-08-12,2026-08-12,,2024,RV,New,616,37.58,2.59,gcoulombe,,19,12.49,3000,3000,false,,,13.49,Silver 1,Silver 1,0.77,0,,0,38190,662,Source One Financial Services,IL, larry webb,1,1,IL256,Silver
248770,Jhill,43053.44,180,Auto Approval,Fish and Ski Marine - Canton - TX575,,TX,Canton,2026-08-12,2026-08-13,,2024,Boat,Used,,29.33,4.71,gott,,1615,8.74,5000,5140,false,,,10.24,Core,Core,0.87,0,,0,49745,768,Source One Financial Services,TX, paul hyland,1,1,TX575,Core
248842,rsimmons,25837.39,180,Auto Approval,Blue Compass RV - Katy - TX571,Blue Compass,TX,Katy,2026-08-12,2026-08-12,,2012,RV,Used,619,14.73,4.82,gott,,20,11.74,3000,3000,false,,,11.74,Core,Core,1.12,0,,0,23050,688,Source One Financial Services,IN, jakob cunningham,1,1,TX571,Core
248788,lgrace,56119,180,Decline,"Vantage Recreational Finance, Inc. -FL291",VRF,FL,FORT LAUDERDALE,2026-08-12,,,2019,Boat,Used,,50.84,7.57,S1House,,5,11.24,6000,6000,false,,,12.74,Core,Core,1.21,0,,0,46200,682,Source One Financial Services,CA, james pearson,0,0,FL291,Core
248857,,68069,240,Auto Decline,"Vantage Recreational Finance, Inc. -FL291",VRF,FL,FORT LAUDERDALE,2026-08-12,,,2013,Boat,Used,675,40.07,3.04,S1House,,0,16.74,7000,7000,false,,,17.74,Silver 2,Silver 2,1.36,0,,0,50106,624,Source One Financial Services,MA,,0,0,FL291,Silver
248910,,15788,144,Auto Decline,Colaw RV Sales -MO110,,MO,Carthage,2026-08-12,,,2026,RV,New,,52.84,3.88,jweller,,0,14.99,0,0,false,,,15.99,Silver 2,Silver 2,0.87,0,,0,18088,631,Source One Financial Services,OK,,0,0,MO110,Silver
248749,Jhill,257928,240,Decline,PERFORMANCE RV RENTAL - OH217,Canopy Financial,OH,THORNVILLE,2026-08-12,,,2027,RV,New,,20.89,10.35,jharrington1,,20,9.74,50000,50000,false,,,11.24,Core,Core,1,0,,0,257457,735,Source One Financial Services,PA, matt kurtz,0,0,OH217,Core
248945,lgrace,27913.5,144,Pending,"Southeastern Marine, Inc- EVA112",EPIC,VA,Henrico,2026-08-12,2026-08-12,,2026,Boat,New,,21.99,2.26,S1House,,26,9.49,4000,8150,false,,,10.24,Core,Not Applicable,1.26,0,,0,22071.5,689,Connexus Credit Union,NC, chuck smith,0,0,EVA112,Not Applicable
248879,pmeza,22691.76,120,Decline,RV COUNTRY- TUALATIN - OR131,RV Country,OR,TUALATIN,2026-08-12,,,2026,RV,New,,14.64,4.18,ljablonoski,,2,9.99,2500,2500,false,,,11.49,Core,Core,1.37,0,,0,16538.38,712,Source One Financial Services,TX, kari gallagher,0,0,OR131,Core
248884,sdelarosa,15856.94,180,Auto Approval,NewCoast - Boatzon - FL356,Marine Max,FL,Oldsmar,2026-08-12,2026-08-12,,2012,Boat,Used,714,50.55,1.54,S1House,,47,10.24,3000,3000,false,,,11.74,Core,Core,0.8,0,,0,19876,776,Source One Financial Services,TX, john womble,1,1,FL356,Core
248800,pmeza,81445,180,Conditional Approval,Pierce RV & Marine - Billings -  MT110,Easy Care,MT,Billings,2026-08-12,2026-08-12,,2025,RV,New,,17.56,7.23,dzilberchtein,,49,9.99,8999,8999,false,,,10.49,Core,Not Applicable,0.86,0,,0,95170,694,Connexus Credit Union,MT, jim lakes,1,1,MT110,Not Applicable
248941,mlomedico,55175.72,180,Decline,Top Notch RV LLC - NC149,,NC,Benson,2026-08-12,,,2024,RV,Used,615,89.14,16.09,jsmith,,31,13.74,3000,12500,false,,,14.74,Silver 1,Silver 1,0.65,0,,0,84450,644,Source One Financial Services,NC, david hall,0,0,NC149,Silver
248893,mlomedico,15598.88,144,Approved,MOUNTAINEER RV and OUTDOOR CENTER - WV102,,WV,JANE LEW,2026-08-12,2026-08-12,,2024,RV,Used,676,24.99,0.93,jharrington1,,24,9.99,500,7225,false,,,11.49,Core,Core,0.71,0,,0,21850,700,Source One Financial Services,WV, nicole mccluskey,1,1,WV102,Core
248896,pmeza,30206.75,180,Auto Approval,Holiday RV Sales & Services - IA223,Canopy Financial,IA,Jefferson,2026-08-12,2026-08-12,,2025,RV,Used,840,39.07,2.2,gcoulombe,,13,7.49,0,2900,false,,,8.99,Core,Core,0.99,0,,0,30500,844,Source One Financial Services,IA, matt kurtz,1,1,IA223,Core
248734,lgrace,34984.11,204,Auto Approval,Liberty Trail RV - Sulphur Springs - TX580,,TX,Sulphur Springs,2026-08-12,2026-08-12,,2027,RV,New,,6,5.52,gott,,25,7.24,8000,8000,false,,,8.74,Core,Core,0.98,0,,0,35656,830,Source One Financial Services,TX, shaun woodruff,1,1,TX580,Core
248868,avera,27190.16,180,Decline,Blue Compass RV - Gassville - AR137,Blue Compass,AR,Gassville,2026-08-12,,,2026,RV,New,,13.99,6.29,jweller,,79,9.74,2600,2600,false,,,11.24,Core,Core,0.95,0,,0,28729,739,Source One Financial Services,MO, nathaniel bowling,0,0,AR137,Core
248721,avera,45381.56,180,Decline,The Boat Dock LTD - IL214,,IL,Springfield,2026-08-12,,,2014,RV,Used,747,18.45,3.1,gcoulombe,,18,8.99,4000,7000,false,,,10.49,Core,Core,1.08,0,,0,42185,810,Source One Financial Services,IL, jd harris,0,0,IL214,Core
248889,lgrace,60517,180,Decline,NewCoast - Boatzon - FL356,Marine Max,FL,Oldsmar,2026-08-12,,,2015,Boat,Used,,27.39,5.84,S1House,,27,11.24,6200,6200,false,,,12.74,Core,Core,0.85,0,,0,71165,684,Source One Financial Services,NM, christopher rogers,0,0,FL356,Core
248873,pmeza,62972.9,240,Auto Approval,Blue Compass RV - Austin - TX522,Blue Compass,TX,Buda,2026-08-12,2026-08-12,,2023,RV,Used,,35.35,5.08,gott,,102,8.49,1245,5645,false,,,9.99,Core,Core,1.09,0,,0,57950,782,Source One Financial Services,TX, nicolas paez,1,1,TX522,Core
248719,lgrace,25490.85,144,Auto Approval,GREAT AMERICAN RV SUPERSTORE- FL224,,FL,DEFUNIAK SPRINGS,2026-08-12,2026-08-13,,2022,RV,Used,,56.35,6.7,wstoutimore,,1872,12.49,2000,3200,false,,,12.74,Silver 1,Not Applicable,0.88,0,,0,29100,672,Connexus Credit Union,AL, eric perry,1,1,FL224,Not Applicable
248841,lgrace,34449.75,180,Auto Approval,STONEYS RV - OH185,Canopy Financial,OH,CAMBRIDGE,2026-08-12,2026-08-13,,2023,RV,New,673,8.88,2.03,jharrington1,,1355,8.99,6300,6300,false,,,9.74,Core,Not Applicable,1.17,0,,0,29450,707,Connexus Credit Union,OH, mac mclelland,1,1,OH185,Not Applicable
248888,mnava,25077.17,144,Approved,GIANT RECREATION WORLD WINTER GARDEN - FL172,,FL,WINTER GARDEN,2026-08-12,2026-08-12,,2026,RV,New,,11.81,4.87,pcarter,,66,8.99,5000,5000,false,,,9.74,Core,Not Applicable,0.89,0,,0,28175,712,Connexus Credit Union,FL, brandon plummer,1,1,FL172,Not Applicable
248845,sbaker,35759.59,180,Decline,GAUTHIERS RV CENTER INC - LA100,,LA,SCOTT,2026-08-12,,,2027,RV,New,595,27.02,3.71,gott,,19,13.74,3600,3600,false,,,14.74,Silver 1,Silver 1,0.91,0,,0,39306,642,Source One Financial Services,LA, jonathan gauthier,0,0,LA100,Silver
248733,sbaker,22222.21,144,Auto Approval,JOHNNY'S RV SUPERSTORE LLC - AL124,,AL,THEODORE,2026-08-12,2026-08-12,,2020,RV,Used,,26.49,5.83,jsmith,,245,10.49,5000,5000,false,,,11.99,Core,Core,1.32,0,,0,16850,706,Source One Financial Services,AL,,1,1,AL124,Core
248902,,59602.28,180,Auto Decline,NewCoast - Boatzon - FL356,Marine Max,FL,Oldsmar,2026-08-12,,,2027,Boat,New,,47.3,9.32,S1House,,0,22.99,15000,15000,false,,,23.99,Bronze,Bronze,59602.28,0,,0,1,584,Source One Financial Services,TX,,0,0,FL356,Business First
248935,,33460,180,Auto Decline,BEAUMONT RV - SCA108,,CA,BEAUMONT,2026-08-12,,,2027,RV,New,,32.76,12.36,jrubi,,0,14.99,20000,20000,false,,,15.99,Silver 2,Silver 2,0.72,0,,0,46766,632,Source One Financial Services,CA,,0,0,SCA108,Silver
248793,,122732.8,240,Auto Decline,Fox Lake Harbor - IL105,,IL,Fox Lake,2026-08-12,,,2025,Boat,New,,19.27,17.92,gcoulombe,,0,22.99,10000,10000,false,,,23.99,Bronze,Bronze,0.83,0,,0,148058,528,Source One Financial Services,IL,,0,0,IL105,Business First
248934,lgrace,49696.64,204,Booked,Ideal RVs INC - FL228,,FL,Lakeland,2026-08-12,2026-08-13,2026-08-13,2016,RV,Used,739,11.55,8.85,wstoutimore,1294,1057,9.24,0,0,false,237,0,10.74,Core,Core,1.01,2981.8,6,0,48983,777,Source One Financial Services,FL, john yanis,1,0,FL228,Core
248743,,61622.84,180,Auto Decline,Rock Solid Funding LLC - TX536,RSF,TX,BEDFORD,2026-08-12,,,2016,Boat,Used,,79.73,12.22,S1House,,0,13.74,10000,10000,false,,,14.74,Silver 1,Silver 1,0.88,0,,0,69910,679,Source One Financial Services,OK,,0,0,TX536,Silver
248901,avera,43396.13,216,Approved,Optimum RV Bushnell - FL163,Optimum RV,FL,Bushnell,2026-08-12,2026-08-12,,2023,RV,Used,,37.17,4.39,wstoutimore,,29,9.24,1000,6000,false,,,10.74,Core,Core,1.17,0,,0,37100,771,Source One Financial Services,FL, presley wallace,1,1,FL163,Core
248752,sdelarosa,72428.96,240,Decline,Jacksonville Marine Inc - FL103,,FL,Fleming Island,2026-08-12,,,2026,Boat,New,,16.15,5.56,pcarter,,29,9.49,8000,8000,false,,,10.99,Core,Core,1.12,0,,0,64743,747,Source One Financial Services,MS, ben fontaine,0,0,FL103,Core
248895,,40657.48,180,Auto Decline,BISHS RV OF LONGVIEW - TX473,Bish's RV,TX,LONGVIEW,2026-08-12,,,2026,RV,New,,17.17,6.67,gott,,0,14.99,4000,4000,false,,,15.99,Silver 2,Silver 2,0.97,0,,0,41910,633,Source One Financial Services,TX,,0,0,TX473,Silver
248778,,89636.36,180,Auto Decline,Johnston RV Center - AL134,,AL,Decatur,2026-08-12,,,2026,RV,New,,30.73,12.1,jsmith,,11,22.99,10250,9529.77,false,,,23.99,Bronze,Bronze,1.27,0,,0,70694.8,615,Source One Financial Services,TX, marcus clarke,0,0,AL134,Business First
248814,,45107.7,180,Auto Decline,GREAT AMERICAN RV SUPERSTORE-TUPELO - MS114,,MS,BELDEN,2026-08-12,,,2027,RV,New,,37.39,5.55,jsmith,,0,14.99,500,6500,false,,,15.99,Silver 2,Silver 2,1.27,0,,0,35550,632,Source One Financial Services,MS,,0,0,MS114,Silver
248918,Jhill,22500,144,Decline,St Louis RV - MO155,,MO,O'Fallon,2026-08-12,,,2019,RV,Used,,43.31,4.17,jweller,,11,14.99,3000,3000,false,,,15.99,Silver 1,Silver 1,1.07,0,,0,20940,658,Source One Financial Services,MO, jason miller,0,0,MO155,Silver
248876,hhisek,42891.95,180,Approved,Rocky Ridge RV - Texarkana - TX526,Rocky Ridge,TX,Texarkana,2026-08-12,2026-08-12,,2024,RV,Used,,32.69,10.09,jweller,,17,9.74,0,0,false,,,11.49,Core,Core,1.04,0,,0,41200,737,Source One Financial Services,TX, ronald lundy,1,1,TX526,Core
248782,,17959,120,Auto Decline,RUGBY HOMES AND RV CENTER - ND121,,ND,RUGBY,2026-08-12,,,2015,RV,Used,,6.33,2,dzilberchtein,,0,22.99,10000,10000,false,,,23.99,Bronze,Bronze,0,0,,0,0,486,Source One Financial Services,NM,,0,0,ND121,Business First
248860,avera,32363.82,180,Auto Approval,Southern Mud Sports of the Midwest - IA225,,IA,Blue Grass,2026-08-12,2026-08-12,,2026,Boat,New,,15.44,2.06,gcoulombe,,12,7.49,4000,4000,false,,,8.99,Core,Core,1.25,0,,0,25950.42,836,Source One Financial Services,IL, jeff cantey,1,1,IA225,Core
248748,thovey,14504,144,Decline,CAMPERLAND OF OKLAHOMA - OK129,,OK,TULSA,2026-08-12,,,2027,RV,New,,15.98,2.48,jweller,,40,13.74,1500,1500,false,,,14.74,Silver 1,Not Applicable,0.83,0,,0,17521.84,659,Connexus Credit Union,OK, joe sexson,0,0,OK129,Not Applicable
248864,,31972.79,180,Auto Decline,RV DEPOT OF CLEBURNE - TX461,,TX,JOSHUA,2026-08-12,,,2013,RV,Used,,27.79,9.7,gott,,0,22.99,3300,3300,false,,,23.99,Bronze,Bronze,0.86,0,,0,37171,594,Source One Financial Services,TX,,0,0,TX461,Business First
248740,sbaker,27373.23,180,Auto Approval,SR1 Companies-Manchester-ME109,,ME,Manchester,2026-08-12,2026-08-12,,2027,RV,New,701,38.44,3.5,gcoulombe,,75,9.99,500,571.77,false,,,11.49,Core,Core,0.93,0,,0,29560,711,Source One Financial Services,ME, des best,1,1,ME109,Core
248851,,28525.41,180,Auto Decline,FACTORY DIRECT RV and MARINE - GA142,,GA,AMERICUS,2026-08-12,,,2027,RV,New,,40.45,3.37,jsmith,,0,14.99,5000,5000,false,,,15.99,Silver 2,Silver 2,1.02,0,,0,28063,624,Source One Financial Services,CO,,0,0,GA142,Silver
248840,mlomedico,72699,180,Decline,"Vantage Recreational Finance, Inc. -FL291",VRF,FL,FORT LAUDERDALE,2026-08-12,,,2017,RV,Used,,44.25,7,S1House,,17,14.99,0,0,false,,,15.99,Silver 1,Silver 1,1.08,0,,0,67600,642,Source One Financial Services,VT, richard cosentino,0,0,FL291,Silver
248883,sbaker,14544.85,144,Auto Approval,NewCoast - Boatzon - FL356,Marine Max,FL,Oldsmar,2026-08-12,2026-08-12,,2022,RV,Used,589,32.97,1.26,S1House,,98,9.99,3000,3000,false,,,11.49,Core,Core,0.79,0,,0,18300,744,Source One Financial Services,FL, dan welte,1,1,FL356,Core
248751,lgrace,58232.01,240,Booked,ADAMEC MARINE - FL123,,FL,ORANGE PARK,2026-08-12,2026-08-13,2026-08-13,2027,Boat,New,,23.33,6.65,pcarter,1864,1807,9.99,10000,10000,false,56,1,11.49,Core,Core,1.15,3493.92,6,0,50590,693,Source One Financial Services,FL, tony terry,1,0,FL123,Core
248911,rsimmons,25980.72,180,Approved,PALMETTO BOAT CENTER INC - SC101,,SC,PIEDMONT,2026-08-12,2026-08-12,,2026,Boat,New,,14.85,3.37,jsmith,,6,10.24,2900,2900,false,,,11.74,Core,Core,1.19,0,,0,21747,699,Source One Financial Services,GA, zach whitehead,1,1,SC101,Core
248946,thovey,74391.31,180,Conditional Approval,United RV -TX228,,TX,Fort Worth,2026-08-12,2026-08-12,,2026,RV,New,,35.76,10.55,gott,,37,10.24,8000,8000,false,,,11.99,Core,Core,0.99,0,,0,74774,698,Source One Financial Services,TX, brent sullivan,1,1,TX228,Core
248815,sbaker,32529,180,Conditional Approval,"Vantage Recreational Finance, Inc. -FL291",VRF,FL,FORT LAUDERDALE,2026-08-12,2026-08-12,,2025,RV,Used,,9.09,3.56,S1House,,23,9.49,4650,4650,false,,,10.99,Core,Core,1.11,0,,0,29350,754,Source One Financial Services,ND, linda lemire,1,1,FL291,Core
248773,hhisek,87978.43,144,Conditional Approval,Gulf Coast Marine -TX266,,TX,Corpus Christi,2026-08-12,2026-08-12,,2026,Boat,New,,22.9,1.79,gott,,154,11.5,42410,9301.7,false,,,12,Not Applicable,Not Applicable,1.02,0,,0,86426,660,Ideal Credit Union,TX, melisa dlabaja,1,1,TX266,Not Applicable
248916,sbaker,101496.69,240,Auto Approval,American Marine -WI417,,WI,Lacrossee,2026-08-12,2026-08-12,,2025,Boat,New,731,42.97,2.55,dzilberchtein,,15,7.24,11000,11000,false,,,8.74,Core,Core,1.01,0,,0,100943,810,Source One Financial Services,NE, james chizek,1,1,WI417,Core
248944,mlomedico,30060,180,Auto Approval,Tulsa RV Outlet Center - OK108,,OK,TULSA,2026-08-12,2026-08-13,,2018,RV,Used,,16.89,4.17,jweller,,1127,10.74,4000,4000,false,,,12.24,Core,Core,1.04,0,,0,28800,732,Source One Financial Services,OK, david digiovanni,1,1,OK108,Core
248861,sdelarosa,45264.66,204,Conditional Approval,GIANT RECREATION WORLD PALM BAY - FL175,,FL,Palm Bay,2026-08-12,2026-08-12,,2026,RV,New,,39.99,6.33,pcarter,,35,12.49,12000,12000,false,,,13.49,Silver 1,Silver 1,0.77,0,,0,58528,662,Source One Financial Services,FL, javitz roebuck,1,1,FL175,Silver
248874,avera,147076.36,240,Auto Approval,NewCoast - Boatzon - FL356,Marine Max,FL,Oldsmar,2026-08-12,2026-08-13,,2026,RV,New,,49.38,5.9,S1House,,1514,7.74,35000,39000,false,,,9.24,Core,Core,1,0,,0,147385,796,Source One Financial Services,TN, dan welte,1,1,FL356,Core
248799,sbaker,14937.55,120,Auto Approval,Sunrise Marine - Orange Beach - AL159,OneWater ,AL,Orange Beach,2026-08-12,2026-08-12,,2012,Boat,Used,,18.77,1.27,jsmith,,93,11.74,10000,10000,false,,,13.24,Core,Core,0.48,0,,0,31325,710,Source One Financial Services,AL, hilary rasnick,1,1,AL159,Core
248807,lgrace,78049,240,Auto Approval,NewCoast - Boatzon - FL356,Marine Max,FL,Oldsmar,2026-08-12,2026-08-12,,2021,Boat,Used,,21.04,4.77,S1House,,170,7.99,12000,12000,false,,,9.49,Core,Core,1.46,0,,0,53469,843,Source One Financial Services,TX, justin veghte,1,1,FL356,Core
248967,,22424.54,180,Auto Decline,HAVA STYLE RECREATION - AZ304,,AZ,LAKE HAVASU CITY,2026-08-12,,,2022,RV,Used,,26.34,7.63,edominguez,,0,15.74,3000,3000,false,,,16.74,Silver 2,Silver 2,1.24,0,,0,18050,637,Source One Financial Services,AZ,,0,0,AZ304,Silver
248903,hhisek,45007.09,180,Decline,San Antonio Rvs -TX265,,TX,Seguin,2026-08-12,,,2016,RV,Used,,17.31,10.23,gott,,6,14.99,0,10000,false,,,15.99,Silver 1,Silver 1,1.16,0,,0,38665,655,Source One Financial Services,TX, cody flores,0,0,TX265,Silver
248776,,7088.23,84,Auto Decline,Hannays Incorporated -MN684,,MN,St. Anthony,2026-08-12,,,2001,Boat,Used,,0,0,dzilberchtein,,0,22.99,500,500,false,,,23.99,Bronze,Bronze,0,0,,0,0,,Source One Financial Services,IA,,0,0,MN684,Business First
248826,sdelarosa,29504.17,180,Decline,Pete's RV Center Plainville - MA104,Pete's RV,MA,Plainville,2026-08-12,,,2022,RV,Used,,43.42,7.98,gcoulombe,,20,14.49,3300,3300,false,,,15.49,Silver 1,Silver 1,0.8,0,,0,36800,659,Source One Financial Services,ME, gunner sinagra,0,0,MA104,Silver
248737,sbaker,72652,180,Decline,Lichtsinn Motors - IA137,,IA,Forest City,2026-08-12,,,2011,RV,Used,800,47.06,11.22,gcoulombe,,8,11.24,15000,400,false,,,12.74,Core,Core,1.19,0,,0,61050,737,Source One Financial Services,PA, cody hennigar,0,0,IA137,Core
248760,Jhill,158697.75,240,Decline,PRIMEAUX RV SUPERSTORE - CARENCRO - LA102,,LA,CARENCRO,2026-08-12,,,2021,RV,Used,676,31.41,7.47,gott,,44,9.24,15000,17550,false,,,10.74,Core,Not Applicable,0.95,0,,0,167150,765,Connexus Credit Union,LA, rebecca scherff,0,0,LA102,Not Applicable
248969,pmeza,31169.75,180,Decline,Campers Inn of Davenport - IA216,Campers Inn,IA,Davenport,2026-08-12,,,2014,RV,Used,749,26.4,3.95,gcoulombe,,9,8.99,500,500,false,,,10.49,Core,Core,0.99,0,,0,31600,815,Source One Financial Services,IA, thomas greer,0,0,IA216,Core
248791,Jhill,79071.5,180,Decline,Fish and Ski Marine -TX215,,TX,Sanger,2026-08-12,,,2026,Boat,New,586,11.75,4.46,gott,,5,9.99,60000,89000,false,,,11.49,Core,Core,0.61,0,,0,129865,720,Source One Financial Services,TX, troy travis,0,0,TX215,Core
248956,thovey,15458.24,144,Auto Approval,Bent's RV - LA117,,LA,Boutte,2026-08-12,2026-08-12,,2022,RV,Used,634,29.8,1.2,gott,,41,9.24,3500,3500,false,,,10.74,Core,Core,0.92,0,,0,16800,767,Source One Financial Services,LA, louis lebreton,1,1,LA117,Core
248803,rsimmons,71189.14,180,Decline,Premier Financial Service - TX548,,TX,Los Fresnos,2026-08-12,,,2019,Boat,Used,,7.66,0.19,gott,,9,11.24,10000,10000,false,,,12.74,Core,Core,1.1,0,,0,65000,695,Source One Financial Services,OK, oscar salinas,0,0,TX548,Core
248768,pmeza,24029.94,144,Decline,Bills Happy Camper Rv LLC-PA135,Warrior Performance,PA,Mill Hall,2026-08-12,,,2023,RV,Used,616,33.49,6.26,jharrington1,,8,14.49,0,4500,false,,,15.49,Silver 1,Silver 1,0.97,0,,0,24695,653,Source One Financial Services,PA, kyle smith,0,0,PA135,Silver
248974,avera,30552,180,Decline,Intercoastal Financial Group LLC - 17401746,IFG,FL,Vero Beach,2026-08-12,,,2014,Boat,Used,,31.88,6.88,S1House,,563,9.49,5000,5000,false,,,10.74,Core,Core,1.05,0,,0,29100,791,Source One Financial Services,TX, julie gaines,0,0,17401746,Core
248729,Jhill,22445.03,144,Approved,Campers Unlimited - Gadsden-AL152,,AL,Gadsden,2026-08-12,2026-08-12,,2025,RV,Used,,14.46,3.51,jsmith,,8,10.24,2400,2400,false,,,11.74,Core,Core,0.67,0,,0,33450,684,Source One Financial Services,AL, david tyler,1,1,AL152,Core
248865,sflynn,63713.75,240,Auto Approval,OCEAN MARINE GROUP - DAPHNE - AL120,,AL,DAPHNE,2026-08-12,2026-08-12,,2025,Boat,New,,14.68,1.41,jsmith,,15,9.49,7000,7000,false,,,10.99,Core,Core,1.01,0,,0,63247,749,Source One Financial Services,AL, roger harrison,1,1,AL120,Core
248823,sbaker,82242.38,180,Decline,Texas Trader RV - TX267,Ron Hoover,TX,La Feria,2026-08-12,,,2026,RV,New,,24.9,9.78,gott,,22,10.24,15000,15000,false,,,11.74,Core,Core,0.99,0,,0,83400,684,Source One Financial Services,TX, trey flores,0,0,TX267,Core
248816,ahunt,58130.23,180,Auto Approval,"THE BOAT HOUSE LAUDERDALE LAKES MARINA, LLC -WI529",,WI,Elkhorn,2026-08-12,2026-08-12,,2024,Boat,New,,46.18,4.87,dzilberchtein,,251,7.99,8000,8000,false,,,9.49,Core,Core,0.8,0,,0,72637,785,Source One Financial Services,IL, jennifer rosinski,1,1,WI529,Core
248913,mlomedico,12179.5,120,Auto Approval,"Hopper RV, Inc. - IL213",Canopy Financial,IL,Jacksonville,2026-08-12,2026-08-12,,2019,RV,Used,,26.11,1.24,gcoulombe,,24,8.99,500,500,false,,,10.49,Core,Core,1.24,0,,0,9850,794,Source One Financial Services,MO, matt kurtz,1,1,IL213,Core
248900,mnava,22343.75,180,Approved,Liberty Trail RV - Sulphur Springs - TX580,,TX,Sulphur Springs,2026-08-12,2026-08-12,,2026,RV,New,724,16.81,1.7,gott,,13,7.49,10000,10000,false,,,8.99,Core,Core,0.76,0,,0,29398.5,847,Source One Financial Services,TX, shaun woodruff,1,1,TX580,Core
248948,,57779.26,240,Auto Decline,LDRV of Tampa - FL340,Campers Inn,FL,Seffner,2026-08-12,,,2023,RV,Used,619,27.01,8.41,wstoutimore,,0,15.74,5895,5895,false,,,16.74,Silver 2,Silver 2,0.79,0,,0,73425,625,Source One Financial Services,FL,,0,0,FL340,Silver
248792,,15241.12,180,Auto Decline,ROYS RV SUPERCENTER LLC - WV101,,WV,ELKINS,2026-08-12,,,2027,RV,New,,49.69,3.39,jharrington1,,0,13.74,6000,6000,false,,,14.74,Silver 1,Silver 1,0.75,0,,0,20323,646,Source One Financial Services,WV,,0,0,WV101,Silver
248960,mlomedico,64952.09,180,Auto Approval,T and S RV and SPORT LLC -TX377,,TX,NAVASOTA,2026-08-12,2026-08-13,,2026,RV,New,,42.69,7.02,gott,,1067,10.24,0,8800,false,,,11.74,Core,Core,1.02,0,,0,63780,681,Source One Financial Services,TX, anthony wiese,1,1,TX377,Core
248747,hhisek,21468.43,120,Auto Approval,SMITH MOTOR CO OF HATTIESBURG INC - MS107,,MS,HATTIESBURG,2026-08-12,2026-08-12,,2026,Boat,New,,43.98,2.69,jsmith,,198,11.24,5000,5000,false,,,11.74,Silver 1,Not Applicable,0.86,0,,0,25045,667,Connexus Credit Union,MS, june rogers,1,1,MS107,Not Applicable
248780,avera,48651.9,240,Decline,General RV - Ocala - FL237,General RV,FL,Ocala,2026-08-12,,,2026,RV,New,,39.19,2.77,pcarter,,15,13.74,4000,8528,false,,,14.74,Silver 1,Silver 1,1.4,0,,0,34685,650,Source One Financial Services,FL, tim mccorkle,0,0,FL237,Silver
248919,thovey,27365.47,180,Auto Decline,Bradford Marine & ATV-Springdale-AR144,Bradford Marine,AR,Springdale,2026-08-12,,,2026,Boat,New,,47.96,7.06,jweller,,18,22.99,3000,3000,false,,,23.99,Silver 1,Silver 1,1.09,0,,0,25091,663,Source One Financial Services,AR, charlie jones,0,0,AR144,Silver
248923,hhisek,22698.02,180,Decline,Ron Hoover - San Antonio - TX500,Ron Hoover,TX,San Antonio,2026-08-12,,,2018,RV,Used,585,26.09,1.43,gott,,7,8.49,2000,2000,false,,,9.99,Core,Core,1.1,0,,0,20550,836,Source One Financial Services,TX, cory meyer,0,0,TX500,Core
248718,avera,50660.16,180,Decline,SR1 Companies-Turner-ME108,,ME,Turner,2026-08-12,,,2026,RV,New,637,44.91,3.64,gcoulombe,,13,9.74,500,500,false,,,11.24,Core,Core,1.07,0,,0,47558.5,740,Source One Financial Services,NY, kenny hamilton,0,0,ME108,Core
248787,mlomedico,33522.38,180,Auto Approval,Dalton RV LLC-AR132,Warrior Performance,AR,Morrilton,2026-08-12,2026-08-12,,2027,RV,New,,22.93,4.89,jweller,,314,12.49,4000,4000,false,,,13.49,Silver 1,Silver 1,1.03,0,,0,32393,661,Source One Financial Services,TN, kyle smith,1,1,AR132,Silver
248759,mlomedico,56532.02,144,Decline,Intercoastal Financial Group LLC - 17401746,IFG,FL,Vero Beach,2026-08-12,,,2025,Boat,New,,10.93,2.89,S1House,,19,13.74,10000,10000,false,,,14.74,Silver 1,Silver 1,0.93,0,,0,61090,646,Source One Financial Services,TX, julie gaines,0,0,17401746,Silver
248875,Jhill,25971.86,144,Conditional Approval,Fun Town RV-Giddings -TX314,Fun Town,TX,Giddings,2026-08-12,2026-08-12,,2025,RV,New,,16.26,4.68,gott,,82,12.49,5000,5000,false,,,12.49,Silver 1,Not Applicable,0.72,0,,0,35882,648,Connexus Credit Union,TX, angela morrell,1,1,TX314,Not Applicable
248827,,224304.69,240,Auto Decline,Demontrond Automotive Group-TX397,,TX,Houston,2026-08-12,,,2020,RV,Used,,51.21,29.42,gott,,0,9.24,1000,40000,false,,,10.74,Core,Core,0.9,0,,0,248160,773,Source One Financial Services,TX,,0,0,TX397,Core
248837,,12905.22,144,Auto Decline,OPTIMUM RV TX LLC - Robstown - TX481,Optimum RV,TX,ROBSTOWN,2026-08-12,,,2020,RV,Used,,32.15,7.66,gott,,0,22.99,1600,1600,false,,,23.99,Bronze,Bronze,0.86,0,,0,15060,595,Source One Financial Services,LA,,0,0,TX481,Business First
248757,thovey,58071.58,180,Auto Approval,Capital RV - Minot - ND118,Campers Inn,ND,Minot,2026-08-12,2026-08-12,,2022,RV,Used,,27.51,4.2,dzilberchtein,,38,11.74,9300,13166.17,false,,,12.49,Silver 1,Silver 1,1.04,0,,0,55850,666,Source One Financial Services,ND, michelle barber,1,1,ND118,Silver
248953,pmeza,12499.72,120,Auto Approval,Blue Compass RV - South Beumont - TX551,Blue Compass,TX,Vidor,2026-08-12,2026-08-12,,2021,RV,Used,,31.21,2.88,gott,,10,10.24,2000,2000,false,,,11.74,Core,Core,0.62,0,,0,20250,740,Source One Financial Services,TX, leah sligar,1,1,TX551,Core
248886,,25789,180,Auto Decline,Hanner RV Supercenter -TX165,,TX,Baird,2026-08-12,,,2027,RV,New,637,33.41,3.28,gott,,0,14.99,2700,2700,false,,,15.99,Silver 2,Silver 2,1.16,0,,0,22287,634,Source One Financial Services,TX,,0,0,TX165,Silver
248817,,60424.19,240,Auto Decline,RV Wholesalers -OH118,,OH,Lakeview,2026-08-12,,,2026,RV,New,,21.29,4.03,jharrington1,,0,14.99,0,9830,false,,,15.99,Silver 2,Silver 2,0.85,0,,0,71459,624,Source One Financial Services,TX,,0,0,OH118,Silver
248728,,30328,180,Auto Decline,Bullitt County Auto and RV Sales Inc - KY138,,KY,Shephersville,2026-08-12,,,2018,RV,Used,,40.71,5.4,jharrington1,,0,22.99,5000,5000,false,,,23.99,Bronze,Bronze,30328,0,,0,1,428,Source One Financial Services,OH,,0,0,KY138,Business First
248756,lgrace,144773,204,Decline,Optimum RV Inman - SC112,Optimum RV,SC,Inman,2026-08-12,,,2016,RV,Used,,19.28,6.89,jsmith,,100,10.99,17000,17000,false,,,12.49,Core,Core,0.79,0,,0,184000,717,Source One Financial Services,SC, gabe c,0,0,SC112,Core
248887,mlomedico,98360,240,Decline,AC Nelsen RV World - NE103,,NE,Omaha,2026-08-12,,,2026,RV,New,620,18.94,6.94,dzilberchtein,,23,13.74,10000,10000,false,,,14.74,Silver 1,Silver 1,0.93,0,,0,105770,645,Source One Financial Services,MS, rian white,0,0,NE103,Silver
248769,hhisek,11451.68,120,Auto Approval,Campers Unlimited - Oxford - AL155,,AL,Oxford,2026-08-12,2026-08-12,,2022,RV,Used,,28.96,2.37,jsmith,,28,14.49,1200,1200,false,,,15.49,Silver 1,Silver 1,0.7,0,,0,16250,657,Source One Financial Services,AL, tommy perkins,1,1,AL155,Silver
248808,hhisek,19140,144,Auto Approval,Ron Hoover - Laredo - TX498,Ron Hoover,TX,Laredo,2026-08-12,2026-08-13,,2021,RV,Used,,46.26,1.76,gott,,1646,9.99,1000,1000,false,,,11.49,Core,Core,0.85,0,,0,22650,759,Source One Financial Services,TX, geno quintanilla,1,1,TX498,Core
248914,Jhill,38620,180,Auto Approval,"Lone Star RV Sales, INC -TX206",,TX,Houston,2026-08-12,2026-08-13,,2027,RV,New,,15.42,4.72,gott,,1245,7.49,500,500,false,,,8.99,Core,Core,0.99,0,,0,39047,826,Source One Financial Services,TX,,1,1,TX206,Core
248801,,24284,180,Auto Decline,Bradford Marine & ATV-Rogers - AR145,Bradford Marine,AR,Rogers,2026-08-12,,,2026,Boat,New,,50.7,4.02,jweller,,0,14.99,5000,5000,false,,,15.99,Silver 2,Silver 2,1.85,0,,0,13137,639,Source One Financial Services,MO,,0,0,AR145,Silver
248850,avera,65399,180,Decline,"Vantage Recreational Finance, Inc. -FL291",VRF,FL,FORT LAUDERDALE,2026-08-12,,,2021,RV,Used,561,49.05,4.93,S1House,,17,13.24,12000,12000,false,,,14.24,Silver 1,Silver 1,0.59,0,,0,111150,670,Source One Financial Services,FL, james pearson,0,0,FL291,Silver
248802,,21327.25,180,Auto Decline,General RV - Fort Pierce - FL235,General RV,FL,Fort Pierce,2026-08-12,,,2027,RV,New,567,16.03,1.05,pcarter,,0,22.99,10000,10000,false,,,23.99,Bronze,Bronze,0.63,0,,0,33740,617,Source One Financial Services,FL,,0,0,FL235,Business First
248764,ahunt,110645,180,Auto Approval,Goodhue and Hawkins Navy Yard-NH107,,NH,Wolfeboro,2026-08-12,2026-08-12,,2018,Boat,Used,,32,3.6,gcoulombe,,76,10.74,44500,39800,false,,,12.24,Core,Core,1.05,0,,0,105465,727,Source One Financial Services,NH, michael lewis,1,1,NH107,Core
248881,hhisek,129861.4,240,Auto Approval,Open Road RV Center - Monroe - WA156,,WA,Monroe,2026-08-12,2026-08-12,,2026,RV,New,648,27.52,5.72,ljablonoski,,239,9.99,28500,31996,false,,,11.49,Core,Core,1.25,0,,0,103922,711,Source One Financial Services,WA, shannon ellis,1,1,WA156,Core
248726,,55264.29,240,Auto Decline,Rock Solid Funding LLC - TX536,RSF,TX,BEDFORD,2026-08-12,,,2013,RV,Used,847,37.15,12.7,S1House,,0,22.99,0,0,false,,,23.99,Bronze,Bronze,0.87,0,,0,63650,,Source One Financial Services,FL,,0,0,TX536,Business First
248898,,37346.02,180,Auto Decline,FUN TOWN RV CONROE -TX400,Fun Town,TX,CONROE,2026-08-12,,,2026,RV,New,,52.09,6.16,gott,,0,22.99,3000,3000,false,,,23.99,Bronze,Bronze,0.09,0,,0,398320,616,Source One Financial Services,TX,,0,0,TX400,Business First
248940,mlomedico,113122.93,240,Decline,Aquaknox Marine - TN156,,TN,LaFolette,2026-08-12,,,2026,Boat,New,753,15.29,14.48,jsmith,,8,7.49,28300,28300,false,,,8.99,Core,Core,1.01,0,,0,111961,803,Source One Financial Services,TN,,0,0,TN156,Core
248754,hhisek,34039.97,180,Decline,Fun Town RV Amarillo - TX508,Fun Town,TX,Amarillo,2026-08-12,,,2027,RV,New,,25.32,7.36,gott,,7,22.99,3500,3500,false,,,23.99,Silver 1,Silver 1,0.9,0,,0,37937,649,Source One Financial Services,TX, eric adams,0,0,TX508,Silver
248825,lgrace,25633.25,144,Approved,American RV Center - IN219,,IN,Evansville,2026-08-12,2026-08-12,,2027,RV,New,783,20,4.23,jharrington1,,10,7.49,15000,15000,false,,,9.24,Core,Core,1.03,0,,0,24920,831,Source One Financial Services,IN, chad s. bruce,1,1,IN219,Core
248880,rsimmons,59547.46,240,Auto Approval,Sunrise Marine - Orange Beach - AL159,OneWater ,AL,Orange Beach,2026-08-12,2026-08-12,,2022,Boat,Used,,33.48,9.01,jsmith,,20,8.49,0,0,false,,,9.99,Core,Core,1.05,0,,0,56860,795,Source One Financial Services,MS, hilary rasnick,1,1,AL159,Core
248905,thovey,19287.15,180,Auto Approval,Southern Mud Sports of the Midwest - IA225,,IA,Blue Grass,2026-08-12,2026-08-12,,2027,Boat,New,,22.58,1.6,gcoulombe,,18,9.49,1915,1915,false,,,10.99,Core,Core,1.05,0,,0,18339,747,Source One Financial Services,MI, jeff cantey,1,1,IA225,Core
248852,rsimmons,33991.44,240,Decline,BLUE COMPASS RV - DENTON - TX148,Blue Compass,TX,Denton,2026-08-12,,,2026,RV,New,679,26.57,2.26,gott,,17,7.99,4846.46,5736.46,false,,,9.49,Core,Core,1.18,0,,0,28733,797,Source One Financial Services,CA, chad pickens,0,0,TX148,Core
248838,sbaker,61824.67,240,Verifications Incomplete,Blue Compass RV - Concord - NC154,Blue Compass,NC,Concord,2026-08-12,2026-08-13,,2026,RV,New,652,20.8,5.19,jsmith,,1586,9.74,6000,6000,false,,0,11.24,Core,Core,0.96,0,,0,64392,733,Source One Financial Services,NC, aidan ahern,1,1,NC154,Core
248766,,55149,240,Auto Decline,"Vantage Recreational Finance, Inc. -FL291",VRF,FL,FORT LAUDERDALE,2026-08-12,,,2018,RV,Used,608,61.43,16.95,S1House,,0,22.99,2745,2745,false,,,23.99,Bronze,Bronze,1.07,0,,0,51425,611,Source One Financial Services,SC,,0,0,FL291,Business First
248755,mlomedico,46314,180,Auto Approval,"Vantage Recreational Finance, Inc. -FL291",VRF,FL,FORT LAUDERDALE,2026-08-12,2026-08-12,,2017,RV,Used,,40.14,4.92,S1House,,75,10.74,0,0,false,,,12.24,Core,Core,0.97,0,,0,47540,726,Source One Financial Services,OH, jenica carpentier,1,1,FL291,Core
248812,pmeza,61852.72,180,Decline,Minneapolis Trailer Sales - MN824,,MN,Rogers,2026-08-12,,,2027,RV,New,629,41.26,4.21,dzilberchtein,,9,12.49,8000,8000,false,,,13.49,Silver 1,Silver 1,1.02,0,,0,60779,667,Source One Financial Services,MN, ricky carlson,0,0,MN824,Silver
248714,,26848.62,144,Cancelled,Barton Lake RV Sales -IN104,,IN,Fremont,2026-08-12,,,2024,RV,Used,,0,0,jharrington1,,,22.99,5000,5000,false,,,23.99,Bronze,Bronze,0.9,0,,0,29700,,Source One Financial Services,IN, shane housholder,0,0,IN104,Business First
248949,mlomedico,14210.77,120,Decline,HAPPY CAMPERS RV SALES and SERVICE - IN182,,IN,LAFAYETTE,2026-08-12,,,2017,RV,Used,,28.32,4.03,jharrington1,,26,22.99,0,500,false,,,23.99,Core,Core,1.59,0,,0,8950,782,Source One Financial Services,IN, robert bruck,0,0,IN182,Core
248869,,23869,180,Auto Decline,Southern Michigan RV- MI452,,MI,Hillsdale,2026-08-12,,,2025,RV,New,,39.17,5.2,dzilberchtein,,0,14.99,0,0,false,,,15.99,Silver 2,Silver 2,0.96,0,,0,24916,627,Source One Financial Services,TX,,0,0,MI452,Silver
248745,sdelarosa,34160.96,144,Conditional Approval,RV Wholesalers -OH118,,OH,Lakeview,2026-08-12,2026-08-12,,2027,RV,New,,28.99,3.6,jharrington1,,163,9.99,1800,1800,false,,,10.49,Core,Not Applicable,0.97,0,,0,35343,694,Connexus Credit Union,NY, dallas henry,1,1,OH118,Not Applicable
248727,,164824.1,240,Auto Decline,SR1 RV - Loudon - NH115,,NH,Loudon,2026-08-12,,,2018,RV,Used,642,54.8,35.38,gcoulombe,,0,11.24,0,20000,false,,,12.74,Core,Core,0.89,0,,0,184350,689,Source One Financial Services,FL,,0,0,NH115,Core
248961,,15947.25,120,Auto Decline,Liberty Trail RV - Sulphur Springs - TX580,,TX,Sulphur Springs,2026-08-12,,,2020,RV,Used,639,32.97,1.97,gott,,0,15.74,1500,1500,false,,,16.74,Silver 2,Silver 2,0.6,0,,0,26630,638,Source One Financial Services,TX,,0,0,TX580,Silver
248943,mlomedico,17970,180,Decline,Blue Compass RV - Columbia NE - SC149,Blue Compass,SC,Mcbee,2026-08-12,,,2022,RV,Used,,12.55,6.86,jsmith,,28,10.74,1000,4000,false,,,12.24,Core,Core,1.22,0,,0,14740,692,Source One Financial Services,SC, tim isgett,0,0,SC149,Core
248722,,47494.72,180,Auto Decline,FUN TOWN RV CONROE -TX400,Fun Town,TX,CONROE,2026-08-12,,,2027,RV,New,,27.63,5.01,gott,,0,14.99,2000,2000,false,,,15.99,Silver 2,Silver 2,1.04,0,,0,45637,639,Source One Financial Services,TX,,0,0,TX400,Silver
248936,sbaker,32364.84,180,Decline,A and L RV SALES - LAKE PARK - GA143,,GA,LAKE PARK,2026-08-12,,,2022,RV,Used,,63.71,8.45,jsmith,,6,10.74,0,0,false,,,12.24,Core,Core,0.94,0,,0,34320,683,Source One Financial Services,FL, michael gibson,0,0,GA143,Core
248866,,26699.84,180,Auto Decline,OPEN ROADS COMPLETE RV SERVICE - GA104,,GA,ACWORTH,2026-08-12,,,2023,RV,Used,,29.84,9,jsmith,,0,22.99,5000,5000,false,,,23.99,Bronze,Bronze,1.2,0,,0,22187,598,Source One Financial Services,GA,,0,0,GA104,Business First
248947,edominguez,111478.73,180,Decline,RV Country - Show Low - AZ366,RV Country,AZ,Lakeside,2026-08-12,,,2019,RV,Used,,20.11,8.01,edominguez,,1380,8.49,10000,-28400,false,,,9.99,Core,Core,1.33,0,,0,83520,824,Source One Financial Services,AZ, matthew ellison,0,0,AZ366,Core
248811,pmeza,81228,240,Auto Approval,Sun Team Marine - AR148,,AR,Hot Springs,2026-08-12,2026-08-13,,2025,Boat,New,,15.07,1.28,jweller,,1523,7.74,79265,79265,false,,,7.39,Core,Core,0.58,0,,0,139000,788,Source One Financial Services,CA,,1,1,AR148,Core
248762,sbaker,30631.91,144,Decline,ANGLERS CHOICE - LEXINGTON - NC101,,NC,LEXINGTON,2026-08-12,,,2019,Boat,Used,,8.87,5.68,jsmith,,102,14.99,8000,8000,false,,,15.99,Silver 1,Not Applicable,0.84,0,,0,36620,653,Connexus Credit Union,NC, lee parker,0,0,NC101,Not Applicable
248732,,22699.17,144,Auto Decline,Millican RV America - AL103,,AL,Hanceville,2026-08-12,,,2025,RV,New,,7.32,5.89,jsmith,,0,22.99,5000,5000,false,,,23.99,Bronze,Bronze,0.93,0,,0,24395,511,Source One Financial Services,AL,,0,0,AL103,Business First
248786,avera,30265,180,Decline,ROUTE 66 RVS INC - OK117,Canopy Financial,OK,CLAREMORE,2026-08-12,,,2025,RV,New,,26.5,9.33,jweller,,6,9.49,0,0,false,,,10.99,Core,Core,1.01,0,,0,30000,754,Source One Financial Services,OK, matt kurtz,0,0,OK117,Core
248742,thovey,14694,180,Decline,UNLIMITED RV - MO192,,MO,INDEPENDENCE,2026-08-12,,,2025,RV,Used,,31.95,5.84,jweller,,6,13.74,2800,2800,false,,,14.74,Silver 1,Silver 1,1.07,0,,0,13700,647,Source One Financial Services,KS, bill king,0,0,MO192,Silver
248832,Jhill,229607.8,240,Approved,General RV - Ocala - FL237,General RV,FL,Ocala,2026-08-12,2026-08-12,,2026,RV,New,655,16.79,4.3,pcarter,,15,8.99,25000,25000,false,,,10.49,Core,Core,0.85,0,,0,268940,753,Source One Financial Services,NV, chris coleman,1,1,FL237,Core
248951,,15183,120,Cancelled,Meyer's RV Sales of Pittsburgh - PA146,,PA,Apollo,2026-08-12,,,2025,RV,Used,,0,0,jharrington1,,,22.99,900,900,false,,,23.99,Bronze,Bronze,0.76,0,,0,20075,,Source One Financial Services,PA, nathan johns,0,0,PA146,Business First
248761,avera,116222.05,144,Decline,Intercoastal Financial Group LLC - 17401746,IFG,FL,Vero Beach,2026-08-12,2026-08-12,,2020,Boat,Used,,36.72,4.99,S1House,,1688,10.24,20000,20000,false,,,11.49,Core,Core,1.29,0,,0,90335,722,Source One Financial Services,FL, zach edwards,0,0,17401746,Core
248870,mnava,92031.1,240,Auto Approval,Blue Compass RV - Santee - SCA168,Blue Compass,CA,Santee,2026-08-12,2026-08-12,,2026,RV,New,,37.7,6.33,jrubi,,83,10.24,10000,10000,false,,,11.74,Core,Core,1.03,0,,0,89135,689,Source One Financial Services,ID, benjamin kasper,1,1,SCA168,Core
248790,sbaker,56019.3,180,Decline,SR1 Companies-Manchester-ME109,,ME,Manchester,2026-08-12,,,2026,RV,New,613,60.84,6.4,gcoulombe,,14,12.49,1500,1675.95,false,,,13.49,Silver 1,Silver 1,1.28,0,,0,43890,676,Source One Financial Services,ME, des best,0,0,ME109,Silver
248794,rsimmons,48432,180,Auto Approval,Johnston RV Center - AL134,,AL,Decatur,2026-08-12,2026-08-13,,2027,RV,New,763,38.94,3.43,jsmith,,1299,7.99,500,500,false,,,9.49,Core,Core,1.05,0,,0,46311,781,Source One Financial Services,AL, fred skal,1,1,AL134,Core
248928,,48429,180,Auto Decline,Lake Life Marine LLC - ESC122,EPIC,SC,Irmo,2026-08-12,,,2026,Boat,New,,65.55,9.09,S1House,,0,13.74,0,0,false,,,14.74,Silver 1,Silver 1,1.34,0,,0,36017,656,Source One Financial Services,SC,,0,0,ESC122,Silver
248736,Jhill,24711.94,180,Conditional Approval,Mountain RVs- PA120,Canopy Financial,PA,Carrolltown,2026-08-12,2026-08-12,,2023,RV,Used,661,19.46,3.72,jharrington1,,38,10.49,1200,1200,false,,,11.99,Core,Core,0.92,0,,0,26950,710,Source One Financial Services,PA, mac mclelland,1,1,PA120,Core
248819,sflynn,20986,180,Conditional Approval,American RV Center - IN219,,IN,Evansville,2026-08-12,2026-08-12,,2026,RV,New,655,24.88,2.19,jharrington1,,19,12.49,3450,3450,false,,,13.49,Silver 1,Silver 1,0.84,0,,0,25078,671,Source One Financial Services,IL, chad s. bruce,1,1,IN219,Silver
248962,mlomedico,32038,180,Decline,Bullitt County Auto and RV Sales Inc - KY138,,KY,Shephersville,2026-08-12,,,2018,RV,Used,702,55.42,3.79,jharrington1,,15,14.99,3290,3290,false,,,15.99,Silver 1,Silver 1,32038,0,,0,1,649,Source One Financial Services,KY, cheyanne anderson,0,0,KY138,Silver
248789,,14582.14,144,Auto Decline,Rogers Motors TX542,,TX,Burnet,2026-08-12,,,2025,RV,Used,,74.55,8.93,gott,,0,22.99,3000,3000,false,,,23.99,Bronze,Bronze,1.22,0,,0,12000,540,Source One Financial Services,TX,,0,0,TX542,Business First
248724,avera,23146.35,180,Approved,Ashley Marine LLC - GA147,,GA,Columbus,2026-08-12,2026-08-12,,2026,Boat,New,,44.11,6.1,jsmith,,20,9.49,0,-1820,false,,,10.99,Core,Core,1.28,0,,0,18114,750,Source One Financial Services,AL, amy silas,1,1,GA147,Core
248929,,37356.04,180,Auto Decline,Liberty Trail RV - Sulphur Springs - TX580,,TX,Sulphur Springs,2026-08-12,,,2027,RV,New,,15.11,8.49,gott,,0,14.99,3500,3500,false,,,15.99,Silver 2,Silver 2,1.09,0,,0,34226,638,Source One Financial Services,TX,,0,0,TX580,Silver
248795,,19903.59,120,Auto Decline,SAVA RV - FL284,,FL,Fort Myers,2026-08-12,,,2019,RV,Used,,18.14,8.05,wstoutimore,,0,22.99,2500,2500,false,,,23.99,Bronze,Bronze,1,0,,0,19999,575,Source One Financial Services,MI,,0,0,FL284,Business First
248829,mnava,41906.18,180,Auto Approval,ADAMEC MARINE - FL123,,FL,ORANGE PARK,2026-08-12,2026-08-12,,2026,Boat,New,,37.93,2.61,pcarter,,54,7.49,1000,5000,false,,,8.99,Core,Core,0.83,0,,0,50759,886,Source One Financial Services,FL, tony terry,1,1,FL123,Core
248725,lgrace,14541.94,168,Auto Approval,Fretz RV -PA126,,PA,Souderton,2026-08-12,2026-08-13,,2020,RV,Used,,14.79,1.59,jharrington1,,1408,9.99,500,500,false,,,11.49,Core,Core,0.99,0,,0,14700,759,Source One Financial Services,PA, tony eidle,1,1,PA126,Core
248920,rsimmons,115186.35,240,Pending,General RV - Winter Garden - FL239,General RV,FL,Winter Garden,2026-08-12,,,2026,RV,New,777,42.84,10.17,pcarter,,32,9.49,40000,45371,false,,,10.99,Core,Core,1.24,0,,0,92726,755,Source One Financial Services,FL, victor rodriguez,0,0,FL239,Core
248885,mlomedico,23428.03,144,Auto Approval,Olathe Ford Sales INC-KS127,,KS,Gardner,2026-08-12,2026-08-12,,2021,RV,Used,,38.07,5.59,jweller,,289,9.99,2300,2300,false,,,11.49,Core,Core,0.79,0,,0,29480,752,Source One Financial Services,KS, dan hill,1,1,KS127,Core
248958,,64797.18,180,Auto Decline,"Ron Hoover Companies of Donna, Inc -Tx277",Ron Hoover,TX,Donna,2026-08-12,,,2025,RV,New,656,50.08,7.72,gott,,0,14.99,5000,5100,false,,,15.99,Silver 2,Silver 2,1.43,0,,0,45360.5,629,Source One Financial Services,TX,,0,0,TX277,Silver
248909,hhisek,21468.51,144,Decline,RV Station LTD - Tyler -TX324,,TX,Tyler,2026-08-12,,,2021,RV,Used,,13.63,3.31,gott,,6,14.49,2200,2200,false,,,15.49,Silver 1,Silver 1,0.63,0,,0,33825,643,Source One Financial Services,TX, evan whitaker,0,0,TX324,Silver
248859,hhisek,46331.37,180,Decline,A and L RV Sales - Johnson City - TN 123,,TN,Johnson City,2026-08-12,,,2027,RV,New,,42.21,3.46,jsmith,,4,12.49,1200,4740,false,,,13.49,Silver 1,Silver 1,1.11,0,,0,41721,678,Source One Financial Services,TN, johnny gonzales,0,0,TN123,Silver
248924,sbaker,81417.37,204,Auto Approval,Superior Boat Repair & Sales-ECA106,EPIC,CA,Rancho Cordova,2026-08-12,2026-08-13,,2013,Boat,Used,,17.25,2.74,S1House,,1128,8.99,0,0,false,,,9.49,Core,Core,0.99,0,,0,82100,852,Source One Financial Services,CA, sierra whitmire,1,1,ECA106,Core
248853,hhisek,59458.78,180,Approved,Fun Town RV Amarillo - TX508,Fun Town,TX,Amarillo,2026-08-12,2026-08-12,,2026,RV,New,,30.98,5.63,gott,,141,8.64,5000,5000,false,,,9.39,Core,Not Applicable,0.8,0,,0,74183,745,Ideal Credit Union,TX, eric adams,1,1,TX508,Not Applicable
248804,edominguez,13764.3,72,Verifications Incomplete,RAM MOTORS RV AND TRUCK - NM102,,NM,ALBUQUERQUE,2026-08-12,2026-08-13,,2020,RV,Used,,24.08,5.15,edominguez,,1667,14.74,1500,1500,false,,11,15.24,Silver 1,Silver 1,0.95,275.29,2,0,14450,671,Source One Financial Services,NM, uriah holland,1,1,NM102,Silver
248938,hhisek,247983.07,240,Pending,NXTLVL Marine - Fort Worth -  TX547,,TX,Fort Worth,2026-08-12,,,2025,Boat,New,,8.79,8.79,gott,,14,7.24,65000,65000,false,,,8.74,Core,Core,1,0,,0,247085,830,Source One Financial Services,TX, kandi ludwick,0,0,TX547,Core
248834,thovey,101812.5,240,Auto Approval,Paradise RV LLC - SC148,,SC,N Charleston,2026-08-12,2026-08-12,,2020,RV,Used,,19.42,3.23,jsmith,,143,8.24,10000,10000,false,,,9.74,Core,Core,0.77,0,,0,132050,800,Source One Financial Services,AL, nathaniel dunworth,1,1,SC148,Core
248746,thovey,54510.66,180,Decline,KUNES COUNTRY RV and TRUCK CENTER INC - WI183,KunesRV,WI,ELKHORN,2026-08-12,,,2022,RV,Used,,11.36,8.3,dzilberchtein,,9,13.24,6000,6000,false,,,14.24,Silver 1,Silver 1,0.84,0,,0,64950,677,Source One Financial Services,WI, jon edwards,0,0,WI183,Silver
248775,pmeza,73572.79,240,Auto Approval,Rock Solid Funding LLC - TX536,RSF,TX,BEDFORD,2026-08-12,2026-08-13,,2027,RV,New,649,31.44,2.97,S1House,,1720,8.74,3500,3500,false,,,10.24,Core,Core,1.26,0,,0,58333,767,Source One Financial Services,MA, ashley rogers,1,1,TX536,Core
248731,avera,20363.35,180,Auto Approval,"Root's RV Sales,Inc-IN208",Canopy Financial,IN,Mitchell,2026-08-12,2026-08-12,,2022,RV,Used,,23.06,1.55,jharrington1,,268,7.99,2000,2000,false,,,9.49,Core,Core,0.95,0,,0,21500,811,Source One Financial Services,NH, matt kurtz,1,1,IN208,Core
248871,rsimmons,73584.66,180,Conditional Approval,A and L RV SALES LLC - TN129,,TN,JACKSON,2026-08-12,2026-08-12,,2020,RV,Used,784,46.2,4.57,jsmith,,90,7.74,500,10500,false,,,8.99,Core,Not Applicable,0.74,0,,0,99750,793,Connexus Credit Union,TN, jon mayberry,1,1,TN129,Not Applicable
248810,,13545.32,144,Auto Decline,Bama RV - Opelika - AL151,,AL,Opelika,2026-08-12,,,2027,RV,New,616,50.94,1.62,jsmith,,0,14.99,1400,1400,false,,,15.99,Silver 2,Silver 2,0.6,0,,0,22481,639,Source One Financial Services,AL,,0,0,AL151,Silver
248968,mnava,11112.78,180,Decline,BLUE COMPASS RV - SOUTH HOUSTON  - TX421,Blue Compass,TX,Alvin,2026-08-12,,,2026,RV,New,552,14.25,0.79,gott,,6,9.74,2000,2000,false,,,11.24,Core,Core,0.7,0,,0,15835,724,Source One Financial Services,TX, frank carranza,0,0,TX421,Core
248744,sbaker,31724.58,180,Auto Approval,Best Choice Trailers & RV-PA123,Canopy Financial,PA,Irwin,2026-08-12,2026-08-12,,2024,RV,Used,,49.34,4.57,jharrington1,,28,9.49,0,9400.12,false,,,10.99,Core,Core,0.95,0,,0,33300,754,Source One Financial Services,PA, mac mclelland,1,1,PA123,Core
248820,avera,14692,120,Auto Approval,Fourwinds RV - IL181,,IL,Maroa,2026-08-12,2026-08-13,,2022,RV,Used,,38.12,2.34,gcoulombe,,1672,10.49,1000,1000,false,,,11.99,Core,Core,0.89,0,,0,16600,718,Source One Financial Services,IL, jessica hornickel,1,1,IL181,Core
248784,mlomedico,101729.96,204,Auto Approval,Blue Compass RV - South Beumont - TX551,Blue Compass,TX,Vidor,2026-08-12,2026-08-12,,2026,RV,New,,45.1,3.98,gott,,12,7.99,5000,5000,false,,,9.49,Core,Core,0.98,0,,0,104295,783,Source One Financial Services,TX, leah sligar,1,1,TX551,Core
248846,thovey,92412.58,240,Auto Approval,Blue Compass RV - Reno - NV119,Blue Compass,NV,Reno,2026-08-12,2026-08-12,,2026,RV,New,,25.02,5.76,ljablonoski,,358,8.74,28000,28000,false,,,10.24,Core,Core,1,0,,0,92662.25,766,Source One Financial Services,NV, brina rounds,1,1,NV119,Core
248933,sdelarosa,14210.77,120,Decline,HAPPY CAMPERS RV SALES and SERVICE - IN182,,IN,LAFAYETTE,2026-08-12,,,2017,RV,Used,588,33.31,1.73,jharrington1,,2,8.99,0,500,false,,,10.49,Core,Core,1.59,0,,0,8950,782,Source One Financial Services,IN, robert bruck,0,0,IN182,Core
248904,,32263.95,180,Cancelled,Fun Town RV Ottawa LLC - KS125,Fun Town,KS,Ottawa,2026-08-12,,,2026,RV,New,,0,0,jweller,,,22.99,4000,4000,false,,,23.99,Bronze,Bronze,0.8,0,,0,40260,,Source One Financial Services,AR, john lucas,0,0,KS125,Business First
248844,mnava,55875,180,Auto Approval,Texas Marine - Beaumont -TX199,OneWater ,TX,Beaumont,2026-08-12,2026-08-13,,2015,Boat,Used,,39.38,6.34,gott,,1264,9.74,3500,3500,false,,,11.24,Core,Core,1.06,0,,0,52945,765,Source One Financial Services,TX,,1,1,TX199,Core
248735,lgrace,34263.12,180,Decline,HAPPY CAMPERS RV SALES and SERVICE - IN182,,IN,LAFAYETTE,2026-08-12,,,2024,RV,Used,663,47.38,2.04,jharrington1,,35,10.24,3600,3600,false,,,11.74,Core,Core,1.06,0,,0,32350,693,Source One Financial Services,IN, robert bruck,0,0,IN182,Core
248882,,43008.9,144,Auto Decline,GREAT AMERICAN RV SUPERSTORE-HAMMOND - LA105,,LA,HAMMOND,2026-08-12,,,2018,RV,Used,,37.19,13.75,gott,,0,22.99,2000,8600,false,,,23.99,Bronze,Bronze,1.04,0,,0,41525,618,Source One Financial Services,IA,,0,0,LA105,Business First
248828,,62779.11,180,Auto Decline,"Ron Hoover Companies of Donna, Inc -Tx277",Ron Hoover,TX,Donna,2026-08-12,,,2027,Boat,New,,38.23,10.17,gott,,2,22.99,1000,7100,false,,,23.99,Bronze,Bronze,1.16,0,,,54237.43,613,Source One Financial Services,TX,,0,0,TX277,Business First
248926,Jhill,27165,180,Auto Approval,Northwest Boat Center - OR118,,OR,Portland,2026-08-12,2026-08-13,,2018,Boat,Used,,38.51,2.05,ljablonoski,,1172,9.24,4000,4000,false,,,10.74,Core,Core,0.68,0,,0,39730,762,Source One Financial Services,OR, william nielsen,1,1,OR118,Core
248781,Jhill,141644,180,Auto Approval,LEONARD TRUCK and TRAILER INC. -OH164,,OH,NORTH JACKSON,2026-08-12,2026-08-12,,2026,RV,New,,18.33,2.41,jharrington1,,229,9.74,50000,31913,false,,,11.24,Core,Core,1.08,0,,0,131098,734,Source One Financial Services,NH,,1,1,OH164,Core
248856,,28489,180,Auto Decline,Hanner RV Supercenter -TX165,,TX,Baird,2026-08-12,,,2027,RV,New,,34.82,5.01,gott,,0,14.99,0,0,false,,,15.99,Silver 2,Silver 2,1.28,0,,0,22287,637,Source One Financial Services,TX,,0,0,TX165,Silver
248907,mlomedico,16957.25,144,Auto Approval,Gregg Orr Marine - Hot Springs - AR123,,AR,Hot Springs,2026-08-12,2026-08-12,,2025,Boat,New,681,25.35,2.95,jweller,,221,9.74,1000,1000,false,,,11.24,Core,Core,1.06,0,,0,16070,736,Source One Financial Services,AR, alistair cook,1,1,AR123,Core
248964,mlomedico,24367.27,180,Decline,Blue Compass RV - Austin - TX522,Blue Compass,TX,Buda,2026-08-12,,,2021,RV,Used,,38.53,8.26,gott,,14,13.24,2500,2500,false,,,14.24,Silver 1,Silver 1,1.25,0,,0,19550,666,Source One Financial Services,TX, abel lopez,0,0,TX522,Silver
248908,sbaker,52230.46,204,Conditional Approval,PPL MOTORHOMES - SUMMERFIELD - FL194,,FL,SUMMERFIELD,2026-08-12,2026-08-13,,2015,RV,Used,,3.05,2.93,pcarter,,1043,9.74,500,500,false,,,11.24,Core,Core,0.73,0,,0,71850,772,Source One Financial Services,TN, connor cockfield,1,1,FL194,Core
248821,rsimmons,17742.12,144,Auto Approval,PRIMEAUX RV SUPERSTORE - ALEXANDRIA - LA101,,LA,ALEXANDRIA,2026-08-12,2026-08-12,,2026,RV,New,,15.18,3.58,gott,,33,12.49,1726,1726,false,,,13.49,Silver 1,Silver 1,0.8,0,,0,22289,676,Source One Financial Services,LA, vaughn mcbride,1,1,LA101,Silver
248783,rsimmons,27248.13,180,Decline,Blue Compass RV - South Beumont - TX551,Blue Compass,TX,Vidor,2026-08-12,,,2016,RV,Used,,42.46,2.81,gott,,14,10.99,5000,5000,false,,,12.49,Core,Core,0.53,0,,0,51450,702,Source One Financial Services,TX, leah sligar,0,0,TX551,Core
248813,ahunt,54430.93,180,Auto Approval,MIDWEST MARINE BOAT CO - EMO113,EPIC,MO,Grandview,2026-08-12,2026-08-12,,2013,Boat,Used,,34.15,2.79,S1House,,22,10.24,6500,6500,false,,,11.74,Core,Core,1.05,0,,0,51900,773,Source One Financial Services,CA, mia williams,1,1,EMO113,Core
248899,lgrace,44985.96,240,Auto Approval,Bish's RV of Murray - KY155,Bish's RV,KY,Almo,2026-08-12,2026-08-13,,2026,RV,New,711,49.33,3.47,jharrington1,,1475,9.24,0,6388.68,false,,,10.74,Core,Core,1.24,0,,0,36374,729,Source One Financial Services,KY, dylan higgins,1,1,KY155,Core
248931,Jhill,111130.32,240,Pending,Fun Town RV - Texarkana - AR120,Fun Town,AR,Texarkana,2026-08-12,,,2026,RV,New,,34.56,15.15,jweller,,,12.49,16752,17232.36,false,,,13.49,Silver 1,Not Applicable,1.05,0,,0,106270,670,Ideal Credit Union,TX, joe wright,0,0,AR120,Not Applicable
248771,thovey,40208.62,180,Auto Approval,Phil Dill Boats -TX104,OneWater ,TX,Lewisville,2026-08-12,2026-08-12,,2026,Boat,New,,23.61,3.37,gott,,29,9.99,14600,14600,false,,,11.49,Core,Core,0.89,0,,0,45121,704,Source One Financial Services,TX, cory dill,1,1,TX104,Core
248824,rsimmons,22175.12,180,Approved,Rocky Ridge RV - Tyler - TX574,Rocky Ridge,TX,Tyler,2026-08-12,2026-08-12,,2023,RV,Used,,35.15,2.92,gott,,8,10.24,2500,8500,false,,,11.99,Core,Core,0.79,0,,0,28150,724,Source One Financial Services,TX, blaize ice,1,1,TX574,Core
248973,avera,89647.23,240,Auto Approval,Blue Compass RV - Katy - TX571,Blue Compass,TX,Katy,2026-08-12,2026-08-13,,2026,RV,New,,29.21,4.42,gott,,1310,9.49,500,9400,false,,,10.99,Core,Core,1.22,0,,0,73520,701,Source One Financial Services,LA, eddie johnson,1,1,TX571,Core
248965,,28266.72,60,Auto Decline,Gil Cherry Family RV Center LLC -TX130,,TX,Sweetwater,2026-08-12,,,2026,RV,New,,26.78,4.71,gott,,0,22.99,4000,4000,false,,,23.99,Bronze,Bronze,0.84,0,,0,33542,606,Source One Financial Services,TX,,0,0,TX130,Business First
248765,,26028.82,144,Auto Decline,Sunrise Camping Center - NC162,,NC,Hickory,2026-08-12,,,2021,RV,Used,,30.79,9.29,jsmith,,0,22.99,4500,4500,false,,,23.99,Bronze,Bronze,1.07,0,,0,24250,454,Source One Financial Services,NC,,0,0,NC162,Business First
248855,mnava,93791.67,180,Conditional Approval,General RV - Jacksonville - FL236,General RV,FL,Orange Park,2026-08-12,2026-08-12,,2019,RV,Used,822,19.4,12.74,pcarter,,93,7.99,6000,6000,false,,,9.24,Core,Not Applicable,0.89,0,,0,105386,804,Connexus Credit Union,AL, lou marino,1,1,FL236,Not Applicable
248930,Jhill,93158.96,180,Decline,Ron Hoover - Lubbock - TX499,Ron Hoover,TX,Slaton,2026-08-12,,,2026,RV,New,,41.66,11.99,gott,,21,13.74,8500,10600,false,,,14.74,Silver 1,Not Applicable,1.06,0,,0,87664,657,Connexus Credit Union,TX, jon vidaure,0,0,TX499,Not Applicable
248957,,48165.63,180,Auto Decline,RV Station LTD - Nacogdoches -TX367,,TX,NACOGDOCHES,2026-08-12,,,2027,RV,New,478,27.05,7.1,gott,,0,22.99,4800,4800,false,,,23.99,Bronze,Bronze,1.06,0,,0,45341,608,Source One Financial Services,TX,,0,0,TX367,Business First
248954,mlomedico,40134.45,216,Auto Approval,RV's of Sacramento - NCA136,,CA,Elk Grove,2026-08-12,2026-08-12,,2026,RV,New,,28.03,4.83,jrubi,,34,7.49,500,500,false,,,8.99,Core,Core,1.27,0,,0,31600,833,Source One Financial Services,CA, branda morgan,1,1,NCA136,Core
248906,rsimmons,29788.71,144,Auto Approval,"Ron Hoover Companies of Corpus Christi, Inc -TX278",Ron Hoover,TX,Corpus Christi,2026-08-12,2026-08-13,,2018,RV,Used,,16.18,2.73,gott,,1275,9.74,3500,3500,false,,,11.24,Core,Core,1.2,0,,0,24750,775,Source One Financial Services,TX, david carrillo,1,1,TX278,Core
248830,Jhill,145695.25,240,Decline,GREAT AMERICAN RV SUPERSTORE-TUPELO - MS114,,MS,BELDEN,2026-08-12,,,2024,RV,Used,643,46.31,11.75,jsmith,,1670,9.99,5000,34450,false,,,11.49,Core,Not Applicable,0.94,0,,0,154294,709,Connexus Credit Union,MS, dj miller,0,0,MS114,Not Applicable
248822,,28152.72,180,Auto Decline,"Colonia Del Rey RV Sales, LLC -TX294",,TX,Corpus Christi,2026-08-12,,,2026,RV,New,,25.36,5.71,gott,,0,22.99,4000,4000,false,,,23.99,Bronze,Bronze,0.84,0,,0,33387,588,Source One Financial Services,TX,,0,0,TX294,Business First
248939,edominguez,53156.24,180,Auto Approval,Fourwinds RV - IL181,,IL,Maroa,2026-08-12,2026-08-12,,2026,RV,New,,48.3,8.88,gcoulombe,,64,7.49,0,0.76,false,,,8.74,Core,Not Applicable,1.03,0,,0,51378,802,Connexus Credit Union,IL, jessica hornickel,1,1,IL181,Not Applicable
248848,sdelarosa,11040.34,120,Decline,ROYS RV SUPERCENTER LLC - WV101,,WV,ELKINS,2026-08-12,,,2027,RV,New,,39.15,5.91,jharrington1,,13,13.74,6000,6000,false,,,14.74,Silver 1,Silver 1,0.65,0,,0,17100,642,Source One Financial Services,WV, lisa riggs,0,0,WV101,Silver
248891,rsimmons,24450.1,180,Decline,BLUE COMPASS RV - LUBBOCK - TX117,Blue Compass,TX,Lubbock,2026-08-12,,,2020,RV,Used,,41.07,2.46,gott,,5,13.24,2500,2500,false,,,14.24,Silver 1,Silver 1,0.97,0,,0,25150,666,Source One Financial Services,TX, tyler jenkins,0,0,TX117,Silver
248796,mnava,99984.07,240,Decline,Sun Team Marine - AR148,,AR,Hot Springs,2026-08-12,,,2027,Boat,New,,14.85,10.71,jweller,,33,9.99,15000,15000,false,,,11.49,Core,Not Applicable,1.01,0,,0,99000,718,Connexus Credit Union,AR,,0,0,AR148,Not Applicable
248927,,177687.5,240,Auto Decline,Shafer's Truck & RV Sales LLC - OH233,,OH,Delta,2026-08-12,,,2024,RV,Used,,24.06,22.91,jharrington1,,0,7.49,20000,20000,false,,,8.99,Core,Core,1.11,0,,0,160765,805,Source One Financial Services,OH,,0,0,OH233,Core
248959,mnava,123249.51,240,Approved,Fun Town RV - Texarkana - AR120,Fun Town,AR,Texarkana,2026-08-12,2026-08-12,,2026,RV,New,695,16.98,3.2,jweller,,30,8.24,10000,14719.52,false,,,9.74,Core,Core,1.19,0,,0,103760,776,Source One Financial Services,PA, joe wright,1,1,AR120,Core
248835,pmeza,9296.39,60,Decline,Freedom RV-AZ252,,AZ,Tucson,2026-08-12,,,2017,RV,Used,,30.04,3.12,edominguez,,13,14.99,7785,7785,false,,,15.99,Silver 1,Not Applicable,1,0,,0,9300,650,Ideal Credit Union,AZ, tyler temple,0,0,AZ252,Not Applicable
248878,avera,88893,240,Auto Approval,"Island Watersports, LLC - EDE100",EPIC,DE,Fenwick Island,2026-08-12,2026-08-13,,2024,Boat,Used,828,9.36,7.71,S1House,,1221,7.24,15000,15000,false,,,8.49,Core,Core,1.15,0,,0,77200,835,Source One Financial Services,PA, mark roberts,1,1,EDE100,Core
248847,lgrace,57187.7,240,Auto Approval,Legendary Marine - Panama - FL143,OneWater ,FL,Panama City,2026-08-12,2026-08-12,,2019,Boat,Used,,34.06,5.54,wstoutimore,,8,8.49,5000,5000,false,,,9.99,Core,Core,1,0,,0,57187,862,Source One Financial Services,UT, jacob mankoff,1,1,FL143,Core
248818,mlomedico,12565.36,120,Auto Approval,WINDISH RV - CO134,,CO,LAKEWOOD,2026-08-12,2026-08-12,,2026,RV,New,703,14.24,2.44,dzilberchtein,,16,9.49,1500,1500,false,,,10.99,Core,Core,0.72,0,,0,17391.67,748,Source One Financial Services,CO, eric smith,1,1,CO134,Core
248720,lgrace,40056,240,Auto Approval,Intercoastal Financial Group LLC - 17401746,IFG,FL,Vero Beach,2026-08-12,2026-08-12,,2025,Boat,Used,,12.17,1.85,S1House,,42,9.24,4200,4200,false,,,10.49,Core,Core,0.68,0,,0,59065,736,Source One Financial Services,NC, hunter miller,1,1,17401746,Core
248809,thovey,14123.94,144,Booked,Campers Inn Louisville -IN138,Campers Inn,IN,Clarksville,2026-08-12,2026-08-12,2026-08-12,2019,RV,Used,,23.54,1.01,jharrington1,150,128,8.99,4500,4681,false,20,2,10.49,Core,Core,1.07,847.44,6,0,13150,783,Source One Financial Services,IN, mark unger,1,0,IN138,Core
248779,mlomedico,62318.5,204,Conditional Approval,TAC RV - NC121,,NC,Moyock,2026-08-12,2026-08-12,,2026,RV,New,,33.19,8.92,jsmith,,277,13.74,15000,15000,false,,,14.74,Silver 1,Silver 1,0.87,0,,0,71606,652,Source One Financial Services,NC, dana overman,1,1,NC121,Silver
248741,avera,49822.9,240,Decline,Boating Atlanta - GA133,,GA,Gainesville,2026-08-12,,,2026,Boat,New,,49.75,10.23,jsmith,,47,22.99,36000,36000,false,,,23.99,Not Applicable,Not Applicable,0.66,0,,0,75000,654,Connexus Credit Union,GA, josh haynes,0,0,GA133,Not Applicable
248877,thovey,52344.39,240,Decline,"LAIRD NOLLER FORD, INC RV SUPERCENTER - KS124",,KS,TOPEKA,2026-08-12,,,2022,RV,Used,605,14.28,5.75,jweller,,27,14.49,2000,13000,false,,,15.49,Silver 1,Silver 1,1.18,0,,0,44330,654,Source One Financial Services,KS, chris lewis,0,0,KS124,Silver
248917,mnava,84944.61,180,Conditional Approval,RV COUNTRY- TUALATIN - OR131,RV Country,OR,TUALATIN,2026-08-12,2026-08-12,,2025,RV,New,736,19.8,7.45,ljablonoski,,77,10.49,0,-21711.7,false,,,11.25,Core,Core,1.15,0,,0,74087,760,Source One Financial Services,OR, kari gallagher,1,1,OR131,Core
248862,,82100.45,240,Auto Decline,KUNES RV SUPERCENTER INC - WI714,KunesRV,WI,SHEBOYGAN,2026-08-12,,,2013,RV,Used,,28.07,20.07,dzilberchtein,,0,22.99,0,0,false,,,23.99,Bronze,Bronze,0.87,0,,0,94500,617,Source One Financial Services,WI,,0,0,WI714,Business First
248785,Jhill,10092.6,84,Conditional Approval,RV Station LTD- Katy -TX290,,TX,Katy,2026-08-12,2026-08-12,,2018,RV,Used,,36.52,3.66,gott,,251,12.74,3000,3000,false,,,12.74,Silver 1,Not Applicable,0.99,0,,0,10200,670,Connexus Credit Union,LA, jose acosta,1,1,TX290,Not Applicable
248858,rsimmons,38328.96,180,Decline,PRIMEAUX RV SUPERSTORE - ALEXANDRIA - LA101,,LA,ALEXANDRIA,2026-08-12,,,2026,RV,New,,69.98,5.4,gott,,5,9.99,500,500,false,,,11.49,Core,Core,0.96,0,,0,39765,711,Source One Financial Services,LA, vaughn mcbride,0,0,LA101,Core
248892,rsimmons,33192.82,180,Conditional Approval,ROCKINGHAM MARINE - TN139,,TN,JOHNSON CITY,2026-08-12,2026-08-12,,2023,Boat,Used,,24.69,4.62,jsmith,,14,13.24,13350,13350,false,,,14.24,Silver 1,Silver 1,0.98,0,,0,33770,672,Source One Financial Services,KY, natalie hilton,1,1,TN139,Silver
248730,avera,149991.4,240,Auto Approval,Intercoastal Financial Group LLC - 17401746,IFG,FL,Vero Beach,2026-08-12,2026-08-12,,2023,Boat,Used,769,35.82,2.46,S1House,,193,7.74,420350,420350,false,,,8.99,Core,Core,0.34,0,,0,441998,813,Source One Financial Services,FL, taylor beckford,1,1,17401746,Core
248971,jrubi,82805,240,Auto Approval,Giant RV - Montclair - SCA155,Giant RV,CA,Montclair,2026-08-12,2026-08-13,,2026,RV,New,,36,5.41,jrubi,,1387,10.24,8500,8500,false,,,11.74,Core,Core,0.98,0,,0,84919,688,Source One Financial Services,CA, julio sanchez,1,1,SCA155,Core
248717,lgrace,98999,240,Approved,"Vantage Recreational Finance, Inc. -FL291",VRF,FL,FORT LAUDERDALE,2026-08-12,2026-08-12,,2023,RV,Used,,25.79,3.09,S1House,,6,8.74,24000,24000,false,,,10.24,Core,Core,0.81,0,,0,121650,763,Source One Financial Services,TX, linda lemire,1,1,FL291,Core
248750,hhisek,36550.81,180,Auto Approval,Ron Hoover Companies of Texarkana - TX557,Ron Hoover,TX,Texarkana,2026-08-12,2026-08-13,,2024,RV,Used,,28.71,8.51,gott,,1773,7.99,2000,2000,false,,,9.49,Core,Core,0.91,0,,0,40050,789,Source One Financial Services,AR, bryce sowell,1,1,TX557,Core
248921,Jhill,56003.69,204,Auto Approval,"Wakeside Marine, LLC - IN212",,IN,Elkhart,2026-08-12,2026-08-13,,2016,Boat,Used,,28.03,2.56,jharrington1,,1365,10.74,2520,2520,false,,,12.24,Core,Core,1.13,0,,0,49505,728,Source One Financial Services,IN, jackson lambert,1,1,IN212,Core
248963,mlomedico,108183.31,240,Auto Approval,Gone Fishin Marine - NCA139,,CA,Dixon,2026-08-12,2026-08-13,,2027,Boat,New,770,23.7,6.98,jrubi,,1288,7.49,12250,12250,false,,,8.99,Core,Core,1.19,0,,0,91022,809,Source One Financial Services,NV, jamie otero,1,1,NCA139,Core
248843,sdelarosa,30441.62,180,Conditional Approval,Pete's RV Center Plainville - MA104,Pete's RV,MA,Plainville,2026-08-12,2026-08-12,,2022,RV,Used,592,34.56,6.3,gcoulombe,,22,14.49,3100,3100,false,,,15.49,Silver 1,Silver 1,0.83,0,,0,36800,659,Source One Financial Services,ME, kaser teebagy,1,1,MA104,Silver
248890,,14418.78,180,Auto Decline,Bent's RV - LA117,,LA,Boutte,2026-08-12,,,2022,RV,Used,,2.47,2.47,gott,,0,22.99,7000,7000,false,,,23.99,Bronze,Bronze,1.1,0,,0,13050,,Source One Financial Services,LA,,0,0,LA117,Business First
248912,,40097.57,144,Auto Decline,BISHS RV OF LONGVIEW - TX473,Bish's RV,TX,LONGVIEW,2026-08-12,,,2026,RV,New,611,37.57,5.62,gott,,0,22.99,250,250,false,,,23.99,Bronze,Bronze,1.18,0,,0,33925,603,Source One Financial Services,NC,,0,0,TX473,Business First
248915,,32482.42,240,Auto Decline,Blue Compass RV - Raleigh - NC157,Blue Compass,NC,Raleigh,2026-08-12,,,2026,RV,New,,4.75,0.27,jsmith,,0,14.99,1500,1500,false,,,15.99,Silver 2,Silver 2,1.09,0,,0,29701.75,622,Source One Financial Services,NC,,0,0,NC157,Silver
248867,,43665.62,180,Auto Decline,SR1 Companies-Manchester-ME109,,ME,Manchester,2026-08-12,,,2026,RV,New,,48.75,9.44,gcoulombe,,0,22.99,0,306.88,false,,,23.99,Bronze,Bronze,1.01,0,,0,43185,589,Source One Financial Services,ME,,0,0,ME109,Business First
248758,hhisek,21041.9,120,Decline,Fun Town RV-Waller -TX539,Fun Town,TX,Waller,2026-08-12,,,2026,RV,New,,22.79,4.51,gott,,30,13.74,2150,2150,false,,,14.74,Silver 1,Not Applicable,0.93,0,,0,22643,645,Connexus Credit Union,TX, meddie nieto,0,0,TX539,Not Applicable
248763,,43928.24,180,Auto Decline,Bretz RV & Marine - Lake Crystal - MN842,Bretz RV,MN,Lake Crystal,2026-08-12,,,2020,RV,Used,,48.23,8.41,dzilberchtein,,0,15.74,0,18011,false,,,16.74,Silver 2,Silver 2,0.81,0,,0,54560,633,Source One Financial Services,MN,,0,0,MN842,Silver
248872,hhisek,34185.47,180,Decline,Ashley Marine LLC - Dothan - AL163,,AL,Dothan,2026-08-12,,,2026,Boat,New,,27.06,8.92,jsmith,,13,12.49,2000,2000,false,,,13.49,Silver 1,Silver 1,1.12,0,,0,30536,672,Source One Financial Services,AL, james pressley,0,0,AL163,Silver
249158,hhisek,73693.75,240,Decline,ROSS MOTORSPORTS INC - TX457,,TX,LUFKIN,2026-08-13,,,2026,Boat,New,,33.77,4.9,gott,,6,9.74,20000,8900,false,,,11.24,Core,Core,1,0,,0,73390,721,Source One Financial Services,OK, ryan williams,0,0,TX457,Core
249138,ahunt,54088.91,240,Auto Approval,Erie Marine Sales - OH234,,OH,Sheffield Lake,2026-08-13,2026-08-13,,2027,Boat,New,,24.17,3.03,jharrington1,,11,7.99,500,3617.74,false,,,9.49,Core,Core,1.2,0,,0,44900,796,Source One Financial Services,LA, shirley hetrick,1,1,OH234,Core
249109,,45704.9,180,Auto Decline,BGS Marine Yacht Sales & Brokerage LLC - FL262,,FL,Pensacola,2026-08-13,,,2026,Boat,New,,52.12,14.3,wstoutimore,,0,22.99,5000,5000,false,,,23.99,Bronze,Bronze,1.04,0,,0,44000,535,Source One Financial Services,AL,,0,0,FL262,Business First
249176,,35216.88,180,Auto Decline,Camp Site RV Inc - IA189,,IA,CRESCO,2026-08-13,,,2019,RV,Used,,78.37,22.49,gcoulombe,,1,22.99,0,2350,false,,,23.99,Bronze,Core,0.95,0,,0,36900,750,Source One Financial Services,MN, mark cunningham,0,0,IA189,Business First
248989,hhisek,17255.79,144,Conditional Approval,Blue Compass RV - North Atlanta - GA158,Blue Compass,GA,Buford,2026-08-13,2026-08-13,,2026,RV,New,,29.99,3.23,jsmith,,6,9.49,2000,2000,false,,,10.99,Core,Core,0.79,0,,0,21776,756,Source One Financial Services,GA, roland boughton,1,1,GA158,Core
248997,lgrace,20223.34,180,Decline,Blue Compass RV - Charlotte - NC153,Blue Compass,NC,Concord,2026-08-13,,,2026,RV,New,,32.22,5.11,jsmith,,22,13.74,24000,24000,false,,,14.74,Silver 1,Silver 1,0.45,0,,0,44579,652,Source One Financial Services,NC, rylie seda,0,0,NC153,Silver
249028,sbaker,45251.43,180,Conditional Approval,SMITH MOTOR CO OF HATTIESBURG INC - MS107,,MS,HATTIESBURG,2026-08-13,2026-08-13,,2027,Boat,New,,23.41,7.78,jsmith,,25,13.74,4650,4650,false,,,14.74,Silver 1,Silver 1,0.95,0,,0,47513.5,652,Source One Financial Services,MS, elizabeth aycox,1,1,MS107,Silver
249018,hhisek,47796.43,180,Auto Approval,SMITH MOTOR CO OF HATTIESBURG INC - MS107,,MS,HATTIESBURG,2026-08-13,2026-08-13,,2027,Boat,New,,27.82,3.14,jsmith,,9,8.74,500,500,false,,,10.24,Core,Core,1.13,0,,0,42186,765,Source One Financial Services,MS, elizabeth aycox,1,1,MS107,Core
249046,,31997.83,180,Auto Decline,Phil Dill Boats -TX104,OneWater ,TX,Lewisville,2026-08-13,,,2017,Boat,Used,,52.26,2.53,gott,,0,13.74,0,0,false,,,14.74,Silver 1,Silver 1,1.65,0,,0,19415,668,Source One Financial Services,TX,,0,0,TX104,Silver
248996,,37256.13,180,Auto Decline,Intercoastal Financial Group LLC - 17401746,IFG,FL,Vero Beach,2026-08-13,,,2027,Boat,New,,42.96,7.36,S1House,,0,22.99,5000,5000,false,,,23.99,Bronze,Bronze,1.02,0,,0,36685.02,593,Source One Financial Services,TX,,0,0,17401746,Business First
249017,,87662,180,Auto Decline,JOHNNY'S RV SUPERSTORE LLC - AL124,,AL,THEODORE,2026-08-13,,,2026,RV,Used,,48.59,17.73,jsmith,,0,22.99,15000,17391,false,,,23.99,Bronze,Bronze,0,0,,0,0,608,Source One Financial Services,MS,,0,0,AL124,Business First
249143,lgrace,40047.74,204,Auto Approval,Top Notch RV LLC - NC149,,NC,Benson,2026-08-13,2026-08-13,,2026,RV,Used,,21.46,3.46,jsmith,,72,8.24,0,0,false,,,9.74,Core,Core,0.76,0,,0,52800,776,Source One Financial Services,NC, david hall,1,1,NC149,Core
249189,,10579.63,120,Auto Decline,Pete's RV Center - Chesapeake - VA113,Pete's RV,VA,Chesapeake,2026-08-13,,,2021,RV,Used,,33.5,3.74,jsmith,,0,22.99,1500,1500,false,,,23.99,Bronze,Bronze,1.27,0,,0,8300,573,Source One Financial Services,VA,,0,0,VA113,Business First
249010,rsimmons,24921.19,180,Auto Approval,Blue Compass RV - Katy - TX571,Blue Compass,TX,Katy,2026-08-13,2026-08-13,,2027,RV,New,,43.68,3.05,gott,,99,9.99,2000,2000,false,,,11.49,Core,Core,0.94,0,,0,26436.75,705,Source One Financial Services,TX, adam barragan,1,1,TX571,Core
249198,mlomedico,45949,216,Decline,Bob Hurley RV-Tulsa OK137,,OK,Tulsa,2026-08-13,,,2027,RV,New,621,14.81,5.25,jweller,,23,9.74,0,0,false,,,11.24,Core,Core,0.99,0,,0,46547,722,Source One Financial Services,OK, ryan jensen,0,0,OK137,Core
249073,rsimmons,17433.24,144,Approved,ANGLERS CHOICE - MARTINSVILLE - VA100,,VA,MARTINSVILLE,2026-08-13,2026-08-13,,2020,Boat,Used,,32.34,1.66,jsmith,,18,10.74,0,7000,false,,,12.24,Core,Core,0.85,0,,0,20530,692,Source One Financial Services,VA, tyler smith,1,1,VA100,Core
249000,rsimmons,18243,180,Approved,Fun Town RV - Little Rock - AR126,Fun Town,AR,Bryant,2026-08-13,2026-08-13,,2026,RV,New,,10.41,3.33,jweller,,7,8.74,2000,2000,false,,,10.24,Core,Core,0.75,0,,0,24184,765,Source One Financial Services,AR, wade meeks,1,1,AR126,Core
249011,Jhill,32054,180,Approved,"Vantage Recreational Finance, Inc. -FL291",VRF,FL,FORT LAUDERDALE,2026-08-13,2026-08-13,,2020,Boat,Used,737,37.7,3.92,S1House,,33,9.24,2000,2000,false,,,10.74,Core,Core,1.07,0,,0,29832,773,Source One Financial Services,LA, jennifer richter,1,1,FL291,Core
249116,rsimmons,20504.79,180,Decline,RV Station LTD - Tyler -TX324,,TX,Tyler,2026-08-13,,,2021,RV,Used,,23.25,2.78,gott,,9,13.24,2100,2100,false,,,14.24,Silver 1,Silver 1,0.61,0,,0,33825,679,Source One Financial Services,TX, james chadwick,0,0,TX324,Silver
248986,sbaker,38099.78,180,Auto Approval,Fun Town RV-Denton -TX322,Fun Town,TX,Denton,2026-08-13,2026-08-13,,2027,RV,New,,16.53,2.48,gott,,14,9.99,7800,49800,false,,,11.49,Core,Core,0.45,0,,0,85461,708,Source One Financial Services,TX, jacob redante,1,1,TX322,Core
249057,rsimmons,34735.2,180,Decline,Bradford Marine & ATV-Springdale-AR144,Bradford Marine,AR,Springdale,2026-08-13,,,2026,Boat,New,593,22.64,3.31,jweller,,22,9.99,3500,3500,false,,,11.49,Core,Core,1.08,0,,0,32290,702,Source One Financial Services,AR, charlie jones,0,0,AR144,Core
249100,eavila,96577.47,180,Decline,Intercoastal Financial Group LLC - 17401746,IFG,FL,Vero Beach,2026-08-13,,,2006,Boat,Used,,38.93,6.57,S1House,,49,12.24,65000,65000,false,,,13.49,Core,Core,0.69,0,,0,140000,695,Source One Financial Services,TN, nicole chaney,0,0,17401746,Core
249152,pmeza,12443,120,Auto Approval,SOUTHERN IDAHO RV and MARINE LLC - ID104,,ID,JEROME,2026-08-13,2026-08-13,,2015,RV,Used,,26.81,2.17,ljablonoski,,38,11.24,1389,1389,false,,,12.74,Core,Core,1.17,0,,0,10600,695,Source One Financial Services,ID,,1,1,ID104,Core
249094,eavila,37834,180,Decline,"Vantage Recreational Finance, Inc. -FL291",VRF,FL,FORT LAUDERDALE,2026-08-13,,,2021,Boat,Used,603,42.74,4.56,S1House,,8,10.49,4500,4500,false,,,11.99,Core,Core,1.23,0,,0,30675,705,Source One Financial Services,AL, craig miller,0,0,FL291,Core
249069,,13547,84,Auto Decline,BOATCRAFT - MI430,,MI,TRAVERSE CITY,2026-08-13,,,2003,Boat,New,,0,0,dzilberchtein,,0,22.99,0,0,false,,,23.99,Bronze,Bronze,0,0,,0,0,,Source One Financial Services,LA,,0,0,MI430,Business First
249061,,16197.06,180,Auto Decline,OPTIMUM RV TX LLC - Robstown - TX481,Optimum RV,TX,ROBSTOWN,2026-08-13,,,2024,RV,Used,,17.55,2.18,gott,,0,14.99,1500,1500,false,,,15.99,Silver 2,Silver 2,0.9,0,,0,17940,625,Source One Financial Services,TX,,0,0,TX481,Silver
249032,eavila,20216.2,180,Decline,Modern Classic RVs - CO170,,CO,Grand Junction,2026-08-13,,,2026,RV,New,,29.35,2.44,dzilberchtein,,17,13.74,2100,2100,false,,,14.74,Silver 1,Silver 1,0.92,0,,0,21865,641,Source One Financial Services,CO, carlos molina quintana,0,0,CO170,Silver
249142,mnava,14436.13,120,Auto Approval,Campers Inn of Davenport - IA216,Campers Inn,IA,Davenport,2026-08-13,2026-08-13,,2026,RV,New,,23.15,2.6,gcoulombe,,35,9.74,2500,2500,false,,,11.24,Core,Core,0.68,0,,0,21199,722,Source One Financial Services,OH, taj carter,1,1,IA216,Core
249194,,127627.95,240,Auto Decline,General RV Center - Longmont - CO156,General RV,CO,Longmont,2026-08-13,,,2023,RV,Used,,39.57,12.45,dzilberchtein,,0,15.74,30000,30062,false,,,16.74,Silver 2,Silver 2,0.96,0,,0,132880,622,Source One Financial Services,PA,,0,0,CO156,Silver
249180,pmeza,13610,120,Auto Approval,Kellys RV INC-AR133,,AR,Paragould,2026-08-13,2026-08-13,,2020,RV,Used,,39.09,3.58,jweller,,24,10.24,1400,1400,false,,,11.74,Core,Core,0.81,0,,0,16850,736,Source One Financial Services,AR, ron richardson,1,1,AR133,Core
249004,Jhill,11837.18,120,Conditional Approval,General RV - Fort Myers - FL240,General RV,FL,Fort Myers,2026-08-13,2026-08-13,,2022,RV,Used,,14.16,2.14,wstoutimore,,149,9.74,5000,6500,false,,,10.49,Not Applicable,Not Applicable,0.57,0,,0,20700,705,Connexus Credit Union,RI, dustin knaggs,1,1,FL240,Not Applicable
248998,lgrace,93268.03,240,Conditional Approval,General RV - Richmond - VA117,General RV,VA,Ashland,2026-08-13,2026-08-13,,2024,RV,Used,761,32.06,3.1,jsmith,,27,7.24,20500,22000,false,,,8.74,Core,Core,1.16,0,,0,80350,883,Source One Financial Services,VA, sebastian beltran,1,1,VA117,Core
248983,lgrace,127594,216,Decline,Woodland Airstream of Kentucky - KY151,,KY,Georgetown,2026-08-13,,,2027,RV,New,,58.84,12.97,jharrington1,,428,7.24,1000,174000,false,,,8.74,Core,Core,0.48,0,,0,267623,808,Source One Financial Services,GA,,0,0,KY151,Core
249165,pmeza,38086.86,180,Decline,Keystone RV Center  - PA110,Pete's RV,PA,Greencastle,2026-08-13,,,2026,RV,New,582,30.25,4.85,jharrington1,,9,10.24,1500,1500,false,,,11.74,Core,Core,1.01,0,,0,37700,695,Source One Financial Services,WV, jen habina,0,0,PA110,Core
249125,mlomedico,30539,180,Auto Approval,"Vantage Recreational Finance, Inc. -FL291",VRF,FL,FORT LAUDERDALE,2026-08-13,2026-08-13,,2020,Boat,Used,,11.99,4.43,S1House,,148,9.99,23000,23000,false,,,11.49,Core,Core,0.52,0,,0,58740,747,Source One Financial Services,MI, trenton cott,1,1,FL291,Core
249204,eavila,15031,84,Decline,BOATCRAFT - MI430,,MI,TRAVERSE CITY,2026-08-13,,,2007,Boat,New,,35.71,4.28,dzilberchtein,,55,22.99,0,0,false,,,23.99,Silver 1,Silver 1,0,0,,0,0,669,Source One Financial Services,LA,,0,0,MI430,Silver
248979,avera,18658.36,168,Auto Approval,Campers Inn Kings Mountain -NC108,Campers Inn,NC,Kings Mountain,2026-08-13,2026-08-13,,2021,RV,Used,630,39.52,3.42,jsmith,,488,10.49,5000,5000,false,,,11.99,Core,Core,1.06,0,,0,17550,718,Source One Financial Services,NC, hunter lee,1,1,NC108,Core
249079,mlomedico,121715.52,240,Decline,RV's of America - Lindon - UT125,,UT,Lindon,2026-08-13,,,2027,RV,New,499,39.65,14.01,ljablonoski,,11,9.49,11800,11800,false,,,10.99,Core,Core,1.41,0,,0,86100,748,Source One Financial Services,CO, will smith,0,0,UT125,Core
249051,rsimmons,94980.63,240,Approved,Dargel Boats Inc - TX582,RDS,TX,Donna,2026-08-13,2026-08-13,,2027,Boat,New,,33.5,3.47,gott,,10,8.99,19000,19000,false,,,10.49,Core,Core,0.9,0,,0,105699,759,Source One Financial Services,TX, shane taylor,1,1,TX582,Core
249133,Jhill,37636.43,180,Decline,Action Watersports - Polk City - FL267,,FL,Polk City,2026-08-13,,,2012,Boat,Used,789,8.3,0.8,wstoutimore,,44,8.99,10000,10000,false,,,10.49,Core,Core,1.03,0,,0,36586,811,Source One Financial Services,FL, natalie brown,0,0,FL267,Core
249182,,27050.03,180,Auto Decline,BLUE COMPASS RV  COLUMBUS-OH210,Blue Compass,OH,DELAWARE,2026-08-13,,,2026,RV,New,,85.16,10.97,jharrington1,,24,22.99,2000,2000,false,,,23.99,Bronze,Silver 1,0.88,0,,0,30733,678,Source One Financial Services,OH, steven duty,0,0,OH210,Business First
249054,eavila,50368.22,180,Approved,Pikes Peak RV Inc - CO149,,CO,Colorado Springs,2026-08-13,2026-08-13,,2027,RV,New,830,44.45,11.25,dzilberchtein,,35,9.49,4500,4500,true,,,11.49,Business First,Business First,1.22,0,,0,41284,,Source One Financial Services,CO, lexie green,1,1,CO149,Business First
249090,mnava,38657,180,Auto Approval,FUN TOWN RV ANNA LLC - IL251,Fun Town,IL,ANNA,2026-08-13,2026-08-13,,2026,RV,New,,30.79,7.21,gcoulombe,,48,12.49,3825,3825,false,,,13.49,Silver 1,Silver 1,0.88,0,,0,43761,670,Source One Financial Services,KY, brenden boggs,1,1,IL251,Silver
249038,mlomedico,70432.6,240,Auto Approval,SOUTHLAND RV - GA137,,GA,RICHMOND HILL,2026-08-13,2026-08-13,,2027,RV,New,,48.23,7.92,jsmith,,18,8.49,5000,5000,false,,,9.24,Core,Core,1,0,,0,70422,852,Source One Financial Services,GA, eric stafford,1,1,GA137,Core
248995,hhisek,16450.44,144,Auto Approval,Premier Yamaha Boating Center/Aransas -TX209,,TX,Aransas,2026-08-13,2026-08-13,,2019,Boat,Used,,7.59,7.49,gott,,242,11.24,2000,2000,false,,,12.74,Core,Core,0.82,0,,0,20060,683,Source One Financial Services,FL, ashton janise,1,1,TX209,Core
249087,mlomedico,62575.54,180,Decline,Campers Inn RV - Johnstown - CO163,Campers Inn,CO,Johnstown,2026-08-13,,,2026,RV,New,,25.03,8.64,dzilberchtein,,150,12.49,30000,30000,false,,,13.49,Silver 1,Not Applicable,0.73,0,,0,86273,662,Connexus Credit Union,CO, scott hayes,0,0,CO163,Not Applicable
249209,,32430.18,180,Auto Decline,Bish's RV of Murray - KY155,Bish's RV,KY,Almo,2026-08-13,,,2027,RV,New,,30.01,4.45,jharrington1,,0,22.99,3379,3379,false,,,23.99,Bronze,Bronze,0.92,0,,0,35185,617,Source One Financial Services,KY,,0,0,KY155,Business First
249031,lgrace,16340.29,96,Conditional Approval,Rock Solid Funding LLC - TX536,RSF,TX,BEDFORD,2026-08-13,2026-08-13,,2017,RV,Used,,13.41,3,S1House,,148,11.85,1600,1600,false,,,12.35,Core,Not Applicable,0.69,0,,0,23550,720,Ideal Credit Union,GA, caleb grassi,1,1,TX536,Not Applicable
249220,eavila,70665.75,180,Auto Approval,Giant RV - Colton - SCA157,Giant RV,CA,Colton,2026-08-13,2026-08-13,,2026,RV,New,,39.62,7.31,jrubi,,40,10.24,20000,20000,false,,,11.74,Core,Core,1,0,,0,70509,694,Source One Financial Services,TX, c.c. lafrades,1,1,SCA157,Core
249052,eavila,67033.15,240,Conditional Approval,Blue Compass RV - Bakersfield - Sales - NCA145,Blue Compass,CA,Bakersfield,2026-08-13,2026-08-13,,2022,RV,Used,,44.99,4.92,jrubi,,69,9.99,204000,134000,false,,,11.49,Core,Core,0.36,0,,0,187550,712,Source One Financial Services,CA, martha quiroz,1,1,NCA145,Core
249179,,39565.86,180,Auto Decline,La Mesa RV Center - Port St Lucie - FL314,La Mesa,FL,Port St Lucie,2026-08-13,,,2026,RV,New,637,19.73,3.72,pcarter,,0,22.99,70000,70000,false,,,23.99,Bronze,Bronze,0.31,0,,0,126195,616,Source One Financial Services,FL,,0,0,FL314,Business First
249141,rsimmons,16209,144,Approved,Woodland Airstream - MI458,,MI,Grand Rapids,2026-08-13,2026-08-13,,2016,RV,Used,675,13.38,0.94,dzilberchtein,,14,9.74,5000,5000,false,,,9.74,Core,Core,0.74,0,,0,21900,773,Source One Financial Services,MI,,1,1,MI458,Core
249132,hhisek,31322.49,180,Conditional Approval,Blue Compass RV - Austin - TX522,Blue Compass,TX,Buda,2026-08-13,2026-08-13,,2026,RV,New,,34.7,3.28,gott,,6,13.74,3300,3300,false,,,14.74,Silver 1,Silver 1,1.09,0,,0,28733,656,Source One Financial Services,TX, nicolas paez,1,1,TX522,Silver
249099,thovey,131380,240,Decline,Noteboom RV LLC- Harrisburg -SD106,,SD,Harrisburg,2026-08-13,,,2026,RV,New,646,45.42,10.8,dzilberchtein,,56,9.74,2000,2000,false,,,11.24,Core,Core,1.17,0,,0,112070,723,Source One Financial Services,SD, finance noteboom rv,0,0,SD106,Core
249035,lgrace,24263.54,120,Auto Approval,East Coast RV - PA111,,PA,Bedford,2026-08-13,2026-08-13,,2026,RV,New,,25.55,7.28,jharrington1,,186,10.99,1800,2420.29,false,,,10.99,Silver 1,Not Applicable,0.78,0,,0,30940,662,Connexus Credit Union,FL, katrina watson,1,1,PA111,Not Applicable
249208,mlomedico,40036.95,180,Pending,PARRIS RV - PAYSON - UT109,,UT,PAYSON,2026-08-13,,,2027,RV,New,,37.88,4.82,ljablonoski,,,12.49,4015,4015,false,,,13.49,Silver 1,Not Applicable,0.86,0,,0,46339,663,Connexus Credit Union,NM, ruston spadafora,0,0,UT109,Not Applicable
249062,hhisek,67073.29,180,Auto Approval,Optimum RV Bushnell - FL163,Optimum RV,FL,Bushnell,2026-08-13,2026-08-13,,2014,RV,Used,839,31.06,10.03,wstoutimore,,207,8.99,10000,12439.35,false,,,10.49,Core,Core,1.12,0,,0,60150,818,Source One Financial Services,FL, bari barlow,1,1,FL163,Core
248990,,99349,240,Auto Decline,Irwin Marine - NH116,,NH,Laconia,2026-08-13,,,2021,Boat,Used,,58.03,10.82,gcoulombe,,0,14.49,9200,16200,false,,,15.49,Silver 1,Silver 1,1.2,0,,0,82950,647,Source One Financial Services,NH,,0,0,NH116,Silver
249181,rsimmons,79602.68,240,Decline,Blue Compass RV - Austin - TX522,Blue Compass,TX,Buda,2026-08-13,,,2015,RV,Used,,38.94,18.34,gott,,5,10.49,0,10000,false,,,11.99,Core,Core,1.06,0,,0,74745,751,Source One Financial Services,TX, abel lopez,0,0,TX522,Core
249089,rsimmons,52269.04,240,Decline,Optimum RV Bushnell - FL163,Optimum RV,FL,Bushnell,2026-08-13,,,2024,RV,Used,,20.92,8.4,wstoutimore,,9,9.99,0,0,false,,,11.49,Core,Core,0.98,0,,0,53550,719,Source One Financial Services,FL, presley wallace,0,0,FL163,Core
249086,ahunt,29503.6,180,Auto Approval,Ashley Marine LLC - GA147,,GA,Columbus,2026-08-13,2026-08-13,,2027,Boat,New,,26.2,1.72,jsmith,,26,7.49,5000,5000,false,,,8.99,Core,Core,1.19,0,,0,24830,842,Source One Financial Services,GA, shirley ashley,1,1,GA147,Core
249003,hhisek,78336.76,180,Conditional Approval,La Mesa RV Center - Port St Lucie - FL314,La Mesa,FL,Port St Lucie,2026-08-13,2026-08-13,,2026,RV,New,,13.81,8.32,pcarter,,108,10.99,85000,85000,false,,,10.99,Silver 1,Not Applicable,0.5,0,,0,155580,674,Connexus Credit Union,FL, dallas lostutter,1,1,FL314,Not Applicable
249144,mlomedico,224429.65,240,Auto Approval,National Indoor RV Centers - Las Vegas - NV110,,NV,Las Vegas,2026-08-13,2026-08-13,,2026,RV,New,781,26.26,14.73,ljablonoski,,91,7.24,160000,115000,false,,,8.74,Core,Core,0.6,0,,0,376232,805,Source One Financial Services,GA, kelly masterton,1,1,NV110,Core
249218,,643822.94,240,Auto Decline,LEXINGTON RV LLC - KY135,,KY,LEXINGTON,2026-08-13,,,2017,RV,Used,,0,0,jharrington1,,0,22.99,30000,107000,false,,,23.99,Bronze,Bronze,0.86,0,,0,750000,,Source One Financial Services,MN,,0,0,KY135,Business First
249074,Jhill,50508,240,Decline,Jeff England Motor Co Inc -TX328,,TX,Cleburne,2026-08-13,,,2024,RV,Used,,10.88,2.45,gott,,6,12.49,5200,5200,false,,,13.49,Silver 1,Silver 1,0,0,,0,0,665,Source One Financial Services,TX,,0,0,TX328,Silver
249113,Jhill,119735,204,Auto Approval,MarineMax - Savannah - GA166,Marine Max,GA,Thunderbolt,2026-08-13,2026-08-13,,2025,Boat,Used,,32.64,7.04,S1House,,114,7.99,20000,20000,false,,,9.49,Core,Core,1.06,0,,0,112690,796,Source One Financial Services,SC, eddie nuttall,1,1,GA166,Core
249042,thovey,31144.49,180,Auto Decline,Blue Compass RV - Colorado Springs - CO160,Blue Compass,CO,COLORADO SPRINGS,2026-08-13,,,2026,RV,New,,50.6,4.62,dzilberchtein,,433,12.49,2000,2000,false,,,13.49,Silver 1,Silver 1,0.89,0,,0,34830,665,Source One Financial Services,CO, chris manaois,0,0,CO160,Silver
249065,lgrace,157304.2,240,Auto Approval,Ashley Marine - Panama City -  FL255,,FL,Panama City,2026-08-13,2026-08-13,,2026,Boat,New,837,46.09,13.76,wstoutimore,,161,7.74,50000,50000,false,,,9.24,Core,Core,0.91,0,,0,172574.1,800,Source One Financial Services,LA, amy silas,1,1,FL255,Core
249187,sdelarosa,31317,180,Auto Approval,NewCoast - Boatzon - FL356,Marine Max,FL,Oldsmar,2026-08-13,2026-08-13,,2012,Boat,Used,718,47.76,2.1,S1House,,26,9.49,3000,3000,false,,,10.99,Core,Core,0.82,0,,0,38215,798,Source One Financial Services,TN, christopher rogers,1,1,FL356,Core
249171,,44013.25,180,Auto Decline,SMITH MOTOR CO OF HATTIESBURG INC - MS107,,MS,HATTIESBURG,2026-08-13,,,2027,Boat,New,,31.88,6.96,jsmith,,0,22.99,0,0,false,,,23.99,Bronze,Bronze,1.74,0,,0,25229.18,593,Source One Financial Services,AL,,0,0,MS107,Business First
249059,hhisek,42411,180,Approved,O'CONNELL YACHTS-SC129,,SC,Boiling Springs,2026-08-13,2026-08-13,,2023,Boat,Used,,19.09,0.78,jsmith,,13,10.74,5000,5000,false,,,12.24,Core,Core,0.99,0,,0,43000,697,Source One Financial Services,NC, jodie oconnell,1,1,SC129,Core
249134,thovey,17425.59,120,Auto Approval,Heartland Marine -MO131,,MO,Sunrise Beach,2026-08-13,2026-08-13,,2006,Boat,Used,756,12.22,2.02,jweller,,70,11.49,15000,15000,false,,,12.99,Core,Core,0.67,0,,0,26180,789,Source One Financial Services,IA, ashley maass,1,1,MO131,Core
249217,,33113.09,180,Auto Decline,BISH'S RV OF KALISPELL - MT105,Bish's RV,MT,KALISPELL,2026-08-13,,,2027,RV,New,,14.56,5.89,dzilberchtein,,0,22.99,10000,10000,false,,,23.99,Bronze,Bronze,0.78,0,,0,42635,592,Source One Financial Services,MT,,0,0,MT105,Business First
249092,Jhill,27817.91,180,Auto Approval,Bish's RV of Sioux Falls - SD112,Bish's RV,SD,Tea,2026-08-13,2026-08-13,,2021,RV,Used,,8.52,1.36,dzilberchtein,,318,10.74,2800,2800,false,,,12.24,Core,Core,1.16,0,,0,23950,686,Source One Financial Services,MN, dylan higgins,1,1,SD112,Core
249002,Jhill,77072.79,240,Decline,Rock Solid Funding LLC - TX536,RSF,TX,BEDFORD,2026-08-13,,,2027,RV,New,,72.54,10.69,S1House,,24,22.99,0,0,false,,,23.99,Core,Core,1.21,0,,0,63636,767,Source One Financial Services,MA, samantha strahan,0,0,TX536,Core
249191,sflynn,21716.7,168,Approved,Campers Inn - Collinsville - IL257,Campers Inn,IL,Collinsville,2026-08-13,2026-08-13,,2022,RV,Used,668,36.69,3.12,gcoulombe,,9,8.49,1000,1000,false,,,9.99,Core,Core,1.22,0,,0,17750,792,Source One Financial Services,IL, eddie unger,1,1,IL257,Core
249056,,22745.65,180,Auto Decline,Blue Compass RV - South Beumont - TX551,Blue Compass,TX,Vidor,2026-08-13,,,2025,RV,Used,,14.04,5.74,gott,,0,14.99,2000,5000,false,,,15.99,Silver 2,Silver 2,0.79,0,,0,28930,633,Source One Financial Services,TX,,0,0,TX551,Silver
249120,rsimmons,118162.96,240,Approved,General RV-Mt Clemens -MI413,General RV,MI,MESA,2026-08-13,2026-08-13,,2026,RV,New,,42.08,9.67,dzilberchtein,,29,7.24,10000,14317.74,false,,,8.74,Core,Core,0.98,0,,0,120888,849,Source One Financial Services,FL, michael buchwald,1,1,MI413,Core
249025,hhisek,10000,120,Auto Approval,GIBBS OUTDOOR and RECREATION - TX454,,TX,WACO,2026-08-13,2026-08-13,,2018,RV,Used,670,5.3,1.63,gott,,309,10.99,5025.75,5025.75,false,,,12.49,Core,Core,0.63,0,,0,15850,702,Source One Financial Services,TX, colby longenbaugh,1,1,TX454,Core
249001,Jhill,24342.63,180,Auto Approval,Fun Town RV - Cleburne -TX108,Fun Town,TX,Cleburne,2026-08-13,2026-08-13,,2026,RV,New,,34.27,3.17,S1House,,91,13.74,10000,10000,false,,,14.74,Silver 1,Silver 1,0.61,0,,0,39789,653,Source One Financial Services,TX, brenden boggs,1,1,TX108,Silver
249205,eavila,38064.72,144,Auto Approval,SKYRIVER RV - FRESNO - NCA138,SkyRiver,CA,Fresno,2026-08-13,2026-08-13,,2021,RV,Used,,37.32,4.46,jrubi,,42,7.99,0,4000,false,,,9.49,Core,Core,1.13,0,,0,33700,807,Source One Financial Services,CA, julien castillo,1,1,NCA138,Core
249170,eavila,77317.92,180,Conditional Approval,Buckeye RV LLC -OH225,,OH,Jefferson,2026-08-13,2026-08-13,,2026,RV,New,722,32.77,3.71,jharrington1,,28,9.74,3000,-1000,false,,,11.24,Core,Core,1.17,0,,0,66037,725,Source One Financial Services,PA, nick mullins,1,1,OH225,Core
249013,lgrace,25756.47,144,Auto Approval,Couch Family RV - FL299,,FL,Cross City,2026-08-13,2026-08-13,,2026,RV,New,,28.18,8.71,wstoutimore,,128,7.74,0,4000,false,,,8.74,Core,Not Applicable,0.94,0,,0,27492,745,Connexus Credit Union,FL, fiona earp,1,1,FL299,Not Applicable
249199,mlomedico,15693,144,Pending,SUNRISE MARINE CENTER - AR109,,AR,SEARCY,2026-08-13,,,2022,Boat,Used,,31.24,2.09,jweller,,,10.74,1750,1750,false,,,12.24,Core,Core,1.04,0,,0,15135,694,Source One Financial Services,AR, makayla cheatham,0,0,AR109,Core
249159,pmeza,75953,240,Decline,Blue Compass RV - Columbia - SC136,Blue Compass,SC,Lexington,2026-08-13,,,2025,RV,Used,628,51.36,5.58,jsmith,,37,12.49,8500,8500,false,,,13.49,Silver 1,Silver 1,0.86,0,,0,88000,663,Source One Financial Services,SC, zach smith,0,0,SC136,Silver
249098,ahunt,42717.02,180,Conditional Approval,CAMPERS INN ATLANTA -GA122,Campers Inn,GA,TUCKER,2026-08-13,2026-08-13,,2026,RV,New,743,38.31,1.63,jsmith,,132,8.99,4700,4700,false,,,10.24,Core,Not Applicable,1.15,0,,0,37211,736,Allegius Credit Union,GA, scott hayes,1,1,GA122,Not Applicable
249147,mlomedico,33585.28,180,Approved,Union City Marine - ETN113,EPIC,TN,Union City,2026-08-13,2026-08-13,,2027,Boat,New,660,32.8,4.73,S1House,,87,12.49,0,6700,false,,,13.49,Silver 1,Silver 1,1.19,0,,0,28272.77,671,Source One Financial Services,TN, mark roberts,1,1,ETN113,Silver
249009,mlomedico,14947.1,180,Decline,Grand Pointe Marina of Lansing - MI464,,MI,Dimondale,2026-08-13,,,2026,Boat,New,574,36.01,1.22,dzilberchtein,,27,9.99,2000,20500,false,,,11.49,Core,Core,0.46,0,,0,32850,704,Source One Financial Services,MI, patrick crowley,0,0,MI464,Core
248994,rsimmons,70672.43,204,Conditional Approval,Gil Cherry Family RV Center LLC -TX130,,TX,Sweetwater,2026-08-13,2026-08-13,,2026,RV,New,,40.09,10.59,gott,,15,9.49,8000,8454,false,,,10.99,Core,Core,1.26,0,,0,56127,755,Source One Financial Services,TX, zach burwick,1,1,TX130,Core
249114,mnava,60714,204,Conditional Approval,Rocky Mountain Boat Company - CO169,,CO,Pueblo West,2026-08-13,2026-08-13,,2022,Boat,Used,706,47.78,3.49,dzilberchtein,,23,10.24,6000,2400,false,,,11.74,Core,Core,1.05,0,,0,57890,721,Source One Financial Services,CO, david parker,1,1,CO169,Core
249124,ahunt,52976.92,180,Auto Approval,Blackbeard Marine Kingston -OK151,,OK,Kingston,2026-08-13,2026-08-13,,2018,Boat,Used,,28.09,2.45,jweller,,265,9.74,15000,15000,false,,,11.24,Core,Core,1.04,0,,0,50699,763,Source One Financial Services,TX, andrew harmon,1,1,OK151,Core
249111,pmeza,33226.88,204,Auto Approval,Camp Site RV Inc - IA189,,IA,CRESCO,2026-08-13,2026-08-13,,2019,RV,Used,640,42.94,7.31,gcoulombe,,65,9.99,1990,4340,false,,,11.49,Core,Core,1.12,0,,0,29600,750,Source One Financial Services,MN, mark cunningham,1,1,IA189,Core
249021,thovey,47048.32,204,Auto Approval,Boaters World - Islamorada - FL303,,FL,Islamorada,2026-08-13,2026-08-13,,2019,Boat,Used,,43.71,7.06,wstoutimore,,60,9.24,3850,5380,false,,,10.74,Core,Core,0.98,0,,0,47925,778,Source One Financial Services,FL, dawson oesch,1,1,FL303,Core
249149,rsimmons,13149,144,Decline,GARLANDS RV OF TENNESSEE - TN122,,TN,SPRINGVILLE,2026-08-13,,,2026,RV,New,,35.25,2.98,jsmith,,3,13.74,1300,1300,false,,,14.74,Silver 1,Silver 1,0.63,0,,0,20721,651,Source One Financial Services,KY, howard willis,0,0,TN122,Silver
249196,thovey,47519.5,180,Pending,Nelson RV -AZ233,,AZ,Tucson,2026-08-13,,,2019,RV,Used,,31.09,10.59,edominguez,,,10.49,4000,4000,false,,,11.99,Core,Not Applicable,1.02,0,,0,46400,748,Connexus Credit Union,AZ,,0,0,AZ233,Not Applicable
249034,sbaker,48569.7,180,Auto Approval,STOKLEYS MARINE - KY120,,KY,NICHOLASVILLE,2026-08-13,2026-08-13,,2025,Boat,New,,43.42,8.24,jharrington1,,18,7.49,8000,8000,false,,,8.99,Core,Core,0.92,0,,0,52957,809,Source One Financial Services,KY, erin tuttle,1,1,KY120,Core
249023,,26736.75,180,Auto Decline,Boaters World - Bradenton - FL229,,FL,Bradenton,2026-08-13,,,2018,Boat,Used,,69.95,8.19,wstoutimore,,0,16.24,0,3000,false,,,17.24,Silver 2,Silver 2,0.74,0,,0,36205,633,Source One Financial Services,FL,,0,0,FL229,Silver
249215,eavila,103438.98,240,Conditional Approval,Blue Compass RV - Austin - TX522,Blue Compass,TX,Buda,2026-08-13,2026-08-13,,2026,RV,Used,,30.56,8.25,gott,,20,8.99,16300,36300,false,,,10.49,Core,Core,1.12,0,,0,92450,751,Source One Financial Services,TX, caleb munoz,1,1,TX522,Core
249029,mlomedico,41445,180,Auto Approval,Intercoastal Financial Group LLC - 17401746,IFG,FL,Vero Beach,2026-08-13,2026-08-13,,2015,Boat,Used,,37.79,4.22,S1House,,49,10.49,7300,7300,false,,,11.74,Core,Core,1.14,0,,0,36495,743,Source One Financial Services,TX, michael hunt,1,1,17401746,Core
249203,mlomedico,40721.58,240,Auto Approval,Extreme Sport Boats - EAR106,EPIC,AR,Rogers,2026-08-13,2026-08-13,,2022,Boat,Used,,24,8.46,S1House,,59,7.99,4000,4000,false,,,9.49,Core,Core,0.99,0,,0,41135,826,Source One Financial Services,KS, mia williams,1,1,EAR106,Core
249210,mlomedico,21898,144,Decline,Bob Hurley RV-Tulsa OK137,,OK,Tulsa,2026-08-13,,,2026,RV,New,,17.72,5.32,jweller,,10,8.74,1000,1000,false,,,10.24,Core,Core,0.89,0,,0,24515,766,Source One Financial Services,OK, ryan jensen,0,0,OK137,Core
249007,,28206.33,180,Auto Decline,OPTIMUM RV Titusville - FL165,Optimum RV,FL,MIMS,2026-08-13,,,2026,RV,New,643,59.86,4.3,pcarter,,0,14.99,2800,2800,false,,,15.99,Silver 2,Silver 2,1.11,0,,0,25449,625,Source One Financial Services,FL,,0,0,FL165,Silver
249048,mlomedico,18215.33,144,Auto Approval,Blue Compass RV - St. George - UT136,Blue Compass,UT,Hurrican,2026-08-13,2026-08-13,,2026,RV,New,705,6.15,1.67,ljablonoski,,48,8.74,500,500,false,,,10.24,Core,Core,1.09,0,,0,16725,766,Source One Financial Services,NV, patricia loster,1,1,UT136,Core
249172,,26106.93,180,Auto Decline,JAKES RV - GA139,,GA,WARNER ROBINS,2026-08-13,,,2021,RV,Used,,9.12,7.65,jsmith,,0,22.99,0,0,false,,,23.99,Bronze,Bronze,1.08,0,,,24100,474,Source One Financial Services,GA,,0,0,GA139,Business First
249223,,19815,180,Pending,"Lone Star RV Sales, INC -TX206",,TX,Houston,2026-08-13,,,2023,RV,Used,725,38.43,1.44,gott,,,10.74,5000,5000,false,,,12.24,Core,Core,0,0,,0,0,682,Source One Financial Services,TX,,0,0,TX206,Core
249084,ahunt,11744,120,Auto Approval,Lookout Marine - EKY106,EPIC,KY,Somerset,2026-08-13,2026-08-13,,2013,Boat,Used,,32.34,2.6,S1House,,23,9.49,2155,2155,false,,,10.99,Core,Core,1.05,0,,0,11185,792,Source One Financial Services,KY, mia williams,1,1,EKY106,Core
249058,Jhill,47204.1,204,Auto Approval,MCLAUGHLINS RV and MARINE -ND112,,ND,FARGO,2026-08-13,2026-08-13,,2026,Boat,New,814,33.17,3.38,dzilberchtein,,415,7.49,1000,1000,false,,,8.99,Core,Core,1.1,0,,0,42889,864,Source One Financial Services,ND, nate thompson,1,1,ND112,Core
249219,eavila,32133.3,180,Decline,TRIPLE H RVS - AL119,,AL,HALEYVILLE,2026-08-13,,,2022,RV,Used,,30.59,4.45,jsmith,,17,22.99,3500,10000,false,,,23.99,Silver 1,Silver 1,1.06,0,,0,30360,651,Source One Financial Services,TX, jake rogers,0,0,AL119,Silver
249036,hhisek,100000,240,Approved,Grander Marine LLC - AL162,,AL,Orange Beach,2026-08-13,2026-08-13,,2027,Boat,New,,9.66,8.57,jsmith,,16,9.99,180602.1,180602.1,false,,,11.49,Core,Core,0.36,0,,0,276222,716,Source One Financial Services,AL, keaton coleman,1,1,AL162,Core
249045,Jhill,33585.28,180,Decline,Union City Marine - ETN113,EPIC,TN,Union City,2026-08-13,,,2027,Boat,New,,41.6,8.02,S1House,,22,13.74,0,6700,false,,,14.74,Silver 1,Silver 1,1.19,0,,0,28272.77,660,Source One Financial Services,TN, mark roberts,0,0,ETN113,Silver
249157,Jhill,104775,240,Decline,MarineMax - Greenville - SC153,Marine Max,SC,Greenville,2026-08-13,,,2026,Boat,New,643,32.86,7.48,S1House,,20,12.49,12000,12000,false,,,13.49,Silver 1,Silver 1,0.9,0,,0,116651,661,Source One Financial Services,SC, brandon debose,0,0,SC153,Silver
249030,avera,85427.45,240,Decline,Atlantic Pro - FL333,,FL,Palmetto,2026-08-13,,,2016,Boat,Used,599,33.62,4.67,wstoutimore,,7,14.99,30000,30000,false,,,15.99,Silver 1,Silver 1,0.97,0,,0,88345,654,Source One Financial Services,FL, yelena mikhelson,0,0,FL333,Silver
249123,mlomedico,21400.55,144,Auto Approval,A and L RV SALES LLC -Chocowinity - NC120,,NC,CHOCWINITY,2026-08-13,2026-08-13,,2015,RV,Used,,40.36,6.88,jsmith,,27,10.99,1035,1035,false,,,12.49,Core,Core,0.63,0,,0,33950,716,Source One Financial Services,NC, ryan branch,1,1,NC120,Core
249082,mlomedico,16936.73,144,Decline,BISHS - IDAHO FALLS - ID109,Bish's RV,ID,IDAHO FALLS,2026-08-13,,,2025,RV,Used,,49.71,1.21,ljablonoski,,165,9.99,3500,3500,false,,,11.49,Core,Core,0.86,0,,0,19650,704,Source One Financial Services,SD, todd miillsap,0,0,ID109,Core
249221,eavila,43914.09,120,Pending,Blue Compass RV - Katy - TX571,Blue Compass,TX,Katy,2026-08-13,,,2021,RV,Used,,37.92,9.6,gott,,,22.99,0,15000,false,,,23.99,Silver 1,Not Applicable,0.81,0,,0,53900,653,Ideal Credit Union,TX, adam barragan,0,0,TX571,Not Applicable
249022,,48000.95,180,Auto Decline,Clearwater Marine - FL227,OneWater ,FL,Clearwater,2026-08-13,,,2003,Boat,Used,,0,0,wstoutimore,,0,22.99,15000,15000,false,,,23.99,Bronze,Bronze,0.72,0,,0,66781,,Source One Financial Services,FL,,0,0,FL227,Business First
249126,mnava,18573.7,144,Auto Approval,LEMKE RV LLC - NCA116,,CA,ROCKLIN,2026-08-13,2026-08-13,,2020,RV,Used,716,34.05,1.26,jrubi,,28,8.49,2000,2000,false,,,9.99,Core,Core,0.97,0,,0,19150,782,Source One Financial Services,CA,,1,1,NCA116,Core
248977,sbaker,32054,180,Auto Approval,"Vantage Recreational Finance, Inc. -FL291",VRF,FL,FORT LAUDERDALE,2026-08-13,2026-08-13,,2020,Boat,Used,,44.22,6.35,S1House,,16,10.24,2000,2000,false,,,11.74,Core,Core,1.07,0,,0,29832,737,Source One Financial Services,LA, jennifer richter,1,1,FL291,Core
249155,,73879.13,144,Cancelled,Keystone RV Center  - PA110,Pete's RV,PA,Greencastle,2026-08-13,,,2026,RV,New,,0,0,jharrington1,,,22.99,500,12500,false,,,23.99,Bronze,Bronze,0.99,0,,0,74326,,Source One Financial Services,MD, jen habina,0,0,PA110,Business First
249211,mlomedico,25323,180,Conditional Approval,SMITH MOTOR CO OF HATTIESBURG INC - MS107,,MS,HATTIESBURG,2026-08-13,2026-08-13,,2026,Boat,New,,22.57,3.68,jsmith,,44,12.49,9200,2749.65,false,,,13.49,Silver 1,Silver 1,0.81,0,,0,31318,662,Source One Financial Services,GA, elizabeth aycox,1,1,MS107,Silver
249093,lgrace,189262.7,204,Pending,NewCoast - Boatzon - FL356,Marine Max,FL,Oldsmar,2026-08-13,,,2017,RV,Used,833,22.67,10.91,S1House,,,8.49,25000,25000,false,,,9.99,Core,Not Applicable,0.95,0,,0,198300,850,BMO Harris Bank,PA, chris liseo,0,0,FL356,Not Applicable
248992,sbaker,29651.02,180,Decline,GREAT AMERICAN RV SUPERSTORE-HUNTSVILLE - AL146,,AL,TANNER,2026-08-13,,,2023,RV,Used,692,48.54,2.45,jsmith,,15,10.74,3000,3000,false,,,12.24,Core,Core,1.08,0,,0,27400,693,Source One Financial Services,AL, joey wright,0,0,AL146,Core
249145,,37594.29,144,Auto Decline,"Ron Hoover Companies of Donna, Inc -Tx277",Ron Hoover,TX,Donna,2026-08-13,,,2026,RV,New,,39.95,8.34,gott,,0,14.99,6000,6000,false,,,15.99,Silver 2,Silver 2,1.2,0,,0,31255,639,Source One Financial Services,TX,,0,0,TX277,Silver
249192,ahunt,16408.58,120,Conditional Approval,GEORGIA RV OUTLET LLC - GA107,,GA,CARTERSVILLE,2026-08-13,2026-08-13,,2022,RV,Used,,6.63,5.79,jsmith,,82,12.49,3900,3900,false,,,12.49,Core,Not Applicable,1,0,,0,16450,687,Connexus Credit Union,GA, shawn deuber,1,1,GA107,Not Applicable
249156,rsimmons,38097,180,Auto Approval,NewCoast - Boatzon - FL356,Marine Max,FL,Oldsmar,2026-08-13,2026-08-13,,2014,Boat,Used,,16.43,6.9,S1House,,44,10.99,3800,3800,false,,,12.49,Core,Core,0.72,0,,0,52650,755,Source One Financial Services,AR, christopher rogers,1,1,FL356,Core
249174,pmeza,32997.54,180,Auto Approval,Bish's RV of Fairfield - SCA178,Bish's RV,CA,Fairfield,2026-08-13,2026-08-13,,2021,RV,Used,764,18.34,2.54,jrubi,,33,7.99,24087,4800,false,,,9.49,Core,Core,1.2,0,,0,27450,838,Source One Financial Services,CA, david mcclanahan,1,1,SCA178,Core
249107,sdelarosa,118628.62,204,Conditional Approval,General RV - Elizabethtown - PA112,General RV,PA,Elizabethtown,2026-08-13,2026-08-13,,2027,RV,New,,46.66,10.69,jharrington1,,35,8.74,85000,85000,false,,,10.24,Core,Core,0.67,0,,0,176509,765,Source One Financial Services,MD, ray arnett,1,1,PA112,Core
248984,hhisek,65999,180,Decline,"Vantage Recreational Finance, Inc. -FL291",VRF,FL,FORT LAUDERDALE,2026-08-13,,,2016,RV,Used,,23.8,10.46,S1House,,31,9.74,6000,6000,false,,,11.24,Core,Core,0.92,0,,0,71400,775,Source One Financial Services,CA, james pearson,0,0,FL291,Core
249053,,49937,180,Auto Decline,Lerch RV- PA121,,PA,Milroy,2026-08-13,,,2027,RV,New,,79.86,20.37,jharrington1,,0,9.99,2200,9163,false,,,11.49,Core,Core,1.16,0,,0,42920,715,Source One Financial Services,PA,,0,0,PA121,Core
249033,,28235.8,180,Auto Decline,Blue Compass RV - Park City-KS117,Blue Compass,KS,Park City,2026-08-13,,,2027,RV,New,,27.53,6.67,jweller,,0,14.99,3000,3000,false,,,15.99,Silver 2,Silver 2,0.91,0,,0,31078,629,Source One Financial Services,OK,,0,0,KS117,Silver
249105,mnava,46323.95,180,Decline,Heartland Marine -MO131,,MO,Sunrise Beach,2026-08-13,,,2012,Boat,Used,,63.77,5.14,jweller,,14,8.99,10000,10000,false,,,10.49,Core,Core,0.96,0,,0,48400,863,Source One Financial Services,ND, ashley maass,0,0,MO131,Core
248982,avera,190696.3,216,Auto Approval,NewCoast - Boatzon - FL356,Marine Max,FL,Oldsmar,2026-08-13,2026-08-13,,2013,Boat,Used,,19.53,11.23,S1House,,163,11.24,140000,140000,false,,,12.74,Core,Core,0.72,0,,0,266031,740,Source One Financial Services,FL, michael mclamb,1,1,FL356,Core
249039,sbaker,55080.23,240,Decline,Blue Compass - Mobile - AL170,Blue Compass,AL,Theodore,2026-08-13,,,2021,RV,Used,,54.46,9.83,jsmith,,13,9.99,2000,9000,false,,,11.49,Core,Core,1.03,0,,0,53460,759,Source One Financial Services,MS, dylan howard,0,0,AL170,Core
249077,rsimmons,12506.72,144,Approved,Fun Town RV Orange LP - TX468,Fun Town,TX,Orange,2026-08-13,2026-08-13,,2026,RV,New,,21.81,4.93,gott,,8,12.49,8500,8500,false,,,13.49,Silver 1,Silver 1,0.71,0,,0,17586,676,Source One Financial Services,TX, nicholas quicksell,1,1,TX468,Silver
249016,hhisek,22517.87,180,Auto Approval,CAMPERS RV CENTER - LA103,,LA,SHREVEPORT,2026-08-13,2026-08-13,,2026,RV,New,,23.49,2.96,gott,,383,10.24,1000,1000,false,,,11.74,Core,Core,0.85,0,,0,26638,683,Source One Financial Services,LA, dustin pinkston,1,1,LA103,Core
249216,eavila,85199.32,240,Auto Approval,General RV - West Chester - PA113,General RV,PA,West Chester,2026-08-13,2026-08-13,,2026,RV,New,,23.65,5.46,jharrington1,,33,9.49,12000,12000,false,,,10.99,Core,Core,0.79,0,,0,107347,717,Source One Financial Services,DE, michael quigley,1,1,PA113,Core
249091,rsimmons,69617.15,204,Conditional Approval,Gil Cherry Family RV Center LLC -TX130,,TX,Sweetwater,2026-08-13,2026-08-13,,2027,RV,New,,39.01,9.51,gott,,20,9.49,8000,8454,false,,,9.49,Core,Core,1.13,0,,0,61776,755,Source One Financial Services,TX, zach burwick,1,1,TX130,Core
248987,hhisek,20133.29,180,Decline,Rock Solid Funding LLC - TX536,RSF,TX,BEDFORD,2026-08-13,,,2017,RV,Used,521,12.59,2.11,S1House,,39,10.49,1930,1930,false,,,11.99,Core,Core,0.85,0,,0,23550,753,Source One Financial Services,TX, caleb grassi,0,0,TX536,Core
249195,mlomedico,53967.87,120,Auto Approval,Germaine Marine/Tige Performance LLC -AZ131,,AZ,Mesa,2026-08-13,2026-08-13,,2014,Boat,Used,682,22.89,3.42,edominguez,,39,10.24,5500,5500,false,,,11.74,Core,Core,1.04,0,,0,52063,763,Source One Financial Services,AZ, reed whiting,1,1,AZ131,Core
249150,rsimmons,99827.31,240,Pending,Premier Yamaha Boating Center/Aransas -TX209,,TX,Aransas,2026-08-13,2026-08-13,,2026,Boat,New,629,22.22,2.61,gott,,40,9.99,40000,8500,false,,,11.49,Core,Core,1.61,0,,0,62165,711,Source One Financial Services,TX, charles ferguson,0,0,TX209,Core
249008,,35599.7,180,Auto Decline,MarineMax - Greenville - SC153,Marine Max,SC,Greenville,2026-08-13,,,2026,Boat,New,,32.44,6.07,S1House,,0,22.99,4000,4000,false,,,23.99,Bronze,Bronze,0.9,0,,0,39411,606,Source One Financial Services,NC,,0,0,SC153,Business First
249166,mnava,26267.67,180,Decline,Blue Compass RV - Danville - VA125,Blue Compass,VA,Ringgold,2026-08-13,,,2026,RV,New,664,27.17,7.61,jsmith,,14,13.74,4000,4000,false,,,14.74,Silver 1,Silver 1,0.69,0,,0,38190,658,Source One Financial Services,NC, joshua kelley,0,0,VA125,Silver
249201,eavila,33622.52,240,Pending,Blue Compass RV - Bakersfield - Sales - NCA145,Blue Compass,CA,Bakersfield,2026-08-13,,,2024,RV,Used,,45.43,7.67,jrubi,,26,10.24,30000,30000,false,,,11.74,Core,Core,0.46,0,,0,73050,693,Source One Financial Services,CA, matthew siemens,0,0,NCA145,Core
249110,hhisek,174010.33,240,Decline,BLUE COMPASS RV - DALLAS - TX147,Blue Compass,TX,Mesquite,2026-08-13,,,2027,RV,New,,0,0,gott,,11,22.99,18000,18000,true,,,24.99,Business First,Business First,0.98,0,,0,178381.75,,Source One Financial Services,TX, canyon downing,0,0,TX147,Business First
249131,rsimmons,24839.99,180,Conditional Approval,Conroy Motorsports - TX504,,TX,Mount Pleasant,2026-08-13,2026-08-13,,2017,Boat,Used,,23.42,2.56,gott,,20,10.99,2500,2500,false,,,12.49,Core,Core,0.93,0,,0,26605,710,Source One Financial Services,TX,,1,1,TX504,Core
249175,rsimmons,61130.3,180,Decline,TRIPLE H RVS - AL119,,AL,HALEYVILLE,2026-08-13,,,2026,RV,New,,31.81,5.66,jsmith,,9,13.74,3500,7000,false,,,14.74,Silver 1,Silver 1,1.15,0,,0,53307,651,Source One Financial Services,TX, tyler spann,0,0,AL119,Silver
249106,avera,11720,120,Approved,ADVENTURE MOTORHOMES - SC118,,SC,GREEER,2026-08-13,2026-08-13,,2019,RV,Used,,41.58,3.53,jsmith,,35,10.74,0,0,false,,,12.24,Core,Core,0.91,0,,0,12900,721,Source One Financial Services,SC, keith palmer,1,1,SC118,Core
249140,mnava,43090,180,Pending,Mid America RV -MO104,,MO,Carthage,2026-08-13,2026-08-13,,2027,RV,New,,24,2.36,jweller,,14,9.49,0,0,false,,,10.99,Core,Core,1.23,0,,0,35108,743,Source One Financial Services,KS, josh schmutz,0,0,MO104,Core
249169,thovey,15255,144,Auto Approval,AVRV - MO232,,MO,OFallon,2026-08-13,2026-08-13,,2018,RV,Used,695,28.44,2.15,jweller,,34,10.74,3000,3000,false,,,12.49,Core,Core,1.11,0,,0,13700,739,Source One Financial Services,IL,,1,1,MO232,Core
249193,pmeza,18000.71,120,Approved,General RV Center - South Weber - UT132,General RV,UT,South Weber,2026-08-13,2026-08-13,,2018,RV,Used,,13.26,2.74,ljablonoski,,56,11.99,3500,3500,false,,,12.49,Core,Not Applicable,0.95,0,,0,18865,686,Connexus Credit Union,TX, troy tebbs,1,1,UT132,Not Applicable
249136,eavila,14573.1,120,Conditional Approval,Blue Compass RV - Bakersfield - Sales - NCA145,Blue Compass,CA,Bakersfield,2026-08-13,2026-08-13,,2019,RV,Used,,17.74,4.24,jrubi,,30,9.74,3100,3100,false,,,11.24,Core,Core,0.85,0,,0,17050,772,Source One Financial Services,CA, martha quiroz,1,1,NCA145,Core
249164,hhisek,33013.35,180,Auto Approval,Fun Town RV- Waco-TX212,Fun Town,TX,Hewitt,2026-08-13,2026-08-13,,2026,RV,New,,29.06,5.71,gott,,14,10.24,3000,3000,false,,,11.74,Core,Core,0.89,0,,0,37211,689,Source One Financial Services,TX, eric cuffee,1,1,TX212,Core
248981,lgrace,61002.75,240,Decline,Blue Compass RV - Charlotte - NC153,Blue Compass,NC,Concord,2026-08-13,,,2026,RV,New,,24.21,7.97,jsmith,,8,10.24,500,8206,false,,,11.74,Core,Core,1.13,0,,0,53905,694,Source One Financial Services,SC, josh ball,0,0,NC153,Core
249127,avera,35323.51,204,Auto Approval,Old Salt Marine - FL234,,FL,Lakeland,2026-08-13,2026-08-13,,2026,Boat,New,,39.78,4.88,wstoutimore,,68,9.74,2000,2000,false,,,11.24,Core,Core,1.23,0,,0,28618,727,Source One Financial Services,TX, dean old salt,1,1,FL234,Core
249064,Jhill,55080.23,204,Conditional Approval,Blue Compass - Mobile - AL170,Blue Compass,AL,Theodore,2026-08-13,2026-08-13,,2021,RV,Used,679,40.69,5.11,jsmith,,25,9.99,2000,9000,false,,,11.49,Core,Core,1.13,0,,0,48600,759,Source One Financial Services,MS, dylan howard,1,1,AL170,Core
249128,eavila,56401,240,Approved,Intercoastal Financial Group LLC - 17401746,IFG,FL,Vero Beach,2026-08-13,2026-08-13,,2023,Boat,New,,31.99,3.74,S1House,,23,10.24,6275,6275,false,,,11.49,Core,Core,0.66,0,,0,85445,722,Source One Financial Services,MS, julie gaines,1,1,17401746,Core
249177,sflynn,89468.41,240,Approved,Impact Marine LLC - EGA112,EPIC,GA,Cumming,2026-08-13,2026-08-13,,2019,Boat,Used,852,24.09,4.16,S1House,,15,8.49,10000,162.91,false,,,9.99,Core,Core,0.95,0,,0,93950,832,Source One Financial Services,TN, jp lixie,1,1,EGA112,Core
249104,rsimmons,15491.2,144,Decline,Ketelsen RV - IA121,,IA,Hiawatha,2026-08-13,,,2015,RV,Used,513,29.74,2.52,gcoulombe,,4,14.99,2000,2000,false,,,15.99,Silver 1,Silver 1,0.99,0,,0,15600,658,Source One Financial Services,OH, brandon skaggs,0,0,IA121,Silver
249161,Jhill,25512,180,Decline,Texas Marine Conroe - TX355,OneWater ,TX,Conroe,2026-08-13,,,2026,Boat,New,587,55.94,2.56,gott,,3,12.49,25000,25000,false,,,13.49,Silver 1,Silver 1,0.65,0,,0,39042,664,Source One Financial Services,TX, jason collier,0,0,TX355,Silver
249188,hhisek,40403.78,180,Decline,Optimum RV - La Feria - TX512,Optimum RV,TX,La Ferua,2026-08-13,,,2026,RV,New,594,20.7,4.8,gott,,5,9.99,2500,2500,false,,,11.49,Core,Core,1.08,0,,0,37239,717,Source One Financial Services,TX, hector cruz,0,0,TX512,Core
249186,hhisek,10034.97,120,Decline,RV Station LTD - Tyler -TX324,,TX,Tyler,2026-08-13,,,2018,RV,Used,,33.54,2.6,gott,,3,14.99,3000,6000,false,,,15.99,Silver 1,Silver 1,0.55,0,,0,18260,654,Source One Financial Services,TX, james chadwick,0,0,TX324,Silver
249088,pmeza,43075,204,Auto Approval,MARIETTA MARINE - GA102,,GA,ACWORTH,2026-08-13,2026-08-13,,2012,Boat,Used,794,27.67,1.27,jsmith,,35,8.74,8000,8000,false,,,10.24,Core,Core,0.91,0,,0,47325,864,Source One Financial Services,OH, danielle evans,1,1,GA102,Core
249162,eavila,74734.31,180,Conditional Approval,RV STATION LLC - COLBERT - OK125,,OK,COLBERT,2026-08-13,2026-08-13,,2021,RV,Used,,21.63,5.41,jweller,,28,13.24,74500,74500,false,,,14.24,Silver 1,Silver 1,0.51,0,,0,145450,671,Source One Financial Services,NE, calvin parrish,1,1,OK125,Silver
249151,Jhill,237298,240,Decline,NewCoast - Boatzon - FL356,Marine Max,FL,Oldsmar,2026-08-13,,,2024,Boat,Used,,59.53,12.8,S1House,,25,7.24,80000,80000,false,,,8.74,Core,Core,1,0,,0,238150,847,Source One Financial Services,MD, ian woodward,0,0,FL356,Core
249040,Jhill,32806.6,180,Decline,Johnston RV Center - AL134,,AL,Decatur,2026-08-13,,,2026,RV,New,,9.29,6.64,jsmith,,16,9.99,500,500,false,,,11.49,Core,Core,0.88,0,,0,37100,715,Source One Financial Services,AL, fred skal,0,0,AL134,Core
248999,sbaker,29194.95,180,Approved,Kuhn Truck and RV - OH196,Canopy Financial,OH,Sherwood,2026-08-13,2026-08-13,,2027,RV,New,771,16.72,2.77,jharrington1,,9,7.49,7500,7500,false,,,8.99,Core,Core,0.98,0,,0,29814,847,Source One Financial Services,OH, matt kurtz,1,1,OH196,Core
249066,mnava,14006.33,144,Decline,Nice Campers.com-AR129,,AR,Russellville,2026-08-13,,,2026,RV,New,,53.39,2.92,jweller,,10,9.74,0,4000,false,,,11.24,Core,Core,0.78,0,,0,17923.15,722,Source One Financial Services,AR, mike dolente,0,0,AR129,Core
249212,mlomedico,90205.56,180,Auto Approval,RV Value Mart-Willow ST-PA124,,PA,Willow Street,2026-08-13,2026-08-13,,2022,RV,Used,,26.57,7.42,jharrington1,,33,7.99,4455,4455,false,,,9.49,Core,Core,0.7,0,,0,128350,862,Source One Financial Services,WV, tyler ashley,1,1,PA124,Core
249096,,98551.19,240,Cancelled,LDRV of Tampa - FL340,Campers Inn,FL,Seffner,2026-08-13,,,2026,RV,New,,0,0,wstoutimore,,,22.99,1000,6500,false,,,23.99,Bronze,Bronze,1.12,0,,0,88235,,Source One Financial Services,FL, jason rubin,0,0,FL340,Business First
249185,hhisek,15420,144,Approved,"Holman Motors, Inc. -OH111",,OH,Batavia,2026-08-13,2026-08-13,,2019,RV,Used,,15.8,2.65,jharrington1,,9,10.99,0,0,false,,,12.49,Core,Core,1.09,0,,0,14200,713,Source One Financial Services,OH,,1,1,OH111,Core
248991,sbaker,54281.75,180,Decline,Casita Travel Trailers - TX563,RDS,TX,Rice,2026-08-13,2026-08-13,,2026,RV,New,,28.84,6.98,gott,,223,7.74,6000,6000,false,,,8.74,Core,Not Applicable,1.07,0,,0,50738,722,Connexus Credit Union,TN, andy krier,0,0,TX563,Not Applicable
249202,eavila,53665.71,180,Decline,AIRPORT MARINE INC - AL102,,AL,ALABASTER,2026-08-13,,,2020,Boat,Used,,23.6,10.7,jsmith,,62,13.24,5000,10000,false,,,14.24,Silver 1,Not Applicable,0.86,0,,0,62190,676,Connexus Credit Union,AL, tim boutwell,0,0,AL102,Not Applicable
249178,Jhill,23741.75,180,Decline,Fox Lake Harbor - IL105,,IL,Fox Lake,2026-08-13,,,2015,Boat,Used,,59.29,4.21,gcoulombe,,4,13.24,8000,8000,false,,,14.74,Core,Core,0.91,0,,0,26000,680,Source One Financial Services,IL, jeff ernst,0,0,IL105,Core
249095,pmeza,12883.56,120,Auto Approval,Blue Compass RV - Seguin - TX573,Blue Compass,TX,Sequin,2026-08-13,2026-08-13,,2026,RV,New,,18.9,6,gott,,21,9.74,1295,1295,false,,,11.24,Core,Core,0.79,0,,0,16279,722,Source One Financial Services,TX, gus ponce,1,1,TX573,Core
249019,avera,27287,120,Decline,CENTRAL KY BOAT AND RV SALES - KY108,,KY,RICHMOND,2026-08-13,,,2022,RV,Used,,34.17,3.82,jharrington1,,12,22.99,0,0,false,,,23.99,Core,Core,0,0,,0,0,722,Source One Financial Services,KY,,0,0,KY108,Core
249167,Jhill,24318.39,180,Conditional Approval,Spend-A-Day Marina -OH125,OneWater ,OH,Russels Point,2026-08-13,2026-08-13,,2011,Boat,Used,,44.81,5.37,jharrington1,,14,11.49,2500,2500,false,,,12.99,Core,Core,1.28,0,,0,18995,713,Source One Financial Services,OH, brittany daniel,1,1,OH125,Core
249060,Jhill,17940.29,180,Decline,Rock Solid Funding LLC - TX536,RSF,TX,BEDFORD,2026-08-13,,,2015,RV,Used,,14.39,1.99,S1House,,34,11.24,0,0,false,,,12.74,Core,Core,0.91,0,,0,19800,689,Source One Financial Services,DE, trevor bescherer,0,0,TX536,Core
249076,,32910.37,180,Auto Decline,JAKES RV - GA139,,GA,WARNER ROBINS,2026-08-13,,,2023,RV,Used,,15.27,11.38,jsmith,,0,22.99,0,0,false,,,23.99,Bronze,Bronze,0.8,0,,,41000,,Source One Financial Services,GA,,0,0,GA139,Business First
249213,mlomedico,9501.74,60,Pending,Blue Compass RV - Katy - TX571,Blue Compass,TX,Katy,2026-08-13,,,2013,RV,Used,,15.22,2.6,gott,,,13.74,2500,2500,false,,,13.74,Core,Core,1.23,0,,0,7700,730,Source One Financial Services,OK, kevin miranda,0,0,TX571,Core
249102,hhisek,28178.23,180,Approved,RV's Of America - Duncan - SC130,,SC,Duncan,2026-08-13,2026-08-13,,2026,RV,Used,,28.78,3.05,jsmith,,115,9.99,0,0,false,,,11.49,Core,Core,0.82,0,,0,34300,707,Source One Financial Services,IN, dakota giardino,1,1,SC130,Core
249070,mlomedico,65057.61,240,Auto Approval,MCLAUGHLINS RV and MARINE -ND112,,ND,FARGO,2026-08-13,2026-08-13,,2026,Boat,New,722,47.61,5.48,dzilberchtein,,33,9.74,0,5950,false,,,11.24,Core,Core,0.96,0,,0,67487,751,Source One Financial Services,MN, jess mclaughlin,1,1,ND112,Core
249044,Jhill,20608.16,180,Decline,AC Nelsen RV World -MN5005,,MN,SHAKOPEE,2026-08-13,,,2020,RV,Used,,5.37,3.94,dzilberchtein,,4,15.74,0,0,false,,,16.74,Silver 1,Silver 1,0.93,0,,0,22100,640,Source One Financial Services,MN, eric scott,0,0,MN5005,Silver
249055,mnava,53700.85,240,Decline,Fun Town RV - Little Rock - AR126,Fun Town,AR,Bryant,2026-08-13,,,2023,RV,Used,706,33.21,5.12,jweller,,46,10.49,7570,15339.04,false,,,11.99,Core,Not Applicable,1,0,,0,53700,719,Connexus Credit Union,AR, joe wright,0,0,AR126,Not Applicable
248993,sbaker,169294.43,180,Conditional Approval,Rock Solid Funding LLC - TX536,RSF,TX,BEDFORD,2026-08-13,2026-08-13,,2025,RV,New,869,46.8,13.25,S1House,,56,7.49,61000,0,false,,,8.99,Core,Core,1.25,0,,0,135693,801,Source One Financial Services,ID, ashley rogers,1,1,TX536,Core
249075,avera,19706.42,144,Auto Decline,Hufnagel and Majors Inc - PA109,,PA,Harmony,2026-08-13,2026-08-13,,2027,RV,New,,56.37,5.22,jharrington1,,196,13.74,2000,2000,false,,,14.74,Silver 1,Silver 1,0.67,0,,0,29370,648,Source One Financial Services,PA, anthony talerico,0,0,PA109,Silver
249014,rsimmons,26931.01,180,Decline,Southern Mud Sports of Lower Alabama - AL166,,AL,Loxley,2026-08-13,,,2026,Boat,New,,15.09,2.67,jsmith,,28,10.24,5000,5000,false,,,11.74,Core,Core,1.88,0,,0,14345.65,686,Source One Financial Services,MS, jeff cantey,0,0,AL166,Core
249207,thovey,26992.72,144,Pending,CAMPERS INN RV OF MADISON - AL116,Campers Inn,AL,MADISON,2026-08-13,,,2018,RV,Used,,23.93,4.03,jsmith,,,13.74,2800,2800,false,,,14.74,Silver 1,Not Applicable,0.99,0,,0,27300,679,Connexus Credit Union,AL, robert orwat,0,0,AL116,Not Applicable
248985,hhisek,35060.82,180,Auto Approval,Ashley Marine - Panama City -  FL255,,FL,Panama City,2026-08-13,2026-08-13,,2026,Boat,New,,29.29,2.3,wstoutimore,,131,7.49,0,37500,false,,,8.99,Core,Core,0.52,0,,0,67700,861,Source One Financial Services,AL, amy silas,1,1,FL255,Core
249139,pmeza,42717.02,180,Auto Approval,LEMKE RV LLC - NCA116,,CA,ROCKLIN,2026-08-13,2026-08-13,,2020,RV,Used,,21.38,10.44,jrubi,,35,10.74,5000,5000,false,,,12.24,Core,Core,1.15,0,,0,37300,694,Source One Financial Services,CA,,1,1,NCA116,Core
249083,,13031.25,120,Auto Decline,"Campers Inn RV of Myrtle Beach, Inc - SC109",Campers Inn,SC,Myrtle Beach,2026-08-13,,,2016,RV,Used,,18.56,3.7,jsmith,,12,22.99,3000,3000,true,,,24.99,Business First,Business First,0.84,0,,0,15565,,Source One Financial Services,NC, sean kwant,0,0,SC109,Business First
249163,,19466.51,180,Auto Decline,JAKES RV - GA139,,GA,WARNER ROBINS,2026-08-13,,,2022,RV,Used,,34.56,9.7,jsmith,,0,22.99,0,0,false,,,23.99,Bronze,Bronze,0.91,0,,,21350,541,Source One Financial Services,GA,,0,0,GA139,Business First
249137,,66839.5,240,Auto Decline,BLUE COMPASS RV  DES MOINES-IA222,Blue Compass,IA,ALTOONA,2026-08-13,,,2026,RV,New,,45.96,6.08,gcoulombe,,0,12.49,6500,6500,false,,,13.49,Silver 1,Silver 1,1.05,0,,0,63654,673,Source One Financial Services,IA,,0,0,IA222,Silver
249117,lgrace,37058.92,180,Auto Approval,The Outpost RV Inc -IN144,,IN,Middlebury,2026-08-13,2026-08-13,,2027,RV,New,,39.68,4.81,jharrington1,,68,7.74,500,500,false,,,8.74,Core,Not Applicable,0.98,0,,0,37655,773,Connexus Credit Union,OH,,1,1,IN144,Not Applicable
249078,lgrace,67283,240,Decline,WAGNERS OUTDOOR EXPRESS RV LLC - WV103,Easy Care,WV,FALLING WATERS,2026-08-13,,,2025,RV,New,,28.51,18.26,jharrington1,,14,8.74,10000,10000,false,,,10.24,Core,Core,0.77,0,,0,87278,762,Source One Financial Services,IA, jim lakes,0,0,WV103,Core
249050,thovey,50724,240,Auto Decline,"Kris Willis RV, LLC -MO127",,MO,Dexter,2026-08-13,,,2027,RV,New,,64.4,8.35,jweller,,68,14.99,10000,26000,false,,,15.99,Silver 2,Bronze,0.61,0,,0,83776,606,Source One Financial Services,MO, mikayla hall,0,0,MO127,Silver
249112,rsimmons,102497.24,240,Decline,General RV-Birch Run -MI412,General RV,MI,Birch Run,2026-08-13,,,2026,RV,New,,18.11,9.02,dzilberchtein,,8,9.99,4000,4000,false,,,11.49,Core,Core,0.98,0,,0,104399,717,Source One Financial Services,MI, tim mccorkle,0,0,MI412,Core
249063,thovey,69400.72,204,Conditional Approval,La Mesa RV Center - Albuquerque - NM109,La Mesa,NM,Albuquerque,2026-08-13,2026-08-13,,2026,RV,Used,,4.54,3.99,edominguez,,47,7.74,16000,16000,false,,,9.24,Core,Core,0.61,0,,0,114000,795,Source One Financial Services,NM, leon garcia,1,1,NM109,Core
249222,,180495,240,Pending,MY RV SD - SCA112,,CA,EL CAJON,2026-08-13,,,2026,RV,New,,48.1,11.29,jrubi,,,9.74,12000,12000,false,,,11.24,Core,Core,1.14,0,,0,158946,731,Source One Financial Services,CA,,0,0,SCA112,Core
249097,pmeza,20888.03,204,Auto Approval,Blue Compass-RV KC - Grain Valley - MO121,Blue Compass,MO,Grain Valley,2026-08-13,2026-08-13,,2026,RV,New,840,3.24,1.55,jweller,,27,7.49,1000,8900,false,,,8.99,Core,Core,0.77,0,,0,27215.25,833,Source One Financial Services,KS, aaron shockey,1,1,MO121,Core
248988,thovey,178422.79,240,Conditional Approval,Rock Solid Funding LLC - TX536,RSF,TX,BEDFORD,2026-08-13,2026-08-13,,2022,RV,Used,,14.2,5.86,S1House,,48,8.74,18000,18000,false,,,10.24,Core,Core,0.95,0,,0,187600,780,Source One Financial Services,VA, serena pulliam,1,1,TX536,Core
248976,lgrace,40754.6,120,Conditional Approval,MURPHY RV LLC - FL184,,FL,MELBOURNE,2026-08-13,2026-08-13,,2017,RV,Used,645,29.1,4.28,pcarter,,102,10.05,8700,8700,false,,,10.8,Core,Not Applicable,1,0,,0,40874,738,Ideal Credit Union,FL, bristol litfin,1,1,FL184,Not Applicable
249068,mlomedico,131380,180,Decline,Noteboom RV LLC- Harrisburg -SD106,,SD,Harrisburg,2026-08-13,,,2026,RV,New,,59.05,19.2,dzilberchtein,,67,9.74,2000,2000,false,,,11.24,Core,Core,1.17,0,,0,112070,723,Source One Financial Services,SD, finance noteboom rv,0,0,SD106,Core
249005,rsimmons,15351.75,144,Decline,SMITH MOTOR CO OF HATTIESBURG INC - MS107,,MS,HATTIESBURG,2026-08-13,,,2026,Boat,New,,61.93,1.4,jsmith,,7,7.49,10000,10000,false,,,8.99,Core,Core,0.66,0,,0,23142,865,Source One Financial Services,FL, elizabeth aycox,0,0,MS107,Core
249119,mlomedico,34030.23,180,Decline,GIANT RECREATION WORLD DAYTONA - FL176,,FL,Ormond Beach,2026-08-13,,,2013,RV,Used,,43.78,10.44,pcarter,,4,15.49,3500,3500,false,,,16.49,Silver 1,Silver 1,1.38,0,,0,24695,653,Source One Financial Services,MS, peter feldmann,0,0,FL176,Silver
249027,mlomedico,29976.7,180,Auto Approval,DARREN BIDEAUX RV - UT101,,UT,WEST HAVEN,2026-08-13,2026-08-13,,2016,RV,Used,,32.6,6.2,ljablonoski,,9,11.24,25400,25400,false,,,12.74,Core,Core,0.53,0,,0,56500,684,Source One Financial Services,UT, jeff campbell,1,1,UT101,Core
249190,mlomedico,95949,240,Pending,American Water Sports-MO221,,MO,Kimberling City,2026-08-13,2026-08-13,,2025,Boat,Used,788,49.59,6.8,jweller,,22,7.24,50000,50000,false,,,8.74,Core,Core,0.87,0,,0,109710,826,Source One Financial Services,IA, megan miller,0,0,MO221,Core
249043,eavila,161784.86,240,Decline,BRETZ RV & MARINE - NAMPA - ID119,Bretz RV,ID,Nampa,2026-08-13,,,2013,RV,Used,695,38.73,6.54,ljablonoski,,15,8.99,20000,30011,false,,,10.49,Core,Core,0.82,0,,0,198000,833,Source One Financial Services,TX, taylor roby,0,0,ID119,Core
249071,eavila,15817,72,Decline,Edwards Auto Group - IA209,,IA,Council Bluffs,2026-08-13,,,2026,Boat,New,,36.84,5.73,gcoulombe,,13,13.74,0,0,false,,,14.74,Silver 1,Silver 1,1.41,0,,0,11189,651,Source One Financial Services,MO,,0,0,IA209,Silver
249160,hhisek,72670,240,Pending,MarineMax - Houston - TX586,Marine Max,TX,Seabrook,2026-08-13,,,2020,Boat,Used,,35.3,2.94,S1House,,56,15.74,17800,17800,false,,,16.74,Silver 2,Not Applicable,0.86,0,,0,84750,633,Ideal Credit Union,TX, wayne spradley,0,0,TX586,Not Applicable
249122,,31737.95,240,Auto Decline,Markquart RV Columbus LLC-WI739,Markquart,WI,Columbus,2026-08-13,,,2026,RV,New,,15.98,12.4,dzilberchtein,,0,22.99,3200,3200,false,,,23.99,Bronze,Bronze,0.93,0,,0,34046,605,Source One Financial Services,WI,,0,0,WI739,Business First
249184,rsimmons,33970.86,180,Conditional Approval,DeMontrond RV - Texas City - TX514,,TX,Texas city,2026-08-13,2026-08-13,,2020,RV,Used,,21.1,3.72,gott,,14,10.49,1653,1653,false,,,11.99,Core,Core,0.77,0,,0,44200,708,Source One Financial Services,TX, shedrick donnette,1,1,TX514,Core
249026,eavila,17375.44,144,Auto Decline,Uwharrie RV  (740 Motors) - NC125,,NC,Albemarle,2026-08-13,,,2026,RV,New,,50.89,3.5,jsmith,,25,22.99,500,500,false,,,23.99,Bronze,Bronze,0.77,0,,0,22588,558,Source One Financial Services,NC, brian bailey,0,0,NC125,Business First
249012,mlomedico,24015.75,180,Auto Approval,Kellys RV INC-AR133,,AR,Paragould,2026-08-13,2026-08-13,,2022,RV,Used,777,31.04,2.16,jweller,,153,7.99,0,0,false,,,9.49,Core,Core,1.07,0,,0,22550,813,Source One Financial Services,AR, ron richardson,1,1,AR133,Core
249041,,52643,180,Auto Decline,JOHNNY'S RV SUPERSTORE LLC - AL124,,AL,THEODORE,2026-08-13,,,2022,RV,Used,,35.49,5.86,jsmith,,0,15.74,10000,10000,false,,,16.74,Silver 2,Silver 2,0,0,,0,0,624,Source One Financial Services,AL,,0,0,AL124,Silver
249080,hhisek,41543.45,180,Decline,Blue Compass RV - Myrtle Beach - SC143,Blue Compass,SC,29575,2026-08-13,,,2026,RV,New,697,55.73,5.34,jsmith,,14,10.24,0,10000,false,,,11.74,Core,Core,0.73,0,,0,56855,688,Source One Financial Services,NC, sean keib,0,0,SC143,Core
249135,Jhill,48413,180,Decline,"Zoomers RV of Indiana, LLC -IN168",,IN,WABASH,2026-08-13,,,2025,RV,New,602,48.06,4.14,jharrington1,,50,13.74,1000,1000,false,,,14.74,Silver 1,Silver 1,1,0,,0,48180,651,Source One Financial Services,IN, jennifer fuhrman,0,0,IN168,Silver
249183,edominguez,68742.09,180,Decline,Auto Corral RV/AZ Auto Corral LLC -AZ266,,AZ,Mesa,2026-08-13,,,2022,RV,Used,662,57.8,4.53,edominguez,,20,10.49,0,0,false,,,11.99,Core,Core,1.13,0,,0,60700,704,Source One Financial Services,AZ, zac hyzdu,0,0,AZ266,Core
249197,thovey,71845.94,180,Decline,Fun Town RV Amarillo - TX508,Fun Town,TX,Amarillo,2026-08-13,,,2026,RV,New,,12.26,3.15,gott,,68,13.74,8000,8000,false,,,14.74,Silver 1,Silver 1,0.87,0,,0,83055,646,Source One Financial Services,TX, eric adams,0,0,TX508,Silver
249154,mnava,36098.13,180,Decline,Blue Compass RV - Colorado Springs - CO160,Blue Compass,CO,COLORADO SPRINGS,2026-08-13,,,2026,RV,New,,8.44,3.76,dzilberchtein,,22,13.74,5000,5000,false,,,14.74,Silver 1,Silver 1,0.86,0,,0,41732,648,Source One Financial Services,CO, chris manaois,0,0,CO160,Silver
249024,,34052.78,180,Auto Decline,JEFF COUCHS CAMPERS -OH107,Jeff Couchs,OH,Trenton,2026-08-13,,,2027,RV,New,,24.99,3.39,jharrington1,,5,22.99,5000,5000,false,,,23.99,Bronze,Silver 2,0.75,0,,0,45680,622,Source One Financial Services,VA, derek hensley,0,0,OH107,Business First
249200,mlomedico,88072.6,240,Decline,RV'S OF AMERICA - MESA - AZ344,,AZ,MESA,2026-08-13,,,2026,RV,New,,26.22,11.55,edominguez,,30,9.99,10000,10000,false,,,11.49,Core,Core,1.22,0,,0,72300,707,Source One Financial Services,AZ, justin price,0,0,AZ344,Core
249146,mlomedico,43747,120,Conditional Approval,NewCoast - Boatzon - FL356,Marine Max,FL,Oldsmar,2026-08-13,2026-08-13,,2008,Boat,Used,,43.93,2.55,S1House,,51,10.74,23000,23000,false,,,12.24,Core,Core,1.03,0,,0,42340,761,Source One Financial Services,CA, justin veghte,1,1,FL356,Core
249206,thovey,53726.72,240,Decline,Fun Town RV - Nature Coast -FL302,Fun Town,FL,Crystal River,2026-08-13,,,2025,RV,New,,2.28,0.96,wstoutimore,,57,13.74,25000,25000,false,,,14.74,Silver 1,Silver 1,0.64,0,,0,84124,657,Source One Financial Services,FL, bill uttech,0,0,FL302,Silver
249168,pmeza,110154,180,Decline,Mid America RV -MO104,,MO,Carthage,2026-08-13,,,2025,RV,New,,32.01,9.57,jweller,,31,13.74,6000,16000,false,,,14.74,Silver 1,Not Applicable,1.03,0,,0,107305,643,Connexus Credit Union,MO, josh schmutz,0,0,MO104,Not Applicable
249037,hhisek,35431.08,180,Auto Approval,Rocky Ridge RV - Nacogdoches - TX525,Rocky Ridge,TX,Nacogdoches,2026-08-13,2026-08-13,,2026,RV,New,,23.75,9.73,gott,,86,13.49,20000,20000,false,,,14.49,Silver 1,Silver 1,0.65,0,,0,54352,678,Source One Financial Services,LA, troy ansley,1,1,TX525,Silver
249115,,25533.73,180,Auto Decline,OPTIMUM RV Titusville - FL165,Optimum RV,FL,MIMS,2026-08-13,,,2021,RV,Used,,47.17,7.52,pcarter,,6,14.49,0,0,false,,,15.49,Silver 1,Silver 1,0.95,0,,0,26858,643,Source One Financial Services,FL, parker lester,0,0,FL165,Silver
249121,lgrace,46078.92,240,Approved,Blue Compass RV - Raleigh - NC157,Blue Compass,NC,Raleigh,2026-08-13,2026-08-13,,2019,RV,Used,,47.73,4.18,jsmith,,8,8.24,2000,2000,false,,,9.74,Core,Core,1.08,0,,0,42800,831,Source One Financial Services,NC, spencer taylor,1,1,NC157,Core
249047,,32806.6,180,Auto Decline,Johnston RV Center - AL134,,AL,Decatur,2026-08-13,,,2026,RV,New,,22.15,20.63,jsmith,,2,22.99,500,500,false,,,23.99,Bronze,Core,0.88,0,,0,37100,715,Source One Financial Services,AL, fred skal,0,0,AL134,Business First
248975,,11864.75,144,Auto Decline,Boat Connection Sales and Service Inc - EFL122,EPIC,FL,West Palm Beach,2026-08-13,,,1998,Boat,Used,,0,0,S1House,,0,22.99,2000,2000,false,,,23.99,Bronze,Bronze,0.96,0,,0,12310,,Source One Financial Services,FL,,0,0,EFL122,Business First
249101,hhisek,27597.68,180,Auto Approval,Southern Mud Sports LLC - AL165,,AL,Waverly,2026-08-13,2026-08-13,,2026,Boat,New,720,3.81,2.5,jsmith,,5,7.49,2836,2836,false,,,8.99,Core,Core,1.19,0,,0,23215,820,Source One Financial Services,SC, jeff cantey,1,1,AL165,Core
249214,ahunt,32279.28,180,Auto Approval,Clear Creek Camping LLC-TX396,,TX,Abilene,2026-08-13,2026-08-13,,2026,RV,New,,21.55,4.91,gott,,19,9.49,1000,1000,false,,,10.99,Core,Core,1.03,0,,0,31222,760,Source One Financial Services,TX, mark connally,1,1,TX396,Core
249173,rsimmons,102310.7,240,Approved,General RV Center - Wixom - MI446,General RV,MI,Wixom,2026-08-13,2026-08-13,,2026,RV,New,,34.35,10.27,dzilberchtein,,9,9.99,10500,10500,false,,,11.49,Core,Core,1.07,0,,0,95185,700,Source One Financial Services,OH, john sennett,1,1,MI446,Core
249072,,22652.37,180,Auto Decline,Rowley White Auto and RV -AZ262,,AZ,Mesa,2026-08-13,,,2027,RV,New,,49.92,5.15,edominguez,,0,14.99,0,0,false,,,15.99,Silver 2,Silver 2,0.9,0,,0,25100,634,Source One Financial Services,AZ,,0,0,AZ262,Silver
249049,Jhill,35894,180,Decline,Intercoastal Financial Group LLC - 17401746,IFG,FL,Vero Beach,2026-08-13,,,2013,RV,Used,617,40.75,6.52,S1House,,22,15.49,5000,5000,false,,,16.49,Silver 1,Silver 1,1.28,0,,0,28000,650,Source One Financial Services,CT, hunter miller,0,0,17401746,Silver
249015,lgrace,61715.76,240,Decline,"Campers Inn RV of Myrtle Beach, Inc - SC109",Campers Inn,SC,Myrtle Beach,2026-08-13,,,2025,RV,New,,38.71,16.11,jsmith,,7,13.74,0,14000,false,,,14.74,Silver 1,Silver 1,0.84,0,,0,73261,654,Source One Financial Services,FL, autumn quinn,0,0,SC109,Silver
249130,mnava,115697.78,240,Decline,"RV WORLD RECREATION VEHICLE CENTER , LLC - AZ340",,AZ,YUMA,2026-08-13,,,2026,RV,New,701,35.59,11.08,edominguez,,52,9.74,0,63000,false,,,11.24,Core,Not Applicable,0.64,0,,0,179535,726,Connexus Credit Union,AZ, josh ramos,0,0,AZ340,Not Applicable
249103,,48160.71,180,Auto Decline,Blue Compass RV - Surprise - AZ363,Blue Compass,AZ,Surprise,2026-08-13,,,2026,RV,New,,47.63,10.65,edominguez,,0,12.49,2000,2000,false,,,13.49,Silver 1,Silver 1,0.96,0,,0,50362,677,Source One Financial Services,AZ,,0,0,AZ363,Silver
249129,eavila,68948,180,Decline,Intercoastal Financial Group LLC - 17401746,IFG,FL,Vero Beach,2026-08-13,,,2014,RV,Used,,54.34,13.87,S1House,,16,10.24,7000,7000,false,,,11.49,Core,Core,0.87,0,,0,79400,764,Source One Financial Services,AR, stephen jolles,0,0,17401746,Core
249148,eavila,34794,180,Decline,"Vantage Recreational Finance, Inc. -FL291",VRF,FL,FORT LAUDERDALE,2026-08-13,,,2013,RV,Used,617,48.28,7.52,S1House,,19,15.49,5000,5000,false,,,16.49,Silver 1,Silver 1,0.93,0,,0,37575,650,Source One Financial Services,CT, emily stratton,0,0,FL291,Silver
249153,Jhill,18606,144,Conditional Approval,"Lone Star RV Sales, INC -TX206",,TX,Houston,2026-08-13,2026-08-13,,2025,RV,New,,23.83,2.43,gott,,9,7.49,3000,3000,false,,,8.99,Core,Core,0.71,0,,0,26056,827,Source One Financial Services,TX,,1,1,TX206,Core
248980,lgrace,17698.55,180,Decline,ADVENTURE MOTORHOMES - SC118,,SC,GREEER,2026-08-13,,,2026,RV,New,,44.93,1.94,jsmith,,24,14.99,500,10000,false,,,15.99,Silver 1,Silver 1,0.49,0,,0,36283,640,Source One Financial Services,FL, keith palmer,0,0,SC118,Silver
249085,eavila,18952.75,144,Auto Approval,Ice Forts -MN5010,,MN,Brainerd,2026-08-13,2026-08-13,,2023,RV,Used,,32.97,1.66,dzilberchtein,,198,7.99,2000,2000,false,,,8.24,Core,Core,0.9,0,,0,21050,851,Source One Financial Services,WI,,1,1,MN5010,Core
249118,hhisek,40475.65,204,Auto Approval,CAMPERS RV CENTER - LA103,,LA,SHREVEPORT,2026-08-13,2026-08-13,,2026,RV,New,,31.73,4.29,gott,,16,10.24,2500,1760.1,false,,,10.99,Core,Core,1.11,0,,0,36466,681,Source One Financial Services,LA, dustin pinkston,1,1,LA103,Core
249108,,27991.95,180,Auto Decline,BLUE COMPASS RV - LUBBOCK - TX117,Blue Compass,TX,Lubbock,2026-08-13,,,2027,RV,New,,70.91,10.09,gott,,2,22.99,2900,2900,false,,,23.99,Bronze,Silver 1,0.88,0,,0,31705.25,650,Source One Financial Services,TX, walker hale,0,0,TX117,Business First
249006,thovey,197334.85,204,Decline,Jacksonville Marine Inc - FL103,,FL,Fleming Island,2026-08-13,,,2026,Boat,New,,42.99,11.93,pcarter,,31,12.49,13000,18000,false,,,13.49,Silver 1,Silver 1,1.11,0,,0,177856,666,Source One Financial Services,FL, ben fontaine,0,0,FL103,Silver
249067,edominguez,21585.16,144,Decline,Campers Inn - Prescott Valley- AZ329,Campers Inn,AZ,PRESCOTT VALLEY,2026-08-13,,,2023,RV,Used,,70.9,3.78,edominguez,,18,7.99,8000,8000,false,,,9.49,Core,Core,0.68,0,,0,31750,837,Source One Financial Services,AZ, holly stocker,0,0,AZ329,Core
249081,avera,154268.76,109,Auto Approval,LDRV of Tampa - FL340,Campers Inn,FL,Seffner,2026-08-13,2026-08-13,,2024,RV,Used,712,25.44,14.69,wstoutimore,,201,11.24,30000,41659.31,false,,,12.24,Core,Core,0.8,0,,0,192352,750,Source One Financial Services,FL, craig haselbush,1,1,FL340,Core
249020,rsimmons,21849.24,144,Approved,RV Station LTD - Bryan/College Station -TX193,,TX,College Station,2026-08-13,2026-08-13,,2022,RV,Used,809,20.4,1.55,gott,,16,7.99,0,0,false,,,9.49,Core,Core,1,0,,0,21900,814,Source One Financial Services,TX, curtis hunsinger,1,1,TX193,Core
248978,sbaker,28043.55,180,Decline,"Vantage Recreational Finance, Inc. -FL291",VRF,FL,FORT LAUDERDALE,2026-08-13,,,2019,RV,Used,,34.57,9.75,S1House,,16,13.74,0,0,false,,,14.74,Silver 1,Silver 1,0.81,0,,0,34680,679,Source One Financial Services,AL, alphonzo bowe,0,0,FL291,Silver